Date,FinalForecast,Multiplier,EWMA002_forecast,EWMA004_forecast,EWMA008_forecast,EWMA016_forecast,EWMA_NORM_forecast
2021-01-02,,,4.711111111111041,2.1176470588236147,0.856565656565661,0.3257918552036158,0.0
2021-01-03,,,20.0,9.662403523076527,3.9747811815542913,1.526259897179396,20.0
2021-01-04,,,20.0,16.992345995486257,7.714301933606706,3.120959736741749,20.0
2021-01-05,13.565521533166942,1.0,20.0,20.0,10.471586219797503,4.399770767469677,20.0
2021-01-06,15.238698808516896,1.0176587831250627,20.0,20.0,10.670501394637864,4.560912763973205,20.0
2021-01-07,15.1330700897666,1.0057680198501529,20.0,20.0,12.16824889055486,5.594273260893637,20.0
2021-01-08,15.619515054502795,1.004308670961224,20.0,20.0,13.993268618754476,6.879963680293988,20.0
2021-01-09,16.25195508186909,1.004779617424807,20.0,20.0,15.725908412763095,8.103274401510603,20.0
2021-01-10,16.906138180181127,1.0083683040091915,12.683628608761088,19.22147427410324,15.410309165633905,8.568968363770821,20.0
2021-01-11,15.300554148026368,1.0081491121691073,2.77404898092964,13.996855697750895,14.057685717861066,8.610848167636263,20.0
2021-01-12,11.990964913972988,1.008670775130734,2.714155841106688,12.173187671130192,13.761716975089657,9.051472934754836,20.0
2021-01-13,11.691701629059377,1.0131363555631434,7.375585125211052,12.745468557931996,14.040826384888064,9.572150336557282,20.0
2021-01-14,13.025828253949767,1.0218895754168404,7.641074632027447,12.803017719972184,14.491105107888558,10.29901522381896,20.0
2021-01-15,13.33051347737352,1.0217424974535594,4.3457206050624,11.25690645011296,14.221619202365094,10.720679499914748,20.0
2021-01-16,12.371466499162503,1.02167657688796,12.503094702382231,13.224942591576331,13.986858033913457,10.398931969549071,20.0
2021-01-17,14.647505802864684,1.0445518642656841,18.689969860791727,16.725001366645273,15.548609837613194,11.266029928579398,20.0
2021-01-18,17.205751921078985,1.0462017096500635,16.026423554962562,17.454171481304247,16.70149083368246,12.279325597649889,20.0
2021-01-19,17.233041209375486,1.0449154885098415,12.348102185484462,16.88840204073225,17.364414663335484,13.169154840769034,20.0
2021-01-20,16.660828216025624,1.0443031726629026,11.437684962699777,16.709313095633558,18.021524719375986,14.048032970609556,20.0
2021-01-21,16.759366536431646,1.0446326434791409,-4.265951214446653,7.479769312454,12.640759144083278,11.127332598156835,16.933333333333334
2021-01-22,9.169418043625338,1.0439903528920473,0.1010062245480671,6.804598090014967,11.71763590932172,10.780360382082751,16.933333333333334
2021-01-23,9.7853399839864,1.0558898865432838,0.7084727312360355,6.217074164938275,11.436639886769203,11.050590547599764,16.933333333333334
2021-01-24,9.7861160407298,1.0557645399527946,2.1643178029948777,6.277502276999721,11.369859256638474,11.363700283664512,20.0
2021-01-25,10.808707811059275,1.0560456894756711,0.3401121397947262,5.201835185209552,10.859445380427356,11.480165369232244,16.933333333333334
2021-01-26,9.464806180023531,1.0559889673563436,-0.1598780059929461,4.449760301735742,10.438428998610275,11.63128245865022,16.933333333333334
2021-01-27,9.14298505462117,1.055944431337229,-6.247378137661101,1.008335924454499,8.506075709293212,10.825742113102937,8.466666666666667
2021-01-28,4.775112401356058,1.058340082827873,-0.7545927993722619,1.9016697367128252,8.079230772783093,10.502315512599807,16.933333333333334
2021-01-29,7.813899967065154,1.0656687068947832,1.4224073794213667,2.650453155012517,8.105014966042436,10.687946025766372,20.0
2021-01-30,9.136515719103413,1.0657110249840873,4.98026032012678,4.364616110629856,8.549818625943868,10.942740554000755,20.0
2021-01-31,10.417954578192292,1.0665951690458446,1.4702284408334438,3.415370143680101,8.07814693696973,10.835537517220429,20.0
2021-02-01,9.343994405326024,1.0666834885252692,11.105703359815797,7.234941321315801,8.538725749605218,9.968825656193763,20.0
2021-02-02,12.235683063056909,1.0761716206743364,15.020940040549872,10.576019251804205,10.21419972444429,10.78653142954418,20.0
2021-02-03,14.334826621434042,1.0762255061219836,16.954340568228783,13.30948634606613,11.916261690474318,11.688462651393698,20.0
2021-02-04,15.899325231734302,1.0761904058872283,14.833385131699965,14.2197362829947,13.147263118716111,12.56980730959518,20.0
2021-02-05,16.09095925856969,1.0760276830876452,20.0,16.6490585374563,12.835828301406206,10.820947387495888,20.0
2021-02-06,17.099464098848483,1.064646439675239,20.0,20.0,14.676534974348018,10.952083733456746,20.0
2021-02-07,18.13836035792234,1.0591295662386464,20.0,20.0,18.000971816434472,12.75192622647428,20.0
2021-02-08,19.223931385693884,1.0591359504907845,20.0,20.0,20.0,14.564691164720788,20.0
2021-02-09,20.032404378373425,1.0591904933882397,20.0,20.0,20.0,16.237703308518633,20.0
2021-02-10,20.387282533212755,1.059214935120347,20.0,20.0,17.23978089808645,11.27957603078011,20.0
2021-02-11,18.444950348571002,1.0418597122996056,20.0,20.0,20.0,13.126434151564114,20.0
2021-02-12,19.400071383753982,1.0415985300253303,20.0,20.0,20.0,14.780357500352446,20.0
2021-02-13,19.74154675043745,1.0414366051723343,19.93215446127562,20.0,20.0,16.19639002776338,20.0
2021-02-14,20.017645492387416,1.041191541949848,9.922190177288975,20.0,20.0,16.49762576347176,20.0
2021-02-15,17.9704532233776,1.0397183231503309,7.454730382726149,19.624882269444708,20.0,17.33710915610217,20.0
2021-02-16,17.55471978240351,1.0397655468233964,6.495151123549396,17.928852002995026,20.0,18.163742724672453,20.0
2021-02-17,17.174089782045694,1.039748064621178,7.188168871387694,17.10532435292796,20.0,18.963697126130757,20.0
2021-02-18,17.31512967689194,1.0398579152148326,8.311412443812392,16.860999474838184,20.0,19.792442579526018,20.0
2021-02-19,17.672072280642706,1.0399636640948973,8.518937868540451,16.594598715597154,20.0,20.0,20.0
2021-02-20,17.70303235083445,1.0399657364333819,18.74956303893828,18.00586915585876,19.87956046605125,17.317468287316384,20.0
2021-02-21,19.59772652328265,1.0429597226886413,18.41930083042103,19.770238207478684,20.0,18.563788701270244,20.0
2021-02-22,20.177426988854965,1.0427252199143877,15.773629605851673,20.0,20.0,19.70113721480971,20.0
2021-02-23,19.908851704618446,1.0426237406798273,2.601790005521966,13.350410865563406,18.918288044142024,17.93586907059983,20.0
2021-02-24,15.15066153437052,1.0404765430870617,4.86791525716565,12.473195906592863,18.25607228878724,17.847738195932557,20.0
2021-02-25,15.300912175551282,1.041658962398001,6.735790467197879,12.63771052508012,18.479463455110874,18.474828896360904,20.0
2021-02-26,15.902575833868282,1.0417290437212992,15.54449281381872,15.203026375990795,17.98066888273731,17.304287369350874,20.0
2021-02-27,17.94978173285427,1.0431980272947459,20.0,18.5658810788074,19.67663528041289,18.298306584704104,20.0
2021-02-28,20.141821514135486,1.0431763941889554,18.65574418848417,19.92551592787612,20.0,19.538062769561108,20.0
2021-03-01,20.469529811547943,1.0430937153605757,14.781562882513423,19.500872088528038,20.0,20.0,20.0
2021-03-02,19.66597842071474,1.042929068747274,6.762356280466097,15.966498558638802,20.0,20.0,20.0
2021-03-03,17.245784062306818,1.042307674622552,3.1460432675391767,13.425190949077512,20.0,20.0,20.0
2021-03-04,15.96093635150191,1.0422279668595333,-4.798539846421462,8.031376058619767,17.582978702033746,19.91771507251616,16.933333333333334
2021-03-05,12.026612602628857,1.0427663228251904,-3.1888305998786373,6.42617013249866,16.506444767395244,19.85925368010017,16.933333333333334
2021-03-06,11.796950593332477,1.0433063105454592,-4.334551793292057,4.423502245976215,15.274456197740582,19.76718037178124,16.933333333333334
2021-03-07,10.864790817798776,1.0434088274187001,-3.9848851376951178,3.206733139722967,14.298404320589388,19.772048042650432,16.933333333333334
2021-03-08,10.480732363516267,1.0433648708555965,-4.201446313109401,2.032177195384772,13.28260084426382,19.695229291908404,16.933333333333334
2021-03-09,9.962252283014655,1.0433448879938536,1.9109626050678652,3.719349147978705,12.95035506953004,19.281861354637336,20.0
2021-03-10,12.091781577184275,1.044871522045417,-1.299037689213306,2.432703880182858,11.842459365285707,18.763630370007647,16.933333333333334
2021-03-11,10.175269659424933,1.0452664721110554,-2.589898767778468,1.4096384290704882,11.043240257549114,18.676668472473917,16.933333333333334
2021-03-12,9.505938140823924,1.0452292526565594,-8.916216751684871,-2.152083502559098,8.64354556817966,17.186429799569,8.466666666666667
2021-03-13,4.862857772080224,1.0467509515103126,-4.5007959265629705,-1.7818050652840922,7.837903619454799,16.574670432661048,8.466666666666667
2021-03-14,5.57565968827952,1.0481887459325985,-6.098201917161228,-3.0383457401966902,6.632644591900518,15.986491069990311,8.466666666666667
2021-03-15,4.602980683053955,1.0485505662963797,-7.287830282203856,-4.335458011690228,5.441155567451944,15.50472757108706,8.466666666666667
2021-03-16,3.7307802915769055,1.048604600366527,7.510103116736992,1.880463239340622,5.814604515668831,12.650119961602146,20.0
2021-03-17,10.150058061215438,1.060494867386976,16.636361067545725,7.665751616053914,7.841512090475683,12.807189380891336,20.0
2021-03-18,13.785930938931536,1.0612592866072144,7.906687462274596,6.340048007430071,7.465303137464653,12.072836587786275,20.0
2021-03-19,11.408293400477044,1.060548468238057,8.274689228520765,7.2023862678834645,8.120125258609427,12.363647750916202,20.0
2021-03-20,11.870718933083284,1.0606271393316535,2.0429573806955466,4.979246150337941,7.467946371484907,12.03678278312582,20.0
2021-03-21,9.867442991685106,1.0604011936864348,-0.6791048049735369,3.315013181356413,6.956465849591617,12.023188692786684,16.933333333333334
2021-03-22,8.175185761708438,1.060365737613596,-5.928918818826092,0.1273465257075941,5.504528395773716,11.378040540429629,8.466666666666667
2021-03-23,4.146938946807748,1.0607249779923857,-5.74457584816222,-1.2323530309762347,4.636683860608541,11.127196510191595,8.466666666666667
2021-03-24,3.6602203414327916,1.0607109499713825,-7.622646141358466,-3.1581649594611134,3.4063762686107992,10.617717051706856,8.466666666666667
2021-03-25,2.48467050403357,1.060922864902168,-5.557258578349355,-3.4121390699402987,2.743360036346927,10.32307098079235,8.466666666666667
2021-03-26,2.665942005734788,1.0609700956718338,2.7648199955867754,-0.190253271537653,3.325775276040112,9.969474992729848,16.933333333333334
2021-03-27,6.969896953895899,1.0623822536244523,2.37888489710988,0.5171217435178042,3.454700627747684,9.974383816399296,16.933333333333334
2021-03-28,7.066828181991831,1.0624117506516935,2.746842639635864,1.2457360092168746,3.685562070252461,10.075023502743257,20.0
2021-03-29,8.021767243521944,1.0623966770551643,3.259940446209303,1.9567366660292675,3.978810380778204,10.215689468064587,20.0
2021-03-30,8.373950841769183,1.0623827410734878,3.5732177957550766,2.555476643772733,4.287904845415649,10.383345513354998,20.0
2021-03-31,8.668879974306433,1.0623641793098657,1.8820501762144684,2.2099100200316557,4.252972296210189,10.424022313851667,20.0
2021-04-01,8.237202460304685,1.0623451807584496,0.6278276133051899,1.6954373205578408,4.103211767921836,10.435360152181715,20.0
2021-04-02,7.831814744254566,1.0623201951765746,0.6285884091996751,1.539335490007942,4.037427037954664,10.47287280828053,20.0
2021-04-03,7.792641417588748,1.062298091596784,-1.3988253782211788,0.5179245602576643,3.588314458951615,10.322817303542156,8.466666666666667
2021-04-04,4.5673366227621965,1.0623245980348446,-0.3446486771523063,0.5705291116661065,3.4815738519024717,10.300513885213965,8.486316961273909
2021-04-05,4.7792263758531215,1.0623201287828823,2.1829434793564912,1.563271150718731,3.7611924702334623,10.391174622175528,20.0
2021-04-06,8.0522067744211,1.0623361625224013,5.574418773567981,3.3976547019835226,4.471355556721234,10.615898564370225,20.0
2021-04-07,9.361925837659724,1.062422686447562,-0.2594517753486604,1.5283222849809306,3.758312222288631,10.06344841931152,16.933333333333334
2021-04-08,6.805276102213597,1.0625286737208104,1.6853901478005373,2.0374642252233173,3.9002847036224,10.055184752238414,20.0
2021-04-09,8.007669492322023,1.06263610991411,0.6657104425588324,1.661594940540164,3.7753043806010256,10.061587059596746,20.0
2021-04-10,7.685814092628952,1.06262751115183,1.5182748698180664,1.94013174279174,3.874454580330135,10.14965913630362,20.0
2021-04-11,7.965966682662735,1.0626242062553823,5.201118615535874,3.646784137369245,4.532759938406511,10.326798103666636,20.0
2021-04-12,9.289930727009839,1.0627396968433818,9.49611546807865,6.230938960430694,5.697594258355775,10.70020937529687,20.0
2021-04-13,11.079939773871534,1.0628268532317198,16.30129176339165,10.343800177019554,7.523990947513608,10.942886779427688,20.0
2021-04-14,13.842057955306535,1.0629426529425832,19.02633466598888,13.73719447031034,9.641852362755824,11.927467178091286,20.0
2021-04-15,15.802752307187134,1.0629723324491462,19.391537460481462,16.10122075633588,11.605909602299942,12.998427877934574,20.0
2021-04-16,17.028552753088867,1.0629943947964917,10.960821003778328,13.86118755063551,11.6331765762259,13.145340317844491,20.0
2021-04-17,14.79155859067677,1.0626039455424041,3.943642494988592,10.76127200825175,11.124543506232095,13.27739173293693,20.0
2021-04-18,12.559679672123313,1.0624555129277766,-5.587628216008153,5.044665157734403,8.830162424201095,12.22686293020331,16.933333333333334
2021-04-19,7.956698231079125,1.0623833910653475,-13.267058087942212,-0.857790869594301,6.035003851443467,11.007156549678056,8.466666666666667
2021-04-20,2.42020900946372,1.062989135267326,-7.7814866600296195,-1.4128100879049297,4.998477183144217,10.430653328660068,8.466666666666667
2021-04-21,3.1278954935224452,1.0638014494852208,-9.97427432672193,-3.773385369854548,3.351976007740434,9.65630489972392,8.466666666666667
2021-04-22,1.6446485471550643,1.0641822675794672,-13.562530625291124,-6.869258471355091,1.2980463400796478,8.678193713141672,0.0
2021-04-23,-2.2263024122726516,1.0646511259361795,-11.678426147875284,-7.889052915220727,-0.0277502607144943,8.071946987296206,0.0
2021-04-24,-2.453647373964133,1.0646477723578636,-13.726673689581649,-9.938122492616705,-1.810932698805472,7.061886022488575,0.0
2021-04-25,-3.9223902376350717,1.065065632354197,-13.461058873594428,-11.23526998900638,-3.340294809896532,6.243924928853751,0.0
2021-04-26,-4.642214426706933,1.0650847977378102,0.2831114336438903,-5.337821850990818,-2.005065863697625,5.457189915522575,0.0
2021-04-27,-0.3422609193354548,1.0678392338124536,8.236269690906697,-0.4666572345363836,-0.4002805839055277,5.701319743382997,8.466666666666667
2021-04-28,4.60016701703438,1.0679526013155332,11.544594609575302,3.196148223509835,1.2048314902544706,6.1815647674891405,16.933333333333334
2021-04-29,8.343152872483962,1.0679790021335025,8.555685467176115,4.055188553904185,1.996976643665155,6.442251374945862,18.109424517522445
2021-04-30,8.36416836494997,1.0679608642266856,10.016690833619224,5.904296492960137,3.1960908065856377,6.853525663028179,20.0
2021-05-01,9.819545932238913,1.068024467959247,9.01087881807623,6.708046095412317,4.101099860736858,7.301327011462222,20.0
2021-05-02,10.065206756643292,1.0680091269899052,5.567311500994796,6.0124504137082,4.396105803991413,7.533685293290472,20.0
2021-05-03,9.293466239370094,1.0679799717558776,6.689536626840321,6.643924696987427,5.077289454312726,7.891336802141225,20.0
2021-05-04,9.890170592140368,1.0680048253755428,-1.340413631762808,3.1806597201339737,3.9601963642397178,7.266257004672493,16.933333333333334
2021-05-05,6.407992616313391,1.0679976020422313,10.304411508779308,6.819098195480337,4.900295412416615,6.42284153562326,20.0
2021-05-06,10.365568159484463,1.0697921193470734,20.0,12.213680077166511,7.275337496092214,6.974258289656349,20.0
2021-05-07,14.223413233385614,1.070020477377789,20.0,15.334543667694536,9.532992915711082,8.149745271101645,20.0
2021-05-08,15.62589274785437,1.070013314039148,16.164693943589956,15.627189238321112,10.8248958720046,9.041998064209212,20.0
2021-05-09,15.333900551844,1.0699247997608898,19.79970775171443,17.63008188609853,12.276148656984414,9.624902049124213,20.0
2021-05-10,16.970745516338948,1.0696184133916882,10.869676926265036,14.803943386211571,12.010646386176733,9.756903505629532,20.0
2021-05-11,14.419023808123326,1.0690075338585718,13.261534242975372,15.426808843277913,12.786902886165766,10.274489017811298,20.0
2021-05-12,15.337557859373563,1.0688233107384975,1.6705174806629122,9.732927746608455,10.547746839997538,9.297539459756283,20.0
2021-05-13,10.943445191539931,1.0676796152280454,12.351032377025597,11.386164363098498,9.833108924570634,8.0284439790961,20.0
2021-05-14,13.171783126191,1.0691599425605158,16.536615548272636,14.427223942539674,11.643703661754095,9.067643877580936,20.0
2021-05-15,15.326338157160626,1.0691522960877804,20.0,17.713962750619064,13.543747257890733,10.026570125003412,20.0
2021-05-16,17.376981255334282,1.0689017130244485,20.0,20.0,15.783484690812609,11.301925289095806,20.0
2021-05-17,18.615621766733828,1.0688140396323944,10.114386725711809,15.689205505407958,14.12337131987818,10.69754376387064,20.0
2021-05-18,15.072701744728299,1.0671013730070327,4.787837880434821,13.04142339058091,13.867349235432291,11.167898288594436,20.0
2021-05-19,13.416011980389175,1.0670577276066437,-11.992216343830618,1.7834069777483317,7.317233545477589,7.448228517138531,16.933333333333334
2021-05-20,4.5818586929577725,1.0660450608459733,-5.241386359531626,1.3143841156045604,6.198803578973992,6.84010721991549,8.466666666666667
2021-05-21,3.782754389936506,1.075955912878001,-8.871999890185638,-1.6686058696057078,4.414956131115949,6.132127585922397,8.466666666666667
2021-05-22,1.825411677815221,1.0771748617764532,-10.834799587845552,-4.180102272418855,2.820708981643241,5.591804338176726,8.466666666666667
2021-05-23,0.4017612234600964,1.0775249084594078,-13.4867160759579,-7.011493944579125,0.8904703164064107,4.790456074304017,0.0
2021-05-24,-3.1971890873232343,1.0788715284113954,-6.201592974105393,-5.445735521980571,0.50253544437718,4.376397262301387,0.0
2021-05-25,-1.4647545301358118,1.082054430407399,-3.460999919663269,-4.502095478380577,0.2425434029225946,4.185425543746848,0.0
2021-05-26,-0.7650338694785974,1.0820459748775946,3.4413039836662844,-1.144449190994434,1.058051148239228,4.242581136269388,8.466666666666667
2021-05-27,3.4779821674670095,1.082528909684751,1.6606199082395037,-0.7355265677910909,1.0997644766346624,4.171495455697967,0.0
2021-05-28,1.3416162782166046,1.082585368485988,-2.670232643065908,-2.1074899233646978,0.4578207616988224,3.834638680617173,0.0
2021-05-29,-0.10507146375493037,1.082623617306993,-6.329725515669858,-4.067335524857985,-0.5483967018415836,3.3551961456274504,0.0
2021-05-30,-1.643637838373179,1.0827280571454148,-1.862159214876265,-2.8915390575274813,-0.4704694485641521,3.1923220440212314,0.0
2021-05-31,-0.44012220342049413,1.0830601172473957,3.819663358222336,-0.2302042033557387,0.3636243248688293,3.3435860050492385,8.466666666666667
2021-06-01,3.4148162254929537,1.0831514955603327,4.835770327301272,1.2194149071579714,0.992424389383804,3.5414594574898333,8.466666666666667
2021-06-02,4.128031383613055,1.0831466804020968,4.949406662738809,2.1994562173456744,1.556922656200047,3.750915202291859,9.814846450606856
2021-06-03,4.824667725494174,1.0831460617692064,6.886070845280873,3.8132815898642,2.4375456091372865,4.086842298845945,18.7706473912917
2021-06-04,7.797607744880107,1.0831699378266635,2.4828551280700597,2.744437918683432,2.340375360614909,4.063062795107992,16.94680193082279
2021-06-05,6.191463310078816,1.0832746271693379,-0.5526662519671796,1.3931256234781306,1.99922940537914,3.991975032077543,0.0
2021-06-06,1.4801474728225423,1.0832994086152306,-0.6496434727764422,0.8878985872875795,1.846257724907248,3.9804988626161233,0.0
2021-06-07,1.3140410516823646,1.0832963860907054,-3.962233130172048,-0.9532409618596808,1.077757636464761,3.681413840034276,0.0
2021-06-08,-0.03386535496539516,1.0833265601467803,-3.849796833386791,-1.717544784877682,0.5875100809870368,3.493759286610259,0.0
2021-06-09,-0.3219781917187428,1.0833194401355297,-1.8300627082156624,-1.416495029105075,0.4724713196132625,3.4171017190723254,0.0
2021-06-10,0.13931766240282942,1.0833152967520117,-4.121787574475695,-2.577596413362951,-0.1857317788541948,3.101607083573769,0.0
2021-06-11,-0.8197815529905553,1.0833615324423398,-7.32508583914258,-4.528593824061253,-1.2553312002638903,2.597896067802923,0.0
2021-06-12,-2.277666447094658,1.0834561753783043,-5.817440680123928,-4.826733686773494,-1.811887802347824,2.268737585063906,0.0
2021-06-13,-2.2074897944106997,1.0834492295643758,-1.9174577606710328,-3.578818611279001,-1.7239211301833768,2.1444217179391885,-1.4123854275309289
2021-06-14,-1.4059361112571087,1.0834626833226308,0.1109555010626164,-2.4512731996819253,-1.5244325762879778,2.09797241045948,2.5525123971255184
2021-06-15,0.17026176336648466,1.0834560292663227,-0.140108956500816,-2.088844012555084,-1.50364911162208,2.000222502873775,-5.856851457073967
2021-06-16,-1.644520592068403,1.0834566667628152,-2.7961285734930765,-2.9696988168580285,-1.939972481691269,1.7164534883336684,-8.466666666666667
2021-06-17,-3.132554278195236,1.0834779504138226,-3.2518286305556705,-3.409773060821931,-2.290729398770205,1.4677585616542377,-8.466666666666667
2021-06-18,-3.456553108299517,1.0834747902684165,-5.510003393902603,-4.668171204178747,-2.99528333778942,1.0535130750563464,-8.466666666666667
2021-06-19,-4.461172476924004,1.083513056767205,-6.6961136453254495,-5.794164142584144,-3.761930332714434,0.5984463996655943,-8.466666666666667
2021-06-20,-5.227036076605886,1.0835288645386576,-4.38211037704621,-5.4195908794957806,-4.001138294548488,0.3082825846103003,-8.466666666666667
2021-06-21,-4.75905000382981,1.083512030870358,-12.2292667212535,-8.68560300639825,-5.4037279366937625,-0.6087439322212234,-8.466666666666667
2021-06-22,-7.672187240560442,1.0838257118974228,-13.563936566882791,-10.844610429899712,-6.920980534088198,-1.4508181780536076,-8.466666666666667
2021-06-23,-8.94107443248142,1.0838450978055008,-8.280791115748018,-9.830345474576598,-7.248793374892543,-1.9220431975099488,-8.466666666666667
2021-06-24,-7.748733606126323,1.0837802001847137,-1.4175028942110448,-6.898746113216551,-6.598325454703935,-2.0218300231628925,-8.466666666666667
2021-06-25,-5.505672505785818,1.08366277306608,-3.658210699107285,-6.929533281220179,-6.81044492080443,-2.395992413190847,-8.466666666666667
2021-06-26,-6.125428477032476,1.0837304813275503,-3.799316576893069,-6.786095416459396,-7.040771115366938,-2.774042054832085,-8.466666666666667
2021-06-27,-6.256770518522406,1.0837277797904024,0.2178082731034155,-4.791518560546026,-6.425102693068039,-2.825572076694716,-8.466666666666667
2021-06-28,-4.831245780462554,1.0836738078375758,0.7707126327357485,-3.7873044389414896,-6.077279567124869,-2.942969356649446,0.0
2021-06-29,-2.608798348990079,1.0836723719756325,2.8335262479684307,-2.1695793139010338,-5.373261408720486,-2.894338527296371,0.0
2021-06-30,-1.6479943775827506,1.0836859448742793,3.5682758322262127,-0.9533278365908626,-4.715689592000285,-2.8241139307230463,0.0
2021-07-01,-1.067399845212695,1.0836864547007716,0.8452766134224892,-1.3302034941819916,-4.588862368385112,-2.908832076479529,0.0
2021-07-02,-1.730164502813736,1.08370698811675,2.894636430574788,-0.1788047577161418,-3.912415086451447,-2.771486475865743,0.0
2021-07-03,-0.8600619346045846,1.083728309435022,3.542963847899789,0.6737112184316213,-3.314000895484398,-2.640548179550885,7.218517330096374
2021-07-04,1.1879058644885736,1.0837284921022325,5.959098415256342,2.345694098223226,-2.30686808149292,-2.3098176825040557,8.466666666666667
2021-07-05,2.6346299544602787,1.083784067484062,2.975414165939439,1.905793218197021,-2.0332820519818267,-2.2067954397208323,8.466666666666667
2021-07-06,1.974248031833629,1.083823084443498,2.373365141739348,1.870158354217468,-1.716836906628436,-2.0912982700232825,8.466666666666667
2021-07-07,1.9296520612449835,1.0838239396891005,1.2917542033738605,1.5120652593782566,-1.5704526309897373,-2.0279236372855087,8.466666666666667
2021-07-08,1.6630418076954838,1.0838229885876565,-3.1948055952964847,-0.5662695393589687,-2.14671075431479,-2.208852715524979,-8.466666666666667
2021-07-09,-3.594912890509418,1.0838951679798465,-2.740532966560297,-1.128104603380244,-2.3690604497887717,-2.316935803628412,-8.466666666666667
2021-07-10,-3.689852734286374,1.0838927191400185,-3.066461526056291,-1.7666414857786046,-2.6732506542030623,-2.471873910427256,-8.466666666666667
2021-07-11,-3.998455361365517,1.083892189529462,-2.0242132937028807,-1.7337449270041487,-2.7574068714101734,-2.560901393799061,-8.466666666666667
2021-07-12,-3.802917758472532,1.0838888016604595,-3.533344797686464,-2.57546495681979,-3.1663087444749625,-2.7712435476823725,-8.466666666666667
2021-07-13,-4.446775271729761,1.083890471239884,-6.244317807522877,-4.187229568919492,-3.946281850762316,-3.137381375471784,-8.466666666666667
2021-07-14,-5.632321594082784,1.0838942728608265,-6.26488310330163,-4.9948186642674965,-4.561488972695769,-3.4975240699522017,-8.466666666666667
2021-07-15,-6.023275332688199,1.0838928624570627,-7.732806796158678,-6.278720412491922,-5.394868007717125,-3.9574697428683954,-12.742987631388468
2021-07-16,-7.8272285369403045,1.083897927310992,-10.459314421647615,-8.237878303075826,-6.56212362399368,-4.566805793489818,-16.933333333333334
2021-07-17,-10.136503659158564,1.0838988131994969,-9.776645887096812,-9.054761572685976,-7.463864890557861,-5.162161559482869,-16.933333333333334
2021-07-18,-10.490108278015487,1.083895635018986,-7.691697807114792,-8.913158968747167,-7.995366281625536,-5.65425150883054,-16.933333333333334
2021-07-19,-10.22923542024234,1.0838854224798513,-9.907326344345002,-10.118092706313249,-8.90807441911145,-6.255212902367734,-16.933333333333334
2021-07-20,-11.298631017051994,1.0838630914002854,-13.584535490365534,-12.310807485691456,-10.250445075789258,-7.031177192220745,-16.933333333333334
2021-07-21,-13.02937462006289,1.0837888788129848,-4.499748566069534,-8.9572130577862,-9.234820287578396,-6.805498999861751,-16.933333333333334
2021-07-22,-10.057107036499993,1.0830254133094237,-0.7287245994905898,-6.812424514715189,-8.762173620601832,-6.973383455263704,-16.933333333333334
2021-07-23,-8.709635658441679,1.0830175450800228,1.8813882517983789,-4.694356603636141,-8.05298544844027,-7.007993160139871,-8.466666666666667
2021-07-24,-5.705498217695373,1.0830230264318388,4.058769071528592,-2.567664757998429,-7.128890103441054,-6.909664205873583,-8.466666666666667
2021-07-25,-4.551806655121332,1.0830354490357144,3.818644242273221,-1.4320925085915943,-6.443331003176334,-6.861627448865424,-8.466666666666667
2021-07-26,-4.198934852076938,1.083033003971043,5.166830611377496,0.1257630721259955,-5.492472989398467,-6.6520953423845,-8.466666666666667
2021-07-27,-3.3182034347763723,1.0830606208981655,6.677763609617703,1.811147321743328,-4.389621148547975,-6.335021956382568,0.0
2021-07-28,-0.48430062307623034,1.0830917692234312,6.794541803463039,2.949270426685466,-3.4186096641520223,-6.028607913126473,0.0
2021-07-29,0.06424806433365528,1.0830954589362367,5.783868692034509,3.414875294485798,-2.673581071908493,-5.762115040514229,0.0
2021-07-30,0.16529036086442986,1.0830929911174292,6.739694599897084,4.443476418199982,-1.702694972552381,-5.352504250244976,0.0
2021-07-31,0.894217996818176,1.0831202841990974,6.817944282587302,5.182169734586276,-0.8236848917457541,-4.955013038158659,0.0
2021-08-01,1.3477141857766046,1.0831249404250756,5.510151751154105,5.217742845663887,-0.2182934242259502,-4.625732159221054,0.0
2021-08-02,1.2745887667109583,1.0831212963905874,3.9123544578112033,4.820662789420903,0.1573162256512192,-4.36165126223264,0.0
2021-08-03,0.9810191982429447,1.0831177289673313,8.146503771096093,6.652033333590291,1.3925194233227944,-3.6141326643393863,8.466666666666667
2021-08-04,4.558894899065635,1.083202719729204,8.879688690564686,7.805662315122096,2.4514490794006787,-3.030154565990596,8.466666666666667
2021-08-05,5.323588793814122,1.0832053802047747,8.76177697013898,8.553133945626453,3.405863051629001,-2.4412626145712184,8.466666666666667
2021-08-06,5.794348918322627,1.0832106393108387,9.106056796395483,9.342734676779468,4.391218330344733,-1.7977239503790543,8.466666666666667
2021-08-07,6.39295532179418,1.0832230180829083,13.994939662767129,11.85755210708679,6.0306053762148695,-0.7170597118280597,8.466666666666667
2021-08-08,8.58711189858615,1.0833366147213692,8.986994889296655,10.86765801034846,6.472798742007969,-0.1257147999918482,8.466666666666667
2021-08-09,7.51149532527208,1.0833344724783331,10.852873440530317,11.849589141591933,7.523189963223417,0.6951334389547865,8.466666666666667
2021-08-10,8.534334686956903,1.083382411473029,20.0,15.069623688909356,8.637274141447296,2.0048758088156324,16.933333333333334
2021-08-11,13.578718299023082,1.0837812364964643,20.0,20.0,11.610001257749238,3.640682721699394,20.0
2021-08-12,16.31400602101786,1.0839772582979645,20.0,20.0,14.660403626420129,5.385004168114977,20.0
2021-08-13,17.35398300919997,1.0840086575450472,20.0,20.0,14.453352367140791,5.862174151159892,20.0
2021-08-14,17.399710051814267,1.0832096112729568,20.0,20.0,17.962997301252898,7.888991185934578,20.0
2021-08-15,18.599356908385523,1.0832222547274655,20.0,20.0,20.0,9.66988157868434,20.0
2021-08-16,19.425969362081293,1.0831936554435626,17.9047524753032,20.0,20.0,10.6428659312851,20.0
2021-08-17,19.178267143269707,1.0829352323858077,4.9783223530018486,18.806409154692403,18.58680619570993,10.53021397221843,20.0
2021-08-18,15.780989535264082,1.0823463889785407,9.154899365516425,17.492605810765244,17.813950862381972,10.66322027059616,20.0
2021-08-19,16.263528221649334,1.0824358267248007,19.677501675779936,19.04168818089393,16.740936100161132,10.024201196098444,20.0
2021-08-20,18.489215322023636,1.0814388986735546,20.0,20.0,18.76294740349656,11.489307912004598,20.0
2021-08-21,19.520522904247116,1.0814423881158344,17.78911036916751,20.0,20.0,12.74453675510159,20.0
2021-08-22,19.580870592358348,1.0814139943727816,20.0,20.0,20.0,12.90860441358881,20.0
2021-08-23,20.074248171054972,1.0803223392363708,20.0,20.0,20.0,13.98129593602216,20.0
2021-08-24,20.296303057479804,1.0798054472081617,17.337741296823776,20.0,20.0,14.417677653249488,20.0
2021-08-25,19.803467310586072,1.079144291268601,13.466794650366726,20.0,20.0,15.51207475459958,20.0
2021-08-26,19.204254904809073,1.0791469386627877,3.0762388842980783,15.852046620043408,19.88663512177575,15.033288449732758,20.0
2021-08-27,15.929165013028745,1.0785071982360326,11.60818150504854,15.670242118427444,17.721372080966532,13.474253411965202,20.0
2021-08-28,16.93551396619711,1.0790518749118652,9.658599188698302,15.1874768105275,17.992914254017677,14.16311446122245,20.0
2021-08-29,16.615978863959832,1.0789301750630125,7.998765816935691,14.512888230417795,18.230836989201176,14.905212458036289,20.0
2021-08-30,16.32367859168427,1.0789275706731443,2.960589291656498,11.877778306196364,17.40050273133032,15.108393311258329,20.0
2021-08-31,14.531073882513653,1.078816947938168,2.2155333467837157,10.533621190269216,17.004741945622037,15.532537705820875,20.0
2021-09-01,14.086481978756686,1.0788215158210364,4.825202696070797,10.70705500999159,16.968607074222756,15.953041434421342,20.0
2021-09-02,14.770553429125172,1.0788685588516422,7.702432421652749,11.666469584303703,17.330454969722442,16.52974460039117,20.0
2021-09-03,15.801120059393275,1.078882556204731,7.6820348371457134,11.933756475474604,17.65484338627256,17.200548647017637,20.0
2021-09-04,16.06909935893854,1.0788803559290396,2.129367374697301,9.41595541554552,16.569078463411103,17.078841980578627,20.0
2021-09-05,14.065768103509363,1.0787749930596733,2.9994569562497104,8.944151868890746,16.282285030015093,17.366131289091513,20.0
2021-09-06,14.152280208769087,1.0788110427789066,0.247456453468219,7.179796308017813,15.45829453250228,17.42805883022528,16.933333333333334
2021-09-07,12.351755912108262,1.0788136474324581,-10.12113697132336,0.9170269420490014,11.273873637986991,14.812450280024754,16.933333333333334
2021-09-08,7.301205396603116,1.0795633955965922,-12.96156527768652,-2.7444715323668047,9.136832194457794,14.218543376340037,8.466666666666667
2021-09-09,3.479855075290623,1.0796270487014896,-10.478007329399386,-3.994939600404743,7.700087336892146,13.774128784343883,8.466666666666667
2021-09-10,3.340130594406367,1.0796949977839385,-12.55057703819533,-6.392639468555583,5.622563743271637,12.798429090046834,8.466666666666667
2021-09-11,1.7163641653807657,1.0802293923201942,-2.910684229076142,-3.502916084770202,5.211667347941166,11.807282379264848,8.466666666666667
2021-09-12,4.128873709488543,1.082442908018679,-1.9194233467265904,-2.822142711798163,4.846125662006771,11.618269753935364,8.466666666666667
2021-09-13,4.3709413128850905,1.0824790543733718,-6.855463284259256,-4.736624765203679,3.3729619221879026,10.670819975409792,8.466666666666667
2021-09-14,2.3644815350725774,1.0828006328730302,-7.5151183523101714,-5.784342135416622,2.318453787715568,10.193041828335176,8.466666666666667
2021-09-15,1.6628980289958544,1.0827989374979277,-3.1123956730574256,-4.502448915337477,2.1011588963661807,9.853711495343893,8.466666666666667
2021-09-16,2.7739382850669427,1.0830033951267657,-4.382244876574768,-4.926848774989407,1.4041726152789986,9.385583234826909,8.466666666666667
2021-09-17,2.154775844763678,1.0830926945122845,-6.370208444395357,-5.988122573674192,0.4611601382948455,8.83959601054713,8.466666666666667
2021-09-18,1.17177675052523,1.0831548015879504,-5.360484269721159,-6.058644528969164,-0.1327972779515607,8.439309696318773,3.219942362777512
2021-09-19,0.02325014765021821,1.0831555937582973,-7.392548632812129,-7.194385428025598,-1.1406979986881995,7.77498416660237,0.0
2021-09-20,-1.7229512888289324,1.0832563644380968,-13.448939993647684,-10.250436633791164,-3.048390201141755,6.354545841531532,0.0
2021-09-21,-4.420701266190074,1.0838653857077032,-16.47165613405828,-13.11776865929556,-5.075012550102733,5.196747426233943,0.0
2021-09-22,-6.389221849100826,1.0841063325711517,-5.111895565303797,-9.089570755061194,-4.436411882921268,4.414739659497503,0.0
2021-09-23,-3.0901437168778574,1.0863086608360861,0.532024190142921,-6.141437996349768,-3.844595638729459,4.284012966114028,0.0
2021-09-24,-1.123274419560013,1.0863396369429386,0.3277013099842071,-5.039422629624357,-3.6742383911040792,4.060344417693023,0.0
2021-09-25,-0.9398273457243099,1.0863510530329359,1.0159988726853708,-3.898138362676086,-3.381802608099282,3.921444226129053,0.0
2021-09-26,-0.5089549784457408,1.0863509942480458,-2.173274477967232,-4.535145095149265,-3.682214681841357,3.525406040158454,0.0
2021-09-27,-1.491647435244125,1.086378623239774,-5.457740168372272,-5.9400630997251005,-4.38232053332632,2.993944489237698,0.0
2021-09-28,-2.778192285459396,1.0864043971335566,-8.905544435089896,-7.949314406315858,-5.458635309405056,2.2759125907904463,0.0
2021-09-29,-4.354026971797199,1.0864651901116888,-7.617663077374116,-8.343995151502925,-6.095810408425318,1.734593137008705,0.0
2021-09-30,-4.416003756924822,1.086461351608687,-4.390199248909968,-7.408914267551883,-6.18866074720765,1.3701577775488434,0.0
2021-10-01,-3.610886140785513,1.0864633155426928,2.4460899637880957,-4.038386773538224,-5.061961322474308,1.375807159640793,8.466666666666667
2021-10-02,0.6928237936703163,1.0865384593585068,3.6090038583507824,-2.307218716560468,-4.384655512594057,1.39910827241248,8.466666666666667
2021-10-03,1.473975158218108,1.0865368540728824,3.610914197982676,-1.185448358440943,-3.803191423153582,1.4308136508414204,8.466666666666667
2021-10-04,1.8514016352076985,1.0865345852280297,0.6889491966163651,-1.6016825664269028,-3.745092296524669,1.28090484251396,8.466666666666667
2021-10-05,1.1060525902801084,1.08654992256133,1.5438305149931342,-0.994395713064815,-3.365975373437554,1.2702323215706373,8.466666666666667
2021-10-06,1.5038700503806597,1.0865550306942673,0.553396065554713,-1.0802579395194278,-3.2424033505211574,1.1922932852238275,8.466666666666667
2021-10-07,1.2798964468508331,1.0865558454969684,3.1901286098792947,0.2620283564367054,-2.5516803219678645,1.3169434498163006,9.604230706623516
2021-10-08,2.569016249229253,1.0865725491815488,1.6653949881891543,0.1775075239684768,-2.349852180464452,1.3096496398962902,8.466666666666667
2021-10-09,2.01437517276493,1.0865764897308552,2.4368333455058595,0.7568861649167787,-1.9246134702341604,1.4016013317850602,16.933333333333334
2021-10-10,4.260260888507755,1.086577240006059,-1.3375792351507831,-0.5935692164825405,-2.2214529147338435,1.212181554782427,0.0
2021-10-11,-0.6390370544376404,1.0866425466185918,-3.032518637448973,-1.7020189506132817,-2.611820026100148,1.0013601073897511,-2.663290507998427
2021-10-12,-1.9577550227167064,1.0866410018787889,-5.624169204807274,-3.3907113866603265,-3.3377012994306337,0.6285594635405961,-8.466666666666667
2021-10-13,-4.388019456753516,1.0866443033022104,-2.0071185398707168,-2.5818175169093203,-3.194816203796347,0.5366634862276474,-8.466666666666667
2021-10-14,-3.415049116438073,1.0866432054568735,-1.675091693775898,-2.46897994212659,-3.2623109039544342,0.3992275359178046,-8.466666666666667
2021-10-15,-3.3629002995220816,1.0866418041737802,0.9966721183075958,-1.2467989243327442,-2.844760009348569,0.4360859662393427,0.0
2021-10-16,-0.5778336085951672,1.0866432677409672,-0.4529556480013438,-1.4418681846025216,-2.8778365018890537,0.3282745928726107,-8.466666666666667
2021-10-17,-2.8059379256129584,1.0866418309215304,-1.915384052371928,-2.0077555743209734,-3.0953546053385725,0.1543795310348174,-8.466666666666667
2021-10-18,-3.331808162394654,1.0866400356547772,-3.707756006489068,-2.98870955300494,-3.534928633942147,-0.1165476636987038,-8.466666666666667
2021-10-19,-4.088940243544617,1.0866397348559977,-4.724766257533601,-3.8879591276239993,-4.038243576230742,-0.4308491332023553,-8.466666666666667
2021-10-20,-4.683085197378842,1.086639095338781,0.2572853242993582,-2.1116402348366266,-3.467956419757866,-0.3836983651143353,-1.0306147532071546
2021-10-21,-1.4640466950903148,1.0866322638713806,-1.5115701482621713,-2.4559364794471987,-3.602084582246873,-0.5577211577736035,-8.466666666666667
2021-10-22,-3.6063126558912972,1.086632883052347,-0.6713401334421467,-2.0662930806839377,-3.501785947967708,-0.6400972627930768,-8.466666666666667
2021-10-23,-3.3351278211885034,1.0866310538886184,0.2539927888948952,-1.50317843480479,-3.2927242972421555,-0.6728327619474055,-0.9466923958406208
2021-10-24,-1.3390391200743346,1.0866292496288985,-2.373725186840137,-2.401863368809891,-3.59611038024428,-0.8921353247784066,-8.466666666666667
2021-10-25,-3.853295131716823,1.08662895298555,-1.2520072112591518,-2.13616801524265,-3.5436850924362227,-0.9878666123145105,-8.466666666666667
2021-10-26,-3.561178039184223,1.0866265410701574,-1.2373390065535936,-2.119798165852745,-3.5688136944592053,-1.1076315379360098,-8.466666666666667
2021-10-27,-3.585915367815622,1.0866246176902532,-12.95087217264616,-7.0687285970755465,-5.058811950781148,-1.8117837807294268,-8.466666666666667
2021-10-28,-7.684371691874193,1.0866874212488051,-10.168497285502204,-7.797370814997175,-5.8451884369488365,-2.3112158842675705,-8.466666666666667
2021-10-29,-7.517321893001642,1.0866655773675522,-6.56126952372729,-7.286164122151942,-6.190202636453367,-2.6795244749311045,-8.466666666666667
2021-10-30,-6.777207590431349,1.086654229177548,-8.02683056221666,-8.176938115757892,-6.951603138499806,-3.2090691098715,-8.466666666666667
2021-10-31,-7.569892505497259,1.0866568749332357,-6.873937533413171,-8.205066022437885,-7.461857748677355,-3.683419134203976,-8.466666666666667
2021-11-01,-7.539400289177035,1.0866524148606562,-6.539217536284239,-8.32349634887948,-7.9611689999674,-4.169679484036694,-8.466666666666667
2021-11-02,-7.706594874829662,1.0866532851552833,-4.235428582128837,-7.477964178210595,-8.036021555964524,-4.50835781622481,-8.466666666666667
2021-11-03,-7.111967434146934,1.0866446752208,2.6105751359006466,-3.9993276429157993,-6.736968431346193,-4.253939752086989,0.0
2021-11-04,-2.6903696931667174,1.0866088176562472,-0.8336615356875723,-4.175129504696214,-6.630178200787428,-4.391416319057996,-8.466666666666667
2021-11-05,-5.323912983935099,1.0866435958547396,-1.7092618713267356,-4.217019891555781,-6.662626814957355,-4.628713731206074,-8.466666666666667
2021-11-06,-5.581924728555684,1.0866418637934696,-0.2600760853842692,-3.42383597754183,-6.359506275192351,-4.728260915050467,-8.466666666666667
2021-11-07,-5.050335953434508,1.0866384317662827,1.2125406349699157,-2.391887276694718,-5.897615268990046,-4.7491141226470495,0.0
2021-11-08,-2.5701294744950576,1.0866366270792633,7.966601028531927,1.3241831021042267,-4.009660392265932,-4.057059862487493,8.466666666666667
2021-11-09,2.106129838475239,1.0866723768800446,16.525483608283373,6.824929307148666,-0.9554329672811784,-2.7283432285681237,8.466666666666667
2021-11-10,6.115860050456828,1.0869431091135302,5.6799973643800445,4.447565125717919,-0.7008389636669106,-2.3047797241510595,8.466666666666667
2021-11-11,3.3901265526137743,1.0873729122191764,1.468453972524426,2.9354480833549275,-0.7626156841217389,-2.2640170235897115,8.466666666666667
2021-11-12,2.14080323608715,1.0873715721338557,-1.803981157618467,1.11302857976199,-1.1523322550025257,-2.3520656606339023,0.0
2021-11-13,-0.9123847866084904,1.0873761179472636,-2.170077252151372,0.1918533173602515,-1.3950362852264384,-2.419790636250062,-0.5189214318844041
2021-11-14,-1.3726952855755221,1.0873742967409399,-2.5824567302619346,-0.5993616264219046,-1.681194294594523,-2.5207719852742607,-8.466666666666667
2021-11-15,-3.4470721777545363,1.0873735112685474,-3.76205748105253,-1.6530580913367998,-2.1433319260469106,-2.703509817336181,-9.581908244643328
2021-11-16,-4.315538510806257,1.087373449912609,-11.526434144704842,-5.702111286856378,-3.772592967229399,-3.1949476340279044,-15.860800365617203
2021-11-17,-8.711560106227493,1.0873985585868813,-12.107349130772809,-7.792158626519556,-5.126832536307578,-3.8414579949106615,-16.933333333333334
2021-11-18,-9.960797928932577,1.087396487402723,-15.597006276012078,-10.763392590026966,-6.887320410733039,-4.637199322733213,-16.933333333333334
2021-11-19,-11.922002986150382,1.0874118168485924,-9.70412373658418,-9.844667013793025,-7.300289410340214,-5.022677890709938,-16.933333333333334
2021-11-20,-10.613614770506635,1.0873470850441558,-3.292742619883863,-7.411501976057444,-6.946924725487105,-5.149216134025161,-16.933333333333334
2021-11-21,-8.640582394906763,1.0873110620273967,-6.268299785944147,-7.997371643236427,-7.429543923905858,-5.512167336451224,-16.933333333333334
2021-11-22,-9.599042585298113,1.0873229356230292,-9.7361953399277,-9.645206519309731,-8.450889400453645,-6.144944071668716,-16.933333333333334
2021-11-23,-11.071212467211295,1.087319662458344,-10.94392428177036,-10.95602648332328,-9.523641478969395,-6.878742824555467,-16.933333333333334
2021-11-24,-12.011770468318518,1.0873200973063688,-14.714560043885063,-13.275078127093511,-10.906426917092531,-7.662488586477235,-16.933333333333334
2021-11-25,-13.806484703149314,1.087263692559289,-13.339652379601771,-14.046562439571556,-12.03881077880751,-8.534567607870928,-16.933333333333334
2021-11-26,-14.111045894364828,1.0872560883691984,-18.573837331793456,-16.495072778288193,-13.21063611302227,-9.069894451453708,-16.933333333333334
2021-11-27,-16.148053365438553,1.0869312287478095,-17.27567183165019,-17.700095480784736,-14.738085509423785,-10.19273187865466,-16.933333333333334
2021-11-28,-16.70375801828415,1.0869193022125831,-11.334651737498096,-16.125681399012574,-15.060690328942986,-10.856262128921172,-16.933333333333334
2021-11-29,-15.282714199497237,1.0867998627071245,-7.826645788945097,-14.588278240829943,-15.259954896300778,-11.530354388045303,-16.933333333333334
2021-11-30,-14.375795598940826,1.0867937065804345,-8.791075516880959,-14.421658360572888,-15.690414582793789,-12.211679258973737,-16.933333333333334
2021-12-01,-14.790602835148318,1.0867746171513213,-8.316861822318023,-14.08253465348779,-16.116315754589248,-12.96514708051502,-16.933333333333334
2021-12-02,-14.87016551621956,1.0867749030924785,3.924787671938876,-7.089777277703877,-12.341232900986562,-11.140229546393606,-8.466666666666667
2021-12-03,-7.627635815665219,1.0861518563091188,-3.070377470341985,-7.557727309623244,-11.492905163222296,-10.537165175079036,-16.933333333333334
2021-12-04,-10.778281215722046,1.086706328588632,-11.317939812406008,-10.648361325809802,-12.26948609060081,-10.796050216110327,-16.933333333333334
2021-12-05,-13.467681223032761,1.086713798564865,-14.316806349064734,-13.20544009173004,-13.679502795860095,-11.71939621875287,-16.933333333333334
2021-12-06,-15.181997643498857,1.086687489961334,-10.88908309598212,-13.079268056738124,-14.220697856806268,-12.37044217976734,-16.933333333333334
2021-12-07,-14.66746643709131,1.0865945039960503,-10.830918815192126,-13.56169085270318,-14.938052525564942,-13.098080726238695,-16.933333333333334
2021-12-08,-15.073253111012425,1.0865629984910863,-8.363964822969459,-12.917183243426184,-15.25600924203778,-13.737585248055202,-16.933333333333334
2021-12-09,-14.6048748681949,1.086541659973833,-12.319445783360058,-14.268438283872456,-15.810547927239725,-14.09508392112487,-19.06468651603112
2021-12-10,-16.41610625712094,1.0863219166691858,-16.009779887234487,-16.470954466913746,-17.066476316174324,-14.921970831682858,-20.0
2021-12-11,-18.348421435159832,1.0861015289182252,-6.1830599162425335,-12.558201686567342,-15.451999711684447,-14.243711730221367,-20.0
2021-12-12,-14.84571775786127,1.0846270003906588,-3.44547369960247,-10.80776572791524,-15.162181145377987,-14.662163119109945,-20.0
2021-12-13,-13.90005945626573,1.0846273107829367,-8.727638876217606,-11.89961556835558,-15.22779664681202,-14.673619173929737,-20.0
2021-12-14,-15.299751050379598,1.0846476328580243,-6.657033939515526,-11.273504990146922,-15.278130542863227,-15.13607482687248,-20.0
2021-12-15,-14.82494672092234,1.0845710868401688,-2.67005448868599,-9.353519716590949,-14.71596368229449,-15.344049685777074,-20.0
2021-12-16,-13.466163886948383,1.0845188248052526,-5.220837151604888,-9.63807858568925,-14.719277087437646,-15.601804229216716,-20.0
2021-12-17,-14.138374844738836,1.084563937080015,-6.510182986254927,-10.111585287303708,-15.047651492513578,-16.159760926093444,-20.0
2021-12-18,-14.713035343617555,1.084565314918873,-4.569469192756056,-9.362494985988686,-14.924102699683472,-16.547041106248813,-20.0
2021-12-19,-14.186555248677394,1.0845474845018903,-3.3793200613026166,-8.596984657206757,-14.744225148093598,-16.92372430208783,-20.0
2021-12-20,-13.805025664072243,1.0845461105948113,-2.984292815236276,-8.030877410836503,-14.570469588302894,-17.28196341486247,-20.0
2021-12-21,-13.636567655700054,1.0845464877972337,0.2884530259778567,-6.1251577815099,-13.706271880098036,-17.250124276696983,-18.473764458766027
2021-12-22,-11.988074337173844,1.084562536402156,4.180716074614244,-3.453943858344505,-12.344786129057743,-16.95075303223727,-16.933333333333334
2021-12-23,-9.87067219499389,1.0846391852914654,13.10806473410148,2.308816633541932,-8.566592826755858,-14.53143191804996,-8.466666666666667
2021-12-24,-3.507287510680832,1.0859947885072971,8.552204646145778,2.862955273342,-7.258610821611513,-13.81125423062597,-8.466666666666667
2021-12-25,-3.938094513855303,1.0865884099299083,9.817629659848,4.693059293436656,-5.636518099443561,-13.085827243052208,-8.466666666666667
2021-12-26,-2.7558861012339624,1.0868496129526808,9.096188731811326,5.66012820432558,-4.401754863892974,-12.614578483833627,-8.466666666666667
2021-12-27,-2.33165890912718,1.08684991069308,11.395100974121815,7.614945317598464,-2.659467351182044,-11.699905768656508,-8.466666666666667
2021-12-28,-0.8296765455827688,1.087104245220323,2.884315559577699,4.80830022302593,-2.5507252493152417,-10.873500256503815,-8.466666666666667
2021-12-29,-3.0895158738694204,1.087989763345872,-3.7888438403236746,1.396651302055268,-3.2763081685403885,-10.838325125083728,-16.933333333333334
2021-12-30,-7.277596980351309,1.088152263928101,-3.3973795474327777,0.2547064209481406,-3.5358991003987854,-10.856212942683715,-20.0
2021-12-31,-8.168829546131883,1.088167883368505,-6.04446815432716,-1.8396665120662892,-4.261400976910873,-10.98679929785884,-20.0
2022-01-01,-9.38766729317182,1.0882400994494665,-1.2576844648776226,-0.8126117845442613,-3.871431362700722,-10.62111465324582,-20.0
2022-01-02,-7.958310914595362,1.0883058347645624,-0.0188717602554614,-0.3235581265394831,-3.66415346828634,-10.556511697402769,-20.0
2022-01-03,-7.523038147951619,1.0883050456748573,-3.5075812942341726,-1.7569753796201404,-4.112028890384179,-10.571001461236524,-20.0
2022-01-04,-8.695876753256163,1.08841076529988,-4.6774651736880895,-2.8032211187044456,-4.601426789077288,-10.793122362251736,-20.0
2022-01-05,-9.333187325091842,1.0884123700431536,-9.541436186651511,-5.56232912898122,-5.742443905243099,-10.97861547088796,-20.0
2022-01-06,-11.282318634197253,1.0885052386863436,-6.118088256551001,-5.332829171352125,-5.993705363401027,-11.084856328667852,-20.0
2022-01-07,-10.564601541407967,1.0884725874855075,-9.054933214671928,-7.060001849453435,-6.902409494086996,-11.3306615273354,-20.0
2022-01-08,-11.83144358188549,1.0884892044854346,-10.691822486984467,-8.728497835440008,-8.01607663229114,-11.91129762615843,-20.0
2022-01-09,-12.919838774278661,1.0884869973064069,-10.52518921364824,-9.718575889767058,-8.984495500510635,-12.528483562248356,-20.0
2022-01-10,-13.444292912936865,1.08848783193307,-12.37607927270474,-11.322001468146912,-10.157716509346804,-13.139704953047056,-20.0
2022-01-11,-14.584158278048868,1.0884430893438661,-6.347389862061351,-9.488824264325212,-9.952921794479217,-13.159184483473965,-20.0
2022-01-12,-12.829823344563824,1.0882263698576304,4.888111648915355,-3.7241023192579097,-7.48376252731682,-11.666270083951884,-16.933333333333334
2022-01-13,-7.5980744767773185,1.0879459436439813,1.5988016984583693,-3.211466154408631,-6.9784520929154885,-11.371860183729272,-16.933333333333334
2022-01-14,-8.03009232975115,1.0881972093418744,4.523957146739947,-1.0282696648823757,-5.882661778272604,-10.9688158416945,-16.933333333333334
2022-01-15,-6.59275617357822,1.088304219135623,4.668929551262836,0.163416988223913,-5.114805618970375,-10.808049403192651,-16.933333333333334
2022-01-16,-6.099687725642789,1.0883032679263351,11.635371682877796,4.293983222986132,-2.7057985364380213,-9.280543385932754,-8.466666666666667
2022-01-17,-0.9852702583221001,1.0890204327388915,20.0,10.371790091498305,1.0474913976455116,-6.511387071868617,-8.466666666666667
2022-01-18,3.5883604877737527,1.0912690165857408,11.999564301158491,9.191682639194816,1.8978132255440847,-5.477009618740171,-4.066114978477192
2022-01-19,2.960568210837971,1.0927883850574303,1.546323234220401,5.34589171975322,1.3111595125573252,-5.185542209920561,-8.466666666666667
2022-01-20,-1.1914836438527514,1.0933380923209632,-5.468316938275661,1.3346482478007855,0.1510939560893709,-5.349795252982115,-16.933333333333334
2022-01-21,-5.744123810616827,1.0934646867212716,-13.346118098868002,-4.03251650099797,-1.970800940933664,-5.731576805606378,-20.0
2022-01-22,-9.863491833422142,1.0939740835487788,-16.28829732443367,-7.939575066664887,-4.024825103552699,-6.507940314532591,-20.0
2022-01-23,-11.981987100360541,1.0940328290287968,-12.019742871250395,-8.501319838843001,-5.03000439680538,-6.984216977416972,-20.0
2022-01-24,-11.494666131292266,1.0939948580885246,-12.376548148248354,-9.880509750553736,-6.308609474860767,-7.596960466350429,-20.0
2022-01-25,-12.28811258663573,1.0939759284091952,-12.083560601271902,-10.888734409398584,-7.509407750060994,-8.296125437475228,-20.0
2022-01-26,-12.860285168850822,1.0939741704545647,-8.445478574173379,-10.160128273570226,-8.006190902580709,-8.764325543310965,-20.0
2022-01-27,-12.115401589501591,1.0939192623921083,-8.34767369334095,-10.28312735905312,-8.688169984378934,-9.312709596591446,-20.0
2022-01-28,-12.389889247464986,1.093900896891757,-6.874911249135776,-9.852774087709394,-9.120149465175771,-9.819036690181724,-20.0
2022-01-29,-12.178765285349797,1.0938970485395154,-4.890056267173149,-8.954797721981087,-9.264868244406433,-10.222709343105668,-20.0
2022-01-30,-11.667966890900914,1.0938903914523377,-5.199386779856246,-8.791557865259778,-9.565282896496283,-10.664147588690176,-20.0
2022-01-31,-11.86219734957322,1.0938874289476945,-3.5661811087338977,-7.927152143207394,-9.551585993327908,-10.999712743583244,-20.0
2022-02-01,-11.38611070131783,1.0938794517517818,0.3275102443094382,-5.765496443592955,-8.847802915187808,-10.987500023325628,-16.933333333333334
2022-02-02,-9.233679116213036,1.0938661489116968,-3.2259981143389678,-6.3242092397503535,-8.935592813112905,-11.11158294205915,-20.0
2022-02-03,-10.851504542840534,1.093959384806153,-1.466870559275523,-5.4267852127241625,-8.642592647725692,-11.241161182174563,-20.0
2022-02-04,-10.234519704409896,1.0939596475639606,4.368814203515065,-2.2882295977390457,-7.1917767134503485,-10.689694664026955,-16.933333333333334
2022-02-05,-7.1626387260166,1.0940597794958562,4.483303800244969,-0.9498320283074724,-6.396358884106538,-10.571545095256363,-16.933333333333334
2022-02-06,-6.644863713814833,1.094065301725326,5.184406626945748,0.4013668136489114,-5.502119150953291,-10.362633141722643,-8.466666666666667
2022-02-07,-4.101872322628718,1.094086708970983,8.577881399959663,2.905807723828024,-3.968326521970645,-9.7166645577683,-8.466666666666667
2022-02-08,-2.334655077385827,1.0942360068607424,6.705647787029196,3.442668183694793,-3.1332708635914943,-9.395218692952843,-8.466666666666667
2022-02-09,-2.373855267972515,1.0942611916074942,6.721214739783383,4.254165494926794,-2.213691853132254,-9.011242204027653,-8.466666666666667
2022-02-10,-1.9076042025450428,1.0942840448603803,2.361605748308307,2.9685679585789035,-2.091295412898905,-8.794018202213783,-8.466666666666667
2022-02-11,-3.0690277158672368,1.094376712257152,-4.471810577996699,-0.2917482489986238,-2.9040153914452795,-8.772554138861882,-20.0
2022-02-12,-7.976992424960679,1.094534073363399,-7.253852404832084,-2.7327770049599884,-3.837823138011021,-9.109813519614269,-20.0
2022-02-13,-9.39871134323924,1.0945466411934177,-8.389839482197736,-4.596039136372067,-4.773085410923376,-9.506680434768104,-20.0
2022-02-14,-10.346943617064735,1.0945522624671196,-7.030682721430477,-5.22167372952886,-5.364039364155134,-9.83736122229714,-20.0
2022-02-15,-10.388100388167988,1.0945498351140264,-0.8760398508303471,-3.127150484056389,-4.772691113164452,-9.534885446587731,-20.0
2022-02-16,-8.38644770130647,1.0945288206277124,-1.203469556212577,-2.8449711751199738,-4.750092304134488,-9.594503529127516,-20.0
2022-02-17,-8.404577613062816,1.094544527485146,-6.212693679564082,-4.80960029705457,-5.496459807015953,-9.730514512328613,-20.0
2022-02-18,-10.12537460034353,1.0946524100174038,-8.849976770133301,-6.70602300298043,-6.504050903419754,-10.22189648533121,-20.0
2022-02-19,-11.446154659494226,1.0946565000780268,-8.33007029543092,-7.504572434090228,-7.245040366045978,-10.70451636612776,-20.0
2022-02-20,-11.775034557560208,1.09465555640987,-12.389341385950074,-9.893064317914025,-8.481498541256737,-11.093477470638838,-20.0
2022-02-21,-13.541582740143655,1.0945809832663518,-17.653317514523874,-13.320478755794516,-10.263775397168486,-11.666665352838598,-20.0
2022-02-22,-15.956229891659572,1.0943280215120434,-14.052990040820326,-13.673031064152534,-11.287976611747816,-12.371010398531174,-20.0
2022-02-23,-15.621904660573042,1.0942006643293583,-13.131641919053838,-14.255736544377047,-12.369277301841478,-13.17394864762294,-20.0
2022-02-24,-15.959748376390753,1.094173598646936,-12.315024852880322,-14.610330271088984,-13.349379875193288,-14.0035908581128,-20.0
2022-02-25,-16.254568918645262,1.0941663487326136,-6.197606311195131,-12.184556175597477,-13.006550988553458,-14.1874916614667,-20.0
2022-02-26,-14.347121551300521,1.0939274025820702,-4.789270256014482,-11.005345891596123,-13.031651447402538,-14.658622027847628,-20.0
2022-02-27,-13.889555147804705,1.0939260688895571,-6.661104255391582,-11.173572847254611,-13.370668619713374,-15.140262338980705,-20.0
2022-02-28,-14.515242105213908,1.093911302447763,3.5446651823476296,-5.627888448929002,-10.500882070322904,-13.373929962702045,-16.933333333333334
2022-03-01,-9.379076538509374,1.093352443328941,5.766297714163534,-2.9614008354612285,-9.314754831340498,-13.248977430108686,-16.933333333333334
2022-03-02,-8.023491689335984,1.093352065316831,3.4007859081395577,-2.336956005941452,-8.683321096874687,-13.206408048329804,-16.933333333333334
2022-03-03,-8.257197031168598,1.0934010661464861,-1.037944148516564,-3.3807755846914223,-8.67127112880919,-13.284102292259012,-20.0
2022-03-04,-10.141955018809302,1.0934936220821934,-7.422819314748005,-6.147529020985926,-9.360365798274142,-13.39704071951646,-20.0
2022-03-05,-12.320470485254448,1.093641182512313,-6.29886190788529,-6.672082317087703,-9.686839345215503,-13.739099972172871,-20.0
2022-03-06,-12.335408379212266,1.0936250023413772,-8.947483862021814,-8.359627672896567,-10.42523335966552,-14.103711245211413,-20.0
2022-03-07,-13.52483908769436,1.0936045999698136,-11.324183649327887,-10.27963361086051,-11.473901699875896,-14.70798973029344,-20.0
2022-03-08,-14.825702236445675,1.093571382735619,-9.610858365790978,-10.626343748831967,-12.113988032150646,-15.303111804142253,-20.0
2022-03-09,-14.796782913235893,1.093558168996494,-3.0247281824130434,-8.082363450741331,-11.355947437389933,-15.105911499862271,-20.0
2022-03-10,-12.588787291050387,1.0933660563826288,-5.04809619110211,-8.266447122569565,-11.466250725933884,-15.251662156031182,-20.0
2022-03-11,-13.127677507545387,1.0933816754693713,-6.866577078273628,-9.004481088312241,-11.95961687355038,-15.7338555994462,-20.0
2022-03-12,-13.900035750290149,1.0933798779310437,-6.362540336809838,-9.071413299636422,-12.280122604697825,-16.220194478203474,-20.0
2022-03-13,-13.980877252704778,1.0933789574355726,-5.708727180423451,-8.930409519767231,-12.500914472708766,-16.675061826024805,-20.0
2022-03-14,-13.954824215345855,1.0933792607701796,-2.997374199282504,-7.710022143816126,-12.21896972742353,-16.896147292045907,-20.0
2022-03-15,-13.081587905855887,1.0933666249169374,-2.091976207036656,-6.873299311688397,-11.994681622592111,-17.16233758596076,-20.0
2022-03-16,-12.70979488678607,1.0933665770100018,2.791043190880566,-4.075736112352642,-10.683608289836783,-16.69883073141946,-16.933333333333334
2022-03-17,-9.972032828978872,1.0934134957405548,3.397241127572157,-2.611095042389729,-9.87354622109973,-16.65347399548787,-16.933333333333334
2022-03-18,-9.332112332611048,1.0934136668293286,5.017759232486792,-0.8302946444869004,-8.79219462012738,-16.40254245346986,-16.933333333333334
2022-03-19,-8.29721121437189,1.0934473811475025,10.685741264916564,2.924046443857338,-6.452943071477121,-15.06164086635089,-8.466666666666667
2022-03-20,-3.5816377043014813,1.0938661154213838,7.919349618718045,3.5615836456061745,-5.3892216393232655,-14.585273977322474,-8.466666666666667
2022-03-21,-3.7107800682011556,1.093965200601558,10.539623664247918,5.75564165098565,-3.6369977189822698,-13.607778770758651,-8.466666666666667
2022-03-22,-2.0606530015801003,1.0942088373530423,16.094251460179905,9.468146751134515,-1.006490236587828,-11.848868394445288,-8.466666666666667
2022-03-23,0.9284913512304284,1.0948227551512104,20.0,14.58514536726298,2.958887406079471,-7.758864071462109,0.0
2022-03-24,6.544474546544756,1.0986129727933356,20.0,18.943210118480938,6.202847255199101,-6.147607235569127,0.0
2022-03-25,8.569521761832243,1.0987002985354217,20.0,18.930940099719603,7.936779324835442,-4.898972230559497,0.0
2022-03-26,9.223415905769784,1.0988433682730196,20.0,20.0,9.935885804136475,-3.334933963151421,0.0
2022-03-27,10.245556036470282,1.0992861338359425,20.0,20.0,12.063740162314891,-1.8382410646436915,0.0
2022-03-28,11.043745345241046,1.0994161873598096,17.17857572852993,20.0,13.428298983177545,-0.616867997482933,0.0
2022-03-29,10.99203314069794,1.0994230510445382,15.90315418325672,20.0,14.723258595066987,0.6299725513740954,2.034413790370008
2022-03-30,11.7183134734477,1.0994687325897985,13.274603420437735,20.0,15.64248251770886,1.739130977349896,8.466666666666667
2022-03-31,13.00073037474333,1.0994668719664353,5.417678110868824,16.16272718751297,14.81599989702993,2.305815233544508,8.466666666666667
2022-04-01,10.372432329140713,1.0994993700098594,5.218370443857438,14.716639906132178,14.808184124466388,3.0217639696088145,8.466666666666667
2022-04-02,10.166524658121766,1.099520580746562,3.380915735756718,12.94261494759031,14.571527865150353,3.603356414854176,8.466666666666667
2022-04-03,9.448182714870043,1.0995187669175663,5.85695274339191,12.887646130767402,14.724888524901122,4.310571692171106,8.466666666666667
2022-04-04,10.17004643423208,1.0995423208415134,8.6669707801271,13.698027024679645,15.285353271363851,5.147147018157767,8.466666666666667
2022-04-05,11.273537837900417,1.0995534493208037,3.434931950159964,11.281091014406291,14.467451517939448,5.462375007844035,8.466666666666667
2022-04-06,9.48073787597313,1.0995342792617513,-10.129240619497176,2.876042039506497,9.5064040805441,4.048910460205657,0.0
2022-04-07,1.3859948176076218,1.099626558950751,-8.546454739979092,0.8098063403341782,8.10262184320162,3.826511937520079,0.0
2022-04-08,0.9221115295780273,1.0997194334177918,-12.89363431916058,-3.11940578823838,5.613522604587793,3.0773601404052724,-8.466666666666667
2022-04-09,-3.4733263139383967,1.0999319225874036,-10.387148061670734,-4.238393914604943,4.304860837556302,2.693474419332076,-8.466666666666667
2022-04-10,-3.540520997951161,1.0999592556193387,-10.116118659556058,-5.512650467536821,2.946902487053181,2.22613114341354,-8.466666666666667
2022-04-11,-4.162842787246919,1.0999773578754,-17.327512456433638,-9.65137876328056,-0.0944172167930388,0.925095241558341,-16.933333333333334
2022-04-12,-9.48193226558627,1.1004633108239927,-13.930806220320596,-10.40438037058324,-1.5567976881343275,0.2140325422577332,-20.0
2022-04-13,-10.054092102385223,1.1005410400538544,-9.398290489763898,-9.681434984742513,-2.341883898551947,-0.2933582357970264,-20.0
2022-04-14,-9.181902668724002,1.1005525348621914,-10.68921589937752,-10.535211122263528,-3.5887001913332903,-1.0059131644971748,-20.0
2022-04-15,-10.08581727862431,1.1006141983260898,-7.398010012770268,-9.673035528863686,-4.128235003772078,-1.4906947258174346,-20.0
2022-04-16,-9.397096975015037,1.1006210375283878,-6.035621319516464,-9.10336100513172,-4.622626543982944,-1.967827981169585,-20.0
2022-04-17,-9.185662921327761,1.1006214814724522,-8.50682636120754,-9.99142040371074,-5.565863479277651,-2.615512664275383,-20.0
2022-04-18,-10.275582654165317,1.1006497068660475,-5.674806733510042,-9.088402812015223,-5.844500550223801,-3.0450981009082416,-20.0
2022-04-19,-9.609269309746649,1.1006473245039106,-2.5755070031685467,-7.562993210014864,-5.7435372506426745,-3.328922492193144,-20.0
2022-04-20,-8.631486064722274,1.1006471244779183,-3.005778601958545,-7.162805208619202,-5.916262608792507,-3.6932714937020137,-20.0
2022-04-21,-8.756370129443937,1.100651638242333,-5.664076046217691,-7.95770540645281,-6.497402029588291,-4.192680967985219,-20.0
2022-04-22,-9.75450920729867,1.1006656262739305,-6.105628537259674,-8.363622322617491,-7.031283192984228,-4.708776570588655,-20.0
2022-04-23,-10.172198879790539,1.100665509022808,-7.692743222643135,-9.276770376474497,-7.767855436224528,-5.300593097527904,-20.0
2022-04-24,-11.015025520854136,1.1006668788394098,-7.125779110304526,-9.488447576853371,-8.318901608475926,-5.861562063810479,-20.0
2022-04-25,-11.181599535537034,1.1006661775484203,-4.632573463032917,-8.625143833058917,-8.415389229405953,-6.256119873951426,-20.0
2022-04-26,-10.550759914861457,1.1006603598115556,-11.235001489353367,-10.85556372071084,-9.215792554795534,-6.625598077465888,-20.0
2022-04-27,-12.752484563308414,1.1006433649518985,-9.970147155663144,-11.339485996849788,-9.986144117809534,-7.298100056546663,-20.0
2022-04-28,-12.89799649606322,1.1006266426192488,-7.946437491003754,-11.058014826513794,-10.467225204753351,-7.896805158490458,-20.0
2022-04-29,-12.628228018591138,1.1006241954195906,-10.807824300036662,-12.311563975615648,-11.325461734713013,-8.533668864381882,-20.0
2022-04-30,-13.86251471685692,1.1005748439739376,-15.6328340051604,-14.823744157691433,-12.672095719525265,-9.304963441111838,-20.0
2022-05-01,-15.941592982488666,1.1004274789690212,-10.665393931696672,-13.849700997530544,-12.976783534473382,-9.837574450167365,-20.0
2022-05-02,-14.81604006567224,1.100264403204482,-9.03142713029612,-13.436958259334752,-13.495120958353375,-10.54475836541229,-20.0
2022-05-03,-14.635306269420338,1.1002622254909318,-8.619601693108624,-13.270242967549258,-14.015650123490458,-11.257391821517416,-20.0
2022-05-04,-14.779315650475523,1.100259116113449,7.077859462593259,-4.109380846271285,-8.792570951179602,-8.353793201508156,-16.933333333333334
2022-05-05,-6.837549437427732,1.0988880676878892,-1.2675143089350345,-4.89764306345202,-8.021079864996546,-7.673265164213403,-20.0
2022-05-06,-9.209212824531111,1.1000146079352064,-3.620246824914669,-5.673777662548973,-8.32432650084597,-8.052737518239548,-20.0
2022-05-07,-10.047775934222837,1.1000149397339196,-5.9248973473930056,-6.84363228133712,-8.847366718273351,-8.49666717882671,-20.0
2022-05-08,-11.024956411514728,1.1000192003580087,-7.702288947899985,-8.114639166800556,-9.538713461340777,-9.029974065012484,-20.0
2022-05-09,-11.96499294079633,1.1000144799100493,-17.3357860076303,-12.196671808058223,-10.372890032170275,-8.680159666385931,-20.0
2022-05-10,-15.077603725808682,1.0991829230597419,-15.701229780200384,-13.732745521204636,-11.7381733798876,-9.559081124718778,-20.0
2022-05-11,-15.547461356778124,1.0990521018381019,-20.0,-16.67571015821209,-13.11822087904695,-10.00940526586442,-20.0
2022-05-12,-17.513302706344795,1.0972788555996331,-20.0,-19.78186056769986,-15.36965336464984,-11.302109022762536,-20.0
2022-05-13,-18.964399426669598,1.096796107464238,-15.676337010584655,-18.467767111839173,-15.944316753601084,-11.999802676591107,-20.0
2022-05-14,-17.98616877974637,1.0955389215005846,-11.110159732054612,-17.032875967738413,-16.435286063388077,-12.820379726832504,-20.0
2022-05-15,-16.95820179859677,1.0955094512008583,-3.182300788614387,-12.924713783666,-15.298552570812076,-12.808310446487864,-20.0
2022-05-16,-14.058555926347832,1.0946664844165277,-4.074898552778384,-11.836725468622248,-15.112009052723328,-13.194634277553035,-20.0
2022-05-17,-14.059302856974693,1.094649812021715,-2.0136153290464383,-10.07370994754505,-14.65363349532412,-13.529528776370697,-20.0
2022-05-18,-13.19467384494397,1.0946214624838504,-7.10852131758216,-11.050233374085831,-14.696966106661185,-13.669977980182178,-20.0
2022-05-19,-14.565527508268001,1.0947293884700127,-5.209560405466122,-10.329412810913968,-14.60797062268449,-14.079387664033527,-20.0
2022-05-20,-14.060615340570582,1.0946145460520607,-5.501711455061149,-10.246424629259977,-14.74730910024721,-14.591036925830128,-20.0
2022-05-21,-14.248777071882524,1.0946034114821275,-3.746464380713588,-9.338945751204935,-14.5614110957631,-14.984532849443182,-20.0
2022-05-22,-13.711059837203761,1.0945843371292787,-1.5777474359776826,-7.957204812010283,-14.093760163522184,-15.24618474332003,-20.0
2022-05-23,-12.888599145879846,1.0945750879177925,-3.4064629840182,-8.036118713199059,-14.01884633359675,-15.551872186778366,-20.0
2022-05-24,-13.357359908814242,1.0946268978384834,-2.643887358818065,-7.4592440733230205,-13.797878324648998,-15.870961027571129,-20.0
2022-05-25,-13.08555972434247,1.0946234123307663,-2.806460966415271,-7.1942869959039175,-13.664030209462169,-16.205343926762804,-20.0
2022-05-26,-13.107098645778809,1.094627686261018,-6.008221716576672,-8.289401772817518,-13.911952954877972,-16.50050125461128,-20.0
2022-05-27,-14.167542269685446,1.0946936530977078,-8.343204741986778,-9.638280969755934,-14.496967510356871,-17.040462488554095,-20.0
2022-05-28,-15.220120145168584,1.0946747363348275,-7.049904799378828,-9.694408065629949,-14.75241325377782,-17.544408064120585,-20.0
2022-05-29,-15.115272426818835,1.0946570190152662,-3.877631493505053,-8.506671117760009,-14.455753831642348,-17.801853495935003,-20.0
2022-05-30,-14.151512289387117,1.0946081499429579,6.478483514180182,-2.894777934077512,-11.20102108755649,-15.722419440810624,-16.933333333333334
2022-05-31,-8.816861103204042,1.0946348862166018,13.639460994591564,2.407698799523497,-8.304433259121879,-14.422064312630004,-8.466666666666667
2022-06-01,-3.3188495864717504,1.095618847424804,5.8717633948151775,1.6931643076002514,-7.237723480386013,-13.40934369858624,-8.466666666666667
2022-06-02,-4.731702319004695,1.0979035886154382,6.568789815172963,2.8313712280196315,-6.057509869608492,-12.895572874004843,-8.466666666666667
2022-06-03,-3.957918342860681,1.098226624890549,3.216414814854086,2.160711678526676,-5.621444934421923,-12.67450645498053,-8.466666666666667
2022-06-04,-4.697952213149057,1.0983970603101911,2.5419686859504607,2.014956158012141,-5.164857150607631,-12.51903520961209,-8.466666666666667
2022-06-05,-4.743707677870257,1.0984041958119246,2.115896312772936,1.9041745268670465,-4.762170273224252,-12.373852095145956,-8.466666666666667
2022-06-06,-4.741286489387036,1.0984039207991574,6.009404911232819,3.679232481294864,-3.529611128537548,-11.656903980908291,-8.466666666666667
2022-06-07,-3.0684495047948364,1.0986572209265084,6.829982204084661,4.804687594282749,-2.540454852470388,-11.222412520811222,-8.466666666666667
2022-06-08,-2.328035546136343,1.0986622825234875,8.991673046366039,6.513336750332507,-1.2148626014098882,-10.517802287546916,-8.466666666666667
2022-06-09,-1.0316363658228846,1.0988130115511578,7.462561239038982,6.831754290814337,-0.3749650699604571,-10.036376728653662,-8.466666666666667
2022-06-10,-1.0073366720641441,1.098826520727879,-0.5458047976319218,3.599120747805965,-0.8853163986815563,-9.567097972418193,-16.933333333333334
2022-06-11,-5.350705995009817,1.099500873782016,-4.82181344878587,0.8196061319643042,-1.6926027715406091,-9.687267369118777,-20.0
2022-06-12,-7.781007860957369,1.0995691067473208,-11.894682213423827,-3.787388368006453,-3.418458317175587,-9.741214157730989,-20.0
2022-06-13,-10.745972666271053,1.1000807909205894,-15.07291681928886,-7.423826986508007,-5.275618727621888,-10.397193888708811,-20.0
2022-06-14,-12.798431530440563,1.1000970539954187,-11.820039019006796,-8.22421830715557,-6.283052424024182,-10.87004475916284,-20.0
2022-06-15,-12.583943074022077,1.1000459008960917,-3.2945743168562616,-5.490364841914095,-5.714317409212987,-10.488016069427704,-20.0
2022-06-16,-9.89444637241957,1.0996939570183486,-6.9533715310440005,-6.5999029087822265,-6.312221693251253,-10.448962864708392,-20.0
2022-06-17,-11.066965794295173,1.09977986594094,-5.8534835065971,-6.578930408420864,-6.717441725717608,-10.780808773255776,-20.0
2022-06-18,-10.982443576290358,1.0997694207743114,-8.330366526810373,-7.866261541671173,-7.539324117182685,-11.166263827779677,-20.0
2022-06-19,-12.075606356760618,1.0997376092982898,-4.426744253678397,-6.720000143516407,-7.471878376224325,-11.267785991801638,-20.0
2022-06-20,-10.971236487578542,1.0996217967114263,-2.021763387525192,-5.545833900689695,-7.3033644354665554,-11.436301230182757,-20.0
2022-06-21,-10.184069559517939,1.099619034887065,-2.3180095037261843,-5.235402016329377,-7.336883880843862,-11.656006894614444,-20.0
2022-06-22,-10.2366881569584,1.099624207737014,-4.752150343537193,-6.041108091155599,-7.745216438967788,-11.95083119282881,-20.0
2022-06-23,-11.104084283058008,1.0996471478965302,-2.193822700519596,-5.098439408108351,-7.525683556563406,-12.029174617338208,-20.0
2022-06-24,-10.302916954008069,1.099631833490764,1.0972862142647697,-3.352702844915412,-6.886310050697679,-11.94486390005331,-16.933333333333334
2022-06-25,-8.361692229997628,1.099646102494826,1.890184436987853,-2.257350310783351,-6.375911106930877,-11.93257860449608,-16.933333333333334
2022-06-26,-7.831455510294747,1.099645868660678,0.7138276362961511,-2.074865043654414,-6.1362681700922,-11.977686387493382,-16.933333333333334
2022-06-27,-8.007327607072993,1.0996561282993005,-0.2955335054395853,-2.167025558933368,-6.022432874879942,-12.06765134583334,-20.0
2022-06-28,-8.918809364859554,1.0996582025689507,-2.814730544083325,-3.155497623559082,-6.273202983249671,-12.230279305568509,-20.0
2022-06-29,-9.781508826732809,1.0996956096466053,-3.5982335856902723,-3.811876703119359,-6.536327514870771,-12.471785621710827,-20.0
2022-06-30,-10.209191045354828,1.0996964437646162,-4.273972614425063,-4.46154017740384,-6.85952140392007,-12.740286041992098,-20.0
2022-07-01,-10.630862325941152,1.0996991717084337,-5.592291823929223,-5.42023738573811,-7.353149941767786,-13.062920168063211,-20.0
2022-07-02,-11.311252305195946,1.09970448883171,-4.085809876508832,-5.257201804178687,-7.48605367818632,-13.292701040465936,-20.0
2022-07-03,-11.023789381316556,1.0997008059817466,-3.10515902204278,-4.969300579930935,-7.540450688280657,-13.512225833810644,-20.0
2022-07-04,-10.805027365655157,1.0997005136192228,-0.2078031369783114,-3.612719090713075,-7.08520247017936,-13.472440965303702,-20.0
2022-07-05,-9.760588132438473,1.0997061264902541,-1.4817533204704811,-3.665165269183,-7.063452873701914,-13.577215836374448,-20.0
2022-07-06,-10.0707793574108,1.0997281087870534,-0.7355055397387456,-3.167361529839264,-6.857081075254685,-13.656667685767914,-20.0
2022-07-07,-9.769263518466836,1.0997307354218047,2.264843542816957,-1.5418599032960592,-6.106911400879312,-13.427713683920611,-16.933333333333334
2022-07-08,-7.86221234881599,1.0997647078380741,0.7003631619181941,-1.521422192496091,-5.88055500068335,-13.399574395307797,-16.933333333333334
2022-07-09,-8.14605396668132,1.0997919751053904,2.373319930649832,-0.4666588126499101,-5.258348300196329,-13.203092215671465,-16.933333333333334
2022-07-10,-7.366167761142395,1.0998182878008624,-0.4291606058746444,-1.1801877068587467,-5.25007582425067,-13.157489910143518,-20.0
2022-07-11,-8.802710357432652,1.0998737117841937,-6.257495197020594,-3.8093576519779098,-6.015479705148941,-13.157269851192526,-20.0
2022-07-12,-10.832956548791456,1.10002477879641,-10.265342496346156,-6.592068964036189,-7.213110070917723,-13.591438165049798,-20.0
2022-07-13,-12.686030206886862,1.1000346045895761,-5.797981969074267,-5.970456441601828,-7.254565699357578,-13.57837375641707,-20.0
2022-07-14,-11.57187947913461,1.099959730001215,-3.21897868074689,-5.191251371216908,-7.227502432813928,-13.756794491161756,-20.0
2022-07-15,-10.866381341613032,1.0999580324866907,-1.988531485298511,-4.5270553679054695,-7.141643609809545,-13.912787563930788,-20.0
2022-07-16,-10.465001976970438,1.0999577476555629,1.834488172167957,-2.5028000716733585,-6.355030362305239,-13.650743080604204,-16.933333333333334
2022-07-17,-8.273478795520587,1.099979616635572,0.5311540075288868,-2.24473456193683,-6.122510607223036,-13.640099250864944,-16.933333333333334
2022-07-18,-8.450089968774364,1.099999315884765,8.435374024854799,1.89967179517643,-3.886103386348229,-11.902316315050614,-8.466666666666667
2022-07-19,-3.0633259369822574,1.1003293871205155,14.074293262034685,6.101391251229009,-1.5959388306947673,-10.753309522144324,-8.466666666666667
2022-07-20,-0.14091980850911923,1.1005396270186374,8.72419776503679,5.9135691575983325,-0.7655063886874174,-10.07362883263134,-8.466666666666667
2022-07-21,-1.0277177385268885,1.1008033853167225,7.856405738999412,6.420216629247319,0.149749326409501,-9.576581464731564,-6.683436897844085
2022-07-22,-0.40370694032947746,1.1008307854303014,3.1520317726965743,4.891842858880606,0.2329177963855778,-9.260502214814396,-5.681414187485115
2022-07-23,-1.4675313517595208,1.1009032670735543,8.126124989219678,6.716126518656776,1.5044068759856917,-8.10879630393445,0.0
2022-07-24,1.8141939534917912,1.101131541102297,7.447272413261553,7.190041586654143,2.299550622489011,-7.601130006262098,0.0
2022-07-25,2.0559806906526847,1.1011349268099622,-1.277540437926797,3.5234554971867014,1.4114856878020472,-7.183075999650637,-8.466666666666667
2022-07-26,-2.641631162706385,1.1013825241527193,-4.855333930881576,0.9288607885182072,0.5561841633937366,-7.32928222855747,-12.502561364922023
2022-07-27,-5.110914473198487,1.1013889471667213,3.387697467807066,3.1575703872702587,1.3848366272490769,-6.282543392178758,0.0
2022-07-28,0.3629790016577246,1.1015646212705739,5.454405166868543,4.500620075044627,2.117985544207192,-5.8669985671264175,0.0
2022-07-29,1.367265050845466,1.1015649039981368,7.022832382766284,5.855707693730582,2.976377208159422,-5.349797084950196,0.0
2022-07-30,2.31443443277207,1.1015744650103207,7.440627254923182,6.819420384861623,3.787510982668168,-4.831905014273335,0.0
2022-07-31,2.9116147373913788,1.1015780315206192,4.423787379917318,6.128822985387012,3.9813883012397655,-4.4895916365848265,0.0
2022-08-01,2.212956304782297,1.1015863346545756,2.234176634386929,5.186401349961507,3.9733104858072266,-4.253983269740663,0.0
2022-08-02,1.5730446981158794,1.1015865434911154,-2.1575739280830675,2.847154923212222,3.2512571509727053,-4.223229283647324,-8.466666666666667
2022-08-03,-1.9275977283178276,1.1016030362662643,-2.132825355100945,1.8972212190442248,2.883456236330775,-4.18220873624583,-8.466666666666667
2022-08-04,-2.2034350214235667,1.1016047832036662,-2.0283109509316883,1.2177288078013873,2.549019548376493,-4.160274537891643,-8.466666666666667
2022-08-05,-2.398965258812348,1.1016046387217604,2.370160587712458,2.606394979629869,2.966642957417586,-3.773723060551654,0.0
2022-08-06,0.9186402260623322,1.1016256528526815,1.782718446084368,2.639429542911912,3.034727546827114,-3.5915294136889875,0.0
2022-08-07,0.851633543976737,1.1016265000176402,5.262246935824199,4.272724863333306,3.7240980043261978,-3.100676975704031,0.0
2022-08-08,2.2381739934987106,1.1016378434283831,7.803623733989035,6.066799494327974,4.666628427193695,-2.53937136691163,0.0
2022-08-09,3.5247526783346226,1.1016449306236533,1.37871745198913,3.980989716331094,4.10399313316971,-2.36433913789658,0.0
2022-08-10,1.5642402436749254,1.101676761915281,5.323230468664427,5.294161391159185,4.684834213037759,-1.8059925400993329,0.0
2022-08-11,2.9737658615266076,1.1017021357506172,3.9831869741130808,5.141014228350067,4.902351193284908,-1.503011394753869,0.0
2022-08-12,2.7594421610968873,1.1017020509126882,5.515607768712586,5.945047171168948,5.4569345342939455,-1.0566454926753603,0.0
2022-08-13,3.4948261412244777,1.101708115639514,9.784750457334216,8.151984041730312,6.571025525454145,-0.3187712788896806,0.0
2022-08-14,5.329944236688041,1.101729446554721,12.195357439220368,10.267746829366269,7.908144646388556,0.4970760523763897,8.466666666666667
2022-08-15,8.66739782196501,1.1017414091006372,6.01791503554238,8.580842127967886,7.766808868147977,0.8553107033821697,8.466666666666667
2022-08-16,6.982270729565282,1.1017374621077647,5.44166262454916,8.292902321185231,8.08712183400868,1.3136328444666052,8.466666666666667
2022-08-17,6.963431056679446,1.1017394591253626,-0.3293914829897771,5.489074218738974,7.201671021589685,1.351793961663326,0.0
2022-08-18,3.021650166198838,1.1017347104092516,-8.337217825257436,0.672618546976149,5.078698305913656,0.8844234242113235,-7.134550704604069
2022-08-19,-1.9470470422498243,1.1017659668763318,-19.928102080848777,-7.096793533476166,0.646734588683344,-0.4483202356115932,-20.0
2022-08-20,-10.323359388234326,1.1022992877297875,-20.0,-11.037629618468406,-1.9155814544367624,-1.4713273595480862,-20.0
2022-08-21,-11.998421245051922,1.1022988518261172,-15.662471529680843,-11.629359834503957,-3.3975030266830983,-2.204605489248704,-20.0
2022-08-22,-11.661187886838256,1.1023179510987628,-12.47431427920354,-11.701183047448447,-4.57342633203517,-2.8933554729979285,-20.0
2022-08-23,-11.38524807997059,1.1023185141518261,-8.985579179199746,-10.880862577402278,-5.269614279990455,-3.444780246669348,-20.0
2022-08-24,-10.71029305370341,1.1023166615797393,-8.654228173388757,-10.824740175944868,-6.084734566148692,-4.055684862974449,-20.0
2022-08-25,-10.939272422177037,1.1023183590070953,-5.838864914483729,-9.695035960996645,-6.383239604662155,-4.496736917106608,-20.0
2022-08-26,-10.232543019535093,1.1023150395253938,-11.40219679619678,-11.457467038930105,-7.474655368463637,-5.078221360446198,-20.0
2022-08-27,-12.216375012921198,1.102311398157563,-7.153729722913817,-10.288411796296373,-7.672402567948113,-5.472289731889185,-20.0
2022-08-28,-11.152050437691715,1.1022680800288223,-9.63830252778535,-11.246963353522936,-8.530272447609736,-6.087088307373138,-20.0
2022-08-29,-12.235536282093738,1.1022484000868313,-4.0751809510336665,-9.06874394469577,-8.164589659993261,-6.253204881544199,-20.0
2022-08-30,-10.484354660251476,1.1021841498056186,-1.4597285036209204,-7.418572032911654,-7.893663702006132,-6.509601439144789,-20.0
2022-08-31,-9.54084676384005,1.1021836449829985,-2.1928017225004424,-6.951920953935805,-7.907096410370412,-6.833459394884313,-20.0
2022-09-01,-9.67394400246958,1.1021855548331052,0.654723043266086,-5.165543402308159,-7.3125002148329665,-6.888153501198009,-16.933333333333334
2022-09-02,-7.857468484209147,1.1021897795912992,0.5447244866358675,-4.373370836422655,-6.999109445994865,-7.0419415584099285,-16.933333333333334
2022-09-03,-7.671911230317507,1.102190107982103,6.75094953080637,-0.7423913693547366,-5.226636993175083,-6.386271586237802,-16.933333333333334
2022-09-04,-4.968429260822871,1.1022493073489594,12.860359571890632,3.656899606774097,-2.9189730559632623,-5.487522557168503,-8.466666666666667
2022-09-05,-0.07846969011582516,1.1024024497941358,11.6288783474513,5.395310507066224,-1.4993561134805269,-4.974306573616265,-8.466666666666667
2022-09-06,0.4594524209669769,1.1024073859123398,0.5948492407173176,1.89990006499388,-1.8734059875950828,-4.695471233830807,-8.466666666666667
2022-09-07,-2.7658743684289044,1.1027508465511024,1.6009574486015397,1.842434633547817,-1.5228690566623586,-4.490381116992641,-8.466666666666667
2022-09-08,-2.4341493630413265,1.102769855718799,1.7409300643165255,1.7959487927679685,-1.2540984486039348,-4.3733704330990655,-8.466666666666667
2022-09-09,-2.3284447900496317,1.1027698094959277,7.010524498699614,4.12240911583785,0.0047683579546675,-3.723251656416409,-8.466666666666667
2022-09-10,-0.23207916589741814,1.1028110605156358,9.90085024765699,6.359112998799634,1.3709627146576642,-3.0943133259153406,0.0
2022-09-11,3.206282008151508,1.102829829965964,8.825192482100352,7.140144313977535,2.311498171217703,-2.58717151057802,0.0
2022-09-12,3.4606041455904006,1.1028293102452538,5.132116328988767,6.295556885071757,2.605874820745553,-2.2681849505902427,0.0
2022-09-13,2.5950455036927758,1.1028327324527003,-5.779359139259539,1.0580139369608306,0.9237148136258352,-2.405516376943649,-12.932248287525024
2022-09-14,-4.220904164248581,1.102904892354343,-3.57248236008802,0.3347001265488457,0.5764963238267532,-2.393710459829117,-20.0
2022-09-15,-5.5268064094797005,1.102934985095117,-6.023451279525262,-1.6560048630099446,-0.3276729374287367,-2.634964043400004,-20.0
2022-09-16,-6.759475185501169,1.102972169408886,-3.822211643031489,-1.7664700475388542,-0.6363972458372349,-2.7275966685968744,-20.0
2022-09-17,-6.386861686011209,1.1029829804239653,0.129465668902025,-0.4822285234266107,-0.349273907635436,-2.5997457401238147,-20.0
2022-09-18,-5.140386860613343,1.1030029269455086,-7.775136090517378,-3.75476127157313,-1.7244621989226268,-2.8675865666038978,-20.0
2022-09-19,-7.970431414463626,1.103267164275215,-7.711203713690966,-4.936502673390995,-2.5810998476069047,-3.2564622541231394,-20.0
2022-09-20,-8.491922936162744,1.1032692858348407,-9.173648727755518,-6.5267964908574205,-3.6644777934445663,-3.758818895717961,-20.0
2022-09-21,-9.515487154231538,1.103277073518038,-9.198052143889994,-7.570044896163504,-4.637665769596068,-4.28841117124334,-20.0
2022-09-22,-10.082674240829743,1.1032778757578405,-2.9173202790844965,-5.480428248401611,-4.32322890054309,-4.295068059399295,-20.0
2022-09-23,-8.167722540524322,1.1032678441161778,-0.0161707913030835,-3.84502709417993,-3.993123077092447,-4.348152504413618,-20.0
2022-09-24,-7.105597431478716,1.103268890006648,-2.009139565936267,-4.019970519544314,-4.18457680015638,-4.549053005614445,-20.0
2022-09-25,-7.670615344580032,1.1032811810254437,-3.540559398805563,-4.5514091001175245,-4.552752770075824,-4.844034957603302,-20.0
2022-09-26,-8.27213743313035,1.1032824592964756,-3.2480471730045832,-4.5800384112777,-4.766944947948471,-5.099594787676207,-20.0
2022-09-27,-8.31756419511462,1.1032825136906215,-4.472398137477568,-5.200161557541668,-5.198671218421088,-5.430073325647895,-20.0
2022-09-28,-8.892759096134814,1.1032842812453858,-5.652692262868506,-6.005976241518656,-5.758258069132909,-5.829283865201763,-20.0
2022-09-29,-9.542578470474773,1.103284932213451,-4.640457882115991,-5.981898512081836,-6.050929931407529,-6.157140380320783,-20.0
2022-09-30,-9.450830790390382,1.1032846876917453,-4.781896474284177,-6.214528334897094,-6.41739087644538,-6.516920776720391,-20.0
2022-10-01,-9.693622783832579,1.1032848029011495,-5.647598275004777,-6.771021207984184,-6.9117072844034935,-6.93077658748096,-20.0
2022-10-02,-10.207834931291146,1.1032848539069477,-8.426098958837178,-8.263332228333082,-7.768706285328193,-7.449124636560938,-20.0
2022-10-03,-11.453668409031907,1.1032818861614446,-5.38683779263415,-7.593051607666968,-7.898214664658165,-7.75050127481152,-20.0
2022-10-04,-10.730110258258053,1.1032714369748184,-1.2355365298579166,-5.76257642306701,-7.457404376858748,-7.831826053519844,-20.0
2022-10-05,-9.330842507625686,1.1032665758934646,-1.497639951830889,-5.251761959659835,-7.377239426265458,-8.04449144885191,-20.0
2022-10-06,-9.305207630624768,1.103267450475001,-2.0995805231453954,-5.112428684824326,-7.4092763194689315,-8.299892974445582,-20.0
2022-10-07,-9.470708285464228,1.1032675029005161,-3.684254726241733,-5.602892590093648,-7.670509843392327,-8.620390175844385,-20.0
2022-10-08,-10.05696303656311,1.1032683083719999,-4.398411993326787,-6.0283613560292295,-7.9736536331810655,-8.980476231864232,-20.0
2022-10-09,-10.454770185031157,1.1032683503016734,-3.602781482360826,-5.867911166920138,-8.080874029260544,-9.278269448390748,-20.0
2022-10-10,-10.333173318175351,1.1032681483410798,-10.447356525157936,-8.633213002693298,-8.902348751951793,-9.35526437670503,-20.0
2022-10-11,-12.651851696262602,1.103265843988742,-14.573848712788116,-11.63149789354677,-10.46065119619918,-10.146863726199763,-20.0
2022-10-12,-14.74224375585669,1.103248941786199,-17.061877510579478,-14.332153027274188,-12.165177969749855,-11.083092201792567,-20.0
2022-10-13,-16.46947509684594,1.10322665166541,-17.216452255137245,-16.144354447720236,-13.778491328120683,-12.133382514178658,-20.0
2022-10-14,-17.491071462700088,1.1032219008121271,-18.54967321742995,-18.029307898381383,-15.389943516491533,-13.14474048918288,-20.0
2022-10-15,-18.779118124253547,1.1031787961104393,-17.543184336837612,-19.033901849336324,-16.881389803868807,-14.30233549187083,-20.0
2022-10-16,-19.363158222208927,1.1031779387203726,-12.404027720878158,-17.69179041724823,-17.35556504062872,-15.07684502097715,-20.0
2022-10-17,-18.208072309007687,1.1031420827877871,-8.578190424764996,-16.011794093793288,-17.536950589315257,-15.798189263920245,-20.0
2022-10-18,-17.1924276448787,1.103137645494844,-10.322966594212586,-16.037786259629208,-17.949778592323717,-16.40432322326327,-20.0
2022-10-19,-17.807459508229318,1.1031091848681724,-14.340445248922006,-17.467122881369708,-18.74981313780738,-17.023094009158132,-20.0
2022-10-20,-19.321017505106685,1.1030436546468445,-17.289823335167714,-19.35954897487273,-20.0,-17.998939851459102,-20.0
2022-10-21,-20.87925553685399,1.1029914353479153,-11.891653334551927,-17.895074834823006,-20.0,-18.57697842820692,-20.0
2022-10-22,-19.49130096744624,1.1029019559020874,-8.024483392514965,-16.206444426996597,-20.0,-19.29119115944749,-20.0
2022-10-23,-18.423249246295633,1.102896422619308,-1.1510296547407783,-12.240269310321256,-18.66464255788984,-19.106520607580528,-20.0
2022-10-24,-15.696183892630765,1.1028415419241295,-1.2709538156424645,-10.711222178917332,-18.090736363745048,-19.430899057879632,-20.0
2022-10-25,-15.330414590167786,1.1028470437664362,13.08937889973421,-0.6578218617902322,-10.262945240131703,-13.436809356790096,-16.933333333333334
2022-10-26,-6.222001972558774,1.1031319534244033,16.192090930993718,3.801861771228873,-7.771029001130636,-12.72658966523793,-8.466666666666667
2022-10-27,-1.9791108343009505,1.1031423893372718,9.600243786533063,3.7891141505274377,-6.518979256313392,-12.077086319561298,-8.466666666666667
2022-10-28,-3.0173126184197145,1.1033533314487889,11.73106579995048,5.964281866831172,-4.521426713303814,-11.04530691577645,-8.466666666666667
2022-10-29,-1.3988424240605917,1.1035269868759037,15.648906825819706,9.12439720558117,-2.085931487883407,-9.790529224110896,-8.466666666666667
2022-10-30,0.9779196044743802,1.103702720149513,9.612384164890424,8.24833438280257,-1.1590344316438002,-9.058334080128516,-8.466666666666667
2022-10-31,-0.18176521575316276,1.1038597361289149,6.777730264677863,7.591561732034972,-0.4861314016087345,-8.641867717883999,-8.466666666666667
2022-11-01,-0.7120719777450559,1.1038596209762697,3.565689639771048,6.247389709411993,-0.2410327599569576,-8.344739219505255,-8.466666666666667
2022-11-02,-1.5982563108368204,1.1038658569627129,-3.1969540481706287,2.698164122263535,-1.020178011297694,-8.17880624932577,-16.933333333333334
2022-11-03,-5.879810221004302,1.1039364804146066,-3.206157603713052,1.3572388738572088,-1.367253696225359,-8.178300596738781,-20.0
2022-11-04,-6.93152755901008,1.103940740456401,7.691406489168573,5.030765588552655,0.4270599289634859,-6.401195704181192,-8.466666666666667
2022-11-05,-0.37954805239695,1.1042166492320868,11.069959700349314,7.685141640364391,1.9461167539999884,-5.654092638847109,-8.466666666666667
2022-11-06,1.4532621942542059,1.10422558730962,2.3032864600420835,4.905911704459147,1.5242900375248103,-5.157966678148558,-8.466666666666667
2022-11-07,-1.0804030988963294,1.1044480048697018,0.4463550380865297,3.764233133180742,1.4092313417174975,-5.023868182794948,-15.974011529628829
2022-11-08,-3.396857608499899,1.1044493142977214,-9.356384779294505,-1.494399890472128,-0.5148357885270617,-5.002350126424396,-20.0
2022-11-09,-8.035336082516881,1.104727037737617,-20.0,-8.945073003771618,-3.7724221659782526,-5.149403255208305,-20.0
2022-11-10,-12.791913626377607,1.1052876492910853,-8.476240510936453,-6.409953946424422,-3.5342860101579285,-4.653037160929523,-20.0
2022-11-11,-9.522842053753298,1.1054172700610645,-7.413793982380918,-6.6596660800871295,-4.207123919332641,-5.016441095267378,-20.0
2022-11-12,-9.572286695900345,1.1054208319003227,-9.440563907118367,-8.013667652013144,-5.268179413084649,-5.539500985629325,-20.0
2022-11-13,-10.669944644492606,1.1054208392958302,-10.87006345500603,-9.451450302686265,-6.45131294473732,-6.18726544052132,-20.0
2022-11-14,-11.70857531128045,1.1054149301398901,-9.286607670247252,-9.692051306366023,-7.2401097825544465,-6.757934455357847,-20.0
2022-11-15,-11.712223507461871,1.1054126433683515,-6.479827828697129,-8.957108085423535,-7.582263032671946,-7.183504196739278,-20.0
2022-11-16,-11.098872258139064,1.105405841036773,-6.091604405493814,-8.77759493496523,-8.014242133042522,-7.647123428497809,-20.0
2022-11-17,-11.171331038205917,1.1054033395304368,-6.845793680719277,-9.099612049458672,-8.580488666164225,-8.16423767293398,-20.0
2022-11-18,-11.64871449690616,1.1053981115088698,-5.910154227514533,-8.861848639585766,-8.934965272074626,-8.635170490029804,-20.0
2022-11-19,-11.571775326308023,1.1053976422594485,-4.367869416297654,-8.18392011047023,-9.05322902452489,-9.020855015217876,-20.0
2022-11-20,-11.192332643111381,1.1053964953718036,-7.381217673819003,-9.195056726812435,-9.640542998005236,-9.459355593488242,-20.0
2022-11-21,-12.308587379903729,1.1053729736097981,-9.157928387151562,-10.352579482647576,-10.476261788140134,-10.107692071558422,-20.0
2022-11-22,-13.285216895085965,1.1053611691279066,-6.266749710407502,-9.637029228613532,-10.634230881456586,-10.522196895104791,-20.0
2022-11-23,-12.614085352129838,1.1053311999906488,-3.0349505502479355,-8.172629998290622,-10.40111990730134,-10.79807499092717,-20.0
2022-11-24,-11.585252814004878,1.105320134204094,-2.3725638664517,-7.354308901036434,-10.283701909374283,-11.111827478098316,-20.0
2022-11-25,-11.301324236932013,1.105320149342334,-2.3695871715706254,-6.855834502975764,-10.212742689173734,-11.427073002158844,-20.0
2022-11-26,-11.244475681557773,1.1053202800052897,-2.294445749314473,-6.440731365755136,-10.132935484659267,-11.726984110511804,-20.0
2022-11-27,-11.184758114163433,1.1053203612020752,-2.3378729007777137,-6.143443535055652,-10.067522421336731,-12.018444857288491,-20.0
2022-11-28,-11.178610963239139,1.1053204900585618,-3.908747492474858,-6.577562957676819,-10.24771441812973,-12.356804600553485,-20.0
2022-11-29,-11.736492396929231,1.105322003286719,-2.9892904014833284,-6.220590984740335,-10.189608194146166,-12.636851777924292,-20.0
2022-11-30,-11.50337253937427,1.1053210351750389,0.7824989243108635,-4.3412780706526055,-9.399570808462396,-12.529359935445276,-16.933333333333334
2022-12-01,-9.377760236592547,1.1053193797199279,0.2939423471672343,-3.800289006607625,-9.05201020967128,-12.629543061098396,-16.933333333333334
2022-12-02,-9.311515681289892,1.105323249087908,1.6994539140974343,-2.6487576731087046,-8.425702161986303,-12.59552174058533,-16.933333333333334
2022-12-03,-8.600307879042832,1.1053283220612315,2.037439530907297,-1.837253158570848,-7.8731997985518145,-12.582720050158812,-16.933333333333334
2022-12-04,-8.2212271914197,1.1053285140881381,2.765639541493728,-0.909422651842638,-7.220806714405502,-12.492347846980095,-16.933333333333334
2022-12-05,-7.690956525028436,1.1053315054527897,1.5566876282891071,-0.8265457534972352,-6.854151034722944,-12.473611334023952,-16.933333333333334
2022-12-06,-7.854716508945953,1.105334315977946,0.6388267366968013,-0.9232046099961072,-6.5998129746499,-12.491818289228185,-16.933333333333334
2022-12-07,-8.026793844188122,1.1053345087021644,-2.8464384426994136,-2.3472401507915057,-6.854064920799699,-12.572184454301844,-20.0
2022-12-08,-9.864179210907148,1.10535579728529,-1.701530736540626,-2.2869936006673424,-6.729061434895792,-12.61378763341512,-20.0
2022-12-09,-9.579347220246428,1.1053592890534087,-2.2677699859775418,-2.6692416101671843,-6.796152159805799,-12.745406773026154,-20.0
2022-12-10,-9.832973557033341,1.1053607883629493,-1.788816784486526,-2.638783806269344,-6.747181341160212,-12.852209191607214,-20.0
2022-12-11,-9.73314358928606,1.1053609775397202,-3.6451706941185633,-3.5159147941990034,-7.0291630171339,-13.021796056254152,-20.0
2022-12-12,-10.437324483043064,1.1053667109673249,-3.89741745834561,-3.989757510896109,-7.270282522757598,-13.256089197935175,-20.0
2022-12-13,-10.702945361186234,1.1053667922465438,-0.1398355007542016,-2.5902250126925472,-6.715875110461358,-13.062016285531667,-20.0
2022-12-14,-9.397400528234318,1.1053697139131546,-1.9854938289605064,-3.017006535280127,-6.773540137740287,-13.106292834374072,-20.0
2022-12-15,-9.922419370233952,1.1053814087464926,-5.703822389708642,-4.6919714572272895,-7.358762585908948,-13.303629705453435,-20.0
2022-12-16,-11.28787465193505,1.1053932293403692,-17.80343834478859,-10.116445028275386,-8.33433603946219,-11.228691498658094,-20.0
2022-12-17,-14.918284228557669,1.1053379312721074,-17.639103626599983,-12.740475814364435,-10.12925436864032,-12.162833213083967,-20.0
2022-12-18,-16.065119885736372,1.1053220975872693,-15.770910526698213,-13.987658209075375,-11.549185103095937,-13.060297821306598,-20.0
2022-12-19,-16.44013641593292,1.1053225174605834,-17.69003929736777,-15.971085114228764,-13.087036120495789,-13.798217591650728,-20.0
2022-12-20,-17.803617857290646,1.1051780521986367,-13.684961534036711,-15.639929572853278,-13.955852691804507,-14.566315318829332,-20.0
2022-12-21,-17.206161633202907,1.1051259885891886,-12.844067600622951,-15.811471576138896,-14.894821702484698,-15.394796677490998,-20.0
2022-12-22,-17.44850286375582,1.1051027956474504,-9.627600170512212,-14.779578579661775,-15.308767382788098,-16.086454893631924,-20.0
2022-12-23,-16.753645388390826,1.1050867229464862,-6.312368226510551,-13.150359729214726,-15.310608301128472,-16.62716515614965,-20.0
2022-12-24,-15.780607822574037,1.1050768209101178,-4.662234562303175,-11.822908224264772,-15.2421233418691,-17.140301830332948,-20.0
2022-12-25,-15.220792646130887,1.1050769685407906,-3.6399957865149,-10.6794638913675,-15.093034252787287,-17.601832336044247,-20.0
2022-12-26,-14.811198621653169,1.1050770370133454,-0.1302340663913594,-8.347688715081274,-14.24434612556421,-17.661548916582788,-18.77592639093148
2022-12-27,-13.07511477611016,1.1050685689826025,-1.4015506867470269,-7.763851288716078,-13.920783358106984,-17.89991849053453,-20.0
2022-12-28,-13.47888207554565,1.1050781432456545,-6.974716479731624,-9.380497403568883,-14.130950870240984,-17.91006619946915,-20.0
2022-12-29,-15.117168272764394,1.1051170555838188,-9.505319227351029,-10.939412877032764,-14.881318587892723,-18.562696041488717,-20.0
2022-12-30,-16.331074167304344,1.1051124081281425,-8.093223846614418,-11.052658284118884,-15.240194203488404,-19.14505443302245,-20.0
2022-12-31,-16.25196637707164,1.1051078779487087,-6.642988335974344,-10.72860924263344,-15.423406063469956,-19.68034662720987,-20.0
2023-01-01,-16.018616142485985,1.1051078803322518,-3.2950648292803577,-9.193085885164583,-15.007832847384282,-19.91306173697012,-20.0
2023-01-02,-14.898703914537103,1.1050967899409243,0.0500800310106344,-7.10256763022889,-14.21171701356966,-19.97229011406089,-16.933333333333334
2023-01-03,-12.85664315346636,1.1050955093218564,0.4827686835283558,-5.916083424563623,-13.638147234944842,-20.0,-16.933333333333334
2023-01-04,-12.378138358055295,1.1050962948521699,7.980740805374516,-1.323904252433688,-10.818893517534582,-18.32871097342228,-16.933333333333334
2023-01-05,-8.714728995710797,1.1052539835631003,9.710896072385824,1.383305050552375,-9.174281782233964,-17.9152718401374,-8.466666666666667
2023-01-06,-5.407368527683902,1.105258010585158,13.491557499828335,4.942583616798571,-6.739006204077241,-16.703231175837818,-8.466666666666667
2023-01-07,-2.9790718962099323,1.1054264597068948,11.86220078927276,6.345817453257039,-5.184767590413823,-16.119318276012653,-8.466666666666667
2023-01-08,-2.556363634146861,1.1054321451601539,18.43216864494395,10.453384898660202,-1.6780124464515458,-12.976507314968131,-8.466666666666667
2023-01-09,1.275417509949013,1.106294485057657,20.0,15.477144578190137,2.053920152478586,-10.22725477508178,0.0
2023-01-10,6.045885256124379,1.107150479357783,20.0,19.25583035281856,5.209044074748529,-8.613302869532491,0.0
2023-01-11,7.939017909092873,1.1072064018506995,20.0,20.0,7.688328281977411,-7.1918848388369625,0.0
2023-01-12,8.967600413040437,1.1072083929582004,20.0,20.0,9.989284665306805,-5.635616917017941,0.0
2023-01-13,9.822352306183387,1.107276219176071,20.0,20.0,12.296640948273163,-3.49184194662669,0.0
2023-01-14,10.811590289912013,1.107635981611898,20.0,20.0,14.922499493682562,-1.659729460615538,0.0
2023-01-15,11.799741814568144,1.1076913393015921,20.0,20.0,16.796259612973596,-0.1005353414645185,7.161016773552682
2023-01-16,14.146712328681556,1.1076913805152262,17.97784838572689,20.0,18.11186724057857,1.297690272481593,8.466666666666667
2023-01-17,14.589191756570319,1.1076909284592702,11.93824436966612,20.0,18.42579257994121,2.374911046892729,8.466666666666667
2023-01-18,13.55939082302908,1.1076917450834018,-0.8912821836356708,14.405783146417308,15.208761473154995,2.41857965712862,0.0
2023-01-19,6.899636718678813,1.1077759462750665,1.414979671416071,12.567621841366972,14.499425532983862,2.9408834136472453,8.466666666666667
2023-01-20,8.838529281722849,1.1078745274469197,12.391928452201944,14.475107919710952,14.016689234859372,3.6960369975599807,8.466666666666667
2023-01-21,11.75596526322309,1.1080826197711868,15.218283070175197,16.716185569131447,15.501406000387524,4.875448060304148,8.466666666666667
2023-01-22,13.469437664884172,1.108085164155807,17.004345876392872,18.610140865808912,16.941814323375247,6.094616311585785,8.466666666666667
2023-01-23,14.874468514620355,1.1080902811480036,14.70596856792392,18.849192950534785,17.971064604918222,7.20528340041428,8.466666666666667
2023-01-24,14.892303532001492,1.108088372055862,4.744495222709825,14.266347167167703,16.375655225582275,7.281858610981576,8.466666666666667
2023-01-25,11.332020137338251,1.1080487986703897,7.42299207697248,13.924381831194154,16.203856361354884,7.791306088251811,8.466666666666667
2023-01-26,11.924896272861886,1.1080721886408194,9.817322110022868,14.653209740868048,16.843286362583143,8.642073623192418,8.466666666666667
2023-01-27,12.947316472999363,1.1080751001567903,13.231224777669109,16.188209382393268,17.71626018615771,9.552378524727574,8.466666666666667
2023-01-28,14.439245529448689,1.108073306095622,8.987348598649668,14.931272534495005,17.69992095330313,10.171662901849633,8.466666666666667
2023-01-29,13.353584309858213,1.108054894246913,12.755810593018968,15.991446631195146,18.00596375061437,10.731939667887428,8.466666666666667
2023-01-30,14.6155294178006,1.1080458278463297,1.4856949431413011,10.374160780581194,14.987748238194788,9.73421331790728,8.466666666666667
2023-01-31,9.981969972172564,1.1079140847480227,5.13152806399244,10.368043661391855,14.565680352926014,9.856030166791562,8.466666666666667
2023-02-01,10.722294524313066,1.1079509222290338,7.965706594689066,11.356656130643346,15.089191181598778,10.515794880213784,8.466666666666667
2023-02-02,11.831608104775555,1.1079526426524764,8.12416991382553,11.738525729556152,15.55177011207555,11.205447937572693,8.466666666666667
2023-02-03,12.20667085861837,1.1079532237173708,9.285140380590844,12.468586677346837,16.114661553830754,11.909769451014949,8.466666666666667
2023-02-04,12.90651341238059,1.1079536656116618,6.599534715299138,11.634076122910438,16.12901683535899,12.43450607611991,8.466666666666667
2023-02-05,12.245873880343662,1.107947136107521,2.05788639413406,9.368041454244402,15.385713039098889,12.612735740983512,8.466666666666667
2023-02-06,10.612061633360774,1.107938030078419,-3.5563084851817446,5.825759609284533,13.7800849578695,12.334004012278823,2.490848411796459
2023-02-07,6.841395690512184,1.107940273727545,2.2605901837256983,6.51600320201262,13.199259311215268,12.096294693072917,16.933333333333334
2023-02-08,11.303374731268281,1.108054915958422,1.5688144135002609,5.956276061062678,12.836348476610846,12.300942241625751,16.933333333333334
2023-02-09,10.990944239208964,1.1080538252370211,-10.21749266925409,-0.4927324135275481,8.394092233087674,9.669848224481653,0.0
2023-02-10,1.6297179858910809,1.1080915583696582,-13.470406897929896,-4.181294728262265,6.271973099952264,9.01430894401824,0.0
2023-02-11,-0.5242252657693008,1.1081020671963329,-8.645161941164863,-4.31444253559145,5.207223087195328,8.555475027841183,0.0
2023-02-12,0.1779941975984535,1.1081783562600698,-7.826433577405094,-4.9807458538224045,4.127831349949043,8.141233394898537,0.0
2023-02-13,-0.1192663532180597,1.1081871229013034,-8.379004715470717,-5.984156969939946,2.932928150938255,7.6301652450717246,0.0
2023-02-14,-0.842244778946129,1.1081968991127809,2.904188662001058,-1.347901865898857,3.493435533272544,7.015550624040052,8.466666666666667
2023-02-15,4.551913356548373,1.1084957000595135,14.6447534186768,5.279762540478141,5.440612565716463,7.005621163672148,16.933333333333334
2023-02-16,10.931304576111037,1.1085597688999376,5.362946901171911,3.749191137558271,4.865096084854347,6.382092467779575,16.933333333333334
2023-02-17,8.267570595175693,1.1084715614104548,7.006665892220537,5.0298428020988615,5.52779742110135,6.625352990361146,16.933333333333334
2023-02-18,9.11671661269471,1.108469504765794,7.359081070150492,5.97286050589789,6.2367409692573545,7.039264809392183,16.933333333333334
2023-02-19,9.65283694452641,1.1084695709444081,4.50669223941941,5.38407585497252,6.3587852864931325,7.246372418030748,16.933333333333334
2023-02-20,8.962877389395397,1.108464214008561,4.4587055828130495,5.463621343785015,6.659014594952324,7.5365017673957775,16.933333333333334
2023-02-21,9.100749731146799,1.1084639320919727,0.2782359544710431,3.65521091598681,6.110651319989239,7.447657820898497,10.819762379604557
2023-02-22,6.276417750910103,1.1084565766201322,-2.068406583758339,2.023018668886,5.498566604674771,7.374104428519269,8.466666666666667
2023-02-23,4.720684146580716,1.1084566729627268,-4.521139358404035,0.093795863544277,4.588560586701123,7.1326507571925575,0.0
2023-02-24,1.6169929025915528,1.1084605150926365,-9.821906953369574,-3.3689483936990987,2.758261176392515,6.3253635440757,0.0
2023-02-25,-0.9105790031723981,1.1085072716333946,-11.271859709396828,-5.743899122906525,1.2203131288095046,5.726608002677614,0.0
2023-02-26,-2.2322879328857117,1.1085132163292046,-7.704585697058241,-5.738854691193858,0.4668204217295345,5.324528608840516,-6.121897376223804
2023-02-27,-3.0537742704006337,1.1085293916654322,-7.251397378552461,-6.228224037883917,-0.3901210029355554,4.875799590566765,-8.466666666666667
2023-02-28,-3.8711376136597018,1.108534502951809,-10.561041775469713,-8.170578557798805,-1.847039092403183,4.054494768695665,-8.466666666666667
2023-03-01,-5.54083383993287,1.1085733339912818,-7.034822661296414,-7.616269734425133,-2.3926780809750685,3.59171179977011,-8.466666666666667
2023-03-02,-4.859772497171759,1.1085892133303878,-8.585307395064566,-8.54756504848686,-3.4056285755416176,2.9228696680540955,-8.466666666666667
2023-03-03,-5.783000363878856,1.1086063735551877,-10.515417315792565,-9.954121123434987,-4.642152601918094,2.1599688929405017,-8.466666666666667
2023-03-04,-6.966192147853737,1.108617025032854,-12.042721155007644,-11.447228752237626,-5.990329082733695,1.313718964975684,-10.0078723123346
2023-03-05,-8.464238669620386,1.10862665812867,-10.742434778563876,-11.846720775639428,-6.988424111346765,0.572968242033606,-20.0
2023-03-06,-10.865561431281899,1.1086264247029316,-11.451050719986148,-12.703212727622166,-8.114094069712976,-0.2724859740808413,-20.0
2023-03-07,-11.649709565243336,1.1086336639370582,-10.120693961815055,-12.765580550532825,-8.963642127422565,-1.0298382325485724,-20.0
2023-03-08,-11.724854382860592,1.1086335792564541,-13.384788835621148,-14.284625549643476,-10.186619614038118,-2.0186706725832724,-20.0
2023-03-09,-13.275921070189915,1.108641883324694,-15.486012214306191,-16.06039033627626,-11.720238714336364,-3.11948162535992,-20.0
2023-03-10,-14.719682040790037,1.1086414901137054,-11.99452913304964,-15.592043211704652,-12.485360554982329,-3.975451522371209,-20.0
2023-03-11,-14.201015032081667,1.1086334875511146,-13.394205229830837,-16.359692865464776,-13.511618095263527,-4.947103041677626,-20.0
2023-03-12,-15.124369037271164,1.1086195785693786,-1.2621851300918112,-10.266049701376623,-11.041185981086755,-4.568529090264966,-20.0
2023-03-13,-10.449618778837374,1.1084082782959763,6.876107271478899,-4.99260540360263,-8.990846522542638,-4.230000445173533,-16.933333333333334
2023-03-14,-6.26723168775711,1.1084331956468096,8.0335945006786,-2.120947764302406,-7.65145801317427,-4.067706018340358,-16.933333333333334
2023-03-15,-5.041120444371861,1.1084330602550334,-0.2394705718058753,-3.590581735408695,-7.437947853380034,-4.162364039082957,-20.0
2023-03-16,-7.855747675533823,1.108617968370378,-2.0271211025469595,-4.220519415635216,-7.536832266493215,-4.456045791062713,-20.0
2023-03-17,-8.478827592225729,1.1086182808207476,6.753698735852071,-0.0389875252739283,-5.2186274439401545,-3.646952309883544,-16.933333333333334
2023-03-18,-4.231742057134532,1.1087029168162237,3.5944558242108413,0.0309865441730164,-4.676052544340725,-3.538290670706872,-16.933333333333334
2023-03-19,-4.772618395092012,1.1087646280532808,5.097191945940004,1.335252562550518,-3.767521915990308,-3.2892290338812136,-13.677720972431958
2023-03-20,-3.171582979664688,1.1087878969528333,0.0643005043234121,-0.1278599894967707,-3.839080379800176,-3.3332386801398632,-20.0
2023-03-21,-6.040003438948835,1.108832129087409,10.534321064471255,4.452969086705855,-1.129622489422598,-2.029746330863051,-8.466666666666667
2023-03-22,0.7457240113578674,1.1092941265279783,8.735786403077864,5.351821037956221,-0.138067136377154,-1.5924641220627846,-8.466666666666667
2023-03-23,0.863143842261779,1.1093226030936285,10.776601806843289,7.291388508403295,1.2935264987120516,-0.9364830369434728,-8.466666666666667
2023-03-24,2.2095066372991674,1.1093719546666947,5.970485957953532,6.311368993538647,1.6530700555172964,-0.6252754824306452,-8.466666666666667
2023-03-25,1.0745745053764835,1.1094139055447108,1.2092867200579762,4.359214471071401,1.4337357916809448,-0.5407586489901265,-8.754193887303993
2023-03-26,-0.5087193937580148,1.1094254430843202,1.1994004350285294,3.7816839046768793,1.524199734942465,-0.3684092283365409,-8.466666666666667
2023-03-27,-0.5169479618136621,1.109429514897212,-2.434479015174052,1.7265738500800274,0.9342846664735508,-0.4497652761540736,-17.457579527694097
2023-03-28,-3.9231949640036783,1.1094402644000199,4.449928155752914,3.810055961182687,1.7915035602854377,0.0157008680464091,-8.466666666666667
2023-03-29,0.3551902294874889,1.1096075418787958,9.82573973547838,6.706392591248364,3.2072778773714905,0.6934766487522962,0.0
2023-03-30,4.534623975539878,1.109638595905812,8.324563809635913,7.356200989880808,3.990570902116292,1.1861197047283805,0.0
2023-03-31,4.628845901926082,1.1096382113117962,13.683290989634925,10.256304377267048,5.598375629931433,2.029089590909659,0.0
2023-04-01,7.005878136682702,1.1096817388507436,11.122461241000464,10.685122762475055,6.547554198454558,2.685773065693352,8.466666666666667
2023-04-02,8.768178282031435,1.1096830963182391,5.39434228293831,8.874488437122421,6.529300781147345,3.003337389572358,8.466666666666667
2023-04-03,7.1614199234055045,1.1096736454847225,5.082145240535599,8.469285907190912,6.866919522328836,3.4437875883078366,8.466666666666667
2023-04-04,7.174885285194832,1.1096737571700086,5.099571660364358,8.303904259667409,7.238454123608907,3.903693304938293,8.466666666666667
2023-04-05,7.326576321678065,1.1096740514357726,5.468213001472959,8.376671285413305,7.658990430747038,4.38669920443841,8.466666666666667
2023-04-06,7.625069527845955,1.109674321509001,1.3649593603006955,6.47358974172684,7.203908038769635,4.5212246364219295,8.466666666666667
2023-04-07,6.220863022832976,1.1096656602907706,0.3063305200256435,5.345983907438202,6.928193373101673,4.713396580665367,2.3908893498083423
2023-04-08,4.368708039929529,1.1096656890645735,0.6671045549864966,4.833161476633467,6.789991168195866,4.930826786162295,8.466666666666667
2023-04-09,5.700965202756065,1.1096660972472299,2.2896907334335364,5.087528617621317,6.912229208809027,5.223598729207459,8.466666666666667
2023-04-10,6.20963002450106,1.1096664594792267,5.484938002840391,6.383201287141572,7.4549341254814,5.649835120003052,8.466666666666667
2023-04-11,7.421351181047189,1.1096658878270957,7.386035927901844,7.680174803431032,8.175592013990366,6.187000773981658,8.466666666666667
2023-04-12,8.410260526369623,1.109665678390632,8.310810990648994,8.750809682318536,8.929856429740715,6.77020257560511,10.645481907149335
2023-04-13,9.633488664396546,1.109665814640925,14.937032337435651,11.931114229455565,10.150084542714664,7.260770389245115,16.933333333333334
2023-04-14,13.584461430364605,1.1096179771288632,19.612620494952036,15.551504695037252,12.150388928619735,8.29747941777718,16.933333333333334
2023-04-15,16.099095404152617,1.1095887287863602,20.0,19.06673734689516,14.346503387056844,9.471184631956676,16.933333333333334
2023-04-16,17.712325137201233,1.1095478892073576,20.0,20.0,16.22869354474374,10.78413597737712,16.933333333333334
2023-04-17,18.6284390943118,1.1095467893147104,9.965169383119356,16.43727279914506,15.370188700643268,10.834502593968312,16.933333333333334
2023-04-18,15.430047754935206,1.1094294058340932,9.542915826703856,15.637255484602054,15.720748969659695,11.487607656459105,16.933333333333334
2023-04-19,15.381322755898024,1.1094135727127619,-2.4468102505128577,8.650658673802024,12.376880362066055,10.087401709630443,8.466666666666667
2023-04-20,8.238207638835446,1.1092301922336503,-10.39146514531364,2.821191872336993,9.764975886702132,9.32047451490262,8.466666666666667
2023-04-21,4.433041026937684,1.1092672609075134,-16.9629505498217,-3.171126411289753,6.496741819146392,8.086698480291226,0.0
2023-04-22,-1.2316166853091892,1.109437313572769,-11.6989163127848,-4.128444243620875,5.01788599524218,7.511304178311072,0.0
2023-04-23,-0.7319102565875446,1.1095701125582123,-11.230169091939995,-5.635208659775825,3.492456665660709,6.951857461115909,0.0
2023-04-24,-1.424954218922622,1.1095935986276064,-11.443209900826814,-7.094671465603354,1.97568261704651,6.34043770128627,0.0
2023-04-25,-2.268424756264865,1.1096056470069287,-5.819783554049278,-5.727612905145679,1.511793612885233,5.973652544614479,0.0
2023-04-26,-0.9014690539513793,1.1096505212965717,-0.991334890487415,-3.6501577952355446,1.6280549031543936,5.883202109706024,0.0
2023-04-27,0.6368920266936474,1.109659111500868,3.7115220818243984,-0.8833176020232457,2.2876821126857205,5.9921081914602725,8.466666666666667
2023-04-28,4.344271460324032,1.1096670742644712,2.254742549341307,-0.3348934245958662,2.3762820796408146,5.967023312847011,8.466666666666667
2023-04-29,4.156774736608321,1.109667491161492,0.8143989126056554,-0.3558512144419803,2.301255702881105,5.919316897783364,8.466666666666667
2023-04-30,3.8052242867610193,1.1096674344603943,-2.4221410404982766,-1.5799081234086103,1.7117225396485247,5.635363796384438,0.0
2023-05-01,0.7423770905696011,1.1096694182590396,-6.519479231097798,-3.784281177803475,0.5905059575249967,5.092998967938741,-8.440974149973172
2023-05-02,-2.8987450105341264,1.109675387346042,-4.764514846198071,-3.97589483647448,0.1055694375791956,4.796397978021575,-8.466666666666667
2023-05-03,-2.7309455713693067,1.109679559146987,-2.634948480681256,-3.4861831340390537,-0.0807329512193357,4.614198778040655,-8.466666666666667
2023-05-04,-2.2314192837557916,1.1096804754762746,-4.600703371642473,-4.368055803346876,-0.7511703240321522,4.205909190819178,-8.466666666666667
2023-05-05,-3.102832565114012,1.1096853004045917,-1.4408481361176928,-3.302399918441341,-0.6958166655448433,4.045424087895123,-8.466666666666667
2023-05-06,-2.188379892466479,1.1096915269142098,-7.028671076022979,-5.461239156025595,-1.8279551489061576,3.2639169524882665,-8.466666666666667
2023-05-07,-4.332463152133014,1.1097148145739477,-8.832661672038272,-7.10095610225279,-2.931218840737391,2.6719816316388405,-8.466666666666667
2023-05-08,-5.473012822572918,1.1097159345263345,-12.65626020071814,-9.67676063396056,-4.519351712467158,1.756444529380715,-16.933333333333334
2023-05-09,-9.3282433454185,1.1097320111687732,-12.997015559454288,-11.279198838295349,-5.9359346045885495,0.930847256848782,-16.933333333333334
2023-05-10,-10.257182757232203,1.1097331764859508,-8.5114969933347,-10.427561486454792,-6.42489790224462,0.3751894424193329,-16.933333333333334
2023-05-11,-9.304487705510303,1.1097353955229181,-10.44124091374585,-11.384977741493318,-7.438560591498826,-0.4204223760257225,-20.0
2023-05-12,-11.027564834941433,1.1097433918723454,-4.425354277234653,-9.085734983704713,-7.141852619533145,-0.7561621231337001,-20.0
2023-05-13,-9.190726317196926,1.1097470638819582,-5.030209416082984,-8.841573120681138,-7.474622927712394,-1.2524960884387997,-20.0
2023-05-14,-9.454831914738344,1.1097506708000184,-1.3891132767032606,-6.944400456345499,-7.077139010728497,-1.472567602076079,-20.0
2023-05-15,-8.18626090776374,1.109754087495792,-2.273934142289209,-6.586602262098777,-7.127768906755112,-1.817561749903196,-20.0
2023-05-16,-8.39105925658028,1.1097562242165984,-1.5656297421883754,-5.8757992553098894,-7.0239024664606085,-2.089500548280722,-20.0
2023-05-17,-8.113393006768659,1.1097565711767003,2.556269793438174,-3.5180994373603567,-6.109218032627823,-2.0401862371520503,-16.933333333333334
2023-05-18,-5.780671773751419,1.1097653723559995,1.1975667929968898,-3.0728497628131093,-5.808753937994867,-2.162592733827617,-16.933333333333334
2023-05-19,-5.943907996444826,1.1097677771249852,-1.0840742720029362,-3.50302952157898,-5.860864998824585,-2.395409108317654,-20.0
2023-05-20,-7.289711737951383,1.1097688794353053,-2.5997512016490814,-4.086805271080876,-6.058589986608051,-2.680700467334605,-20.0
2023-05-21,-7.86290209385294,1.1097691058915589,-5.956573999124041,-5.705204151608093,-6.695906788321262,-3.13042428544151,-20.0
2023-05-22,-9.208475209323458,1.109772821833816,-1.683176236020821,-4.369370320385343,-6.264563965933335,-3.192131497731065,-20.0
2023-05-23,-7.881447079294371,1.1097740518988848,1.0991931260847596,-2.8889460295013047,-5.731226687296743,-3.2039901245869022,-16.933333333333334
2023-05-24,-6.138899762269317,1.1097752005021533,-2.11542873143531,-3.637414984536661,-5.889215465547256,-3.42650982587258,-20.0
2023-05-25,-7.783684818659522,1.109780786467059,-6.004949732666469,-5.398429732783544,-6.572646185562036,-3.858244050023521,-20.0
2023-05-26,-9.285402475931631,1.109784220244411,-3.5544102436744227,-4.961136199210957,-6.567900321265825,-4.066537506308799,-20.0
2023-05-27,-8.689606816057124,1.1097842027249203,0.079444731018573,-3.412560715913753,-6.06133614224078,-4.079465984326938,-20.0
2023-05-28,-7.429773129881933,1.1097854014492647,9.953990911796048,1.8577371654440984,-3.438924640662779,-3.065751572201246,-8.466666666666667
2023-05-29,-0.7013307394013645,1.10983582380507,8.87349794755722,3.432073533652492,-2.3007112919651456,-2.68072014055904,-8.466666666666667
2023-05-30,-0.2536042470598225,1.109839556770872,7.015776843085033,4.012888892184135,-1.4989401728647278,-2.379189164633189,-8.466666666666667
2023-05-31,-0.292138636404159,1.1098393651007703,3.4519580797999168,3.2285087918244413,-1.2471541338050771,-2.2402794410987967,-8.466666666666667
2023-06-01,-1.1705786385563954,1.1098407458768236,-3.9622141556894777,-0.0841259178207786,-2.0784622738809637,-2.4416762405231034,-20.0
2023-06-02,-6.340910984963584,1.1098517035358788,2.723534829908394,1.7646563325388394,-1.131813756892159,-1.969714712567703,-8.466666666666667
2023-06-03,-1.571613488080418,1.1098959081965678,2.782145694241514,2.132071881035004,-0.7543445533151695,-1.797813491174436,-8.466666666666667
2023-06-04,-1.3550956918161465,1.109895904563283,3.2594109877718584,2.634288687090671,-0.3085840859304652,-1.5870014723461552,-8.466666666666667
2023-06-05,-0.9919260746553993,1.1098963965831314,-10.095981068466472,-3.36055323636444,-2.2313348177919448,-1.9631428032450973,-20.0
2023-06-06,-8.358277346810302,1.109967158819945,-11.390237031083997,-5.903705713689724,-3.59568736280217,-2.5442625010035256,-20.0
2023-06-07,-9.642040990851585,1.1099674023860127,-20.0,-11.198763806969348,-5.913393593061485,-3.287259505025616,-20.0
2023-06-08,-13.409034972760692,1.1100301674963793,-20.0,-14.357737799411744,-8.20275382744097,-4.421791190476905,-20.0
2023-06-09,-14.870465934932314,1.1100297951539086,-20.0,-18.07786759145486,-10.42487168410918,-5.413769156080224,-20.0
2023-06-10,-16.408306021377815,1.1099216108504175,-20.0,-20.0,-13.391583127837585,-6.899979691368136,-20.0
2023-06-11,-17.82147219026125,1.109797316462145,-20.0,-20.0,-16.275944528537032,-8.61842866893717,-20.0
2023-06-12,-18.843085015185228,1.1097958737120313,-20.0,-20.0,-18.19075635074061,-10.091016712116533,-20.0
2023-06-13,-19.594765550303233,1.1097854557334075,-18.87605264367965,-20.0,-19.533592030045007,-11.418500895028622,-20.0
2023-06-14,-19.937980175963983,1.1097846921878018,-19.28269210894844,-20.0,-20.0,-12.606894597218172,-20.0
2023-06-15,-20.393027229120012,1.1096484356998124,-17.494950089781657,-20.0,-20.0,-13.973153539975517,-20.0
2023-06-16,-20.29948178107641,1.1096481164212313,-14.213128251538654,-20.0,-20.0,-15.169524007894172,-20.0
2023-06-17,-19.836591576292886,1.1096443814800465,-9.960733478328653,-20.0,-20.0,-16.107508515581543,-20.0
2023-06-18,-19.1006997005017,1.1096252960443398,-9.856957081803207,-19.93592506688965,-20.0,-17.03156425871003,-20.0
2023-06-19,-19.268161700056396,1.1096046388620302,-7.494107544759825,-18.257370196778684,-20.0,-17.869288136175864,-20.0
2023-06-20,-18.55706405154529,1.1095966328915734,-2.653155318979062,-15.071137467796683,-20.0,-18.199183125646588,-20.0
2023-06-21,-16.84828431349567,1.10955696581451,5.787408182461496,-9.11795749593746,-18.812415073380592,-17.159565033194664,-16.933333333333334
2023-06-22,-12.479193984252035,1.1095405470151674,8.899997195182745,-5.191150704411944,-16.852868987921717,-16.981076902070477,-16.933333333333334
2023-06-23,-10.442776917465407,1.1095542616999607,11.486373003546223,-1.448482273172191,-14.558913277720146,-16.472099293895543,-16.933333333333334
2023-06-24,-8.416786700827737,1.1096194809250397,7.208758949098845,-0.8507449544747319,-13.263204034489387,-16.184053121153756,-16.933333333333334
2023-06-25,-8.882719338197347,1.1097135812146925,6.467490265680559,0.1099535862327879,-12.05432694651882,-15.994814680160385,-8.466666666666667
2023-06-26,-6.6446640642300965,1.109723959241134,-0.1228760803811629,-1.7840602337796692,-11.641046685315684,-15.658815689695798,-20.0
2023-06-27,-10.922657679657824,1.109872819470909,1.077579951017127,-1.4423206836804865,-10.92370313802208,-15.497351803015349,-16.933333333333334
2023-06-28,-9.704693607878529,1.1098910051841502,-7.4950923101953615,-4.977793914683517,-10.967384082490122,-14.611877712511255,-20.0
2023-06-29,-12.88883053312589,1.1101079781502696,-5.02224030542614,-5.097574237204046,-10.872322857305706,-14.64111783759893,-20.0
2023-06-30,-12.35155173285752,1.11008709450136,1.5385833594749352,-2.5572495554226187,-9.575971939051549,-14.03969787500187,-16.933333333333334
2023-07-01,-9.228608712426396,1.1100705016922299,5.529535715946135,-0.0220782138837748,-8.270260646413433,-13.649833482965862,-16.933333333333334
2023-07-02,-7.403358421259163,1.1100829320597745,5.529180981613638,1.221149037737108,-7.325804642447295,-13.410371649175072,-8.466666666666667
2023-07-03,-4.984832126033528,1.110083343363446,7.164875722622358,2.937923775277368,-6.065437835546126,-12.933196251356806,-8.466666666666667
2023-07-04,-3.854830164452744,1.1101021988965778,4.578360752656536,2.850037396111523,-5.439511948228737,-12.660088698744488,-8.466666666666667
2023-07-05,-4.249057608809978,1.1101177388675167,-0.9054423632672752,0.8024158624333338,-5.58836225219883,-12.49489989332674,-16.933333333333334
2023-07-06,-7.797727913981826,1.1101668347242877,-4.95514811717953,-1.555062041877454,-6.194025918080731,-12.65429586330959,-20.0
2023-07-07,-10.07122595881681,1.11017988545569,-2.346213616937048,-1.4315306102880416,-6.037487328516626,-12.544993102329984,-20.0
2023-07-08,-9.405528179245332,1.1101839349491172,1.886707519788665,0.1371259777462525,-5.270472554241405,-12.188736583476082,-16.933333333333334
2023-07-09,-7.187110197493074,1.1101941389404149,-0.5006180473788644,-0.4759121030619544,-5.231510348709141,-12.07489580839088,-20.0
2023-07-10,-8.500449841618531,1.1102139309967378,0.7208517291883619,0.0106648531156777,-4.870824782590584,-11.93895620229576,-16.933333333333334
2023-07-11,-7.33001973726357,1.1102188685173402,3.594749068338043,1.467076721816439,-4.055300320748247,-11.57130496176952,-8.466666666666667
2023-07-12,-4.225853179997463,1.1102291293802702,1.8495751847799493,1.301146809391153,-3.7835054545279503,-11.41093913820525,-8.466666666666667
2023-07-13,-4.554273886672918,1.110235848715405,18.45015145102911,8.59996418327299,1.5954405616880516,-4.041194102481959,-6.330104681569715
2023-07-14,4.0642314082673225,1.1120100031020088,12.064999497863704,8.590796133248888,2.5582302324242545,-3.1914439579179064,0.0
2023-07-15,4.455531306428409,1.1126265652028755,8.626038345633779,8.407261942042256,3.287040342827353,-2.7013545455104016,0.0
2023-07-16,3.920671263299139,1.1126268118908895,3.4538550711219638,6.559144605938156,3.2357926796316674,-2.441806725488745,0.0
2023-07-17,2.4048860551561706,1.1126534897078677,0.8443565927151051,4.997741071794799,3.0615618146769448,-2.2848246035652617,-6.583016620535699
2023-07-18,0.007970665752151308,1.1126541107374799,-0.6250076866798157,3.657508827360473,2.7893245611389994,-2.1871610806814954,-8.466666666666667
2023-07-19,-1.0752699526342078,1.1126546951995329,2.776424918271951,4.397723270044172,3.1917570317820703,-1.8075317481378743,0.0
2023-07-20,1.9045630518952037,1.1126898458773138,1.443411388716956,3.823779060427164,3.159640170178994,-1.6207880409700868,0.0
2023-07-21,1.514605736386511,1.1126919343729889,-0.1209029077684919,2.918581688760251,2.9361568181576905,-1.526609603534799,-8.466666666666667
2023-07-22,-0.9478894046384476,1.1126923437160279,-1.3576695037601794,1.9381963082780045,2.594247012991757,-1.4986483230329886,-8.466666666666667
2023-07-23,-1.5111576083986187,1.1126930608913772,0.7080559916301437,2.310512627702657,2.7034723286502174,-1.3118795578471052,0.0
2023-07-24,0.9814383636684453,1.112701188060375,-2.5649628414351664,0.7278741058342529,2.056984006977162,-1.3886470395741106,-17.04651419257218
2023-07-25,-4.053644791375404,1.1127053538789058,-3.63894334019739,-0.3949420801479367,1.4842623879813786,-1.5132052099321724,-20.0
2023-07-26,-5.3549700435278575,1.1127058693198892,-2.383967739589838,-0.5287490019164243,1.2246002817747923,-1.549794744052436,-20.0
2023-07-27,-5.171416341308076,1.112711098677836,-1.4534643505911062,-0.4619744845563048,1.066959305524536,-1.5651837058540818,-20.0
2023-07-28,-4.987988547755431,1.1127115847489635,-0.2325170469916732,-0.0600490695581495,1.0780111584973575,-1.52405273667803,-20.0
2023-07-29,-4.615229345486082,1.1127143667071664,1.2517186755495298,0.6697946778270661,1.281670684540121,-1.4077216552009078,-9.09046493229083
2023-07-30,-1.623458901602804,1.1127199000755525,2.4562046799829496,1.4866532494263918,1.6051850707753537,-1.2360405718207708,-2.280612851144294
2023-07-31,0.4520740799271132,1.1127212746308082,-0.8056028081119178,0.4119389940136565,1.232909417197821,-1.2918489968035536,-20.0
2023-08-01,-4.551616379531855,1.1127229849215667,-0.3070427185317603,0.3798601493330628,1.1827351714432457,-1.2654064030671546,-20.0
2023-08-02,-4.45311022925429,1.1127293266558553,-4.398030750241141,-1.578588105721063,0.335760762388036,-1.5108044002842476,-20.0
2023-08-03,-6.042778011762215,1.1127823228373332,-7.701263118110494,-3.85022803846951,-0.8076423256887124,-1.93502685885679,-20.0
2023-08-04,-7.632502933133807,1.112799213803891,-7.073478404156739,-4.754106686217268,-1.5861616460974135,-2.293779410635918,-20.0
2023-08-05,-7.9470646463913965,1.1127996677298782,-5.845413902015247,-5.035283488438982,-2.154019242031358,-2.609258397380961,-20.0
2023-08-06,-7.9329207859525175,1.1127996778284996,-5.3808537330907145,-5.300646441955213,-2.6937043116028474,-2.9367473970361813,-20.0
2023-08-07,-8.081587668812466,1.112799952850172,-5.117689204921472,-5.517891952658233,-3.196024004763803,-3.2714408059441986,-20.0
2023-08-08,-8.257654689919127,1.1128001050071488,-1.4540600873805103,-4.097568204505284,-3.004402548800182,-3.3391514311228048,-20.0
2023-08-09,-7.098626401308496,1.1128054294868797,1.5220571643803014,-2.3694555517336093,-2.523454103655909,-3.291694592085564,-16.933333333333334
2023-08-10,-5.251545867956414,1.1128099005579255,-0.1331970036633336,-2.3327606645678203,-2.5406299807136192,-3.395314469800196,-20.0
2023-08-11,-6.321211516563153,1.1128148196087222,-2.106775198033457,-2.924048954773314,-2.821556683509709,-3.6028507177626263,-20.0
2023-08-12,-7.000785161909093,1.1128172987493448,-3.062112990741765,-3.4645131869274683,-3.1491805841241973,-3.843925755109629,-20.0
2023-08-13,-7.460269008970832,1.1128175031242906,-4.185411578780569,-4.208507962207979,-3.606238050767169,-4.142386035373598,-20.0
2023-08-14,-8.044017304324347,1.1128183709635682,-3.315514149398902,-4.195362822911333,-3.823596609384751,-4.3722818105577925,-20.0
2023-08-15,-7.947028564528373,1.1128186357493326,-7.0761448294071085,-5.962273769444296,-4.685933904453716,-4.777341276151922,-20.0
2023-08-16,-9.45942035392393,1.1128286325492383,-10.922803216780316,-8.407101948010151,-5.996320805136192,-5.411661628911315,-20.0
2023-08-17,-11.29251074747709,1.1128282317113765,-18.73059999222821,-12.664092688208417,-7.940056603365254,-6.025061269332794,-20.0
2023-08-18,-14.545917716990965,1.112757028661043,-14.115617683398003,-12.900792970036854,-8.925986711422562,-6.681903575521298,-20.0
2023-08-19,-13.936626678242957,1.1127171456581433,-8.65284957226073,-11.574363437626312,-9.261539332000924,-7.177585083951117,-20.0
2023-08-20,-12.61055589263174,1.1127025731224953,-5.27616931789528,-10.120128988546012,-9.359516121650511,-7.606887868766688,-20.0
2023-08-21,-11.652808228871125,1.1127011897522174,-7.440435019518194,-10.518373927891448,-9.905397199457582,-8.117736566675017,-20.0
2023-08-22,-12.458117691248804,1.1126907255609708,-9.141679006851051,-11.357850785548512,-10.716725241307287,-8.800551153108339,-20.0
2023-08-23,-13.355972805350948,1.1126860669474494,-3.2970007285753944,-8.929888283529765,-10.09379574718628,-8.840357249635876,-20.0
2023-08-24,-11.384725362619392,1.1126361891371193,-2.515111041699816,-7.95905935570815,-9.98477341789377,-9.173126995498665,-20.0
2023-08-25,-11.04448541117046,1.112635966094636,-4.532317626072423,-8.24174658497727,-10.23419404257149,-9.585854132239934,-20.0
2023-08-26,-11.703614660813827,1.1126354386351534,-4.606746117719104,-8.19372042634822,-10.439824547374496,-10.030897085920238,-20.0
2023-08-27,-11.854282689337525,1.1126354690897509,-2.623330489000581,-7.233310211729163,-10.25031941199754,-10.30968955200358,-20.0
2023-08-28,-11.21905118090769,1.1126335501777713,0.7541988172192853,-5.286957887441591,-9.526677504577748,-10.32889020212076,-16.933333333333334
2023-08-29,-9.195159566490576,1.112631915314646,4.558081316215123,-2.6469757975003194,-8.317762784482653,-10.09066423283495,-16.933333333333334
2023-08-30,-7.43923563978366,1.112636841423309,0.5477132076919321,-3.032697483486638,-8.025311209888406,-10.043661291930944,-16.933333333333334
2023-08-31,-8.342167386958621,1.112666101266475,-6.493969589130857,-5.699817439027901,-8.62588128226376,-10.173049907032713,-20.0
2023-09-01,-11.347839434160367,1.1126921480992855,-7.744823445847322,-7.14595428266381,-9.33456623925168,-10.695861314351196,-20.0
2023-09-02,-12.222079458959726,1.1126922102472545,-6.3753591727957,-7.387441693916587,-9.687512216167876,-11.111389843569825,-20.0
2023-09-03,-12.142066398499843,1.1126912969402305,-5.354735744342548,-7.348769648950852,-9.932699368667514,-11.501905170494982,-20.0
2023-09-04,-12.047801522746482,1.1126913682226467,-4.237653983519125,-7.006450980764807,-10.030218265244384,-11.842315855062829,-20.0
2023-09-05,-11.820484296244713,1.1126912865684089,-2.213345184216698,-6.036159655105189,-9.810843571968125,-12.04689267260953,-20.0
2023-09-06,-11.150768103841484,1.1126902881332703,-1.4388508346976472,-5.316294327752688,-9.5995426405931,-12.250132162023892,-20.0
2023-09-07,-10.816422349079728,1.1126903007616915,-0.8935090084166865,-4.65978359224127,-9.344388652377267,-12.41976171060928,-20.0
2023-09-08,-10.529931700258913,1.1126902724170233,-3.1846884777235984,-5.24584888006456,-9.47667907649497,-12.645695507773414,-20.0
2023-09-09,-11.249975477993356,1.1126931215048514,-4.220102140656239,-5.775829212336472,-9.714523742848035,-12.982534901900562,-20.0
2023-09-10,-11.726228000293306,1.1126933583381728,-7.179288084294546,-7.267517815446922,-10.304782059750332,-13.34386478075746,-20.0
2023-09-11,-12.928475334833966,1.112692536594775,-12.052931315061304,-9.971060641298996,-11.37474289268396,-13.71442260688122,-20.0
2023-09-12,-14.935043438864124,1.1126762623761413,-9.139960286671164,-9.991008284803154,-11.810703231312097,-14.150228686375678,-20.0
2023-09-13,-14.485073266704754,1.1126632620840853,-4.586765470235105,-8.484341600973972,-11.587531836667347,-14.355896516715072,-20.0
2023-09-14,-13.13254944972124,1.1126538025959682,-0.6428143785837069,-6.400879889158361,-10.964450866720943,-14.413235878217586,-20.0
2023-09-15,-11.665338479548428,1.1126508167274927,-0.1472866041049175,-5.328136130544201,-10.57120893447136,-14.568193249013657,-20.0
2023-09-16,-11.263328147604742,1.112651102302771,-0.1625957784819684,-4.616724764319468,-10.230341710546096,-14.72184863253679,-20.0
2023-09-17,-11.066764487021707,1.1126511430967676,-2.921061490858193,-5.2645981254605125,-10.308918508857246,-14.90836442429712,-20.0
2023-09-18,-11.883813131849346,1.1126552737089392,0.7085488459342003,-3.589776966996021,-9.459697771876058,-14.635547549641764,-16.933333333333334
2023-09-19,-9.771293575933308,1.1126550414807812,4.430005803598307,-1.2737872403397468,-8.284116353820844,-14.298449428086318,-16.933333333333334
2023-09-20,-8.09118471983379,1.1126589393801405,2.009195270877812,-1.216925906750621,-7.831936316061869,-14.178546725388957,-16.933333333333334
2023-09-21,-8.489997562003529,1.1126675360807776,-5.010142231151624,-3.817197378737551,-8.249571877619342,-13.961334671638223,-20.0
2023-09-22,-11.358041622990521,1.112699051959391,-6.249191454575083,-5.16788651223368,-8.791955665179318,-14.3457812380905,-20.0
2023-09-23,-12.140618118361237,1.1126990484042447,-4.629595751221265,-5.224415020624864,-8.931588801948521,-14.58801360379369,-20.0
2023-09-24,-11.877745294391847,1.1126982592382682,-6.774992119846875,-6.46683936615447,-9.462572134665349,-14.855658022710802,-20.0
2023-09-25,-12.809399726569358,1.1126985761353096,-3.310388711813181,-5.494191372716254,-9.216587201954544,-14.868628338698326,-20.0
2023-09-26,-11.770028205152157,1.1126936742735416,-2.3448959362390864,-4.975317668229342,-9.120322845023818,-15.058383823519922,-20.0
2023-09-27,-11.4605058218557,1.112693796403877,-2.690636984041267,-4.917877546832028,-9.143103594093288,-15.27564272814286,-20.0
2023-09-28,-11.578085680604243,1.112694142527808,2.040972997843125,-2.616310843828765,-8.084141239452848,-14.804114579661936,-16.933333333333334
2023-09-29,-8.989893871867547,1.1126952641986971,3.577911373913757,-1.063723134134477,-7.282117011048162,-14.663291129468758,-16.933333333333334
2023-09-30,-8.092534106297935,1.1126953841847025,8.271625215262011,2.0252425725146,-5.541990323581254,-13.778954476760328,-8.466666666666667
2023-10-01,-3.8924400562809147,1.1127142812408728,18.04522227803154,7.980671662670479,-1.6705050202199865,-10.520459936895865,-8.466666666666667
2023-10-02,1.1948614200425443,1.112894033025008,11.742790681478215,7.949172385706362,-0.4761450113832164,-9.498151939607803,-2.12019358472608
2023-10-03,1.6911763830257533,1.1129861779829935,10.410226597499898,8.610573907474318,0.7055654014128343,-8.857084629667098,0.0
2023-10-04,2.4194828298595246,1.1129911758938567,6.672467144587329,7.763191009543906,1.245799419649945,-8.403498091855756,0.0
2023-10-05,1.6200665378797132,1.1129950241569053,6.027114421963189,7.585704978740853,1.881815088156088,-7.926728773390193,0.0
2023-10-06,1.6846104183447388,1.1129964363199862,9.210294132963378,8.979692504125417,3.084321470483135,-7.044811824129166,0.0
2023-10-07,3.167513272829324,1.1130096279356694,2.9093436167989424,6.620695117224461,2.838853706587898,-6.5424297585225215,0.0
2023-10-08,1.2970097374211365,1.1130335918981296,-1.4518800527035778,4.174549577048671,2.2794609892470703,-6.457869778457113,-8.466666666666667
2023-10-09,-2.2087991489574628,1.113036074213764,-7.254456868475831,0.4115670247487152,0.9057769912079988,-6.567673172480991,-8.466666666666667
2023-10-10,-4.668439172238173,1.1130462064016255,-10.141967477926634,-2.6598278366184527,-0.5255982685904534,-6.9509771774087135,-20.0
2023-10-11,-8.966351659568792,1.1130479572862986,-10.521801075984026,-4.692267968216755,-1.7888554430392989,-7.389466724405198,-20.0
2023-10-12,-9.882175525134016,1.1130483462830072,-11.385310994357225,-6.618349982194339,-3.135874563361196,-7.896000629790926,-20.0
2023-10-13,-10.915792213935175,1.1130491340155297,-10.354477487832202,-7.572765129106649,-4.20186053555547,-8.405163630939795,-20.0
2023-10-14,-11.249425090509746,1.113049204683175,-7.366457161825435,-7.226140330867496,-4.745252126116279,-8.752704200348928,-20.0
2023-10-15,-10.70542270321162,1.113048390279385,-5.242710544475613,-6.630448129563854,-5.076861761243974,-9.055520201374684,-20.0
2023-10-16,-10.24127776231092,1.1130483003334675,0.6758609838781424,-3.864321379619601,-4.33733258183636,-8.77546873931924,-16.933333333333334
2023-10-17,-7.398326780679436,1.1130460247067382,-3.5257954509053637,-4.707578230664764,-4.706840034046918,-8.774703034825846,-20.0
2023-10-18,-9.286177754524772,1.1130524136100761,-7.877019545024911,-6.69179116875459,-5.6841610635221445,-9.18421853712631,-20.0
2023-10-19,-11.005245783529325,1.113053322158309,-3.4153515221889954,-5.429947394918927,-5.49884105123437,-9.14587227737734,-20.0
2023-10-20,-9.68129591541514,1.1130481937686727,3.140757805356116,-2.2904876785460706,-4.376993478084549,-8.69782955190326,-16.933333333333334
2023-10-21,-6.490827426384391,1.1130483488643061,12.084121275092816,3.0744067077775075,-1.871710054667264,-7.300188103106308,-8.466666666666667
2023-10-22,-0.5520948791140798,1.1130779790444405,18.125159355253523,8.162123949424764,0.8352375820829472,-6.013826505497377,0.0
2023-10-23,4.699260153592715,1.113110093100735,20.0,14.109937036590374,4.595071491127715,-2.848634156378665,0.0
2023-10-24,7.985032322401428,1.1134745860953517,20.0,17.52315342451507,7.393496770983861,-1.4741570658905696,0.0
2023-10-25,9.674431700540152,1.1134756552388696,20.0,19.39538759701047,9.737363659143236,-0.1411519319430924,8.466666666666667
2023-10-26,12.795724110497996,1.1134798353059931,20.0,20.0,12.06028792894609,1.396167439971599,8.466666666666667
2023-10-27,13.790365923104957,1.1135069962380346,20.0,20.0,14.317740188424969,2.895288997576233,8.466666666666667
2023-10-28,14.627004568258222,1.1135103762561107,20.0,20.0,16.219550857457715,4.342397871481994,8.466666666666667
2023-10-29,15.372843185736295,1.113512352640552,20.0,20.0,17.98569059950086,5.821298167347744,8.466666666666667
2023-10-30,16.095600724591925,1.1135178252744051,20.0,20.0,19.60208081883002,7.292169595326089,8.466666666666667
2023-10-31,16.783211305163842,1.1135222311031758,12.338617340232387,20.0,18.143927167155773,7.576270235445447,8.466666666666667
2023-11-01,14.81517203531206,1.113496041021986,17.060587683505446,20.0,17.57754881152424,7.96170346245569,8.466666666666667
2023-11-02,15.826455381134707,1.1134960850711118,20.0,20.0,18.20225147833686,8.685591002148296,8.466666666666667
2023-11-03,16.78087856147971,1.1134621372630875,20.0,20.0,20.0,10.392376534669216,8.466666666666667
2023-11-04,17.56127431604233,1.113459763340423,20.0,20.0,20.0,12.010633512990664,14.977134815003405
2023-11-05,19.37143777387528,1.1134575668635263,20.0,20.0,20.0,12.773880433952222,16.933333333333334
2023-11-06,19.97495323656604,1.1133415250407939,20.0,20.0,20.0,12.968498040210216,16.933333333333334
2023-11-07,20.013361240135147,1.113067494530746,20.0,20.0,20.0,13.919470739431295,16.933333333333334
2023-11-08,20.223422312433105,1.112977332886502,20.0,20.0,20.0,15.29518415244511,16.933333333333334
2023-11-09,20.529220653744428,1.112954063091712,20.0,20.0,20.0,16.450435398405713,16.933333333333334
2023-11-10,20.785021401465333,1.112881911051046,20.0,20.0,20.0,16.932518580837943,16.933333333333334
2023-11-11,20.88855020384412,1.1126810111383274,20.0,20.0,20.0,18.694659440564813,16.933333333333334
2023-11-12,21.280629567095545,1.112677833644969,20.0,20.0,20.0,20.0,16.933333333333334
2023-11-13,21.571077282780905,1.11267592586559,1.67098023699817,17.299331356755392,20.0,16.95197274849703,16.933333333333334
2023-11-14,16.20506193319984,1.1121353747461697,-2.100724124362249,13.290939840036437,20.0,17.29168207243737,8.466666666666667
2023-11-15,12.666909581038517,1.1121359864213143,6.119636354004458,13.464175576391632,19.81005289130857,16.494702667524347,16.933333333333334
2023-11-16,16.200931141778725,1.1123666753257286,3.94266060256596,12.046103620990053,19.19414210674043,16.790572639681997,16.933333333333334
2023-11-17,15.329705349932711,1.1123504946401315,1.3301193555063031,10.223981748826931,18.48393462132473,17.118550944200372,16.933333333333334
2023-11-18,14.258057104837485,1.112347862513125,4.815590196274904,10.620410919982351,18.22469713519692,17.34178725707609,16.933333333333334
2023-11-19,15.11386112486841,1.1123632115224396,8.090074590466502,11.83246933434472,18.58251907536832,17.914666986236398,16.933333333333334
2023-11-20,16.319041265167655,1.112362628540285,6.282862219041387,11.384480026062908,18.52992518341816,18.42700074959336,16.933333333333334
2023-11-21,15.919520715513078,1.1123570647463616,-5.354664028304797,5.068091961302293,14.389494135048071,15.946990732208173,8.466666666666667
2023-11-22,8.56803237177885,1.1122525014373903,2.1521564076874187,5.951964756523845,13.14624663332418,14.72715636521306,16.933333333333334
2023-11-23,11.773532846249704,1.1125819352976427,6.350260394181732,7.647301031044023,13.613461510856036,15.170452710995928,16.933333333333334
2023-11-24,13.287567562936983,1.1125856207038909,6.234545652874828,8.155159560860964,13.883636211154323,15.643489463787253,16.933333333333334
2023-11-25,13.540194327202835,1.1125848631896609,8.479128179868976,9.472225726794775,14.403242155013915,16.091039115681312,17.369324705906944
2023-11-26,14.644869742391872,1.1125790981539039,5.150981624521317,8.588861264376828,14.19382486716731,16.315336336679284,20.0
2023-11-27,14.29623022192453,1.112564344288328,-0.4336840873358273,5.914411595988136,13.052917052369418,16.057716171162095,16.933333333333334
2023-11-28,11.464749089517152,1.1125489726284394,1.5228496538099892,5.757196797350715,12.734548678248252,16.11062409759888,20.0
2023-11-29,12.488562022092369,1.1125624268459682,0.056488116303537,4.683201470527246,12.167296983999234,16.168098809446516,16.933333333333334
2023-11-30,11.127500218455873,1.1125626949115577,-2.831826890926317,2.782453334339957,11.144962992855206,15.977627300890768,16.933333333333334
2023-12-01,9.792042928493009,1.1125665284835313,0.5473877910598648,3.29334429720793,10.852297084589187,15.895602694748463,20.0
2023-12-02,11.256915892000132,1.1125934302256277,7.062307756599454,5.922565501268809,11.30520755104037,15.805213819999864,20.0
2023-12-03,13.3727527978875,1.112628940457396,6.707093929687864,6.705161579400757,11.680164302844,16.193168579722965,20.0
2023-12-04,13.637598995410745,1.112626912240561,10.798125523439891,9.039855464637323,12.45368249949684,16.35914316262556,20.0
2023-12-05,15.276367220339798,1.112613818085077,17.636417955587483,12.905037044478876,13.660281924050055,16.20316474222745,20.0
2023-12-06,17.890489703600643,1.1125248170715254,20.0,17.22581795807648,15.600176502882627,16.665741663078364,20.0
2023-12-07,19.9102862839274,1.1124092092889626,20.0,20.0,17.9937934047717,17.747374622509803,20.0
2023-12-08,21.29935569576793,1.112340497543265,20.0,18.937802527762496,12.850124248815211,10.412883195197852,20.0
2023-12-09,18.22137313267727,1.1083451086998872,20.0,20.0,16.37499384700615,11.957738460534124,20.0
2023-12-10,19.576838358888338,1.1081304657671738,20.0,20.0,19.84272700837631,13.89977224999569,20.0
2023-12-11,20.774915011979378,1.1080841228011102,19.8036760910794,20.0,19.15687161732673,13.886217812286736,20.0
2023-12-12,20.566968307949907,1.107575917836692,18.485856664568495,20.0,20.0,14.80076206057998,20.0
2023-12-13,20.6606807186327,1.107376438388528,20.0,20.0,18.607011587816885,13.22508052135772,20.0
2023-12-14,20.302580153100152,1.1054185789954247,20.0,20.0,19.947699277003537,14.404135626367164,20.0
2023-12-15,20.857418793416894,1.1053001149780377,10.08850238570968,19.056247491786483,18.94435636375785,14.479241456943884,20.0
2023-12-16,18.24591257168595,1.1048975231028013,7.15767282411219,16.988736634319572,18.944594027801227,15.215771165248466,20.0
2023-12-17,17.304124465785495,1.1048931936477175,1.2260898430110552,13.0976730829663,17.709293508458295,15.28834819367308,20.0
2023-12-18,14.875546116766548,1.1048154891405486,2.763801878788084,11.982182834995616,17.30655760005328,15.651478833091552,20.0
2023-12-19,14.960299733481664,1.1048309598196113,-1.188808001313281,9.03576395903012,16.008349542365313,15.571372825780994,16.933333333333334
2023-12-20,12.45350369664194,1.1048173456693966,-0.0180717085912064,8.08849791998583,15.45120509436502,15.827449147979069,20.0
2023-12-21,13.114184201218668,1.1048346580062753,7.169852784873807,9.9578178796324,15.340659667807552,15.644407074520911,20.0
2023-12-22,15.052471227597627,1.1049674261136955,6.231129960797735,10.003480585777467,15.437947617526758,16.11777232938843,20.0
2023-12-23,14.981020585382929,1.1049526146521362,3.630265637562069,8.989306213231925,15.14188647396124,16.453089720655512,20.0
2023-12-24,14.190696557985751,1.104944050057822,-0.9714790989236886,6.484085540949883,14.02020419028247,16.32257672877771,16.933333333333334
2023-12-25,11.665587365460604,1.1049318123268872,3.125385428647813,7.074458679108655,13.724128144834904,16.225625713113246,20.0
2023-12-26,13.29334530122352,1.1050236203409838,1.2781860615630596,6.0831953934326215,13.191839638076612,16.313584575649944,20.0
2023-12-27,12.56780029051001,1.105020771144046,4.643909635741911,7.0539797084792015,13.251218645420574,16.449261918569388,20.0
2023-12-28,13.569665784113614,1.1050509813534057,1.9768313421484276,6.018666220271935,12.73714890402318,16.48321867537867,20.0
2023-12-29,12.645177749811031,1.1050412082791332,-0.2854762796212281,4.679841944220626,12.102808944418229,16.54312724061964,16.933333333333334
2023-12-30,11.04458489086746,1.1050411732536016,-2.128549483725424,3.1957205099201493,11.297632459072286,16.50214376905963,16.933333333333334
2023-12-31,10.122260904276626,1.1050435471572064,-3.627304706834582,1.6774769885582292,10.363067294810904,16.367636253249607,16.933333333333334
2024-01-01,9.219244114489696,1.1050484114944084,1.7817619429653977,3.0934068192146613,10.213403807338016,16.081889679684135,20.0
2024-01-02,11.310615424541814,1.1051898817582164,-0.3464391838007417,2.2722542047358507,9.560301847436843,15.871859431816768,16.933333333333334
2024-01-03,9.790199031491138,1.1052054130367581,-9.007603048568154,-2.0834986383186216,6.825010691361501,13.944443379764088,8.466666666666667
2024-01-04,4.011516221159502,1.1054042461750178,-7.873824637480774,-3.292587222747096,5.676842247848105,13.49897547828048,8.466666666666667
2024-01-05,3.6426889283477863,1.105448194995341,-11.295921174351932,-5.96860338112444,3.738723391312608,12.429062434529616,8.466666666666667
2024-01-06,1.6296856417052938,1.1056320059226266,-13.9645503489702,-8.694395525864586,1.71848397852362,11.442358422829328,8.466666666666667
2024-01-07,-0.2281015935286542,1.105746818522877,-17.462934564101847,-11.880750084243646,-0.7219207340979308,10.028733149993595,6.844115841057529
2024-01-08,-2.918454848034312,1.106082292984079,-7.20082780539285,-8.858873371313432,-0.9483793370571082,8.903990220580232,0.0
2024-01-09,-1.7946412819577937,1.1072441304530969,-8.498664638597502,-9.31138746273062,-1.9992105986419664,8.005074015327565,0.0
2024-01-10,-2.614374866667945,1.107392865580545,1.2673935070427778,-4.779056475185069,-1.0459832601728156,7.335724011659551,0.0
2024-01-11,0.6155940765056904,1.1079496769248038,6.087926387849076,-1.3723791446857274,0.0262829347591632,7.491202481075978,8.466666666666667
2024-01-12,4.58692159438399,1.1079681695416594,0.944721266641312,-1.8969701178622551,-0.1692887448493604,7.026471810639794,0.0
2024-01-13,1.3085391845135008,1.1080048794488577,-0.285170264230683,-2.0417042654770348,-0.2742114981779223,6.867561770466178,0.0
2024-01-14,0.9454552927418464,1.1080050020042964,-4.498272521241059,-3.7755206023829193,-1.0602692238845088,6.323451830747759,0.0
2024-01-15,-0.6671676002836743,1.108027087146288,-4.640886354396695,-4.443409068306965,-1.58740656478534,5.974857352803993,0.0
2024-01-16,-1.0408464766759205,1.1080273647860663,-2.680319508069721,-4.028827368910147,-1.7284683335762088,5.741280262759356,0.0
2024-01-17,-0.5975248600714709,1.1080315903625615,-3.098516392756911,-4.240208602143436,-2.0626669955737107,5.438682553113965,0.0
2024-01-18,-0.8781636292229976,1.1080343425431909,-7.273905836545532,-6.145531016309448,-3.0759894191143844,4.728903599463882,0.0
2024-01-19,-2.6076285504647787,1.108071017683905,-7.153138353823346,-6.905321603699778,-3.817955277486428,4.232745328043892,0.0
2024-01-20,-3.023630910782834,1.108070970420922,-3.9819549368013583,-6.073600225122354,-3.947373729256512,3.911264527558953,0.0
2024-01-21,-2.236476945782846,1.1080813160240266,-5.015266501220696,-6.469297471344279,-4.450534590868123,3.446479998382168,0.0
2024-01-22,-2.76770740934456,1.108091897806022,-9.200709662039593,-8.413830617932348,-5.551151520140762,2.6446330942904126,0.0
2024-01-23,-4.548014577551137,1.1081335136624217,-9.427209512743854,-9.414502395906707,-6.501971961503234,1.9853663745688044,0.0
2024-01-24,-5.176828324107946,1.1081338210867349,-8.408942211194235,-9.712275261247845,-7.221276335374709,1.3777226137231513,0.0
2024-01-25,-5.311235247778125,1.108133936427303,-9.02393426480185,-10.40105847978141,-8.058806109249852,0.6829469186494506,0.0
2024-01-26,-5.9398469266203255,1.108145170344866,-4.071660430011807,-8.549826751191866,-7.833416694243324,0.3227526682166987,0.0
2024-01-27,-4.461979483164918,1.1081725537513434,-1.9443470815936563,-7.187729784610564,-7.665102257396894,0.0271749792566376,0.0
2024-01-28,-3.716810885684807,1.108172321751711,-0.2048021874186836,-5.759943203505546,-7.312321202973994,-0.1775873348747138,3.8203157525881126
2024-01-29,-2.135302138425964,1.1081727148130576,7.761102839570513,-1.0595680799522311,-5.140376144429528,0.1805462063468157,8.466666666666667
2024-01-30,2.262725472467567,1.1082695585101834,6.192288909427669,0.1779118018084916,-4.275856551646845,0.3054458412213904,16.576662211283278
2024-01-31,4.206260741523649,1.1082842816221818,1.428678522786467,-0.7104492571993343,-4.189530613357289,0.1739722349449955,8.466666666666667
2024-02-01,1.1458579494453065,1.1083218473455863,2.2163431364865875,-0.1594445536033729,-3.7068451603441215,0.2147704938812795,8.466666666666667
2024-02-02,1.5586387069909862,1.108327379929944,3.6786153661256575,0.8448043397158014,-3.0387842539976835,0.3584651044904235,16.933333333333334
2024-02-03,4.1620948105675755,1.1083294184147316,3.082912442499625,1.1456289979297782,-2.602727929065905,0.4532070917890053,16.933333333333334
2024-02-04,4.214392493911769,1.1083300121570163,-1.9895028857083537,-0.7544313645074618,-3.0018773807746437,0.2184998005523061,0.0
2024-02-05,-1.2252646725854253,1.1083730303020534,-2.856630663870381,-1.6672340918395918,-3.29461503744383,0.0328274129869032,0.0
2024-02-06,-1.7258811384791684,1.1083728467479887,-1.752342970187229,-1.6836833358700478,-3.3193476180009776,-0.0682955528331468,0.0
2024-02-07,-1.512633532664023,1.1083725096787074,-0.2296450537104996,-1.187698612631812,-3.13489794390313,-0.0910955610742376,0.0
2024-02-08,-1.0293092063917548,1.1083722422199374,7.114608819221569,2.289254660655226,-1.539349000048997,0.3728200401633457,16.933333333333334
2024-02-09,5.57971858964539,1.1083771440153576,10.694744772909656,5.237671129157165,0.0300015385402668,0.958805805795094,20.0
2024-02-10,8.184601922185566,1.108387155480164,12.938007915760352,7.88577549329456,1.7208092736530491,1.6673448656181356,20.0
2024-02-11,9.800888587683227,1.10839844747477,9.15532179230893,7.859699139966807,2.5132604355731503,2.114657669817158,20.0
2024-02-12,9.231425590909463,1.1084022650946463,11.384485090476614,9.480960932606097,3.8778542115078753,2.784063988415694,20.0
2024-02-13,10.536010433551466,1.1084151841573577,6.626048845278827,8.304020969411862,4.188241519350647,3.119695971712079,20.0
2024-02-14,9.363443341489381,1.1084144279948012,12.069230147297102,10.411332137052751,5.5374920625617605,3.7376936939823793,20.0
2024-02-15,11.473550471962232,1.10843248395295,18.80136817867343,14.151947968770244,7.682974214031828,4.716288945968795,20.0
2024-02-16,14.487593154790863,1.1084178549889754,15.832742227151687,14.947065596734598,9.082204281176097,5.631888611228132,20.0
2024-02-17,14.51881980057904,1.1084100688606355,15.566540191455992,16.00298277011831,10.545839596239304,6.618086435952559,20.0
2024-02-18,15.23689557791851,1.1084046996754398,15.825064451930755,17.07994267015943,12.0260315816225,7.667104167114686,20.0
2024-02-19,16.09354609855862,1.108399296604156,16.639507371026657,18.281789165212626,13.54203084743644,8.768297855262674,20.0
2024-02-20,17.120538129421966,1.1083890877897895,12.210597922475946,17.195608507481886,14.177943514345989,9.598891729530722,20.0
2024-02-21,16.222850811625076,1.1083750033189248,3.1560375572376973,12.72723736093396,12.953781031427829,9.552411105667582,20.0
2024-02-22,12.942704976048434,1.1083081957057292,-2.992015818662721,8.519114990786106,11.59749049528632,9.505030788499123,16.933333333333334
2024-02-23,9.656186349446449,1.108302526518649,-5.176862911761116,5.546278840487281,10.435262810533944,9.508120615301555,16.933333333333334
2024-02-24,8.256000743097644,1.1083030837428185,-1.082851744975125,5.380841680782154,10.00862928305187,9.60793805887332,16.933333333333334
2024-02-25,9.054572546147037,1.1083280446915151,-1.3683291599863716,4.456366398770459,9.458101642247078,9.723951394121835,16.933333333333334
2024-02-26,8.690057335324617,1.108328882460598,6.168157271847951,6.83453136089325,9.714161962090351,9.68782196306076,20.0
2024-02-27,11.616760735265894,1.108370701337048,8.687349390459477,8.662874240411787,10.558959958607687,10.319638889724205,20.0
2024-02-28,12.90782183665208,1.1083705016757122,9.560030896985449,9.968162605519,11.374178575119236,10.97457261645772,20.0
2024-02-29,13.716507810818435,1.1083698361831391,15.02421340106638,12.865394132096236,12.48115352011938,11.353777746337109,20.0
2024-03-01,15.89872406578234,1.1083183197733415,20.0,16.798721520028963,12.766989561997692,10.139500526649108,20.0
2024-03-02,17.659912364687177,1.1078267034401128,20.0,20.0,15.761068949528685,11.63528453816858,20.0
2024-03-03,19.363226833045296,1.107782307860879,20.0,20.0,17.508801471986274,12.88619143711486,20.0
2024-03-04,20.02705907501262,1.107752676918251,20.0,20.0,18.705137816567827,13.44277175542365,20.0
2024-03-05,20.411016099315066,1.1075137891960944,5.807076467382346,14.131682954500416,14.045101387130575,10.938823939368095,20.0
2024-03-06,14.36958870968223,1.106669322546806,7.726028488623714,13.355811515511528,13.880169031050375,11.087167896261091,20.0
2024-03-07,14.617911017653837,1.1065929733557431,8.555750672525956,13.41923110488724,14.455966839715854,11.827165380716997,20.0
2024-03-08,15.106762895889661,1.1065909978384671,4.333363964340356,11.374186951210714,14.045546299844156,12.128130183424975,20.0
2024-03-09,13.695061362300898,1.1065602556682643,5.704518440080465,11.197985790743283,14.17668785588297,12.599843600436843,20.0
2024-03-10,14.09284610702987,1.106553040177015,1.0813970014372345,8.68315440492602,13.251330794899886,12.585845762259204,20.0
2024-03-11,12.30491354670605,1.1065225845839468,8.7266111746645,10.404069049898991,12.996327469886362,12.102131119933931,20.0
2024-03-12,14.21475940604042,1.1065662461332189,5.294383105806945,9.364931473507406,12.710830626394523,12.273236829017206,20.0
2024-03-13,13.199307723698771,1.1065190531963593,6.145342127548646,9.620898671855544,12.97563965815173,12.737892337132642,20.0
2024-03-14,13.605642751980522,1.1065137470023276,3.480074954618057,8.48063034102275,12.718844775698816,13.023718239955816,20.0
2024-03-15,12.76978902000331,1.1065048301175358,-1.5505831807285853,5.721710149517889,11.570640020082609,12.836910317620248,16.933333333333334
2024-03-16,10.071749551386302,1.1064935837588519,-12.286488171382624,-0.9228448955852596,7.593484696087985,10.53734557333084,8.466666666666667
2024-03-17,2.963294236431218,1.1066843315484918,-10.196884595296057,-2.6647968966637183,6.138554396565198,10.038177723841036,8.466666666666667
2024-03-18,2.607947075400018,1.1067771404096385,-11.383884408590822,-4.928544929215596,4.414314252716663,9.3726675923877,8.466666666666667
2024-03-19,1.3151990437954422,1.1068427247717592,-18.85334066643248,-9.724603835255705,0.9083589345774294,7.056067410618611,8.466666666666667
2024-03-20,-2.6911994696546615,1.1077765591803277,-10.788455723891165,-8.570313080692356,-0.0321420856374914,6.160188863008295,8.466666666666667
2024-03-21,-1.0564037771761963,1.1087232381102228,-8.496324983030377,-8.40197764417969,-0.904407562679642,5.650496612385258,0.0
2024-03-22,-2.6947138456619535,1.1087337415836191,-9.03592443920295,-9.00846730838106,-1.9847137134747963,4.999900363387806,0.0
2024-03-23,-3.3327590917385193,1.108760932491027,-6.808457120927635,-8.50951408112492,-2.589471333932857,4.518385651114214,0.0
2024-03-24,-2.969067314955638,1.10876641293178,-1.8900426343586096,-6.324974113997048,-2.391994174119228,4.264525639734933,0.0
2024-03-25,-1.4065121224240946,1.108802038730535,1.1203092314308802,-4.283829036494745,-1.983335646456096,4.178773330496398,8.466666666666667
2024-03-26,1.662894397590555,1.1088055268755654,3.0306927714949543,-2.436282974842101,-1.4306959763355052,4.187535030448697,8.466666666666667
2024-03-27,2.6207606559873042,1.1088083393900545,0.5148266275545385,-2.484393502714662,-1.463971246029016,3.985230447164149,3.806718070467099
2024-03-28,0.9665351388668088,1.1088161175182336,0.2801426175576867,-2.201851130156288,-1.3946700697699592,3.867116387946176,0.7275017583751446
2024-03-29,0.28346656283747357,1.1088162611744572,2.287045735494123,-1.0072158810799865,-0.9412765040105536,3.885682301794137,8.466666666666667
2024-03-30,2.814382743216086,1.1088190077046955,-0.8522184672882183,-1.81270407751799,-1.1921019358457388,3.634227980723892,0.0
2024-03-31,-0.04940853298408685,1.1088265075986754,-0.5082950506189784,-1.7177013528825644,-1.1891525760058983,3.5240225668756158,0.0
2024-04-01,0.02414439545257812,1.1088270367600639,-5.139392109783032,-3.717635734808976,-2.019504244140464,2.9982307026842974,0.0
2024-04-02,-1.7471475153765454,1.1088351598674557,-11.975930365046745,-7.421478097582178,-3.720289847022363,2.0197090335322296,0.0
2024-04-03,-4.679018502664321,1.1088778275094988,-14.18157850003333,-10.149699056619983,-5.413119667244,1.1437823712895987,0.0
2024-04-04,-6.342984771420379,1.108889582288481,-10.51456388244988,-10.20995211591508,-6.227470080329828,0.5183709555646596,0.0
2024-04-05,-5.862465279968731,1.108903427068308,-9.68640640942484,-10.590106125219984,-7.10493696193991,-0.1480665628716226,0.0
2024-04-06,-6.105551730008605,1.1089101088486721,-6.477567924168338,-9.648965497686769,-7.414805411464199,-0.6298959843339027,-5.537276265963007
2024-04-07,-6.588828247117398,1.108912565253234,-3.727488231184486,-8.329722014620497,-7.427171573715687,-0.9938090432405368,-8.466666666666667
2024-04-08,-6.41946001341654,1.1089120074075258,2.055207740191805,-5.108223541238791,-6.395970883392771,-0.9807463449618492,0.0
2024-04-09,-2.313135979959702,1.1089142806622805,-0.8663482913502882,-5.031628494472791,-6.330189160361473,-1.2562448826552606,-8.466666666666667
2024-04-10,-4.868449800082558,1.1089318510854782,-2.484352583886338,-5.289647361890218,-6.505205145498655,-1.587301887878965,-8.466666666666667
2024-04-11,-5.396767507810286,1.108932107739503,-2.678681384233371,-5.283984160275951,-6.615302347297389,-1.8926878988486144,-8.466666666666667
2024-04-12,-5.530759009552145,1.1089320072388578,-14.682339829825963,-9.712060831266948,-7.482878602187012,-2.565233462732049,-8.466666666666667
2024-04-13,-9.516652843909993,1.1089297183732403,-20.0,-15.158674985635548,-9.954103706935092,-3.8209265293489594,-8.466666666666667
2024-04-14,-12.730427578863411,1.1089150784225827,-19.162654964407476,-16.433813379109544,-11.549021764209646,-4.865880973602581,-8.466666666666667
2024-04-15,-13.412907131893519,1.1089072687661718,-16.57060849117529,-17.084482433579968,-12.962539585151235,-5.9140948520252286,-8.466666666666667
2024-04-16,-13.52834125067375,1.1089096614490381,-14.099926621385745,-17.03599460726116,-14.04860844639132,-6.8921722309174855,-8.466666666666667
2024-04-17,-13.427436097271809,1.1089105556759253,-13.75971423863611,-17.320572741605407,-15.1126347647592,-7.883253582943619,-8.466666666666667
2024-04-18,-13.870790199095843,1.10890309400163,-9.539152708544336,-15.799459770527358,-15.38753828463327,-8.603835795978338,-8.466666666666667
2024-04-19,-12.817889981719718,1.1088782192561226,-5.434052276001178,-13.6367350271088,-15.20603523882689,-9.1478286576172,-8.466666666666667
2024-04-20,-11.508115373137997,1.108867132918717,2.89391386079075,-8.536302699281043,-13.107087375359583,-8.745394053428349,0.0
2024-04-21,-6.097410953090784,1.108827009150747,3.398358275885674,-6.336723928622362,-12.195091294337354,-8.863224777246524,0.0
2024-04-22,-5.321687655579027,1.108838237868845,5.9997681830293175,-3.5164083495847867,-10.772637112447816,-8.684924407696892,0.0
2024-04-23,-3.764475072199745,1.10888133111713,2.9992220821672286,-3.123500135800903,-10.12449324554284,-8.71756892277454,0.0
2024-04-24,-4.20646784424483,1.1089297658428572,-2.631120572510567,-4.71774222575908,-10.207761953084768,-8.917735018731364,-15.90571149482455
2024-04-25,-9.399987178621567,1.1090103081544989,-4.533520375028007,-5.807278460435505,-10.513347359369394,-9.327096649345604,-16.933333333333334
2024-04-26,-10.450114374583505,1.1090107587098943,-5.7959391467423735,-6.804190761124744,-10.90389304463587,-9.77110016809744,-16.933333333333334
2024-04-27,-11.136335067908579,1.1090099013625485,-4.554177787564301,-6.751641318106189,-10.99011877876685,-10.122713929883693,-16.933333333333334
2024-04-28,-10.946343043838942,1.1090073693174636,-4.988573085823971,-7.091239895352744,-11.214116404480178,-10.515866800458989,-16.933333333333334
2024-04-29,-11.25488884789426,1.1090061801943454,-5.082547239871162,-7.318228026510383,-11.439418859918172,-10.927572602159392,-16.933333333333334
2024-04-30,-11.46736784829221,1.1090061753605405,-7.568055532454601,-8.528738693227767,-11.974919452220878,-11.380699451993138,-16.933333333333334
2024-05-01,-12.506277589740986,1.1089928194793501,-5.415984658138497,-8.097353729796154,-12.03416674218922,-11.73481571624874,-16.933333333333334
2024-05-02,-12.024809764260446,1.108979495516406,-2.490441483905919,-6.835999514138683,-11.702616632437568,-11.942496694361884,-16.933333333333334
2024-05-03,-11.068626652445536,1.1089722041115382,0.6834081734859963,-4.953647203844457,-10.966909501963748,-11.957184255282588,-8.466666666666667
2024-05-04,-7.909388678527169,1.1089690137077446,0.5752942845045814,-4.136970861379983,-10.520390303295471,-12.071231493581234,-8.466666666666667
2024-05-05,-7.6785066851227395,1.1089708895081336,-0.7317497703095098,-4.069131408113791,-10.31220075723138,-12.242374116794965,-16.933333333333334
2024-05-06,-9.823023194739404,1.1089740012054454,-1.900120219045428,-4.2947239938461,-10.250076455381912,-12.462667281954046,-16.933333333333334
2024-05-07,-10.167290376142226,1.108975353402022,-4.95427588362029,-5.574423973253055,-10.57431238746024,-12.736643431908288,-16.933333333333334
2024-05-08,-11.26126957695606,1.10898233456694,-2.5939740734481056,-4.943109613106046,-10.299874735851136,-12.83020601918257,-16.933333333333334
2024-05-09,-10.557543936345892,1.108974110551029,1.2756264185933943,-3.1007693578646367,-9.455647616860208,-12.669064105434613,-8.466666666666667
2024-05-10,-7.189806547531063,1.1089725628994618,-1.7479404156088456,-3.690098487282707,-9.36063188577774,-12.671740838250496,-16.933333333333334
2024-05-11,-9.848747243074369,1.1089996183756823,-4.5810459658143055,-4.9101829833103166,-9.709557431204392,-12.956769117075568,-16.933333333333334
2024-05-12,-10.88840289140034,1.109004455892296,-5.095402599001212,-5.582799853689735,-10.017787154411591,-13.303053689317611,-16.933333333333334
2024-05-13,-11.296848250139403,1.1090046251189516,-4.806446581048809,-5.869128460754505,-10.231513274675208,-13.629191099586992,-16.933333333333334
2024-05-14,-11.41600871957974,1.1090047223750557,-6.340169323393803,-6.805294088566045,-10.675073531599091,-13.98985906172193,-16.933333333333334
2024-05-15,-12.142200582519262,1.109003782644618,0.750563189266594,-3.877233143916016,-9.27436101970918,-13.215267392021936,-8.466666666666667
2024-05-16,-7.5592156101480485,1.108943368456728,4.489189955458146,-1.3867977622654994,-8.144563050637284,-12.952717280264984,-8.466666666666667
2024-05-17,-5.86889027889466,1.1089466061767552,10.779930778272323,2.778073688246804,-5.810503326551311,-11.75953491985611,0.0
2024-05-18,-0.8899015772470781,1.10904048429006,11.031172673000375,4.924836394727136,-4.278113752683881,-11.224646165774606,0.0
2024-05-19,0.10053432605296933,1.1090404274901096,5.341840983949544,3.982272290550704,-3.7482419017005912,-10.798821146454294,0.0
2024-05-20,-1.1585633834568765,1.1091082948000468,11.735660731198564,7.03360186493093,-1.4163332887339528,-8.92153504392999,0.0
2024-05-21,1.8706666314306868,1.109345959265928,10.0967074630811,7.806476105791384,-0.2538644086644946,-8.313298613304246,6.61976303115239
2024-05-22,3.540137286675326,1.1093586439540486,5.283747957701659,6.563574579490233,0.0956996098083737,-7.91883662758378,8.466666666666667
2024-05-23,2.7714308315485194,1.1093842078430587,-1.5636915217092238,3.377904664747078,-0.5144703647821253,-7.755449375111645,-8.466666666666667
2024-05-24,-3.3110871390534617,1.109437178852556,-4.68772668783411,0.8983395144500731,-1.250681565440508,-7.888825000369783,-8.466666666666667
2024-05-25,-4.747418606263936,1.10944011659621,-4.307934912896162,-0.2382043902748172,-1.698710505566695,-7.979730325315744,-16.933333333333334
2024-05-26,-6.9135661129005905,1.1094398410434445,-4.841121397702647,-1.408092838354842,-2.250028813981016,-8.131971514942714,-16.933333333333334
2024-05-27,-7.447579524450937,1.1094413586343759,-1.3152072481342263,-0.6473656334430934,-2.0902001870198976,-7.982579278048661,-16.933333333333334
2024-05-28,-6.427831921126378,1.109444866110852,-3.371836224322397,-1.635857574363443,-2.5258878923209056,-8.047121091843843,-16.933333333333334
2024-05-29,-7.2145715061873466,1.1094549259290944,-5.428867659777751,-3.001618893064103,-3.2062746000482103,-8.28933417758293,-16.933333333333334
2024-05-30,-8.178793644744426,1.1094574632915422,-6.736077162691792,-4.313676452283044,-3.976017977646263,-8.61845192617507,-16.933333333333334
2024-05-31,-9.003821182622103,1.1094582672181734,-6.050664450038136,-4.826748345296783,-4.520544562252111,-8.921533936910627,-16.933333333333334
2024-06-01,-9.153655771475055,1.1094580618486414,-4.104302580418785,-4.507032945949448,-4.7309704653752735,-9.116545665009292,-16.933333333333334
2024-06-02,-8.740788610306751,1.109457194682975,-4.178354504189459,-4.681503132394497,-5.066442765595547,-9.36348819217488,-16.933333333333334
2024-06-03,-8.925168909822146,1.1094575062904897,0.1066627046174774,-2.8781116085957352,-4.53600415529643,-9.18048593584752,-8.466666666666667
2024-06-04,-5.537199925644839,1.1094545032469778,2.7183482287727583,-1.143177197594663,-3.881928883237948,-9.027914964587078,-8.466666666666667
2024-06-05,-4.393736929175886,1.1094544722286204,3.004150052522204,-0.1682624711841973,-3.372559535047901,-8.913996857322125,-5.942127325164537
2024-06-06,-3.4155210222206485,1.1094543811273387,1.5345150859977517,-0.1333634533171023,-3.160086288892304,-8.873442715817943,-5.822477629424939
2024-06-07,-3.651185198925075,1.1094552940765283,-2.4612322764918844,-1.6266706733637577,-3.5512414761316853,-8.956674831904008,-16.933333333333334
2024-06-08,-7.439860495885186,1.1094614568088375,-7.798746232443091,-4.435308679664674,-4.606815322192217,-9.218672654360583,-16.933333333333334
2024-06-09,-9.539872291664741,1.1094712810566068,-5.341485953998138,-4.544018768980412,-4.895893813112468,-9.378949666336467,-16.933333333333334
2024-06-10,-9.118419185842896,1.1094673006977733,-5.38839296781572,-5.091666936319439,-5.36492195829782,-9.67686880216126,-16.933333333333334
2024-06-11,-9.420529662731484,1.109467534423045,-11.439230293072908,-8.061046844250543,-6.6243419955777965,-9.830350217632835,-16.933333333333334
2024-06-12,-11.73548606932638,1.1094595093619886,-5.299867726165922,-6.556515221416435,-6.404293820101593,-9.65125990472394,-16.933333333333334
2024-06-13,-9.95044469989314,1.1094196443258404,-9.039413540202894,-8.164387626690901,-7.224749538606933,-9.830417564776017,-18.18830633185183
2024-06-14,-11.637078817661374,1.1094073911315385,-12.15019121386433,-10.320888566478892,-8.536762716401348,-10.486731501736656,-20.0
2024-06-15,-13.644413709893596,1.1093998073903708,-10.66852830180489,-10.873428160040394,-9.422664123580317,-11.137059099322627,-20.0
2024-06-16,-13.779097531396259,1.109398135553193,-7.754627819939371,-10.293350090356812,-9.83384666598605,-11.635473109656829,-20.0
2024-06-17,-13.205643412836983,1.1093954132898083,-11.623309935144109,-11.861095202141698,-10.731465934299573,-11.975712841175833,-20.0
2024-06-18,-14.68609420247966,1.1093626511367027,-17.206484933423052,-14.843753884866702,-12.249005811994328,-12.508919578037542,-20.0
2024-06-19,-17.040502947149015,1.1092898211270357,-16.37326346437756,-16.221498147470545,-13.7346502873925,-13.551465703641975,-20.0
2024-06-20,-17.72219678034922,1.1092890634259691,-13.989643063152862,-16.41668643384911,-14.789056297875671,-14.490643120669237,-20.0
2024-06-21,-17.678966261094473,1.1092889494989802,-14.69451970448003,-17.231693941522824,-15.898588116886888,-15.355194346561072,-20.0
2024-06-22,-18.45371599350178,1.1092640572632275,-9.329218446857244,-15.380610615543096,-15.921424149911712,-15.829416727414957,-20.0
2024-06-23,-16.9623755255123,1.1092222667473048,-8.567855710177142,-14.736835191190462,-16.28865468366841,-16.51853417373095,-20.0
2024-06-24,-16.884931846719205,1.1092178974054512,-8.213337783164427,-14.314867699439622,-16.674255459359934,-17.24739025773294,-20.0
2024-06-25,-16.95990149145708,1.1092174298126243,-0.8274043632799613,-10.33598295971242,-15.06691509582916,-16.732268394417357,-20.0
2024-06-26,-13.96702048781626,1.1091526527121625,-1.702101498919439,-9.308852169348883,-14.661410486715704,-16.964202668937972,-20.0
2024-06-27,-13.894758248337418,1.109157074923746,1.0307898231092192,-7.155683882849971,-13.738779400403676,-16.976238896982412,-16.933333333333334
2024-06-28,-11.928585252189873,1.109156151820877,-0.8093338810776508,-6.797798855259742,-13.384330269379896,-17.166265226932666,-20.0
2024-06-29,-12.901275603098897,1.1091626164874915,-1.97817055732459,-6.728191481786853,-13.227239228996492,-17.484767155865946,-20.0
2024-06-30,-13.180934578325846,1.1091632880487894,1.8140857949772655,-4.622169488401889,-12.096206516596173,-17.196467418438186,-16.933333333333334
2024-07-01,-10.877380510557874,1.1091651030130854,7.476386053710709,-1.0199540369843316,-10.079506611908718,-16.34919032110831,-16.933333333333334
2024-07-02,-8.18706675038198,1.1091903584661975,14.352101922269924,3.935286937213568,-7.008476889056824,-14.664253054685,-8.466666666666667
2024-07-03,-2.6295009604203354,1.1093061258819688,8.915517655904175,4.04081130827815,-5.797248790591939,-13.885619404855388,-8.466666666666667
2024-07-04,-3.371063709380324,1.10939841532696,-9.82609085559523,-3.5969168736214834,-6.137008264924287,-10.605203039556288,-20.0
2024-07-05,-11.140311315216225,1.1103620725480126,-16.65757192371873,-8.721797187644562,-8.241677084533636,-11.372341863573448,-20.0
2024-07-06,-14.433168221358557,1.11035665721503,-9.020625254165603,-7.797837093706512,-8.196449778775595,-11.149458539427416,-20.0
2024-07-07,-12.471013380268282,1.1102246168139767,-12.876004765888608,-10.054096299908505,-9.202354237536031,-11.222009246601734,-20.0
2024-07-08,-14.066388447205828,1.110133954026156,-5.103598759268988,-7.659532456956827,-8.570192627958473,-10.84618821177156,-20.0
2024-07-09,-11.583501227613686,1.1099664189262506,-0.5868581740026129,-5.475071735458902,-8.031326630625966,-10.879720127437468,-20.0
2024-07-10,-9.983653926319722,1.109961433076425,4.685418675444745,-2.209628001729935,-6.718498577077729,-10.461576897285122,-16.933333333333334
2024-07-11,-7.02338429315866,1.109973618022618,7.770094480133747,0.6708669567102626,-5.324717447607007,-10.046699239534416,-16.933333333333334
2024-07-12,-5.29770289516501,1.1099878119937219,13.47933935143738,4.950382002315714,-2.902062029597064,-8.82290662500152,-8.466666666666667
2024-07-13,-0.39120020042089393,1.1101569305715684,19.77716005830879,9.987315999033406,0.1977036004456257,-7.1033046153596,-8.466666666666667
2024-07-14,3.1963613220920863,1.1104485283423202,16.016068741643245,11.187446267945951,1.8815275904246,-6.221078240882244,-8.466666666666667
2024-07-15,3.1976516912922057,1.1105041236195876,16.627154465995133,13.07151928178717,3.8267536805213513,-5.11170177893311,0.0
2024-07-16,6.311232176229009,1.1105956772636083,12.53588225282206,12.7750949284357,4.92526615030463,-4.335867538906817,0.0
2024-07-17,5.753039409889992,1.1106092544652095,9.092205288079986,11.87625963097564,5.626787023744145,-3.702994640705284,0.0
2024-07-18,5.084873039643571,1.1106097953866565,2.864949145978526,8.966922536696298,5.295414366528199,-3.345172428156176,0.0
2024-07-19,3.06138333742926,1.110636373202649,5.72657451648175,9.146280580989686,5.829442487249557,-2.652158325729532,0.0
2024-07-20,4.009539836645163,1.110667286028793,5.226972545303313,8.820690066266268,6.221993428985794,-2.1527075109466427,0.0
2024-07-21,4.024380296088079,1.11066725434225,7.510432027526685,9.646100228508768,6.979777415755361,-1.461864967325042,0.0
2024-07-22,5.036797977345466,1.110677249871848,0.1465375702201375,6.307872861104688,5.955390393211101,-1.271494519349699,-8.466666666666667
2024-07-23,0.5934854779997394,1.110713940313837,-6.874638429754882,2.046279499003961,4.304044600842284,-1.4895591316016863,-8.466666666666667
2024-07-24,-2.328257327596647,1.110752546682739,-9.08694226973761,-0.8380297500953512,2.925158932848765,-1.8045518883006335,-16.933333333333334
2024-07-25,-5.717652939533672,1.1107545187168386,-12.143515475822596,-4.08285058515723,1.1236604187232722,-2.3165110792181185,-20.0
2024-07-26,-8.312907547161897,1.1107805394535646,-3.5854145393978354,-2.1976227900029586,1.0728687879037655,-2.1368198654815704,-20.0
2024-07-27,-5.9646963898925005,1.110868805743224,-0.8490255064694658,-1.151119635374109,1.105267707644419,-2.0979055477129847,-20.0
2024-07-28,-5.108392896154746,1.1108687669894928,-3.396110191507954,-2.0492467921061244,0.4869997264385897,-2.268426116663506,-20.0
2024-07-29,-6.04918460577418,1.1108885913395432,-5.066895995623105,-3.1228535273198914,-0.2409457449121873,-2.54140273482769,-20.0
2024-07-30,-6.88132618496775,1.1108911938047712,-5.416335420368871,-3.8650673335728056,-0.9018032674955944,-2.829997525871164,-20.0
2024-07-31,-7.334816968112748,1.1108914282738178,-9.31525902265045,-6.120696944515226,-2.212991875489165,-3.3297344920660352,-20.0
2024-08-01,-9.104735494412342,1.1109112074472414,-7.631257105479049,-6.510391386516283,-2.93997850476428,-3.730993788952917,-20.0
2024-08-02,-9.067842347482143,1.1109115480592422,-14.882560127951002,-9.994619535071482,-4.799179837167745,-4.282676390125017,-20.0
2024-08-03,-11.989072010533143,1.110942014874378,-14.81308184985232,-11.854523702251647,-6.400735104298299,-5.142597151697823,-20.0
2024-08-04,-12.933789912138257,1.1109415514637622,-18.774060111396576,-14.770397173881776,-8.382378007493793,-6.051328513710486,-20.0
2024-08-05,-15.10337836541542,1.11089925938652,-20.0,-18.618721124910238,-10.670662762820054,-6.948414346655063,-20.0
2024-08-06,-16.935423005896183,1.1106972786536902,-17.602748678782305,-17.764334525177865,-11.606995232210007,-7.691302126635317,-20.0
2024-08-07,-16.58403016730225,1.1105568633211769,-15.491927921413293,-17.89418147066217,-12.8781842063122,-8.700678726376594,-20.0
2024-08-08,-16.65037353284828,1.1105435656479208,-4.115937354110821,-12.54384658707212,-11.33952719385222,-8.366081676514886,-20.0
2024-08-09,-12.515460957009525,1.1102079070799036,-1.7419142933477676,-10.293976040484573,-11.000623334199595,-8.722265167522341,-20.0
2024-08-10,-11.492598154320122,1.1102076220571104,-1.6398220143029545,-9.019776063618195,-10.806936879079172,-9.097066920645895,-20.0
2024-08-11,-11.227222268277316,1.1102079214456424,-6.711384705267464,-10.116665140952234,-11.18722382965606,-9.472969627379516,-20.0
2024-08-12,-12.76484215706406,1.11021327349737,-3.7055202730308574,-8.86014388974513,-10.911436879051983,-9.721161713563284,-20.0
2024-08-13,-11.811971729021968,1.1101839719216122,-2.111203535416937,-7.7836723300510515,-10.690684273051623,-10.043069308296284,-20.0
2024-08-14,-11.241414902465303,1.110183608098075,-2.912176914695721,-7.56876649444823,-10.694934090933613,-10.407887575995408,-20.0
2024-08-15,-11.453495990863749,1.1101841804269954,-6.051508399026783,-8.594362042531877,-11.109883451724828,-10.84375296395255,-20.0
2024-08-16,-12.567153291896412,1.1101822250497,-4.360233530005366,-8.104144087505196,-11.107899500344429,-11.20029459521518,-20.0
2024-08-17,-12.161434446089208,1.1101755920643737,-0.88762180241119,-6.418937729385948,-10.543689602166722,-11.30568202262226,-20.0
2024-08-18,-10.914270699537468,1.1101682383729117,-0.8964384183066963,-5.753024824573108,-10.27732036119227,-11.527584338672444,-20.0
2024-08-19,-10.758509637394475,1.1101692266533256,0.1048315534578965,-4.777968455985013,-9.84211738666923,-11.66629516715343,-20.0
2024-08-20,-10.253867484608763,1.1101692781335315,2.784443363592213,-2.947737398551562,-8.938199051543307,-11.54585457492116,-16.933333333333334
2024-08-21,-8.344225080048318,1.11017481045812,11.44021612719441,2.194067994921291,-5.897154507895927,-9.831335738769614,-8.466666666666667
2024-08-22,-2.3452197744533985,1.110334259685393,14.82168476113244,5.942462699723105,-3.6632644422370153,-9.01232145422696,-8.466666666666667
2024-08-23,-0.08396677149295055,1.110362846040875,18.470353624507847,9.876111178872788,-0.9603728871803016,-7.719412681781351,-8.466666666666667
2024-08-24,2.4875418618342002,1.1105085136227728,17.962835889647828,12.186879899565747,1.1890803478974268,-6.748256858223399,-8.466666666666667
2024-08-25,3.581154595296865,1.1105131755328315,12.215744756239756,11.521401989169911,2.2498653339375903,-6.018106021558461,0.0
2024-08-26,4.435341878285105,1.1105620571926915,2.074828518988632,7.306055880423479,1.7137844636031625,-5.588528006433399,-1.3341068961506988
2024-08-27,0.9267644612000246,1.1106866219088067,-6.205204477915948,2.4035347234901927,0.3418451518353227,-5.663307668089078,-16.933333333333334
2024-08-28,-5.7883324372764235,1.110728623989776,-7.672101371356547,-0.2917163553374633,-0.6780850642939071,-5.916689662126402,-20.0
2024-08-29,-7.677043064084634,1.110728551010879,-4.260721431551159,-0.5423933698436256,-0.949913583618906,-5.898126720027135,-20.0
2024-08-30,-7.0312277048170655,1.1107379306509508,-6.690781820889492,-2.4322806168923634,-1.855915299249848,-6.088065945233451,-20.0
2024-08-31,-8.234507815713672,1.1107586413282668,-7.2038000673375935,-3.726145143850864,-2.6845679587993816,-6.405823420046315,-20.0
2024-09-01,-8.890590453286558,1.11075908035972,-11.346057806483184,-6.495648382673999,-4.136268153644267,-6.830562866523489,-20.0
2024-09-02,-10.84301015887711,1.1107698344220749,-9.064383713058769,-6.976410171078812,-4.921049193389793,-7.235354392725807,-20.0
2024-09-03,-10.707167131652932,1.1107665687679542,-13.414553380541609,-9.57971366982919,-6.402830361219385,-7.67115501415112,-20.0
2024-09-04,-12.677636058999697,1.1107433222610215,-11.183714404674898,-10.0819296562653,-7.361935719006116,-8.261534386596324,-20.0
2024-09-05,-12.637767041696453,1.1107368454270041,-8.328587424126214,-9.66729043348307,-7.923265768410181,-8.757984201203318,-20.0
2024-09-06,-12.146361247136461,1.110735121778745,-10.360293290879175,-10.728366185742324,-8.874405761497997,-9.304040695421865,-20.0
2024-09-07,-13.165795751643424,1.1107169435948814,-5.253274441946478,-8.95374911227558,-8.713574384734924,-9.45677688930576,-20.0
2024-09-08,-11.634904660911936,1.110680393878175,2.2526313475705413,-5.083177862882792,-7.391087865534845,-9.050897123120532,-16.933333333333334
2024-09-09,-8.042433255937281,1.1106533833783185,5.749173673725369,-2.0927657186816053,-6.204957626011179,-8.8252339542795,-16.933333333333334
2024-09-10,-6.287896672458735,1.1106564970320638,5.788041738317661,-0.4300862352335984,-5.2987966169258165,-8.661946244753755,-16.933333333333334
2024-09-11,-5.672371375730873,1.1106564391990301,9.113532500833289,2.385942319605988,-3.703424877166361,-8.038810082139856,-8.466666666666667
2024-09-12,-1.934703657700985,1.1106951702445877,10.199682734000463,4.474719558146301,-2.281051489731176,-7.530426193901057,-8.466666666666667
2024-09-13,-0.8005347549423057,1.1106992981523072,10.951070238353177,6.287123318429702,-0.8360751168173064,-6.929456601421272,-8.466666666666667
2024-09-14,0.22347323589031132,1.1107072982925503,6.655384555097767,5.678409541100707,-0.263810871279263,-6.547742359889248,-8.466666666666667
2024-09-15,-0.6540897361633357,1.1107254524799877,-2.245725780888909,1.9114207923920752,-1.0410421085089,-6.381701166321092,-16.933333333333334
2024-09-16,-5.485189985490702,1.1107948988185499,-7.792601543637348,-1.6935666365671995,-2.26885735406941,-6.699233239493188,-20.0
2024-09-17,-8.543067267348249,1.1108089896633486,-6.709637782122353,-2.9211861550435616,-2.9206727311996263,-6.945331381533009,-20.0
2024-09-18,-8.774692624985097,1.1108097862820194,-0.7878022168696744,-1.3463549498725864,-2.4832744173660863,-6.677463202378279,-20.0
2024-09-19,-6.952569003363077,1.1108152065692916,4.012659151680424,0.9537268647722854,-1.591589397753421,-6.301382400695748,-8.466666666666667
2024-09-20,-2.5311818647987763,1.1108249712731428,5.355534560139435,2.448884593615933,-0.8128812421659911,-5.990902311424134,-8.466666666666667
2024-09-21,-1.6586910626225182,1.1108251813100072,7.908577146666946,4.487739051645246,0.3309328198996804,-5.446399782653101,-8.466666666666667
2024-09-22,-0.2634491118770936,1.1108333583482417,4.257740141011965,3.962773800634255,0.6031692750165824,-5.169059913187441,-3.1900251906300663
2024-09-23,0.10321923795617252,1.1108443523805605,8.318195407239497,5.980211901503209,1.8168319484220463,-4.383718846152111,0.0
2024-09-24,2.6064242906033255,1.1108638093305523,17.430765022490903,10.61744660719606,4.2382237367379165,-2.634079870305055,0.0
2024-09-25,6.588539851360539,1.1109639927631865,14.783638272615049,11.812654237748047,5.662917772942917,-1.7762062303489143,0.0
2024-09-26,6.77318137018303,1.1109766869459796,19.3738421939,14.78711607334982,7.674866375486091,-0.3645066518583815,0.0
2024-09-27,9.215677039699218,1.111090445898825,18.558042788374674,16.557425833422645,9.579672090562262,0.7806629275511721,0.0
2024-09-28,10.10554704226774,1.1110905397391204,15.418021804635517,16.74446337008176,10.897320448219745,1.7828053029052575,8.466666666666667
2024-09-29,11.84628348456721,1.1110902285263622,11.144993972321116,15.610551737775468,11.569472058336112,2.5886466845298104,8.466666666666667
2024-09-30,10.973192390332342,1.1110893893915577,-2.084652224844425,8.413876619818462,8.853779973798819,2.261871062170417,0.0
2024-10-01,3.876562232409403,1.1110891126035949,-12.638837175607687,1.1278812954779125,5.682684216774134,1.51152583276789,0.0
2024-10-02,-0.959320142499809,1.1111612545059106,-17.064675722000736,-4.076125231947704,3.0876566155305296,0.752994564759287,-14.45799692648414
2024-10-03,-7.057867093118877,1.111190013661463,-15.246042994818623,-6.461257538336358,1.270292931470422,0.142277172645894,-16.933333333333334
2024-10-04,-8.273501205542903,1.111191446639952,-10.096453781049837,-6.363585804812184,0.323982201900908,-0.2299873117720605,-20.0
2024-10-05,-8.082006287738293,1.111202270601421,-7.674560820036963,-6.239501520258581,-0.4534005640264837,-0.5851940598935357,-20.0
2024-10-06,-7.767894802144972,1.1112023343601205,-3.2373310290926534,-4.67731446569,-0.5486599052398413,-0.7106549009159986,-20.0
2024-10-07,-6.483677675415528,1.1112097241057388,-4.27612270495773,-4.839014223532988,-1.1028008567103391,-1.006426734118937,-20.0
2024-10-08,-6.939408143358569,1.1112168734554753,-6.737283824397228,-5.9803636291768765,-2.016158596198313,-1.4586345648773418,-20.0
2024-10-09,-8.043578410067058,1.1112235419143337,-8.792098424954167,-7.4236199578015505,-3.116209012055616,-2.022375538842028,-20.0
2024-10-10,-9.190802688853339,1.111226890173747,-8.209637923162367,-7.98907775657441,-3.9546185686485726,-2.539899718815616,-20.0
2024-10-11,-9.488373334033163,1.111226821247905,-1.2667461194056624,-5.278454899268236,-3.4166437397067515,-2.519717145930373,-20.0
2024-10-12,-7.218904949559719,1.111231191841426,1.4134242725720705,-3.4242710894299675,-2.962192631904007,-2.535657662876662,-16.933333333333334
2024-10-13,-5.43215127619562,1.1112315910957997,-0.2243930961113557,-3.2310268764954904,-2.9729060473188125,-2.686250911067503,-20.0
2024-10-14,-6.470623736494892,1.1112343744220372,6.541605547060506,0.3849521625006543,-1.484680682146197,-2.1589697945649977,-8.466666666666667
2024-10-15,-1.1521261760494748,1.1112843784122006,5.062326999044513,1.1772668893875278,-0.9080790614828016,-1.9913209769909648,-8.466666666666667
2024-10-16,-1.1393969457092379,1.111287415779981,0.6520918038148786,0.076990544157959,-1.0580694454766588,-2.056370442306606,-13.111567710616452
2024-10-17,-3.444322428797037,1.111292199303265,-4.826908773103219,-2.4164370913617312,-1.916941726160031,-2.383300128312656,-20.0
2024-10-18,-7.010880836981731,1.1113004803782434,-2.003441200767117,-2.049822279507284,-1.8903727588241408,-2.427019689829677,-20.0
2024-10-19,-6.305716609624333,1.1113096266474916,-0.6910126488222534,-1.660125411872479,-1.8264530497900384,-2.479239972054761,-20.0
2024-10-20,-5.92479891837434,1.1113096864419,6.296933652953022,1.623300169383161,-0.4844870295548144,-1.9401726133876036,-8.466666666666667
2024-10-21,-0.660385513351725,1.1113513230917256,5.37455964950337,2.455235713719919,0.1209105590336769,-1.6999666708991308,-6.408105827635265
2024-10-22,-0.0349779581476772,1.111352835369966,6.214517549062986,3.64005549539891,0.9126587139570836,-1.3593933824801208,0.0
2024-10-23,2.091089038428392,1.1113546783374193,-1.8878925215468472,0.6926785801604228,0.1191409375121338,-1.4840056933722108,-15.80532587037012
2024-10-24,-4.082132002937921,1.1113645735133622,-5.324937283206674,-1.5605752935706008,-0.7361695766414142,-1.7799582422618383,-20.0
2024-10-25,-6.535196376169383,1.1113659456105527,-14.20395843564301,-6.618149744525981,-2.9199368634387404,-2.464573302040097,-20.0
2024-10-26,-10.27124701141233,1.1114475998414814,-11.21481938026021,-7.601671220109128,-3.945285948139949,-2.970089310095966,-20.0
2024-10-27,-10.1657484575896,1.1114513115450257,-5.987415299854713,-6.5532358427040265,-4.168403749286231,-3.223532582902289,-20.0
2024-10-28,-8.876621462328979,1.1114508254620883,-1.9640919591646415,-4.936467478506919,-3.9953666195744,-3.339419516573116,-20.0
2024-10-29,-7.610183417425564,1.1114512340785785,5.258890697915191,-1.080373633458828,-2.6217317030648344,-2.9041278752217177,-16.933333333333334
2024-10-30,-4.063688541254945,1.1114710898080602,5.988333226747294,0.7590229544189055,-1.77015235234519,-2.673800799658592,-8.466666666666667
2024-10-31,-1.370057929279776,1.1114711375826907,-1.1149733327122464,-1.1348599996883093,-2.183983093182536,-2.777670003586933,-20.0
2024-11-01,-6.049085160694706,1.111494805041271,4.500773286136222,1.2190051801350916,-1.0902884150347874,-2.301530239602991,-8.466666666666667
2024-11-02,-1.364696775522814,1.1115506960589736,1.047113227677421,0.4828170737129119,-1.113349664708786,-2.281151980350065,-16.870299952997044
2024-11-03,-4.1649836058818295,1.1115591721793985,-6.318766493994246,-2.77067090764028,-2.232754335836656,-2.63004666657637,-20.0
2024-11-04,-7.548254570535487,1.1115989586176498,-10.910299253327665,-5.9993728945640346,-3.719463993770406,-3.2448306912944918,-20.0
2024-11-05,-9.754124529265347,1.1116073190284663,-7.256989055777007,-6.004441758434956,-4.191913760950486,-3.5512295758607046,-20.0
2024-11-06,-9.116200636024889,1.1116077687393102,7.04853208774822,0.3314128428145271,-1.6852447615711166,-2.398164680554242,-16.933333333333334
2024-11-07,-3.0318112036385907,1.1116287115649197,20.0,8.42358358098435,2.171292298455901,-0.5398990572270054,0.0
2024-11-08,6.6858295985927745,1.1122666369270604,20.0,15.56337262771567,6.023149216651419,1.2417708428279015,0.0
2024-11-09,9.53129960061864,1.112734013264595,20.0,20.0,9.625301061361784,3.0817722097310063,8.466666666666667
2024-11-10,13.622051721415467,1.1133904625804367,20.0,20.0,11.707916357500432,4.405734456215702,8.466666666666667
2024-11-11,14.387483312366173,1.1139216926841973,20.0,20.0,16.00316568447255,6.631116664283158,8.466666666666667
2024-11-12,15.840339762133144,1.1139330755414563,20.0,20.0,17.11368556439086,7.779235417323155,8.466666666666667
2024-11-13,16.34248836260734,1.1138617927446925,20.0,20.0,18.70938155897513,9.20661027668316,16.933333333333334
2024-11-14,18.902084980165103,1.113861833462932,17.13535657365253,20.0,19.862850035526467,10.516047094876454,16.933333333333334
2024-11-15,18.812590863948053,1.113861954138421,20.0,20.0,16.78977001298611,9.022312753609643,16.933333333333334
2024-11-16,18.393345923928283,1.1114419862071396,20.0,20.0,19.500327457190405,10.739585328247411,16.933333333333334
2024-11-17,19.375826672127786,1.1113402067033709,20.0,20.0,20.0,11.817832412250787,16.933333333333334
2024-11-18,19.72358557648835,1.1111733243610782,18.9488156251415,20.0,20.0,13.081569684343693,16.933333333333334
2024-11-19,19.76907814110284,1.1110753036568728,16.926495947530555,20.0,20.0,14.425614429054471,16.933333333333334
2024-11-20,19.618311692135688,1.111072837590082,20.0,20.0,20.0,15.1238762511693,16.933333333333334
2024-11-21,20.44881138682135,1.1106577898198537,20.0,20.0,20.0,16.642594413057896,16.933333333333334
2024-11-22,20.785341692437342,1.1106137119350619,20.0,20.0,19.6872191328862,12.773668459324464,16.933333333333334
2024-11-23,19.78400536236718,1.1065595268650072,20.0,20.0,20.0,14.59933142047213,16.933333333333334
2024-11-24,20.25510006791724,1.1064410788431207,20.0,20.0,20.0,15.968483486810063,20.0
2024-11-25,21.234442141027948,1.106323730954153,12.097159020365146,20.0,20.0,16.117481474452006,20.0
2024-11-26,19.510411111754443,1.1058488138882532,8.842804215491242,20.0,20.0,17.007099215762942,20.0
2024-11-27,18.987194174600067,1.1058366646739675,10.831957070062607,19.810421973599563,20.0,17.74376357976493,20.0
2024-11-28,19.546465948840346,1.1057426746248498,11.680464172503187,19.768037274593336,20.0,18.786834148164488,20.0
2024-11-29,19.955145372997077,1.1057278859416733,13.881516489185318,20.0,20.0,19.70819431839739,20.0
2024-11-30,20.695414391405986,1.1056458136704292,13.012627593713068,20.0,20.0,20.0,20.0
2024-12-01,20.567805592696836,1.105645874371958,16.583019520954224,20.0,20.0,20.0,20.0
2024-12-02,21.352787451773093,1.105411052464584,19.649016657530986,20.0,20.0,20.0,20.0
2024-12-03,22.02787291600738,1.105272969813226,17.047630797866205,20.0,20.0,20.0,20.0
2024-12-04,21.45263505299373,1.1052632030593277,13.705364733715744,20.0,20.0,20.0,20.0
2024-12-05,20.713775033601557,1.1052608936779806,8.377031813350984,19.714072751160323,20.0,20.0,20.0
2024-12-06,19.472030046266102,1.105221131153274,11.712274888209022,19.569317570997438,20.0,20.0,20.0
2024-12-07,20.175292167803953,1.1051128504807937,9.538462274412511,18.52306231885664,20.0,20.0,20.0
2024-12-08,19.46332310699905,1.1050980094254863,6.090664191128482,16.549628053611766,20.0,20.0,20.0
2024-12-09,18.264931373434266,1.1050863251634229,-10.46599925367856,4.837715033844818,16.54599077989316,19.251340998732463,16.933333333333334
2024-12-10,10.405105025869897,1.1045200718940162,-11.82424344468519,1.1381607474937094,14.447283045158349,18.859959757752428,16.933333333333334
2024-12-11,8.738038510630481,1.1045569985739356,-5.530014357877597,1.2235040577721883,13.265260654067424,18.34044540482696,16.933333333333334
2024-12-12,9.775912953546065,1.1050592351599366,-0.4156859994795833,2.459593991219843,12.961893130177316,18.37426105177268,16.933333333333334
2024-12-13,11.120683246146818,1.105141397641748,0.888023764094841,3.0076579096519755,12.7064528963986,18.53951200349651,20.0
2024-12-14,12.187859803350479,1.1051410830717154,-3.5590049797578,1.0282230333019116,11.243174341203709,17.861119063727507,16.933333333333334
2024-12-15,9.61693502154395,1.1052209218530364,-1.2235825991187306,1.2920412607038216,10.733999636551577,17.70135854354025,16.933333333333334
2024-12-16,10.044312463064307,1.1052973639826258,-2.2089479428685026,0.5959718286129913,10.001922289751535,17.541638397525286,16.933333333333334
2024-12-17,9.475594494467932,1.1053112917920132,-4.258740666898739,-0.748322678807328,8.971998053333131,17.217110922001055,8.466666666666667
2024-12-18,6.554349276572671,1.1053345607511884,-10.732998686359586,-4.405612358929847,6.475665239063032,15.578581114344669,8.466666666666667
2024-12-19,3.401599807081114,1.1056862011476254,-17.28605298038478,-8.998274547551889,3.383073038293525,13.643298033468035,8.466666666666667
2024-12-20,-0.17509759595782845,1.1064062640477195,-11.04579007192818,-8.592608932550622,2.183338917304781,12.619049422419172,8.466666666666667
2024-12-21,0.8039667337149988,1.1071921070071749,-11.416366897433765,-9.682605326959887,0.679641522486046,11.701323586663715,8.466666666666667
2024-12-22,-0.05566580635402593,1.1073785908542821,-11.758144084566494,-10.763343702501242,-0.7750334876854077,10.877681254704845,0.0
2024-12-23,-2.750591371499634,1.1074268478614866,-6.696346509435189,-9.284892703925545,-1.233165553386707,10.258222443047188,0.0
2024-12-24,-1.5409262268481987,1.1075947661680343,-3.692983245430056,-7.860164458900154,-1.4446729140875916,9.886469969093278,0.0
2024-12-25,-0.6892263509132484,1.1075999278044728,-3.923574119215312,-7.46218197041167,-1.8752127719549925,9.41934170944554,0.0
2024-12-26,-0.8510075527308536,1.1076134135734443,-8.167728744786203,-8.94324178028323,-3.0072826397861627,8.432590194120918,0.0
2024-12-27,-2.5889466306311055,1.107744865274143,-6.874235408086853,-8.924297243793442,-3.639855349921089,7.8573538368701215,0.0
2024-12-28,-2.565799231245031,1.1077591149046835,-4.503790740865161,-8.097481011341914,-3.901489821461197,7.418402991965108,0.0
2024-12-29,-2.0126693625576273,1.1077663571159284,-6.0083444213269805,-8.532500059426537,-4.547212791546253,6.771650401121104,0.0
2024-12-30,-2.7288258522723576,1.1078011147301485,-5.407049782955612,-8.409678586206793,-5.000405889800248,6.263715565291561,0.0
2024-12-31,-2.7813384614626897,1.107801201144085,-6.089420925363518,-8.72495548175805,-5.586380626708582,5.676647500331228,0.0
2025-01-01,-3.2623064685029113,1.107811124700212,1.9870599174360373,-4.858018307647191,-4.335333703186145,5.324501292885496,8.466666666666667
2025-01-02,1.45925676451134,1.1080366541240891,7.411573312813307,-1.1493908705212852,-2.8934127282240567,5.496427471229871,8.466666666666667
2025-01-03,3.8410176893267987,1.108079812458091,17.297786616002593,5.5169120006952985,0.3617090021141114,5.623583365841344,20.0
2025-01-04,10.817604048724384,1.108361275325472,16.397903092900577,8.224234306400222,2.255107881603816,6.330454980613459,20.0
2025-01-05,11.794700469084328,1.108364053615631,15.711349156336366,10.21074902275802,4.008559662776992,7.078045520225014,20.0
2025-01-06,12.637311297980371,1.1083668416130468,13.674632649358992,11.067936756141329,5.378830924678803,7.786910032714415,20.0
2025-01-07,12.836730995391207,1.1083669092525208,1.6544453345089454,6.238820664875868,4.233967152284117,7.036046609935532,20.0
2025-01-08,8.680164420589843,1.1082019270893453,-5.021015987947068,2.247791615388041,3.012110318076456,6.666659996092991,16.933333333333334
2025-01-09,5.283732228078973,1.1082174139017782,-9.65992575844478,-1.6185122039504618,1.4152826279243642,6.080417953040574,8.466666666666667
2025-01-10,1.0382188851688405,1.1082777108113933,-7.394498488812443,-2.6811746048116127,0.6125198258274016,5.762824528167673,3.251026105446774
2025-01-11,-0.09959286641288768,1.108304946777802,-0.0262085091105462,-0.5615360244801099,1.0071385132384665,5.680246417557044,8.466666666666667
2025-01-12,3.229072494489494,1.1084046492808353,-0.5176927027094298,-0.5062148343372743,0.8732736546356644,5.59501333733536,8.466666666666667
2025-01-13,3.0838271477374675,1.1084095044984201,-2.657937396383218,-1.3905831898974326,0.3878475864559375,5.380141185846583,0.0
2025-01-14,0.3811763151651878,1.1084133985842168,1.890172500756493,0.3281541878779276,0.8691269808770387,5.393754970665004,16.65835974098106
2025-01-15,5.5731395030542545,1.1084397748116084,9.467677982099596,4.2255557510778265,2.4016709555629183,5.687479886443949,20.0
2025-01-16,9.263507262402126,1.108542195064661,11.52381432665224,6.801855773380015,3.821843290805779,6.3037191426047965,20.0
2025-01-17,10.74206347557896,1.1085438815374191,14.292843369992369,9.61607685583904,5.515881563047535,7.009402135455357,20.0
2025-01-18,12.511923671145198,1.1085408140000432,10.521038412848084,9.6625115484064,6.313197197640747,7.508865468347194,20.0
2025-01-19,11.973350953074,1.1085283890506408,-2.0626510904417685,4.167640516830771,4.461191309345658,6.4760429092419,16.933333333333334
2025-01-20,6.6447461242361525,1.1083607435625373,-3.5053641170136998,2.1726428658612957,3.7894518369627,6.377820497075739,16.933333333333334
2025-01-21,5.712047129997504,1.1083655603488556,-3.756540436733289,0.8421582431039928,3.195035302390392,6.278354235954374,15.241626860879116
2025-01-22,4.83261490791295,1.1083656700851345,-5.389447835787365,-0.8657981943662749,2.3226727182687767,6.010989892192441,8.466666666666667
2025-01-23,2.3375868826956134,1.1083776334180906,-4.762428830662326,-1.622009876175206,1.7128896115241945,5.82180376004464,8.466666666666667
2025-01-24,2.1318364355413846,1.1083778072412955,-5.4218997872992585,-2.642527522225901,0.9602466357926054,5.533390276382257,4.347211959453923
2025-01-25,0.6154671675733325,1.1083820554739683,-4.3647452288650905,-2.884709286140401,0.4713066600190014,5.319290964778375,0.0
2025-01-26,-0.323394259080444,1.108382396008391,-5.824283541221477,-3.953540455615834,-0.3366552587248839,4.928904331416325,0.0
2025-01-27,-1.149526668459452,1.1083888337114267,-7.325331652415883,-5.249526616052917,-1.2942720313018077,4.456558768144824,0.0
2025-01-28,-2.0865675758518782,1.1083940073342935,-8.586094299499045,-6.598721203955582,-2.3514670817701244,3.903879162389399,0.0
2025-01-29,-3.022031320816888,1.1084000476961922,-5.305116909304763,-5.979119309036962,-2.688018715818986,3.5637160513558066,0.0
2025-01-30,-2.307387233846069,1.1084107288381824,-1.5716972627592052,-4.45814721305646,-2.5388555268724278,3.4101122086845788,0.0
2025-01-31,-1.1435716961483435,1.108415463508892,-2.1971900021003217,-4.283701081117387,-2.743910253481954,3.1464492769794825,0.0
2025-02-01,-1.3474703785410984,1.1084175162133747,-7.324028382711889,-6.292012074276258,-3.75693748844902,2.4500581788619518,0.0
2025-02-02,-3.308219527024058,1.1084357413868509,-16.054564457345283,-10.591030055293938,-5.753620411706942,1.085885095480274,-2.822916722258134
2025-02-03,-7.568404427107096,1.1085583788147744,-15.82775459432538,-12.668547118646227,-7.431759139821025,0.1370171453137587,-8.466666666666667
2025-02-04,-9.812457292516685,1.1085590747424796,-19.7455486089583,-15.680358185362484,-9.414908402652284,-1.1528173107148072,-8.466666666666667
2025-02-05,-12.075481011911302,1.1086498968038785,-19.62614676515621,-17.730267750516045,-11.41810421462358,-2.388938914908265,-8.466666666666667
2025-02-06,-13.221849886433239,1.1086552341633404,-19.724062816197577,-19.370688839865245,-13.292121108352832,-3.670948845053936,-8.466666666666667
2025-02-07,-14.307318260070558,1.1086735162347638,-16.990849230210046,-19.60224348565588,-14.697843849139684,-4.835425652988016,-8.466666666666667
2025-02-08,-14.322508145601553,1.108672901155971,-14.741687423881654,-19.358136746649983,-15.80871004787803,-5.9344382037912,-8.466666666666667
2025-02-09,-14.25968736336612,1.1086741867468026,-14.291452284197492,-19.411138174394758,-16.866002419027712,-7.039438108000337,-8.466666666666667
2025-02-10,-14.651069677794453,1.1086747422511551,-8.582672213307207,-16.93401329151966,-16.72358994584965,-7.698562680278384,-8.466666666666667
2025-02-11,-12.950258704342765,1.1086505243997253,1.7466869821924955,-10.819440558796956,-14.25276810521592,-7.322497297839658,0.0
2025-02-12,-6.795329176951013,1.1086082238236707,6.59676764892066,-6.497336186990311,-12.574892497028026,-7.224363085120862,0.0
2025-02-13,-4.367971151086193,1.1086320173293347,8.320671172817587,-3.3112241761797856,-11.01898848645776,-7.079106612799022,0.0
2025-02-14,-2.90211814122282,1.1086393791281315,6.3905470904028805,-1.9967443900675872,-9.976568878077446,-7.0337519362789305,0.0
2025-02-15,-2.79745508013973,1.1086478277357843,2.723389236704654,-2.20666507817157,-9.475881912472826,-7.116460368831995,0.0
2025-02-16,-3.5645013733430684,1.1086669719697477,0.1599270037726296,-2.7919192656156597,-9.276419099782984,-7.299671580019693,-8.466666666666667
2025-02-17,-6.136436883690897,1.1086707143770795,4.126605568312412,-0.8400379801285254,-7.977541972835259,-6.949657995495352,0.0
2025-02-18,-2.5811572108339664,1.1086842735606741,-2.221185024098302,-2.7557095837300105,-7.927206029332887,-6.892397903372849,-13.551151608157909
2025-02-19,-7.395070519180009,1.1087843500526342,-1.145286595614997,-2.634176450842121,-7.67193370043905,-6.964389663322949,-16.933333333333334
2025-02-20,-7.838906123141265,1.1087837801917333,3.0302873024019763,-0.76823624571053,-6.662807302237962,-6.694614706319898,-8.466666666666667
2025-02-21,-4.338054588261084,1.1087941534656927,-1.5081498681433998,-2.047832130470918,-6.680479635719065,-6.696520394567853,-16.933333333333334
2025-02-22,-7.510419475246459,1.1088332750278425,-1.08033744258029,-2.051472340079737,-6.538797988044586,-6.7782267829893605,-16.933333333333334
2025-02-23,-7.40305839191895,1.1088342759782033,-1.3061140674244471,-2.2006783083172405,-6.483939007957159,-6.896751972311387,-16.933333333333334
2025-02-24,-7.5003382572615065,1.1088345864256954,-11.268122523331682,-6.505115050575675,-7.383343018408023,-6.752071944008854,-16.933333333333334
2025-02-25,-10.83272320623851,1.1089560562860112,-12.372259697630769,-8.765306164159037,-8.67834088513081,-7.459545502323854,-16.933333333333334
2025-02-26,-12.023026920983824,1.1089555679741987,-15.091783344168876,-11.429269094885562,-10.181980019183264,-8.210033523957916,-16.933333333333334
2025-02-27,-13.716341930537174,1.1089038393778528,-14.20973771283736,-12.751820222645286,-11.476669390862993,-9.058002093559754,-16.933333333333334
2025-02-28,-14.28923817427446,1.1089038605617554,-13.61776183426472,-13.700235276528298,-12.645251515576213,-9.901043966425148,-16.933333333333334
2025-03-01,-14.814306889815011,1.1088947162731748,-8.11103729953929,-12.04289405679152,-12.678799887295227,-10.297962731802784,-16.933333333333334
2025-03-02,-13.32009415040507,1.1088245949553512,17.56397708829307,5.34781131268511,-0.4163355707886566,-1.9811262940541992,-8.466666666666667
2025-03-03,2.6441853023180184,1.0973854387352637,7.989286436427647,4.3698878364202125,0.1524527787537403,-1.4837516435164677,-8.466666666666667
2025-03-04,0.5638149786690152,1.100681427388772,7.946471280948963,5.38817522781142,1.0982351184475485,-1.0427205505177723,-8.466666666666667
2025-03-05,1.0840312106772567,1.100875841831294,8.154077207878878,6.347001709646348,2.047045007090945,-0.5710618528616249,-8.466666666666667
2025-03-06,1.653643602291349,1.1009031569570202,4.479490792183651,5.438554651999712,2.2713328407273474,-0.3250628130339983,-10.927738501927765
2025-03-07,0.2062351195777651,1.1010046488171013,-0.5898798398032983,3.1465131333736966,1.7794736529849595,-0.3437665956965281,-16.933333333333334
2025-03-08,-2.85011097242135,1.1011948527756512,-2.400344581451934,1.5632018765984472,1.318483236671165,-0.4005056398078486,-16.933333333333334
2025-03-09,-3.7115974616421594,1.10120095087535,-5.945770215884931,-0.9158622214299076,0.321799456098379,-0.6806118737302274,-16.933333333333334
2025-03-10,-5.320799801348643,1.101442548630015,-8.201941918130537,-3.186061315306689,-0.8135825098753221,-1.0783400991443457,-16.933333333333334
2025-03-11,-6.656122155486662,1.101523360449009,-5.4545599426203735,-3.309354058096919,-1.2647591637055549,-1.276592918860685,-16.933333333333334
2025-03-12,-6.221510142228348,1.101596798488407,-3.476491372846883,-3.0371282290963206,-1.5134876800295942,-1.4250238755990192,-16.933333333333334
2025-03-13,-5.813243179887396,1.101599553400163,-3.947806452635534,-3.4340619071874565,-1.9596554413607536,-1.6571473518890891,-18.34090215098433
2025-03-14,-6.464221225517465,1.1016215468654367,-1.9750556860323611,-2.82048508322713,-2.000878309779936,-1.755405701157571,-20.0
2025-03-15,-6.290826984495483,1.101650600780284,-0.7292198100400814,-2.1806307853257554,-1.9416402281386465,-1.8167607159919388,-20.0
2025-03-16,-5.87583594539488,1.1016537654695142,-2.312358721814478,-2.6455443507926977,-2.241210318360181,-2.00251567921948,-20.0
2025-03-17,-6.434390248699452,1.1017176872622818,-1.8167935741072896,-2.535577080319844,-2.349971201894477,-2.133758461515769,-20.0
2025-03-18,-6.3538812057089755,1.1017233841738656,-2.245931826910681,-2.7445679975910795,-2.5631832196510844,-2.3064772151850765,-20.0
2025-03-19,-6.579576494987561,1.1017316112578437,0.1259209195377992,-1.76814068871676,-2.2992484434207885,-2.2981802363350026,-20.0
2025-03-20,-5.782120446660516,1.1017907610144164,-0.6135749953756721,-1.779860207629222,-2.3350777500602637,-2.3913980490124707,-20.0
2025-03-21,-5.97622841928875,1.1018156399611556,-1.4485833102673815,-2.0451233536750366,-2.479129601162052,-2.527456966322885,-20.0
2025-03-22,-6.280449205363092,1.1018218574743683,-1.689933094827187,-2.2127273569710617,-2.611372663589666,-2.6649111944866344,-20.0
2025-03-23,-6.430001708585619,1.1018221975922582,-0.9935759279902454,-1.9846424978503645,-2.596710391488614,-2.750142520829152,-20.0
2025-03-24,-6.241856316623261,1.1018253479585218,0.597167290754572,-1.2134494049079203,-2.332778476506604,-2.7339464577042167,-16.933333333333334
2025-03-25,-4.983928872473219,1.10184247061176,1.736109189923474,-0.3884486688117494,-1.9729851821441495,-2.667129435375342,-16.933333333333334
2025-03-26,-4.457146703374196,1.1018475099812837,0.806414443873501,-0.3680367677122286,-1.8646829538623777,-2.674385659975816,-16.933333333333334
2025-03-27,-4.635292807356196,1.1018559139310065,1.0525420670594992,-0.0709304013609839,-1.6590736893320803,-2.6399313179037383,-16.933333333333334
2025-03-28,-4.462689120028352,1.1018590077476467,-1.1292853674049907,-0.8491722891613596,-1.864317758900324,-2.740498884111053,-20.0
2025-03-29,-5.858382507634561,1.1018925738067602,-3.79339562080936,-2.2477115193797848,-2.4095386878000453,-2.980180731356161,-20.0
2025-03-30,-6.926958053667375,1.1019369854286853,-4.854137225577395,-3.324685631949291,-2.9717082427455352,-3.265705912810658,-20.0
2025-03-31,-7.5849354205418225,1.1019414205072027,-4.463891409007662,-3.791084811703766,-3.379388957353414,-3.522097928183276,-20.0
2025-04-01,-7.748072203177458,1.1019413670484453,-2.651779392900431,-3.411712629618963,-3.463502648094814,-3.670233791374111,-20.0
2025-04-02,-7.316312400121621,1.101946267667945,-4.547705966157823,-4.291792295436988,-3.977310725624878,-3.963010501226579,-20.0
2025-04-03,-8.106145003327734,1.101982706287362,-3.6449880251223408,-4.2740934115525375,-4.217908152682631,-4.1965692093224805,-20.0
2025-04-04,-8.007804825552833,1.1019846514242033,-2.169629533739027,-3.775636109105242,-4.238642832817909,-4.354694265101138,-20.0
2025-04-05,-7.612213094048973,1.1019862545083285,-1.932628649003005,-3.5667313708707638,-4.309141001970025,-4.529014585668497,-20.0
2025-04-06,-7.567899235125575,1.1019870105963467,-7.92008044435761,-6.02588948043752,-5.2754629162288245,-4.888935061995931,-20.0
2025-04-07,-9.723371052907888,1.1021639033124235,-7.505717460725638,-6.81804631396522,-5.96057751397166,-5.343489981549919,-20.0
2025-04-08,-10.057857761714848,1.1021625926237038,-8.689077469750604,-8.021924677479769,-6.834291223917742,-5.881160675341298,-20.0
2025-04-09,-10.895140244748124,1.1021567756509902,-1.5837356157486389,-5.38842923927498,-6.0802158604913386,-5.703525430053568,-20.0
2025-04-10,-8.541958953989942,1.102020285876693,-1.3746506157886424,-4.731854057450706,-6.00004111599751,-5.87898722172745,-20.0
2025-04-11,-8.372241792157473,1.102030316349763,0.1028042029282642,-3.643921707330903,-5.680173820801065,-5.960027894714159,-20.0
2025-04-12,-7.75421015312229,1.1020351602864642,3.578368666197779,-1.4871703687756737,-4.7777855082955325,-5.756906679421882,-16.933333333333334
2025-04-13,-5.593463895762789,1.1020810140037232,2.158395824408793,-1.0969527863316024,-4.424263207889294,-5.740352224205763,-16.933333333333334
2025-04-14,-5.738979713379105,1.1021025197229786,1.2150482783676386,-0.9663119408730758,-4.186399175399188,-5.764520762692282,-16.933333333333334
2025-04-15,-5.87101569972333,1.1021028265166515,-1.6526314591015177,-1.950948348854694,-4.389615127390191,-5.911753528108158,-20.0
2025-04-16,-7.473526949390408,1.1021292301101662,-2.084288319112673,-2.376216813242397,-4.515647007640317,-6.071574508462886,-20.0
2025-04-17,-7.725424849091683,1.1021292374510572,-1.3163552143140127,-2.254005689276657,-4.469020865640041,-6.169155859733732,-20.0
2025-04-18,-7.540453225278717,1.1021303083845069,0.1611658095121927,-1.6118831616106104,-4.198962328040522,-6.173225501170886,-20.0
2025-04-19,-7.014622939065917,1.102134280182837,0.6171832391392877,-1.1643113197973232,-3.953415052008515,-6.177960992441157,-16.933333333333334
2025-04-20,-6.086390359648739,1.1021342510815242,-0.1945278662292671,-1.2559185190337243,-3.88884301084729,-6.233907917367032,-20.0
2025-04-21,-6.9595946496128525,1.1021365021277214,0.0482202737262742,-1.0653335325503743,-3.734312227977908,-6.255596281842508,-20.0
2025-04-22,-6.834798494410824,1.1021372103080267,6.062032234505986,1.7980690983521337,-2.3480515389015526,-5.585072169938807,-8.466666666666667
2025-04-23,-1.882635807260739,1.102285925083736,8.899147036921503,4.202220220844599,-1.0144215225231932,-5.0612960154230935,-8.466666666666667
2025-04-24,-0.31768653449759454,1.1022997862472668,11.158954563761188,6.578275326595225,0.5084874557066477,-4.381201003706455,-0.4725964987993394
2025-04-25,2.952475463165994,1.1023346531552023,9.348789874641376,7.250437084386744,1.495787848322795,-3.869188506306216,0.0
2025-04-26,3.1363326443138537,1.102337599919778,6.848135730246039,7.0209059897678285,2.106656377688582,-3.460486865990776,0.0
2025-04-27,2.7592007748482255,1.1023388753746415,4.797920016916596,6.435638837710716,2.4799329937313144,-3.123675155277601,0.0
2025-04-28,2.334713804130986,1.1023391017034303,3.905512654244213,6.015044506679396,2.806156427418641,-2.79785593626067,0.0
2025-04-29,2.1889938198720635,1.1023392098954818,1.879119345006472,4.988323341607669,2.8038617616520813,-2.585097491420317,0.0
2025-04-30,1.5622826617283556,1.1023405548571028,-0.7977808681076431,3.383504453418367,2.4349189351498453,-2.5160077437546065,-8.466666666666667
2025-05-01,-1.3144406893077234,1.1023428870961531,1.7258357480754436,3.7566766598115753,2.686416835507871,-2.2164604845475653,0.0
2025-05-02,1.3123475247284968,1.1023556593874744,1.2364478830461776,3.4240488242404976,2.709242711185788,-2.035737741782257,0.0
2025-05-03,1.1759936939071314,1.102355946986546,1.1379291315597575,3.207300888594357,2.746479176898008,-1.8601186766516031,0.0
2025-05-04,1.153414948829028,1.1023559129210334,-2.3925129463928827,1.4298625028037515,2.111481500849957,-1.908573599161563,-8.466666666666667
2025-05-05,-2.0341634598242617,1.1023592243965237,-5.078297686258708,-0.5161420144789125,1.2538943388267745,-2.1065930262238237,-16.933333333333334
2025-05-06,-5.154750098764731,1.1023622962302397,-2.611049632440545,-0.4474806416196153,1.0411389189965607,-2.1035081211926583,-16.933333333333334
2025-05-07,-4.641923510156968,1.1023729888753548,-2.7358452198683563,-0.9056623619748976,0.6690333469118295,-2.189855805419316,-20.0
2025-05-08,-5.547663860756356,1.1023748301250376,10.366497498419752,4.622721376511608,2.5343171053093125,-0.9560128917156177,0.0
2025-05-09,3.6543187396746273,1.1028560878257263,13.467301922827929,7.908348817955825,4.248028273538489,-0.1729193326990254,0.0
2025-05-10,5.61371323722087,1.1028576960856427,19.33962087882581,12.23173034459072,6.53233235213776,1.0289758307219872,0.0
2025-05-11,8.632434718349078,1.102970619595121,13.90466525596505,12.261595743850426,7.513653676303351,1.754068936445501,7.350074214578909
2025-05-12,9.43832656706704,1.103019097113217,12.155632611388423,12.633371504208986,8.583823041148067,2.526310998328265,8.466666666666667
2025-05-13,9.787280282659605,1.1030207072749394,11.719828149166744,13.11827847482813,9.63862799491231,3.332274167448369,8.466666666666667
2025-05-14,10.208610922098348,1.1030212765302416,5.78661467030943,10.850405191349004,9.4559997201476,3.702564682117886,8.466666666666667
2025-05-15,8.440751925891183,1.1030129854622353,-1.3449698161280574,6.970085122457716,8.287345383107038,3.659287645245908,0.0
2025-05-16,3.876343896079312,1.1030046134989018,-3.559976054851046,4.499331294890275,7.438677090748298,3.676461436904791,0.0
2025-05-17,2.6592325743667424,1.1030046659835053,-5.879237413015206,1.9500678100118225,6.293720099135592,3.517540748400928,0.0
2025-05-18,1.2976009687938743,1.1030098946525821,-3.346377929451443,1.527061723439399,5.792878978308525,3.532602015870731,0.0
2025-05-19,1.6558865666708324,1.103017728361884,-4.644931934057475,0.1383300947194299,4.916929987875381,3.3721934518667007,-8.466666666666667
2025-05-20,-1.033342765190198,1.1030217367015474,-3.8815405381026418,-0.4067983073453434,4.331163357366902,3.283734247830427,-8.466666666666667
2025-05-21,-1.133930578895214,1.1030221538435236,0.3445492755042846,0.8680250143979521,4.422838500224723,3.3958984253711093,7.288335798070082
2025-05-22,3.6002349384051846,1.1030370128140485,7.227648556926606,4.109779357607279,5.383692015223233,3.7935836297208687,8.466666666666667
2025-05-23,6.393539867928256,1.1030430614630704,-1.0732203135490217,1.449655320283165,4.117543044655279,3.3015866891915238,0.0
2025-05-24,1.7197199600169097,1.1030117876288406,-3.0808941278313733,0.0956745559978558,3.4836720567172264,3.167280450567977,-8.466666666666667
2025-05-25,-1.0590972404346135,1.1030117261862162,-1.329793828134132,0.183244071883351,3.2995732915947262,3.1618268900905693,-8.466666666666667
2025-05-26,-0.6953006459118914,1.1030158370528518,-0.5898109560552247,0.2658022304521197,3.162523518634942,3.174353151259033,-8.01697491647027
2025-05-27,-0.4421123362444906,1.1030158129825476,-0.6281688840411781,0.159196254634318,2.976715849852853,3.1622410885520797,-8.466666666666667
2025-05-28,-0.616956940387416,1.1030157548920425,-2.2188934256974164,-0.6547422277574702,2.500949860110913,3.0248537241241533,-8.466666666666667
2025-05-29,-1.2826985949227625,1.1030173478292111,-6.315843165035795,-2.862882425149146,1.3552744430494992,2.5755726298794737,-9.933313267828488
2025-05-30,-3.3490567477030257,1.1030282717966446,-11.575255752921354,-6.197790457349302,-0.4584969992614638,1.7907130529041138,-20.0
2025-05-31,-8.039241985122198,1.103054177219394,-12.04343440830444,-8.117966831898519,-1.9113474140107285,1.1231057601260526,-20.0
2025-06-01,-9.03393903113625,1.1030546779738317,-10.636483841754147,-8.927288962175881,-3.029528816722315,0.5162466985674771,-20.0
2025-06-02,-9.282658110560742,1.1030546372303947,-8.151206557109504,-8.74559835153216,-3.744015126030479,0.0154587113551898,-20.0
2025-06-03,-8.962401639102143,1.1030550064250342,-7.4160563824135535,-8.786321057145226,-4.45265634480436,-0.5073893252151424,-20.0
2025-06-04,-9.080890609645486,1.1030558849112566,-9.390418700589088,-9.84589460967356,-5.496820990591405,-1.1906850722509867,-20.0
2025-06-05,-10.13137049151178,1.1030627057823879,-15.016988719983802,-12.620155996840309,-7.1802827063013694,-2.1790401417214453,-20.0
2025-06-06,-12.574337278182186,1.103080402647402,-9.193022762692229,-11.318407454580289,-7.480042732955346,-2.6840623098891627,-20.0
2025-06-07,-11.17978009760375,1.1030746927701944,-4.910495371791496,-9.66689397753098,-7.5242188488929,-3.0828578215480484,-20.0
2025-06-08,-9.968359616339356,1.1030737435271727,-2.05537972343949,-7.9405418790539475,-7.32591445446953,-3.373506467807558,-20.0
2025-06-09,-8.977992472480308,1.1030737076381116,5.119011166105833,-3.65933359820405,-5.697220529478298,-3.051129858665046,-16.933333333333334
2025-06-10,-5.343831225083147,1.1030942670895278,8.469572723739411,-0.3778731046590117,-4.249860391373166,-2.73663195114416,-16.933333333333334
2025-06-11,-3.4920057195085836,1.1031014369559329,4.758950859051745,-0.0899546587896083,-3.701451612373512,-2.6668914133200823,-16.933333333333334
2025-06-12,-4.110839026083523,1.1031260642741698,-3.523228729166976,-2.856396941708192,-4.307300755203563,-2.948352933251248,-20.0
2025-06-13,-7.421256940974596,1.1031953773435863,-8.648206638700628,-5.800086863811652,-5.4550526758612845,-3.520079210720072,-20.0
2025-06-14,-9.580986604450702,1.1032048391623537,-11.97446827284956,-8.594477117785486,-6.849416323907,-4.2435788092200815,-20.0
2025-06-15,-11.398751908656319,1.1032059377844523,-9.675909862746543,-9.129687808744192,-7.609740111792894,-4.806761552456652,-20.0
2025-06-16,-11.301684073792005,1.1032039120179364,-8.374695342933286,-9.383926070475624,-8.266767903234864,-5.365624686965968,-20.0
2025-06-17,-11.33895314869653,1.103203874115042,-10.890990362135977,-10.854293397115557,-9.287081304905277,-6.033297177904649,-20.0
2025-06-18,-12.590910947352237,1.1031950259285555,-11.19463345528595,-11.841973251072254,-10.316398640039976,-6.797864440359613,-20.0
2025-06-19,-13.271620628217068,1.1031944072684725,-10.193764706875832,-12.153533720042324,-11.118342510096063,-7.5191692530289505,-20.0
2025-06-20,-13.455619962635598,1.1031943791170855,-13.315474882233472,-13.777670066963788,-12.211744498668535,-8.263029234552956,-20.0
2025-06-21,-14.907706443770753,1.103164544244705,-16.563086727066217,-16.02696508361455,-13.720916729448753,-9.230988819830996,-20.0
2025-06-22,-16.66653950499495,1.1031312986489223,-18.144032679783034,-18.04193825116891,-15.38910460673752,-10.371819115588778,-20.0
2025-06-23,-18.079315165196025,1.1031116701670385,-6.999024029195804,-13.565897806087206,-13.907580733958053,-10.021113652221285,-20.0
2025-06-24,-14.225716297238657,1.102877860685426,-2.3667105873456125,-10.899038312633431,-13.409527898296249,-10.36401049224744,-20.0
2025-06-25,-12.581449544138332,1.1028757670179357,-4.914528574413898,-10.700829257480892,-13.427312174596414,-10.743668700129415,-20.0
2025-06-26,-13.187374700457788,1.1028752542591678,-7.586597002596696,-11.44072376373849,-13.933313722481287,-11.36776973203958,-20.0
2025-06-27,-14.189187015376142,1.1028710557362027,-6.388295422269643,-11.066772476095256,-14.132555960588476,-11.934255463255877,-20.0
2025-06-28,-14.011263972618329,1.102869131244323,-3.746505669490983,-9.78699354049014,-13.898701588781298,-12.320088328594371,-20.0
2025-06-29,-13.179751194719119,1.1028657970431583,0.1329806358243856,-7.475245245883852,-13.053712424784605,-12.401509136684233,-20.0
2025-06-30,-11.645662027349388,1.1028614117644728,0.0044105695938608,-6.475797218506962,-12.594736220019827,-12.626169776650432,-20.0
2025-07-01,-11.401899609780004,1.1028626344699566,-6.717178956273368,-8.380234154091337,-12.704719731300088,-12.586546563964111,-20.0
2025-07-02,-13.320501965786955,1.1028972728740722,1.7071525846401527,-4.569558657317308,-10.408389544704162,-11.32701496900103,-16.933333333333334
2025-07-03,-9.160149449543766,1.1028048573922444,6.748571442759896,-1.2607566983857408,-8.806687480263122,-10.913745670290677,-16.933333333333334
2025-07-04,-6.8740548703237545,1.10281484868127,1.4295249922935434,-1.9098293851043056,-8.326329288225512,-10.640051749538037,-16.933333333333334
2025-07-05,-8.024682629555867,1.1028969888158906,0.5128314514562257,-1.934823525139675,-8.03361509478882,-10.714117732853104,-20.0
2025-07-06,-8.860616452748351,1.1028973280889955,2.429706702074759,-0.8637499398058756,-7.301939067248488,-10.562165273586192,-16.933333333333334
2025-07-07,-7.330219240656802,1.10290288598485,1.450265129581718,-0.770805401565507,-6.928124612141091,-10.544449632865092,-16.933333333333334
2025-07-08,-7.439412952195959,1.102904904959424,2.79130528971904,0.1210849921527552,-6.247558802098886,-10.374764853327884,-16.933333333333334
2025-07-09,-6.759342342401159,1.1029082517631392,10.076681628570164,3.933577796482269,-3.93749061441629,-9.013951414282124,-8.466666666666667
2025-07-10,-1.6341645282586599,1.1029952612613632,19.74277877290816,9.79552509431317,-0.1990871128025412,-6.492850680847931,-8.466666666666667
2025-07-11,3.173122502633494,1.1033340867716497,20.0,15.160678380121071,3.239926066051352,-4.735072523797982,0.0
2025-07-12,7.4301355059805285,1.1035226657212547,20.0,17.82711834845199,5.849454853200607,-3.4148536893900068,0.0
2025-07-13,8.885943569559625,1.1035226112055665,20.0,20.0,8.519204386600917,-1.772666776311699,0.0
2025-07-14,10.318091623060516,1.10362094718962,20.0,20.0,10.627645550261391,-0.4169245467134865,0.0
2025-07-15,11.082720981107258,1.1036209757199213,20.0,20.0,12.52352219385076,0.9624809274559758,0.0
2025-07-16,11.805798596954446,1.103634400403671,20.0,20.0,14.38953318595527,2.422191719634584,0.0
2025-07-17,12.54018224842052,1.1036614597831598,20.0,20.0,15.549443519898436,3.945224889090861,8.466666666666667
2025-07-18,15.004227991570366,1.1038797262345825,20.0,20.0,17.668827217621867,5.54412157602694,8.466666666666667
2025-07-19,15.825127686654225,1.1038792259854973,20.0,20.0,19.518483386004945,7.1159470548423815,8.466666666666667
2025-07-20,16.580536697764366,1.103881124001946,20.0,20.0,20.0,8.646076085875407,8.466666666666667
2025-07-21,17.024638258091226,1.103879699411288,20.0,20.0,20.0,10.225912899369971,8.466666666666667
2025-07-22,17.373294465568907,1.1038712011587901,20.0,20.0,20.0,12.052096520508004,8.466666666666667
2025-07-23,17.776440960543912,1.1038694744491189,4.390716860095711,17.378541773104132,18.135554034181144,9.678219617088851,8.466666666666667
2025-07-24,12.813448620424236,1.1036619355433688,-1.9794592522904797,12.71475250920072,16.83408961330543,9.928821102386738,0.0
2025-07-25,8.277070072865977,1.103662201916859,-1.920335726471336,10.340739511088932,15.98674946082918,10.253760819357089,0.0
2025-07-26,7.650836151599675,1.1036691267424843,-1.009797573957134,8.94918642315501,15.369222558626172,10.609000491089605,2.3808072138680383
2025-07-27,8.01229749899217,1.1036703105577972,1.379623838282155,8.71751430578871,15.0852054836109,11.016407988594036,13.780828529908256
2025-07-28,11.032263404066697,1.103677078898892,-4.473646288784291,5.096907225774782,12.968053059232902,10.442509766742466,8.466666666666667
2025-07-29,7.174051632513756,1.1036835964131744,-7.163236234943508,2.345293940371395,11.455902921878742,10.247947632456206,8.466666666666667
2025-07-30,5.596264244543935,1.1036875466858305,-10.113730618135744,-0.7344354891411428,9.524054113911031,9.748227147332088,7.147536734977883
2025-07-31,3.4373161524114453,1.1037095411990112,-13.492748116394957,-4.1965111453050215,7.175310779164502,8.938889898549323,0.0
2025-08-01,-0.34769652009787005,1.10375742093961,-16.663852804980454,-7.76920231141373,4.568746703820921,7.904278989312429,0.0
2025-08-02,-2.640352456296999,1.1038235621568906,-18.12586678775356,-10.7343280259593,2.10101687464836,6.876673696816396,-1.3032695271871173
2025-08-03,-4.677222324387959,1.1038592159271996,-10.61496058452081,-9.400276966915524,1.1287779282015076,6.1762331963759385,-2.6326713697841404
2025-08-04,-3.3876415298476763,1.1039770891874414,-2.329632748969116,-6.120919528315417,1.278692959144632,5.906458077774941,-1.4271221032759125
2025-08-05,-0.5945238104181814,1.1040272163699363,-4.80884825276911,-6.3215275591490965,0.4637197561126655,5.296895779219629,-2.949106587192982
2025-08-06,-1.8368861979639401,1.104048320548265,-2.1339592588204277,-5.045053858271451,0.3529000343023827,5.05004756680414,-2.9656640196528423
2025-08-07,-1.0470265751668608,1.104055563795394,6.591701817634714,-0.4400290729895909,1.6373507893793182,5.036958265726046,8.466666666666667
2025-08-08,4.701835284604141,1.104098274110873,8.698407913848047,2.226816810832346,2.7516629122512586,5.401424010523124,16.933333333333334
2025-08-09,7.952080339893872,1.1040984581704383,10.14512241239676,4.545299284692908,3.949347597782238,5.843981005864063,16.933333333333334
2025-08-10,9.14571764238274,1.1040996661169495,8.94878709785915,5.5664748047522,4.809113832978665,6.248271059871163,16.933333333333334
2025-08-11,9.386166478564864,1.1040995231876163,2.1065041693095066,3.458169650253787,4.338878941155406,6.047134884235864,16.933333333333334
2025-08-12,7.26138581411975,1.1040903147024166,10.676019389487594,6.705312656336155,5.394903838786495,5.879432443119208,16.933333333333334
2025-08-13,10.067238861388162,1.104130217221505,19.52285141458354,11.73843699309515,7.616560348731053,6.478795038724412,16.933333333333334
2025-08-14,13.75472388439683,1.1040880506368582,20.0,15.771178584289292,10.17333592865458,7.7038251361256735,16.933333333333334
2025-08-15,15.585599219286062,1.1040825869324318,20.0,18.66716509035772,12.551277462669493,8.988996438226287,16.933333333333334
2025-08-16,17.03383446016376,1.1040746642054697,16.423174560893685,17.764714818591205,13.490177137713388,9.803058781652826,16.933333333333334
2025-08-17,16.43149123939985,1.1040523267539561,17.841162070928902,18.71602405063883,14.734736357922593,10.615530746507876,16.933333333333334
2025-08-18,17.407995473565787,1.103996816448896,10.03098598964149,15.85919406695348,14.460206906975914,10.917915315626606,16.933333333333334
2025-08-19,15.058071458415979,1.103937707884628,-4.208379757542055,7.697059487110524,10.8135499734627,9.320428248836125,8.466666666666667
2025-08-20,7.083730458906048,1.1037518774724646,-2.517351605081952,5.9490821121616015,9.981935903599371,9.259492233920668,8.466666666666667
2025-08-21,6.874346171027956,1.1037868874204675,-5.534855193983907,3.0649017805431824,8.616475479696359,8.979431014759541,8.466666666666667
2025-08-22,5.208302254671833,1.1037990503754014,4.540925707366524,5.517929103872702,8.475823102153786,8.490505604782,16.933333333333334
2025-08-23,9.706041909346904,1.1040001579368415,4.396625921211147,5.917281448536264,8.660536970627724,8.805231714024046,16.933333333333334
2025-08-24,9.872610248885145,1.103997514825495,3.115588100518088,5.643839545542634,8.652987302490876,9.076980467088772,16.933333333333334
2025-08-25,9.587712393372202,1.1039969930032099,-6.317573649885095,1.0072907516632064,6.269708411527299,7.888176108496868,8.466666666666667
2025-08-26,3.8229187544766603,1.103979299264604,-4.3954421817626175,0.2485619107663117,5.554392946359558,7.688195691089307,0.0
2025-08-27,2.008345831895964,1.1040073796249272,-5.179828066358335,-1.0201401689022864,4.672599135363166,7.448156630229548,0.0
2025-08-28,1.3073240514146494,1.1040119618524147,-3.8744258969303687,-1.3144921466335342,4.127261118826345,7.310507703475753,0.0
2025-08-29,1.3797628081076125,1.1040132473656403,-6.869543207337221,-3.1673357607548445,2.898976061079435,6.782801635898724,0.0
2025-08-30,-0.0784085622152534,1.1040309989499035,-7.349234010339664,-4.349390871462099,1.89067871039181,6.388231764003792,0.0
2025-08-31,-0.7550944022814715,1.1040313785357987,-7.975212717575594,-5.508743294279887,0.8279608165888559,5.913337218003347,0.0
2025-09-01,-1.488825906865656,1.1040348716233888,-8.439341535127484,-6.563140028341013,-0.2406603806662854,5.3916610795544,-8.466666666666667
2025-09-02,-4.044785683108008,1.1040378608722368,-2.6814313143118795,-4.686025960789117,-0.2017034661267709,5.119434063285632,-8.466666666666667
2025-09-03,-2.4105037005246865,1.1040751393019124,-0.5710189477268671,-3.4564012617832165,-0.1315475306137507,5.014315279447409,-8.466666666666667
2025-09-04,-1.6806937468209588,1.1040752060856263,-3.796016214120896,-4.3393878353701165,-0.7799691790497452,4.559023708345123,-8.466666666666667
2025-09-05,-2.831546477488511,1.1040875392442944,-1.0459099883848404,-3.27180319411312,-0.7009264742481014,4.393846683081858,-8.055551011621496
2025-09-06,-1.916787409756685,1.1040964580469887,-1.9836284205267607,-3.3930025586986496,-0.9700162574445028,4.148254164415056,-7.768099998173477
2025-09-07,-2.200797554378943,1.1040982714917789,0.5524843910085275,-2.1899285698124413,-0.7065395124207471,4.0844762762300615,1.4349206223810838
2025-09-08,0.7011963806159182,1.104102576295946,5.673484182978634,0.6207196467812454,0.332859737656292,4.265275408530789,15.697315777038812
2025-09-09,5.871572197439386,1.1041083932802969,6.34942719908836,2.147600842665772,1.122402262910922,4.521998055426771,20.0
2025-09-10,7.53916722935645,1.1041083503947713,8.814009144417637,4.321589277112751,2.2824122813582512,4.913858628214955,20.0
2025-09-11,8.906206546612312,1.104115268436606,9.706751408357023,6.005376944356162,3.416307038853369,5.400251546403852,20.0
2025-09-12,9.832966754801468,1.1041159565853627,12.288144492886367,8.312847356054759,4.882227411697299,6.006943393642986,20.0
2025-09-13,11.370229175605083,1.1041166496159482,13.45284182486199,10.25652596739783,6.374744240478545,6.747405453816455,20.0
2025-09-14,12.549716837094381,1.1041159370822176,4.6081741841427,7.35558145344478,5.854865878444732,6.555939233887409,20.0
2025-09-15,9.798672726219651,1.1040867290429912,-2.2843359338555,3.8663901387826742,4.844992505513042,6.313100649677176,16.933333333333334
2025-09-16,6.552408475140272,1.104084913871675,-0.9654272693743092,3.1185421970859406,4.598677720806996,6.345435318394408,16.933333333333334
2025-09-17,6.631292846975825,1.1040907262231927,5.047395972948486,4.98986028219023,5.249780346350453,6.567860111485241,20.0
2025-09-18,9.24246487187198,1.1041079536348433,7.783729779035094,6.705500406209078,6.152743121336012,7.079522059489405,20.0
2025-09-19,10.537940577070293,1.1041083788588553,1.5585999018239656,4.599674103756636,5.524053709882124,6.871053297969274,20.0
2025-09-20,8.51334320157971,1.104098133262769,0.1939020811160343,3.6135035613974575,5.272240214306222,6.964979438592568,19.7343583846774
2025-09-21,7.900702472600734,1.1040982247068862,-1.8001014747920163,2.2076549532168506,4.737110487593877,6.9170799626326325,16.933333333333334
2025-09-22,6.402688737375511,1.10409927166672,-11.212664668151476,-3.001835000173059,2.1211540140623075,5.4693279055299096,8.466666666666667
2025-09-23,0.40691707638426583,1.1041633390489516,-15.401304089520323,-7.0320238252129545,-0.086908162175931,4.582235017618677,0.0
2025-09-24,-3.9613677493902046,1.1041831629669001,-13.42052075370792,-8.542562737620258,-1.5656568894514356,3.91157164974165,0.0
2025-09-25,-4.3321987520424825,1.104185525301658,-18.029352059441155,-11.885319591520952,-3.902465666407606,2.521342569733961,0.0
2025-09-26,-6.911945385179076,1.104292995419335,-12.295893273392272,-11.346533753064968,-4.81596623790492,1.8049973314241723,0.0
2025-09-27,-5.886910663202933,1.1043453295810517,-10.980747871510909,-11.568072187220883,-5.866680139536686,1.084698477748966,-6.304774671707608
2025-09-28,-7.429090108921407,1.1043500522021978,-4.441358634716762,-8.991717090234168,-5.664395518018359,0.7407248971543858,-8.466666666666667
2025-09-29,-5.9245527149888,1.1043622062993932,-2.558473720922208,-7.579713662348904,-5.6583280773277,0.4251004888101687,-8.466666666666667
2025-09-30,-5.265175474389012,1.1043622457218396,-1.516257254149055,-6.4356414146487735,-5.581181324821694,0.1528589194357985,-8.466666666666667
2025-10-01,-4.825375416685423,1.1043622034233045,6.253256890800329,-1.9578601621201723,-3.811938809309937,0.4118792298560358,0.0
2025-10-02,0.19775742081953063,1.1043740393796417,10.754092236778067,1.8705824809458316,-2.061022849734225,0.87597551893548,8.466666666666667
2025-10-03,4.396820438325782,1.1043794556858852,9.70555461579717,3.5328601060371465,-0.8936340964424935,1.2382708475030937,12.519244769402848
2025-10-04,5.765369539397538,1.104379761435505,3.4452108854987293,2.209962210743022,-0.8049390804364264,1.2162895498343456,12.010046710660342
2025-10-05,3.9927101679655506,1.1043881961392719,0.9152786811061474,1.2482492078329432,-0.8255085980741552,1.1941514754028657,10.984195390238137
2025-10-06,2.985463096664554,1.1043882142936536,6.1005584044909575,3.334605950547566,0.2931905137646809,1.536454604361248,16.933333333333334
2025-10-07,6.228403845665866,1.1043996564608212,-2.3159871798766534,0.222857480242341,-0.5092545427079658,1.1386989086186925,-4.934490590981538
2025-10-08,-1.4132761975902264,1.1044368068508221,-0.983648514141522,0.0670897433124818,-0.5222191008428189,1.1105418904818738,-5.772997122055498
2025-10-09,-1.3476868641405348,1.104438104015111,-4.415668598654141,-1.7864281592239095,-1.23753823104721,0.8046183988497826,-8.466666666666667
2025-10-10,-3.335780201172267,1.1044398642393087,-19.568275624586395,-9.130807252394442,-4.06220626634366,-0.872312623573631,-8.569355257638097
2025-10-11,-9.323650676967524,1.1046205449000743,-20.0,-13.527402842665582,-6.712228604897886,-2.083841021461982,-16.352396903650618
2025-10-12,-12.96292440796785,1.1046214181876588,-12.334957898918958,-11.797743305647533,-7.085719364033238,-2.566485875317813,-20.0
2025-10-13,-11.882898045316761,1.1046684684398647,-5.556817924351279,-9.478736340368648,-7.030085245838664,-2.883044542207135,-20.0
2025-10-14,-9.93061694134223,1.1046615880550112,-5.854703169760412,-9.12122925353446,-7.442576597088598,-3.3565873195244467,-20.0
2025-10-15,-10.113230024776607,1.1046650726499543,-8.156940408520317,-9.917410256640862,-8.229808438344499,-3.977087782574382,-20.0
2025-10-16,-11.108792827710696,1.1046656075255437,-10.027002703914896,-11.055230356755835,-9.213577431344804,-4.702540651202232,-20.0
2025-10-17,-12.150894858203955,1.1046599221277171,-11.342240720711056,-12.242905461695054,-10.289278716775534,-5.499820936805532,-20.0
2025-10-18,-13.117553878913768,1.1046501470645307,-9.166291750432478,-12.02122274311867,-10.885546739089603,-6.162497841577302,-20.0
2025-10-19,-12.86593037917704,1.1046455622397402,-5.312057757982254,-10.514533450750076,-10.85911269897676,-6.592999580994181,-20.0
2025-10-20,-11.770671195084388,1.1046319095940589,-2.477075071901936,-8.829141333017908,-10.593141201754277,-6.922571102149852,-20.0
2025-10-21,-10.786030734242617,1.1046297247463281,-3.6224387389648887,-8.547023889605606,-10.673180258909788,-7.337931217155436,-20.0
2025-10-22,-11.086204760457687,1.1046311205349018,-5.665343758015394,-9.06609716521612,-11.05230457238703,-7.856902564224704,-20.0
2025-10-23,-11.8506089601175,1.1046295476237138,-3.179979789427576,-7.985372924391599,-10.83511880587434,-8.153874055300989,-20.0
2025-10-24,-11.080295022110517,1.1046196391439738,-0.4663539711091441,-6.379113899714032,-10.3191150830711,-8.325678094586623,-20.0
2025-10-25,-10.04987141949943,1.1046179102807145,0.109295415392241,-5.369210295221349,-9.917276018930806,-8.516977268908091,-17.539408052891027
2025-10-26,-9.10947020967032,1.1046180133568362,3.694152500746962,-2.9976007829038247,-8.774296182268788,-8.32292709402561,-16.933333333333334
2025-10-27,-7.364347681505529,1.1046298975195334,2.3180147774145023,-2.4346226717581123,-8.246930929424007,-8.350538667394343,-16.933333333333334
2025-10-28,-7.433652445765004,1.1046395938960791,-1.182793593869477,-3.2820844088667998,-8.246701797756813,-8.517504217740381,-20.0
2025-10-29,-9.108802951950398,1.1046574486013379,-2.7716061986503515,-4.006369494361516,-8.38935051026707,-8.786628079769367,-20.0
2025-10-30,-9.710821108809705,1.1046584166552305,-7.973227251006351,-6.475733707283524,-9.11152982491725,-9.088770661098364,-20.0
2025-10-31,-11.632060371870331,1.104674600628082,-7.318125539734853,-7.223208508690096,-9.62313729688846,-9.542723806268915,-20.0
2025-11-01,-11.865768813509241,1.1046721747448816,-5.645732839438154,-7.148778603408313,-9.862064707470973,-9.920938738058847,-20.0
2025-11-02,-11.616175133536045,1.104671375035274,-4.768252036275907,-6.999185103024165,-10.0393585799551,-10.283737079280549,-20.0
2025-11-03,-11.508584443748365,1.1046714081672702,-11.61648328301424,-9.732698689870446,-10.7408018831538,-10.295294334401564,-20.0
2025-11-04,-13.782376758926352,1.1046177206146024,-16.236988326898246,-12.967680746584366,-12.365550075235475,-11.1017988754738,-20.0
2025-11-05,-16.053874149569534,1.1045430267414162,-11.755881115531576,-12.68289091766994,-12.908417524233473,-11.639357829488231,-20.0
2025-11-06,-15.23860194505912,1.104461849611833,-10.95498128425988,-12.99997217822527,-13.672440452119265,-12.347019628616076,-20.0
2025-11-07,-15.456584303745398,1.104445433772622,-2.5606249389367943,-9.292526320732446,-12.370381539397604,-11.953581300679136,-20.0
2025-11-08,-12.406467348306595,1.1042279001977688,-1.159005702942721,-7.725089954985515,-11.982227433639752,-12.202825769968618,-20.0
2025-11-09,-11.720089349520002,1.1042281250919472,0.895658598943047,-5.880308151979979,-11.305813384342615,-12.29999448197217,-17.4980725633998
2025-11-10,-10.17845374029551,1.1042285080588123,3.4319103195688943,-3.682373373427053,-10.292619134208447,-12.202899149553762,-16.933333333333334
2025-11-11,-8.763053488916226,1.10423448106212,-1.9412004596068333,-4.71546553545268,-10.129531302177822,-12.09639153544026,-20.0
2025-11-12,-10.79649931571315,1.104329739231792,-4.7486412135936185,-5.921088545984926,-10.49461376214849,-12.480042833690522,-20.0
2025-11-13,-11.848249980472804,1.1043326977377426,-7.375422739431776,-7.476564203250636,-11.1051006081751,-12.933025384413328,-20.0
2025-11-14,-13.00682948662348,1.104330492702566,-11.849705079019284,-10.07935063859614,-12.11244425570872,-13.363443756256656,-20.0
2025-11-15,-14.886859249161207,1.104285414797259,-10.728039485150186,-10.916805359455354,-12.90169979091193,-14.029486863376528,-20.0
2025-11-16,-15.145447278346921,1.1042814046910245,-12.032111109976183,-12.276888446695114,-13.838934042087892,-14.678289752702089,-20.0
2025-11-17,-16.083592980378512,1.1042446141109545,-13.74998229252387,-13.894914126649958,-14.974745136673668,-15.448490208288083,-20.0
2025-11-18,-17.240588575333433,1.1042014318609417,-10.892749862304065,-13.66019823672596,-15.548883958019289,-16.138189438795425,-20.0
2025-11-19,-16.836613520831285,1.1041847307026873,-10.60279817390899,-13.883868137735242,-16.200025245648625,-16.852700051852953,-20.0
2025-11-20,-17.12331279970401,1.1041686325073194,-14.269600157984,-15.50624267898026,-17.024947748840756,-17.288257401003534,-20.0
2025-11-21,-18.5672438496332,1.1040227172357766,-17.290461848287812,-17.64888481388051,-18.38272568303654,-18.152314434007337,-20.0
2025-11-22,-20.19571865517901,1.103900193609636,-16.714443857251982,-18.74436104381692,-19.703525428680173,-19.285216854388175,-20.0
2025-11-23,-20.85203911159308,1.103895216618989,-13.633207737171755,-18.364726606443128,-20.0,-20.0,-20.0
2025-11-24,-20.311092367075428,1.103888500975083,-7.269026554845046,-15.635396593871604,-19.93694759807928,-20.0,-20.0
2025-11-25,-18.287713752493588,1.1037790410536454,-5.727703409286232,-14.189586806499127,-19.816584007370405,-20.0,-20.0
2025-11-26,-17.60168165888221,1.103776897233124,-1.8251806246202231,-11.566600633640403,-18.948916127272437,-20.0,-20.0
2025-11-27,-15.969354236500221,1.1037600419714662,-1.0296746203720066,-9.979745326277746,-18.36994505170628,-20.0,-20.0
2025-11-28,-15.315645936893848,1.1037608903783391,-3.364043197067454,-9.872175678316465,-18.133377769285243,-20.0,-20.0
2025-11-29,-15.755241589395814,1.1037782424242288,-4.6477988036090245,-9.986609880515646,-18.124717376990887,-20.0,-20.0
2025-11-30,-16.062014963245776,1.1037800914317022,-4.475187000691089,-9.74230513239276,-18.029849764392424,-20.0,-20.0
2025-12-01,-15.949036294468607,1.1037801444031905,-9.728090275302344,-11.561181217606643,-18.118539076176145,-20.0,-20.0
2025-12-02,-17.52981114175954,1.1037838101900903,0.4136874735672097,-6.88453598074947,-14.95209030087246,-20.0,-20.0
2025-12-03,-13.554674312647519,1.103388617972641,6.025982310372812,-3.230808905394005,-13.188201953195518,-19.773100323712598,-16.933333333333334
2025-12-04,-10.394114884342926,1.10342182242386,4.628775521673377,-2.060918793066941,-12.200805443520062,-19.60995922541385,-16.933333333333334
2025-12-05,-10.190689376412022,1.1034559218470699,-1.2091611166642775,-3.441660836141586,-11.955771211949097,-19.336255302339225,-20.0
2025-12-06,-12.34788742022536,1.103616258250457,-3.0058044710219267,-4.299545817263273,-12.01663135235214,-19.60060734368916,-20.0
2025-12-07,-13.005594796773703,1.1036170525562963,-2.359095460123173,-4.2908560279428,-11.840373175085071,-19.772021803395223,-20.0
2025-12-08,-12.85986821725406,1.1036174302246893,1.483457026997857,-2.5821110671904126,-10.865963167034224,-19.43126926642864,-16.933333333333334
2025-12-09,-10.667609490914037,1.1036397373594082,9.725693756480032,1.9455044191770596,-8.054325064283269,-17.438519927282428,-8.466666666666667
2025-12-10,-4.920807160954188,1.1038984992743426,7.240595718618136,2.742921132142345,-6.953840355515284,-16.899764202020503,-8.466666666666667
2025-12-11,-4.9318896750755306,1.1039852954060918,-0.346184092714364,0.3911060230648123,-6.935259402982931,-16.33681753509199,-20.0
2025-12-12,-9.54644516026918,1.1042185356130052,-5.670695106584233,-2.39395605905906,-7.613006057500316,-16.45363420548814,-20.0
2025-12-13,-11.513382951225248,1.104267958428306,-6.085223694167665,-3.729694306828879,-8.105386577144225,-16.741512058309734,-20.0
2025-12-14,-12.07225668173508,1.1042677891613335,-8.41542410244166,-5.6789384574792265,-8.892984381240916,-17.01348332513061,-20.0
2025-12-15,-13.251480416851228,1.1042747540358384,-9.733478382498948,-7.375063174917392,-9.802850390443137,-17.485379633100003,-20.0
2025-12-16,-14.222329323693748,1.1042734732294355,-9.344556974605435,-8.30807738275226,-10.557695506181345,-17.997444012435555,-20.0
2025-12-17,-14.622297643469802,1.1042734702771757,-12.097581370101778,-10.26354636443197,-11.598759403705534,-18.340850242157305,-20.0
2025-12-18,-15.967485816013706,1.1042408690802012,-14.816888117923304,-12.570283008469044,-12.968290288343653,-18.947963556409128,-20.0
2025-12-19,-17.51329589126007,1.1041954302498507,-7.313693888536282,-10.348159354860751,-12.449252960202823,-18.54530276242109,-20.0
2025-12-20,-15.159232564904153,1.10399253275879,-5.328210836977556,-9.411716748992225,-12.52662721712444,-18.930836615398924,-20.0
2025-12-21,-14.616277004833943,1.1039919165720091,-5.707717064158477,-9.266124371297998,-12.76628027917752,-19.338891889026478,-20.0
2025-12-22,-14.810928091102891,1.1039911960105704,-3.845556555312863,-8.312540394225534,-12.652590856269963,-19.638522811153045,-20.0
2025-12-23,-14.230238902229601,1.1039886110323096,-4.913257865196918,-8.39491513189951,-12.810016491165428,-19.972315039565075,-20.0
2025-12-24,-14.592669694533901,1.1039913977649969,-6.15566205004206,-8.86350917421121,-13.1478158122039,-20.0,-20.0
2025-12-25,-15.051167209870245,1.1039924063110313,-9.068704564870837,-10.25203321059703,-13.783116048381784,-20.0,-20.0
2025-12-26,-16.141128112221594,1.1039861284957084,-7.002030534462201,-9.952230958873004,-13.97738480166945,-20.0,-20.0
2025-12-27,-15.661391706582416,1.1039777394596695,0.111245318102355,-6.662928183818327,-12.565629941077994,-20.0,-20.0
2025-12-28,-13.052263093143216,1.1039289908017609,1.6472328038264294,-4.936003287916148,-11.842490733924198,-20.0,-16.933333333333334
2025-12-29,-11.495127467661561,1.1039294137136526,-2.481226863085733,-5.637121710627476,-11.730293631985724,-20.0,-20.0
2025-12-30,-13.21447052946651,1.1039908377577359,-3.783643345877481,-6.118644519453111,-11.859628904169504,-20.0,-20.0
2025-12-31,-13.636926800030396,1.1039915463540733,-8.567615456932394,-8.242941697569943,-12.424245069440914,-20.0,-20.0
2026-01-01,-15.287272680539308,1.1040164909471322,-2.019521144561699,-5.9413405645597335,-11.260499572165298,-19.785865084728712,-20.0
2026-01-02,-13.028190208975028,1.1039487035166313,9.50299252326814,0.1832792591330644,-7.747871678503515,-16.854462023434053,-16.933333333333334
2026-01-03,-7.033050291524937,1.1041104918454054,9.88451067786246,2.5588298245813736,-6.258174717725614,-16.37784467933341,-8.466666666666667
2026-01-04,-4.120449050087592,1.1041247498619466,11.56449992913942,5.089024509476904,-4.486199715076087,-15.602941324754587,-8.466666666666667
2026-01-05,-2.628455560112467,1.1041812318504896,15.435425085341752,8.488734265172377,-2.0736101450378777,-14.175183052000325,-8.466666666666667
2026-01-06,-0.17477859779902963,1.104375612586639,14.118366446117646,9.9822573246216,-0.3969457056340287,-13.392334619191294,-8.466666666666667
2026-01-07,0.4074437448323721,1.1043770632778136,7.021590059784215,8.139908949331927,0.0460549740093942,-12.672614213758887,-8.466666666666667
2026-01-08,-1.3103448273440024,1.1045222159000951,2.4386865409937006,6.128576814095555,0.0518873230337796,-12.405666397153432,-8.466666666666667
2026-01-09,-2.706818218268826,1.1045368187077873,-0.3057357712003374,4.267486241127751,-0.1572648304413501,-12.266117974838842,-16.933333333333334
2026-01-10,-5.609957177853285,1.1045412014025244,-1.8194200540989776,2.716283853572715,-0.4635435721887312,-12.200851084479403,-16.933333333333334
2026-01-11,-6.340268712875731,1.104543171729344,-1.2857412982225027,2.0705650471628982,-0.5679110785334289,-12.090288102947763,-16.933333333333334
2026-01-12,-6.363655949124393,1.1045440839571192,-2.4198468630582943,0.9796970738809212,-0.9071722544496132,-12.062757021805126,-20.0
2026-01-13,-7.601519981098938,1.1045484618975083,7.598083792231145,4.663205662006978,0.7448777381103441,-9.913308869101488,-8.466666666666667
2026-01-14,-1.1873673923845993,1.1047727389073607,7.119392740456789,5.649745216223157,1.539103314465036,-9.397158438566237,-7.106235561434
2026-01-15,-0.4850339955283097,1.1047841663874771,0.1169734967594273,3.209847563732337,1.0220763967221989,-9.007191367577681,-16.933333333333334
2026-01-16,-4.771185650166521,1.1048694006051138,-1.2004376013998672,2.0989853149631648,0.7612880911931998,-8.954463907397962,-16.933333333333334
2026-01-17,-5.3537496550848855,1.1048700216138263,-0.8793411759390868,1.6382040875943993,0.649951263060444,-8.867600450829846,-16.933333333333334
2026-01-18,-5.390026378152402,1.1048704385790165,-6.773526002583538,-1.494691029546012,-0.5809695957066406,-8.801055521186818,-20.0
2026-01-19,-8.32023919620905,1.1049383378833,-9.091931394710397,-3.8644444332682975,-1.7916933858506603,-9.196079187494757,-20.0
2026-01-20,-9.711141739849563,1.104941396424575,-13.851667055610926,-7.396873371661964,-3.6362210695878954,-9.585974602076496,-20.0
2026-01-21,-12.037535108889909,1.1049543269459103,-8.70973863483437,-6.998978778674569,-4.169289370373263,-9.716244801934556,-20.0
2026-01-22,-10.959711088006046,1.1049376427267597,-8.142430123186085,-7.462200337338301,-4.94888059426971,-10.12553655491269,-20.0
2026-01-23,-11.199425615223985,1.1049364721170203,-6.681492386757935,-7.363829476404589,-5.487053834465983,-10.51447826294091,-20.0
2026-01-24,-11.059717048871839,1.1049362920579877,-5.994202508954466,-7.311713756286677,-5.971132573357219,-10.899854705474612,-20.0
2026-01-25,-11.088456489627054,1.1049363059926054,-10.711653567678526,-9.376436588279732,-7.1066177503097805,-11.168223378794512,-20.0
2026-01-26,-12.897288885772392,1.104921274668167,-6.418633364781625,-8.355933312245387,-7.2395313179723315,-11.320254997966032,-20.0
2026-01-27,-11.785753086910182,1.1048932278661638,-1.6646396124058858,-6.286492349775884,-6.834087831162108,-11.35814874981486,-20.0
2026-01-28,-10.196632211239931,1.1048859817963697,-0.9704775554033996,-5.309033888771458,-6.6682830764431325,-11.530356518263453,-20.0
2026-01-29,-9.828660677596398,1.104886382192965,-7.95209952391949,-7.56597928187583,-7.392258792973923,-11.403676042524776,-20.0
2026-01-30,-12.002562812509003,1.1049232056184908,-12.97505263967934,-10.510996683538307,-8.849010041470162,-12.01571392612483,-20.0
2026-01-31,-14.2202971921411,1.104904919159016,-19.68113096880011,-14.519553725319382,-10.68405390115502,-12.312826533356418,-20.0
2026-02-01,-17.056578134006113,1.1047354994672098,-20.0,-17.671371671137404,-12.929566857733311,-13.53734314851238,-20.0
2026-02-02,-18.589741866500553,1.10471366278791,-14.713441592992494,-16.668893727218887,-13.603755376842164,-14.140878525522853,-20.0
2026-02-03,-17.480943044906965,1.1046134596495658,-13.274593644174171,-16.64410363736628,-14.557411349150298,-14.990052840171906,-20.0
2026-02-04,-17.555532707340852,1.1045917144102793,-12.803985494570162,-16.799925679039234,-15.515460642466651,-15.896884553705044,-20.0
2026-02-05,-17.897799412367558,1.1045807480091985,-20.0,-18.64045115526988,-15.542573713917037,-14.761839793761222,-20.0
2026-02-06,-19.63539104212044,1.1037956556866837,-10.76638015542067,-15.362105433870324,-14.60763467883806,-14.274533276438904,-20.0
2026-02-07,-16.54752850218121,1.103011886994786,-8.24508325827203,-14.280439792096976,-14.917827718286375,-14.945753275392862,-20.0
2026-02-08,-15.969128209092153,1.1030063446686018,-7.015151018885701,-13.419907272085934,-15.16522656203659,-15.598391374704306,-20.0
2026-02-09,-15.706507945688877,1.103005615965052,-5.811258861386005,-12.489285229592827,-15.26689853643961,-16.192107606431573,-20.0
2026-02-10,-15.389035266738663,1.1030056254054883,-6.947147479266703,-12.468640813563807,-15.556927078104058,-16.775660519484752,-20.0
2026-02-11,-15.827617616452297,1.1029948357734036,-8.11651531088552,-12.813984824863107,-16.011764701266504,-17.445031916844812,-20.0
2026-02-12,-16.409637800059194,1.1029865659964113,-4.8076092297623365,-11.353140336808371,-15.71814512080862,-17.790469752716948,-20.0
2026-02-13,-15.368487205557464,1.1029587630852964,-0.666548132084437,-8.938804763622539,-14.880954863416868,-17.889850896610433,-20.0
2026-02-14,-13.759512550724155,1.1029464499942587,7.097289828126915,-3.9666465677344487,-12.263970699759922,-16.669221833731516,-16.933333333333334
2026-02-15,-9.427650063050187,1.103013379865378,4.175725339573535,-3.0629490427064385,-11.29302200276488,-16.395377731461682,-16.933333333333334
2026-02-16,-9.599085708219826,1.1031160501974704,4.084583765114731,-1.9345467517405135,-10.404536718122085,-16.316080899106655,-16.933333333333334
2026-02-17,-9.156783019196178,1.103122832349508,2.0357185178828408,-1.898833847135497,-9.906253313772146,-16.325255711914608,-16.933333333333334
2026-02-18,-9.493116267279145,1.1031334947448006,-1.240418197425928,-2.8981504128819946,-9.84985872805905,-16.41725895297093,-20.0
2026-02-19,-11.12106499312848,1.103155795642803,-2.1689659651857003,-3.451040967615596,-9.830205113144052,-16.615530475933806,-20.0
2026-02-20,-11.487326630269566,1.1031559403423796,1.8979649693756224,-1.7712380305235809,-8.830764951440928,-16.18458430040812,-16.933333333333334
2026-02-21,-9.22742239532141,1.1031792096660438,1.0705961089615688,-1.5544530726455523,-8.423449032274206,-16.145233301022962,-16.933333333333334
2026-02-22,-9.263663638627463,1.103188174769404,-2.1833205383229624,-2.662147061768763,-8.51624097328031,-16.18944329219786,-20.0
2026-02-23,-10.933084279085945,1.103211920153433,-6.05680308847922,-4.640990661441796,-9.082068340361111,-16.381499099949266,-20.0
2026-02-24,-12.39179425754886,1.1032312959416186,-7.616473563704434,-6.17653164796181,-9.762100373692164,-16.801811508313428,-20.0
2026-02-25,-13.317536699629443,1.1032320188720945,5.902561627126836,-0.335783588297529,-6.24905081948418,-13.264282477623231,-16.933333333333334
2026-02-26,-6.812411258980939,1.1030498440385466,5.233083644230868,0.8865367809390338,-5.375860945034775,-12.893206411482574,-16.933333333333334
2026-02-27,-6.4162127903865045,1.1030948093670732,1.382680890547798,0.1942412612477804,-5.208215740617413,-12.76499792231597,-20.0
2026-02-28,-8.030008612797607,1.103135550271695,1.256063298281465,0.2979602706909242,-4.88071147942564,-12.67476874718791,-20.0
2026-03-01,-7.942926251919673,1.1031395656366891,-1.4178435081609182,-0.7657012495727183,-5.014511798379988,-12.682838432414895,-20.0
2026-03-02,-8.798999488205498,1.1031597323400681,-0.7428307457377981,-0.7839495948064512,-4.881473288479713,-12.664257688153672,-20.0
2026-03-03,-8.620666296435775,1.1031625567212813,-5.362384115391726,-2.953639548714461,-5.50407457322231,-12.625696292189025,-20.0
2026-03-04,-10.247972984801047,1.1032186109216187,-1.120857728353721,-1.8773322662142335,-5.052888136702225,-12.262265617270874,-20.0
2026-03-05,-8.894963973569986,1.1032282547750576,-2.292726112757961,-2.34072172544929,-5.1923517369126175,-12.314018299933316,-20.0
2026-03-06,-9.298058519095616,1.1032390489518555,-5.829192991098418,-4.081502583211827,-5.856690269953365,-12.490731519580104,-20.0
2026-03-07,-10.64821922869076,1.1032568001366638,-7.661878168098751,-5.65237978729701,-6.6691916815416725,-12.890108211185945,-20.0
2026-03-08,-11.666630930171836,1.1032576021915947,-8.993070978994085,-7.148581737579364,-7.573923316657066,-13.3566926392609,-20.0
2026-03-09,-12.593064089085269,1.103255957928572,-5.931819432766776,-6.709327680838624,-7.793456877683621,-13.589359010620814,-20.0
2026-03-10,-11.920361361840174,1.1032475867624492,-1.6639155694746386,-5.0156018726038525,-7.399930002643538,-13.568342942544012,-20.0
2026-03-11,-10.513405566299742,1.1032416698497594,-0.0931777773220143,-3.832939335650557,-7.060231705800359,-13.634426658395922,-20.0
2026-03-12,-9.845499181508444,1.1032416039638415,0.7517335257046102,-2.8535267460042806,-6.6753743040968585,-13.6598499095322,-16.933333333333334
2026-03-13,-8.687002480910607,1.10324169223991,1.7100372857400117,-1.8310521313560049,-6.178006739385893,-13.612340066445896,-16.933333333333334
2026-03-14,-8.129726109860135,1.1032424224461836,0.812145296305402,-1.6134869100773357,-5.919539597757115,-13.625441428463386,-16.933333333333334
2026-03-15,-8.225711697739616,1.1032440459784894,3.3907998150255945,-0.1005671731347065,-5.090681440046623,-13.298941015598569,-16.933333333333334
2026-03-16,-7.068061564872648,1.1032564313089417,11.541242966913597,4.362929926876301,-2.591081907293975,-11.439229365962468,-8.466666666666667
2026-03-17,-1.4549332171741103,1.1034250269750143,11.788234336886957,6.454868715920947,-1.0773313998736878,-10.816419895358834,-8.466666666666667
2026-03-18,-0.4672600569665548,1.1034259829755204,3.731680352656608,4.314260332915552,-1.014399666838459,-10.200149026768468,-8.466666666666667
2026-03-19,-2.5680672697827918,1.1035696799520074,-1.6208228581834472,1.8456064180516585,-1.495439658242917,-10.189538184526237,-16.933333333333334
2026-03-20,-6.266935013153213,1.1035851370525076,-3.462876870313829,0.151760045953379,-1.97241336919109,-10.301560572209222,-20.0
2026-03-21,-7.854239557307893,1.1035857136080538,-7.214503261878042,-2.4789656985857,-2.971626568851188,-10.48280443396732,-20.0
2026-03-22,-9.52364577550426,1.1036047853555604,-10.220708990762304,-5.164016917364514,-4.252404550569388,-10.89382302979989,-20.0
2026-03-23,-11.153286732873092,1.103609368405472,-4.60840497312174,-4.139009504684309,-4.208127858716207,-10.703755355498016,-20.0
2026-03-24,-9.636465248419618,1.103598289234609,-0.3743051886950923,-2.512803506775853,-3.823922425726812,-10.602165902131269,-20.0
2026-03-25,-8.235761169618426,1.103598971225817,2.7095384969568324,-0.672631852817478,-3.161497493011398,-10.385686760753153,-16.933333333333334
2026-03-26,-6.278087871573542,1.1036024723027895,-4.007206918561268,-2.7979495155723706,-3.752168855212615,-10.081712178553367,-20.0
2026-03-27,-8.970492371607314,1.1036792368289994,-9.028817050546216,-5.570604670648335,-4.954499209639436,-10.460087117050168,-20.0
2026-03-28,-11.039973246643301,1.1036881143452317,-9.282410299562237,-6.973545605266865,-5.910439063947066,-10.968008709388526,-20.0
2026-03-29,-11.72876180762114,1.103688099960837,-10.949945411428024,-8.738683569816585,-7.068181055266581,-11.506607309949382,-20.0
2026-03-30,-12.860867770222995,1.103682924548218,-8.227794872164491,-8.64532799181513,-7.618143832903376,-11.928728189460651,-20.0
2026-03-31,-12.453905068754736,1.103678323069928,-7.193312044370198,-8.651835884352467,-8.148050505949167,-12.389584994057229,-20.0
2026-04-01,-12.445688100691793,1.1036780506254915,-2.584089915992465,-6.756399805688322,-7.792354661177044,-12.41107763105604,-20.0
2026-04-02,-10.936002389070126,1.1036674070735526,-5.493251130325774,-7.409498594190486,-8.179201129278969,-12.572439265556316,-20.0
2026-04-03,-11.843348534664583,1.1036700359765192,-1.998244083169613,-5.917527348160773,-7.80720737901892,-12.558054622349196,-20.0
2026-04-04,-10.657195048797472,1.1036626902003974,0.0351642227903998,-4.555348937977934,-7.403474720666423,-12.643644604165832,-20.0
2026-04-05,-9.837453685231685,1.103662639813036,2.136090258963176,-2.92629464005749,-6.743568925827846,-12.582065683652155,-16.933333333333334
2026-04-06,-8.177968151775561,1.1036640819231416,-0.1516522554920403,-3.054616468873662,-6.620656545878522,-12.632263371545353,-20.0
2026-04-07,-9.37219475793308,1.103670967078807,7.772157320493494,1.0471981093141431,-4.389321234120763,-11.01508710818488,-8.466666666666667
2026-04-08,-3.3226296960636144,1.103737575825875,2.5645909696472704,0.3322141144361604,-4.048682919654192,-10.535610286204214,-11.302919657026052
2026-04-09,-5.075385947715734,1.103805116583369,2.583566560342758,0.7072850954609543,-3.5863052984709256,-10.385043829767117,-8.466666666666667
2026-04-10,-4.2269585792437425,1.1038079969794963,2.3038132558938087,0.9164125486415666,-3.2059760672000985,-10.275200307941478,-8.466666666666667
2026-04-11,-4.134338613976906,1.103807964888477,-0.6200736193623417,-0.143669171913194,-3.3274951901473644,-10.267975129311996,-20.0
2026-04-12,-7.585233377827082,1.1038136050119869,-8.215430136295959,-3.812880710750469,-4.475687031072216,-10.18334884973041,-20.0
2026-04-13,-10.307358115586482,1.103870624268966,-2.420592153683196,-2.596990894767751,-4.059615919869097,-9.694133345753702,-20.0
2026-04-14,-8.559666514100266,1.1038654081785526,-5.184202528704622,-3.9373746114825536,-4.615481248310482,-9.776919191535626,-20.0
2026-04-15,-9.606829300323854,1.1038785505938236,-1.9064763451530284,-3.040848909789505,-4.42631992902029,-9.712176162051922,-20.0
2026-04-16,-8.629205367798432,1.1038792419643344,5.834449089096981,0.6250545057077126,-2.871157462037725,-8.786740129281615,-16.933333333333334
2026-04-17,-4.886268411082413,1.1039057951189695,6.901335672606282,2.44654280592256,-1.881662274144875,-8.438542333549359,-8.466666666666667
2026-04-18,-2.083951867835449,1.103905847219023,1.2130560898799092,1.0827249971309123,-1.960582098125968,-8.219903711252233,-9.43063434520202
2026-04-19,-3.8230155902660004,1.1039389917077285,-3.933646607065358,-1.2524300833298188,-2.655011086809924,-8.362905970455948,-20.0
2026-04-20,-7.993459912904268,1.103947256291398,-1.8557525664092471,-1.1691904439814058,-2.63253039691951,-8.30949135419481,-20.0
2026-04-21,-7.4995844550541175,1.10395269458304,0.0368285067704611,-0.5975037315591459,-2.41681952678851,-8.249889783193813,-20.0
2026-04-22,-6.894716603549177,1.1039535821311035,-0.289141636954021,-0.6339982035333241,-2.387175685101605,-8.255166589868864,-20.0
2026-04-23,-6.969369414846241,1.1039542164054732,0.5213741248468539,-0.2443695489366035,-2.1907986079607027,-8.19663046354962,-16.933333333333334
2026-04-24,-5.971017743231054,1.1039548906259653,0.9109370615639232,0.0882223703977267,-1.9827245921839232,-8.130938211393435,-16.933333333333334
2026-04-25,-5.751127434426531,1.1039549079585995,0.8977837785826956,0.2712167775480423,-1.808566556961717,-8.069439440064748,-16.933333333333334
2026-04-26,-5.661597006118705,1.103954880240623,1.958598260991596,0.8955536874729618,-1.4435793037831808,-7.915687455560125,-8.466666666666667
2026-04-27,-3.305637361526339,1.1039559208381826,-0.5663355421946806,0.0609584924257436,-1.607330661995834,-7.900891310975108,-20.0
2026-04-28,-6.626755260740699,1.1039587847695174,-2.0923605875655698,-0.8147772782495637,-1.8960524356285289,-7.996657479147126,-20.0
2026-04-29,-7.241939817926985,1.1039593638316183,-3.702238760611793,-1.9345764885913808,-2.3695754695391407,-8.168399399500501,-20.0
2026-04-30,-7.987108437164698,1.1039605773879568,-2.4832262027095875,-1.9644531956794224,-2.506053055416274,-8.245505212396829,-20.0
2026-05-01,-7.771717075134567,1.1039609932514074,-0.4803549644271043,-1.306840113919531,-2.3481410025828398,-8.214005462531828,-20.0
2026-05-02,-7.142486451601112,1.103961643547704,1.5041374695101977,-0.2750294340183405,-1.959413630175069,-8.085296807640093,-16.933333333333334
2026-05-03,-5.685172589431196,1.1039626351543679,1.4032074817260265,0.1099576665536016,-1.7306393712134749,-8.012343471125126,-13.406762353702025
2026-05-04,-4.7771954471471965,1.103962695722227,1.496472775666322,0.4588538610614994,-1.4867097007959054,-7.9235409201478655,-8.466666666666667
2026-05-05,-3.5153684583652516,1.103962705563711,9.807225364467952,4.446558015952372,0.3987558637022058,-6.503619137087351,-2.0218734246136614
2026-05-06,1.3528344487620498,1.1039857527471828,14.25935942517406,8.058274415400202,2.370222793466133,-5.553634422450725,0.0
2026-05-07,4.224816505518571,1.103994836790278,14.590606684831116,10.253655402351644,4.0520148092902994,-4.714634298163738,0.0
