Date,PX_OPEN,PX_HIGH,PX_LOW,PX_CLOSE_1D,PX_VOLUME,OPEN_INT,INSTRUMENT,SECTYPE,EXCHANGE,CRNCY,TICK_SIZE,TICK_VALUE,POINT_VALUE,CONTRACT_VALUE,near,far,st_dev,no_days,Standard Cost,Instrument_Weights,Exchange rate
01/01/2021,3.1859,3.86,3.0178,3.6497,3817118.74000000,,AVAXUSDT_daily,CRYPTO,BINANCE,USDT,1,1,1,3.6497,3.6497,3.6497,1,1,0.0006,0.5,1
02/01/2021,3.6544,3.939,3.2851,3.4956,1768205.15000000,,AVAXUSDT_daily,CRYPTO,BINANCE,USDT,1,1,1,3.4956,3.4956,3.4956,1,2,0,0.5,1
03/01/2021,3.5005,3.83,3.3916,3.4691,989465.26000000,,AVAXUSDT_daily,CRYPTO,BINANCE,USDT,1,1,1,3.4691,3.4691,3.4691,1,3,0,0.5,1
04/01/2021,3.477,3.83,3.2283,3.5999,1242545.27000000,,AVAXUSDT_daily,CRYPTO,BINANCE,USDT,1,1,1,3.5999,3.5999,3.5999,1,4,0,0.5,1
05/01/2021,3.5999,4.3556,3.4703,4.2501,2403396.82000000,,AVAXUSDT_daily,CRYPTO,BINANCE,USDT,1,1,1,4.2501,4.2501,4.2501,1,5,0,0.5,1
06/01/2021,4.2502,4.9773,4.1361,4.5788,2925158.25000000,,AVAXUSDT_daily,CRYPTO,BINANCE,USDT,1,1,1,4.5788,4.5788,4.5788,1,6,0,0.5,1
07/01/2021,4.5803,4.8205,4.1827,4.4707,1471492.75000000,,AVAXUSDT_daily,CRYPTO,BINANCE,USDT,1,1,1,4.4707,4.4707,4.4707,1,7,0,0.5,1
08/01/2021,4.4728,5.9,4,5.7,3037659.66000000,,AVAXUSDT_daily,CRYPTO,BINANCE,USDT,1,1,1,5.7,5.7,5.7,1,8,0,0.5,1
09/01/2021,5.6999,7.487,5.5761,7.1877,4060100.24000000,,AVAXUSDT_daily,CRYPTO,BINANCE,USDT,1,1,1,7.1877,7.1877,7.1877,1,9,0,0.5,1
10/01/2021,7.2115,7.4969,6.15,6.5416,1865913.15000000,,AVAXUSDT_daily,CRYPTO,BINANCE,USDT,1,1,1,6.5416,6.5416,6.5416,1,10,0,0.5,1
11/01/2021,6.541,7,5.72,6.4713,2065598.30000000,,AVAXUSDT_daily,CRYPTO,BINANCE,USDT,1,1,1,6.4713,6.4713,6.4713,1,11,0,0.5,1
12/01/2021,6.4623,8.2356,6.4198,7.72,3138438.02000000,,AVAXUSDT_daily,CRYPTO,BINANCE,USDT,1,1,1,7.72,7.72,7.72,1,12,0,0.5,1
13/01/2021,7.7254,8.5,7.1356,8.4695,1712008.71000000,,AVAXUSDT_daily,CRYPTO,BINANCE,USDT,1,1,1,8.4695,8.4695,8.4695,1,13,0,0.5,1
14/01/2021,8.4693,9.6004,8.21,9.3177,2550051.08000000,,AVAXUSDT_daily,CRYPTO,BINANCE,USDT,1,1,1,9.3177,9.3177,9.3177,1,14,0,0.5,1
15/01/2021,9.3192,9.89,8.57,9.3794,1991192.96000000,,AVAXUSDT_daily,CRYPTO,BINANCE,USDT,1,1,1,9.3794,9.3794,9.3794,1,15,0,0.5,1
16/01/2021,9.3795,13.4991,9.1629,12.8421,3898717.61000000,,AVAXUSDT_daily,CRYPTO,BINANCE,USDT,1,1,1,12.8421,12.8421,12.8421,1,16,0,0.5,1
17/01/2021,12.8222,14.69,12.3231,13.1746,3568856.68000000,,AVAXUSDT_daily,CRYPTO,BINANCE,USDT,1,1,1,13.1746,13.1746,13.1746,1,17,0,0.5,1
18/01/2021,13.1748,13.858,12.5737,12.7035,1317372.42000000,,AVAXUSDT_daily,CRYPTO,BINANCE,USDT,1,1,1,12.7035,12.7035,12.7035,1,18,0,0.5,1
19/01/2021,12.6825,14,11.3433,11.7367,1846921.90000000,,AVAXUSDT_daily,CRYPTO,BINANCE,USDT,1,1,1,11.7367,11.7367,11.7367,1,19,0,0.5,1
20/01/2021,11.7346,13.0765,11.03,12.3768,1515429.53000000,,AVAXUSDT_daily,CRYPTO,BINANCE,USDT,1,1,1,12.3768,12.3768,12.3768,1,20,0,0.5,1
21/01/2021,12.3768,13.0147,11.0659,11.3225,1717139.33000000,,AVAXUSDT_daily,CRYPTO,BINANCE,USDT,1,1,1,11.3225,11.3225,11.3225,1,21,0,0.5,1
22/01/2021,11.3329,13.3899,10.673,12.7097,2250602.42000000,,AVAXUSDT_daily,CRYPTO,BINANCE,USDT,1,1,1,12.7097,12.7097,12.7097,1,22,0,0.5,1
23/01/2021,12.7153,13.48,12.5059,12.8669,1224349.08000000,,AVAXUSDT_daily,CRYPTO,BINANCE,USDT,1,1,1,12.8669,12.8669,12.8669,1,23,0,0.5,1
24/01/2021,12.8914,13.1725,12.2,12.4801,907179.12000000,,AVAXUSDT_daily,CRYPTO,BINANCE,USDT,1,1,1,12.4801,12.4801,12.4801,1,24,0,0.5,1
25/01/2021,12.4801,12.95,12.0598,12.1816,613873.67000000,,AVAXUSDT_daily,CRYPTO,BINANCE,USDT,1,1,1,12.1816,12.1816,12.1816,1,25,0,0.5,1
26/01/2021,12.1816,12.7333,11.3804,12.2088,873414.18000000,,AVAXUSDT_daily,CRYPTO,BINANCE,USDT,1,1,1,12.2088,12.2088,12.2088,1,26,0,0.5,1
27/01/2021,12.178,12.215,10.77,11.158,740335.46000000,,AVAXUSDT_daily,CRYPTO,BINANCE,USDT,1,1,1,11.158,11.158,11.158,1,27,0,0.5,1
28/01/2021,11.1379,12.7524,10.8,11.9615,1091962.84000000,,AVAXUSDT_daily,CRYPTO,BINANCE,USDT,1,1,1,11.9615,11.9615,11.9615,1,28,0,0.5,1
29/01/2021,11.9596,12.6757,11.3145,11.6158,1470197.45000000,,AVAXUSDT_daily,CRYPTO,BINANCE,USDT,1,1,1,11.6158,11.6158,11.6158,1,29,0,0.5,1
30/01/2021,11.6158,12.65,11.293,12.0433,1122825.05000000,,AVAXUSDT_daily,CRYPTO,BINANCE,USDT,1,1,1,12.0433,12.0433,12.0433,1,30,0,0.5,1
31/01/2021,12.0125,15.3728,11.83,13.4704,5017946.71000000,,AVAXUSDT_daily,CRYPTO,BINANCE,USDT,1,1,1,13.4704,13.4704,13.4704,1,31,0,0.5,1
01/02/2021,13.4704,13.6408,12.5741,13.2153,1820891.90000000,,AVAXUSDT_daily,CRYPTO,BINANCE,USDT,1,1,1,13.2153,13.2153,13.2153,1,32,0,0.5,1
02/02/2021,13.2105,13.725,12.765,13.4703,748745.41000000,,AVAXUSDT_daily,CRYPTO,BINANCE,USDT,1,1,1,13.4703,13.4703,13.4703,1,33,0,0.5,1
03/02/2021,13.47,14.9409,13.1814,14.84,1267446.12000000,,AVAXUSDT_daily,CRYPTO,BINANCE,USDT,1,1,1,14.84,14.84,14.84,1,34,0,0.5,1
04/02/2021,14.84,15.8795,13.7978,15.2697,1649348.48000000,,AVAXUSDT_daily,CRYPTO,BINANCE,USDT,1,1,1,15.2697,15.2697,15.2697,1,35,0,0.5,1
05/02/2021,15.2738,18.0321,15.1206,17.8973,1654441.43000000,,AVAXUSDT_daily,CRYPTO,BINANCE,USDT,1,1,1,17.8973,17.8973,17.8973,1,36,0,0.5,1
06/02/2021,17.8971,18.6228,15.8,18.1216,1547693.33000000,,AVAXUSDT_daily,CRYPTO,BINANCE,USDT,1,1,1,18.1216,18.1216,18.1216,1,37,0,0.5,1
07/02/2021,18.1232,24.4268,17.8802,23.705,4884650.65000000,,AVAXUSDT_daily,CRYPTO,BINANCE,USDT,1,1,1,23.705,23.705,23.705,1,38,0,0.5,1
08/02/2021,23.7374,33.8167,23.55,30.056,5774862.08000000,,AVAXUSDT_daily,CRYPTO,BINANCE,USDT,1,1,1,30.056,30.056,30.056,1,39,0,0.5,1
09/02/2021,30.0564,33,27.4769,31.9194,2664482.65000000,,AVAXUSDT_daily,CRYPTO,BINANCE,USDT,1,1,1,31.9194,31.9194,31.9194,1,40,0,0.5,1
10/02/2021,31.8487,60.3035,31.3408,54.6861,9715755.01000000,,AVAXUSDT_daily,CRYPTO,BINANCE,USDT,1,1,1,54.6861,54.6861,54.6861,1,41,0,0.5,1
11/02/2021,54.6872,56.4998,41.6728,46.9673,4310924.37000000,,AVAXUSDT_daily,CRYPTO,BINANCE,USDT,1,1,1,46.9673,46.9673,46.9673,1,42,0,0.5,1
12/02/2021,46.9726,54.4775,43.5,48.2978,3209807.22000000,,AVAXUSDT_daily,CRYPTO,BINANCE,USDT,1,1,1,48.2978,48.2978,48.2978,1,43,0,0.5,1
13/02/2021,48.2961,51.9,43.4014,44.0832,1890974.72000000,,AVAXUSDT_daily,CRYPTO,BINANCE,USDT,1,1,1,44.0832,44.0832,44.0832,1,44,0,0.5,1
14/02/2021,44.0691,45.75,38.3724,39.1711,2829524.14000000,,AVAXUSDT_daily,CRYPTO,BINANCE,USDT,1,1,1,39.1711,39.1711,39.1711,1,45,0,0.5,1
15/02/2021,39.17,44.98,33.5,38.309,3933303.20000000,,AVAXUSDT_daily,CRYPTO,BINANCE,USDT,1,1,1,38.309,38.309,38.309,1,46,0,0.5,1
16/02/2021,38.3362,40,35.1417,36.5402,2556745.82000000,,AVAXUSDT_daily,CRYPTO,BINANCE,USDT,1,1,1,36.5402,36.5402,36.5402,1,47,0,0.5,1
17/02/2021,36.5402,42.1299,34.1386,37.3003,3076680.22000000,,AVAXUSDT_daily,CRYPTO,BINANCE,USDT,1,1,1,37.3003,37.3003,37.3003,1,48,0,0.5,1
18/02/2021,37.3046,44.4907,36.19,40.9656,3097214.68000000,,AVAXUSDT_daily,CRYPTO,BINANCE,USDT,1,1,1,40.9656,40.9656,40.9656,1,49,0,0.5,1
19/02/2021,41.023,41.2754,37.5,38.7274,2047933.74000000,,AVAXUSDT_daily,CRYPTO,BINANCE,USDT,1,1,1,38.7274,38.7274,38.7274,1,50,0,0.5,1
20/02/2021,38.7264,42.8463,31.9376,35.9985,3400687.05000000,,AVAXUSDT_daily,CRYPTO,BINANCE,USDT,1,1,1,35.9985,35.9985,35.9985,1,51,0,0.5,1
21/02/2021,35.9553,38.0037,34.7906,36.1855,1516510.61000000,,AVAXUSDT_daily,CRYPTO,BINANCE,USDT,1,1,1,36.1855,36.1855,36.1855,1,52,0,0.5,1
22/02/2021,36.1932,36.2941,25.47,32.1502,2970210.71000000,,AVAXUSDT_daily,CRYPTO,BINANCE,USDT,1,1,1,32.1502,32.1502,32.1502,1,53,0,0.5,1
23/02/2021,32.1504,32.4108,22.51,27.5924,3657984.88000000,,AVAXUSDT_daily,CRYPTO,BINANCE,USDT,1,1,1,27.5924,27.5924,27.5924,1,54,0,0.5,1
24/02/2021,27.5966,32.2699,25.2501,29.7396,3233830.55000000,,AVAXUSDT_daily,CRYPTO,BINANCE,USDT,1,1,1,29.7396,29.7396,29.7396,1,55,0,0.5,1
25/02/2021,29.732,32.1836,26.4439,26.7,2431285.39000000,,AVAXUSDT_daily,CRYPTO,BINANCE,USDT,1,1,1,26.7,26.7,26.7,1,56,0,0.5,1
26/02/2021,26.7718,28.0474,24.7703,25.9695,1804008.06000000,,AVAXUSDT_daily,CRYPTO,BINANCE,USDT,1,1,1,25.9695,25.9695,25.9695,1,57,0,0.5,1
27/02/2021,25.9695,27.4999,25,25.7616,1690910.72000000,,AVAXUSDT_daily,CRYPTO,BINANCE,USDT,1,1,1,25.7616,25.7616,25.7616,1,58,0,0.5,1
28/02/2021,25.7423,25.9299,22.1237,23.9566,1816997.15000000,,AVAXUSDT_daily,CRYPTO,BINANCE,USDT,1,1,1,23.9566,23.9566,23.9566,1,59,0,0.5,1
01/03/2021,23.9698,27.8227,23.6073,27.5107,2250036.68000000,,AVAXUSDT_daily,CRYPTO,BINANCE,USDT,1,1,1,27.5107,27.5107,27.5107,1,60,0,0.5,1
02/03/2021,27.5189,31.99,25.8604,27.1101,5223868.87000000,,AVAXUSDT_daily,CRYPTO,BINANCE,USDT,1,1,1,27.1101,27.1101,27.1101,1,61,0,0.5,1
03/03/2021,27.1144,29.4503,26.5202,27.22,2841940.87000000,,AVAXUSDT_daily,CRYPTO,BINANCE,USDT,1,1,1,27.22,27.22,27.22,1,62,0,0.5,1
04/03/2021,27.2126,28.82,24.2222,25.7781,3087747.13000000,,AVAXUSDT_daily,CRYPTO,BINANCE,USDT,1,1,1,25.7781,25.7781,25.7781,1,63,0,0.5,1
05/03/2021,25.7781,25.7781,23.5269,24.2414,2367099.90000000,,AVAXUSDT_daily,CRYPTO,BINANCE,USDT,1,1,1,24.2414,24.2414,24.2414,1,64,0,0.5,1
06/03/2021,24.2708,25.5,23.8267,24.911,1483862.28000000,,AVAXUSDT_daily,CRYPTO,BINANCE,USDT,1,1,1,24.911,24.911,24.911,1,65,0,0.5,1
07/03/2021,24.9225,27.95,24.9225,26.6863,3010972.81000000,,AVAXUSDT_daily,CRYPTO,BINANCE,USDT,1,1,1,26.6863,26.6863,26.6863,1,66,0,0.5,1
08/03/2021,26.6884,27.1147,24.8921,25.6179,2182937.86000000,,AVAXUSDT_daily,CRYPTO,BINANCE,USDT,1,1,1,25.6179,25.6179,25.6179,1,67,0,0.5,1
09/03/2021,25.6178,34.7857,23.4102,34.314,10511803.75000000,,AVAXUSDT_daily,CRYPTO,BINANCE,USDT,1,1,1,34.314,34.314,34.314,1,68,0,0.5,1
10/03/2021,34.3007,35.8,28.691,29.5858,8435059.85000000,,AVAXUSDT_daily,CRYPTO,BINANCE,USDT,1,1,1,29.5858,29.5858,29.5858,1,69,0,0.5,1
11/03/2021,29.6171,32.8333,28.4,30.8005,5275313.55000000,,AVAXUSDT_daily,CRYPTO,BINANCE,USDT,1,1,1,30.8005,30.8005,30.8005,1,70,0,0.5,1
12/03/2021,30.798,31.5823,26.7837,27.9561,4025302.52000000,,AVAXUSDT_daily,CRYPTO,BINANCE,USDT,1,1,1,27.9561,27.9561,27.9561,1,71,0,0.5,1
13/03/2021,27.9469,33.2249,26.8568,30.8799,4641909.98000000,,AVAXUSDT_daily,CRYPTO,BINANCE,USDT,1,1,1,30.8799,30.8799,30.8799,1,72,0,0.5,1
14/03/2021,30.9086,32.3,28.8,28.8423,2905962.81000000,,AVAXUSDT_daily,CRYPTO,BINANCE,USDT,1,1,1,28.8423,28.8423,28.8423,1,73,0,0.5,1
15/03/2021,28.8383,30.6472,27,28.9472,3223256.17000000,,AVAXUSDT_daily,CRYPTO,BINANCE,USDT,1,1,1,28.9472,28.9472,28.9472,1,74,0,0.5,1
16/03/2021,28.9221,33.25,27.5189,33.036,3919260.34000000,,AVAXUSDT_daily,CRYPTO,BINANCE,USDT,1,1,1,33.036,33.036,33.036,1,75,0,0.5,1
17/03/2021,33.036,33.9899,30.5307,32.6789,3711302.21000000,,AVAXUSDT_daily,CRYPTO,BINANCE,USDT,1,1,1,32.6789,32.6789,32.6789,1,76,0,0.5,1
18/03/2021,32.6789,35.6073,31.8187,33.2132,3784343.49000000,,AVAXUSDT_daily,CRYPTO,BINANCE,USDT,1,1,1,33.2132,33.2132,33.2132,1,77,0,0.5,1
19/03/2021,33.2131,38.4866,31.3409,37.3166,4561567.37000000,,AVAXUSDT_daily,CRYPTO,BINANCE,USDT,1,1,1,37.3166,37.3166,37.3166,1,78,0,0.5,1
20/03/2021,37.3219,39.3,34.1701,34.2022,2545309.31000000,,AVAXUSDT_daily,CRYPTO,BINANCE,USDT,1,1,1,34.2022,34.2022,34.2022,1,79,0,0.5,1
21/03/2021,34.1783,35.4516,32.0001,32.8117,2817582.70000000,,AVAXUSDT_daily,CRYPTO,BINANCE,USDT,1,1,1,32.8117,32.8117,32.8117,1,80,0,0.5,1
22/03/2021,32.8109,33.5892,28.6202,29.17,2819087.11000000,,AVAXUSDT_daily,CRYPTO,BINANCE,USDT,1,1,1,29.17,29.17,29.17,1,81,0,0.5,1
23/03/2021,29.1805,30.8899,28.1111,28.4704,2208298.00000000,,AVAXUSDT_daily,CRYPTO,BINANCE,USDT,1,1,1,28.4704,28.4704,28.4704,1,82,0,0.5,1
24/03/2021,28.4541,30.4914,24.6652,25.8387,2924723.82000000,,AVAXUSDT_daily,CRYPTO,BINANCE,USDT,1,1,1,25.8387,25.8387,25.8387,1,83,0,0.5,1
25/03/2021,25.8,27.5152,24.3291,25.825,2616910.89000000,,AVAXUSDT_daily,CRYPTO,BINANCE,USDT,1,1,1,25.825,25.825,25.825,1,84,0,0.5,1
26/03/2021,25.8109,28.8782,25.7873,28.2527,2119177.62000000,,AVAXUSDT_daily,CRYPTO,BINANCE,USDT,1,1,1,28.2527,28.2527,28.2527,1,85,0,0.5,1
27/03/2021,28.2744,28.6667,26.789,27.6225,1664560.96000000,,AVAXUSDT_daily,CRYPTO,BINANCE,USDT,1,1,1,27.6225,27.6225,27.6225,1,86,0,0.5,1
28/03/2021,27.6226,29.5578,27.22,28.7167,2149098.90000000,,AVAXUSDT_daily,CRYPTO,BINANCE,USDT,1,1,1,28.7167,28.7167,28.7167,1,87,0,0.5,1
29/03/2021,28.7392,30.3702,28.2,29.5,1936628.46000000,,AVAXUSDT_daily,CRYPTO,BINANCE,USDT,1,1,1,29.5,29.5,29.5,1,88,0,0.5,1
30/03/2021,29.5,30.9802,28.6023,29.6009,1916568.91000000,,AVAXUSDT_daily,CRYPTO,BINANCE,USDT,1,1,1,29.6009,29.6009,29.6009,1,89,0,0.5,1
31/03/2021,29.6009,29.9641,25.9,28.7218,1991045.26000000,,AVAXUSDT_daily,CRYPTO,BINANCE,USDT,1,1,1,28.7218,28.7218,28.7218,1,90,0,0.5,1
01/04/2021,28.7217,29.373,27.6921,28.2456,1556653.75000000,,AVAXUSDT_daily,CRYPTO,BINANCE,USDT,1,1,1,28.2456,28.2456,28.2456,1,91,0,0.5,1
02/04/2021,28.2686,29.5805,27.9429,29.0353,1502764.68000000,,AVAXUSDT_daily,CRYPTO,BINANCE,USDT,1,1,1,29.0353,29.0353,29.0353,1,92,0,0.5,1
03/04/2021,29.0137,32.8727,27.8274,28.1787,4011015.62000000,,AVAXUSDT_daily,CRYPTO,BINANCE,USDT,1,1,1,28.1787,28.1787,28.1787,1,93,0,0.5,1
04/04/2021,28.1709,29.9171,27.5607,29.1573,1645442.99000000,,AVAXUSDT_daily,CRYPTO,BINANCE,USDT,1,1,1,29.1573,29.1573,29.1573,1,94,0,0.5,1
05/04/2021,29.174,33,28.5455,31.2559,3914406.49000000,,AVAXUSDT_daily,CRYPTO,BINANCE,USDT,1,1,1,31.2559,31.2559,31.2559,1,95,0,0.5,1
06/04/2021,31.2913,34.5578,30,31.4635,3854943.21000000,,AVAXUSDT_daily,CRYPTO,BINANCE,USDT,1,1,1,31.4635,31.4635,31.4635,1,96,0,0.5,1
07/04/2021,31.4838,34.15,28.6023,29.5068,3026403.42000000,,AVAXUSDT_daily,CRYPTO,BINANCE,USDT,1,1,1,29.5068,29.5068,29.5068,1,97,0,0.5,1
08/04/2021,29.54,31.6137,29.2287,30.751,1585910.41000000,,AVAXUSDT_daily,CRYPTO,BINANCE,USDT,1,1,1,30.751,30.751,30.751,1,98,0,0.5,1
09/04/2021,30.7475,32.482,30.3031,31.5178,2411521.93000000,,AVAXUSDT_daily,CRYPTO,BINANCE,USDT,1,1,1,31.5178,31.5178,31.5178,1,99,0,0.5,1
10/04/2021,31.5178,33.97,30.865,31.776,3316903.42000000,,AVAXUSDT_daily,CRYPTO,BINANCE,USDT,1,1,1,31.776,31.776,31.776,1,100,0,0.5,1
11/04/2021,31.7628,32.33,30.8928,31.5976,1817836.56000000,,AVAXUSDT_daily,CRYPTO,BINANCE,USDT,1,1,1,31.5976,31.5976,31.5976,1,101,0,0.5,1
12/04/2021,31.5853,35.6418,31.1,33.8055,4048871.80000000,,AVAXUSDT_daily,CRYPTO,BINANCE,USDT,1,1,1,33.8055,33.8055,33.8055,1,102,0,0.5,1
13/04/2021,33.8125,34.888,31.7,33.6462,3077724.42000000,,AVAXUSDT_daily,CRYPTO,BINANCE,USDT,1,1,1,33.6462,33.6462,33.6462,1,103,0,0.5,1
14/04/2021,33.6426,39.45,32.8907,38.3391,7610260.01000000,,AVAXUSDT_daily,CRYPTO,BINANCE,USDT,1,1,1,38.3391,38.3391,38.3391,1,104,0,0.5,1
15/04/2021,38.3892,40.759,36.21,37.0174,4740728.24000000,,AVAXUSDT_daily,CRYPTO,BINANCE,USDT,1,1,1,37.0174,37.0174,37.0174,1,105,0,0.5,1
16/04/2021,37.0256,37.5412,33.0618,35.45,3675610.80000000,,AVAXUSDT_daily,CRYPTO,BINANCE,USDT,1,1,1,35.45,35.45,35.45,1,106,0,0.5,1
17/04/2021,35.4383,36.9062,33.51,33.9342,2447216.38000000,,AVAXUSDT_daily,CRYPTO,BINANCE,USDT,1,1,1,33.9342,33.9342,33.9342,1,107,0,0.5,1
18/04/2021,33.9673,34.3,22.5473,29.3348,5871628.96000000,,AVAXUSDT_daily,CRYPTO,BINANCE,USDT,1,1,1,29.3348,29.3348,29.3348,1,108,0,0.5,1
19/04/2021,29.323,30.5796,25.5472,26.1827,3255981.02000000,,AVAXUSDT_daily,CRYPTO,BINANCE,USDT,1,1,1,26.1827,26.1827,26.1827,1,109,0,0.5,1
20/04/2021,26.2029,29.9752,23.8766,27.4058,3447186.95000000,,AVAXUSDT_daily,CRYPTO,BINANCE,USDT,1,1,1,27.4058,27.4058,27.4058,1,110,0,0.5,1
21/04/2021,27.4059,28.4899,25.75,25.8131,2761857.45000000,,AVAXUSDT_daily,CRYPTO,BINANCE,USDT,1,1,1,25.8131,25.8131,25.8131,1,111,0,0.5,1
22/04/2021,25.8131,27.7519,22.87,23.9703,3474222.21000000,,AVAXUSDT_daily,CRYPTO,BINANCE,USDT,1,1,1,23.9703,23.9703,23.9703,1,112,0,0.5,1
23/04/2021,23.9692,26.557,19.8,23.5317,4749135.19000000,,AVAXUSDT_daily,CRYPTO,BINANCE,USDT,1,1,1,23.5317,23.5317,23.5317,1,113,0,0.5,1
24/04/2021,23.55,23.9381,21.3801,21.8523,2231443.96000000,,AVAXUSDT_daily,CRYPTO,BINANCE,USDT,1,1,1,21.8523,21.8523,21.8523,1,114,0,0.5,1
25/04/2021,21.8429,23.75,20.359,21.624,1711011.13500000,,AVAXUSDT_daily,CRYPTO,BINANCE,USDT,1,1,1,21.624,21.624,21.624,1,115,0,0.5,1
26/04/2021,21.628,26.5,21.39,26.451,3025256.65000000,,AVAXUSDT_daily,CRYPTO,BINANCE,USDT,1,1,1,26.451,26.451,26.451,1,116,0,0.5,1
27/04/2021,26.441,28,25.7,27.949,2350750.04800000,,AVAXUSDT_daily,CRYPTO,BINANCE,USDT,1,1,1,27.949,27.949,27.949,1,117,0,0.5,1
28/04/2021,27.961,29.077,25.826,28.233,2546834.94400000,,AVAXUSDT_daily,CRYPTO,BINANCE,USDT,1,1,1,28.233,28.233,28.233,1,118,0,0.5,1
29/04/2021,28.246,29.765,26.6,27.912,2274429.72400000,,AVAXUSDT_daily,CRYPTO,BINANCE,USDT,1,1,1,27.912,27.912,27.912,1,119,0,0.5,1
30/04/2021,27.926,33,27.501,32.8,3368373.69600000,,AVAXUSDT_daily,CRYPTO,BINANCE,USDT,1,1,1,32.8,32.8,32.8,1,120,0,0.5,1
01/05/2021,32.819,35.68,31.722,31.805,3589503.04200000,,AVAXUSDT_daily,CRYPTO,BINANCE,USDT,1,1,1,31.805,31.805,31.805,1,121,0,0.5,1
02/05/2021,31.815,32.681,30.383,31.28,2177846.52900000,,AVAXUSDT_daily,CRYPTO,BINANCE,USDT,1,1,1,31.28,31.28,31.28,1,122,0,0.5,1
03/05/2021,31.262,37.36,30.697,35.871,5397490.38300000,,AVAXUSDT_daily,CRYPTO,BINANCE,USDT,1,1,1,35.871,35.871,35.871,1,123,0,0.5,1
04/05/2021,35.885,36.194,29.501,30.287,4452223.23700000,,AVAXUSDT_daily,CRYPTO,BINANCE,USDT,1,1,1,30.287,30.287,30.287,1,124,0,0.5,1
05/05/2021,30.307,35.616,29.7,35.258,3289567.94400000,,AVAXUSDT_daily,CRYPTO,BINANCE,USDT,1,1,1,35.258,35.258,35.258,1,125,0,0.5,1
06/05/2021,35.225,39.3,34.66,38.003,6195375.72600000,,AVAXUSDT_daily,CRYPTO,BINANCE,USDT,1,1,1,38.003,38.003,38.003,1,126,0,0.5,1
07/05/2021,38.002,43.885,35.969,37.875,6802609.55700000,,AVAXUSDT_daily,CRYPTO,BINANCE,USDT,1,1,1,37.875,37.875,37.875,1,127,0,0.5,1
08/05/2021,37.852,39.844,37.157,38.399,2493215.19700000,,AVAXUSDT_daily,CRYPTO,BINANCE,USDT,1,1,1,38.399,38.399,38.399,1,128,0,0.5,1
09/05/2021,38.399,39.5,35.017,38.969,2403153.53400000,,AVAXUSDT_daily,CRYPTO,BINANCE,USDT,1,1,1,38.969,38.969,38.969,1,129,0,0.5,1
10/05/2021,38.988,41.8,29.69,34.652,4334618.08800000,,AVAXUSDT_daily,CRYPTO,BINANCE,USDT,1,1,1,34.652,34.652,34.652,1,130,0,0.5,1
11/05/2021,34.65,37.3,32.575,36.8,2729477.60400000,,AVAXUSDT_daily,CRYPTO,BINANCE,USDT,1,1,1,36.8,36.8,36.8,1,131,0,0.5,1
12/05/2021,36.768,41.47,32,32.8,5512564.20000000,,AVAXUSDT_daily,CRYPTO,BINANCE,USDT,1,1,1,32.8,32.8,32.8,1,132,0,0.5,1
13/05/2021,32.872,37.17,30.739,35.075,4599017.97800000,,AVAXUSDT_daily,CRYPTO,BINANCE,USDT,1,1,1,35.075,35.075,35.075,1,133,0,0.5,1
14/05/2021,35.036,38,33.276,36.999,2531482.45500000,,AVAXUSDT_daily,CRYPTO,BINANCE,USDT,1,1,1,36.999,36.999,36.999,1,134,0,0.5,1
15/05/2021,36.993,39.99,34.031,34.439,4984162.83700000,,AVAXUSDT_daily,CRYPTO,BINANCE,USDT,1,1,1,34.439,34.439,34.439,1,135,0,0.5,1
16/05/2021,34.464,39.7,32.5,36.6,5278663.19900000,,AVAXUSDT_daily,CRYPTO,BINANCE,USDT,1,1,1,36.6,36.6,36.6,1,136,0,0.5,1
17/05/2021,36.597,37.936,31.75,33.67,4761781.53600000,,AVAXUSDT_daily,CRYPTO,BINANCE,USDT,1,1,1,33.67,33.67,33.67,1,137,0,0.5,1
18/05/2021,33.684,37.7,33.268,36.875,3692884.15600000,,AVAXUSDT_daily,CRYPTO,BINANCE,USDT,1,1,1,36.875,36.875,36.875,1,138,0,0.5,1
19/05/2021,36.907,38.535,17.775,23.052,7854204.01200000,,AVAXUSDT_daily,CRYPTO,BINANCE,USDT,1,1,1,23.052,23.052,23.052,1,139,0,0.5,1
20/05/2021,23.064,28.2,20.809,25.086,4667836.19900000,,AVAXUSDT_daily,CRYPTO,BINANCE,USDT,1,1,1,25.086,25.086,25.086,1,140,0,0.5,1
21/05/2021,25.042,26.712,18.368,21.827,3781391.33400000,,AVAXUSDT_daily,CRYPTO,BINANCE,USDT,1,1,1,21.827,21.827,21.827,1,141,0,0.5,1
22/05/2021,21.825,22.474,18.3,18.797,2628918.37100000,,AVAXUSDT_daily,CRYPTO,BINANCE,USDT,1,1,1,18.797,18.797,18.797,1,142,0,0.5,1
23/05/2021,18.809,19.668,12.086,15.606,5463994.51400000,,AVAXUSDT_daily,CRYPTO,BINANCE,USDT,1,1,1,15.606,15.606,15.606,1,143,0,0.5,1
24/05/2021,15.603,20.5,15.034,19.395,4361327.48100000,,AVAXUSDT_daily,CRYPTO,BINANCE,USDT,1,1,1,19.395,19.395,19.395,1,144,0,0.5,1
25/05/2021,19.395,20.243,17.001,19.446,2878326.67600000,,AVAXUSDT_daily,CRYPTO,BINANCE,USDT,1,1,1,19.446,19.446,19.446,1,145,0,0.5,1
26/05/2021,19.431,21.453,18.918,20.797,3101870.52100000,,AVAXUSDT_daily,CRYPTO,BINANCE,USDT,1,1,1,20.797,20.797,20.797,1,146,0,0.5,1
27/05/2021,20.794,21.198,18.717,19.118,1878833.96600000,,AVAXUSDT_daily,CRYPTO,BINANCE,USDT,1,1,1,19.118,19.118,19.118,1,147,0,0.5,1
28/05/2021,19.133,19.568,16.015,16.727,2318888.92300000,,AVAXUSDT_daily,CRYPTO,BINANCE,USDT,1,1,1,16.727,16.727,16.727,1,148,0,0.5,1
29/05/2021,16.727,17.592,15.169,16.168,1260980.20900000,,AVAXUSDT_daily,CRYPTO,BINANCE,USDT,1,1,1,16.168,16.168,16.168,1,149,0,0.5,1
30/05/2021,16.194,17.468,15.101,16.518,1133881.01400000,,AVAXUSDT_daily,CRYPTO,BINANCE,USDT,1,1,1,16.518,16.518,16.518,1,150,0,0.5,1
31/05/2021,16.504,18.198,15.671,18.14,1357131.01500000,,AVAXUSDT_daily,CRYPTO,BINANCE,USDT,1,1,1,18.14,18.14,18.14,1,151,0,0.5,1
01/06/2021,18.153,18.583,17.066,17.748,1195464.41500000,,AVAXUSDT_daily,CRYPTO,BINANCE,USDT,1,1,1,17.748,17.748,17.748,1,152,0,0.5,1
02/06/2021,17.748,19.419,17.145,18.687,1696639.30100000,,AVAXUSDT_daily,CRYPTO,BINANCE,USDT,1,1,1,18.687,18.687,18.687,1,153,0,0.5,1
03/06/2021,18.686,20.7,18.219,20.268,1754635.67100000,,AVAXUSDT_daily,CRYPTO,BINANCE,USDT,1,1,1,20.268,20.268,20.268,1,154,0,0.5,1
04/06/2021,20.247,20.55,17.41,18.243,1844859.94100000,,AVAXUSDT_daily,CRYPTO,BINANCE,USDT,1,1,1,18.243,18.243,18.243,1,155,0,0.5,1
05/06/2021,18.236,19.142,16.86,17.23,1557214.89000000,,AVAXUSDT_daily,CRYPTO,BINANCE,USDT,1,1,1,17.23,17.23,17.23,1,156,0,0.5,1
06/06/2021,17.233,18,17.09,17.383,747036.54100000,,AVAXUSDT_daily,CRYPTO,BINANCE,USDT,1,1,1,17.383,17.383,17.383,1,157,0,0.5,1
07/06/2021,17.38,18.053,15.304,15.536,2846106.84600000,,AVAXUSDT_daily,CRYPTO,BINANCE,USDT,1,1,1,15.536,15.536,15.536,1,158,0,0.5,1
08/06/2021,15.533,16.048,13.639,14.792,2622746.58100000,,AVAXUSDT_daily,CRYPTO,BINANCE,USDT,1,1,1,14.792,14.792,14.792,1,159,0,0.5,1
09/06/2021,14.803,15.765,13.65,15.4,2507532.95300000,,AVAXUSDT_daily,CRYPTO,BINANCE,USDT,1,1,1,15.4,15.4,15.4,1,160,0,0.5,1
10/06/2021,15.403,15.578,13.73,14.193,2406206.41000000,,AVAXUSDT_daily,CRYPTO,BINANCE,USDT,1,1,1,14.193,14.193,14.193,1,161,0,0.5,1
11/06/2021,14.193,14.616,13.14,13.408,1985298.58100000,,AVAXUSDT_daily,CRYPTO,BINANCE,USDT,1,1,1,13.408,13.408,13.408,1,162,0,0.5,1
12/06/2021,13.423,14,12.638,13.545,1721108.68900000,,AVAXUSDT_daily,CRYPTO,BINANCE,USDT,1,1,1,13.545,13.545,13.545,1,163,0,0.5,1
13/06/2021,13.551,14.999,13.241,14.761,1905070.73600000,,AVAXUSDT_daily,CRYPTO,BINANCE,USDT,1,1,1,14.761,14.761,14.761,1,164,0,0.5,1
14/06/2021,14.762,15.419,14.371,15.113,1753753.57900000,,AVAXUSDT_daily,CRYPTO,BINANCE,USDT,1,1,1,15.113,15.113,15.113,1,165,0,0.5,1
15/06/2021,15.111,15.632,14.581,14.714,1618961.45400000,,AVAXUSDT_daily,CRYPTO,BINANCE,USDT,1,1,1,14.714,14.714,14.714,1,166,0,0.5,1
16/06/2021,14.715,14.951,13.913,14.078,1593156.60500000,,AVAXUSDT_daily,CRYPTO,BINANCE,USDT,1,1,1,14.078,14.078,14.078,1,167,0,0.5,1
17/06/2021,14.081,15.498,14.02,14.844,2176578.34100000,,AVAXUSDT_daily,CRYPTO,BINANCE,USDT,1,1,1,14.844,14.844,14.844,1,168,0,0.5,1
18/06/2021,14.858,15.3,13.1,13.64,1646645.54800000,,AVAXUSDT_daily,CRYPTO,BINANCE,USDT,1,1,1,13.64,13.64,13.64,1,169,0,0.5,1
19/06/2021,13.635,14.04,13.209,13.383,677502.97500000,,AVAXUSDT_daily,CRYPTO,BINANCE,USDT,1,1,1,13.383,13.383,13.383,1,170,0,0.5,1
20/06/2021,13.374,14.188,12.783,13.917,1178226.51400000,,AVAXUSDT_daily,CRYPTO,BINANCE,USDT,1,1,1,13.917,13.917,13.917,1,171,0,0.5,1
21/06/2021,13.914,14.069,11.077,11.2,2203255.62700000,,AVAXUSDT_daily,CRYPTO,BINANCE,USDT,1,1,1,11.2,11.2,11.2,1,172,0,0.5,1
22/06/2021,11.19,11.764,9.325,10.578,3283390.30100000,,AVAXUSDT_daily,CRYPTO,BINANCE,USDT,1,1,1,10.578,10.578,10.578,1,173,0,0.5,1
23/06/2021,10.585,11.899,10.15,11.456,2090766.33300000,,AVAXUSDT_daily,CRYPTO,BINANCE,USDT,1,1,1,11.456,11.456,11.456,1,174,0,0.5,1
24/06/2021,11.467,11.757,10.822,11.493,1288733.89600000,,AVAXUSDT_daily,CRYPTO,BINANCE,USDT,1,1,1,11.493,11.493,11.493,1,175,0,0.5,1
25/06/2021,11.499,11.756,10.2,10.235,1369495.41900000,,AVAXUSDT_daily,CRYPTO,BINANCE,USDT,1,1,1,10.235,10.235,10.235,1,176,0,0.5,1
26/06/2021,10.238,10.6,9.784,10.318,1136001.57900000,,AVAXUSDT_daily,CRYPTO,BINANCE,USDT,1,1,1,10.318,10.318,10.318,1,177,0,0.5,1
27/06/2021,10.317,10.98,10.087,10.941,692604.82900000,,AVAXUSDT_daily,CRYPTO,BINANCE,USDT,1,1,1,10.941,10.941,10.941,1,178,0,0.5,1
28/06/2021,10.953,11.469,10.694,11.322,1022964.87400000,,AVAXUSDT_daily,CRYPTO,BINANCE,USDT,1,1,1,11.322,11.322,11.322,1,179,0,0.5,1
29/06/2021,11.333,12.348,11.077,11.92,1388415.12300000,,AVAXUSDT_daily,CRYPTO,BINANCE,USDT,1,1,1,11.92,11.92,11.92,1,180,0,0.5,1
30/06/2021,11.921,12.166,11.035,11.949,1137246.75100000,,AVAXUSDT_daily,CRYPTO,BINANCE,USDT,1,1,1,11.949,11.949,11.949,1,181,0,0.5,1
01/07/2021,11.94,12.08,11,11.181,717086.76700000,,AVAXUSDT_daily,CRYPTO,BINANCE,USDT,1,1,1,11.181,11.181,11.181,1,182,0,0.5,1
02/07/2021,11.19,11.355,10.572,11.112,979100.75500000,,AVAXUSDT_daily,CRYPTO,BINANCE,USDT,1,1,1,11.112,11.112,11.112,1,183,0,0.5,1
03/07/2021,11.117,11.676,10.878,11.509,737397.36800000,,AVAXUSDT_daily,CRYPTO,BINANCE,USDT,1,1,1,11.509,11.509,11.509,1,184,0,0.5,1
04/07/2021,11.499,12.9,11.21,12.345,1361790.03300000,,AVAXUSDT_daily,CRYPTO,BINANCE,USDT,1,1,1,12.345,12.345,12.345,1,185,0,0.5,1
05/07/2021,12.342,12.44,11.519,12.042,1408712.78800000,,AVAXUSDT_daily,CRYPTO,BINANCE,USDT,1,1,1,12.042,12.042,12.042,1,186,0,0.5,1
06/07/2021,12.041,14.226,12.026,13.384,2391422.13300000,,AVAXUSDT_daily,CRYPTO,BINANCE,USDT,1,1,1,13.384,13.384,13.384,1,187,0,0.5,1
07/07/2021,13.369,14.2,13.04,13.105,2048553.78800000,,AVAXUSDT_daily,CRYPTO,BINANCE,USDT,1,1,1,13.105,13.105,13.105,1,188,0,0.5,1
08/07/2021,13.091,13.118,11.838,12.098,1467700.32200000,,AVAXUSDT_daily,CRYPTO,BINANCE,USDT,1,1,1,12.098,12.098,12.098,1,189,0,0.5,1
09/07/2021,12.093,12.88,11.639,12.552,1365886.91300000,,AVAXUSDT_daily,CRYPTO,BINANCE,USDT,1,1,1,12.552,12.552,12.552,1,190,0,0.5,1
10/07/2021,12.559,12.851,11.838,12.015,729693.40300000,,AVAXUSDT_daily,CRYPTO,BINANCE,USDT,1,1,1,12.015,12.015,12.015,1,191,0,0.5,1
11/07/2021,12.023,12.49,11.912,12.433,574831.74000000,,AVAXUSDT_daily,CRYPTO,BINANCE,USDT,1,1,1,12.433,12.433,12.433,1,192,0,0.5,1
12/07/2021,12.437,12.841,11.7,12.157,1105226.31200000,,AVAXUSDT_daily,CRYPTO,BINANCE,USDT,1,1,1,12.157,12.157,12.157,1,193,0,0.5,1
13/07/2021,12.162,12.434,11.744,11.91,937209.08100000,,AVAXUSDT_daily,CRYPTO,BINANCE,USDT,1,1,1,11.91,11.91,11.91,1,194,0,0.5,1
14/07/2021,11.916,12.11,11.111,11.793,916149.50400000,,AVAXUSDT_daily,CRYPTO,BINANCE,USDT,1,1,1,11.793,11.793,11.793,1,195,0,0.5,1
15/07/2021,11.791,12.102,11.128,11.391,799151.21700000,,AVAXUSDT_daily,CRYPTO,BINANCE,USDT,1,1,1,11.391,11.391,11.391,1,196,0,0.5,1
16/07/2021,11.391,11.82,10.8,10.814,869808.84700000,,AVAXUSDT_daily,CRYPTO,BINANCE,USDT,1,1,1,10.814,10.814,10.814,1,197,0,0.5,1
17/07/2021,10.816,11.144,10.716,10.958,588168.81000000,,AVAXUSDT_daily,CRYPTO,BINANCE,USDT,1,1,1,10.958,10.958,10.958,1,198,0,0.5,1
18/07/2021,10.956,11.275,10.65,10.69,669471.27800000,,AVAXUSDT_daily,CRYPTO,BINANCE,USDT,1,1,1,10.69,10.69,10.69,1,199,0,0.5,1
19/07/2021,10.69,10.757,10.01,10.183,613091.68900000,,AVAXUSDT_daily,CRYPTO,BINANCE,USDT,1,1,1,10.183,10.183,10.183,1,200,0,0.5,1
20/07/2021,10.186,10.366,9.327,9.639,784232.56600000,,AVAXUSDT_daily,CRYPTO,BINANCE,USDT,1,1,1,9.639,9.639,9.639,1,201,0,0.5,1
21/07/2021,9.647,10.752,9.473,10.425,994914.75500000,,AVAXUSDT_daily,CRYPTO,BINANCE,USDT,1,1,1,10.425,10.425,10.425,1,202,0,0.5,1
22/07/2021,10.44,10.96,10.238,10.833,879782.50300000,,AVAXUSDT_daily,CRYPTO,BINANCE,USDT,1,1,1,10.833,10.833,10.833,1,203,0,0.5,1
23/07/2021,10.84,11.174,10.53,11.086,695996.73200000,,AVAXUSDT_daily,CRYPTO,BINANCE,USDT,1,1,1,11.086,11.086,11.086,1,204,0,0.5,1
24/07/2021,11.092,11.447,10.954,11.142,839109.69100000,,AVAXUSDT_daily,CRYPTO,BINANCE,USDT,1,1,1,11.142,11.142,11.142,1,205,0,0.5,1
25/07/2021,11.142,11.339,10.765,11.247,601383.14900000,,AVAXUSDT_daily,CRYPTO,BINANCE,USDT,1,1,1,11.247,11.247,11.247,1,206,0,0.5,1
26/07/2021,11.247,12.7,11.213,11.46,2057987.32500000,,AVAXUSDT_daily,CRYPTO,BINANCE,USDT,1,1,1,11.46,11.46,11.46,1,207,0,0.5,1
27/07/2021,11.455,12.352,11.175,11.917,977794.90100000,,AVAXUSDT_daily,CRYPTO,BINANCE,USDT,1,1,1,11.917,11.917,11.917,1,208,0,0.5,1
28/07/2021,11.921,12.485,11.691,12.32,1510307.38400000,,AVAXUSDT_daily,CRYPTO,BINANCE,USDT,1,1,1,12.32,12.32,12.32,1,209,0,0.5,1
29/07/2021,12.331,12.65,11.98,12.433,1634174.61000000,,AVAXUSDT_daily,CRYPTO,BINANCE,USDT,1,1,1,12.433,12.433,12.433,1,210,0,0.5,1
30/07/2021,12.433,13,11.93,12.978,1572248.75600000,,AVAXUSDT_daily,CRYPTO,BINANCE,USDT,1,1,1,12.978,12.978,12.978,1,211,0,0.5,1
31/07/2021,12.978,13.63,12.585,13.525,1248768.22100000,,AVAXUSDT_daily,CRYPTO,BINANCE,USDT,1,1,1,13.525,13.525,13.525,1,212,0,0.5,1
01/08/2021,13.535,14.077,12.617,12.853,1860616.43800000,,AVAXUSDT_daily,CRYPTO,BINANCE,USDT,1,1,1,12.853,12.853,12.853,1,213,0,0.5,1
02/08/2021,12.846,13.374,12.616,12.993,928801.98900000,,AVAXUSDT_daily,CRYPTO,BINANCE,USDT,1,1,1,12.993,12.993,12.993,1,214,0,0.5,1
03/08/2021,12.992,13.522,12.325,12.557,1198368.48400000,,AVAXUSDT_daily,CRYPTO,BINANCE,USDT,1,1,1,12.557,12.557,12.557,1,215,0,0.5,1
04/08/2021,12.568,13.78,12.41,13.696,1246721.96400000,,AVAXUSDT_daily,CRYPTO,BINANCE,USDT,1,1,1,13.696,13.696,13.696,1,216,0,0.5,1
05/08/2021,13.696,14,12.849,13.834,1372439.96700000,,AVAXUSDT_daily,CRYPTO,BINANCE,USDT,1,1,1,13.834,13.834,13.834,1,217,0,0.5,1
06/08/2021,13.834,15.08,13.388,14.77,2108094.94900000,,AVAXUSDT_daily,CRYPTO,BINANCE,USDT,1,1,1,14.77,14.77,14.77,1,218,0,0.5,1
07/08/2021,14.774,15.952,14.612,15.834,2346816.42200000,,AVAXUSDT_daily,CRYPTO,BINANCE,USDT,1,1,1,15.834,15.834,15.834,1,219,0,0.5,1
08/08/2021,15.85,16.1,14.557,14.826,1318372.02700000,,AVAXUSDT_daily,CRYPTO,BINANCE,USDT,1,1,1,14.826,14.826,14.826,1,220,0,0.5,1
09/08/2021,14.83,16.759,14.424,16.169,2569371.61400000,,AVAXUSDT_daily,CRYPTO,BINANCE,USDT,1,1,1,16.169,16.169,16.169,1,221,0,0.5,1
10/08/2021,16.167,17.184,15.801,16.42,2076458.19800000,,AVAXUSDT_daily,CRYPTO,BINANCE,USDT,1,1,1,16.42,16.42,16.42,1,222,0,0.5,1
11/08/2021,16.43,17.547,16.378,16.688,1849892.04500000,,AVAXUSDT_daily,CRYPTO,BINANCE,USDT,1,1,1,16.688,16.688,16.688,1,223,0,0.5,1
12/08/2021,16.674,17.538,15.429,16.575,1704787.84100000,,AVAXUSDT_daily,CRYPTO,BINANCE,USDT,1,1,1,16.575,16.575,16.575,1,224,0,0.5,1
13/08/2021,16.574,18.291,16.389,18.031,1519296.77700000,,AVAXUSDT_daily,CRYPTO,BINANCE,USDT,1,1,1,18.031,18.031,18.031,1,225,0,0.5,1
14/08/2021,18.044,18.433,17.169,18.093,1428803.97100000,,AVAXUSDT_daily,CRYPTO,BINANCE,USDT,1,1,1,18.093,18.093,18.093,1,226,0,0.5,1
15/08/2021,18.09,18.855,17.058,18.762,1404168.53300000,,AVAXUSDT_daily,CRYPTO,BINANCE,USDT,1,1,1,18.762,18.762,18.762,1,227,0,0.5,1
16/08/2021,18.762,21.13,18.441,19.071,3800908.89000000,,AVAXUSDT_daily,CRYPTO,BINANCE,USDT,1,1,1,19.071,19.071,19.071,1,228,0,0.5,1
17/08/2021,19.071,25.46,18.418,23.446,10172036.37400000,,AVAXUSDT_daily,CRYPTO,BINANCE,USDT,1,1,1,23.446,23.446,23.446,1,229,0,0.5,1
18/08/2021,23.452,30.885,21.454,29.993,12872464.95300000,,AVAXUSDT_daily,CRYPTO,BINANCE,USDT,1,1,1,29.993,29.993,29.993,1,230,0,0.5,1
19/08/2021,29.992,33.755,28.714,30.653,11884539.98900000,,AVAXUSDT_daily,CRYPTO,BINANCE,USDT,1,1,1,30.653,30.653,30.653,1,231,0,0.5,1
20/08/2021,30.653,39.229,29.943,39.155,8246852.13700000,,AVAXUSDT_daily,CRYPTO,BINANCE,USDT,1,1,1,39.155,39.155,39.155,1,232,0,0.5,1
21/08/2021,39.148,50.27,37.676,43.676,13275218.25300000,,AVAXUSDT_daily,CRYPTO,BINANCE,USDT,1,1,1,43.676,43.676,43.676,1,233,0,0.5,1
22/08/2021,43.693,45.03,40.537,43.663,8717113.46000000,,AVAXUSDT_daily,CRYPTO,BINANCE,USDT,1,1,1,43.663,43.663,43.663,1,234,0,0.5,1
23/08/2021,43.682,53.623,43.614,46.451,11058622.43600000,,AVAXUSDT_daily,CRYPTO,BINANCE,USDT,1,1,1,46.451,46.451,46.451,1,235,0,0.5,1
24/08/2021,46.407,58.977,44.151,55.474,13474170.15600000,,AVAXUSDT_daily,CRYPTO,BINANCE,USDT,1,1,1,55.474,55.474,55.474,1,236,0,0.5,1
25/08/2021,55.475,57.584,45.65,46.208,11480697.36900000,,AVAXUSDT_daily,CRYPTO,BINANCE,USDT,1,1,1,46.208,46.208,46.208,1,237,0,0.5,1
26/08/2021,46.211,48.463,41.2,41.32,9280721.69600000,,AVAXUSDT_daily,CRYPTO,BINANCE,USDT,1,1,1,41.32,41.32,41.32,1,238,0,0.5,1
27/08/2021,41.32,50.47,40.3,50.14,10990447.09800000,,AVAXUSDT_daily,CRYPTO,BINANCE,USDT,1,1,1,50.14,50.14,50.14,1,239,0,0.5,1
28/08/2021,50.12,51.79,46.12,50.2,7177328.36400000,,AVAXUSDT_daily,CRYPTO,BINANCE,USDT,1,1,1,50.2,50.2,50.2,1,240,0,0.5,1
29/08/2021,50.2,52.4,46.66,47.39,5176181.90100000,,AVAXUSDT_daily,CRYPTO,BINANCE,USDT,1,1,1,47.39,47.39,47.39,1,241,0,0.5,1
30/08/2021,47.43,48.33,41,41.44,6827433.15000000,,AVAXUSDT_daily,CRYPTO,BINANCE,USDT,1,1,1,41.44,41.44,41.44,1,242,0,0.5,1
31/08/2021,41.42,44.22,38.17,39.5,6855430.91600000,,AVAXUSDT_daily,CRYPTO,BINANCE,USDT,1,1,1,39.5,39.5,39.5,1,243,0,0.5,1
01/09/2021,39.51,45.71,38.55,42.47,7820541.21700000,,AVAXUSDT_daily,CRYPTO,BINANCE,USDT,1,1,1,42.47,42.47,42.47,1,244,0,0.5,1
02/09/2021,42.5,47.98,41,47.58,6481497.68000000,,AVAXUSDT_daily,CRYPTO,BINANCE,USDT,1,1,1,47.58,47.58,47.58,1,245,0,0.5,1
03/09/2021,47.6,51.66,44.45,45.89,9097559.66000000,,AVAXUSDT_daily,CRYPTO,BINANCE,USDT,1,1,1,45.89,45.89,45.89,1,246,0,0.5,1
04/09/2021,45.9,49.88,44.07,47.15,6077749.28000000,,AVAXUSDT_daily,CRYPTO,BINANCE,USDT,1,1,1,47.15,47.15,47.15,1,247,0,0.5,1
05/09/2021,47.19,49.4,45.44,48.15,5904540.19000000,,AVAXUSDT_daily,CRYPTO,BINANCE,USDT,1,1,1,48.15,48.15,48.15,1,248,0,0.5,1
06/09/2021,48.14,51.36,42.45,47.1,7931732.22000000,,AVAXUSDT_daily,CRYPTO,BINANCE,USDT,1,1,1,47.1,47.1,47.1,1,249,0,0.5,1
07/09/2021,47.11,47.2,32.23,37.93,12849059.61700000,,AVAXUSDT_daily,CRYPTO,BINANCE,USDT,1,1,1,37.93,37.93,37.93,1,250,0,0.5,1
08/09/2021,37.97,39.5,33.08,37,7464147.83000000,,AVAXUSDT_daily,CRYPTO,BINANCE,USDT,1,1,1,37,37,37,1,251,0,0.5,1
09/09/2021,37.03,44.6,36.21,40.77,10152448.67400000,,AVAXUSDT_daily,CRYPTO,BINANCE,USDT,1,1,1,40.77,40.77,40.77,1,252,0,0.5,1
10/09/2021,40.75,49.7,40.38,49.3,17253541.93000000,,AVAXUSDT_daily,CRYPTO,BINANCE,USDT,1,1,1,49.3,49.3,49.3,1,253,0,0.5,1
11/09/2021,49.33,59.25,48.11,57.02,16295853.41600000,,AVAXUSDT_daily,CRYPTO,BINANCE,USDT,1,1,1,57.02,57.02,57.02,1,254,0,0.5,1
12/09/2021,57.02,64.9,53.59,59.22,16140497.30900000,,AVAXUSDT_daily,CRYPTO,BINANCE,USDT,1,1,1,59.22,59.22,59.22,1,255,0,0.5,1
13/09/2021,59.21,60.92,47.66,53.15,17195092.80000000,,AVAXUSDT_daily,CRYPTO,BINANCE,USDT,1,1,1,53.15,53.15,53.15,1,256,0,0.5,1
14/09/2021,53.14,57.63,48.8,51.5,8170590.05000000,,AVAXUSDT_daily,CRYPTO,BINANCE,USDT,1,1,1,51.5,51.5,51.5,1,257,0,0.5,1
15/09/2021,51.51,58.18,50.3,57.84,6756093.54000000,,AVAXUSDT_daily,CRYPTO,BINANCE,USDT,1,1,1,57.84,57.84,57.84,1,258,0,0.5,1
16/09/2021,57.83,68.33,57.17,67.56,15000080.37400000,,AVAXUSDT_daily,CRYPTO,BINANCE,USDT,1,1,1,67.56,67.56,67.56,1,259,0,0.5,1
17/09/2021,67.59,70.9,60.36,70.11,10905615.52500000,,AVAXUSDT_daily,CRYPTO,BINANCE,USDT,1,1,1,70.11,70.11,70.11,1,260,0,0.5,1
18/09/2021,70.15,75.59,67.16,69.02,10521283.48800000,,AVAXUSDT_daily,CRYPTO,BINANCE,USDT,1,1,1,69.02,69.02,69.02,1,261,0,0.5,1
19/09/2021,69.02,76.27,66.42,70.07,9524488.55100000,,AVAXUSDT_daily,CRYPTO,BINANCE,USDT,1,1,1,70.07,70.07,70.07,1,262,0,0.5,1
20/09/2021,70.06,70.45,55,57.33,15410116.45000000,,AVAXUSDT_daily,CRYPTO,BINANCE,USDT,1,1,1,57.33,57.33,57.33,1,263,0,0.5,1
21/09/2021,57.34,66.24,52.55,58.98,15940591.44000000,,AVAXUSDT_daily,CRYPTO,BINANCE,USDT,1,1,1,58.98,58.98,58.98,1,264,0,0.5,1
22/09/2021,59,74.69,57.72,74.07,13033656.10000000,,AVAXUSDT_daily,CRYPTO,BINANCE,USDT,1,1,1,74.07,74.07,74.07,1,265,0,0.5,1
23/09/2021,74.04,79.8,72.76,76.44,11366707.86000000,,AVAXUSDT_daily,CRYPTO,BINANCE,USDT,1,1,1,76.44,76.44,76.44,1,266,0,0.5,1
24/09/2021,76.43,78.86,66.59,72.31,11472906.45000000,,AVAXUSDT_daily,CRYPTO,BINANCE,USDT,1,1,1,72.31,72.31,72.31,1,267,0,0.5,1
25/09/2021,72.3,72.6,67.5,68.28,4943069.71000000,,AVAXUSDT_daily,CRYPTO,BINANCE,USDT,1,1,1,68.28,68.28,68.28,1,268,0,0.5,1
26/09/2021,68.28,71.44,61.59,66.77,6395395.40000000,,AVAXUSDT_daily,CRYPTO,BINANCE,USDT,1,1,1,66.77,66.77,66.77,1,269,0,0.5,1
27/09/2021,66.77,72.69,65.31,66.33,5974772.52000000,,AVAXUSDT_daily,CRYPTO,BINANCE,USDT,1,1,1,66.33,66.33,66.33,1,270,0,0.5,1
28/09/2021,66.34,69.44,61.11,61.51,4765761.77000000,,AVAXUSDT_daily,CRYPTO,BINANCE,USDT,1,1,1,61.51,61.51,61.51,1,271,0,0.5,1
29/09/2021,61.51,69.5,61.26,65.46,6780246.71000000,,AVAXUSDT_daily,CRYPTO,BINANCE,USDT,1,1,1,65.46,65.46,65.46,1,272,0,0.5,1
30/09/2021,65.46,68.91,64.28,66.63,5085384.45000000,,AVAXUSDT_daily,CRYPTO,BINANCE,USDT,1,1,1,66.63,66.63,66.63,1,273,0,0.5,1
01/10/2021,66.64,69.58,63.12,67.67,6973676.03000000,,AVAXUSDT_daily,CRYPTO,BINANCE,USDT,1,1,1,67.67,67.67,67.67,1,274,0,0.5,1
02/10/2021,67.66,73.41,65.8,69.08,6536616.52000000,,AVAXUSDT_daily,CRYPTO,BINANCE,USDT,1,1,1,69.08,69.08,69.08,1,275,0,0.5,1
03/10/2021,69.09,71.61,67.55,68.69,4467356.39000000,,AVAXUSDT_daily,CRYPTO,BINANCE,USDT,1,1,1,68.69,68.69,68.69,1,276,0,0.5,1
04/10/2021,68.69,68.76,63.3,65.29,4826593.69000000,,AVAXUSDT_daily,CRYPTO,BINANCE,USDT,1,1,1,65.29,65.29,65.29,1,277,0,0.5,1
05/10/2021,65.26,66.78,62.7,64.6,3831519.71000000,,AVAXUSDT_daily,CRYPTO,BINANCE,USDT,1,1,1,64.6,64.6,64.6,1,278,0,0.5,1
06/10/2021,64.6,65.76,58.16,60.01,5068720.14000000,,AVAXUSDT_daily,CRYPTO,BINANCE,USDT,1,1,1,60.01,60.01,60.01,1,279,0,0.5,1
07/10/2021,60,62.29,57.39,61.52,4761648.55000000,,AVAXUSDT_daily,CRYPTO,BINANCE,USDT,1,1,1,61.52,61.52,61.52,1,280,0,0.5,1
08/10/2021,61.53,64.94,59.76,60.51,4392451.39000000,,AVAXUSDT_daily,CRYPTO,BINANCE,USDT,1,1,1,60.51,60.51,60.51,1,281,0,0.5,1
09/10/2021,60.52,62.04,59.7,60.63,1985268.84000000,,AVAXUSDT_daily,CRYPTO,BINANCE,USDT,1,1,1,60.63,60.63,60.63,1,282,0,0.5,1
10/10/2021,60.63,61.01,55.39,56.51,2515959.37000000,,AVAXUSDT_daily,CRYPTO,BINANCE,USDT,1,1,1,56.51,56.51,56.51,1,283,0,0.5,1
11/10/2021,56.5,59.23,53.76,55.3,3407191.20000000,,AVAXUSDT_daily,CRYPTO,BINANCE,USDT,1,1,1,55.3,55.3,55.3,1,284,0,0.5,1
12/10/2021,55.3,55.31,51.04,54.34,4070051.40000000,,AVAXUSDT_daily,CRYPTO,BINANCE,USDT,1,1,1,54.34,54.34,54.34,1,285,0,0.5,1
13/10/2021,54.33,57.09,53.23,55.01,3632007.14000000,,AVAXUSDT_daily,CRYPTO,BINANCE,USDT,1,1,1,55.01,55.01,55.01,1,286,0,0.5,1
14/10/2021,55,58.46,54.92,56.18,3000941.32000000,,AVAXUSDT_daily,CRYPTO,BINANCE,USDT,1,1,1,56.18,56.18,56.18,1,287,0,0.5,1
15/10/2021,56.18,57.61,54.44,56.36,2963326.33000000,,AVAXUSDT_daily,CRYPTO,BINANCE,USDT,1,1,1,56.36,56.36,56.36,1,288,0,0.5,1
16/10/2021,56.33,62.11,55.68,57.61,3914987.29000000,,AVAXUSDT_daily,CRYPTO,BINANCE,USDT,1,1,1,57.61,57.61,57.61,1,289,0,0.5,1
17/10/2021,57.62,58.55,53.27,56.1,2134508.30000000,,AVAXUSDT_daily,CRYPTO,BINANCE,USDT,1,1,1,56.1,56.1,56.1,1,290,0,0.5,1
18/10/2021,56.11,56.46,54.05,55.48,1553173.47000000,,AVAXUSDT_daily,CRYPTO,BINANCE,USDT,1,1,1,55.48,55.48,55.48,1,291,0,0.5,1
19/10/2021,55.47,58.1,55.12,56.8,1873629.97000000,,AVAXUSDT_daily,CRYPTO,BINANCE,USDT,1,1,1,56.8,56.8,56.8,1,292,0,0.5,1
20/10/2021,56.81,61.64,56.7,59.66,2707834.23000000,,AVAXUSDT_daily,CRYPTO,BINANCE,USDT,1,1,1,59.66,59.66,59.66,1,293,0,0.5,1
21/10/2021,59.66,64.35,58.78,61.48,3959021.69000000,,AVAXUSDT_daily,CRYPTO,BINANCE,USDT,1,1,1,61.48,61.48,61.48,1,294,0,0.5,1
22/10/2021,61.48,68.83,61.36,65.54,5522607.50000000,,AVAXUSDT_daily,CRYPTO,BINANCE,USDT,1,1,1,65.54,65.54,65.54,1,295,0,0.5,1
23/10/2021,65.54,69.18,64.51,65.38,2978489.66000000,,AVAXUSDT_daily,CRYPTO,BINANCE,USDT,1,1,1,65.38,65.38,65.38,1,296,0,0.5,1
24/10/2021,65.39,67.61,61.94,64.53,2184761.84000000,,AVAXUSDT_daily,CRYPTO,BINANCE,USDT,1,1,1,64.53,64.53,64.53,1,297,0,0.5,1
25/10/2021,64.53,69.9,64.35,69.73,2270486.65000000,,AVAXUSDT_daily,CRYPTO,BINANCE,USDT,1,1,1,69.73,69.73,69.73,1,298,0,0.5,1
26/10/2021,69.74,73.01,67.61,68.66,3840473.40000000,,AVAXUSDT_daily,CRYPTO,BINANCE,USDT,1,1,1,68.66,68.66,68.66,1,299,0,0.5,1
27/10/2021,68.68,69.82,57.02,61.57,4273308.61000000,,AVAXUSDT_daily,CRYPTO,BINANCE,USDT,1,1,1,61.57,61.57,61.57,1,300,0,0.5,1
28/10/2021,61.58,64.98,61.44,64.34,2484514.38000000,,AVAXUSDT_daily,CRYPTO,BINANCE,USDT,1,1,1,64.34,64.34,64.34,1,301,0,0.5,1
29/10/2021,64.34,66.19,63.43,64.87,1513107.96000000,,AVAXUSDT_daily,CRYPTO,BINANCE,USDT,1,1,1,64.87,64.87,64.87,1,302,0,0.5,1
30/10/2021,64.87,64.96,60.89,62.35,1483432.23000000,,AVAXUSDT_daily,CRYPTO,BINANCE,USDT,1,1,1,62.35,62.35,62.35,1,303,0,0.5,1
31/10/2021,62.33,64.5,60.09,64.5,1531085.26000000,,AVAXUSDT_daily,CRYPTO,BINANCE,USDT,1,1,1,64.5,64.5,64.5,1,304,0,0.5,1
01/11/2021,64.5,66.85,62.19,64.93,2515107.85000000,,AVAXUSDT_daily,CRYPTO,BINANCE,USDT,1,1,1,64.93,64.93,64.93,1,305,0,0.5,1
02/11/2021,64.94,68.04,64.26,67.74,1746644.56000000,,AVAXUSDT_daily,CRYPTO,BINANCE,USDT,1,1,1,67.74,67.74,67.74,1,306,0,0.5,1
03/11/2021,67.75,75.57,67.09,75.55,4504183.21000000,,AVAXUSDT_daily,CRYPTO,BINANCE,USDT,1,1,1,75.55,75.55,75.55,1,307,0,0.5,1
04/11/2021,75.56,80.91,73.91,78.97,4700338.46500000,,AVAXUSDT_daily,CRYPTO,BINANCE,USDT,1,1,1,78.97,78.97,78.97,1,308,0,0.5,1
05/11/2021,78.96,81,72.13,74.19,2367154.90000000,,AVAXUSDT_daily,CRYPTO,BINANCE,USDT,1,1,1,74.19,74.19,74.19,1,309,0,0.5,1
06/11/2021,74.19,78.72,72.32,78.72,1708791.07000000,,AVAXUSDT_daily,CRYPTO,BINANCE,USDT,1,1,1,78.72,78.72,78.72,1,310,0,0.5,1
07/11/2021,78.7,88.88,78,87.57,4847020.51600000,,AVAXUSDT_daily,CRYPTO,BINANCE,USDT,1,1,1,87.57,87.57,87.57,1,311,0,0.5,1
08/11/2021,87.56,96.92,83.61,91.18,6890764.66100000,,AVAXUSDT_daily,CRYPTO,BINANCE,USDT,1,1,1,91.18,91.18,91.18,1,312,0,0.5,1
09/11/2021,91.18,91.49,87,88.33,2716240.59000000,,AVAXUSDT_daily,CRYPTO,BINANCE,USDT,1,1,1,88.33,88.33,88.33,1,313,0,0.5,1
10/11/2021,88.35,94,78.31,85.23,4363326.07000000,,AVAXUSDT_daily,CRYPTO,BINANCE,USDT,1,1,1,85.23,85.23,85.23,1,314,0,0.5,1
11/11/2021,85.19,89.56,83.73,87.88,2085731.80000000,,AVAXUSDT_daily,CRYPTO,BINANCE,USDT,1,1,1,87.88,87.88,87.88,1,315,0,0.5,1
12/11/2021,87.86,89.88,81.11,84.78,2247279.59000000,,AVAXUSDT_daily,CRYPTO,BINANCE,USDT,1,1,1,84.78,84.78,84.78,1,316,0,0.5,1
13/11/2021,84.81,98.69,84.79,97.54,3519352.27800000,,AVAXUSDT_daily,CRYPTO,BINANCE,USDT,1,1,1,97.54,97.54,97.54,1,317,0,0.5,1
14/11/2021,97.56,99.9,91.65,95.4,3548704.67900000,,AVAXUSDT_daily,CRYPTO,BINANCE,USDT,1,1,1,95.4,95.4,95.4,1,318,0,0.5,1
15/11/2021,95.4,101.7,92,93.9,3770997.00400000,,AVAXUSDT_daily,CRYPTO,BINANCE,USDT,1,1,1,93.9,93.9,93.9,1,319,0,0.5,1
16/11/2021,93.86,101.82,83.5,97.84,5618799.05000000,,AVAXUSDT_daily,CRYPTO,BINANCE,USDT,1,1,1,97.84,97.84,97.84,1,320,0,0.5,1
17/11/2021,97.8,110,91.5,107.63,7144221.09800000,,AVAXUSDT_daily,CRYPTO,BINANCE,USDT,1,1,1,107.63,107.63,107.63,1,321,0,0.5,1
18/11/2021,107.62,110.41,92,100.63,5656362.44700000,,AVAXUSDT_daily,CRYPTO,BINANCE,USDT,1,1,1,100.63,100.63,100.63,1,322,0,0.5,1
19/11/2021,100.54,112.35,95.89,111.93,4039089.13000000,,AVAXUSDT_daily,CRYPTO,BINANCE,USDT,1,1,1,111.93,111.93,111.93,1,323,0,0.5,1
20/11/2021,111.91,129.94,111.57,125.83,5546998.32000000,,AVAXUSDT_daily,CRYPTO,BINANCE,USDT,1,1,1,125.83,125.83,125.83,1,324,0,0.5,1
21/11/2021,125.86,147,123.23,128.47,7608661.93400000,,AVAXUSDT_daily,CRYPTO,BINANCE,USDT,1,1,1,128.47,128.47,128.47,1,325,0,0.5,1
22/11/2021,128.52,145,125.76,134.84,6564376.00000000,,AVAXUSDT_daily,CRYPTO,BINANCE,USDT,1,1,1,134.84,134.84,134.84,1,326,0,0.5,1
23/11/2021,134.84,136.49,121.75,123.83,4209995.63000000,,AVAXUSDT_daily,CRYPTO,BINANCE,USDT,1,1,1,123.83,123.83,123.83,1,327,0,0.5,1
24/11/2021,123.83,124.68,112.64,115.24,4577775.34000000,,AVAXUSDT_daily,CRYPTO,BINANCE,USDT,1,1,1,115.24,115.24,115.24,1,328,0,0.5,1
25/11/2021,115.25,130,114.22,119.27,4680745.85000000,,AVAXUSDT_daily,CRYPTO,BINANCE,USDT,1,1,1,119.27,119.27,119.27,1,329,0,0.5,1
26/11/2021,119.25,119.87,101.31,104.27,4575826.59000000,,AVAXUSDT_daily,CRYPTO,BINANCE,USDT,1,1,1,104.27,104.27,104.27,1,330,0,0.5,1
27/11/2021,104.3,118,103.22,113.52,2842064.96000000,,AVAXUSDT_daily,CRYPTO,BINANCE,USDT,1,1,1,113.52,113.52,113.52,1,331,0,0.5,1
28/11/2021,113.55,113.97,100.57,110.42,3365794.57000000,,AVAXUSDT_daily,CRYPTO,BINANCE,USDT,1,1,1,110.42,110.42,110.42,1,332,0,0.5,1
29/11/2021,110.42,120.41,109.03,120.39,2516574.06000000,,AVAXUSDT_daily,CRYPTO,BINANCE,USDT,1,1,1,120.39,120.39,120.39,1,333,0,0.5,1
30/11/2021,120.39,124.8,114,120.41,3625461.85000000,,AVAXUSDT_daily,CRYPTO,BINANCE,USDT,1,1,1,120.41,120.41,120.41,1,334,0,0.5,1
01/12/2021,120.42,127.41,117.25,119.65,3007063.68000000,,AVAXUSDT_daily,CRYPTO,BINANCE,USDT,1,1,1,119.65,119.65,119.65,1,335,0,0.5,1
02/12/2021,119.64,119.75,106.88,107.78,2475877.81000000,,AVAXUSDT_daily,CRYPTO,BINANCE,USDT,1,1,1,107.78,107.78,107.78,1,336,0,0.5,1
03/12/2021,107.79,113.23,100,108.32,3316203.87000000,,AVAXUSDT_daily,CRYPTO,BINANCE,USDT,1,1,1,108.32,108.32,108.32,1,337,0,0.5,1
04/12/2021,108.36,108.81,76.57,93.05,6768729.16000000,,AVAXUSDT_daily,CRYPTO,BINANCE,USDT,1,1,1,93.05,93.05,93.05,1,338,0,0.5,1
05/12/2021,93.02,95.5,82.55,86.35,3562051.48000000,,AVAXUSDT_daily,CRYPTO,BINANCE,USDT,1,1,1,86.35,86.35,86.35,1,339,0,0.5,1
06/12/2021,86.34,94.9,77,92.97,5155977.54000000,,AVAXUSDT_daily,CRYPTO,BINANCE,USDT,1,1,1,92.97,92.97,92.97,1,340,0,0.5,1
07/12/2021,92.93,96.62,88,89.57,2882225.85000000,,AVAXUSDT_daily,CRYPTO,BINANCE,USDT,1,1,1,89.57,89.57,89.57,1,341,0,0.5,1
08/12/2021,89.54,93.22,86,93.19,1976726.13000000,,AVAXUSDT_daily,CRYPTO,BINANCE,USDT,1,1,1,93.19,93.19,93.19,1,342,0,0.5,1
09/12/2021,93.2,94.57,83.28,85.46,2603024.55000000,,AVAXUSDT_daily,CRYPTO,BINANCE,USDT,1,1,1,85.46,85.46,85.46,1,343,0,0.5,1
10/12/2021,85.41,91.78,80.22,80.61,3342367.08000000,,AVAXUSDT_daily,CRYPTO,BINANCE,USDT,1,1,1,80.61,80.61,80.61,1,344,0,0.5,1
11/12/2021,80.57,87.07,78.32,86.55,2324989.97000000,,AVAXUSDT_daily,CRYPTO,BINANCE,USDT,1,1,1,86.55,86.55,86.55,1,345,0,0.5,1
12/12/2021,86.55,88.97,82.94,88,1544788.55000000,,AVAXUSDT_daily,CRYPTO,BINANCE,USDT,1,1,1,88,88,88,1,346,0,0.5,1
13/12/2021,88.01,89.92,75.5,79.05,3604282.51000000,,AVAXUSDT_daily,CRYPTO,BINANCE,USDT,1,1,1,79.05,79.05,79.05,1,347,0,0.5,1
14/12/2021,79.05,87.46,76.31,87.17,2973253.39000000,,AVAXUSDT_daily,CRYPTO,BINANCE,USDT,1,1,1,87.17,87.17,87.17,1,348,0,0.5,1
15/12/2021,87.16,105.77,86.1,101.24,6449158.02000000,,AVAXUSDT_daily,CRYPTO,BINANCE,USDT,1,1,1,101.24,101.24,101.24,1,349,0,0.5,1
16/12/2021,101.28,110,98,98.21,4989316.02000000,,AVAXUSDT_daily,CRYPTO,BINANCE,USDT,1,1,1,98.21,98.21,98.21,1,350,0,0.5,1
17/12/2021,98.23,116.1,98.14,110.81,6159186.26000000,,AVAXUSDT_daily,CRYPTO,BINANCE,USDT,1,1,1,110.81,110.81,110.81,1,351,0,0.5,1
18/12/2021,110.82,117.39,105.51,115.9,3442233.16000000,,AVAXUSDT_daily,CRYPTO,BINANCE,USDT,1,1,1,115.9,115.9,115.9,1,352,0,0.5,1
19/12/2021,115.91,116.69,106.66,107.61,2140304.15000000,,AVAXUSDT_daily,CRYPTO,BINANCE,USDT,1,1,1,107.61,107.61,107.61,1,353,0,0.5,1
20/12/2021,107.61,116.33,100.96,113.55,4463038.26000000,,AVAXUSDT_daily,CRYPTO,BINANCE,USDT,1,1,1,113.55,113.55,113.55,1,354,0,0.5,1
21/12/2021,113.52,123.97,110.59,123.24,3711910.20000000,,AVAXUSDT_daily,CRYPTO,BINANCE,USDT,1,1,1,123.24,123.24,123.24,1,355,0,0.5,1
22/12/2021,123.23,127.32,115.55,116.69,2949493.16000000,,AVAXUSDT_daily,CRYPTO,BINANCE,USDT,1,1,1,116.69,116.69,116.69,1,356,0,0.5,1
23/12/2021,116.68,125.06,116.22,121.4,2526919.70000000,,AVAXUSDT_daily,CRYPTO,BINANCE,USDT,1,1,1,121.4,121.4,121.4,1,357,0,0.5,1
24/12/2021,121.45,124.57,113.19,114.94,2103167.74000000,,AVAXUSDT_daily,CRYPTO,BINANCE,USDT,1,1,1,114.94,114.94,114.94,1,358,0,0.5,1
25/12/2021,114.95,116.93,112,115.01,1699906.82000000,,AVAXUSDT_daily,CRYPTO,BINANCE,USDT,1,1,1,115.01,115.01,115.01,1,359,0,0.5,1
26/12/2021,114.99,118,109.28,115.02,1883628.30000000,,AVAXUSDT_daily,CRYPTO,BINANCE,USDT,1,1,1,115.02,115.02,115.02,1,360,0,0.5,1
27/12/2021,115.06,120.96,113.23,113.85,1738245.11000000,,AVAXUSDT_daily,CRYPTO,BINANCE,USDT,1,1,1,113.85,113.85,113.85,1,361,0,0.5,1
28/12/2021,113.85,116.73,104.33,107.06,2819996.86000000,,AVAXUSDT_daily,CRYPTO,BINANCE,USDT,1,1,1,107.06,107.06,107.06,1,362,0,0.5,1
29/12/2021,107.05,110.55,102.3,103.1,1941041.10000000,,AVAXUSDT_daily,CRYPTO,BINANCE,USDT,1,1,1,103.1,103.1,103.1,1,363,0,0.5,1
30/12/2021,103.1,105.4,98.25,101.75,1935135.51000000,,AVAXUSDT_daily,CRYPTO,BINANCE,USDT,1,1,1,101.75,101.75,101.75,1,364,0,0.5,1
31/12/2021,101.75,111.99,100.13,109.43,2472910.64000000,,AVAXUSDT_daily,CRYPTO,BINANCE,USDT,1,1,1,109.43,109.43,109.43,1,365,0,0.5,1
01/01/2022,109.43,114.5,108.42,114.13,1211127.98000000,,AVAXUSDT_daily,CRYPTO,BINANCE,USDT,1,1,1,114.13,114.13,114.13,1,366,0,0.5,1
02/01/2022,114.12,117.53,112,113.03,1157325.57000000,,AVAXUSDT_daily,CRYPTO,BINANCE,USDT,1,1,1,113.03,113.03,113.03,1,367,0,0.5,1
03/01/2022,113.02,114.13,106.01,108.11,1518111.91000000,,AVAXUSDT_daily,CRYPTO,BINANCE,USDT,1,1,1,108.11,108.11,108.11,1,368,0,0.5,1
04/01/2022,108.11,109.28,102.78,103.33,1646729.79000000,,AVAXUSDT_daily,CRYPTO,BINANCE,USDT,1,1,1,103.33,103.33,103.33,1,369,0,0.5,1
05/01/2022,103.33,106.66,90.4,97.42,2277529.75000000,,AVAXUSDT_daily,CRYPTO,BINANCE,USDT,1,1,1,97.42,97.42,97.42,1,370,0,0.5,1
06/01/2022,97.42,97.97,91.04,95.11,1633034.05000000,,AVAXUSDT_daily,CRYPTO,BINANCE,USDT,1,1,1,95.11,95.11,95.11,1,371,0,0.5,1
07/01/2022,95.1,95.54,85,86.74,2602084.56000000,,AVAXUSDT_daily,CRYPTO,BINANCE,USDT,1,1,1,86.74,86.74,86.74,1,372,0,0.5,1
08/01/2022,86.74,89.64,79.18,83.9,2469062.48000000,,AVAXUSDT_daily,CRYPTO,BINANCE,USDT,1,1,1,83.9,83.9,83.9,1,373,0,0.5,1
09/01/2022,83.87,91.88,82.46,89.33,1808479.57000000,,AVAXUSDT_daily,CRYPTO,BINANCE,USDT,1,1,1,89.33,89.33,89.33,1,374,0,0.5,1
10/01/2022,89.32,92.4,80.1,84.36,2836094.17000000,,AVAXUSDT_daily,CRYPTO,BINANCE,USDT,1,1,1,84.36,84.36,84.36,1,375,0,0.5,1
11/01/2022,84.42,91,83.21,89.59,1431317.89000000,,AVAXUSDT_daily,CRYPTO,BINANCE,USDT,1,1,1,89.59,89.59,89.59,1,376,0,0.5,1
12/01/2022,89.57,96.89,88.8,95.94,1757081.56000000,,AVAXUSDT_daily,CRYPTO,BINANCE,USDT,1,1,1,95.94,95.94,95.94,1,377,0,0.5,1
13/01/2022,95.95,97.26,89.08,89.65,1429888.43000000,,AVAXUSDT_daily,CRYPTO,BINANCE,USDT,1,1,1,89.65,89.65,89.65,1,378,0,0.5,1
14/01/2022,89.65,91.77,87.23,90.39,1200068.60000000,,AVAXUSDT_daily,CRYPTO,BINANCE,USDT,1,1,1,90.39,90.39,90.39,1,379,0,0.5,1
15/01/2022,90.4,94.44,89.47,92.98,914689.68000000,,AVAXUSDT_daily,CRYPTO,BINANCE,USDT,1,1,1,92.98,92.98,92.98,1,380,0,0.5,1
16/01/2022,92.98,94.9,91.8,92.24,967418.87000000,,AVAXUSDT_daily,CRYPTO,BINANCE,USDT,1,1,1,92.24,92.24,92.24,1,381,0,0.5,1
17/01/2022,92.25,92.5,85.34,86.67,1328305.00000000,,AVAXUSDT_daily,CRYPTO,BINANCE,USDT,1,1,1,86.67,86.67,86.67,1,382,0,0.5,1
18/01/2022,86.67,87.41,83.7,86,1041520.48000000,,AVAXUSDT_daily,CRYPTO,BINANCE,USDT,1,1,1,86,86,86,1,383,0,0.5,1
19/01/2022,86.03,86.38,81.08,82.61,1139560.79000000,,AVAXUSDT_daily,CRYPTO,BINANCE,USDT,1,1,1,82.61,82.61,82.61,1,384,0,0.5,1
20/01/2022,82.58,87.8,78.68,79.33,1225812.76000000,,AVAXUSDT_daily,CRYPTO,BINANCE,USDT,1,1,1,79.33,79.33,79.33,1,385,0,0.5,1
21/01/2022,79.32,80.38,63.93,66.06,3392205.59000000,,AVAXUSDT_daily,CRYPTO,BINANCE,USDT,1,1,1,66.06,66.06,66.06,1,386,0,0.5,1
22/01/2022,66.03,67.54,52.95,59.78,5109157.94000000,,AVAXUSDT_daily,CRYPTO,BINANCE,USDT,1,1,1,59.78,59.78,59.78,1,387,0,0.5,1
23/01/2022,59.81,66.88,59.02,64.83,2926022.98000000,,AVAXUSDT_daily,CRYPTO,BINANCE,USDT,1,1,1,64.83,64.83,64.83,1,388,0,0.5,1
24/01/2022,64.8,64.83,55.14,63.06,3701249.83000000,,AVAXUSDT_daily,CRYPTO,BINANCE,USDT,1,1,1,63.06,63.06,63.06,1,389,0,0.5,1
25/01/2022,63,70.53,61.65,68.01,2702688.81000000,,AVAXUSDT_daily,CRYPTO,BINANCE,USDT,1,1,1,68.01,68.01,68.01,1,390,0,0.5,1
26/01/2022,68.01,73.5,64.39,65.87,3400732.97000000,,AVAXUSDT_daily,CRYPTO,BINANCE,USDT,1,1,1,65.87,65.87,65.87,1,391,0,0.5,1
27/01/2022,65.87,67.96,61.06,64.7,2519156.06000000,,AVAXUSDT_daily,CRYPTO,BINANCE,USDT,1,1,1,64.7,64.7,64.7,1,392,0,0.5,1
28/01/2022,64.68,67.5,61.71,67.01,1790400.08000000,,AVAXUSDT_daily,CRYPTO,BINANCE,USDT,1,1,1,67.01,67.01,67.01,1,393,0,0.5,1
29/01/2022,67.02,73.58,66.86,71.89,1662626.47000000,,AVAXUSDT_daily,CRYPTO,BINANCE,USDT,1,1,1,71.89,71.89,71.89,1,394,0,0.5,1
30/01/2022,71.91,72.39,66.85,67.96,1307594.65000000,,AVAXUSDT_daily,CRYPTO,BINANCE,USDT,1,1,1,67.96,67.96,67.96,1,395,0,0.5,1
31/01/2022,67.94,70.65,64.25,69.87,1747136.27000000,,AVAXUSDT_daily,CRYPTO,BINANCE,USDT,1,1,1,69.87,69.87,69.87,1,396,0,0.5,1
01/02/2022,69.9,73.87,68.47,73.33,1951093.27000000,,AVAXUSDT_daily,CRYPTO,BINANCE,USDT,1,1,1,73.33,73.33,73.33,1,397,0,0.5,1
02/02/2022,73.32,74.86,67.43,67.79,2238866.41000000,,AVAXUSDT_daily,CRYPTO,BINANCE,USDT,1,1,1,67.79,67.79,67.79,1,398,0,0.5,1
03/02/2022,67.79,69.31,64.85,68.44,1792227.65000000,,AVAXUSDT_daily,CRYPTO,BINANCE,USDT,1,1,1,68.44,68.44,68.44,1,399,0,0.5,1
04/02/2022,68.44,77.95,67.43,77.77,2263149.96000000,,AVAXUSDT_daily,CRYPTO,BINANCE,USDT,1,1,1,77.77,77.77,77.77,1,400,0,0.5,1
05/02/2022,77.8,80.93,74.94,77.01,1700729.64000000,,AVAXUSDT_daily,CRYPTO,BINANCE,USDT,1,1,1,77.01,77.01,77.01,1,401,0,0.5,1
06/02/2022,77.01,79.15,74.1,78.93,1113858.87000000,,AVAXUSDT_daily,CRYPTO,BINANCE,USDT,1,1,1,78.93,78.93,78.93,1,402,0,0.5,1
07/02/2022,78.91,85.42,77.44,83.2,1879396.49000000,,AVAXUSDT_daily,CRYPTO,BINANCE,USDT,1,1,1,83.2,83.2,83.2,1,403,0,0.5,1
08/02/2022,83.23,95.5,81.65,86.34,5245827.40000000,,AVAXUSDT_daily,CRYPTO,BINANCE,USDT,1,1,1,86.34,86.34,86.34,1,404,0,0.5,1
09/02/2022,86.35,92.03,84.34,90.05,1774621.17000000,,AVAXUSDT_daily,CRYPTO,BINANCE,USDT,1,1,1,90.05,90.05,90.05,1,405,0,0.5,1
10/02/2022,90.05,95,84.93,91.16,2654551.53000000,,AVAXUSDT_daily,CRYPTO,BINANCE,USDT,1,1,1,91.16,91.16,91.16,1,406,0,0.5,1
11/02/2022,91.18,92.66,80,81.75,2422691.49000000,,AVAXUSDT_daily,CRYPTO,BINANCE,USDT,1,1,1,81.75,81.75,81.75,1,407,0,0.5,1
12/02/2022,81.76,84.8,78.65,81.31,2173440.39000000,,AVAXUSDT_daily,CRYPTO,BINANCE,USDT,1,1,1,81.31,81.31,81.31,1,408,0,0.5,1
13/02/2022,81.29,83.28,77.49,77.91,1168439.44000000,,AVAXUSDT_daily,CRYPTO,BINANCE,USDT,1,1,1,77.91,77.91,77.91,1,409,0,0.5,1
14/02/2022,77.93,82.6,76.14,81.86,1524047.88000000,,AVAXUSDT_daily,CRYPTO,BINANCE,USDT,1,1,1,81.86,81.86,81.86,1,410,0,0.5,1
15/02/2022,81.84,93.68,81.41,92.97,2301376.54000000,,AVAXUSDT_daily,CRYPTO,BINANCE,USDT,1,1,1,92.97,92.97,92.97,1,411,0,0.5,1
16/02/2022,92.96,97.35,91.44,95.32,2885648.71000000,,AVAXUSDT_daily,CRYPTO,BINANCE,USDT,1,1,1,95.32,95.32,95.32,1,412,0,0.5,1
17/02/2022,95.33,98.77,86.32,88.24,3177570.87000000,,AVAXUSDT_daily,CRYPTO,BINANCE,USDT,1,1,1,88.24,88.24,88.24,1,413,0,0.5,1
18/02/2022,88.24,89.99,82.35,83.67,2364097.49000000,,AVAXUSDT_daily,CRYPTO,BINANCE,USDT,1,1,1,83.67,83.67,83.67,1,414,0,0.5,1
19/02/2022,83.69,86.34,80.82,85.01,1584310.20000000,,AVAXUSDT_daily,CRYPTO,BINANCE,USDT,1,1,1,85.01,85.01,85.01,1,415,0,0.5,1
20/02/2022,85.01,85.73,76.56,77.37,1851608.12000000,,AVAXUSDT_daily,CRYPTO,BINANCE,USDT,1,1,1,77.37,77.37,77.37,1,416,0,0.5,1
21/02/2022,77.34,82.7,69.38,70.04,3597142.77000000,,AVAXUSDT_daily,CRYPTO,BINANCE,USDT,1,1,1,70.04,70.04,70.04,1,417,0,0.5,1
22/02/2022,70.03,74.94,67.2,74.42,3024268.59000000,,AVAXUSDT_daily,CRYPTO,BINANCE,USDT,1,1,1,74.42,74.42,74.42,1,418,0,0.5,1
23/02/2022,74.42,82.5,73.28,73.47,3483406.50000000,,AVAXUSDT_daily,CRYPTO,BINANCE,USDT,1,1,1,73.47,73.47,73.47,1,419,0,0.5,1
24/02/2022,73.46,79.98,64.45,76.39,7820713.29000000,,AVAXUSDT_daily,CRYPTO,BINANCE,USDT,1,1,1,76.39,76.39,76.39,1,420,0,0.5,1
25/02/2022,76.39,81.99,72.68,80.98,3877124.60000000,,AVAXUSDT_daily,CRYPTO,BINANCE,USDT,1,1,1,80.98,80.98,80.98,1,421,0,0.5,1
26/02/2022,80.98,84.95,78.02,81.81,2805070.69000000,,AVAXUSDT_daily,CRYPTO,BINANCE,USDT,1,1,1,81.81,81.81,81.81,1,422,0,0.5,1
27/02/2022,81.81,83.07,73.02,75.07,3334479.25000000,,AVAXUSDT_daily,CRYPTO,BINANCE,USDT,1,1,1,75.07,75.07,75.07,1,423,0,0.5,1
28/02/2022,75.06,85.88,71.76,84.54,3896436.49000000,,AVAXUSDT_daily,CRYPTO,BINANCE,USDT,1,1,1,84.54,84.54,84.54,1,424,0,0.5,1
01/03/2022,84.54,90.8,83.48,86.89,4517499.99000000,,AVAXUSDT_daily,CRYPTO,BINANCE,USDT,1,1,1,86.89,86.89,86.89,1,425,0,0.5,1
02/03/2022,86.89,89.94,82.29,83.36,3048063.73000000,,AVAXUSDT_daily,CRYPTO,BINANCE,USDT,1,1,1,83.36,83.36,83.36,1,426,0,0.5,1
03/03/2022,83.35,84.33,77.02,78.5,2971518.96000000,,AVAXUSDT_daily,CRYPTO,BINANCE,USDT,1,1,1,78.5,78.5,78.5,1,427,0,0.5,1
04/03/2022,78.5,82.24,74.92,75.79,3853710.64000000,,AVAXUSDT_daily,CRYPTO,BINANCE,USDT,1,1,1,75.79,75.79,75.79,1,428,0,0.5,1
05/03/2022,75.78,78.74,73.27,76.68,1992002.84000000,,AVAXUSDT_daily,CRYPTO,BINANCE,USDT,1,1,1,76.68,76.68,76.68,1,429,0,0.5,1
06/03/2022,76.69,77.1,72.09,72.51,1936414.77000000,,AVAXUSDT_daily,CRYPTO,BINANCE,USDT,1,1,1,72.51,72.51,72.51,1,430,0,0.5,1
07/03/2022,72.51,76.53,70.35,71.69,2451038.10000000,,AVAXUSDT_daily,CRYPTO,BINANCE,USDT,1,1,1,71.69,71.69,71.69,1,431,0,0.5,1
08/03/2022,71.67,76.62,71.19,73,3043774.10000000,,AVAXUSDT_daily,CRYPTO,BINANCE,USDT,1,1,1,73,73,73,1,432,0,0.5,1
09/03/2022,73.02,80.44,72.34,77.63,3319070.88000000,,AVAXUSDT_daily,CRYPTO,BINANCE,USDT,1,1,1,77.63,77.63,77.63,1,433,0,0.5,1
10/03/2022,77.6,79,71.5,73.93,2525259.61000000,,AVAXUSDT_daily,CRYPTO,BINANCE,USDT,1,1,1,73.93,73.93,73.93,1,434,0,0.5,1
11/03/2022,73.93,76.97,70.79,71.22,3182516.66000000,,AVAXUSDT_daily,CRYPTO,BINANCE,USDT,1,1,1,71.22,71.22,71.22,1,435,0,0.5,1
12/03/2022,71.23,73.62,70.67,70.94,1178080.64000000,,AVAXUSDT_daily,CRYPTO,BINANCE,USDT,1,1,1,70.94,70.94,70.94,1,436,0,0.5,1
13/03/2022,70.93,71.99,67.21,67.94,1213188.75000000,,AVAXUSDT_daily,CRYPTO,BINANCE,USDT,1,1,1,67.94,67.94,67.94,1,437,0,0.5,1
14/03/2022,67.92,71.5,65.55,68.97,2929390.22000000,,AVAXUSDT_daily,CRYPTO,BINANCE,USDT,1,1,1,68.97,68.97,68.97,1,438,0,0.5,1
15/03/2022,68.97,72.24,66.04,69.82,2272701.89000000,,AVAXUSDT_daily,CRYPTO,BINANCE,USDT,1,1,1,69.82,69.82,69.82,1,439,0,0.5,1
16/03/2022,69.82,74.72,68.07,74.08,2655390.64000000,,AVAXUSDT_daily,CRYPTO,BINANCE,USDT,1,1,1,74.08,74.08,74.08,1,440,0,0.5,1
17/03/2022,74.07,81.73,73.16,79.4,3601064.66000000,,AVAXUSDT_daily,CRYPTO,BINANCE,USDT,1,1,1,79.4,79.4,79.4,1,441,0,0.5,1
18/03/2022,79.4,86.95,76.48,85.71,3592188.77000000,,AVAXUSDT_daily,CRYPTO,BINANCE,USDT,1,1,1,85.71,85.71,85.71,1,442,0,0.5,1
19/03/2022,85.72,92.39,85.58,89.53,3285297.07000000,,AVAXUSDT_daily,CRYPTO,BINANCE,USDT,1,1,1,89.53,89.53,89.53,1,443,0,0.5,1
20/03/2022,89.54,89.98,84.26,84.84,2817986.41000000,,AVAXUSDT_daily,CRYPTO,BINANCE,USDT,1,1,1,84.84,84.84,84.84,1,444,0,0.5,1
21/03/2022,84.87,92.5,83.02,86.25,4199445.72000000,,AVAXUSDT_daily,CRYPTO,BINANCE,USDT,1,1,1,86.25,86.25,86.25,1,445,0,0.5,1
22/03/2022,86.24,89.89,83.7,83.98,3258174.08000000,,AVAXUSDT_daily,CRYPTO,BINANCE,USDT,1,1,1,83.98,83.98,83.98,1,446,0,0.5,1
23/03/2022,83.97,87.3,82.21,86,2633332.52000000,,AVAXUSDT_daily,CRYPTO,BINANCE,USDT,1,1,1,86,86,86,1,447,0,0.5,1
24/03/2022,85.99,88.3,83.63,87.56,2936844.44000000,,AVAXUSDT_daily,CRYPTO,BINANCE,USDT,1,1,1,87.56,87.56,87.56,1,448,0,0.5,1
25/03/2022,87.57,87.8,82.25,83.54,2533187.45000000,,AVAXUSDT_daily,CRYPTO,BINANCE,USDT,1,1,1,83.54,83.54,83.54,1,449,0,0.5,1
26/03/2022,83.54,86.74,82.46,85.86,1350476.61000000,,AVAXUSDT_daily,CRYPTO,BINANCE,USDT,1,1,1,85.86,85.86,85.86,1,450,0,0.5,1
27/03/2022,85.87,89.99,84.4,89.88,1651306.21000000,,AVAXUSDT_daily,CRYPTO,BINANCE,USDT,1,1,1,89.88,89.88,89.88,1,451,0,0.5,1
28/03/2022,89.88,96.23,88.58,89.58,3900950.93000000,,AVAXUSDT_daily,CRYPTO,BINANCE,USDT,1,1,1,89.58,89.58,89.58,1,452,0,0.5,1
29/03/2022,89.57,96.46,89.27,92.74,2945036.40000000,,AVAXUSDT_daily,CRYPTO,BINANCE,USDT,1,1,1,92.74,92.74,92.74,1,453,0,0.5,1
30/03/2022,92.73,100.48,89.5,95.58,3528529.66000000,,AVAXUSDT_daily,CRYPTO,BINANCE,USDT,1,1,1,95.58,95.58,95.58,1,454,0,0.5,1
31/03/2022,95.57,101.98,93.68,97.41,4416636.71000000,,AVAXUSDT_daily,CRYPTO,BINANCE,USDT,1,1,1,97.41,97.41,97.41,1,455,0,0.5,1
01/04/2022,97.43,99.8,90.26,96.83,3360841.07000000,,AVAXUSDT_daily,CRYPTO,BINANCE,USDT,1,1,1,96.83,96.83,96.83,1,456,0,0.5,1
02/04/2022,96.81,103.62,95.73,96.25,3326092.55000000,,AVAXUSDT_daily,CRYPTO,BINANCE,USDT,1,1,1,96.25,96.25,96.25,1,457,0,0.5,1
03/04/2022,96.25,100.09,94.41,98.05,2729825.05000000,,AVAXUSDT_daily,CRYPTO,BINANCE,USDT,1,1,1,98.05,98.05,98.05,1,458,0,0.5,1
04/04/2022,98.02,98.08,90.81,96.16,2600693.06000000,,AVAXUSDT_daily,CRYPTO,BINANCE,USDT,1,1,1,96.16,96.16,96.16,1,459,0,0.5,1
05/04/2022,96.16,97.7,90.6,91.06,2436266.33000000,,AVAXUSDT_daily,CRYPTO,BINANCE,USDT,1,1,1,91.06,91.06,91.06,1,460,0,0.5,1
06/04/2022,91.07,91.11,82.63,82.94,3526547.24000000,,AVAXUSDT_daily,CRYPTO,BINANCE,USDT,1,1,1,82.94,82.94,82.94,1,461,0,0.5,1
07/04/2022,82.94,88.66,81.34,87.55,3392547.98000000,,AVAXUSDT_daily,CRYPTO,BINANCE,USDT,1,1,1,87.55,87.55,87.55,1,462,0,0.5,1
08/04/2022,87.56,90.56,82.69,83.66,3189742.20000000,,AVAXUSDT_daily,CRYPTO,BINANCE,USDT,1,1,1,83.66,83.66,83.66,1,463,0,0.5,1
09/04/2022,83.66,85.56,81.88,84.55,1368929.80000000,,AVAXUSDT_daily,CRYPTO,BINANCE,USDT,1,1,1,84.55,84.55,84.55,1,464,0,0.5,1
10/04/2022,84.57,85.66,80.67,81.01,1119413.47000000,,AVAXUSDT_daily,CRYPTO,BINANCE,USDT,1,1,1,81.01,81.01,81.01,1,465,0,0.5,1
11/04/2022,81,81.54,72.73,74.35,3030700.60000000,,AVAXUSDT_daily,CRYPTO,BINANCE,USDT,1,1,1,74.35,74.35,74.35,1,466,0,0.5,1
12/04/2022,74.35,79.5,73.88,76.31,2146833.60000000,,AVAXUSDT_daily,CRYPTO,BINANCE,USDT,1,1,1,76.31,76.31,76.31,1,467,0,0.5,1
13/04/2022,76.32,80.65,75.8,80.2,1680567.89000000,,AVAXUSDT_daily,CRYPTO,BINANCE,USDT,1,1,1,80.2,80.2,80.2,1,468,0,0.5,1
14/04/2022,80.2,81.87,76.16,76.81,1741713.69000000,,AVAXUSDT_daily,CRYPTO,BINANCE,USDT,1,1,1,76.81,76.81,76.81,1,469,0,0.5,1
15/04/2022,76.8,78.53,74.75,77.43,1318038.23000000,,AVAXUSDT_daily,CRYPTO,BINANCE,USDT,1,1,1,77.43,77.43,77.43,1,470,0,0.5,1
16/04/2022,77.44,78.26,76.5,77.74,616267.40000000,,AVAXUSDT_daily,CRYPTO,BINANCE,USDT,1,1,1,77.74,77.74,77.74,1,471,0,0.5,1
17/04/2022,77.74,78.68,75.08,75.42,776597.80000000,,AVAXUSDT_daily,CRYPTO,BINANCE,USDT,1,1,1,75.42,75.42,75.42,1,472,0,0.5,1
18/04/2022,75.41,77.95,71.5,77.73,1812465.17000000,,AVAXUSDT_daily,CRYPTO,BINANCE,USDT,1,1,1,77.73,77.73,77.73,1,473,0,0.5,1
19/04/2022,77.73,81.1,76.8,80.28,1467897.35000000,,AVAXUSDT_daily,CRYPTO,BINANCE,USDT,1,1,1,80.28,80.28,80.28,1,474,0,0.5,1
20/04/2022,80.27,81.31,77.46,78.21,1497709.36000000,,AVAXUSDT_daily,CRYPTO,BINANCE,USDT,1,1,1,78.21,78.21,78.21,1,475,0,0.5,1
21/04/2022,78.22,80.21,74.13,75.02,1363115.38000000,,AVAXUSDT_daily,CRYPTO,BINANCE,USDT,1,1,1,75.02,75.02,75.02,1,476,0,0.5,1
22/04/2022,75.01,77.22,73.33,74.03,1261738.35000000,,AVAXUSDT_daily,CRYPTO,BINANCE,USDT,1,1,1,74.03,74.03,74.03,1,477,0,0.5,1
23/04/2022,74.04,74.42,72.35,72.83,865209.06000000,,AVAXUSDT_daily,CRYPTO,BINANCE,USDT,1,1,1,72.83,72.83,72.83,1,478,0,0.5,1
24/04/2022,72.84,73.49,71,71.51,671237.21000000,,AVAXUSDT_daily,CRYPTO,BINANCE,USDT,1,1,1,71.51,71.51,71.51,1,479,0,0.5,1
25/04/2022,71.5,72.99,67.36,72.88,2017379.58000000,,AVAXUSDT_daily,CRYPTO,BINANCE,USDT,1,1,1,72.88,72.88,72.88,1,480,0,0.5,1
26/04/2022,72.9,73.18,67.5,68.7,1568050.00000000,,AVAXUSDT_daily,CRYPTO,BINANCE,USDT,1,1,1,68.7,68.7,68.7,1,481,0,0.5,1
27/04/2022,68.7,71.98,68.32,69.86,1173322.27000000,,AVAXUSDT_daily,CRYPTO,BINANCE,USDT,1,1,1,69.86,69.86,69.86,1,482,0,0.5,1
28/04/2022,69.86,70.76,66.65,67.26,1530116.95000000,,AVAXUSDT_daily,CRYPTO,BINANCE,USDT,1,1,1,67.26,67.26,67.26,1,483,0,0.5,1
29/04/2022,67.26,67.99,62.2,63.4,1419116.89000000,,AVAXUSDT_daily,CRYPTO,BINANCE,USDT,1,1,1,63.4,63.4,63.4,1,484,0,0.5,1
30/04/2022,63.4,64.65,55.05,56.98,2393352.67000000,,AVAXUSDT_daily,CRYPTO,BINANCE,USDT,1,1,1,56.98,56.98,56.98,1,485,0,0.5,1
01/05/2022,56.98,61.14,56.27,58.77,2344079.85000000,,AVAXUSDT_daily,CRYPTO,BINANCE,USDT,1,1,1,58.77,58.77,58.77,1,486,0,0.5,1
02/05/2022,58.74,62.46,56.74,60.34,2855611.45000000,,AVAXUSDT_daily,CRYPTO,BINANCE,USDT,1,1,1,60.34,60.34,60.34,1,487,0,0.5,1
03/05/2022,60.34,62.55,58.12,59.63,1686585.01000000,,AVAXUSDT_daily,CRYPTO,BINANCE,USDT,1,1,1,59.63,59.63,59.63,1,488,0,0.5,1
04/05/2022,59.63,67.64,59.3,67.27,2409142.35000000,,AVAXUSDT_daily,CRYPTO,BINANCE,USDT,1,1,1,67.27,67.27,67.27,1,489,0,0.5,1
05/05/2022,67.28,69.52,56.51,59.04,4442154.36000000,,AVAXUSDT_daily,CRYPTO,BINANCE,USDT,1,1,1,59.04,59.04,59.04,1,490,0,0.5,1
06/05/2022,59.04,59.4,55,57,2822758.39000000,,AVAXUSDT_daily,CRYPTO,BINANCE,USDT,1,1,1,57,57,57,1,491,0,0.5,1
07/05/2022,57,57.53,53.24,55.04,1898625.35000000,,AVAXUSDT_daily,CRYPTO,BINANCE,USDT,1,1,1,55.04,55.04,55.04,1,492,0,0.5,1
08/05/2022,55.05,55.47,50.63,51.62,3163317.55000000,,AVAXUSDT_daily,CRYPTO,BINANCE,USDT,1,1,1,51.62,51.62,51.62,1,493,0,0.5,1
09/05/2022,51.62,53.06,41.15,41.2,5783146.80000000,,AVAXUSDT_daily,CRYPTO,BINANCE,USDT,1,1,1,41.2,41.2,41.2,1,494,0,0.5,1
10/05/2022,41.2,50.32,40,44.58,6887935.36000000,,AVAXUSDT_daily,CRYPTO,BINANCE,USDT,1,1,1,44.58,44.58,44.58,1,495,0,0.5,1
11/05/2022,44.58,46.25,26.11,31.17,12956731.61300000,,AVAXUSDT_daily,CRYPTO,BINANCE,USDT,1,1,1,31.17,31.17,31.17,1,496,0,0.5,1
12/05/2022,31.17,33.94,23.51,30.32,11602675.67000000,,AVAXUSDT_daily,CRYPTO,BINANCE,USDT,1,1,1,30.32,30.32,30.32,1,497,0,0.5,1
13/05/2022,30.31,37.99,29.55,32.21,7405352.03000000,,AVAXUSDT_daily,CRYPTO,BINANCE,USDT,1,1,1,32.21,32.21,32.21,1,498,0,0.5,1
14/05/2022,32.2,34.32,29.27,33.93,4033165.08000000,,AVAXUSDT_daily,CRYPTO,BINANCE,USDT,1,1,1,33.93,33.93,33.93,1,499,0,0.5,1
15/05/2022,33.93,37.07,31.87,36.57,3611773.82000000,,AVAXUSDT_daily,CRYPTO,BINANCE,USDT,1,1,1,36.57,36.57,36.57,1,500,0,0.5,1
16/05/2022,36.56,36.56,31.4,32.56,4737925.30000000,,AVAXUSDT_daily,CRYPTO,BINANCE,USDT,1,1,1,32.56,32.56,32.56,1,501,0,0.5,1
17/05/2022,32.56,35.77,32.2,34.39,3323237.18000000,,AVAXUSDT_daily,CRYPTO,BINANCE,USDT,1,1,1,34.39,34.39,34.39,1,502,0,0.5,1
18/05/2022,34.4,35.16,29.37,29.58,3400565.86000000,,AVAXUSDT_daily,CRYPTO,BINANCE,USDT,1,1,1,29.58,29.58,29.58,1,503,0,0.5,1
19/05/2022,29.59,31.89,27.51,30.39,4763307.53000000,,AVAXUSDT_daily,CRYPTO,BINANCE,USDT,1,1,1,30.39,30.39,30.39,1,504,0,0.5,1
20/05/2022,30.39,31.93,27.83,28.8,4866371.46000000,,AVAXUSDT_daily,CRYPTO,BINANCE,USDT,1,1,1,28.8,28.8,28.8,1,505,0,0.5,1
21/05/2022,28.8,30.61,28.19,29.89,2170197.88000000,,AVAXUSDT_daily,CRYPTO,BINANCE,USDT,1,1,1,29.89,29.89,29.89,1,506,0,0.5,1
22/05/2022,29.89,32.7,29.01,31.71,3775539.16000000,,AVAXUSDT_daily,CRYPTO,BINANCE,USDT,1,1,1,31.71,31.71,31.71,1,507,0,0.5,1
23/05/2022,31.71,33.08,28.54,29.06,4621612.58000000,,AVAXUSDT_daily,CRYPTO,BINANCE,USDT,1,1,1,29.06,29.06,29.06,1,508,0,0.5,1
24/05/2022,29.06,29.66,26.87,29.08,4251299.31000000,,AVAXUSDT_daily,CRYPTO,BINANCE,USDT,1,1,1,29.08,29.08,29.08,1,509,0,0.5,1
25/05/2022,29.07,29.68,27.11,27.25,3491521.18000000,,AVAXUSDT_daily,CRYPTO,BINANCE,USDT,1,1,1,27.25,27.25,27.25,1,510,0,0.5,1
26/05/2022,27.25,28.03,22.84,23.43,7355985.50000000,,AVAXUSDT_daily,CRYPTO,BINANCE,USDT,1,1,1,23.43,23.43,23.43,1,511,0,0.5,1
27/05/2022,23.42,23.88,21.35,22.58,7882719.85900000,,AVAXUSDT_daily,CRYPTO,BINANCE,USDT,1,1,1,22.58,22.58,22.58,1,512,0,0.5,1
28/05/2022,22.57,25.73,22.17,24.76,5080017.44000000,,AVAXUSDT_daily,CRYPTO,BINANCE,USDT,1,1,1,24.76,24.76,24.76,1,513,0,0.5,1
29/05/2022,24.76,27,23.72,26.16,5201437.75000000,,AVAXUSDT_daily,CRYPTO,BINANCE,USDT,1,1,1,26.16,26.16,26.16,1,514,0,0.5,1
30/05/2022,26.16,28.48,25.32,27.71,6453169.48000000,,AVAXUSDT_daily,CRYPTO,BINANCE,USDT,1,1,1,27.71,27.71,27.71,1,515,0,0.5,1
31/05/2022,27.71,29.11,25.55,26.42,6372299.65000000,,AVAXUSDT_daily,CRYPTO,BINANCE,USDT,1,1,1,26.42,26.42,26.42,1,516,0,0.5,1
01/06/2022,26.43,27.03,23.2,23.68,5323660.08000000,,AVAXUSDT_daily,CRYPTO,BINANCE,USDT,1,1,1,23.68,23.68,23.68,1,517,0,0.5,1
02/06/2022,23.68,24.9,22.5,24.63,4487201.10000000,,AVAXUSDT_daily,CRYPTO,BINANCE,USDT,1,1,1,24.63,24.63,24.63,1,518,0,0.5,1
03/06/2022,24.64,24.7,22.5,23,3150778.48000000,,AVAXUSDT_daily,CRYPTO,BINANCE,USDT,1,1,1,23,23,23,1,519,0,0.5,1
04/06/2022,23,24.67,22.14,24.57,2472290.13000000,,AVAXUSDT_daily,CRYPTO,BINANCE,USDT,1,1,1,24.57,24.57,24.57,1,520,0,0.5,1
05/06/2022,24.58,25.2,23.93,24.18,2624339.66000000,,AVAXUSDT_daily,CRYPTO,BINANCE,USDT,1,1,1,24.18,24.18,24.18,1,521,0,0.5,1
06/06/2022,24.18,27.79,24.05,25.99,5560470.13000000,,AVAXUSDT_daily,CRYPTO,BINANCE,USDT,1,1,1,25.99,25.99,25.99,1,522,0,0.5,1
07/06/2022,26,26.21,23.12,24.6,7021609.51000000,,AVAXUSDT_daily,CRYPTO,BINANCE,USDT,1,1,1,24.6,24.6,24.6,1,523,0,0.5,1
08/06/2022,24.6,25.45,23.72,24.5,3467088.16000000,,AVAXUSDT_daily,CRYPTO,BINANCE,USDT,1,1,1,24.5,24.5,24.5,1,524,0,0.5,1
09/06/2022,24.51,25.38,23.72,24.41,3066998.40000000,,AVAXUSDT_daily,CRYPTO,BINANCE,USDT,1,1,1,24.41,24.41,24.41,1,525,0,0.5,1
10/06/2022,24.42,24.87,21.91,22.08,3881414.90000000,,AVAXUSDT_daily,CRYPTO,BINANCE,USDT,1,1,1,22.08,22.08,22.08,1,526,0,0.5,1
11/06/2022,22.07,23.02,19.67,19.9,4541127.87000000,,AVAXUSDT_daily,CRYPTO,BINANCE,USDT,1,1,1,19.9,19.9,19.9,1,527,0,0.5,1
12/06/2022,19.91,20.16,17.21,17.29,8238012.46800000,,AVAXUSDT_daily,CRYPTO,BINANCE,USDT,1,1,1,17.29,17.29,17.29,1,528,0,0.5,1
13/06/2022,17.29,17.5,14.58,16.11,14886625.66000000,,AVAXUSDT_daily,CRYPTO,BINANCE,USDT,1,1,1,16.11,16.11,16.11,1,529,0,0.5,1
14/06/2022,16.11,17.3,14.67,16.55,9763946.74000000,,AVAXUSDT_daily,CRYPTO,BINANCE,USDT,1,1,1,16.55,16.55,16.55,1,530,0,0.5,1
15/06/2022,16.55,18.48,14.55,18.31,10721989.07000000,,AVAXUSDT_daily,CRYPTO,BINANCE,USDT,1,1,1,18.31,18.31,18.31,1,531,0,0.5,1
16/06/2022,18.31,18.72,15.5,15.79,6686483.00000000,,AVAXUSDT_daily,CRYPTO,BINANCE,USDT,1,1,1,15.79,15.79,15.79,1,532,0,0.5,1
17/06/2022,15.8,16.74,15.5,15.99,3480673.40000000,,AVAXUSDT_daily,CRYPTO,BINANCE,USDT,1,1,1,15.99,15.99,15.99,1,533,0,0.5,1
18/06/2022,16,16.3,13.78,14.83,5914211.73000000,,AVAXUSDT_daily,CRYPTO,BINANCE,USDT,1,1,1,14.83,14.83,14.83,1,534,0,0.5,1
19/06/2022,14.83,16.42,13.71,16.16,5183939.46000000,,AVAXUSDT_daily,CRYPTO,BINANCE,USDT,1,1,1,16.16,16.16,16.16,1,535,0,0.5,1
20/06/2022,16.17,17.87,15.32,17.1,5578156.93000000,,AVAXUSDT_daily,CRYPTO,BINANCE,USDT,1,1,1,17.1,17.1,17.1,1,536,0,0.5,1
21/06/2022,17.1,18.49,16.62,16.9,4574348.39000000,,AVAXUSDT_daily,CRYPTO,BINANCE,USDT,1,1,1,16.9,16.9,16.9,1,537,0,0.5,1
22/06/2022,16.91,17.41,15.97,16.09,4115611.37000000,,AVAXUSDT_daily,CRYPTO,BINANCE,USDT,1,1,1,16.09,16.09,16.09,1,538,0,0.5,1
23/06/2022,16.08,18.4,16.03,18.29,4695733.00000000,,AVAXUSDT_daily,CRYPTO,BINANCE,USDT,1,1,1,18.29,18.29,18.29,1,539,0,0.5,1
24/06/2022,18.29,20.95,17.98,20.47,5577636.08000000,,AVAXUSDT_daily,CRYPTO,BINANCE,USDT,1,1,1,20.47,20.47,20.47,1,540,0,0.5,1
25/06/2022,20.47,21.68,19.86,21.36,3710311.20000000,,AVAXUSDT_daily,CRYPTO,BINANCE,USDT,1,1,1,21.36,21.36,21.36,1,541,0,0.5,1
26/06/2022,21.37,22.05,19.6,19.73,3449424.73000000,,AVAXUSDT_daily,CRYPTO,BINANCE,USDT,1,1,1,19.73,19.73,19.73,1,542,0,0.5,1
27/06/2022,19.73,21.39,19.18,19.32,3808707.61000000,,AVAXUSDT_daily,CRYPTO,BINANCE,USDT,1,1,1,19.32,19.32,19.32,1,543,0,0.5,1
28/06/2022,19.33,20.53,17.99,18.12,4832850.59000000,,AVAXUSDT_daily,CRYPTO,BINANCE,USDT,1,1,1,18.12,18.12,18.12,1,544,0,0.5,1
29/06/2022,18.11,18.68,17.18,17.79,3932196.54000000,,AVAXUSDT_daily,CRYPTO,BINANCE,USDT,1,1,1,17.79,17.79,17.79,1,545,0,0.5,1
30/06/2022,17.79,17.81,15.79,16.99,3831530.37000000,,AVAXUSDT_daily,CRYPTO,BINANCE,USDT,1,1,1,16.99,16.99,16.99,1,546,0,0.5,1
01/07/2022,16.98,17.68,15.8,16.12,4908972.09000000,,AVAXUSDT_daily,CRYPTO,BINANCE,USDT,1,1,1,16.12,16.12,16.12,1,547,0,0.5,1
02/07/2022,16.12,16.61,15.96,16.33,1937632.45000000,,AVAXUSDT_daily,CRYPTO,BINANCE,USDT,1,1,1,16.33,16.33,16.33,1,548,0,0.5,1
03/07/2022,16.33,16.9,15.83,16.65,2285393.04000000,,AVAXUSDT_daily,CRYPTO,BINANCE,USDT,1,1,1,16.65,16.65,16.65,1,549,0,0.5,1
04/07/2022,16.65,18.06,16.31,17.92,3950488.78000000,,AVAXUSDT_daily,CRYPTO,BINANCE,USDT,1,1,1,17.92,17.92,17.92,1,550,0,0.5,1
05/07/2022,17.92,18.65,16.66,18.03,4832782.93000000,,AVAXUSDT_daily,CRYPTO,BINANCE,USDT,1,1,1,18.03,18.03,18.03,1,551,0,0.5,1
06/07/2022,18.03,19.47,17.79,19.17,4491727.98000000,,AVAXUSDT_daily,CRYPTO,BINANCE,USDT,1,1,1,19.17,19.17,19.17,1,552,0,0.5,1
07/07/2022,19.17,20.6,18.86,20.18,3901523.31000000,,AVAXUSDT_daily,CRYPTO,BINANCE,USDT,1,1,1,20.18,20.18,20.18,1,553,0,0.5,1
08/07/2022,20.18,21.12,19.42,19.72,4363644.25000000,,AVAXUSDT_daily,CRYPTO,BINANCE,USDT,1,1,1,19.72,19.72,19.72,1,554,0,0.5,1
09/07/2022,19.72,20.27,19.49,19.89,1907418.34000000,,AVAXUSDT_daily,CRYPTO,BINANCE,USDT,1,1,1,19.89,19.89,19.89,1,555,0,0.5,1
10/07/2022,19.9,19.99,18.76,19.16,1946346.67000000,,AVAXUSDT_daily,CRYPTO,BINANCE,USDT,1,1,1,19.16,19.16,19.16,1,556,0,0.5,1
11/07/2022,19.17,19.17,17.32,17.35,2340215.74000000,,AVAXUSDT_daily,CRYPTO,BINANCE,USDT,1,1,1,17.35,17.35,17.35,1,557,0,0.5,1
12/07/2022,17.34,18.07,16.71,16.75,2847335.47000000,,AVAXUSDT_daily,CRYPTO,BINANCE,USDT,1,1,1,16.75,16.75,16.75,1,558,0,0.5,1
13/07/2022,16.75,18.92,16.37,18.83,5090897.41000000,,AVAXUSDT_daily,CRYPTO,BINANCE,USDT,1,1,1,18.83,18.83,18.83,1,559,0,0.5,1
14/07/2022,18.82,19.98,17.78,19.76,4727801.64000000,,AVAXUSDT_daily,CRYPTO,BINANCE,USDT,1,1,1,19.76,19.76,19.76,1,560,0,0.5,1
15/07/2022,19.76,20.28,19.09,19.35,3455357.97000000,,AVAXUSDT_daily,CRYPTO,BINANCE,USDT,1,1,1,19.35,19.35,19.35,1,561,0,0.5,1
16/07/2022,19.36,21.5,18.67,21.25,3961722.82000000,,AVAXUSDT_daily,CRYPTO,BINANCE,USDT,1,1,1,21.25,21.25,21.25,1,562,0,0.5,1
17/07/2022,21.25,22.12,20.57,20.63,3026561.51000000,,AVAXUSDT_daily,CRYPTO,BINANCE,USDT,1,1,1,20.63,20.63,20.63,1,563,0,0.5,1
18/07/2022,20.62,24.33,20.59,23.95,6122739.72000000,,AVAXUSDT_daily,CRYPTO,BINANCE,USDT,1,1,1,23.95,23.95,23.95,1,564,0,0.5,1
19/07/2022,23.95,26.29,23.03,24.72,6902992.92000000,,AVAXUSDT_daily,CRYPTO,BINANCE,USDT,1,1,1,24.72,24.72,24.72,1,565,0,0.5,1
20/07/2022,24.71,26.38,23.35,23.59,6483006.16000000,,AVAXUSDT_daily,CRYPTO,BINANCE,USDT,1,1,1,23.59,23.59,23.59,1,566,0,0.5,1
21/07/2022,23.59,25.46,22.64,24.99,4561440.24000000,,AVAXUSDT_daily,CRYPTO,BINANCE,USDT,1,1,1,24.99,24.99,24.99,1,567,0,0.5,1
22/07/2022,24.99,25.55,23.59,23.63,3744683.03000000,,AVAXUSDT_daily,CRYPTO,BINANCE,USDT,1,1,1,23.63,23.63,23.63,1,568,0,0.5,1
23/07/2022,23.64,24.66,22.83,23.6,2404591.64000000,,AVAXUSDT_daily,CRYPTO,BINANCE,USDT,1,1,1,23.6,23.6,23.6,1,569,0,0.5,1
24/07/2022,23.59,24.47,23.23,23.79,2196886.66000000,,AVAXUSDT_daily,CRYPTO,BINANCE,USDT,1,1,1,23.79,23.79,23.79,1,570,0,0.5,1
25/07/2022,23.79,23.85,20.89,20.92,3848762.01000000,,AVAXUSDT_daily,CRYPTO,BINANCE,USDT,1,1,1,20.92,20.92,20.92,1,571,0,0.5,1
26/07/2022,20.93,20.99,19.55,20.71,2582466.15000000,,AVAXUSDT_daily,CRYPTO,BINANCE,USDT,1,1,1,20.71,20.71,20.71,1,572,0,0.5,1
27/07/2022,20.72,23.49,20.21,23.39,4294616.47000000,,AVAXUSDT_daily,CRYPTO,BINANCE,USDT,1,1,1,23.39,23.39,23.39,1,573,0,0.5,1
28/07/2022,23.38,24.69,22.42,24.2,5656707.22000000,,AVAXUSDT_daily,CRYPTO,BINANCE,USDT,1,1,1,24.2,24.2,24.2,1,574,0,0.5,1
29/07/2022,24.21,25.37,23.46,24.49,4714786.88000000,,AVAXUSDT_daily,CRYPTO,BINANCE,USDT,1,1,1,24.49,24.49,24.49,1,575,0,0.5,1
30/07/2022,24.49,25.83,23.91,24.23,3897237.98000000,,AVAXUSDT_daily,CRYPTO,BINANCE,USDT,1,1,1,24.23,24.23,24.23,1,576,0,0.5,1
31/07/2022,24.24,25.22,23.53,23.72,2308947.34000000,,AVAXUSDT_daily,CRYPTO,BINANCE,USDT,1,1,1,23.72,23.72,23.72,1,577,0,0.5,1
01/08/2022,23.72,24.33,22.96,23.57,2662595.41000000,,AVAXUSDT_daily,CRYPTO,BINANCE,USDT,1,1,1,23.57,23.57,23.57,1,578,0,0.5,1
02/08/2022,23.58,24,22.24,22.85,2826174.06000000,,AVAXUSDT_daily,CRYPTO,BINANCE,USDT,1,1,1,22.85,22.85,22.85,1,579,0,0.5,1
03/08/2022,22.85,24.19,22.28,23.04,2493366.49000000,,AVAXUSDT_daily,CRYPTO,BINANCE,USDT,1,1,1,23.04,23.04,23.04,1,580,0,0.5,1
04/08/2022,23.04,24,22.88,23.36,1991779.10000000,,AVAXUSDT_daily,CRYPTO,BINANCE,USDT,1,1,1,23.36,23.36,23.36,1,581,0,0.5,1
05/08/2022,23.36,24.98,23.11,24.95,2970807.41000000,,AVAXUSDT_daily,CRYPTO,BINANCE,USDT,1,1,1,24.95,24.95,24.95,1,582,0,0.5,1
06/08/2022,24.95,26.94,24.71,26.63,3517848.23000000,,AVAXUSDT_daily,CRYPTO,BINANCE,USDT,1,1,1,26.63,26.63,26.63,1,583,0,0.5,1
07/08/2022,26.64,28.5,25.82,27.9,3666990.33000000,,AVAXUSDT_daily,CRYPTO,BINANCE,USDT,1,1,1,27.9,27.9,27.9,1,584,0,0.5,1
08/08/2022,27.89,30.89,27.57,27.91,5280186.71000000,,AVAXUSDT_daily,CRYPTO,BINANCE,USDT,1,1,1,27.91,27.91,27.91,1,585,0,0.5,1
09/08/2022,27.9,28.81,26.96,27.42,3737879.06000000,,AVAXUSDT_daily,CRYPTO,BINANCE,USDT,1,1,1,27.42,27.42,27.42,1,586,0,0.5,1
10/08/2022,27.41,30.2,26.6,29.18,4778667.33000000,,AVAXUSDT_daily,CRYPTO,BINANCE,USDT,1,1,1,29.18,29.18,29.18,1,587,0,0.5,1
11/08/2022,29.17,30.09,28.31,28.53,3518091.35000000,,AVAXUSDT_daily,CRYPTO,BINANCE,USDT,1,1,1,28.53,28.53,28.53,1,588,0,0.5,1
12/08/2022,28.53,29.45,28.07,29.34,2021882.17000000,,AVAXUSDT_daily,CRYPTO,BINANCE,USDT,1,1,1,29.34,29.34,29.34,1,589,0,0.5,1
13/08/2022,29.33,30.35,28.87,29.16,2359927.97000000,,AVAXUSDT_daily,CRYPTO,BINANCE,USDT,1,1,1,29.16,29.16,29.16,1,590,0,0.5,1
14/08/2022,29.16,29.85,27.84,28.18,2248073.33000000,,AVAXUSDT_daily,CRYPTO,BINANCE,USDT,1,1,1,28.18,28.18,28.18,1,591,0,0.5,1
15/08/2022,28.19,29.3,27.03,27.88,2302258.65000000,,AVAXUSDT_daily,CRYPTO,BINANCE,USDT,1,1,1,27.88,27.88,27.88,1,592,0,0.5,1
16/08/2022,27.87,28.41,26.93,27.1,1936702.68000000,,AVAXUSDT_daily,CRYPTO,BINANCE,USDT,1,1,1,27.1,27.1,27.1,1,593,0,0.5,1
17/08/2022,27.11,28.23,25.26,25.55,2779421.89000000,,AVAXUSDT_daily,CRYPTO,BINANCE,USDT,1,1,1,25.55,25.55,25.55,1,594,0,0.5,1
18/08/2022,25.56,26.29,23.95,24.21,1882128.59000000,,AVAXUSDT_daily,CRYPTO,BINANCE,USDT,1,1,1,24.21,24.21,24.21,1,595,0,0.5,1
19/08/2022,24.2,24.43,21.32,22.44,4153725.40000000,,AVAXUSDT_daily,CRYPTO,BINANCE,USDT,1,1,1,22.44,22.44,22.44,1,596,0,0.5,1
20/08/2022,22.44,23.09,21.63,22.3,2536233.27000000,,AVAXUSDT_daily,CRYPTO,BINANCE,USDT,1,1,1,22.3,22.3,22.3,1,597,0,0.5,1
21/08/2022,22.3,23.55,22.15,22.97,2347004.68000000,,AVAXUSDT_daily,CRYPTO,BINANCE,USDT,1,1,1,22.97,22.97,22.97,1,598,0,0.5,1
22/08/2022,22.98,23,21.61,22.55,2133704.42000000,,AVAXUSDT_daily,CRYPTO,BINANCE,USDT,1,1,1,22.55,22.55,22.55,1,599,0,0.5,1
23/08/2022,22.56,23.74,21.83,23.5,2722607.74000000,,AVAXUSDT_daily,CRYPTO,BINANCE,USDT,1,1,1,23.5,23.5,23.5,1,600,0,0.5,1
24/08/2022,23.52,23.64,22.81,23.01,1854532.20000000,,AVAXUSDT_daily,CRYPTO,BINANCE,USDT,1,1,1,23.01,23.01,23.01,1,601,0,0.5,1
25/08/2022,23.02,23.65,22.67,22.99,1649374.38000000,,AVAXUSDT_daily,CRYPTO,BINANCE,USDT,1,1,1,22.99,22.99,22.99,1,602,0,0.5,1
26/08/2022,22.99,23.23,20.34,20.66,3844695.98000000,,AVAXUSDT_daily,CRYPTO,BINANCE,USDT,1,1,1,20.66,20.66,20.66,1,603,0,0.5,1
27/08/2022,20.65,20.91,19.79,20.03,2352564.36000000,,AVAXUSDT_daily,CRYPTO,BINANCE,USDT,1,1,1,20.03,20.03,20.03,1,604,0,0.5,1
28/08/2022,20.04,20.47,18.05,18.53,2506950.07000000,,AVAXUSDT_daily,CRYPTO,BINANCE,USDT,1,1,1,18.53,18.53,18.53,1,605,0,0.5,1
29/08/2022,18.53,19.47,17.48,19.32,5227679.45000000,,AVAXUSDT_daily,CRYPTO,BINANCE,USDT,1,1,1,19.32,19.32,19.32,1,606,0,0.5,1
30/08/2022,19.32,20.66,18.87,19.39,4781627.02000000,,AVAXUSDT_daily,CRYPTO,BINANCE,USDT,1,1,1,19.39,19.39,19.39,1,607,0,0.5,1
31/08/2022,19.4,20.07,18.99,19.14,2920043.96000000,,AVAXUSDT_daily,CRYPTO,BINANCE,USDT,1,1,1,19.14,19.14,19.14,1,608,0,0.5,1
01/09/2022,19.14,19.47,18.33,19.33,2037932.03000000,,AVAXUSDT_daily,CRYPTO,BINANCE,USDT,1,1,1,19.33,19.33,19.33,1,609,0,0.5,1
02/09/2022,19.32,19.66,18.68,18.86,2012974.14000000,,AVAXUSDT_daily,CRYPTO,BINANCE,USDT,1,1,1,18.86,18.86,18.86,1,610,0,0.5,1
03/09/2022,18.86,19.01,18.57,18.89,869692.47000000,,AVAXUSDT_daily,CRYPTO,BINANCE,USDT,1,1,1,18.89,18.89,18.89,1,611,0,0.5,1
04/09/2022,18.89,19.15,18.73,19.01,1137571.79000000,,AVAXUSDT_daily,CRYPTO,BINANCE,USDT,1,1,1,19.01,19.01,19.01,1,612,0,0.5,1
05/09/2022,19.02,19.49,18.44,19.44,1355494.58000000,,AVAXUSDT_daily,CRYPTO,BINANCE,USDT,1,1,1,19.44,19.44,19.44,1,613,0,0.5,1
06/09/2022,19.45,20.49,18.15,18.21,3455459.74000000,,AVAXUSDT_daily,CRYPTO,BINANCE,USDT,1,1,1,18.21,18.21,18.21,1,614,0,0.5,1
07/09/2022,18.21,19.31,17.84,19.01,1888919.24000000,,AVAXUSDT_daily,CRYPTO,BINANCE,USDT,1,1,1,19.01,19.01,19.01,1,615,0,0.5,1
08/09/2022,19,19.16,18.4,19.13,1853702.72000000,,AVAXUSDT_daily,CRYPTO,BINANCE,USDT,1,1,1,19.13,19.13,19.13,1,616,0,0.5,1
09/09/2022,19.13,20.81,19.1,20.38,2646242.57000000,,AVAXUSDT_daily,CRYPTO,BINANCE,USDT,1,1,1,20.38,20.38,20.38,1,617,0,0.5,1
10/09/2022,20.39,21.17,20.04,20.44,2316069.87000000,,AVAXUSDT_daily,CRYPTO,BINANCE,USDT,1,1,1,20.44,20.44,20.44,1,618,0,0.5,1
11/09/2022,20.44,20.95,19.95,20.68,1721338.28000000,,AVAXUSDT_daily,CRYPTO,BINANCE,USDT,1,1,1,20.68,20.68,20.68,1,619,0,0.5,1
12/09/2022,20.67,21.91,20.06,21.38,4690982.41000000,,AVAXUSDT_daily,CRYPTO,BINANCE,USDT,1,1,1,21.38,21.38,21.38,1,620,0,0.5,1
13/09/2022,21.38,21.8,18.76,18.87,4534638.70000000,,AVAXUSDT_daily,CRYPTO,BINANCE,USDT,1,1,1,18.87,18.87,18.87,1,621,0,0.5,1
14/09/2022,18.87,19.31,18.44,19.12,2492314.62000000,,AVAXUSDT_daily,CRYPTO,BINANCE,USDT,1,1,1,19.12,19.12,19.12,1,622,0,0.5,1
15/09/2022,19.12,19.37,18.09,18.21,2502262.69000000,,AVAXUSDT_daily,CRYPTO,BINANCE,USDT,1,1,1,18.21,18.21,18.21,1,623,0,0.5,1
16/09/2022,18.21,18.31,17.56,18.05,2145273.72000000,,AVAXUSDT_daily,CRYPTO,BINANCE,USDT,1,1,1,18.05,18.05,18.05,1,624,0,0.5,1
17/09/2022,18.05,18.59,18.04,18.48,1309153.10000000,,AVAXUSDT_daily,CRYPTO,BINANCE,USDT,1,1,1,18.48,18.48,18.48,1,625,0,0.5,1
18/09/2022,18.48,18.78,16.29,16.7,3634544.44000000,,AVAXUSDT_daily,CRYPTO,BINANCE,USDT,1,1,1,16.7,16.7,16.7,1,626,0,0.5,1
19/09/2022,16.7,17.38,16.39,17.28,2420422.85000000,,AVAXUSDT_daily,CRYPTO,BINANCE,USDT,1,1,1,17.28,17.28,17.28,1,627,0,0.5,1
20/09/2022,17.28,17.43,16.58,16.65,1816611.71000000,,AVAXUSDT_daily,CRYPTO,BINANCE,USDT,1,1,1,16.65,16.65,16.65,1,628,0,0.5,1
21/09/2022,16.65,17.94,16.19,16.55,3111286.16000000,,AVAXUSDT_daily,CRYPTO,BINANCE,USDT,1,1,1,16.55,16.55,16.55,1,629,0,0.5,1
22/09/2022,16.54,17.88,16.39,17.68,2032595.22000000,,AVAXUSDT_daily,CRYPTO,BINANCE,USDT,1,1,1,17.68,17.68,17.68,1,630,0,0.5,1
23/09/2022,17.68,18.24,17.15,17.97,1946185.89000000,,AVAXUSDT_daily,CRYPTO,BINANCE,USDT,1,1,1,17.97,17.97,17.97,1,631,0,0.5,1
24/09/2022,17.97,18.19,17.54,17.6,1139374.01000000,,AVAXUSDT_daily,CRYPTO,BINANCE,USDT,1,1,1,17.6,17.6,17.6,1,632,0,0.5,1
25/09/2022,17.6,17.88,17.13,17.32,854961.36000000,,AVAXUSDT_daily,CRYPTO,BINANCE,USDT,1,1,1,17.32,17.32,17.32,1,633,0,0.5,1
26/09/2022,17.32,17.59,16.97,17.57,1339230.13000000,,AVAXUSDT_daily,CRYPTO,BINANCE,USDT,1,1,1,17.57,17.57,17.57,1,634,0,0.5,1
27/09/2022,17.57,18.5,16.99,17.3,3034663.42000000,,AVAXUSDT_daily,CRYPTO,BINANCE,USDT,1,1,1,17.3,17.3,17.3,1,635,0,0.5,1
28/09/2022,17.3,17.45,16.73,17.26,1969129.47000000,,AVAXUSDT_daily,CRYPTO,BINANCE,USDT,1,1,1,17.26,17.26,17.26,1,636,0,0.5,1
29/09/2022,17.26,17.39,16.88,17.35,1200459.71000000,,AVAXUSDT_daily,CRYPTO,BINANCE,USDT,1,1,1,17.35,17.35,17.35,1,637,0,0.5,1
30/09/2022,17.35,17.74,17.01,17.2,1992313.11000000,,AVAXUSDT_daily,CRYPTO,BINANCE,USDT,1,1,1,17.2,17.2,17.2,1,638,0,0.5,1
01/10/2022,17.21,17.3,16.86,16.95,614626.35000000,,AVAXUSDT_daily,CRYPTO,BINANCE,USDT,1,1,1,16.95,16.95,16.95,1,639,0,0.5,1
02/10/2022,16.96,17.18,16.47,16.53,1072930.57000000,,AVAXUSDT_daily,CRYPTO,BINANCE,USDT,1,1,1,16.53,16.53,16.53,1,640,0,0.5,1
03/10/2022,16.54,17.32,16.34,17.14,1488274.32000000,,AVAXUSDT_daily,CRYPTO,BINANCE,USDT,1,1,1,17.14,17.14,17.14,1,641,0,0.5,1
04/10/2022,17.15,17.55,17.07,17.44,1156113.08000000,,AVAXUSDT_daily,CRYPTO,BINANCE,USDT,1,1,1,17.44,17.44,17.44,1,642,0,0.5,1
05/10/2022,17.45,17.49,16.94,17.39,1304224.29000000,,AVAXUSDT_daily,CRYPTO,BINANCE,USDT,1,1,1,17.39,17.39,17.39,1,643,0,0.5,1
06/10/2022,17.39,17.67,16.98,17.04,1151476.36000000,,AVAXUSDT_daily,CRYPTO,BINANCE,USDT,1,1,1,17.04,17.04,17.04,1,644,0,0.5,1
07/10/2022,17.04,17.17,16.72,16.9,1022147.52000000,,AVAXUSDT_daily,CRYPTO,BINANCE,USDT,1,1,1,16.9,16.9,16.9,1,645,0,0.5,1
08/10/2022,16.9,16.99,16.62,16.79,338134.43000000,,AVAXUSDT_daily,CRYPTO,BINANCE,USDT,1,1,1,16.79,16.79,16.79,1,646,0,0.5,1
09/10/2022,16.79,16.99,16.7,16.9,412498.93000000,,AVAXUSDT_daily,CRYPTO,BINANCE,USDT,1,1,1,16.9,16.9,16.9,1,647,0,0.5,1
10/10/2022,16.9,17.24,16.17,16.21,1180161.90000000,,AVAXUSDT_daily,CRYPTO,BINANCE,USDT,1,1,1,16.21,16.21,16.21,1,648,0,0.5,1
11/10/2022,16.21,16.32,15.59,15.95,1530642.33000000,,AVAXUSDT_daily,CRYPTO,BINANCE,USDT,1,1,1,15.95,15.95,15.95,1,649,0,0.5,1
12/10/2022,15.95,16.17,15.83,15.96,695088.15000000,,AVAXUSDT_daily,CRYPTO,BINANCE,USDT,1,1,1,15.96,15.96,15.96,1,650,0,0.5,1
13/10/2022,15.95,15.99,14.42,15.66,3240864.90000000,,AVAXUSDT_daily,CRYPTO,BINANCE,USDT,1,1,1,15.66,15.66,15.66,1,651,0,0.5,1
14/10/2022,15.65,16.4,15.54,15.67,1482124.17000000,,AVAXUSDT_daily,CRYPTO,BINANCE,USDT,1,1,1,15.67,15.67,15.67,1,652,0,0.5,1
15/10/2022,15.67,15.78,15.36,15.43,578141.35000000,,AVAXUSDT_daily,CRYPTO,BINANCE,USDT,1,1,1,15.43,15.43,15.43,1,653,0,0.5,1
16/10/2022,15.42,15.88,15.41,15.75,853653.89000000,,AVAXUSDT_daily,CRYPTO,BINANCE,USDT,1,1,1,15.75,15.75,15.75,1,654,0,0.5,1
17/10/2022,15.75,16.27,15.65,16.18,1239751.09000000,,AVAXUSDT_daily,CRYPTO,BINANCE,USDT,1,1,1,16.18,16.18,16.18,1,655,0,0.5,1
18/10/2022,16.17,16.36,15.54,15.88,1504483.22000000,,AVAXUSDT_daily,CRYPTO,BINANCE,USDT,1,1,1,15.88,15.88,15.88,1,656,0,0.5,1
19/10/2022,15.87,15.92,15.01,15.06,1799942.85000000,,AVAXUSDT_daily,CRYPTO,BINANCE,USDT,1,1,1,15.06,15.06,15.06,1,657,0,0.5,1
20/10/2022,15.06,15.48,14.87,15.14,1584061.75000000,,AVAXUSDT_daily,CRYPTO,BINANCE,USDT,1,1,1,15.14,15.14,15.14,1,658,0,0.5,1
21/10/2022,15.15,15.75,14.58,15.69,1889118.85000000,,AVAXUSDT_daily,CRYPTO,BINANCE,USDT,1,1,1,15.69,15.69,15.69,1,659,0,0.5,1
22/10/2022,15.69,15.93,15.52,15.69,690851.93000000,,AVAXUSDT_daily,CRYPTO,BINANCE,USDT,1,1,1,15.69,15.69,15.69,1,660,0,0.5,1
23/10/2022,15.69,16.42,15.59,16.31,1416439.93000000,,AVAXUSDT_daily,CRYPTO,BINANCE,USDT,1,1,1,16.31,16.31,16.31,1,661,0,0.5,1
24/10/2022,16.31,16.49,15.63,15.75,1061043.20000000,,AVAXUSDT_daily,CRYPTO,BINANCE,USDT,1,1,1,15.75,15.75,15.75,1,662,0,0.5,1
25/10/2022,15.75,17.05,15.59,16.64,2100542.67000000,,AVAXUSDT_daily,CRYPTO,BINANCE,USDT,1,1,1,16.64,16.64,16.64,1,663,0,0.5,1
26/10/2022,16.63,17.34,16.63,17,2023800.42000000,,AVAXUSDT_daily,CRYPTO,BINANCE,USDT,1,1,1,17,17,17,1,664,0,0.5,1
27/10/2022,17,17.51,16.82,16.88,2138708.14000000,,AVAXUSDT_daily,CRYPTO,BINANCE,USDT,1,1,1,16.88,16.88,16.88,1,665,0,0.5,1
28/10/2022,16.89,18.4,16.73,18.33,2746152.29000000,,AVAXUSDT_daily,CRYPTO,BINANCE,USDT,1,1,1,18.33,18.33,18.33,1,666,0,0.5,1
29/10/2022,18.33,18.9,18.16,18.29,2028623.81000000,,AVAXUSDT_daily,CRYPTO,BINANCE,USDT,1,1,1,18.29,18.29,18.29,1,667,0,0.5,1
30/10/2022,18.29,18.83,17.92,18.26,1629726.62000000,,AVAXUSDT_daily,CRYPTO,BINANCE,USDT,1,1,1,18.26,18.26,18.26,1,668,0,0.5,1
31/10/2022,18.25,19.83,18.18,19.28,3179542.03000000,,AVAXUSDT_daily,CRYPTO,BINANCE,USDT,1,1,1,19.28,19.28,19.28,1,669,0,0.5,1
01/11/2022,19.28,19.53,18.57,18.62,1699673.61000000,,AVAXUSDT_daily,CRYPTO,BINANCE,USDT,1,1,1,18.62,18.62,18.62,1,670,0,0.5,1
02/11/2022,18.63,18.77,17.43,17.91,2488654.37000000,,AVAXUSDT_daily,CRYPTO,BINANCE,USDT,1,1,1,17.91,17.91,17.91,1,671,0,0.5,1
03/11/2022,17.92,18.87,17.8,18.03,1411887.43000000,,AVAXUSDT_daily,CRYPTO,BINANCE,USDT,1,1,1,18.03,18.03,18.03,1,672,0,0.5,1
04/11/2022,18.03,19.69,17.88,19.38,2208518.70000000,,AVAXUSDT_daily,CRYPTO,BINANCE,USDT,1,1,1,19.38,19.38,19.38,1,673,0,0.5,1
05/11/2022,19.39,20.63,19.18,19.61,2448681.60000000,,AVAXUSDT_daily,CRYPTO,BINANCE,USDT,1,1,1,19.61,19.61,19.61,1,674,0,0.5,1
06/11/2022,19.6,19.75,18.17,18.23,1243880.65000000,,AVAXUSDT_daily,CRYPTO,BINANCE,USDT,1,1,1,18.23,18.23,18.23,1,675,0,0.5,1
07/11/2022,18.23,18.87,17.73,18.08,1903927.05000000,,AVAXUSDT_daily,CRYPTO,BINANCE,USDT,1,1,1,18.08,18.08,18.08,1,676,0,0.5,1
08/11/2022,18.08,18.16,14.82,16.02,7033866.00000000,,AVAXUSDT_daily,CRYPTO,BINANCE,USDT,1,1,1,16.02,16.02,16.02,1,677,0,0.5,1
09/11/2022,16.02,16.16,12.03,12.91,6217665.58300000,,AVAXUSDT_daily,CRYPTO,BINANCE,USDT,1,1,1,12.91,12.91,12.91,1,678,0,0.5,1
10/11/2022,12.92,15.94,12.68,15.42,4437282.29000000,,AVAXUSDT_daily,CRYPTO,BINANCE,USDT,1,1,1,15.42,15.42,15.42,1,679,0,0.5,1
11/11/2022,15.41,15.46,13.58,14.13,3576037.51000000,,AVAXUSDT_daily,CRYPTO,BINANCE,USDT,1,1,1,14.13,14.13,14.13,1,680,0,0.5,1
12/11/2022,14.13,14.15,12.89,13.09,1559675.20000000,,AVAXUSDT_daily,CRYPTO,BINANCE,USDT,1,1,1,13.09,13.09,13.09,1,681,0,0.5,1
13/11/2022,13.1,13.36,12.7,13.02,1769291.13000000,,AVAXUSDT_daily,CRYPTO,BINANCE,USDT,1,1,1,13.02,13.02,13.02,1,682,0,0.5,1
14/11/2022,13.03,13.61,12.06,13.14,2870740.18000000,,AVAXUSDT_daily,CRYPTO,BINANCE,USDT,1,1,1,13.14,13.14,13.14,1,683,0,0.5,1
15/11/2022,13.14,14.01,13.02,13.51,1631061.03000000,,AVAXUSDT_daily,CRYPTO,BINANCE,USDT,1,1,1,13.51,13.51,13.51,1,684,0,0.5,1
16/11/2022,13.52,13.75,12.81,13.07,1270112.16000000,,AVAXUSDT_daily,CRYPTO,BINANCE,USDT,1,1,1,13.07,13.07,13.07,1,685,0,0.5,1
17/11/2022,13.07,13.36,12.64,12.87,1670047.32000000,,AVAXUSDT_daily,CRYPTO,BINANCE,USDT,1,1,1,12.87,12.87,12.87,1,686,0,0.5,1
18/11/2022,12.86,13.32,12.85,13,1339374.30000000,,AVAXUSDT_daily,CRYPTO,BINANCE,USDT,1,1,1,13,13,13,1,687,0,0.5,1
19/11/2022,13,13,12.49,12.89,699870.16000000,,AVAXUSDT_daily,CRYPTO,BINANCE,USDT,1,1,1,12.89,12.89,12.89,1,688,0,0.5,1
20/11/2022,12.9,13.14,12.07,12.19,1130084.38000000,,AVAXUSDT_daily,CRYPTO,BINANCE,USDT,1,1,1,12.19,12.19,12.19,1,689,0,0.5,1
21/11/2022,12.19,12.2,11.57,11.82,1802036.27400000,,AVAXUSDT_daily,CRYPTO,BINANCE,USDT,1,1,1,11.82,11.82,11.82,1,690,0,0.5,1
22/11/2022,11.82,12.38,11.44,12.36,2051456.21000000,,AVAXUSDT_daily,CRYPTO,BINANCE,USDT,1,1,1,12.36,12.36,12.36,1,691,0,0.5,1
23/11/2022,12.36,13.07,12.35,13.06,1871100.38000000,,AVAXUSDT_daily,CRYPTO,BINANCE,USDT,1,1,1,13.06,13.06,13.06,1,692,0,0.5,1
24/11/2022,13.07,13.4,12.75,12.95,1358354.49000000,,AVAXUSDT_daily,CRYPTO,BINANCE,USDT,1,1,1,12.95,12.95,12.95,1,693,0,0.5,1
25/11/2022,12.95,13.04,12.52,12.82,915142.46000000,,AVAXUSDT_daily,CRYPTO,BINANCE,USDT,1,1,1,12.82,12.82,12.82,1,694,0,0.5,1
26/11/2022,12.82,13.25,12.62,12.78,903394.40000000,,AVAXUSDT_daily,CRYPTO,BINANCE,USDT,1,1,1,12.78,12.78,12.78,1,695,0,0.5,1
27/11/2022,12.77,13.26,12.69,12.86,893001.06000000,,AVAXUSDT_daily,CRYPTO,BINANCE,USDT,1,1,1,12.86,12.86,12.86,1,696,0,0.5,1
28/11/2022,12.86,12.99,11.99,12.45,1800437.67000000,,AVAXUSDT_daily,CRYPTO,BINANCE,USDT,1,1,1,12.45,12.45,12.45,1,697,0,0.5,1
29/11/2022,12.46,12.72,12.28,12.47,1718397.88000000,,AVAXUSDT_daily,CRYPTO,BINANCE,USDT,1,1,1,12.47,12.47,12.47,1,698,0,0.5,1
30/11/2022,12.47,13.2,12.46,13.15,1761126.78000000,,AVAXUSDT_daily,CRYPTO,BINANCE,USDT,1,1,1,13.15,13.15,13.15,1,699,0,0.5,1
01/12/2022,13.15,13.32,12.79,12.9,1309898.35000000,,AVAXUSDT_daily,CRYPTO,BINANCE,USDT,1,1,1,12.9,12.9,12.9,1,700,0,0.5,1
02/12/2022,12.9,13.66,12.79,13.58,1771717.38000000,,AVAXUSDT_daily,CRYPTO,BINANCE,USDT,1,1,1,13.58,13.58,13.58,1,701,0,0.5,1
03/12/2022,13.59,13.9,13.28,13.4,1661995.09000000,,AVAXUSDT_daily,CRYPTO,BINANCE,USDT,1,1,1,13.4,13.4,13.4,1,702,0,0.5,1
04/12/2022,13.4,13.95,13.4,13.93,1096735.80000000,,AVAXUSDT_daily,CRYPTO,BINANCE,USDT,1,1,1,13.93,13.93,13.93,1,703,0,0.5,1
05/12/2022,13.93,14.35,13.38,13.6,1432042.28000000,,AVAXUSDT_daily,CRYPTO,BINANCE,USDT,1,1,1,13.6,13.6,13.6,1,704,0,0.5,1
06/12/2022,13.6,13.69,13.45,13.67,800288.63000000,,AVAXUSDT_daily,CRYPTO,BINANCE,USDT,1,1,1,13.67,13.67,13.67,1,705,0,0.5,1
07/12/2022,13.68,13.7,13,13.28,1097954.06000000,,AVAXUSDT_daily,CRYPTO,BINANCE,USDT,1,1,1,13.28,13.28,13.28,1,706,0,0.5,1
08/12/2022,13.28,13.55,13.06,13.42,894124.36000000,,AVAXUSDT_daily,CRYPTO,BINANCE,USDT,1,1,1,13.42,13.42,13.42,1,707,0,0.5,1
09/12/2022,13.41,13.63,13.36,13.46,726329.12000000,,AVAXUSDT_daily,CRYPTO,BINANCE,USDT,1,1,1,13.46,13.46,13.46,1,708,0,0.5,1
10/12/2022,13.46,14.06,13.34,13.49,507889.21000000,,AVAXUSDT_daily,CRYPTO,BINANCE,USDT,1,1,1,13.49,13.49,13.49,1,709,0,0.5,1
11/12/2022,13.49,13.5,12.92,12.98,611673.63000000,,AVAXUSDT_daily,CRYPTO,BINANCE,USDT,1,1,1,12.98,12.98,12.98,1,710,0,0.5,1
12/12/2022,12.98,13.06,12.52,13,1072315.11000000,,AVAXUSDT_daily,CRYPTO,BINANCE,USDT,1,1,1,13,13,13,1,711,0,0.5,1
13/12/2022,13.01,14.4,12.55,13.76,3034773.16000000,,AVAXUSDT_daily,CRYPTO,BINANCE,USDT,1,1,1,13.76,13.76,13.76,1,712,0,0.5,1
14/12/2022,13.76,14.19,13.56,13.71,1646728.29000000,,AVAXUSDT_daily,CRYPTO,BINANCE,USDT,1,1,1,13.71,13.71,13.71,1,713,0,0.5,1
15/12/2022,13.71,13.89,13.06,13.17,1230073.86000000,,AVAXUSDT_daily,CRYPTO,BINANCE,USDT,1,1,1,13.17,13.17,13.17,1,714,0,0.5,1
16/12/2022,13.17,13.29,11.59,11.84,1740839.24000000,,AVAXUSDT_daily,CRYPTO,BINANCE,USDT,1,1,1,11.84,11.84,11.84,1,715,0,0.5,1
17/12/2022,11.84,11.99,11.52,11.95,853841.63000000,,AVAXUSDT_daily,CRYPTO,BINANCE,USDT,1,1,1,11.95,11.95,11.95,1,716,0,0.5,1
18/12/2022,11.96,12.03,11.79,11.93,640622.87000000,,AVAXUSDT_daily,CRYPTO,BINANCE,USDT,1,1,1,11.93,11.93,11.93,1,717,0,0.5,1
19/12/2022,11.93,12.1,11.15,11.39,991190.79000000,,AVAXUSDT_daily,CRYPTO,BINANCE,USDT,1,1,1,11.39,11.39,11.39,1,718,0,0.5,1
20/12/2022,11.4,12.05,11.34,11.95,1211409.88000000,,AVAXUSDT_daily,CRYPTO,BINANCE,USDT,1,1,1,11.95,11.95,11.95,1,719,0,0.5,1
21/12/2022,11.95,11.98,11.62,11.71,551520.66000000,,AVAXUSDT_daily,CRYPTO,BINANCE,USDT,1,1,1,11.71,11.71,11.71,1,720,0,0.5,1
22/12/2022,11.71,11.87,11.45,11.85,624119.17000000,,AVAXUSDT_daily,CRYPTO,BINANCE,USDT,1,1,1,11.85,11.85,11.85,1,721,0,0.5,1
23/12/2022,11.85,11.89,11.67,11.79,503382.85000000,,AVAXUSDT_daily,CRYPTO,BINANCE,USDT,1,1,1,11.79,11.79,11.79,1,722,0,0.5,1
24/12/2022,11.79,11.83,11.64,11.67,345957.08000000,,AVAXUSDT_daily,CRYPTO,BINANCE,USDT,1,1,1,11.67,11.67,11.67,1,723,0,0.5,1
25/12/2022,11.68,11.74,11.51,11.68,630940.44000000,,AVAXUSDT_daily,CRYPTO,BINANCE,USDT,1,1,1,11.68,11.68,11.68,1,724,0,0.5,1
26/12/2022,11.69,11.78,11.57,11.71,656385.55000000,,AVAXUSDT_daily,CRYPTO,BINANCE,USDT,1,1,1,11.71,11.71,11.71,1,725,0,0.5,1
27/12/2022,11.72,11.8,11.53,11.64,843496.11000000,,AVAXUSDT_daily,CRYPTO,BINANCE,USDT,1,1,1,11.64,11.64,11.64,1,726,0,0.5,1
28/12/2022,11.64,11.68,11.09,11.21,964246.13000000,,AVAXUSDT_daily,CRYPTO,BINANCE,USDT,1,1,1,11.21,11.21,11.21,1,727,0,0.5,1
29/12/2022,11.22,11.22,10.61,10.98,1028379.84100000,,AVAXUSDT_daily,CRYPTO,BINANCE,USDT,1,1,1,10.98,10.98,10.98,1,728,0,0.5,1
30/12/2022,10.98,10.99,10.54,10.87,1037690.22000000,,AVAXUSDT_daily,CRYPTO,BINANCE,USDT,1,1,1,10.87,10.87,10.87,1,729,0,0.5,1
31/12/2022,10.87,11.08,10.84,10.9,444155.56000000,,AVAXUSDT_daily,CRYPTO,BINANCE,USDT,1,1,1,10.9,10.9,10.9,1,730,0,0.5,1
01/01/2023,10.9,10.94,10.64,10.87,855821.06000000,,AVAXUSDT_daily,CRYPTO,BINANCE,USDT,1,1,1,10.87,10.87,10.87,1,731,0,0.5,1
02/01/2023,10.87,11.27,10.7,11.16,989618.96000000,,AVAXUSDT_daily,CRYPTO,BINANCE,USDT,1,1,1,11.16,11.16,11.16,1,732,0,0.5,1
03/01/2023,11.16,11.56,11.06,11.38,1149421.99000000,,AVAXUSDT_daily,CRYPTO,BINANCE,USDT,1,1,1,11.38,11.38,11.38,1,733,0,0.5,1
04/01/2023,11.38,12.3,11.34,12.08,1889080.62000000,,AVAXUSDT_daily,CRYPTO,BINANCE,USDT,1,1,1,12.08,12.08,12.08,1,734,0,0.5,1
05/01/2023,12.09,12.17,11.67,11.74,1194570.76000000,,AVAXUSDT_daily,CRYPTO,BINANCE,USDT,1,1,1,11.74,11.74,11.74,1,735,0,0.5,1
06/01/2023,11.74,11.82,11.36,11.78,1216666.03000000,,AVAXUSDT_daily,CRYPTO,BINANCE,USDT,1,1,1,11.78,11.78,11.78,1,736,0,0.5,1
07/01/2023,11.79,11.87,11.65,11.75,508959.94000000,,AVAXUSDT_daily,CRYPTO,BINANCE,USDT,1,1,1,11.75,11.75,11.75,1,737,0,0.5,1
08/01/2023,11.75,12.16,11.58,12.09,981816.74000000,,AVAXUSDT_daily,CRYPTO,BINANCE,USDT,1,1,1,12.09,12.09,12.09,1,738,0,0.5,1
09/01/2023,12.09,12.65,12.08,12.19,2600007.21000000,,AVAXUSDT_daily,CRYPTO,BINANCE,USDT,1,1,1,12.19,12.19,12.19,1,739,0,0.5,1
10/01/2023,12.19,12.95,12.02,12.73,1873010.99000000,,AVAXUSDT_daily,CRYPTO,BINANCE,USDT,1,1,1,12.73,12.73,12.73,1,740,0,0.5,1
11/01/2023,12.73,16.04,12.25,15.86,9296759.42000000,,AVAXUSDT_daily,CRYPTO,BINANCE,USDT,1,1,1,15.86,15.86,15.86,1,741,0,0.5,1
12/01/2023,15.86,16.5,14.65,15.43,8264385.87000000,,AVAXUSDT_daily,CRYPTO,BINANCE,USDT,1,1,1,15.43,15.43,15.43,1,742,0,0.5,1
13/01/2023,15.44,16.6,14.95,15.96,5273534.10000000,,AVAXUSDT_daily,CRYPTO,BINANCE,USDT,1,1,1,15.96,15.96,15.96,1,743,0,0.5,1
14/01/2023,15.97,18.54,15.79,16.94,10287102.04000000,,AVAXUSDT_daily,CRYPTO,BINANCE,USDT,1,1,1,16.94,16.94,16.94,1,744,0,0.5,1
15/01/2023,16.93,17.2,16,16.8,4678970.49000000,,AVAXUSDT_daily,CRYPTO,BINANCE,USDT,1,1,1,16.8,16.8,16.8,1,745,0,0.5,1
16/01/2023,16.79,17.34,16.06,16.74,3928124.39000000,,AVAXUSDT_daily,CRYPTO,BINANCE,USDT,1,1,1,16.74,16.74,16.74,1,746,0,0.5,1
17/01/2023,16.74,18.21,16.53,17.12,4359330.19000000,,AVAXUSDT_daily,CRYPTO,BINANCE,USDT,1,1,1,17.12,17.12,17.12,1,747,0,0.5,1
18/01/2023,17.13,17.41,15.5,15.82,4109688.20000000,,AVAXUSDT_daily,CRYPTO,BINANCE,USDT,1,1,1,15.82,15.82,15.82,1,748,0,0.5,1
19/01/2023,15.81,16.3,15.7,16.19,2010163.26000000,,AVAXUSDT_daily,CRYPTO,BINANCE,USDT,1,1,1,16.19,16.19,16.19,1,749,0,0.5,1
20/01/2023,16.19,17.57,15.86,17.48,3086123.26000000,,AVAXUSDT_daily,CRYPTO,BINANCE,USDT,1,1,1,17.48,17.48,17.48,1,750,0,0.5,1
21/01/2023,17.49,17.76,16.83,16.88,3798234.96000000,,AVAXUSDT_daily,CRYPTO,BINANCE,USDT,1,1,1,16.88,16.88,16.88,1,751,0,0.5,1
22/01/2023,16.87,18.45,16.79,17.34,4196670.88000000,,AVAXUSDT_daily,CRYPTO,BINANCE,USDT,1,1,1,17.34,17.34,17.34,1,752,0,0.5,1
23/01/2023,17.34,18.32,17.21,17.97,3276110.41000000,,AVAXUSDT_daily,CRYPTO,BINANCE,USDT,1,1,1,17.97,17.97,17.97,1,753,0,0.5,1
24/01/2023,17.97,18.97,16.75,17,3499087.10000000,,AVAXUSDT_daily,CRYPTO,BINANCE,USDT,1,1,1,17,17,17,1,754,0,0.5,1
25/01/2023,16.99,18.27,16.52,17.79,2663219.54000000,,AVAXUSDT_daily,CRYPTO,BINANCE,USDT,1,1,1,17.79,17.79,17.79,1,755,0,0.5,1
26/01/2023,17.8,18.8,17.78,18.08,3441891.58000000,,AVAXUSDT_daily,CRYPTO,BINANCE,USDT,1,1,1,18.08,18.08,18.08,1,756,0,0.5,1
27/01/2023,18.09,21.67,17.45,21.2,4903029.78000000,,AVAXUSDT_daily,CRYPTO,BINANCE,USDT,1,1,1,21.2,21.2,21.2,1,757,0,0.5,1
28/01/2023,21.19,21.81,20.05,20.54,4474456.15000000,,AVAXUSDT_daily,CRYPTO,BINANCE,USDT,1,1,1,20.54,20.54,20.54,1,758,0,0.5,1
29/01/2023,20.54,21.17,20.08,20.99,2599913.75000000,,AVAXUSDT_daily,CRYPTO,BINANCE,USDT,1,1,1,20.99,20.99,20.99,1,759,0,0.5,1
30/01/2023,20.99,21.31,19.25,19.74,4917486.44000000,,AVAXUSDT_daily,CRYPTO,BINANCE,USDT,1,1,1,19.74,19.74,19.74,1,760,0,0.5,1
31/01/2023,19.73,20.19,19.31,19.8,2564633.38000000,,AVAXUSDT_daily,CRYPTO,BINANCE,USDT,1,1,1,19.8,19.8,19.8,1,761,0,0.5,1
01/02/2023,19.8,21.06,18.69,20.95,4614268.07000000,,AVAXUSDT_daily,CRYPTO,BINANCE,USDT,1,1,1,20.95,20.95,20.95,1,762,0,0.5,1
02/02/2023,20.95,22.79,20.82,21.21,6298959.25000000,,AVAXUSDT_daily,CRYPTO,BINANCE,USDT,1,1,1,21.21,21.21,21.21,1,763,0,0.5,1
03/02/2023,21.21,21.96,20.68,21.36,3283902.72000000,,AVAXUSDT_daily,CRYPTO,BINANCE,USDT,1,1,1,21.36,21.36,21.36,1,764,0,0.5,1
04/02/2023,21.35,21.69,20.84,21.04,2173964.82000000,,AVAXUSDT_daily,CRYPTO,BINANCE,USDT,1,1,1,21.04,21.04,21.04,1,765,0,0.5,1
05/02/2023,21.03,21.15,19.71,20.08,2975611.73000000,,AVAXUSDT_daily,CRYPTO,BINANCE,USDT,1,1,1,20.08,20.08,20.08,1,766,0,0.5,1
06/02/2023,20.09,20.43,19.42,19.58,1856607.05000000,,AVAXUSDT_daily,CRYPTO,BINANCE,USDT,1,1,1,19.58,19.58,19.58,1,767,0,0.5,1
07/02/2023,19.58,21,19.51,20.83,2538688.73000000,,AVAXUSDT_daily,CRYPTO,BINANCE,USDT,1,1,1,20.83,20.83,20.83,1,768,0,0.5,1
08/02/2023,20.83,21.02,19.62,20.11,1760631.93000000,,AVAXUSDT_daily,CRYPTO,BINANCE,USDT,1,1,1,20.11,20.11,20.11,1,769,0,0.5,1
09/02/2023,20.11,20.24,17.44,17.9,3124670.90000000,,AVAXUSDT_daily,CRYPTO,BINANCE,USDT,1,1,1,17.9,17.9,17.9,1,770,0,0.5,1
10/02/2023,17.9,18.24,17.49,17.79,1666736.69000000,,AVAXUSDT_daily,CRYPTO,BINANCE,USDT,1,1,1,17.79,17.79,17.79,1,771,0,0.5,1
11/02/2023,17.78,18.11,17.66,18.01,937640.27000000,,AVAXUSDT_daily,CRYPTO,BINANCE,USDT,1,1,1,18.01,18.01,18.01,1,772,0,0.5,1
12/02/2023,18.02,18.49,17.52,17.78,2661843.26000000,,AVAXUSDT_daily,CRYPTO,BINANCE,USDT,1,1,1,17.78,17.78,17.78,1,773,0,0.5,1
13/02/2023,17.78,17.86,16.84,17.63,1833234.74000000,,AVAXUSDT_daily,CRYPTO,BINANCE,USDT,1,1,1,17.63,17.63,17.63,1,774,0,0.5,1
14/02/2023,17.63,18.29,17.11,18.14,2085039.59000000,,AVAXUSDT_daily,CRYPTO,BINANCE,USDT,1,1,1,18.14,18.14,18.14,1,775,0,0.5,1
15/02/2023,18.15,19.96,17.91,19.94,2162105.31000000,,AVAXUSDT_daily,CRYPTO,BINANCE,USDT,1,1,1,19.94,19.94,19.94,1,776,0,0.5,1
16/02/2023,19.94,20.39,18.55,18.59,3100356.46000000,,AVAXUSDT_daily,CRYPTO,BINANCE,USDT,1,1,1,18.59,18.59,18.59,1,777,0,0.5,1
17/02/2023,18.59,19.65,18.48,19.45,1832312.79000000,,AVAXUSDT_daily,CRYPTO,BINANCE,USDT,1,1,1,19.45,19.45,19.45,1,778,0,0.5,1
18/02/2023,19.46,20.11,19.29,19.54,2371957.08000000,,AVAXUSDT_daily,CRYPTO,BINANCE,USDT,1,1,1,19.54,19.54,19.54,1,779,0,0.5,1
19/02/2023,19.55,20.42,19.26,19.81,2282135.36000000,,AVAXUSDT_daily,CRYPTO,BINANCE,USDT,1,1,1,19.81,19.81,19.81,1,780,0,0.5,1
20/02/2023,19.8,21.38,19.02,20.82,3948087.09000000,,AVAXUSDT_daily,CRYPTO,BINANCE,USDT,1,1,1,20.82,20.82,20.82,1,781,0,0.5,1
21/02/2023,20.82,21.66,19.9,20.98,4109262.76000000,,AVAXUSDT_daily,CRYPTO,BINANCE,USDT,1,1,1,20.98,20.98,20.98,1,782,0,0.5,1
22/02/2023,20.98,21.56,19.58,20.32,5077444.91000000,,AVAXUSDT_daily,CRYPTO,BINANCE,USDT,1,1,1,20.32,20.32,20.32,1,783,0,0.5,1
23/02/2023,20.31,20.73,19.52,19.71,2303332.47000000,,AVAXUSDT_daily,CRYPTO,BINANCE,USDT,1,1,1,19.71,19.71,19.71,1,784,0,0.5,1
24/02/2023,19.72,19.82,18.03,18.39,2530031.98000000,,AVAXUSDT_daily,CRYPTO,BINANCE,USDT,1,1,1,18.39,18.39,18.39,1,785,0,0.5,1
25/02/2023,18.39,18.62,17.44,17.94,2202952.20000000,,AVAXUSDT_daily,CRYPTO,BINANCE,USDT,1,1,1,17.94,17.94,17.94,1,786,0,0.5,1
26/02/2023,17.95,18.57,17.82,18.43,1010025.02000000,,AVAXUSDT_daily,CRYPTO,BINANCE,USDT,1,1,1,18.43,18.43,18.43,1,787,0,0.5,1
27/02/2023,18.44,18.65,17.71,17.93,1411212.86000000,,AVAXUSDT_daily,CRYPTO,BINANCE,USDT,1,1,1,17.93,17.93,17.93,1,788,0,0.5,1
28/02/2023,17.93,17.94,16.93,17.09,1522776.60000000,,AVAXUSDT_daily,CRYPTO,BINANCE,USDT,1,1,1,17.09,17.09,17.09,1,789,0,0.5,1
01/03/2023,17.1,17.83,16.98,17.77,1103389.17000000,,AVAXUSDT_daily,CRYPTO,BINANCE,USDT,1,1,1,17.77,17.77,17.77,1,790,0,0.5,1
02/03/2023,17.76,17.86,17.11,17.47,877078.59000000,,AVAXUSDT_daily,CRYPTO,BINANCE,USDT,1,1,1,17.47,17.47,17.47,1,791,0,0.5,1
03/03/2023,17.47,17.48,15.81,16.66,2000407.80000000,,AVAXUSDT_daily,CRYPTO,BINANCE,USDT,1,1,1,16.66,16.66,16.66,1,792,0,0.5,1
04/03/2023,16.66,16.9,15.74,16.14,1088928.35000000,,AVAXUSDT_daily,CRYPTO,BINANCE,USDT,1,1,1,16.14,16.14,16.14,1,793,0,0.5,1
05/03/2023,16.14,16.52,16.06,16.14,745976.87000000,,AVAXUSDT_daily,CRYPTO,BINANCE,USDT,1,1,1,16.14,16.14,16.14,1,794,0,0.5,1
06/03/2023,16.14,16.7,15.82,16.52,1348393.86000000,,AVAXUSDT_daily,CRYPTO,BINANCE,USDT,1,1,1,16.52,16.52,16.52,1,795,0,0.5,1
07/03/2023,16.51,16.73,15.85,16.17,1448118.80000000,,AVAXUSDT_daily,CRYPTO,BINANCE,USDT,1,1,1,16.17,16.17,16.17,1,796,0,0.5,1
08/03/2023,16.17,16.26,15,15.12,1623242.29000000,,AVAXUSDT_daily,CRYPTO,BINANCE,USDT,1,1,1,15.12,15.12,15.12,1,797,0,0.5,1
09/03/2023,15.11,15.69,14.2,14.41,2487752.30000000,,AVAXUSDT_daily,CRYPTO,BINANCE,USDT,1,1,1,14.41,14.41,14.41,1,798,0,0.5,1
10/03/2023,14.42,15.28,13.88,14.8,3176465.15000000,,AVAXUSDT_daily,CRYPTO,BINANCE,USDT,1,1,1,14.8,14.8,14.8,1,799,0,0.5,1
11/03/2023,14.79,15.19,13.93,14.51,2626062.79000000,,AVAXUSDT_daily,CRYPTO,BINANCE,USDT,1,1,1,14.51,14.51,14.51,1,800,0,0.5,1
12/03/2023,14.51,16.29,14.2,16.18,2935250.36000000,,AVAXUSDT_daily,CRYPTO,BINANCE,USDT,1,1,1,16.18,16.18,16.18,1,801,0,0.5,1
13/03/2023,16.17,16.78,15.45,16.47,3653015.82000000,,AVAXUSDT_daily,CRYPTO,BINANCE,USDT,1,1,1,16.47,16.47,16.47,1,802,0,0.5,1
14/03/2023,16.47,17.91,16.07,17.15,4819447.82000000,,AVAXUSDT_daily,CRYPTO,BINANCE,USDT,1,1,1,17.15,17.15,17.15,1,803,0,0.5,1
15/03/2023,17.15,17.42,15.33,15.55,3381885.34000000,,AVAXUSDT_daily,CRYPTO,BINANCE,USDT,1,1,1,15.55,15.55,15.55,1,804,0,0.5,1
16/03/2023,15.55,16.09,15.24,15.83,2101663.41000000,,AVAXUSDT_daily,CRYPTO,BINANCE,USDT,1,1,1,15.83,15.83,15.83,1,805,0,0.5,1
17/03/2023,15.83,17.77,15.63,17.64,2625807.19000000,,AVAXUSDT_daily,CRYPTO,BINANCE,USDT,1,1,1,17.64,17.64,17.64,1,806,0,0.5,1
18/03/2023,17.64,18.25,16.85,16.98,2990812.40000000,,AVAXUSDT_daily,CRYPTO,BINANCE,USDT,1,1,1,16.98,16.98,16.98,1,807,0,0.5,1
19/03/2023,16.99,18.08,16.96,17.53,1927204.31000000,,AVAXUSDT_daily,CRYPTO,BINANCE,USDT,1,1,1,17.53,17.53,17.53,1,808,0,0.5,1
20/03/2023,17.53,17.78,16.52,16.64,2421215.70000000,,AVAXUSDT_daily,CRYPTO,BINANCE,USDT,1,1,1,16.64,16.64,16.64,1,809,0,0.5,1
21/03/2023,16.64,17.55,16.33,17.44,2044599.43000000,,AVAXUSDT_daily,CRYPTO,BINANCE,USDT,1,1,1,17.44,17.44,17.44,1,810,0,0.5,1
22/03/2023,17.43,17.93,16.26,16.74,3533834.30000000,,AVAXUSDT_daily,CRYPTO,BINANCE,USDT,1,1,1,16.74,16.74,16.74,1,811,0,0.5,1
23/03/2023,16.75,17.9,16.57,17.54,2132767.64000000,,AVAXUSDT_daily,CRYPTO,BINANCE,USDT,1,1,1,17.54,17.54,17.54,1,812,0,0.5,1
24/03/2023,17.54,17.65,16.66,16.95,1168422.63000000,,AVAXUSDT_daily,CRYPTO,BINANCE,USDT,1,1,1,16.95,16.95,16.95,1,813,0,0.5,1
25/03/2023,16.96,17.15,16.38,16.89,1012240.42000000,,AVAXUSDT_daily,CRYPTO,BINANCE,USDT,1,1,1,16.89,16.89,16.89,1,814,0,0.5,1
26/03/2023,16.89,17.29,16.86,17.12,842868.94000000,,AVAXUSDT_daily,CRYPTO,BINANCE,USDT,1,1,1,17.12,17.12,17.12,1,815,0,0.5,1
27/03/2023,17.12,17.15,16,16.49,1496965.41000000,,AVAXUSDT_daily,CRYPTO,BINANCE,USDT,1,1,1,16.49,16.49,16.49,1,816,0,0.5,1
28/03/2023,16.48,16.85,16.3,16.71,1416651.25000000,,AVAXUSDT_daily,CRYPTO,BINANCE,USDT,1,1,1,16.71,16.71,16.71,1,817,0,0.5,1
29/03/2023,16.72,17.41,16.65,17.31,1647283.13000000,,AVAXUSDT_daily,CRYPTO,BINANCE,USDT,1,1,1,17.31,17.31,17.31,1,818,0,0.5,1
30/03/2023,17.32,17.57,16.91,17.23,1878919.84000000,,AVAXUSDT_daily,CRYPTO,BINANCE,USDT,1,1,1,17.23,17.23,17.23,1,819,0,0.5,1
31/03/2023,17.23,17.84,17.08,17.7,1573547.04000000,,AVAXUSDT_daily,CRYPTO,BINANCE,USDT,1,1,1,17.7,17.7,17.7,1,820,0,0.5,1
01/04/2023,17.7,17.89,17.54,17.8,864902.81000000,,AVAXUSDT_daily,CRYPTO,BINANCE,USDT,1,1,1,17.8,17.8,17.8,1,821,0,0.5,1
02/04/2023,17.79,17.85,17.06,17.25,918449.47000000,,AVAXUSDT_daily,CRYPTO,BINANCE,USDT,1,1,1,17.25,17.25,17.25,1,822,0,0.5,1
03/04/2023,17.24,17.45,16.65,17.11,1669238.44000000,,AVAXUSDT_daily,CRYPTO,BINANCE,USDT,1,1,1,17.11,17.11,17.11,1,823,0,0.5,1
04/04/2023,17.1,17.67,16.97,17.65,1290395.25000000,,AVAXUSDT_daily,CRYPTO,BINANCE,USDT,1,1,1,17.65,17.65,17.65,1,824,0,0.5,1
05/04/2023,17.65,18.38,17.44,18,2189499.57000000,,AVAXUSDT_daily,CRYPTO,BINANCE,USDT,1,1,1,18,18,18,1,825,0,0.5,1
06/04/2023,17.99,18.35,17.63,17.97,1494645.37000000,,AVAXUSDT_daily,CRYPTO,BINANCE,USDT,1,1,1,17.97,17.97,17.97,1,826,0,0.5,1
07/04/2023,17.98,18.14,17.42,17.6,1023361.07000000,,AVAXUSDT_daily,CRYPTO,BINANCE,USDT,1,1,1,17.6,17.6,17.6,1,827,0,0.5,1
08/04/2023,17.6,17.74,17.33,17.45,565313.80000000,,AVAXUSDT_daily,CRYPTO,BINANCE,USDT,1,1,1,17.45,17.45,17.45,1,828,0,0.5,1
09/04/2023,17.45,17.65,17.25,17.54,627757.54000000,,AVAXUSDT_daily,CRYPTO,BINANCE,USDT,1,1,1,17.54,17.54,17.54,1,829,0,0.5,1
10/04/2023,17.54,17.97,17.37,17.94,1022190.46000000,,AVAXUSDT_daily,CRYPTO,BINANCE,USDT,1,1,1,17.94,17.94,17.94,1,830,0,0.5,1
11/04/2023,17.93,18.62,17.87,18.14,1487121.23000000,,AVAXUSDT_daily,CRYPTO,BINANCE,USDT,1,1,1,18.14,18.14,18.14,1,831,0,0.5,1
12/04/2023,18.13,19.21,17.68,18.26,3554063.45000000,,AVAXUSDT_daily,CRYPTO,BINANCE,USDT,1,1,1,18.26,18.26,18.26,1,832,0,0.5,1
13/04/2023,18.26,19.08,18.11,18.84,2456777.92000000,,AVAXUSDT_daily,CRYPTO,BINANCE,USDT,1,1,1,18.84,18.84,18.84,1,833,0,0.5,1
14/04/2023,18.83,19.32,18.46,19.22,2348398.47000000,,AVAXUSDT_daily,CRYPTO,BINANCE,USDT,1,1,1,19.22,19.22,19.22,1,834,0,0.5,1
15/04/2023,19.22,19.52,18.99,19.07,1527045.96000000,,AVAXUSDT_daily,CRYPTO,BINANCE,USDT,1,1,1,19.07,19.07,19.07,1,835,0,0.5,1
16/04/2023,19.07,20.55,18.84,20.17,2486851.70000000,,AVAXUSDT_daily,CRYPTO,BINANCE,USDT,1,1,1,20.17,20.17,20.17,1,836,0,0.5,1
17/04/2023,20.17,21.28,19.96,20.51,4308383.80000000,,AVAXUSDT_daily,CRYPTO,BINANCE,USDT,1,1,1,20.51,20.51,20.51,1,837,0,0.5,1
18/04/2023,20.52,21.56,20.26,21.2,2400684.58000000,,AVAXUSDT_daily,CRYPTO,BINANCE,USDT,1,1,1,21.2,21.2,21.2,1,838,0,0.5,1
19/04/2023,21.2,21.22,18.55,18.98,3606353.32000000,,AVAXUSDT_daily,CRYPTO,BINANCE,USDT,1,1,1,18.98,18.98,18.98,1,839,0,0.5,1
20/04/2023,18.98,19.43,18.13,18.3,2533024.60000000,,AVAXUSDT_daily,CRYPTO,BINANCE,USDT,1,1,1,18.3,18.3,18.3,1,840,0,0.5,1
21/04/2023,18.3,18.52,16.72,16.94,2949411.14000000,,AVAXUSDT_daily,CRYPTO,BINANCE,USDT,1,1,1,16.94,16.94,16.94,1,841,0,0.5,1
22/04/2023,16.94,17.36,16.81,17.21,1163505.95000000,,AVAXUSDT_daily,CRYPTO,BINANCE,USDT,1,1,1,17.21,17.21,17.21,1,842,0,0.5,1
23/04/2023,17.22,17.25,16.49,16.84,1071665.53000000,,AVAXUSDT_daily,CRYPTO,BINANCE,USDT,1,1,1,16.84,16.84,16.84,1,843,0,0.5,1
24/04/2023,16.85,17.26,16.54,16.92,1229193.95000000,,AVAXUSDT_daily,CRYPTO,BINANCE,USDT,1,1,1,16.92,16.92,16.92,1,844,0,0.5,1
25/04/2023,16.93,17.77,16.75,17.63,1680320.99000000,,AVAXUSDT_daily,CRYPTO,BINANCE,USDT,1,1,1,17.63,17.63,17.63,1,845,0,0.5,1
26/04/2023,17.62,18.24,16.27,17.18,2820375.37000000,,AVAXUSDT_daily,CRYPTO,BINANCE,USDT,1,1,1,17.18,17.18,17.18,1,846,0,0.5,1
27/04/2023,17.18,17.93,17.11,17.72,1574922.98000000,,AVAXUSDT_daily,CRYPTO,BINANCE,USDT,1,1,1,17.72,17.72,17.72,1,847,0,0.5,1
28/04/2023,17.72,17.81,17.21,17.55,915809.55000000,,AVAXUSDT_daily,CRYPTO,BINANCE,USDT,1,1,1,17.55,17.55,17.55,1,848,0,0.5,1
29/04/2023,17.56,17.72,17.33,17.49,596818.68000000,,AVAXUSDT_daily,CRYPTO,BINANCE,USDT,1,1,1,17.49,17.49,17.49,1,849,0,0.5,1
30/04/2023,17.49,17.85,17.07,17.1,893876.28000000,,AVAXUSDT_daily,CRYPTO,BINANCE,USDT,1,1,1,17.1,17.1,17.1,1,850,0,0.5,1
01/05/2023,17.1,17.21,16.51,16.65,1160711.97000000,,AVAXUSDT_daily,CRYPTO,BINANCE,USDT,1,1,1,16.65,16.65,16.65,1,851,0,0.5,1
02/05/2023,16.64,16.97,16.49,16.84,781092.70000000,,AVAXUSDT_daily,CRYPTO,BINANCE,USDT,1,1,1,16.84,16.84,16.84,1,852,0,0.5,1
03/05/2023,16.84,17.37,16.39,17.21,1404905.59000000,,AVAXUSDT_daily,CRYPTO,BINANCE,USDT,1,1,1,17.21,17.21,17.21,1,853,0,0.5,1
04/05/2023,17.22,17.27,16.78,16.93,913527.62000000,,AVAXUSDT_daily,CRYPTO,BINANCE,USDT,1,1,1,16.93,16.93,16.93,1,854,0,0.5,1
05/05/2023,16.93,17.73,16.73,17.38,1637028.01000000,,AVAXUSDT_daily,CRYPTO,BINANCE,USDT,1,1,1,17.38,17.38,17.38,1,855,0,0.5,1
06/05/2023,17.38,17.51,16.43,16.58,1231115.03000000,,AVAXUSDT_daily,CRYPTO,BINANCE,USDT,1,1,1,16.58,16.58,16.58,1,856,0,0.5,1
07/05/2023,16.58,16.73,16.31,16.41,783994.90000000,,AVAXUSDT_daily,CRYPTO,BINANCE,USDT,1,1,1,16.41,16.41,16.41,1,857,0,0.5,1
08/05/2023,16.41,16.5,14.8,15.42,2627129.13000000,,AVAXUSDT_daily,CRYPTO,BINANCE,USDT,1,1,1,15.42,15.42,15.42,1,858,0,0.5,1
09/05/2023,15.42,15.58,15.21,15.31,965502.37000000,,AVAXUSDT_daily,CRYPTO,BINANCE,USDT,1,1,1,15.31,15.31,15.31,1,859,0,0.5,1
10/05/2023,15.32,15.74,14.66,15.52,2652746.29000000,,AVAXUSDT_daily,CRYPTO,BINANCE,USDT,1,1,1,15.52,15.52,15.52,1,860,0,0.5,1
11/05/2023,15.52,15.53,14.76,14.95,1333686.77000000,,AVAXUSDT_daily,CRYPTO,BINANCE,USDT,1,1,1,14.95,14.95,14.95,1,861,0,0.5,1
12/05/2023,14.96,15.22,14.52,15.19,1520092.84000000,,AVAXUSDT_daily,CRYPTO,BINANCE,USDT,1,1,1,15.19,15.19,15.19,1,862,0,0.5,1
13/05/2023,15.19,15.21,14.9,14.91,588938.52000000,,AVAXUSDT_daily,CRYPTO,BINANCE,USDT,1,1,1,14.91,14.91,14.91,1,863,0,0.5,1
14/05/2023,14.91,15.14,14.79,15.03,651517.07000000,,AVAXUSDT_daily,CRYPTO,BINANCE,USDT,1,1,1,15.03,15.03,15.03,1,864,0,0.5,1
15/05/2023,15.02,15.35,14.8,15.08,1309248.51000000,,AVAXUSDT_daily,CRYPTO,BINANCE,USDT,1,1,1,15.08,15.08,15.08,1,865,0,0.5,1
16/05/2023,15.08,15.16,14.73,14.9,1044669.55000000,,AVAXUSDT_daily,CRYPTO,BINANCE,USDT,1,1,1,14.9,14.9,14.9,1,866,0,0.5,1
17/05/2023,14.91,15.3,14.61,15.17,1366340.39000000,,AVAXUSDT_daily,CRYPTO,BINANCE,USDT,1,1,1,15.17,15.17,15.17,1,867,0,0.5,1
18/05/2023,15.18,15.19,14.42,14.68,1392832.43000000,,AVAXUSDT_daily,CRYPTO,BINANCE,USDT,1,1,1,14.68,14.68,14.68,1,868,0,0.5,1
19/05/2023,14.68,14.84,14.56,14.68,850528.60000000,,AVAXUSDT_daily,CRYPTO,BINANCE,USDT,1,1,1,14.68,14.68,14.68,1,869,0,0.5,1
20/05/2023,14.68,14.71,14.53,14.63,449868.14000000,,AVAXUSDT_daily,CRYPTO,BINANCE,USDT,1,1,1,14.63,14.63,14.63,1,870,0,0.5,1
21/05/2023,14.63,14.7,14.17,14.31,799580.25000000,,AVAXUSDT_daily,CRYPTO,BINANCE,USDT,1,1,1,14.31,14.31,14.31,1,871,0,0.5,1
22/05/2023,14.31,14.79,14.08,14.68,1338597.29000000,,AVAXUSDT_daily,CRYPTO,BINANCE,USDT,1,1,1,14.68,14.68,14.68,1,872,0,0.5,1
23/05/2023,14.68,14.97,14.6,14.71,1082049.27000000,,AVAXUSDT_daily,CRYPTO,BINANCE,USDT,1,1,1,14.71,14.71,14.71,1,873,0,0.5,1
24/05/2023,14.71,14.72,14,14.14,1527725.49000000,,AVAXUSDT_daily,CRYPTO,BINANCE,USDT,1,1,1,14.14,14.14,14.14,1,874,0,0.5,1
25/05/2023,14.14,14.25,13.71,14.08,1411087.75000000,,AVAXUSDT_daily,CRYPTO,BINANCE,USDT,1,1,1,14.08,14.08,14.08,1,875,0,0.5,1
26/05/2023,14.08,14.39,13.96,14.33,1159336.18000000,,AVAXUSDT_daily,CRYPTO,BINANCE,USDT,1,1,1,14.33,14.33,14.33,1,876,0,0.5,1
27/05/2023,14.33,14.62,14.26,14.56,866210.61000000,,AVAXUSDT_daily,CRYPTO,BINANCE,USDT,1,1,1,14.56,14.56,14.56,1,877,0,0.5,1
28/05/2023,14.56,15.06,14.24,14.89,1663810.90000000,,AVAXUSDT_daily,CRYPTO,BINANCE,USDT,1,1,1,14.89,14.89,14.89,1,878,0,0.5,1
29/05/2023,14.9,14.98,14.35,14.48,1345784.55000000,,AVAXUSDT_daily,CRYPTO,BINANCE,USDT,1,1,1,14.48,14.48,14.48,1,879,0,0.5,1
30/05/2023,14.48,14.73,14.37,14.45,1193651.11000000,,AVAXUSDT_daily,CRYPTO,BINANCE,USDT,1,1,1,14.45,14.45,14.45,1,880,0,0.5,1
31/05/2023,14.44,14.46,13.96,14.11,1145769.56000000,,AVAXUSDT_daily,CRYPTO,BINANCE,USDT,1,1,1,14.11,14.11,14.11,1,881,0,0.5,1
01/06/2023,14.1,14.3,13.83,14.09,1037684.09000000,,AVAXUSDT_daily,CRYPTO,BINANCE,USDT,1,1,1,14.09,14.09,14.09,1,882,0,0.5,1
02/06/2023,14.09,14.57,13.96,14.49,1166756.42000000,,AVAXUSDT_daily,CRYPTO,BINANCE,USDT,1,1,1,14.49,14.49,14.49,1,883,0,0.5,1
03/06/2023,14.49,14.6,14.39,14.58,728715.16000000,,AVAXUSDT_daily,CRYPTO,BINANCE,USDT,1,1,1,14.58,14.58,14.58,1,884,0,0.5,1
04/06/2023,14.57,14.93,14.52,14.79,1070607.70000000,,AVAXUSDT_daily,CRYPTO,BINANCE,USDT,1,1,1,14.79,14.79,14.79,1,885,0,0.5,1
05/06/2023,14.79,14.9,13.48,13.87,2829208.26000000,,AVAXUSDT_daily,CRYPTO,BINANCE,USDT,1,1,1,13.87,13.87,13.87,1,886,0,0.5,1
06/06/2023,13.87,14.67,13.81,14.62,1992149.85000000,,AVAXUSDT_daily,CRYPTO,BINANCE,USDT,1,1,1,14.62,14.62,14.62,1,887,0,0.5,1
07/06/2023,14.63,14.7,13.95,14.02,1702244.40000000,,AVAXUSDT_daily,CRYPTO,BINANCE,USDT,1,1,1,14.02,14.02,14.02,1,888,0,0.5,1
08/06/2023,14.01,14.11,13.79,13.93,920454.95000000,,AVAXUSDT_daily,CRYPTO,BINANCE,USDT,1,1,1,13.93,13.93,13.93,1,889,0,0.5,1
09/06/2023,13.93,14.25,13.7,13.75,1330825.25000000,,AVAXUSDT_daily,CRYPTO,BINANCE,USDT,1,1,1,13.75,13.75,13.75,1,890,0,0.5,1
10/06/2023,13.76,13.76,10,11.65,7634205.66300000,,AVAXUSDT_daily,CRYPTO,BINANCE,USDT,1,1,1,11.65,11.65,11.65,1,891,0,0.5,1
11/06/2023,11.65,11.81,11.44,11.58,1692031.53000000,,AVAXUSDT_daily,CRYPTO,BINANCE,USDT,1,1,1,11.58,11.58,11.58,1,892,0,0.5,1
12/06/2023,11.58,11.61,11.16,11.52,1987087.75000000,,AVAXUSDT_daily,CRYPTO,BINANCE,USDT,1,1,1,11.52,11.52,11.52,1,893,0,0.5,1
13/06/2023,11.52,12.08,11.43,11.8,1946941.54000000,,AVAXUSDT_daily,CRYPTO,BINANCE,USDT,1,1,1,11.8,11.8,11.8,1,894,0,0.5,1
14/06/2023,11.8,11.96,11.16,11.38,2059036.04000000,,AVAXUSDT_daily,CRYPTO,BINANCE,USDT,1,1,1,11.38,11.38,11.38,1,895,0,0.5,1
15/06/2023,11.39,11.57,11.02,11.41,2323911.70000000,,AVAXUSDT_daily,CRYPTO,BINANCE,USDT,1,1,1,11.41,11.41,11.41,1,896,0,0.5,1
16/06/2023,11.4,11.73,11.22,11.55,1210256.45000000,,AVAXUSDT_daily,CRYPTO,BINANCE,USDT,1,1,1,11.55,11.55,11.55,1,897,0,0.5,1
17/06/2023,11.54,11.85,11.47,11.62,1144774.10000000,,AVAXUSDT_daily,CRYPTO,BINANCE,USDT,1,1,1,11.62,11.62,11.62,1,898,0,0.5,1
18/06/2023,11.63,11.63,11.25,11.34,1329941.71000000,,AVAXUSDT_daily,CRYPTO,BINANCE,USDT,1,1,1,11.34,11.34,11.34,1,899,0,0.5,1
19/06/2023,11.34,11.52,11.17,11.47,1123434.72000000,,AVAXUSDT_daily,CRYPTO,BINANCE,USDT,1,1,1,11.47,11.47,11.47,1,900,0,0.5,1
20/06/2023,11.48,12.13,11.17,12.12,1626750.24000000,,AVAXUSDT_daily,CRYPTO,BINANCE,USDT,1,1,1,12.12,12.12,12.12,1,901,0,0.5,1
21/06/2023,12.12,13.04,12.06,12.9,2738855.15000000,,AVAXUSDT_daily,CRYPTO,BINANCE,USDT,1,1,1,12.9,12.9,12.9,1,902,0,0.5,1
22/06/2023,12.9,13.24,12.58,12.65,2240979.03000000,,AVAXUSDT_daily,CRYPTO,BINANCE,USDT,1,1,1,12.65,12.65,12.65,1,903,0,0.5,1
23/06/2023,12.66,13.51,12.62,13.29,2283130.73000000,,AVAXUSDT_daily,CRYPTO,BINANCE,USDT,1,1,1,13.29,13.29,13.29,1,904,0,0.5,1
24/06/2023,13.28,13.4,12.73,13.01,1396657.31000000,,AVAXUSDT_daily,CRYPTO,BINANCE,USDT,1,1,1,13.01,13.01,13.01,1,905,0,0.5,1
25/06/2023,13.01,13.68,12.97,13.44,1464082.61000000,,AVAXUSDT_daily,CRYPTO,BINANCE,USDT,1,1,1,13.44,13.44,13.44,1,906,0,0.5,1
26/06/2023,13.44,13.69,12.96,13.15,2115880.03000000,,AVAXUSDT_daily,CRYPTO,BINANCE,USDT,1,1,1,13.15,13.15,13.15,1,907,0,0.5,1
27/06/2023,13.15,13.47,13.09,13.2,1323233.27000000,,AVAXUSDT_daily,CRYPTO,BINANCE,USDT,1,1,1,13.2,13.2,13.2,1,908,0,0.5,1
28/06/2023,13.2,13.21,12.08,12.34,2629569.82000000,,AVAXUSDT_daily,CRYPTO,BINANCE,USDT,1,1,1,12.34,12.34,12.34,1,909,0,0.5,1
29/06/2023,12.34,12.96,12.27,12.67,1769980.72000000,,AVAXUSDT_daily,CRYPTO,BINANCE,USDT,1,1,1,12.67,12.67,12.67,1,910,0,0.5,1
30/06/2023,12.68,13.34,12.12,13.03,3869609.02000000,,AVAXUSDT_daily,CRYPTO,BINANCE,USDT,1,1,1,13.03,13.03,13.03,1,911,0,0.5,1
01/07/2023,13.03,13.16,12.83,12.99,1571688.38000000,,AVAXUSDT_daily,CRYPTO,BINANCE,USDT,1,1,1,12.99,12.99,12.99,1,912,0,0.5,1
02/07/2023,13,13.22,12.71,13.13,2019538.49000000,,AVAXUSDT_daily,CRYPTO,BINANCE,USDT,1,1,1,13.13,13.13,13.13,1,913,0,0.5,1
03/07/2023,13.13,13.49,13.07,13.25,2397430.98000000,,AVAXUSDT_daily,CRYPTO,BINANCE,USDT,1,1,1,13.25,13.25,13.25,1,914,0,0.5,1
04/07/2023,13.25,13.4,13,13.04,2120178.89000000,,AVAXUSDT_daily,CRYPTO,BINANCE,USDT,1,1,1,13.04,13.04,13.04,1,915,0,0.5,1
05/07/2023,13.04,13.16,12.5,12.67,1996286.11000000,,AVAXUSDT_daily,CRYPTO,BINANCE,USDT,1,1,1,12.67,12.67,12.67,1,916,0,0.5,1
06/07/2023,12.67,13.12,12.24,12.37,2295716.98000000,,AVAXUSDT_daily,CRYPTO,BINANCE,USDT,1,1,1,12.37,12.37,12.37,1,917,0,0.5,1
07/07/2023,12.37,12.75,12.25,12.74,1501124.31000000,,AVAXUSDT_daily,CRYPTO,BINANCE,USDT,1,1,1,12.74,12.74,12.74,1,918,0,0.5,1
08/07/2023,12.74,13.89,12.72,13.64,4132298.80000000,,AVAXUSDT_daily,CRYPTO,BINANCE,USDT,1,1,1,13.64,13.64,13.64,1,919,0,0.5,1
09/07/2023,13.64,14.21,13.57,13.58,2882299.75000000,,AVAXUSDT_daily,CRYPTO,BINANCE,USDT,1,1,1,13.58,13.58,13.58,1,920,0,0.5,1
10/07/2023,13.58,13.85,13.16,13.39,2544390.52000000,,AVAXUSDT_daily,CRYPTO,BINANCE,USDT,1,1,1,13.39,13.39,13.39,1,921,0,0.5,1
11/07/2023,13.38,13.69,13.15,13.27,2000014.47000000,,AVAXUSDT_daily,CRYPTO,BINANCE,USDT,1,1,1,13.27,13.27,13.27,1,922,0,0.5,1
12/07/2023,13.26,13.38,12.85,13.01,1755979.45000000,,AVAXUSDT_daily,CRYPTO,BINANCE,USDT,1,1,1,13.01,13.01,13.01,1,923,0,0.5,1
13/07/2023,13.01,14.2,12.89,14.11,4270359.34000000,,AVAXUSDT_daily,CRYPTO,BINANCE,USDT,1,1,1,14.11,14.11,14.11,1,924,0,0.5,1
14/07/2023,14.11,15.97,14.02,14.64,8887780.00000000,,AVAXUSDT_daily,CRYPTO,BINANCE,USDT,1,1,1,14.64,14.64,14.64,1,925,0,0.5,1
15/07/2023,14.63,15.35,14.41,14.84,2332639.50000000,,AVAXUSDT_daily,CRYPTO,BINANCE,USDT,1,1,1,14.84,14.84,14.84,1,926,0,0.5,1
16/07/2023,14.84,14.93,14.16,14.29,1645509.68000000,,AVAXUSDT_daily,CRYPTO,BINANCE,USDT,1,1,1,14.29,14.29,14.29,1,927,0,0.5,1
17/07/2023,14.29,14.62,13.8,14.4,1862297.69000000,,AVAXUSDT_daily,CRYPTO,BINANCE,USDT,1,1,1,14.4,14.4,14.4,1,928,0,0.5,1
18/07/2023,14.4,14.59,13.61,13.8,1504811.26000000,,AVAXUSDT_daily,CRYPTO,BINANCE,USDT,1,1,1,13.8,13.8,13.8,1,929,0,0.5,1
19/07/2023,13.8,14.27,13.76,13.99,1249131.35000000,,AVAXUSDT_daily,CRYPTO,BINANCE,USDT,1,1,1,13.99,13.99,13.99,1,930,0,0.5,1
20/07/2023,13.99,14.42,13.68,13.88,1776280.27000000,,AVAXUSDT_daily,CRYPTO,BINANCE,USDT,1,1,1,13.88,13.88,13.88,1,931,0,0.5,1
21/07/2023,13.87,14.07,13.72,13.98,920020.15000000,,AVAXUSDT_daily,CRYPTO,BINANCE,USDT,1,1,1,13.98,13.98,13.98,1,932,0,0.5,1
22/07/2023,13.98,14.05,13.29,13.53,911581.17000000,,AVAXUSDT_daily,CRYPTO,BINANCE,USDT,1,1,1,13.53,13.53,13.53,1,933,0,0.5,1
23/07/2023,13.52,13.75,13.39,13.54,798875.26000000,,AVAXUSDT_daily,CRYPTO,BINANCE,USDT,1,1,1,13.54,13.54,13.54,1,934,0,0.5,1
24/07/2023,13.54,13.6,12.77,13.11,1501733.40000000,,AVAXUSDT_daily,CRYPTO,BINANCE,USDT,1,1,1,13.11,13.11,13.11,1,935,0,0.5,1
25/07/2023,13.11,13.55,13.04,13.33,1578349.70000000,,AVAXUSDT_daily,CRYPTO,BINANCE,USDT,1,1,1,13.33,13.33,13.33,1,936,0,0.5,1
26/07/2023,13.34,13.47,13.08,13.27,1381301.05000000,,AVAXUSDT_daily,CRYPTO,BINANCE,USDT,1,1,1,13.27,13.27,13.27,1,937,0,0.5,1
27/07/2023,13.27,13.43,13.02,13.15,898069.06000000,,AVAXUSDT_daily,CRYPTO,BINANCE,USDT,1,1,1,13.15,13.15,13.15,1,938,0,0.5,1
28/07/2023,13.15,13.3,13.01,13.22,669907.99000000,,AVAXUSDT_daily,CRYPTO,BINANCE,USDT,1,1,1,13.22,13.22,13.22,1,939,0,0.5,1
29/07/2023,13.23,13.3,13.15,13.23,306523.52000000,,AVAXUSDT_daily,CRYPTO,BINANCE,USDT,1,1,1,13.23,13.23,13.23,1,940,0,0.5,1
30/07/2023,13.24,13.41,12.92,13.12,898388.07000000,,AVAXUSDT_daily,CRYPTO,BINANCE,USDT,1,1,1,13.12,13.12,13.12,1,941,0,0.5,1
31/07/2023,13.12,13.42,12.69,12.82,1110757.24000000,,AVAXUSDT_daily,CRYPTO,BINANCE,USDT,1,1,1,12.82,12.82,12.82,1,942,0,0.5,1
01/08/2023,12.81,12.9,12.4,12.89,1385072.75000000,,AVAXUSDT_daily,CRYPTO,BINANCE,USDT,1,1,1,12.89,12.89,12.89,1,943,0,0.5,1
02/08/2023,12.89,12.96,12.42,12.55,1017575.22000000,,AVAXUSDT_daily,CRYPTO,BINANCE,USDT,1,1,1,12.55,12.55,12.55,1,944,0,0.5,1
03/08/2023,12.54,12.64,12.36,12.44,956470.45000000,,AVAXUSDT_daily,CRYPTO,BINANCE,USDT,1,1,1,12.44,12.44,12.44,1,945,0,0.5,1
04/08/2023,12.45,12.61,12.25,12.41,699345.21000000,,AVAXUSDT_daily,CRYPTO,BINANCE,USDT,1,1,1,12.41,12.41,12.41,1,946,0,0.5,1
05/08/2023,12.41,12.45,12.29,12.45,412492.25000000,,AVAXUSDT_daily,CRYPTO,BINANCE,USDT,1,1,1,12.45,12.45,12.45,1,947,0,0.5,1
06/08/2023,12.45,12.67,12.42,12.59,562034.72000000,,AVAXUSDT_daily,CRYPTO,BINANCE,USDT,1,1,1,12.59,12.59,12.59,1,948,0,0.5,1
07/08/2023,12.6,12.77,12.2,12.47,1011365.55000000,,AVAXUSDT_daily,CRYPTO,BINANCE,USDT,1,1,1,12.47,12.47,12.47,1,949,0,0.5,1
08/08/2023,12.46,12.81,12.38,12.68,1262794.87000000,,AVAXUSDT_daily,CRYPTO,BINANCE,USDT,1,1,1,12.68,12.68,12.68,1,950,0,0.5,1
09/08/2023,12.69,12.81,12.5,12.62,824323.31000000,,AVAXUSDT_daily,CRYPTO,BINANCE,USDT,1,1,1,12.62,12.62,12.62,1,951,0,0.5,1
10/08/2023,12.63,12.67,12.47,12.48,902127.87000000,,AVAXUSDT_daily,CRYPTO,BINANCE,USDT,1,1,1,12.48,12.48,12.48,1,952,0,0.5,1
11/08/2023,12.49,12.55,12.35,12.44,499834.93000000,,AVAXUSDT_daily,CRYPTO,BINANCE,USDT,1,1,1,12.44,12.44,12.44,1,953,0,0.5,1
12/08/2023,12.44,12.49,12.35,12.39,316232.47000000,,AVAXUSDT_daily,CRYPTO,BINANCE,USDT,1,1,1,12.39,12.39,12.39,1,954,0,0.5,1
13/08/2023,12.4,12.43,12.2,12.27,504796.73000000,,AVAXUSDT_daily,CRYPTO,BINANCE,USDT,1,1,1,12.27,12.27,12.27,1,955,0,0.5,1
14/08/2023,12.27,12.46,12.15,12.37,698660.88000000,,AVAXUSDT_daily,CRYPTO,BINANCE,USDT,1,1,1,12.37,12.37,12.37,1,956,0,0.5,1
15/08/2023,12.37,12.38,11.29,11.83,1220493.22000000,,AVAXUSDT_daily,CRYPTO,BINANCE,USDT,1,1,1,11.83,11.83,11.83,1,957,0,0.5,1
16/08/2023,11.83,11.87,11.07,11.38,1453581.04000000,,AVAXUSDT_daily,CRYPTO,BINANCE,USDT,1,1,1,11.38,11.38,11.38,1,958,0,0.5,1
17/08/2023,11.39,11.51,9.99,10.57,2153968.62000000,,AVAXUSDT_daily,CRYPTO,BINANCE,USDT,1,1,1,10.57,10.57,10.57,1,959,0,0.5,1
18/08/2023,10.58,11,10.53,10.81,1456015.19000000,,AVAXUSDT_daily,CRYPTO,BINANCE,USDT,1,1,1,10.81,10.81,10.81,1,960,0,0.5,1
19/08/2023,10.8,10.89,10.56,10.81,867573.99000000,,AVAXUSDT_daily,CRYPTO,BINANCE,USDT,1,1,1,10.81,10.81,10.81,1,961,0,0.5,1
20/08/2023,10.81,10.93,10.74,10.86,444700.39000000,,AVAXUSDT_daily,CRYPTO,BINANCE,USDT,1,1,1,10.86,10.86,10.86,1,962,0,0.5,1
21/08/2023,10.87,10.87,10.15,10.36,1327961.76000000,,AVAXUSDT_daily,CRYPTO,BINANCE,USDT,1,1,1,10.36,10.36,10.36,1,963,0,0.5,1
22/08/2023,10.36,10.38,9.71,10.15,1950280.84000000,,AVAXUSDT_daily,CRYPTO,BINANCE,USDT,1,1,1,10.15,10.15,10.15,1,964,0,0.5,1
23/08/2023,10.15,10.47,10.06,10.33,1041985.33000000,,AVAXUSDT_daily,CRYPTO,BINANCE,USDT,1,1,1,10.33,10.33,10.33,1,965,0,0.5,1
24/08/2023,10.34,10.36,9.98,10.12,907479.29000000,,AVAXUSDT_daily,CRYPTO,BINANCE,USDT,1,1,1,10.12,10.12,10.12,1,966,0,0.5,1
25/08/2023,10.12,10.13,9.89,10.04,1276333.67000000,,AVAXUSDT_daily,CRYPTO,BINANCE,USDT,1,1,1,10.04,10.04,10.04,1,967,0,0.5,1
26/08/2023,10.05,10.13,10.01,10.09,400362.23000000,,AVAXUSDT_daily,CRYPTO,BINANCE,USDT,1,1,1,10.09,10.09,10.09,1,968,0,0.5,1
27/08/2023,10.1,10.28,10.07,10.2,542549.14000000,,AVAXUSDT_daily,CRYPTO,BINANCE,USDT,1,1,1,10.2,10.2,10.2,1,969,0,0.5,1
28/08/2023,10.21,10.45,9.91,10.37,1100627.11000000,,AVAXUSDT_daily,CRYPTO,BINANCE,USDT,1,1,1,10.37,10.37,10.37,1,970,0,0.5,1
29/08/2023,10.37,11.21,10.33,10.81,2530985.01000000,,AVAXUSDT_daily,CRYPTO,BINANCE,USDT,1,1,1,10.81,10.81,10.81,1,971,0,0.5,1
30/08/2023,10.81,10.83,10.33,10.41,1031201.84000000,,AVAXUSDT_daily,CRYPTO,BINANCE,USDT,1,1,1,10.41,10.41,10.41,1,972,0,0.5,1
31/08/2023,10.4,10.55,9.82,9.98,1826854.02000000,,AVAXUSDT_daily,CRYPTO,BINANCE,USDT,1,1,1,9.98,9.98,9.98,1,973,0,0.5,1
01/09/2023,9.98,10.07,9.75,9.92,947344.83000000,,AVAXUSDT_daily,CRYPTO,BINANCE,USDT,1,1,1,9.92,9.92,9.92,1,974,0,0.5,1
02/09/2023,9.92,9.97,9.76,9.92,504146.54000000,,AVAXUSDT_daily,CRYPTO,BINANCE,USDT,1,1,1,9.92,9.92,9.92,1,975,0,0.5,1
03/09/2023,9.92,9.99,9.83,9.88,412221.11000000,,AVAXUSDT_daily,CRYPTO,BINANCE,USDT,1,1,1,9.88,9.88,9.88,1,976,0,0.5,1
04/09/2023,9.88,10.05,9.68,9.81,769303.74000000,,AVAXUSDT_daily,CRYPTO,BINANCE,USDT,1,1,1,9.81,9.81,9.81,1,977,0,0.5,1
05/09/2023,9.81,9.97,9.65,9.91,726190.80000000,,AVAXUSDT_daily,CRYPTO,BINANCE,USDT,1,1,1,9.91,9.91,9.91,1,978,0,0.5,1
06/09/2023,9.91,10.05,9.76,9.95,806313.46000000,,AVAXUSDT_daily,CRYPTO,BINANCE,USDT,1,1,1,9.95,9.95,9.95,1,979,0,0.5,1
07/09/2023,9.94,10.14,9.83,10.1,675529.11000000,,AVAXUSDT_daily,CRYPTO,BINANCE,USDT,1,1,1,10.1,10.1,10.1,1,980,0,0.5,1
08/09/2023,10.09,10.15,9.84,9.93,689024.96000000,,AVAXUSDT_daily,CRYPTO,BINANCE,USDT,1,1,1,9.93,9.93,9.93,1,981,0,0.5,1
09/09/2023,9.92,9.93,9.83,9.84,320699.91000000,,AVAXUSDT_daily,CRYPTO,BINANCE,USDT,1,1,1,9.84,9.84,9.84,1,982,0,0.5,1
10/09/2023,9.83,9.84,9.22,9.47,1644037.72000000,,AVAXUSDT_daily,CRYPTO,BINANCE,USDT,1,1,1,9.47,9.47,9.47,1,983,0,0.5,1
11/09/2023,9.46,9.51,9.05,9.23,1436614.67000000,,AVAXUSDT_daily,CRYPTO,BINANCE,USDT,1,1,1,9.23,9.23,9.23,1,984,0,0.5,1
12/09/2023,9.24,9.6,9.19,9.22,1493579.60000000,,AVAXUSDT_daily,CRYPTO,BINANCE,USDT,1,1,1,9.22,9.22,9.22,1,985,0,0.5,1
13/09/2023,9.22,9.46,9.1,9.29,1166588.89000000,,AVAXUSDT_daily,CRYPTO,BINANCE,USDT,1,1,1,9.29,9.29,9.29,1,986,0,0.5,1
14/09/2023,9.29,9.48,9.25,9.4,846740.43000000,,AVAXUSDT_daily,CRYPTO,BINANCE,USDT,1,1,1,9.4,9.4,9.4,1,987,0,0.5,1
15/09/2023,9.4,9.52,9.18,9.43,1025374.07000000,,AVAXUSDT_daily,CRYPTO,BINANCE,USDT,1,1,1,9.43,9.43,9.43,1,988,0,0.5,1
16/09/2023,9.42,9.61,9.36,9.38,874568.63000000,,AVAXUSDT_daily,CRYPTO,BINANCE,USDT,1,1,1,9.38,9.38,9.38,1,989,0,0.5,1
17/09/2023,9.38,9.38,9,9.1,1030936.69000000,,AVAXUSDT_daily,CRYPTO,BINANCE,USDT,1,1,1,9.1,9.1,9.1,1,990,0,0.5,1
18/09/2023,9.09,9.31,8.81,9.11,1649478.75000000,,AVAXUSDT_daily,CRYPTO,BINANCE,USDT,1,1,1,9.11,9.11,9.11,1,991,0,0.5,1
19/09/2023,9.11,9.31,9.04,9.21,1104724.32000000,,AVAXUSDT_daily,CRYPTO,BINANCE,USDT,1,1,1,9.21,9.21,9.21,1,992,0,0.5,1
20/09/2023,9.21,9.24,8.86,9.05,1653192.29000000,,AVAXUSDT_daily,CRYPTO,BINANCE,USDT,1,1,1,9.05,9.05,9.05,1,993,0,0.5,1
21/09/2023,9.05,9.11,8.77,8.83,1429451.17000000,,AVAXUSDT_daily,CRYPTO,BINANCE,USDT,1,1,1,8.83,8.83,8.83,1,994,0,0.5,1
22/09/2023,8.82,8.92,8.72,8.87,897556.95000000,,AVAXUSDT_daily,CRYPTO,BINANCE,USDT,1,1,1,8.87,8.87,8.87,1,995,0,0.5,1
23/09/2023,8.86,8.99,8.83,8.9,639062.46000000,,AVAXUSDT_daily,CRYPTO,BINANCE,USDT,1,1,1,8.9,8.9,8.9,1,996,0,0.5,1
24/09/2023,8.9,9.05,8.73,8.78,1047017.16000000,,AVAXUSDT_daily,CRYPTO,BINANCE,USDT,1,1,1,8.78,8.78,8.78,1,997,0,0.5,1
25/09/2023,8.78,8.96,8.61,8.95,974057.28000000,,AVAXUSDT_daily,CRYPTO,BINANCE,USDT,1,1,1,8.95,8.95,8.95,1,998,0,0.5,1
26/09/2023,8.95,9.07,8.85,9.04,934956.91000000,,AVAXUSDT_daily,CRYPTO,BINANCE,USDT,1,1,1,9.04,9.04,9.04,1,999,0,0.5,1
27/09/2023,9.05,9.19,8.81,8.92,1223697.83000000,,AVAXUSDT_daily,CRYPTO,BINANCE,USDT,1,1,1,8.92,8.92,8.92,1,1000,0,0.5,1
28/09/2023,8.93,9.36,8.91,9.27,1399102.70000000,,AVAXUSDT_daily,CRYPTO,BINANCE,USDT,1,1,1,9.27,9.27,9.27,1,1001,0,0.5,1
29/09/2023,9.28,9.37,9.07,9.17,1405080.87000000,,AVAXUSDT_daily,CRYPTO,BINANCE,USDT,1,1,1,9.17,9.17,9.17,1,1002,0,0.5,1
30/09/2023,9.17,9.3,9.11,9.24,805999.91000000,,AVAXUSDT_daily,CRYPTO,BINANCE,USDT,1,1,1,9.24,9.24,9.24,1,1003,0,0.5,1
01/10/2023,9.23,9.83,9.21,9.75,1684642.75000000,,AVAXUSDT_daily,CRYPTO,BINANCE,USDT,1,1,1,9.75,9.75,9.75,1,1004,0,0.5,1
02/10/2023,9.75,9.84,9.15,9.31,1934866.84000000,,AVAXUSDT_daily,CRYPTO,BINANCE,USDT,1,1,1,9.31,9.31,9.31,1,1005,0,0.5,1
03/10/2023,9.32,9.48,9.23,9.42,1282164.09000000,,AVAXUSDT_daily,CRYPTO,BINANCE,USDT,1,1,1,9.42,9.42,9.42,1,1006,0,0.5,1
04/10/2023,9.42,10.3,9.11,10.1,3916501.71000000,,AVAXUSDT_daily,CRYPTO,BINANCE,USDT,1,1,1,10.1,10.1,10.1,1,1007,0,0.5,1
05/10/2023,10.1,10.35,9.81,10.14,3629799.18000000,,AVAXUSDT_daily,CRYPTO,BINANCE,USDT,1,1,1,10.14,10.14,10.14,1,1008,0,0.5,1
06/10/2023,10.14,10.83,10.12,10.66,3037211.24000000,,AVAXUSDT_daily,CRYPTO,BINANCE,USDT,1,1,1,10.66,10.66,10.66,1,1009,0,0.5,1
07/10/2023,10.66,11.88,10.24,10.35,5342085.38000000,,AVAXUSDT_daily,CRYPTO,BINANCE,USDT,1,1,1,10.35,10.35,10.35,1,1010,0,0.5,1
08/10/2023,10.34,10.54,9.95,10.09,1875461.06000000,,AVAXUSDT_daily,CRYPTO,BINANCE,USDT,1,1,1,10.09,10.09,10.09,1,1011,0,0.5,1
09/10/2023,10.08,10.09,9.28,9.54,2374413.48000000,,AVAXUSDT_daily,CRYPTO,BINANCE,USDT,1,1,1,9.54,9.54,9.54,1,1012,0,0.5,1
10/10/2023,9.54,9.86,9.42,9.53,1854748.33000000,,AVAXUSDT_daily,CRYPTO,BINANCE,USDT,1,1,1,9.53,9.53,9.53,1,1013,0,0.5,1
11/10/2023,9.52,9.57,9.2,9.3,1815554.11000000,,AVAXUSDT_daily,CRYPTO,BINANCE,USDT,1,1,1,9.3,9.3,9.3,1,1014,0,0.5,1
12/10/2023,9.31,9.32,8.88,9.12,2057336.14000000,,AVAXUSDT_daily,CRYPTO,BINANCE,USDT,1,1,1,9.12,9.12,9.12,1,1015,0,0.5,1
13/10/2023,9.11,9.35,9,9.15,1415530.31000000,,AVAXUSDT_daily,CRYPTO,BINANCE,USDT,1,1,1,9.15,9.15,9.15,1,1016,0,0.5,1
14/10/2023,9.15,9.25,9.11,9.15,469812.77000000,,AVAXUSDT_daily,CRYPTO,BINANCE,USDT,1,1,1,9.15,9.15,9.15,1,1017,0,0.5,1
15/10/2023,9.15,9.27,9.07,9.17,998932.66000000,,AVAXUSDT_daily,CRYPTO,BINANCE,USDT,1,1,1,9.17,9.17,9.17,1,1018,0,0.5,1
16/10/2023,9.18,9.83,9.17,9.4,2396526.73000000,,AVAXUSDT_daily,CRYPTO,BINANCE,USDT,1,1,1,9.4,9.4,9.4,1,1019,0,0.5,1
17/10/2023,9.4,9.42,9.01,9.1,2216404.32000000,,AVAXUSDT_daily,CRYPTO,BINANCE,USDT,1,1,1,9.1,9.1,9.1,1,1020,0,0.5,1
18/10/2023,9.11,9.21,8.84,8.91,1617532.29000000,,AVAXUSDT_daily,CRYPTO,BINANCE,USDT,1,1,1,8.91,8.91,8.91,1,1021,0,0.5,1
19/10/2023,8.9,9.12,8.65,9.06,1655127.66000000,,AVAXUSDT_daily,CRYPTO,BINANCE,USDT,1,1,1,9.06,9.06,9.06,1,1022,0,0.5,1
20/10/2023,9.06,9.39,9.02,9.22,1958799.09000000,,AVAXUSDT_daily,CRYPTO,BINANCE,USDT,1,1,1,9.22,9.22,9.22,1,1023,0,0.5,1
21/10/2023,9.22,9.81,9.17,9.63,2742101.15000000,,AVAXUSDT_daily,CRYPTO,BINANCE,USDT,1,1,1,9.63,9.63,9.63,1,1024,0,0.5,1
22/10/2023,9.64,10.09,9.53,10.09,3289863.42000000,,AVAXUSDT_daily,CRYPTO,BINANCE,USDT,1,1,1,10.09,10.09,10.09,1,1025,0,0.5,1
23/10/2023,10.09,10.68,9.86,10.58,5134792.10000000,,AVAXUSDT_daily,CRYPTO,BINANCE,USDT,1,1,1,10.58,10.58,10.58,1,1026,0,0.5,1
24/10/2023,10.59,10.8,10.06,10.32,4867065.26000000,,AVAXUSDT_daily,CRYPTO,BINANCE,USDT,1,1,1,10.32,10.32,10.32,1,1027,0,0.5,1
25/10/2023,10.33,10.64,10.17,10.52,2884290.26000000,,AVAXUSDT_daily,CRYPTO,BINANCE,USDT,1,1,1,10.52,10.52,10.52,1,1028,0,0.5,1
26/10/2023,10.52,11.47,10.37,11.05,6154843.18000000,,AVAXUSDT_daily,CRYPTO,BINANCE,USDT,1,1,1,11.05,11.05,11.05,1,1029,0,0.5,1
27/10/2023,11.05,11.07,10.38,10.59,2529788.17000000,,AVAXUSDT_daily,CRYPTO,BINANCE,USDT,1,1,1,10.59,10.59,10.59,1,1030,0,0.5,1
28/10/2023,10.6,11.09,10.55,10.97,2619953.67000000,,AVAXUSDT_daily,CRYPTO,BINANCE,USDT,1,1,1,10.97,10.97,10.97,1,1031,0,0.5,1
29/10/2023,10.97,11.44,10.77,11.37,2022533.88000000,,AVAXUSDT_daily,CRYPTO,BINANCE,USDT,1,1,1,11.37,11.37,11.37,1,1032,0,0.5,1
30/10/2023,11.38,11.69,11.06,11.46,2156521.47000000,,AVAXUSDT_daily,CRYPTO,BINANCE,USDT,1,1,1,11.46,11.46,11.46,1,1033,0,0.5,1
31/10/2023,11.46,11.76,11,11.33,3346450.77000000,,AVAXUSDT_daily,CRYPTO,BINANCE,USDT,1,1,1,11.33,11.33,11.33,1,1034,0,0.5,1
01/11/2023,11.32,12.33,10.88,12.23,4822225.84000000,,AVAXUSDT_daily,CRYPTO,BINANCE,USDT,1,1,1,12.23,12.23,12.23,1,1035,0,0.5,1
02/11/2023,12.23,12.55,11.43,11.88,4220621.92000000,,AVAXUSDT_daily,CRYPTO,BINANCE,USDT,1,1,1,11.88,11.88,11.88,1,1036,0,0.5,1
03/11/2023,11.88,12.19,11.43,12.11,2411690.33000000,,AVAXUSDT_daily,CRYPTO,BINANCE,USDT,1,1,1,12.11,12.11,12.11,1,1037,0,0.5,1
04/11/2023,12.12,12.33,11.92,12.22,1471832.59000000,,AVAXUSDT_daily,CRYPTO,BINANCE,USDT,1,1,1,12.22,12.22,12.22,1,1038,0,0.5,1
05/11/2023,12.21,12.67,12.1,12.35,2559244.68000000,,AVAXUSDT_daily,CRYPTO,BINANCE,USDT,1,1,1,12.35,12.35,12.35,1,1039,0,0.5,1
06/11/2023,12.34,13.17,12.24,13.08,2999305.97000000,,AVAXUSDT_daily,CRYPTO,BINANCE,USDT,1,1,1,13.08,13.08,13.08,1,1040,0,0.5,1
07/11/2023,13.07,13.1,12.29,12.81,2677547.02000000,,AVAXUSDT_daily,CRYPTO,BINANCE,USDT,1,1,1,12.81,12.81,12.81,1,1041,0,0.5,1
08/11/2023,12.8,13.15,12.66,12.99,2037125.60000000,,AVAXUSDT_daily,CRYPTO,BINANCE,USDT,1,1,1,12.99,12.99,12.99,1,1042,0,0.5,1
09/11/2023,12.98,13.96,11.9,12.96,6349228.52000000,,AVAXUSDT_daily,CRYPTO,BINANCE,USDT,1,1,1,12.96,12.96,12.96,1,1043,0,0.5,1
10/11/2023,12.97,14.85,12.88,14.74,7715255.48000000,,AVAXUSDT_daily,CRYPTO,BINANCE,USDT,1,1,1,14.74,14.74,14.74,1,1044,0,0.5,1
11/11/2023,14.75,17,13.99,16.79,10333477.54000000,,AVAXUSDT_daily,CRYPTO,BINANCE,USDT,1,1,1,16.79,16.79,16.79,1,1045,0,0.5,1
12/11/2023,16.8,19.73,15.87,18.98,12880795.74000000,,AVAXUSDT_daily,CRYPTO,BINANCE,USDT,1,1,1,18.98,18.98,18.98,1,1046,0,0.5,1
13/11/2023,18.98,19.75,16.1,16.12,9459851.54000000,,AVAXUSDT_daily,CRYPTO,BINANCE,USDT,1,1,1,16.12,16.12,16.12,1,1047,0,0.5,1
14/11/2023,16.12,18.1,15.56,17.05,10623733.95000000,,AVAXUSDT_daily,CRYPTO,BINANCE,USDT,1,1,1,17.05,17.05,17.05,1,1048,0,0.5,1
15/11/2023,17.05,20.95,17.01,20.7,14801379.20000000,,AVAXUSDT_daily,CRYPTO,BINANCE,USDT,1,1,1,20.7,20.7,20.7,1,1049,0,0.5,1
16/11/2023,20.69,24.07,20.23,21.71,17186161.77000000,,AVAXUSDT_daily,CRYPTO,BINANCE,USDT,1,1,1,21.71,21.71,21.71,1,1050,0,0.5,1
17/11/2023,21.71,24.69,20,21.94,15838526.82000000,,AVAXUSDT_daily,CRYPTO,BINANCE,USDT,1,1,1,21.94,21.94,21.94,1,1051,0,0.5,1
18/11/2023,21.94,22.69,20.17,21.99,6017391.55000000,,AVAXUSDT_daily,CRYPTO,BINANCE,USDT,1,1,1,21.99,21.99,21.99,1,1052,0,0.5,1
19/11/2023,22,23.04,20.75,22.85,5314132.45000000,,AVAXUSDT_daily,CRYPTO,BINANCE,USDT,1,1,1,22.85,22.85,22.85,1,1053,0,0.5,1
20/11/2023,22.84,23.25,20.71,20.85,5827146.19000000,,AVAXUSDT_daily,CRYPTO,BINANCE,USDT,1,1,1,20.85,20.85,20.85,1,1054,0,0.5,1
21/11/2023,20.86,22.29,18.9,19.02,11207307.49000000,,AVAXUSDT_daily,CRYPTO,BINANCE,USDT,1,1,1,19.02,19.02,19.02,1,1055,0,0.5,1
22/11/2023,19.02,21.25,18.96,20.78,6214364.77000000,,AVAXUSDT_daily,CRYPTO,BINANCE,USDT,1,1,1,20.78,20.78,20.78,1,1056,0,0.5,1
23/11/2023,20.79,21.49,20.42,20.64,3128091.29000000,,AVAXUSDT_daily,CRYPTO,BINANCE,USDT,1,1,1,20.64,20.64,20.64,1,1057,0,0.5,1
24/11/2023,20.64,21.88,20.45,20.89,3692026.02000000,,AVAXUSDT_daily,CRYPTO,BINANCE,USDT,1,1,1,20.89,20.89,20.89,1,1058,0,0.5,1
25/11/2023,20.89,21.48,20.63,21.36,2069224.51000000,,AVAXUSDT_daily,CRYPTO,BINANCE,USDT,1,1,1,21.36,21.36,21.36,1,1059,0,0.5,1
26/11/2023,21.36,21.52,20.1,21.06,2825385.24000000,,AVAXUSDT_daily,CRYPTO,BINANCE,USDT,1,1,1,21.06,21.06,21.06,1,1060,0,0.5,1
27/11/2023,21.07,21.3,19.82,20.35,2994013.72000000,,AVAXUSDT_daily,CRYPTO,BINANCE,USDT,1,1,1,20.35,20.35,20.35,1,1061,0,0.5,1
28/11/2023,20.36,20.86,19.47,20.68,3188388.54000000,,AVAXUSDT_daily,CRYPTO,BINANCE,USDT,1,1,1,20.68,20.68,20.68,1,1062,0,0.5,1
29/11/2023,20.69,21.56,20.55,21.12,3710793.82000000,,AVAXUSDT_daily,CRYPTO,BINANCE,USDT,1,1,1,21.12,21.12,21.12,1,1063,0,0.5,1
30/11/2023,21.12,21.5,20.81,21.39,2759264.75000000,,AVAXUSDT_daily,CRYPTO,BINANCE,USDT,1,1,1,21.39,21.39,21.39,1,1064,0,0.5,1
01/12/2023,21.4,22.64,21.1,21.87,4149300.78000000,,AVAXUSDT_daily,CRYPTO,BINANCE,USDT,1,1,1,21.87,21.87,21.87,1,1065,0,0.5,1
02/12/2023,21.86,22.45,21.75,22.24,2115296.06000000,,AVAXUSDT_daily,CRYPTO,BINANCE,USDT,1,1,1,22.24,22.24,22.24,1,1066,0,0.5,1
03/12/2023,22.24,22.74,21.59,21.94,2457069.20000000,,AVAXUSDT_daily,CRYPTO,BINANCE,USDT,1,1,1,21.94,21.94,21.94,1,1067,0,0.5,1
04/12/2023,21.94,23.2,20.56,22.68,5307454.35000000,,AVAXUSDT_daily,CRYPTO,BINANCE,USDT,1,1,1,22.68,22.68,22.68,1,1068,0,0.5,1
05/12/2023,22.67,24.83,21.81,24.54,6173878.71000000,,AVAXUSDT_daily,CRYPTO,BINANCE,USDT,1,1,1,24.54,24.54,24.54,1,1069,0,0.5,1
06/12/2023,24.54,27.68,24.45,26.2,10747936.78000000,,AVAXUSDT_daily,CRYPTO,BINANCE,USDT,1,1,1,26.2,26.2,26.2,1,1070,0,0.5,1
07/12/2023,26.2,27.9,25.71,26.28,7035602.62000000,,AVAXUSDT_daily,CRYPTO,BINANCE,USDT,1,1,1,26.28,26.28,26.28,1,1071,0,0.5,1
08/12/2023,26.28,30.8,26.03,30.44,8000503.43000000,,AVAXUSDT_daily,CRYPTO,BINANCE,USDT,1,1,1,30.44,30.44,30.44,1,1072,0,0.5,1
09/12/2023,30.44,34.26,30.44,31.91,10263975.20000000,,AVAXUSDT_daily,CRYPTO,BINANCE,USDT,1,1,1,31.91,31.91,31.91,1,1073,0,0.5,1
10/12/2023,31.91,37.99,31.52,37.14,9029970.15000000,,AVAXUSDT_daily,CRYPTO,BINANCE,USDT,1,1,1,37.14,37.14,37.14,1,1074,0,0.5,1
11/12/2023,37.14,39.39,31.6,38.04,17625128.99000000,,AVAXUSDT_daily,CRYPTO,BINANCE,USDT,1,1,1,38.04,38.04,38.04,1,1075,0,0.5,1
12/12/2023,38.04,42.89,36,37.49,12429466.44000000,,AVAXUSDT_daily,CRYPTO,BINANCE,USDT,1,1,1,37.49,37.49,37.49,1,1076,0,0.5,1
13/12/2023,37.49,41.47,34.02,38.99,11810098.40000000,,AVAXUSDT_daily,CRYPTO,BINANCE,USDT,1,1,1,38.99,38.99,38.99,1,1077,0,0.5,1
14/12/2023,38.98,40.34,36.51,39.3,7164273.35000000,,AVAXUSDT_daily,CRYPTO,BINANCE,USDT,1,1,1,39.3,39.3,39.3,1,1078,0,0.5,1
15/12/2023,39.29,42.27,38.52,39.71,8958206.04000000,,AVAXUSDT_daily,CRYPTO,BINANCE,USDT,1,1,1,39.71,39.71,39.71,1,1079,0,0.5,1
16/12/2023,39.72,45.33,38.5,42.22,8705680.65000000,,AVAXUSDT_daily,CRYPTO,BINANCE,USDT,1,1,1,42.22,42.22,42.22,1,1080,0,0.5,1
17/12/2023,42.23,44.06,40.28,40.62,4937788.07000000,,AVAXUSDT_daily,CRYPTO,BINANCE,USDT,1,1,1,40.62,40.62,40.62,1,1081,0,0.5,1
18/12/2023,40.62,41.44,36.5,41.16,6850358.50000000,,AVAXUSDT_daily,CRYPTO,BINANCE,USDT,1,1,1,41.16,41.16,41.16,1,1082,0,0.5,1
19/12/2023,41.15,42.17,38.73,39.74,4755734.07000000,,AVAXUSDT_daily,CRYPTO,BINANCE,USDT,1,1,1,39.74,39.74,39.74,1,1083,0,0.5,1
20/12/2023,39.73,44.49,39.08,43.46,6459700.84000000,,AVAXUSDT_daily,CRYPTO,BINANCE,USDT,1,1,1,43.46,43.46,43.46,1,1084,0,0.5,1
21/12/2023,43.46,47.38,43.06,45.97,7253794.87000000,,AVAXUSDT_daily,CRYPTO,BINANCE,USDT,1,1,1,45.97,45.97,45.97,1,1085,0,0.5,1
22/12/2023,45.96,48.88,43.66,45.35,6546935.03000000,,AVAXUSDT_daily,CRYPTO,BINANCE,USDT,1,1,1,45.35,45.35,45.35,1,1086,0,0.5,1
23/12/2023,45.35,48.27,43.34,48.05,4660235.64000000,,AVAXUSDT_daily,CRYPTO,BINANCE,USDT,1,1,1,48.05,48.05,48.05,1,1087,0,0.5,1
24/12/2023,48.04,49.96,46.32,47.68,6410094.86000000,,AVAXUSDT_daily,CRYPTO,BINANCE,USDT,1,1,1,47.68,47.68,47.68,1,1088,0,0.5,1
25/12/2023,47.68,48.9,45.94,48.18,4146186.27000000,,AVAXUSDT_daily,CRYPTO,BINANCE,USDT,1,1,1,48.18,48.18,48.18,1,1089,0,0.5,1
26/12/2023,48.18,48.35,40.53,44.41,4773394.73000000,,AVAXUSDT_daily,CRYPTO,BINANCE,USDT,1,1,1,44.41,44.41,44.41,1,1090,0,0.5,1
27/12/2023,44.41,44.95,41.87,42.39,4199478.73000000,,AVAXUSDT_daily,CRYPTO,BINANCE,USDT,1,1,1,42.39,42.39,42.39,1,1091,0,0.5,1
28/12/2023,42.4,43.39,39.23,39.8,5049991.19000000,,AVAXUSDT_daily,CRYPTO,BINANCE,USDT,1,1,1,39.8,39.8,39.8,1,1092,0,0.5,1
29/12/2023,39.8,42.15,38.5,40.18,5054515.59000000,,AVAXUSDT_daily,CRYPTO,BINANCE,USDT,1,1,1,40.18,40.18,40.18,1,1093,0,0.5,1
30/12/2023,40.18,40.36,38.15,39.33,2217519.52000000,,AVAXUSDT_daily,CRYPTO,BINANCE,USDT,1,1,1,39.33,39.33,39.33,1,1094,0,0.5,1
31/12/2023,39.33,40.55,37.51,38.55,2208181.77000000,,AVAXUSDT_daily,CRYPTO,BINANCE,USDT,1,1,1,38.55,38.55,38.55,1,1095,0,0.5,1
01/01/2024,38.57,42,38,41.94,2734126.31000000,,AVAXUSDT_daily,CRYPTO,BINANCE,USDT,1,1,1,41.94,41.94,41.94,1,1096,0,0.5,1
02/01/2024,41.95,43.44,40.31,40.61,3642001.26000000,,AVAXUSDT_daily,CRYPTO,BINANCE,USDT,1,1,1,40.61,40.61,40.61,1,1097,0,0.5,1
03/01/2024,40.61,41.43,33.06,36.8,6289630.67000000,,AVAXUSDT_daily,CRYPTO,BINANCE,USDT,1,1,1,36.8,36.8,36.8,1,1098,0,0.5,1
04/01/2024,36.79,39.45,36.07,38.72,3541865.71000000,,AVAXUSDT_daily,CRYPTO,BINANCE,USDT,1,1,1,38.72,38.72,38.72,1,1099,0,0.5,1
05/01/2024,38.72,38.91,35,36.46,3385914.09000000,,AVAXUSDT_daily,CRYPTO,BINANCE,USDT,1,1,1,36.46,36.46,36.46,1,1100,0,0.5,1
06/01/2024,36.46,36.51,33.42,34.61,2367153.87000000,,AVAXUSDT_daily,CRYPTO,BINANCE,USDT,1,1,1,34.61,34.61,34.61,1,1101,0,0.5,1
07/01/2024,34.62,35.78,33.08,33.64,2727132.92000000,,AVAXUSDT_daily,CRYPTO,BINANCE,USDT,1,1,1,33.64,33.64,33.64,1,1102,0,0.5,1
08/01/2024,33.65,36.46,31.12,36.08,5416852.99000000,,AVAXUSDT_daily,CRYPTO,BINANCE,USDT,1,1,1,36.08,36.08,36.08,1,1103,0,0.5,1
09/01/2024,36.08,37.6,33.78,34.65,4305952.25000000,,AVAXUSDT_daily,CRYPTO,BINANCE,USDT,1,1,1,34.65,34.65,34.65,1,1104,0,0.5,1
10/01/2024,34.64,39.55,33.32,38.53,4360929.64000000,,AVAXUSDT_daily,CRYPTO,BINANCE,USDT,1,1,1,38.53,38.53,38.53,1,1105,0,0.5,1
11/01/2024,38.54,41.85,37.54,39.29,5071643.06000000,,AVAXUSDT_daily,CRYPTO,BINANCE,USDT,1,1,1,39.29,39.29,39.29,1,1106,0,0.5,1
12/01/2024,39.29,39.59,34.34,35.93,3189656.48000000,,AVAXUSDT_daily,CRYPTO,BINANCE,USDT,1,1,1,35.93,35.93,35.93,1,1107,0,0.5,1
13/01/2024,35.93,36.63,34.7,36.49,1741500.31000000,,AVAXUSDT_daily,CRYPTO,BINANCE,USDT,1,1,1,36.49,36.49,36.49,1,1108,0,0.5,1
14/01/2024,36.48,37.86,35.28,35.29,2179493.62000000,,AVAXUSDT_daily,CRYPTO,BINANCE,USDT,1,1,1,35.29,35.29,35.29,1,1109,0,0.5,1
15/01/2024,35.28,36.81,35.16,35.61,1568139.13000000,,AVAXUSDT_daily,CRYPTO,BINANCE,USDT,1,1,1,35.61,35.61,35.61,1,1110,0,0.5,1
16/01/2024,35.6,36.54,34.74,35.57,1813027.08000000,,AVAXUSDT_daily,CRYPTO,BINANCE,USDT,1,1,1,35.57,35.57,35.57,1,1111,0,0.5,1
17/01/2024,35.58,36.51,35.25,36.06,2106057.31000000,,AVAXUSDT_daily,CRYPTO,BINANCE,USDT,1,1,1,36.06,36.06,36.06,1,1112,0,0.5,1
18/01/2024,36.07,36.19,32.72,33.59,2528256.10000000,,AVAXUSDT_daily,CRYPTO,BINANCE,USDT,1,1,1,33.59,33.59,33.59,1,1113,0,0.5,1
19/01/2024,33.59,33.75,31.18,32.73,2406347.38000000,,AVAXUSDT_daily,CRYPTO,BINANCE,USDT,1,1,1,32.73,32.73,32.73,1,1114,0,0.5,1
20/01/2024,32.74,32.99,32.03,32.89,1224130.01000000,,AVAXUSDT_daily,CRYPTO,BINANCE,USDT,1,1,1,32.89,32.89,32.89,1,1115,0,0.5,1
21/01/2024,32.87,33.5,32.45,32.54,1038127.76000000,,AVAXUSDT_daily,CRYPTO,BINANCE,USDT,1,1,1,32.54,32.54,32.54,1,1116,0,0.5,1
22/01/2024,32.54,32.74,29.32,29.53,3467720.04000000,,AVAXUSDT_daily,CRYPTO,BINANCE,USDT,1,1,1,29.53,29.53,29.53,1,1117,0,0.5,1
23/01/2024,29.53,30.88,27.24,30.63,4731522.21000000,,AVAXUSDT_daily,CRYPTO,BINANCE,USDT,1,1,1,30.63,30.63,30.63,1,1118,0,0.5,1
24/01/2024,30.64,31.91,29.49,31.2,3391798.91000000,,AVAXUSDT_daily,CRYPTO,BINANCE,USDT,1,1,1,31.2,31.2,31.2,1,1119,0,0.5,1
25/01/2024,31.19,31.36,29.61,30.51,2064388.45000000,,AVAXUSDT_daily,CRYPTO,BINANCE,USDT,1,1,1,30.51,30.51,30.51,1,1120,0,0.5,1
26/01/2024,30.51,33.11,30.12,32.26,2655940.67000000,,AVAXUSDT_daily,CRYPTO,BINANCE,USDT,1,1,1,32.26,32.26,32.26,1,1121,0,0.5,1
27/01/2024,32.26,33.32,31.85,33.28,1194938.73000000,,AVAXUSDT_daily,CRYPTO,BINANCE,USDT,1,1,1,33.28,33.28,33.28,1,1122,0,0.5,1
28/01/2024,33.29,36.72,33.19,34.82,4440497.00000000,,AVAXUSDT_daily,CRYPTO,BINANCE,USDT,1,1,1,34.82,34.82,34.82,1,1123,0,0.5,1
29/01/2024,34.83,36.55,34.34,36.06,3030189.03000000,,AVAXUSDT_daily,CRYPTO,BINANCE,USDT,1,1,1,36.06,36.06,36.06,1,1124,0,0.5,1
30/01/2024,36.07,37.15,35,35.22,2959029.15000000,,AVAXUSDT_daily,CRYPTO,BINANCE,USDT,1,1,1,35.22,35.22,35.22,1,1125,0,0.5,1
31/01/2024,35.23,35.5,33.13,33.17,2629653.91000000,,AVAXUSDT_daily,CRYPTO,BINANCE,USDT,1,1,1,33.17,33.17,33.17,1,1126,0,0.5,1
01/02/2024,33.18,33.97,32.3,33.85,2100203.11000000,,AVAXUSDT_daily,CRYPTO,BINANCE,USDT,1,1,1,33.85,33.85,33.85,1,1127,0,0.5,1
02/02/2024,33.87,36.94,33.76,36.76,3620321.22000000,,AVAXUSDT_daily,CRYPTO,BINANCE,USDT,1,1,1,36.76,36.76,36.76,1,1128,0,0.5,1
03/02/2024,36.76,37.6,35.4,35.95,1968125.41000000,,AVAXUSDT_daily,CRYPTO,BINANCE,USDT,1,1,1,35.95,35.95,35.95,1,1129,0,0.5,1
04/02/2024,35.96,36.53,34.68,34.87,1546090.99000000,,AVAXUSDT_daily,CRYPTO,BINANCE,USDT,1,1,1,34.87,34.87,34.87,1,1130,0,0.5,1
05/02/2024,34.86,35.92,34.11,34.55,2069405.65000000,,AVAXUSDT_daily,CRYPTO,BINANCE,USDT,1,1,1,34.55,34.55,34.55,1,1131,0,0.5,1
06/02/2024,34.55,34.75,33.72,34.16,1814138.17000000,,AVAXUSDT_daily,CRYPTO,BINANCE,USDT,1,1,1,34.16,34.16,34.16,1,1132,0,0.5,1
07/02/2024,34.16,35.5,33.65,35.28,2098188.17000000,,AVAXUSDT_daily,CRYPTO,BINANCE,USDT,1,1,1,35.28,35.28,35.28,1,1133,0,0.5,1
08/02/2024,35.28,36.15,35.08,35.42,2450459.44000000,,AVAXUSDT_daily,CRYPTO,BINANCE,USDT,1,1,1,35.42,35.42,35.42,1,1134,0,0.5,1
09/02/2024,35.43,38.61,35.41,38,4106859.37000000,,AVAXUSDT_daily,CRYPTO,BINANCE,USDT,1,1,1,38,38,38,1,1135,0,0.5,1
10/02/2024,38,41.24,38,40.2,3494637.43000000,,AVAXUSDT_daily,CRYPTO,BINANCE,USDT,1,1,1,40.2,40.2,40.2,1,1136,0,0.5,1
11/02/2024,40.2,41.2,39.33,39.72,2087708.31000000,,AVAXUSDT_daily,CRYPTO,BINANCE,USDT,1,1,1,39.72,39.72,39.72,1,1137,0,0.5,1
12/02/2024,39.73,41.18,38.38,40.97,4287581.66000000,,AVAXUSDT_daily,CRYPTO,BINANCE,USDT,1,1,1,40.97,40.97,40.97,1,1138,0,0.5,1
13/02/2024,40.96,41.7,38.88,39.74,3441748.25000000,,AVAXUSDT_daily,CRYPTO,BINANCE,USDT,1,1,1,39.74,39.74,39.74,1,1139,0,0.5,1
14/02/2024,39.73,42.42,39.1,42.22,3949578.16000000,,AVAXUSDT_daily,CRYPTO,BINANCE,USDT,1,1,1,42.22,42.22,42.22,1,1140,0,0.5,1
15/02/2024,42.23,43.6,40.84,41.55,3666472.28000000,,AVAXUSDT_daily,CRYPTO,BINANCE,USDT,1,1,1,41.55,41.55,41.55,1,1141,0,0.5,1
16/02/2024,41.54,41.81,39.41,40.26,2493109.32000000,,AVAXUSDT_daily,CRYPTO,BINANCE,USDT,1,1,1,40.26,40.26,40.26,1,1142,0,0.5,1
17/02/2024,40.25,40.47,38.38,39.76,1859591.84000000,,AVAXUSDT_daily,CRYPTO,BINANCE,USDT,1,1,1,39.76,39.76,39.76,1,1143,0,0.5,1
18/02/2024,39.75,40.75,38.97,40.29,1612326.72000000,,AVAXUSDT_daily,CRYPTO,BINANCE,USDT,1,1,1,40.29,40.29,40.29,1,1144,0,0.5,1
19/02/2024,40.29,40.64,39.11,39.51,2680806.50000000,,AVAXUSDT_daily,CRYPTO,BINANCE,USDT,1,1,1,39.51,39.51,39.51,1,1145,0,0.5,1
20/02/2024,39.51,39.72,36.84,38.49,3285660.95000000,,AVAXUSDT_daily,CRYPTO,BINANCE,USDT,1,1,1,38.49,38.49,38.49,1,1146,0,0.5,1
21/02/2024,38.5,38.55,35.9,37.61,2338956.78000000,,AVAXUSDT_daily,CRYPTO,BINANCE,USDT,1,1,1,37.61,37.61,37.61,1,1147,0,0.5,1
22/02/2024,37.6,38.22,36.52,36.78,1867725.13000000,,AVAXUSDT_daily,CRYPTO,BINANCE,USDT,1,1,1,36.78,36.78,36.78,1,1148,0,0.5,1
23/02/2024,36.77,36.96,35.14,35.92,2257491.88000000,,AVAXUSDT_daily,CRYPTO,BINANCE,USDT,1,1,1,35.92,35.92,35.92,1,1149,0,0.5,1
24/02/2024,35.91,36.95,35.2,36.76,1363828.68000000,,AVAXUSDT_daily,CRYPTO,BINANCE,USDT,1,1,1,36.76,36.76,36.76,1,1150,0,0.5,1
25/02/2024,36.76,37.49,36.42,37.46,1434112.18000000,,AVAXUSDT_daily,CRYPTO,BINANCE,USDT,1,1,1,37.46,37.46,37.46,1,1151,0,0.5,1
26/02/2024,37.46,39.35,36.28,39.29,2919488.80000000,,AVAXUSDT_daily,CRYPTO,BINANCE,USDT,1,1,1,39.29,39.29,39.29,1,1152,0,0.5,1
27/02/2024,39.29,39.94,38.31,39.26,2163692.33000000,,AVAXUSDT_daily,CRYPTO,BINANCE,USDT,1,1,1,39.26,39.26,39.26,1,1153,0,0.5,1
28/02/2024,39.25,41.3,36.2,40.33,5048286.26000000,,AVAXUSDT_daily,CRYPTO,BINANCE,USDT,1,1,1,40.33,40.33,40.33,1,1154,0,0.5,1
29/02/2024,40.33,44.65,39.59,40.97,5668569.24000000,,AVAXUSDT_daily,CRYPTO,BINANCE,USDT,1,1,1,40.97,40.97,40.97,1,1155,0,0.5,1
01/03/2024,40.98,43.37,40.98,42.67,3451947.63000000,,AVAXUSDT_daily,CRYPTO,BINANCE,USDT,1,1,1,42.67,42.67,42.67,1,1156,0,0.5,1
02/03/2024,42.68,44.58,41.95,44.35,3750371.17000000,,AVAXUSDT_daily,CRYPTO,BINANCE,USDT,1,1,1,44.35,44.35,44.35,1,1157,0,0.5,1
03/03/2024,44.35,44.89,40.35,42.58,3292222.38000000,,AVAXUSDT_daily,CRYPTO,BINANCE,USDT,1,1,1,42.58,42.58,42.58,1,1158,0,0.5,1
04/03/2024,42.59,43.99,41.42,43.08,4856334.08000000,,AVAXUSDT_daily,CRYPTO,BINANCE,USDT,1,1,1,43.08,43.08,43.08,1,1159,0,0.5,1
05/03/2024,43.09,45.18,34.83,39.43,9520539.61000000,,AVAXUSDT_daily,CRYPTO,BINANCE,USDT,1,1,1,39.43,39.43,39.43,1,1160,0,0.5,1
06/03/2024,39.42,42.14,37.9,41.56,4232399.84000000,,AVAXUSDT_daily,CRYPTO,BINANCE,USDT,1,1,1,41.56,41.56,41.56,1,1161,0,0.5,1
07/03/2024,41.56,44.5,41.55,43.2,4954173.81000000,,AVAXUSDT_daily,CRYPTO,BINANCE,USDT,1,1,1,43.2,43.2,43.2,1,1162,0,0.5,1
08/03/2024,43.2,43.96,41.09,42.61,3926241.42000000,,AVAXUSDT_daily,CRYPTO,BINANCE,USDT,1,1,1,42.61,42.61,42.61,1,1163,0,0.5,1
09/03/2024,42.62,43.54,42.33,42.92,2418252.27000000,,AVAXUSDT_daily,CRYPTO,BINANCE,USDT,1,1,1,42.92,42.92,42.92,1,1164,0,0.5,1
10/03/2024,42.92,43.93,40.89,42.05,2834035.29000000,,AVAXUSDT_daily,CRYPTO,BINANCE,USDT,1,1,1,42.05,42.05,42.05,1,1165,0,0.5,1
11/03/2024,42.04,49.56,40.01,49.09,8911493.52000000,,AVAXUSDT_daily,CRYPTO,BINANCE,USDT,1,1,1,49.09,49.09,49.09,1,1166,0,0.5,1
12/03/2024,49.09,57.36,46.34,55.48,12915245.00000000,,AVAXUSDT_daily,CRYPTO,BINANCE,USDT,1,1,1,55.48,55.48,55.48,1,1167,0,0.5,1
13/03/2024,55.48,55.52,52.2,54.79,5785825.53000000,,AVAXUSDT_daily,CRYPTO,BINANCE,USDT,1,1,1,54.79,54.79,54.79,1,1168,0,0.5,1
14/03/2024,54.79,59.28,50.46,53.95,7732957.59000000,,AVAXUSDT_daily,CRYPTO,BINANCE,USDT,1,1,1,53.95,53.95,53.95,1,1169,0,0.5,1
15/03/2024,53.95,59,48.3,58.36,11735553.58000000,,AVAXUSDT_daily,CRYPTO,BINANCE,USDT,1,1,1,58.36,58.36,58.36,1,1170,0,0.5,1
16/03/2024,58.36,61.46,52,53.44,9615415.71000000,,AVAXUSDT_daily,CRYPTO,BINANCE,USDT,1,1,1,53.44,53.44,53.44,1,1171,0,0.5,1
17/03/2024,53.44,58.5,50.05,58.45,6421648.71000000,,AVAXUSDT_daily,CRYPTO,BINANCE,USDT,1,1,1,58.45,58.45,58.45,1,1172,0,0.5,1
18/03/2024,58.44,65.39,55.26,60.65,11907328.03000000,,AVAXUSDT_daily,CRYPTO,BINANCE,USDT,1,1,1,60.65,60.65,60.65,1,1173,0,0.5,1
19/03/2024,60.64,61.95,53.16,53.63,12376814.57000000,,AVAXUSDT_daily,CRYPTO,BINANCE,USDT,1,1,1,53.63,53.63,53.63,1,1174,0,0.5,1
20/03/2024,53.62,58.15,50.42,57.06,9552672.65000000,,AVAXUSDT_daily,CRYPTO,BINANCE,USDT,1,1,1,57.06,57.06,57.06,1,1175,0,0.5,1
21/03/2024,57.05,57.87,52.76,53.82,4920044.95000000,,AVAXUSDT_daily,CRYPTO,BINANCE,USDT,1,1,1,53.82,53.82,53.82,1,1176,0,0.5,1
22/03/2024,53.83,57.8,51.63,53.44,5691573.77000000,,AVAXUSDT_daily,CRYPTO,BINANCE,USDT,1,1,1,53.44,53.44,53.44,1,1177,0,0.5,1
23/03/2024,53.44,55.98,52.6,53.45,2791760.71000000,,AVAXUSDT_daily,CRYPTO,BINANCE,USDT,1,1,1,53.45,53.45,53.45,1,1178,0,0.5,1
24/03/2024,53.45,55.82,52.43,55.68,2317592.73000000,,AVAXUSDT_daily,CRYPTO,BINANCE,USDT,1,1,1,55.68,55.68,55.68,1,1179,0,0.5,1
25/03/2024,55.69,59.19,54.94,57.76,3814842.59000000,,AVAXUSDT_daily,CRYPTO,BINANCE,USDT,1,1,1,57.76,57.76,57.76,1,1180,0,0.5,1
26/03/2024,57.75,60,55.33,55.78,3466292.41000000,,AVAXUSDT_daily,CRYPTO,BINANCE,USDT,1,1,1,55.78,55.78,55.78,1,1181,0,0.5,1
27/03/2024,55.79,56.72,52.5,54.1,3233550.45000000,,AVAXUSDT_daily,CRYPTO,BINANCE,USDT,1,1,1,54.1,54.1,54.1,1,1182,0,0.5,1
28/03/2024,54.1,55.05,53.18,54.63,1684510.45000000,,AVAXUSDT_daily,CRYPTO,BINANCE,USDT,1,1,1,54.63,54.63,54.63,1,1183,0,0.5,1
29/03/2024,54.62,54.65,52.52,53.33,1637003.96000000,,AVAXUSDT_daily,CRYPTO,BINANCE,USDT,1,1,1,53.33,53.33,53.33,1,1184,0,0.5,1
30/03/2024,53.32,54.63,52.76,52.93,1334954.82000000,,AVAXUSDT_daily,CRYPTO,BINANCE,USDT,1,1,1,52.93,52.93,52.93,1,1185,0,0.5,1
31/03/2024,52.92,54.28,52.87,54.06,1203818.27000000,,AVAXUSDT_daily,CRYPTO,BINANCE,USDT,1,1,1,54.06,54.06,54.06,1,1186,0,0.5,1
01/04/2024,54.06,54.14,50.26,51.38,3011378.87000000,,AVAXUSDT_daily,CRYPTO,BINANCE,USDT,1,1,1,51.38,51.38,51.38,1,1187,0,0.5,1
02/04/2024,51.38,51.38,46.29,46.86,3239791.28000000,,AVAXUSDT_daily,CRYPTO,BINANCE,USDT,1,1,1,46.86,46.86,46.86,1,1188,0,0.5,1
03/04/2024,46.87,48.32,44.97,45.89,2363000.86000000,,AVAXUSDT_daily,CRYPTO,BINANCE,USDT,1,1,1,45.89,45.89,45.89,1,1189,0,0.5,1
04/04/2024,45.89,48.16,45.42,46.5,1760856.23000000,,AVAXUSDT_daily,CRYPTO,BINANCE,USDT,1,1,1,46.5,46.5,46.5,1,1190,0,0.5,1
05/04/2024,46.5,46.59,43.77,45.3,1789208.04000000,,AVAXUSDT_daily,CRYPTO,BINANCE,USDT,1,1,1,45.3,45.3,45.3,1,1191,0,0.5,1
06/04/2024,45.3,48.98,45.05,48.19,2043537.32000000,,AVAXUSDT_daily,CRYPTO,BINANCE,USDT,1,1,1,48.19,48.19,48.19,1,1192,0,0.5,1
07/04/2024,48.19,49.51,47.89,49.32,1194623.63000000,,AVAXUSDT_daily,CRYPTO,BINANCE,USDT,1,1,1,49.32,49.32,49.32,1,1193,0,0.5,1
08/04/2024,49.33,50.81,48.25,49.86,1875605.09000000,,AVAXUSDT_daily,CRYPTO,BINANCE,USDT,1,1,1,49.86,49.86,49.86,1,1194,0,0.5,1
09/04/2024,49.87,49.96,46.35,46.47,1749477.03000000,,AVAXUSDT_daily,CRYPTO,BINANCE,USDT,1,1,1,46.47,46.47,46.47,1,1195,0,0.5,1
10/04/2024,46.47,48.01,45.07,47.3,2250167.70000000,,AVAXUSDT_daily,CRYPTO,BINANCE,USDT,1,1,1,47.3,47.3,47.3,1,1196,0,0.5,1
11/04/2024,47.3,47.5,45.59,46.01,1481848.10000000,,AVAXUSDT_daily,CRYPTO,BINANCE,USDT,1,1,1,46.01,46.01,46.01,1,1197,0,0.5,1
12/04/2024,46.02,46.88,36,39.34,4679039.33000000,,AVAXUSDT_daily,CRYPTO,BINANCE,USDT,1,1,1,39.34,39.34,39.34,1,1198,0,0.5,1
13/04/2024,39.34,39.35,29.24,33.89,8362401.51000000,,AVAXUSDT_daily,CRYPTO,BINANCE,USDT,1,1,1,33.89,33.89,33.89,1,1199,0,0.5,1
14/04/2024,33.9,37.91,32.64,37.27,5518136.95000000,,AVAXUSDT_daily,CRYPTO,BINANCE,USDT,1,1,1,37.27,37.27,37.27,1,1200,0,0.5,1
15/04/2024,37.27,38.61,34.09,35.16,4953905.89000000,,AVAXUSDT_daily,CRYPTO,BINANCE,USDT,1,1,1,35.16,35.16,35.16,1,1201,0,0.5,1
16/04/2024,35.16,35.91,32.7,34.76,3313166.78000000,,AVAXUSDT_daily,CRYPTO,BINANCE,USDT,1,1,1,34.76,34.76,34.76,1,1202,0,0.5,1
17/04/2024,34.75,35.36,32.23,33.58,3016090.08000000,,AVAXUSDT_daily,CRYPTO,BINANCE,USDT,1,1,1,33.58,33.58,33.58,1,1203,0,0.5,1
18/04/2024,33.58,35.61,32.8,34.85,2688659.01000000,,AVAXUSDT_daily,CRYPTO,BINANCE,USDT,1,1,1,34.85,34.85,34.85,1,1204,0,0.5,1
19/04/2024,34.84,36.14,31.92,34.67,3273162.24000000,,AVAXUSDT_daily,CRYPTO,BINANCE,USDT,1,1,1,34.67,34.67,34.67,1,1205,0,0.5,1
20/04/2024,34.66,38.49,34.12,38.31,1920545.62000000,,AVAXUSDT_daily,CRYPTO,BINANCE,USDT,1,1,1,38.31,38.31,38.31,1,1206,0,0.5,1
21/04/2024,38.31,38.77,36.35,37.15,1574355.22000000,,AVAXUSDT_daily,CRYPTO,BINANCE,USDT,1,1,1,37.15,37.15,37.15,1,1207,0,0.5,1
22/04/2024,37.14,39.72,36.75,39.19,1818594.75000000,,AVAXUSDT_daily,CRYPTO,BINANCE,USDT,1,1,1,39.19,39.19,39.19,1,1208,0,0.5,1
23/04/2024,39.18,39.92,37.98,38.3,1435816.55000000,,AVAXUSDT_daily,CRYPTO,BINANCE,USDT,1,1,1,38.3,38.3,38.3,1,1209,0,0.5,1
24/04/2024,38.3,39.84,36.02,36.37,2306966.50000000,,AVAXUSDT_daily,CRYPTO,BINANCE,USDT,1,1,1,36.37,36.37,36.37,1,1210,0,0.5,1
25/04/2024,36.37,36.75,34.7,35.59,2133979.93000000,,AVAXUSDT_daily,CRYPTO,BINANCE,USDT,1,1,1,35.59,35.59,35.59,1,1211,0,0.5,1
26/04/2024,35.59,35.88,34.27,34.42,1641347.49000000,,AVAXUSDT_daily,CRYPTO,BINANCE,USDT,1,1,1,34.42,34.42,34.42,1,1212,0,0.5,1
27/04/2024,34.43,35.13,33.08,34.47,1810409.95000000,,AVAXUSDT_daily,CRYPTO,BINANCE,USDT,1,1,1,34.47,34.47,34.47,1,1213,0,0.5,1
28/04/2024,34.47,35.39,33.8,33.95,1251390.90000000,,AVAXUSDT_daily,CRYPTO,BINANCE,USDT,1,1,1,33.95,33.95,33.95,1,1214,0,0.5,1
29/04/2024,33.95,35.88,32.84,35.28,2258794.34000000,,AVAXUSDT_daily,CRYPTO,BINANCE,USDT,1,1,1,35.28,35.28,35.28,1,1215,0,0.5,1
30/04/2024,35.29,35.73,31.92,32.71,2815332.30000000,,AVAXUSDT_daily,CRYPTO,BINANCE,USDT,1,1,1,32.71,32.71,32.71,1,1216,0,0.5,1
01/05/2024,32.71,34,30.26,33.33,3380517.89000000,,AVAXUSDT_daily,CRYPTO,BINANCE,USDT,1,1,1,33.33,33.33,33.33,1,1217,0,0.5,1
02/05/2024,33.33,34.13,32.3,33.58,1703436.21000000,,AVAXUSDT_daily,CRYPTO,BINANCE,USDT,1,1,1,33.58,33.58,33.58,1,1218,0,0.5,1
03/05/2024,33.57,36.13,33.3,35.54,1553343.97000000,,AVAXUSDT_daily,CRYPTO,BINANCE,USDT,1,1,1,35.54,35.54,35.54,1,1219,0,0.5,1
04/05/2024,35.55,37.68,35.18,37.36,1920904.84000000,,AVAXUSDT_daily,CRYPTO,BINANCE,USDT,1,1,1,37.36,37.36,37.36,1,1220,0,0.5,1
05/05/2024,37.36,38.01,36.6,37.35,1760586.91000000,,AVAXUSDT_daily,CRYPTO,BINANCE,USDT,1,1,1,37.35,37.35,37.35,1,1221,0,0.5,1
06/05/2024,37.35,39.87,36.78,37.11,2933511.56000000,,AVAXUSDT_daily,CRYPTO,BINANCE,USDT,1,1,1,37.11,37.11,37.11,1,1222,0,0.5,1
07/05/2024,37.12,37.6,35.27,35.31,1852417.36000000,,AVAXUSDT_daily,CRYPTO,BINANCE,USDT,1,1,1,35.31,35.31,35.31,1,1223,0,0.5,1
08/05/2024,35.31,35.5,33.62,34.02,2157691.01000000,,AVAXUSDT_daily,CRYPTO,BINANCE,USDT,1,1,1,34.02,34.02,34.02,1,1224,0,0.5,1
09/05/2024,34.02,35.38,33.73,35.07,1576030.39000000,,AVAXUSDT_daily,CRYPTO,BINANCE,USDT,1,1,1,35.07,35.07,35.07,1,1225,0,0.5,1
10/05/2024,35.07,36.12,33.23,33.71,2261922.59000000,,AVAXUSDT_daily,CRYPTO,BINANCE,USDT,1,1,1,33.71,33.71,33.71,1,1226,0,0.5,1
11/05/2024,33.71,34.04,33.06,33.49,1182903.00000000,,AVAXUSDT_daily,CRYPTO,BINANCE,USDT,1,1,1,33.49,33.49,33.49,1,1227,0,0.5,1
12/05/2024,33.49,34,32.78,33.14,688258.16000000,,AVAXUSDT_daily,CRYPTO,BINANCE,USDT,1,1,1,33.14,33.14,33.14,1,1228,0,0.5,1
13/05/2024,33.14,33.82,31.93,32.46,2038043.28000000,,AVAXUSDT_daily,CRYPTO,BINANCE,USDT,1,1,1,32.46,32.46,32.46,1,1229,0,0.5,1
14/05/2024,32.46,33.34,31.48,31.58,1769809.13000000,,AVAXUSDT_daily,CRYPTO,BINANCE,USDT,1,1,1,31.58,31.58,31.58,1,1230,0,0.5,1
15/05/2024,31.58,34.79,31.35,34.66,2196525.74000000,,AVAXUSDT_daily,CRYPTO,BINANCE,USDT,1,1,1,34.66,34.66,34.66,1,1231,0,0.5,1
16/05/2024,34.66,35.01,33.75,34.46,1449092.77000000,,AVAXUSDT_daily,CRYPTO,BINANCE,USDT,1,1,1,34.46,34.46,34.46,1,1232,0,0.5,1
17/05/2024,34.45,37.59,34.26,36.43,2207393.25000000,,AVAXUSDT_daily,CRYPTO,BINANCE,USDT,1,1,1,36.43,36.43,36.43,1,1233,0,0.5,1
18/05/2024,36.43,37.66,36.34,37.24,1211992.75000000,,AVAXUSDT_daily,CRYPTO,BINANCE,USDT,1,1,1,37.24,37.24,37.24,1,1234,0,0.5,1
19/05/2024,37.23,37.76,35.37,35.6,1108974.49000000,,AVAXUSDT_daily,CRYPTO,BINANCE,USDT,1,1,1,35.6,35.6,35.6,1,1235,0,0.5,1
20/05/2024,35.6,40.35,35.15,40.13,2853777.98000000,,AVAXUSDT_daily,CRYPTO,BINANCE,USDT,1,1,1,40.13,40.13,40.13,1,1236,0,0.5,1
21/05/2024,40.13,41.42,39.66,41.2,3039403.61000000,,AVAXUSDT_daily,CRYPTO,BINANCE,USDT,1,1,1,41.2,41.2,41.2,1,1237,0,0.5,1
22/05/2024,41.19,41.8,39.19,40,2116832.47000000,,AVAXUSDT_daily,CRYPTO,BINANCE,USDT,1,1,1,40,40,40,1,1238,0,0.5,1
23/05/2024,40.01,40.47,36.37,38.52,3125908.90000000,,AVAXUSDT_daily,CRYPTO,BINANCE,USDT,1,1,1,38.52,38.52,38.52,1,1239,0,0.5,1
24/05/2024,38.52,39,36.91,38.01,1363527.65000000,,AVAXUSDT_daily,CRYPTO,BINANCE,USDT,1,1,1,38.01,38.01,38.01,1,1240,0,0.5,1
25/05/2024,38.01,38.72,37.71,38.28,735441.75000000,,AVAXUSDT_daily,CRYPTO,BINANCE,USDT,1,1,1,38.28,38.28,38.28,1,1241,0,0.5,1
26/05/2024,38.28,38.31,36.46,36.76,892477.39000000,,AVAXUSDT_daily,CRYPTO,BINANCE,USDT,1,1,1,36.76,36.76,36.76,1,1242,0,0.5,1
27/05/2024,36.76,38.95,36.65,38.26,1355234.36000000,,AVAXUSDT_daily,CRYPTO,BINANCE,USDT,1,1,1,38.26,38.26,38.26,1,1243,0,0.5,1
28/05/2024,38.27,38.4,36.53,37.02,1944227.48000000,,AVAXUSDT_daily,CRYPTO,BINANCE,USDT,1,1,1,37.02,37.02,37.02,1,1244,0,0.5,1
29/05/2024,37.02,37.5,36.14,36.2,1410140.99000000,,AVAXUSDT_daily,CRYPTO,BINANCE,USDT,1,1,1,36.2,36.2,36.2,1,1245,0,0.5,1
30/05/2024,36.2,37.09,35.3,35.98,1589093.30000000,,AVAXUSDT_daily,CRYPTO,BINANCE,USDT,1,1,1,35.98,35.98,35.98,1,1246,0,0.5,1
31/05/2024,35.98,36.79,35.2,36.02,1109882.27000000,,AVAXUSDT_daily,CRYPTO,BINANCE,USDT,1,1,1,36.02,36.02,36.02,1,1247,0,0.5,1
01/06/2024,36.04,36.22,35.7,35.76,480351.19000000,,AVAXUSDT_daily,CRYPTO,BINANCE,USDT,1,1,1,35.76,35.76,35.76,1,1248,0,0.5,1
02/06/2024,35.76,36.18,34.77,34.91,948549.12000000,,AVAXUSDT_daily,CRYPTO,BINANCE,USDT,1,1,1,34.91,34.91,34.91,1,1249,0,0.5,1
03/06/2024,34.91,36.27,34.56,35.03,1502543.10000000,,AVAXUSDT_daily,CRYPTO,BINANCE,USDT,1,1,1,35.03,35.03,35.03,1,1250,0,0.5,1
04/06/2024,35.03,36.29,34.41,36.06,1295062.99000000,,AVAXUSDT_daily,CRYPTO,BINANCE,USDT,1,1,1,36.06,36.06,36.06,1,1251,0,0.5,1
05/06/2024,36.07,36.91,35.93,36.57,1320551.18000000,,AVAXUSDT_daily,CRYPTO,BINANCE,USDT,1,1,1,36.57,36.57,36.57,1,1252,0,0.5,1
06/06/2024,36.58,37.2,35.72,35.89,1130097.72000000,,AVAXUSDT_daily,CRYPTO,BINANCE,USDT,1,1,1,35.89,35.89,35.89,1,1253,0,0.5,1
07/06/2024,35.89,36.89,30.9,33.51,2946397.48000000,,AVAXUSDT_daily,CRYPTO,BINANCE,USDT,1,1,1,33.51,33.51,33.51,1,1254,0,0.5,1
08/06/2024,33.51,33.73,31.92,32.27,1168309.91000000,,AVAXUSDT_daily,CRYPTO,BINANCE,USDT,1,1,1,32.27,32.27,32.27,1,1255,0,0.5,1
09/06/2024,32.27,33.02,32.04,32.98,601496.64000000,,AVAXUSDT_daily,CRYPTO,BINANCE,USDT,1,1,1,32.98,32.98,32.98,1,1256,0,0.5,1
10/06/2024,32.99,33.47,32.02,32.28,1131273.21000000,,AVAXUSDT_daily,CRYPTO,BINANCE,USDT,1,1,1,32.28,32.28,32.28,1,1257,0,0.5,1
11/06/2024,32.28,32.38,30.59,31.55,1847318.93000000,,AVAXUSDT_daily,CRYPTO,BINANCE,USDT,1,1,1,31.55,31.55,31.55,1,1258,0,0.5,1
12/06/2024,31.56,33.99,30.79,33.27,1877715.47000000,,AVAXUSDT_daily,CRYPTO,BINANCE,USDT,1,1,1,33.27,33.27,33.27,1,1259,0,0.5,1
13/06/2024,33.27,33.44,30.92,30.99,1377426.40000000,,AVAXUSDT_daily,CRYPTO,BINANCE,USDT,1,1,1,30.99,30.99,30.99,1,1260,0,0.5,1
14/06/2024,31,32.21,29.29,30.29,2200667.62000000,,AVAXUSDT_daily,CRYPTO,BINANCE,USDT,1,1,1,30.29,30.29,30.29,1,1261,0,0.5,1
15/06/2024,30.29,30.65,29.91,30.01,647613.47000000,,AVAXUSDT_daily,CRYPTO,BINANCE,USDT,1,1,1,30.01,30.01,30.01,1,1262,0,0.5,1
16/06/2024,30.01,30.48,29.66,30.08,951476.40000000,,AVAXUSDT_daily,CRYPTO,BINANCE,USDT,1,1,1,30.08,30.08,30.08,1,1263,0,0.5,1
17/06/2024,30.07,30.35,27.29,28.47,1975971.78000000,,AVAXUSDT_daily,CRYPTO,BINANCE,USDT,1,1,1,28.47,28.47,28.47,1,1264,0,0.5,1
18/06/2024,28.47,28.54,24.94,26.6,2809030.18000000,,AVAXUSDT_daily,CRYPTO,BINANCE,USDT,1,1,1,26.6,26.6,26.6,1,1265,0,0.5,1
19/06/2024,26.6,27.67,26.38,26.94,1296859.97000000,,AVAXUSDT_daily,CRYPTO,BINANCE,USDT,1,1,1,26.94,26.94,26.94,1,1266,0,0.5,1
20/06/2024,26.95,28.89,26.67,27.58,1873349.75000000,,AVAXUSDT_daily,CRYPTO,BINANCE,USDT,1,1,1,27.58,27.58,27.58,1,1267,0,0.5,1
21/06/2024,27.58,28.03,26.93,27.48,1411878.18000000,,AVAXUSDT_daily,CRYPTO,BINANCE,USDT,1,1,1,27.48,27.48,27.48,1,1268,0,0.5,1
22/06/2024,27.48,27.5,24.52,25.61,3754180.61000000,,AVAXUSDT_daily,CRYPTO,BINANCE,USDT,1,1,1,25.61,25.61,25.61,1,1269,0,0.5,1
23/06/2024,25.62,26.15,24.12,25.09,2992605.46000000,,AVAXUSDT_daily,CRYPTO,BINANCE,USDT,1,1,1,25.09,25.09,25.09,1,1270,0,0.5,1
24/06/2024,25.08,25.25,23.51,24.8,3210819.75000000,,AVAXUSDT_daily,CRYPTO,BINANCE,USDT,1,1,1,24.8,24.8,24.8,1,1271,0,0.5,1
25/06/2024,24.79,25.79,24.58,25.4,1484143.35000000,,AVAXUSDT_daily,CRYPTO,BINANCE,USDT,1,1,1,25.4,25.4,25.4,1,1272,0,0.5,1
26/06/2024,25.4,26.66,25.28,25.82,2304629.01000000,,AVAXUSDT_daily,CRYPTO,BINANCE,USDT,1,1,1,25.82,25.82,25.82,1,1273,0,0.5,1
27/06/2024,25.82,28.38,25.36,27.91,2306236.79000000,,AVAXUSDT_daily,CRYPTO,BINANCE,USDT,1,1,1,27.91,27.91,27.91,1,1274,0,0.5,1
28/06/2024,27.91,29.09,27.66,27.96,2075840.60000000,,AVAXUSDT_daily,CRYPTO,BINANCE,USDT,1,1,1,27.96,27.96,27.96,1,1275,0,0.5,1
29/06/2024,27.96,28.68,27.57,27.76,1083357.00000000,,AVAXUSDT_daily,CRYPTO,BINANCE,USDT,1,1,1,27.76,27.76,27.76,1,1276,0,0.5,1
30/06/2024,27.77,29.57,27.4,29.36,1537329.37000000,,AVAXUSDT_daily,CRYPTO,BINANCE,USDT,1,1,1,29.36,29.36,29.36,1,1277,0,0.5,1
01/07/2024,29.36,30.12,28.81,28.83,1691942.47000000,,AVAXUSDT_daily,CRYPTO,BINANCE,USDT,1,1,1,28.83,28.83,28.83,1,1278,0,0.5,1
02/07/2024,28.83,28.91,28.09,28.71,1535912.34000000,,AVAXUSDT_daily,CRYPTO,BINANCE,USDT,1,1,1,28.71,28.71,28.71,1,1279,0,0.5,1
03/07/2024,28.72,28.97,26.43,26.51,2084008.75000000,,AVAXUSDT_daily,CRYPTO,BINANCE,USDT,1,1,1,26.51,26.51,26.51,1,1280,0,0.5,1
04/07/2024,26.51,26.7,24.28,24.44,2122362.53000000,,AVAXUSDT_daily,CRYPTO,BINANCE,USDT,1,1,1,24.44,24.44,24.44,1,1281,0,0.5,1
05/07/2024,24.43,25.44,21.8,25.13,4416833.20000000,,AVAXUSDT_daily,CRYPTO,BINANCE,USDT,1,1,1,25.13,25.13,25.13,1,1282,0,0.5,1
06/07/2024,25.13,27.61,24.84,27.41,1273710.29000000,,AVAXUSDT_daily,CRYPTO,BINANCE,USDT,1,1,1,27.41,27.41,27.41,1,1283,0,0.5,1
07/07/2024,27.41,27.49,25.46,25.75,1523225.99000000,,AVAXUSDT_daily,CRYPTO,BINANCE,USDT,1,1,1,25.75,25.75,25.75,1,1284,0,0.5,1
08/07/2024,25.75,27.21,24.53,25.21,3013924.84000000,,AVAXUSDT_daily,CRYPTO,BINANCE,USDT,1,1,1,25.21,25.21,25.21,1,1285,0,0.5,1
09/07/2024,25.21,26.5,24.71,26.43,2301249.16000000,,AVAXUSDT_daily,CRYPTO,BINANCE,USDT,1,1,1,26.43,26.43,26.43,1,1286,0,0.5,1
10/07/2024,26.43,27.42,25.63,25.75,1444884.87000000,,AVAXUSDT_daily,CRYPTO,BINANCE,USDT,1,1,1,25.75,25.75,25.75,1,1287,0,0.5,1
11/07/2024,25.75,26.38,25.01,25.21,2064310.70000000,,AVAXUSDT_daily,CRYPTO,BINANCE,USDT,1,1,1,25.21,25.21,25.21,1,1288,0,0.5,1
12/07/2024,25.19,26.1,24.82,25.96,1236543.80000000,,AVAXUSDT_daily,CRYPTO,BINANCE,USDT,1,1,1,25.96,25.96,25.96,1,1289,0,0.5,1
13/07/2024,25.97,26.34,25.53,25.86,1755388.94000000,,AVAXUSDT_daily,CRYPTO,BINANCE,USDT,1,1,1,25.86,25.86,25.86,1,1290,0,0.5,1
14/07/2024,25.85,26.67,25.6,26.35,1493849.24000000,,AVAXUSDT_daily,CRYPTO,BINANCE,USDT,1,1,1,26.35,26.35,26.35,1,1291,0,0.5,1
15/07/2024,26.35,27.89,26.27,27.82,2252819.90000000,,AVAXUSDT_daily,CRYPTO,BINANCE,USDT,1,1,1,27.82,27.82,27.82,1,1292,0,0.5,1
16/07/2024,27.83,29.25,26.47,28.01,2956440.06000000,,AVAXUSDT_daily,CRYPTO,BINANCE,USDT,1,1,1,28.01,28.01,28.01,1,1293,0,0.5,1
17/07/2024,28.01,29.03,27.21,27.24,2275728.47000000,,AVAXUSDT_daily,CRYPTO,BINANCE,USDT,1,1,1,27.24,27.24,27.24,1,1294,0,0.5,1
18/07/2024,27.24,27.94,26.59,27.14,1688798.14000000,,AVAXUSDT_daily,CRYPTO,BINANCE,USDT,1,1,1,27.14,27.14,27.14,1,1295,0,0.5,1
19/07/2024,27.13,28.41,26.65,28.16,2176432.94000000,,AVAXUSDT_daily,CRYPTO,BINANCE,USDT,1,1,1,28.16,28.16,28.16,1,1296,0,0.5,1
20/07/2024,28.17,29.18,27.78,29.11,1467397.44000000,,AVAXUSDT_daily,CRYPTO,BINANCE,USDT,1,1,1,29.11,29.11,29.11,1,1297,0,0.5,1
21/07/2024,29.1,33,28.54,32.64,4881628.18000000,,AVAXUSDT_daily,CRYPTO,BINANCE,USDT,1,1,1,32.64,32.64,32.64,1,1298,0,0.5,1
22/07/2024,32.64,32.95,31.32,31.87,2823413.40000000,,AVAXUSDT_daily,CRYPTO,BINANCE,USDT,1,1,1,31.87,31.87,31.87,1,1299,0,0.5,1
23/07/2024,31.87,32.63,29.43,29.82,2989620.04000000,,AVAXUSDT_daily,CRYPTO,BINANCE,USDT,1,1,1,29.82,29.82,29.82,1,1300,0,0.5,1
24/07/2024,29.82,30.55,28.26,28.38,2813233.19000000,,AVAXUSDT_daily,CRYPTO,BINANCE,USDT,1,1,1,28.38,28.38,28.38,1,1301,0,0.5,1
25/07/2024,28.37,28.59,26.26,27.24,2457846.44000000,,AVAXUSDT_daily,CRYPTO,BINANCE,USDT,1,1,1,27.24,27.24,27.24,1,1302,0,0.5,1
26/07/2024,27.23,28.93,27.17,28.72,2103180.06000000,,AVAXUSDT_daily,CRYPTO,BINANCE,USDT,1,1,1,28.72,28.72,28.72,1,1303,0,0.5,1
27/07/2024,28.73,29.52,27.59,28.04,1595083.64000000,,AVAXUSDT_daily,CRYPTO,BINANCE,USDT,1,1,1,28.04,28.04,28.04,1,1304,0,0.5,1
28/07/2024,28.04,28.17,27.1,27.4,955992.62000000,,AVAXUSDT_daily,CRYPTO,BINANCE,USDT,1,1,1,27.4,27.4,27.4,1,1305,0,0.5,1
29/07/2024,27.39,28.86,26.96,27.01,2335986.83000000,,AVAXUSDT_daily,CRYPTO,BINANCE,USDT,1,1,1,27.01,27.01,27.01,1,1306,0,0.5,1
30/07/2024,27.01,27.32,26.03,26.33,1375203.85000000,,AVAXUSDT_daily,CRYPTO,BINANCE,USDT,1,1,1,26.33,26.33,26.33,1,1307,0,0.5,1
31/07/2024,26.32,26.87,25.44,25.7,1930480.93000000,,AVAXUSDT_daily,CRYPTO,BINANCE,USDT,1,1,1,25.7,25.7,25.7,1,1308,0,0.5,1
01/08/2024,25.7,25.92,24.01,25.71,1979230.94000000,,AVAXUSDT_daily,CRYPTO,BINANCE,USDT,1,1,1,25.71,25.71,25.71,1,1309,0,0.5,1
02/08/2024,25.71,25.91,23.35,23.6,2234805.73000000,,AVAXUSDT_daily,CRYPTO,BINANCE,USDT,1,1,1,23.6,23.6,23.6,1,1310,0,0.5,1
03/08/2024,23.6,24.15,22.2,22.67,1850832.83000000,,AVAXUSDT_daily,CRYPTO,BINANCE,USDT,1,1,1,22.67,22.67,22.67,1,1311,0,0.5,1
04/08/2024,22.68,22.96,20.58,21.25,2081859.37000000,,AVAXUSDT_daily,CRYPTO,BINANCE,USDT,1,1,1,21.25,21.25,21.25,1,1312,0,0.5,1
05/08/2024,21.26,21.38,17.29,19.54,9670531.58000000,,AVAXUSDT_daily,CRYPTO,BINANCE,USDT,1,1,1,19.54,19.54,19.54,1,1313,0,0.5,1
06/08/2024,19.54,21.46,19.51,20.89,2687249.82000000,,AVAXUSDT_daily,CRYPTO,BINANCE,USDT,1,1,1,20.89,20.89,20.89,1,1314,0,0.5,1
07/08/2024,20.88,21.7,19.71,19.85,2185632.53000000,,AVAXUSDT_daily,CRYPTO,BINANCE,USDT,1,1,1,19.85,19.85,19.85,1,1315,0,0.5,1
08/08/2024,19.86,22.8,19.52,22.73,2398279.56000000,,AVAXUSDT_daily,CRYPTO,BINANCE,USDT,1,1,1,22.73,22.73,22.73,1,1316,0,0.5,1
09/08/2024,22.73,22.8,21.29,21.74,1708499.52000000,,AVAXUSDT_daily,CRYPTO,BINANCE,USDT,1,1,1,21.74,21.74,21.74,1,1317,0,0.5,1
10/08/2024,21.75,22.05,21.4,21.59,829812.48000000,,AVAXUSDT_daily,CRYPTO,BINANCE,USDT,1,1,1,21.59,21.59,21.59,1,1318,0,0.5,1
11/08/2024,21.59,22.37,20.39,20.4,1316532.04000000,,AVAXUSDT_daily,CRYPTO,BINANCE,USDT,1,1,1,20.4,20.4,20.4,1,1319,0,0.5,1
12/08/2024,20.4,21.71,20.3,21.26,1828261.75000000,,AVAXUSDT_daily,CRYPTO,BINANCE,USDT,1,1,1,21.26,21.26,21.26,1,1320,0,0.5,1
13/08/2024,21.27,21.62,20.6,21.37,1369820.30000000,,AVAXUSDT_daily,CRYPTO,BINANCE,USDT,1,1,1,21.37,21.37,21.37,1,1321,0,0.5,1
14/08/2024,21.38,21.87,20.77,20.95,1239087.66000000,,AVAXUSDT_daily,CRYPTO,BINANCE,USDT,1,1,1,20.95,20.95,20.95,1,1322,0,0.5,1
15/08/2024,20.95,21.15,19.83,20.14,1891885.50000000,,AVAXUSDT_daily,CRYPTO,BINANCE,USDT,1,1,1,20.14,20.14,20.14,1,1323,0,0.5,1
16/08/2024,20.14,20.72,19.78,20.36,1292955.85000000,,AVAXUSDT_daily,CRYPTO,BINANCE,USDT,1,1,1,20.36,20.36,20.36,1,1324,0,0.5,1
17/08/2024,20.36,20.71,20.23,20.7,594996.70000000,,AVAXUSDT_daily,CRYPTO,BINANCE,USDT,1,1,1,20.7,20.7,20.7,1,1325,0,0.5,1
18/08/2024,20.7,21.51,20.55,20.82,1080288.16000000,,AVAXUSDT_daily,CRYPTO,BINANCE,USDT,1,1,1,20.82,20.82,20.82,1,1326,0,0.5,1
19/08/2024,20.83,21.25,20.38,21.21,1079897.76000000,,AVAXUSDT_daily,CRYPTO,BINANCE,USDT,1,1,1,21.21,21.21,21.21,1,1327,0,0.5,1
20/08/2024,21.22,22.79,21.16,22.26,2257515.64000000,,AVAXUSDT_daily,CRYPTO,BINANCE,USDT,1,1,1,22.26,22.26,22.26,1,1328,0,0.5,1
21/08/2024,22.26,23.8,22.25,23.53,2113314.06000000,,AVAXUSDT_daily,CRYPTO,BINANCE,USDT,1,1,1,23.53,23.53,23.53,1,1329,0,0.5,1
22/08/2024,23.53,25.35,23.05,25.22,2451735.12000000,,AVAXUSDT_daily,CRYPTO,BINANCE,USDT,1,1,1,25.22,25.22,25.22,1,1330,0,0.5,1
23/08/2024,25.22,27.01,25.22,26.49,3388980.56000000,,AVAXUSDT_daily,CRYPTO,BINANCE,USDT,1,1,1,26.49,26.49,26.49,1,1331,0,0.5,1
24/08/2024,26.5,28,26.19,27.11,2329717.63000000,,AVAXUSDT_daily,CRYPTO,BINANCE,USDT,1,1,1,27.11,27.11,27.11,1,1332,0,0.5,1
25/08/2024,27.12,27.68,26.13,26.92,2020535.79000000,,AVAXUSDT_daily,CRYPTO,BINANCE,USDT,1,1,1,26.92,26.92,26.92,1,1333,0,0.5,1
26/08/2024,26.93,27.2,25.89,25.94,1936106.29000000,,AVAXUSDT_daily,CRYPTO,BINANCE,USDT,1,1,1,25.94,25.94,25.94,1,1334,0,0.5,1
27/08/2024,25.94,26.81,23.66,24.09,2200225.10000000,,AVAXUSDT_daily,CRYPTO,BINANCE,USDT,1,1,1,24.09,24.09,24.09,1,1335,0,0.5,1
28/08/2024,24.08,24.84,23.19,23.45,2427017.83000000,,AVAXUSDT_daily,CRYPTO,BINANCE,USDT,1,1,1,23.45,23.45,23.45,1,1336,0,0.5,1
29/08/2024,23.44,24.68,22.78,22.89,1881922.74000000,,AVAXUSDT_daily,CRYPTO,BINANCE,USDT,1,1,1,22.89,22.89,22.89,1,1337,0,0.5,1
30/08/2024,22.9,23.64,22.18,23.29,1640828.47000000,,AVAXUSDT_daily,CRYPTO,BINANCE,USDT,1,1,1,23.29,23.29,23.29,1,1338,0,0.5,1
31/08/2024,23.29,23.4,22.47,22.81,731034.89000000,,AVAXUSDT_daily,CRYPTO,BINANCE,USDT,1,1,1,22.81,22.81,22.81,1,1339,0,0.5,1
01/09/2024,22.8,22.84,21.09,21.42,1701717.55000000,,AVAXUSDT_daily,CRYPTO,BINANCE,USDT,1,1,1,21.42,21.42,21.42,1,1340,0,0.5,1
02/09/2024,21.42,22.57,21.37,22.37,1213729.20000000,,AVAXUSDT_daily,CRYPTO,BINANCE,USDT,1,1,1,22.37,22.37,22.37,1,1341,0,0.5,1
03/09/2024,22.37,22.73,21.33,21.38,1165499.01000000,,AVAXUSDT_daily,CRYPTO,BINANCE,USDT,1,1,1,21.38,21.38,21.38,1,1342,0,0.5,1
04/09/2024,21.38,22.32,20.48,21.9,1783124.44000000,,AVAXUSDT_daily,CRYPTO,BINANCE,USDT,1,1,1,21.9,21.9,21.9,1,1343,0,0.5,1
05/09/2024,21.91,22.19,21.23,21.38,1130561.49000000,,AVAXUSDT_daily,CRYPTO,BINANCE,USDT,1,1,1,21.38,21.38,21.38,1,1344,0,0.5,1
06/09/2024,21.38,22.19,20.48,21.17,2491055.66000000,,AVAXUSDT_daily,CRYPTO,BINANCE,USDT,1,1,1,21.17,21.17,21.17,1,1345,0,0.5,1
07/09/2024,21.16,22,21.05,21.8,951544.49000000,,AVAXUSDT_daily,CRYPTO,BINANCE,USDT,1,1,1,21.8,21.8,21.8,1,1346,0,0.5,1
08/09/2024,21.8,23.52,21.71,23.25,1913376.33000000,,AVAXUSDT_daily,CRYPTO,BINANCE,USDT,1,1,1,23.25,23.25,23.25,1,1347,0,0.5,1
09/09/2024,23.25,24.44,23.14,23.84,2082195.37000000,,AVAXUSDT_daily,CRYPTO,BINANCE,USDT,1,1,1,23.84,23.84,23.84,1,1348,0,0.5,1
10/09/2024,23.85,24.59,23.57,24.36,1441227.33000000,,AVAXUSDT_daily,CRYPTO,BINANCE,USDT,1,1,1,24.36,24.36,24.36,1,1349,0,0.5,1
11/09/2024,24.36,24.52,22.87,23.28,1685272.65000000,,AVAXUSDT_daily,CRYPTO,BINANCE,USDT,1,1,1,23.28,23.28,23.28,1,1350,0,0.5,1
12/09/2024,23.28,24.1,23.27,24.02,1532687.18000000,,AVAXUSDT_daily,CRYPTO,BINANCE,USDT,1,1,1,24.02,24.02,24.02,1,1351,0,0.5,1
13/09/2024,24.02,25.1,23.66,24.91,1883781.59000000,,AVAXUSDT_daily,CRYPTO,BINANCE,USDT,1,1,1,24.91,24.91,24.91,1,1352,0,0.5,1
14/09/2024,24.91,25.66,24.61,25.32,1199130.86000000,,AVAXUSDT_daily,CRYPTO,BINANCE,USDT,1,1,1,25.32,25.32,25.32,1,1353,0,0.5,1
15/09/2024,25.33,25.38,23.64,23.8,1451892.29000000,,AVAXUSDT_daily,CRYPTO,BINANCE,USDT,1,1,1,23.8,23.8,23.8,1,1354,0,0.5,1
16/09/2024,23.8,24.24,23.22,23.52,1751162.34000000,,AVAXUSDT_daily,CRYPTO,BINANCE,USDT,1,1,1,23.52,23.52,23.52,1,1355,0,0.5,1
17/09/2024,23.52,24.49,23.16,23.77,1583225.80000000,,AVAXUSDT_daily,CRYPTO,BINANCE,USDT,1,1,1,23.77,23.77,23.77,1,1356,0,0.5,1
18/09/2024,23.78,24.73,22.79,24.68,2073720.90000000,,AVAXUSDT_daily,CRYPTO,BINANCE,USDT,1,1,1,24.68,24.68,24.68,1,1357,0,0.5,1
19/09/2024,24.7,26.79,24.69,26.66,2927349.19000000,,AVAXUSDT_daily,CRYPTO,BINANCE,USDT,1,1,1,26.66,26.66,26.66,1,1358,0,0.5,1
20/09/2024,26.67,28.8,26.48,27.67,3375743.30000000,,AVAXUSDT_daily,CRYPTO,BINANCE,USDT,1,1,1,27.67,27.67,27.67,1,1359,0,0.5,1
21/09/2024,27.67,28.13,26.99,27.79,1074371.17000000,,AVAXUSDT_daily,CRYPTO,BINANCE,USDT,1,1,1,27.79,27.79,27.79,1,1360,0,0.5,1
22/09/2024,27.79,27.8,26.45,27.29,1232505.34000000,,AVAXUSDT_daily,CRYPTO,BINANCE,USDT,1,1,1,27.29,27.29,27.29,1,1361,0,0.5,1
23/09/2024,27.3,28.18,26.56,27.39,2044240.42000000,,AVAXUSDT_daily,CRYPTO,BINANCE,USDT,1,1,1,27.39,27.39,27.39,1,1362,0,0.5,1
24/09/2024,27.39,28.55,26.84,28.46,1891613.31000000,,AVAXUSDT_daily,CRYPTO,BINANCE,USDT,1,1,1,28.46,28.46,28.46,1,1363,0,0.5,1
25/09/2024,28.46,28.5,27.15,27.28,2136050.42000000,,AVAXUSDT_daily,CRYPTO,BINANCE,USDT,1,1,1,27.28,27.28,27.28,1,1364,0,0.5,1
26/09/2024,27.29,29.42,26.96,29.16,2834148.82000000,,AVAXUSDT_daily,CRYPTO,BINANCE,USDT,1,1,1,29.16,29.16,29.16,1,1365,0,0.5,1
27/09/2024,29.15,30.85,28.93,30.43,2216838.14000000,,AVAXUSDT_daily,CRYPTO,BINANCE,USDT,1,1,1,30.43,30.43,30.43,1,1366,0,0.5,1
28/09/2024,30.44,30.76,29.03,29.28,1265112.67000000,,AVAXUSDT_daily,CRYPTO,BINANCE,USDT,1,1,1,29.28,29.28,29.28,1,1367,0,0.5,1
29/09/2024,29.29,29.47,28.24,29.04,1309575.50000000,,AVAXUSDT_daily,CRYPTO,BINANCE,USDT,1,1,1,29.04,29.04,29.04,1,1368,0,0.5,1
30/09/2024,29.04,29.12,27.56,27.71,2118117.74000000,,AVAXUSDT_daily,CRYPTO,BINANCE,USDT,1,1,1,27.71,27.71,27.71,1,1369,0,0.5,1
01/10/2024,27.71,28.89,25,25.82,3528601.75000000,,AVAXUSDT_daily,CRYPTO,BINANCE,USDT,1,1,1,25.82,25.82,25.82,1,1370,0,0.5,1
02/10/2024,25.82,26.78,25.03,25.33,2104510.83000000,,AVAXUSDT_daily,CRYPTO,BINANCE,USDT,1,1,1,25.33,25.33,25.33,1,1371,0,0.5,1
03/10/2024,25.33,25.67,23.9,24.66,2257868.51000000,,AVAXUSDT_daily,CRYPTO,BINANCE,USDT,1,1,1,24.66,24.66,24.66,1,1372,0,0.5,1
04/10/2024,24.66,26.5,24.44,26.27,1804442.66000000,,AVAXUSDT_daily,CRYPTO,BINANCE,USDT,1,1,1,26.27,26.27,26.27,1,1373,0,0.5,1
05/10/2024,26.27,26.45,25.1,25.67,1054363.46000000,,AVAXUSDT_daily,CRYPTO,BINANCE,USDT,1,1,1,25.67,25.67,25.67,1,1374,0,0.5,1
06/10/2024,25.67,27.08,25.49,26.94,1233938.51000000,,AVAXUSDT_daily,CRYPTO,BINANCE,USDT,1,1,1,26.94,26.94,26.94,1,1375,0,0.5,1
07/10/2024,26.93,27.74,26.51,26.56,1779576.78000000,,AVAXUSDT_daily,CRYPTO,BINANCE,USDT,1,1,1,26.56,26.56,26.56,1,1376,0,0.5,1
08/10/2024,26.57,27.19,26.03,26.34,1316635.28000000,,AVAXUSDT_daily,CRYPTO,BINANCE,USDT,1,1,1,26.34,26.34,26.34,1,1377,0,0.5,1
09/10/2024,26.34,26.7,25.68,25.76,1612088.05000000,,AVAXUSDT_daily,CRYPTO,BINANCE,USDT,1,1,1,25.76,25.76,25.76,1,1378,0,0.5,1
10/10/2024,25.76,26.37,25.06,25.86,1305991.34000000,,AVAXUSDT_daily,CRYPTO,BINANCE,USDT,1,1,1,25.86,25.86,25.86,1,1379,0,0.5,1
11/10/2024,25.85,27.6,25.75,27.45,1356314.72000000,,AVAXUSDT_daily,CRYPTO,BINANCE,USDT,1,1,1,27.45,27.45,27.45,1,1380,0,0.5,1
12/10/2024,27.46,29.37,27.39,28.64,2063826.88000000,,AVAXUSDT_daily,CRYPTO,BINANCE,USDT,1,1,1,28.64,28.64,28.64,1,1381,0,0.5,1
13/10/2024,28.63,29.36,28.3,29.06,1605213.50000000,,AVAXUSDT_daily,CRYPTO,BINANCE,USDT,1,1,1,29.06,29.06,29.06,1,1382,0,0.5,1
14/10/2024,29.05,29.87,28.65,29.07,2007570.41000000,,AVAXUSDT_daily,CRYPTO,BINANCE,USDT,1,1,1,29.07,29.07,29.07,1,1383,0,0.5,1
15/10/2024,29.07,29.62,27.45,28.21,2806768.34000000,,AVAXUSDT_daily,CRYPTO,BINANCE,USDT,1,1,1,28.21,28.21,28.21,1,1384,0,0.5,1
16/10/2024,28.21,28.22,27.25,28.02,1952738.95000000,,AVAXUSDT_daily,CRYPTO,BINANCE,USDT,1,1,1,28.02,28.02,28.02,1,1385,0,0.5,1
17/10/2024,28.03,28.27,26.82,27.31,1321790.89000000,,AVAXUSDT_daily,CRYPTO,BINANCE,USDT,1,1,1,27.31,27.31,27.31,1,1386,0,0.5,1
18/10/2024,27.31,28.17,27.1,28.1,894689.48000000,,AVAXUSDT_daily,CRYPTO,BINANCE,USDT,1,1,1,28.1,28.1,28.1,1,1387,0,0.5,1
19/10/2024,28.1,28.46,27.71,28.1,588731.97000000,,AVAXUSDT_daily,CRYPTO,BINANCE,USDT,1,1,1,28.1,28.1,28.1,1,1388,0,0.5,1
20/10/2024,28.1,29,27.76,28.96,883990.57000000,,AVAXUSDT_daily,CRYPTO,BINANCE,USDT,1,1,1,28.96,28.96,28.96,1,1389,0,0.5,1
21/10/2024,28.97,29.32,27.38,27.75,1515208.07000000,,AVAXUSDT_daily,CRYPTO,BINANCE,USDT,1,1,1,27.75,27.75,27.75,1,1390,0,0.5,1
22/10/2024,27.75,28.23,27.24,27.64,1311372.78000000,,AVAXUSDT_daily,CRYPTO,BINANCE,USDT,1,1,1,27.64,27.64,27.64,1,1391,0,0.5,1
23/10/2024,27.65,27.71,25.89,26.75,1697988.90000000,,AVAXUSDT_daily,CRYPTO,BINANCE,USDT,1,1,1,26.75,26.75,26.75,1,1392,0,0.5,1
24/10/2024,26.75,27.24,26.38,26.83,1323965.20000000,,AVAXUSDT_daily,CRYPTO,BINANCE,USDT,1,1,1,26.83,26.83,26.83,1,1393,0,0.5,1
25/10/2024,26.84,26.89,24.01,24.93,2098635.37000000,,AVAXUSDT_daily,CRYPTO,BINANCE,USDT,1,1,1,24.93,24.93,24.93,1,1394,0,0.5,1
26/10/2024,24.94,25.68,24.56,25.41,1042871.56000000,,AVAXUSDT_daily,CRYPTO,BINANCE,USDT,1,1,1,25.41,25.41,25.41,1,1395,0,0.5,1
27/10/2024,25.41,25.94,25.25,25.77,596461.70000000,,AVAXUSDT_daily,CRYPTO,BINANCE,USDT,1,1,1,25.77,25.77,25.77,1,1396,0,0.5,1
28/10/2024,25.77,26.54,25.05,26.25,1509538.85000000,,AVAXUSDT_daily,CRYPTO,BINANCE,USDT,1,1,1,26.25,26.25,26.25,1,1397,0,0.5,1
29/10/2024,26.26,27.16,26.17,26.88,1492949.80000000,,AVAXUSDT_daily,CRYPTO,BINANCE,USDT,1,1,1,26.88,26.88,26.88,1,1398,0,0.5,1
30/10/2024,26.88,26.91,26.01,26.18,1634180.54000000,,AVAXUSDT_daily,CRYPTO,BINANCE,USDT,1,1,1,26.18,26.18,26.18,1,1399,0,0.5,1
31/10/2024,26.17,26.23,24.68,25.03,1389613.61000000,,AVAXUSDT_daily,CRYPTO,BINANCE,USDT,1,1,1,25.03,25.03,25.03,1,1400,0,0.5,1
01/11/2024,25.03,25.71,24.4,24.78,1566405.89000000,,AVAXUSDT_daily,CRYPTO,BINANCE,USDT,1,1,1,24.78,24.78,24.78,1,1401,0,0.5,1
02/11/2024,24.79,25.02,23.96,24.12,747467.07000000,,AVAXUSDT_daily,CRYPTO,BINANCE,USDT,1,1,1,24.12,24.12,24.12,1,1402,0,0.5,1
03/11/2024,24.13,24.2,22.6,23.54,1839984.69000000,,AVAXUSDT_daily,CRYPTO,BINANCE,USDT,1,1,1,23.54,23.54,23.54,1,1403,0,0.5,1
04/11/2024,23.53,23.94,22.35,22.72,1698424.83000000,,AVAXUSDT_daily,CRYPTO,BINANCE,USDT,1,1,1,22.72,22.72,22.72,1,1404,0,0.5,1
05/11/2024,22.72,24.51,22.59,23.99,1705771.01000000,,AVAXUSDT_daily,CRYPTO,BINANCE,USDT,1,1,1,23.99,23.99,23.99,1,1405,0,0.5,1
06/11/2024,24,27.3,24,27.01,3669930.55000000,,AVAXUSDT_daily,CRYPTO,BINANCE,USDT,1,1,1,27.01,27.01,27.01,1,1406,0,0.5,1
07/11/2024,27.01,28,26.51,27.38,2304556.93000000,,AVAXUSDT_daily,CRYPTO,BINANCE,USDT,1,1,1,27.38,27.38,27.38,1,1407,0,0.5,1
08/11/2024,27.39,28.79,27.1,28.78,2423694.41000000,,AVAXUSDT_daily,CRYPTO,BINANCE,USDT,1,1,1,28.78,28.78,28.78,1,1408,0,0.5,1
09/11/2024,28.78,30.48,28.49,30.36,2817405.70000000,,AVAXUSDT_daily,CRYPTO,BINANCE,USDT,1,1,1,30.36,30.36,30.36,1,1409,0,0.5,1
10/11/2024,30.37,33.29,29.69,31.89,6132136.02000000,,AVAXUSDT_daily,CRYPTO,BINANCE,USDT,1,1,1,31.89,31.89,31.89,1,1410,0,0.5,1
11/11/2024,31.89,35.79,30.7,35.71,7008431.33000000,,AVAXUSDT_daily,CRYPTO,BINANCE,USDT,1,1,1,35.71,35.71,35.71,1,1411,0,0.5,1
12/11/2024,35.72,37.67,32.66,33.96,9074667.64000000,,AVAXUSDT_daily,CRYPTO,BINANCE,USDT,1,1,1,33.96,33.96,33.96,1,1412,0,0.5,1
13/11/2024,33.96,35.05,31.2,33.12,8175967.91000000,,AVAXUSDT_daily,CRYPTO,BINANCE,USDT,1,1,1,33.12,33.12,33.12,1,1413,0,0.5,1
14/11/2024,33.11,34.72,30.68,31.21,4206583.37000000,,AVAXUSDT_daily,CRYPTO,BINANCE,USDT,1,1,1,31.21,31.21,31.21,1,1414,0,0.5,1
15/11/2024,31.21,33.3,30.59,33.13,2971420.25000000,,AVAXUSDT_daily,CRYPTO,BINANCE,USDT,1,1,1,33.13,33.13,33.13,1,1415,0,0.5,1
16/11/2024,33.13,35.74,32.79,35.14,4066373.30000000,,AVAXUSDT_daily,CRYPTO,BINANCE,USDT,1,1,1,35.14,35.14,35.14,1,1416,0,0.5,1
17/11/2024,35.15,37.27,33.08,34.71,5673738.64000000,,AVAXUSDT_daily,CRYPTO,BINANCE,USDT,1,1,1,34.71,34.71,34.71,1,1417,0,0.5,1
18/11/2024,34.72,36.16,34.06,35.48,4439039.40000000,,AVAXUSDT_daily,CRYPTO,BINANCE,USDT,1,1,1,35.48,35.48,35.48,1,1418,0,0.5,1
19/11/2024,35.48,35.63,33.52,34.2,2987306.04000000,,AVAXUSDT_daily,CRYPTO,BINANCE,USDT,1,1,1,34.2,34.2,34.2,1,1419,0,0.5,1
20/11/2024,34.2,35.75,32.77,33.59,3615587.80000000,,AVAXUSDT_daily,CRYPTO,BINANCE,USDT,1,1,1,33.59,33.59,33.59,1,1420,0,0.5,1
21/11/2024,33.6,36.2,32.31,35.84,4208872.98000000,,AVAXUSDT_daily,CRYPTO,BINANCE,USDT,1,1,1,35.84,35.84,35.84,1,1421,0,0.5,1
22/11/2024,35.84,43.52,35.18,43.17,8056726.78000000,,AVAXUSDT_daily,CRYPTO,BINANCE,USDT,1,1,1,43.17,43.17,43.17,1,1422,0,0.5,1
23/11/2024,43.18,45.27,40.69,41.44,7788308.37000000,,AVAXUSDT_daily,CRYPTO,BINANCE,USDT,1,1,1,41.44,41.44,41.44,1,1423,0,0.5,1
24/11/2024,41.44,43.14,38.31,42.06,5915164.28000000,,AVAXUSDT_daily,CRYPTO,BINANCE,USDT,1,1,1,42.06,42.06,42.06,1,1424,0,0.5,1
25/11/2024,42.05,47.93,40.02,41.31,9557513.01000000,,AVAXUSDT_daily,CRYPTO,BINANCE,USDT,1,1,1,41.31,41.31,41.31,1,1425,0,0.5,1
26/11/2024,41.31,43.35,38.5,42.72,6473991.30000000,,AVAXUSDT_daily,CRYPTO,BINANCE,USDT,1,1,1,42.72,42.72,42.72,1,1426,0,0.5,1
27/11/2024,42.73,44.47,41.95,43.78,4868664.66000000,,AVAXUSDT_daily,CRYPTO,BINANCE,USDT,1,1,1,43.78,43.78,43.78,1,1427,0,0.5,1
28/11/2024,43.78,44.24,41.51,42.77,2715014.37000000,,AVAXUSDT_daily,CRYPTO,BINANCE,USDT,1,1,1,42.77,42.77,42.77,1,1428,0,0.5,1
29/11/2024,42.78,45.07,42.54,44.86,2791481.17000000,,AVAXUSDT_daily,CRYPTO,BINANCE,USDT,1,1,1,44.86,44.86,44.86,1,1429,0,0.5,1
30/11/2024,44.86,46.26,43.65,44.81,2529834.27000000,,AVAXUSDT_daily,CRYPTO,BINANCE,USDT,1,1,1,44.81,44.81,44.81,1,1430,0,0.5,1
01/12/2024,44.81,45.78,43.65,45.09,2620155.57000000,,AVAXUSDT_daily,CRYPTO,BINANCE,USDT,1,1,1,45.09,45.09,45.09,1,1431,0,0.5,1
02/12/2024,45.09,52.49,45,52.27,13230224.23000000,,AVAXUSDT_daily,CRYPTO,BINANCE,USDT,1,1,1,52.27,52.27,52.27,1,1432,0,0.5,1
03/12/2024,52.27,53.95,47.8,50.9,8509217.61000000,,AVAXUSDT_daily,CRYPTO,BINANCE,USDT,1,1,1,50.9,50.9,50.9,1,1433,0,0.5,1
04/12/2024,50.9,55.79,50.83,52.76,6737952.02000000,,AVAXUSDT_daily,CRYPTO,BINANCE,USDT,1,1,1,52.76,52.76,52.76,1,1434,0,0.5,1
05/12/2024,52.76,53.62,48.76,50.3,5150018.91000000,,AVAXUSDT_daily,CRYPTO,BINANCE,USDT,1,1,1,50.3,50.3,50.3,1,1435,0,0.5,1
06/12/2024,50.29,53.55,49.62,52.47,3531401.48000000,,AVAXUSDT_daily,CRYPTO,BINANCE,USDT,1,1,1,52.47,52.47,52.47,1,1436,0,0.5,1
07/12/2024,52.48,53.08,51.2,51.6,1802079.69000000,,AVAXUSDT_daily,CRYPTO,BINANCE,USDT,1,1,1,51.6,51.6,51.6,1,1437,0,0.5,1
08/12/2024,51.6,54.39,50.35,53.98,2610374.95000000,,AVAXUSDT_daily,CRYPTO,BINANCE,USDT,1,1,1,53.98,53.98,53.98,1,1438,0,0.5,1
09/12/2024,53.99,54.2,40.4,45.02,8678006.11000000,,AVAXUSDT_daily,CRYPTO,BINANCE,USDT,1,1,1,45.02,45.02,45.02,1,1439,0,0.5,1
10/12/2024,45.02,46.49,41.32,44.6,5913538.77000000,,AVAXUSDT_daily,CRYPTO,BINANCE,USDT,1,1,1,44.6,44.6,44.6,1,1440,0,0.5,1
11/12/2024,44.6,48.48,42.78,48.47,3179918.54000000,,AVAXUSDT_daily,CRYPTO,BINANCE,USDT,1,1,1,48.47,48.47,48.47,1,1441,0,0.5,1
12/12/2024,48.46,55.41,48.21,53.14,6946012.23000000,,AVAXUSDT_daily,CRYPTO,BINANCE,USDT,1,1,1,53.14,53.14,53.14,1,1442,0,0.5,1
13/12/2024,53.14,54.03,50.72,52.78,3059871.58000000,,AVAXUSDT_daily,CRYPTO,BINANCE,USDT,1,1,1,52.78,52.78,52.78,1,1443,0,0.5,1
14/12/2024,52.79,53.84,49.38,49.85,2178229.40000000,,AVAXUSDT_daily,CRYPTO,BINANCE,USDT,1,1,1,49.85,49.85,49.85,1,1444,0,0.5,1
15/12/2024,49.85,51.56,48.1,50.76,2534152.78000000,,AVAXUSDT_daily,CRYPTO,BINANCE,USDT,1,1,1,50.76,50.76,50.76,1,1445,0,0.5,1
16/12/2024,50.77,52.05,48.34,48.98,2847916.50000000,,AVAXUSDT_daily,CRYPTO,BINANCE,USDT,1,1,1,48.98,48.98,48.98,1,1446,0,0.5,1
17/12/2024,48.99,50.84,47.52,47.92,2405448.95000000,,AVAXUSDT_daily,CRYPTO,BINANCE,USDT,1,1,1,47.92,47.92,47.92,1,1447,0,0.5,1
18/12/2024,47.92,48.2,42.63,42.78,4851431.93000000,,AVAXUSDT_daily,CRYPTO,BINANCE,USDT,1,1,1,42.78,42.78,42.78,1,1448,0,0.5,1
19/12/2024,42.78,43.61,37.46,38.83,6144612.93000000,,AVAXUSDT_daily,CRYPTO,BINANCE,USDT,1,1,1,38.83,38.83,38.83,1,1449,0,0.5,1
20/12/2024,38.84,40.39,33.6,39.86,6360495.34000000,,AVAXUSDT_daily,CRYPTO,BINANCE,USDT,1,1,1,39.86,39.86,39.86,1,1450,0,0.5,1
21/12/2024,39.85,42.36,36.93,37.42,2760917.70000000,,AVAXUSDT_daily,CRYPTO,BINANCE,USDT,1,1,1,37.42,37.42,37.42,1,1451,0,0.5,1
22/12/2024,37.42,38.54,35.52,36.57,2091153.42000000,,AVAXUSDT_daily,CRYPTO,BINANCE,USDT,1,1,1,36.57,36.57,36.57,1,1452,0,0.5,1
23/12/2024,36.57,39.74,35.62,39.11,3166198.31000000,,AVAXUSDT_daily,CRYPTO,BINANCE,USDT,1,1,1,39.11,39.11,39.11,1,1453,0,0.5,1
24/12/2024,39.1,42.06,37.7,41.25,2566311.12000000,,AVAXUSDT_daily,CRYPTO,BINANCE,USDT,1,1,1,41.25,41.25,41.25,1,1454,0,0.5,1
25/12/2024,41.25,41.9,39.83,40.25,1222671.71000000,,AVAXUSDT_daily,CRYPTO,BINANCE,USDT,1,1,1,40.25,40.25,40.25,1,1455,0,0.5,1
26/12/2024,40.26,40.74,36.97,37.33,1918690.88000000,,AVAXUSDT_daily,CRYPTO,BINANCE,USDT,1,1,1,37.33,37.33,37.33,1,1456,0,0.5,1
27/12/2024,37.33,39.05,36.31,36.56,1872302.26000000,,AVAXUSDT_daily,CRYPTO,BINANCE,USDT,1,1,1,36.56,36.56,36.56,1,1457,0,0.5,1
28/12/2024,36.57,38.14,36.28,37.74,1085666.84000000,,AVAXUSDT_daily,CRYPTO,BINANCE,USDT,1,1,1,37.74,37.74,37.74,1,1458,0,0.5,1
29/12/2024,37.75,37.81,35.53,35.84,1157162.61000000,,AVAXUSDT_daily,CRYPTO,BINANCE,USDT,1,1,1,35.84,35.84,35.84,1,1459,0,0.5,1
30/12/2024,35.85,37.19,34.87,35.97,2903986.22000000,,AVAXUSDT_daily,CRYPTO,BINANCE,USDT,1,1,1,35.97,35.97,35.97,1,1460,0,0.5,1
31/12/2024,35.98,37.29,34.94,35.71,1329180.53000000,,AVAXUSDT_daily,CRYPTO,BINANCE,USDT,1,1,1,35.71,35.71,35.71,1,1461,0,0.5,1
01/01/2025,35.7,37.99,34.95,37.78,1248478.54000000,,AVAXUSDT_daily,CRYPTO,BINANCE,USDT,1,1,1,37.78,37.78,37.78,1,1462,0,0.5,1
02/01/2025,37.77,40.6,37.77,39.28,1937889.62000000,,AVAXUSDT_daily,CRYPTO,BINANCE,USDT,1,1,1,39.28,39.28,39.28,1,1463,0,0.5,1
03/01/2025,39.28,42.19,38.89,41.94,2194111.86000000,,AVAXUSDT_daily,CRYPTO,BINANCE,USDT,1,1,1,41.94,41.94,41.94,1,1464,0,0.5,1
04/01/2025,41.93,42.85,40.89,42.63,1643635.51000000,,AVAXUSDT_daily,CRYPTO,BINANCE,USDT,1,1,1,42.63,42.63,42.63,1,1465,0,0.5,1
05/01/2025,42.63,43.2,41.24,43.11,1297708.53000000,,AVAXUSDT_daily,CRYPTO,BINANCE,USDT,1,1,1,43.11,43.11,43.11,1,1466,0,0.5,1
06/01/2025,43.11,45.05,42.03,44.05,2332218.89000000,,AVAXUSDT_daily,CRYPTO,BINANCE,USDT,1,1,1,44.05,44.05,44.05,1,1467,0,0.5,1
07/01/2025,44.04,44.57,39.13,39.21,3020624.86000000,,AVAXUSDT_daily,CRYPTO,BINANCE,USDT,1,1,1,39.21,39.21,39.21,1,1468,0,0.5,1
08/01/2025,39.2,39.93,36.19,37.43,2979010.30000000,,AVAXUSDT_daily,CRYPTO,BINANCE,USDT,1,1,1,37.43,37.43,37.43,1,1469,0,0.5,1
09/01/2025,37.42,37.94,35.5,36.2,1999453.23000000,,AVAXUSDT_daily,CRYPTO,BINANCE,USDT,1,1,1,36.2,36.2,36.2,1,1470,0,0.5,1
10/01/2025,36.21,37.93,35.95,36.67,2106803.56000000,,AVAXUSDT_daily,CRYPTO,BINANCE,USDT,1,1,1,36.67,36.67,36.67,1,1471,0,0.5,1
11/01/2025,36.67,37.78,36.02,37.13,864520.17000000,,AVAXUSDT_daily,CRYPTO,BINANCE,USDT,1,1,1,37.13,37.13,37.13,1,1472,0,0.5,1
12/01/2025,37.14,37.63,36.11,36.56,806162.71000000,,AVAXUSDT_daily,CRYPTO,BINANCE,USDT,1,1,1,36.56,36.56,36.56,1,1473,0,0.5,1
13/01/2025,36.57,37.36,32.79,35.29,3196828.06000000,,AVAXUSDT_daily,CRYPTO,BINANCE,USDT,1,1,1,35.29,35.29,35.29,1,1474,0,0.5,1
14/01/2025,35.3,36.72,35.01,36.57,1368764.92000000,,AVAXUSDT_daily,CRYPTO,BINANCE,USDT,1,1,1,36.57,36.57,36.57,1,1475,0,0.5,1
15/01/2025,36.57,40.02,36.2,39.82,2645740.70000000,,AVAXUSDT_daily,CRYPTO,BINANCE,USDT,1,1,1,39.82,39.82,39.82,1,1476,0,0.5,1
16/01/2025,39.83,40.53,38.34,40.06,2530086.47000000,,AVAXUSDT_daily,CRYPTO,BINANCE,USDT,1,1,1,40.06,40.06,40.06,1,1477,0,0.5,1
17/01/2025,40.07,41.82,40.07,41.38,1918562.98000000,,AVAXUSDT_daily,CRYPTO,BINANCE,USDT,1,1,1,41.38,41.38,41.38,1,1478,0,0.5,1
18/01/2025,41.37,41.68,38.3,39.25,2433155.45000000,,AVAXUSDT_daily,CRYPTO,BINANCE,USDT,1,1,1,39.25,39.25,39.25,1,1479,0,0.5,1
19/01/2025,39.25,40.57,34.86,35.68,5434412.75000000,,AVAXUSDT_daily,CRYPTO,BINANCE,USDT,1,1,1,35.68,35.68,35.68,1,1480,0,0.5,1
20/01/2025,35.68,40.24,34.49,36.03,7072834.44000000,,AVAXUSDT_daily,CRYPTO,BINANCE,USDT,1,1,1,36.03,36.03,36.03,1,1481,0,0.5,1
21/01/2025,36.04,37.59,34.52,36.95,2671980.96000000,,AVAXUSDT_daily,CRYPTO,BINANCE,USDT,1,1,1,36.95,36.95,36.95,1,1482,0,0.5,1
22/01/2025,36.96,37.77,36.5,36.8,1563354.77000000,,AVAXUSDT_daily,CRYPTO,BINANCE,USDT,1,1,1,36.8,36.8,36.8,1,1483,0,0.5,1
23/01/2025,36.8,36.96,34.64,35.56,2662984.04000000,,AVAXUSDT_daily,CRYPTO,BINANCE,USDT,1,1,1,35.56,35.56,35.56,1,1484,0,0.5,1
24/01/2025,35.56,36.79,34.56,35.34,1730924.12000000,,AVAXUSDT_daily,CRYPTO,BINANCE,USDT,1,1,1,35.34,35.34,35.34,1,1485,0,0.5,1
25/01/2025,35.35,37.26,34.9,36.61,1441802.34000000,,AVAXUSDT_daily,CRYPTO,BINANCE,USDT,1,1,1,36.61,36.61,36.61,1,1486,0,0.5,1
26/01/2025,36.61,38.16,35.71,35.75,1529011.14000000,,AVAXUSDT_daily,CRYPTO,BINANCE,USDT,1,1,1,35.75,35.75,35.75,1,1487,0,0.5,1
27/01/2025,35.74,36.06,32.87,34.2,3827537.04000000,,AVAXUSDT_daily,CRYPTO,BINANCE,USDT,1,1,1,34.2,34.2,34.2,1,1488,0,0.5,1
28/01/2025,34.2,34.52,31.84,32.08,1705606.48000000,,AVAXUSDT_daily,CRYPTO,BINANCE,USDT,1,1,1,32.08,32.08,32.08,1,1489,0,0.5,1
29/01/2025,32.08,33.84,31.89,32.8,2065519.30000000,,AVAXUSDT_daily,CRYPTO,BINANCE,USDT,1,1,1,32.8,32.8,32.8,1,1490,0,0.5,1
30/01/2025,32.8,34.7,32.44,34.29,1413844.81000000,,AVAXUSDT_daily,CRYPTO,BINANCE,USDT,1,1,1,34.29,34.29,34.29,1,1491,0,0.5,1
31/01/2025,34.29,36.17,33.8,34.42,2009294.72000000,,AVAXUSDT_daily,CRYPTO,BINANCE,USDT,1,1,1,34.42,34.42,34.42,1,1492,0,0.5,1
01/02/2025,34.42,35.1,31.87,32.11,1623830.23000000,,AVAXUSDT_daily,CRYPTO,BINANCE,USDT,1,1,1,32.11,32.11,32.11,1,1493,0,0.5,1
02/02/2025,32.11,32.59,25.91,27.63,5849752.61000000,,AVAXUSDT_daily,CRYPTO,BINANCE,USDT,1,1,1,27.63,27.63,27.63,1,1494,0,0.5,1
03/02/2025,27.63,28.78,21.2,28.39,16232211.47000000,,AVAXUSDT_daily,CRYPTO,BINANCE,USDT,1,1,1,28.39,28.39,28.39,1,1495,0,0.5,1
04/02/2025,28.4,28.64,25.54,26.46,4687789.13000000,,AVAXUSDT_daily,CRYPTO,BINANCE,USDT,1,1,1,26.46,26.46,26.46,1,1496,0,0.5,1
05/02/2025,26.47,27.41,25.62,25.84,2339405.41000000,,AVAXUSDT_daily,CRYPTO,BINANCE,USDT,1,1,1,25.84,25.84,25.84,1,1497,0,0.5,1
06/02/2025,25.85,26.82,24.28,24.5,2104041.57000000,,AVAXUSDT_daily,CRYPTO,BINANCE,USDT,1,1,1,24.5,24.5,24.5,1,1498,0,0.5,1
07/02/2025,24.5,26.22,23.71,24.46,2801287.99000000,,AVAXUSDT_daily,CRYPTO,BINANCE,USDT,1,1,1,24.46,24.46,24.46,1,1499,0,0.5,1
08/02/2025,24.46,24.82,23.91,24.58,1241644.47000000,,AVAXUSDT_daily,CRYPTO,BINANCE,USDT,1,1,1,24.58,24.58,24.58,1,1500,0,0.5,1
09/02/2025,24.59,25.52,23.66,24.87,1924433.81000000,,AVAXUSDT_daily,CRYPTO,BINANCE,USDT,1,1,1,24.87,24.87,24.87,1,1501,0,0.5,1
10/02/2025,24.87,25.99,23.86,25.67,2019175.78000000,,AVAXUSDT_daily,CRYPTO,BINANCE,USDT,1,1,1,25.67,25.67,25.67,1,1502,0,0.5,1
11/02/2025,25.66,27.02,24.88,25.39,2096874.29000000,,AVAXUSDT_daily,CRYPTO,BINANCE,USDT,1,1,1,25.39,25.39,25.39,1,1503,0,0.5,1
12/02/2025,25.39,27.09,24.29,26.49,2870270.45000000,,AVAXUSDT_daily,CRYPTO,BINANCE,USDT,1,1,1,26.49,26.49,26.49,1,1504,0,0.5,1
13/02/2025,26.5,26.62,25.09,25.39,1590769.95000000,,AVAXUSDT_daily,CRYPTO,BINANCE,USDT,1,1,1,25.39,25.39,25.39,1,1505,0,0.5,1
14/02/2025,25.4,27.23,25.3,26.39,1934433.81000000,,AVAXUSDT_daily,CRYPTO,BINANCE,USDT,1,1,1,26.39,26.39,26.39,1,1506,0,0.5,1
15/02/2025,26.38,26.97,25.38,25.48,880943.46000000,,AVAXUSDT_daily,CRYPTO,BINANCE,USDT,1,1,1,25.48,25.48,25.48,1,1507,0,0.5,1
16/02/2025,25.49,25.59,24.74,24.85,1050638.52000000,,AVAXUSDT_daily,CRYPTO,BINANCE,USDT,1,1,1,24.85,24.85,24.85,1,1508,0,0.5,1
17/02/2025,24.86,25.95,24.43,25.03,1756982.01000000,,AVAXUSDT_daily,CRYPTO,BINANCE,USDT,1,1,1,25.03,25.03,25.03,1,1509,0,0.5,1
18/02/2025,25.04,25.12,22.93,23.52,2182686.86000000,,AVAXUSDT_daily,CRYPTO,BINANCE,USDT,1,1,1,23.52,23.52,23.52,1,1510,0,0.5,1
19/02/2025,23.53,24.02,22.98,23.74,1684111.70000000,,AVAXUSDT_daily,CRYPTO,BINANCE,USDT,1,1,1,23.74,23.74,23.74,1,1511,0,0.5,1
20/02/2025,23.73,25.35,23.72,25.15,2019666.25000000,,AVAXUSDT_daily,CRYPTO,BINANCE,USDT,1,1,1,25.15,25.15,25.15,1,1512,0,0.5,1
21/02/2025,25.15,26.54,23.77,24.54,3693083.33000000,,AVAXUSDT_daily,CRYPTO,BINANCE,USDT,1,1,1,24.54,24.54,24.54,1,1513,0,0.5,1
22/02/2025,24.54,26.37,24.44,25.83,2159273.44000000,,AVAXUSDT_daily,CRYPTO,BINANCE,USDT,1,1,1,25.83,25.83,25.83,1,1514,0,0.5,1
23/02/2025,25.84,25.98,24.4,24.85,1371001.72000000,,AVAXUSDT_daily,CRYPTO,BINANCE,USDT,1,1,1,24.85,24.85,24.85,1,1515,0,0.5,1
24/02/2025,24.85,25.18,21.47,21.88,2988167.30000000,,AVAXUSDT_daily,CRYPTO,BINANCE,USDT,1,1,1,21.88,21.88,21.88,1,1516,0,0.5,1
25/02/2025,21.88,22.34,20.3,21.94,5702796.73000000,,AVAXUSDT_daily,CRYPTO,BINANCE,USDT,1,1,1,21.94,21.94,21.94,1,1517,0,0.5,1
26/02/2025,21.94,22.59,21,21.87,3583388.79000000,,AVAXUSDT_daily,CRYPTO,BINANCE,USDT,1,1,1,21.87,21.87,21.87,1,1518,0,0.5,1
27/02/2025,21.88,23.39,21.65,22.52,2709549.54000000,,AVAXUSDT_daily,CRYPTO,BINANCE,USDT,1,1,1,22.52,22.52,22.52,1,1519,0,0.5,1
28/02/2025,22.53,22.61,20.23,22.37,4866833.75000000,,AVAXUSDT_daily,CRYPTO,BINANCE,USDT,1,1,1,22.37,22.37,22.37,1,1520,0,0.5,1
01/03/2025,22.38,22.5,21.05,21.86,1582538.68000000,,AVAXUSDT_daily,CRYPTO,BINANCE,USDT,1,1,1,21.86,21.86,21.86,1,1521,0,0.5,1
02/03/2025,21.87,24.99,21.56,24.95,5943544.61000000,,AVAXUSDT_daily,CRYPTO,BINANCE,USDT,1,1,1,24.95,24.95,24.95,1,1522,0,0.5,1
03/03/2025,24.95,25.12,20.58,20.95,5065494.28000000,,AVAXUSDT_daily,CRYPTO,BINANCE,USDT,1,1,1,20.95,20.95,20.95,1,1523,0,0.5,1
04/03/2025,20.96,21.11,18.84,20,7079770.52000000,,AVAXUSDT_daily,CRYPTO,BINANCE,USDT,1,1,1,20,20,20,1,1524,0,0.5,1
05/03/2025,19.99,22.48,19.69,21.73,5087934.65000000,,AVAXUSDT_daily,CRYPTO,BINANCE,USDT,1,1,1,21.73,21.73,21.73,1,1525,0,0.5,1
06/03/2025,21.73,22.57,20.89,20.99,3392070.57000000,,AVAXUSDT_daily,CRYPTO,BINANCE,USDT,1,1,1,20.99,20.99,20.99,1,1526,0,0.5,1
07/03/2025,21,21.32,19.68,20.14,4832190.14000000,,AVAXUSDT_daily,CRYPTO,BINANCE,USDT,1,1,1,20.14,20.14,20.14,1,1527,0,0.5,1
08/03/2025,20.14,21.1,19.42,20.49,2408378.09000000,,AVAXUSDT_daily,CRYPTO,BINANCE,USDT,1,1,1,20.49,20.49,20.49,1,1528,0,0.5,1
09/03/2025,20.5,20.69,17.76,17.97,2853469.06000000,,AVAXUSDT_daily,CRYPTO,BINANCE,USDT,1,1,1,17.97,17.97,17.97,1,1529,0,0.5,1
10/03/2025,17.98,19.06,16.14,16.26,5594677.27000000,,AVAXUSDT_daily,CRYPTO,BINANCE,USDT,1,1,1,16.26,16.26,16.26,1,1530,0,0.5,1
11/03/2025,16.26,17.91,15.27,17.51,7468057.14000000,,AVAXUSDT_daily,CRYPTO,BINANCE,USDT,1,1,1,17.51,17.51,17.51,1,1531,0,0.5,1
12/03/2025,17.51,18.98,16.95,18.91,3790676.49000000,,AVAXUSDT_daily,CRYPTO,BINANCE,USDT,1,1,1,18.91,18.91,18.91,1,1532,0,0.5,1
13/03/2025,18.92,19.33,17.73,18.5,3010210.36000000,,AVAXUSDT_daily,CRYPTO,BINANCE,USDT,1,1,1,18.5,18.5,18.5,1,1533,0,0.5,1
14/03/2025,18.51,19.31,18.46,18.58,2623693.56000000,,AVAXUSDT_daily,CRYPTO,BINANCE,USDT,1,1,1,18.58,18.58,18.58,1,1534,0,0.5,1
15/03/2025,18.58,19.47,18.37,19.4,2550418.34000000,,AVAXUSDT_daily,CRYPTO,BINANCE,USDT,1,1,1,19.4,19.4,19.4,1,1535,0,0.5,1
16/03/2025,19.39,19.85,18.12,18.25,2170899.75000000,,AVAXUSDT_daily,CRYPTO,BINANCE,USDT,1,1,1,18.25,18.25,18.25,1,1536,0,0.5,1
17/03/2025,18.26,19.09,18.2,18.82,1988333.14000000,,AVAXUSDT_daily,CRYPTO,BINANCE,USDT,1,1,1,18.82,18.82,18.82,1,1537,0,0.5,1
18/03/2025,18.83,19.28,18.32,18.97,2168023.22000000,,AVAXUSDT_daily,CRYPTO,BINANCE,USDT,1,1,1,18.97,18.97,18.97,1,1538,0,0.5,1
19/03/2025,18.97,20.1,18.84,19.74,3243124.39000000,,AVAXUSDT_daily,CRYPTO,BINANCE,USDT,1,1,1,19.74,19.74,19.74,1,1539,0,0.5,1
20/03/2025,19.74,19.86,18.41,18.74,1835276.74000000,,AVAXUSDT_daily,CRYPTO,BINANCE,USDT,1,1,1,18.74,18.74,18.74,1,1540,0,0.5,1
21/03/2025,18.75,19.49,18.36,19.18,1398814.97000000,,AVAXUSDT_daily,CRYPTO,BINANCE,USDT,1,1,1,19.18,19.18,19.18,1,1541,0,0.5,1
22/03/2025,19.19,19.74,19.08,19.43,1024746.34000000,,AVAXUSDT_daily,CRYPTO,BINANCE,USDT,1,1,1,19.43,19.43,19.43,1,1542,0,0.5,1
23/03/2025,19.43,19.85,19.31,19.82,931913.86000000,,AVAXUSDT_daily,CRYPTO,BINANCE,USDT,1,1,1,19.82,19.82,19.82,1,1543,0,0.5,1
24/03/2025,19.82,22.14,19.78,21.48,3286114.76000000,,AVAXUSDT_daily,CRYPTO,BINANCE,USDT,1,1,1,21.48,21.48,21.48,1,1544,0,0.5,1
25/03/2025,21.49,23.46,21.29,22.9,2480199.49000000,,AVAXUSDT_daily,CRYPTO,BINANCE,USDT,1,1,1,22.9,22.9,22.9,1,1545,0,0.5,1
26/03/2025,22.91,23.25,21.83,22.04,1937359.30000000,,AVAXUSDT_daily,CRYPTO,BINANCE,USDT,1,1,1,22.04,22.04,22.04,1,1546,0,0.5,1
27/03/2025,22.05,22.38,21.63,22.02,1464098.29000000,,AVAXUSDT_daily,CRYPTO,BINANCE,USDT,1,1,1,22.02,22.02,22.02,1,1547,0,0.5,1
28/03/2025,22.03,22.19,19.77,20.36,2326905.48000000,,AVAXUSDT_daily,CRYPTO,BINANCE,USDT,1,1,1,20.36,20.36,20.36,1,1548,0,0.5,1
29/03/2025,20.37,20.54,19.46,19.6,1829316.22000000,,AVAXUSDT_daily,CRYPTO,BINANCE,USDT,1,1,1,19.6,19.6,19.6,1,1549,0,0.5,1
30/03/2025,19.6,19.91,18.69,18.86,1847685.92000000,,AVAXUSDT_daily,CRYPTO,BINANCE,USDT,1,1,1,18.86,18.86,18.86,1,1550,0,0.5,1
31/03/2025,18.87,19.12,18.18,18.77,2071811.15000000,,AVAXUSDT_daily,CRYPTO,BINANCE,USDT,1,1,1,18.77,18.77,18.77,1,1551,0,0.5,1
01/04/2025,18.78,19.95,18.72,19.82,2184703.13000000,,AVAXUSDT_daily,CRYPTO,BINANCE,USDT,1,1,1,19.82,19.82,19.82,1,1552,0,0.5,1
02/04/2025,19.83,19.9,17.76,17.99,4154300.33000000,,AVAXUSDT_daily,CRYPTO,BINANCE,USDT,1,1,1,17.99,17.99,17.99,1,1553,0,0.5,1
03/04/2025,17.98,18.99,17.58,18.15,2568740.81000000,,AVAXUSDT_daily,CRYPTO,BINANCE,USDT,1,1,1,18.15,18.15,18.15,1,1554,0,0.5,1
04/04/2025,18.16,18.77,17.61,18.19,2567824.38000000,,AVAXUSDT_daily,CRYPTO,BINANCE,USDT,1,1,1,18.19,18.19,18.19,1,1555,0,0.5,1
05/04/2025,18.18,18.37,17.69,17.87,892954.09000000,,AVAXUSDT_daily,CRYPTO,BINANCE,USDT,1,1,1,17.87,17.87,17.87,1,1556,0,0.5,1
06/04/2025,17.88,17.92,15.62,16.04,2995334.12000000,,AVAXUSDT_daily,CRYPTO,BINANCE,USDT,1,1,1,16.04,16.04,16.04,1,1557,0,0.5,1
07/04/2025,16.05,17.23,14.66,16.68,7001164.45000000,,AVAXUSDT_daily,CRYPTO,BINANCE,USDT,1,1,1,16.68,16.68,16.68,1,1558,0,0.5,1
08/04/2025,16.69,17.74,15.94,16.15,3013852.32000000,,AVAXUSDT_daily,CRYPTO,BINANCE,USDT,1,1,1,16.15,16.15,16.15,1,1559,0,0.5,1
09/04/2025,16.16,18.91,15.59,18.44,5039404.19000000,,AVAXUSDT_daily,CRYPTO,BINANCE,USDT,1,1,1,18.44,18.44,18.44,1,1560,0,0.5,1
10/04/2025,18.44,18.45,17.55,18.31,2260469.93000000,,AVAXUSDT_daily,CRYPTO,BINANCE,USDT,1,1,1,18.31,18.31,18.31,1,1561,0,0.5,1
11/04/2025,18.31,19.57,18.31,19.12,2645844.68000000,,AVAXUSDT_daily,CRYPTO,BINANCE,USDT,1,1,1,19.12,19.12,19.12,1,1562,0,0.5,1
12/04/2025,19.13,21.03,18.84,20.49,2565460.53000000,,AVAXUSDT_daily,CRYPTO,BINANCE,USDT,1,1,1,20.49,20.49,20.49,1,1563,0,0.5,1
13/04/2025,20.5,20.68,19.27,19.59,2081180.70000000,,AVAXUSDT_daily,CRYPTO,BINANCE,USDT,1,1,1,19.59,19.59,19.59,1,1564,0,0.5,1
14/04/2025,19.6,20.68,19.55,20.11,2493602.65000000,,AVAXUSDT_daily,CRYPTO,BINANCE,USDT,1,1,1,20.11,20.11,20.11,1,1565,0,0.5,1
15/04/2025,20.12,20.28,18.96,19.01,1992562.14000000,,AVAXUSDT_daily,CRYPTO,BINANCE,USDT,1,1,1,19.01,19.01,19.01,1,1566,0,0.5,1
16/04/2025,19.01,19.3,18.5,18.76,1866616.80000000,,AVAXUSDT_daily,CRYPTO,BINANCE,USDT,1,1,1,18.76,18.76,18.76,1,1567,0,0.5,1
17/04/2025,18.75,19.56,18.69,19.05,1310110.82000000,,AVAXUSDT_daily,CRYPTO,BINANCE,USDT,1,1,1,19.05,19.05,19.05,1,1568,0,0.5,1
18/04/2025,19.06,19.34,18.85,19.07,717388.72000000,,AVAXUSDT_daily,CRYPTO,BINANCE,USDT,1,1,1,19.07,19.07,19.07,1,1569,0,0.5,1
19/04/2025,19.07,20.36,19.03,19.89,1150790.73000000,,AVAXUSDT_daily,CRYPTO,BINANCE,USDT,1,1,1,19.89,19.89,19.89,1,1570,0,0.5,1
20/04/2025,19.89,20.04,19.23,19.51,968529.05000000,,AVAXUSDT_daily,CRYPTO,BINANCE,USDT,1,1,1,19.51,19.51,19.51,1,1571,0,0.5,1
21/04/2025,19.51,20.95,19.51,19.92,2363765.38000000,,AVAXUSDT_daily,CRYPTO,BINANCE,USDT,1,1,1,19.92,19.92,19.92,1,1572,0,0.5,1
22/04/2025,19.92,22.3,19.44,22.11,3142750.25000000,,AVAXUSDT_daily,CRYPTO,BINANCE,USDT,1,1,1,22.11,22.11,22.11,1,1573,0,0.5,1
23/04/2025,22.11,23.08,21.88,22.33,3055259.88000000,,AVAXUSDT_daily,CRYPTO,BINANCE,USDT,1,1,1,22.33,22.33,22.33,1,1574,0,0.5,1
24/04/2025,22.34,22.64,21.61,22.37,1922790.32000000,,AVAXUSDT_daily,CRYPTO,BINANCE,USDT,1,1,1,22.37,22.37,22.37,1,1575,0,0.5,1
25/04/2025,22.38,22.87,21.77,22.17,2307424.43000000,,AVAXUSDT_daily,CRYPTO,BINANCE,USDT,1,1,1,22.17,22.17,22.17,1,1576,0,0.5,1
26/04/2025,22.17,22.99,21.72,22.42,1837182.04000000,,AVAXUSDT_daily,CRYPTO,BINANCE,USDT,1,1,1,22.42,22.42,22.42,1,1577,0,0.5,1
27/04/2025,22.41,22.8,21.65,21.71,1405919.05000000,,AVAXUSDT_daily,CRYPTO,BINANCE,USDT,1,1,1,21.71,21.71,21.71,1,1578,0,0.5,1
28/04/2025,21.72,22.43,21.02,21.84,2387195.87000000,,AVAXUSDT_daily,CRYPTO,BINANCE,USDT,1,1,1,21.84,21.84,21.84,1,1579,0,0.5,1
29/04/2025,21.84,22.3,21.27,21.57,1849977.57000000,,AVAXUSDT_daily,CRYPTO,BINANCE,USDT,1,1,1,21.57,21.57,21.57,1,1580,0,0.5,1
30/04/2025,21.56,21.94,20.36,20.92,2032986.84000000,,AVAXUSDT_daily,CRYPTO,BINANCE,USDT,1,1,1,20.92,20.92,20.92,1,1581,0,0.5,1
01/05/2025,20.91,21.87,20.81,21.64,2133588.19000000,,AVAXUSDT_daily,CRYPTO,BINANCE,USDT,1,1,1,21.64,21.64,21.64,1,1582,0,0.5,1
02/05/2025,21.64,22.19,20.97,21.25,1781738.14000000,,AVAXUSDT_daily,CRYPTO,BINANCE,USDT,1,1,1,21.25,21.25,21.25,1,1583,0,0.5,1
03/05/2025,21.26,21.28,20.49,20.52,1026816.50000000,,AVAXUSDT_daily,CRYPTO,BINANCE,USDT,1,1,1,20.52,20.52,20.52,1,1584,0,0.5,1
04/05/2025,20.53,20.63,19.76,19.91,1135995.10000000,,AVAXUSDT_daily,CRYPTO,BINANCE,USDT,1,1,1,19.91,19.91,19.91,1,1585,0,0.5,1
05/05/2025,19.91,20.24,19.3,19.69,1425147.33000000,,AVAXUSDT_daily,CRYPTO,BINANCE,USDT,1,1,1,19.69,19.69,19.69,1,1586,0,0.5,1
06/05/2025,19.69,20.13,19.27,20.01,1370974.68000000,,AVAXUSDT_daily,CRYPTO,BINANCE,USDT,1,1,1,20.01,20.01,20.01,1,1587,0,0.5,1
07/05/2025,20.01,20.25,19.09,19.55,1742392.20000000,,AVAXUSDT_daily,CRYPTO,BINANCE,USDT,1,1,1,19.55,19.55,19.55,1,1588,0,0.5,1
08/05/2025,19.55,22.17,19.49,22.16,3458163.09000000,,AVAXUSDT_daily,CRYPTO,BINANCE,USDT,1,1,1,22.16,22.16,22.16,1,1589,0,0.5,1
09/05/2025,22.16,24.01,21.96,23.27,4452531.81000000,,AVAXUSDT_daily,CRYPTO,BINANCE,USDT,1,1,1,23.27,23.27,23.27,1,1590,0,0.5,1
10/05/2025,23.27,25.97,23.01,25.82,4159813.91000000,,AVAXUSDT_daily,CRYPTO,BINANCE,USDT,1,1,1,25.82,25.82,25.82,1,1591,0,0.5,1
11/05/2025,25.81,26.02,24.16,24.78,2729887.08000000,,AVAXUSDT_daily,CRYPTO,BINANCE,USDT,1,1,1,24.78,24.78,24.78,1,1592,0,0.5,1
12/05/2025,24.79,26.84,23.73,24.83,5218008.53000000,,AVAXUSDT_daily,CRYPTO,BINANCE,USDT,1,1,1,24.83,24.83,24.83,1,1593,0,0.5,1
13/05/2025,24.83,26.25,23.45,25.72,2925803.50000000,,AVAXUSDT_daily,CRYPTO,BINANCE,USDT,1,1,1,25.72,25.72,25.72,1,1594,0,0.5,1
14/05/2025,25.72,26.54,24.74,24.96,2672732.93000000,,AVAXUSDT_daily,CRYPTO,BINANCE,USDT,1,1,1,24.96,24.96,24.96,1,1595,0,0.5,1
15/05/2025,24.95,25.13,22.94,23.5,3638550.04000000,,AVAXUSDT_daily,CRYPTO,BINANCE,USDT,1,1,1,23.5,23.5,23.5,1,1596,0,0.5,1
16/05/2025,23.51,24.05,22.67,23.06,2227565.34000000,,AVAXUSDT_daily,CRYPTO,BINANCE,USDT,1,1,1,23.06,23.06,23.06,1,1597,0,0.5,1
17/05/2025,23.06,23.14,21.97,22.17,1687574.64000000,,AVAXUSDT_daily,CRYPTO,BINANCE,USDT,1,1,1,22.17,22.17,22.17,1,1598,0,0.5,1
18/05/2025,22.18,23.86,21.56,23.06,2886141.50000000,,AVAXUSDT_daily,CRYPTO,BINANCE,USDT,1,1,1,23.06,23.06,23.06,1,1599,0,0.5,1
19/05/2025,23.06,23.2,21.26,22.25,2300923.36000000,,AVAXUSDT_daily,CRYPTO,BINANCE,USDT,1,1,1,22.25,22.25,22.25,1,1600,0,0.5,1
20/05/2025,22.25,22.82,21.75,22.6,2363016.87000000,,AVAXUSDT_daily,CRYPTO,BINANCE,USDT,1,1,1,22.6,22.6,22.6,1,1601,0,0.5,1
21/05/2025,22.61,23.81,22.15,23.17,3700764.84000000,,AVAXUSDT_daily,CRYPTO,BINANCE,USDT,1,1,1,23.17,23.17,23.17,1,1602,0,0.5,1
22/05/2025,23.18,25.43,23.13,25.26,4544921.58000000,,AVAXUSDT_daily,CRYPTO,BINANCE,USDT,1,1,1,25.26,25.26,25.26,1,1603,0,0.5,1
23/05/2025,25.26,25.98,22.92,23.07,4705888.32000000,,AVAXUSDT_daily,CRYPTO,BINANCE,USDT,1,1,1,23.07,23.07,23.07,1,1604,0,0.5,1
24/05/2025,23.08,23.48,22.75,22.96,1900215.75000000,,AVAXUSDT_daily,CRYPTO,BINANCE,USDT,1,1,1,22.96,22.96,22.96,1,1605,0,0.5,1
25/05/2025,22.96,23.47,22.03,23.45,1560632.88000000,,AVAXUSDT_daily,CRYPTO,BINANCE,USDT,1,1,1,23.45,23.45,23.45,1,1606,0,0.5,1
26/05/2025,23.45,24,22.87,23.07,1683985.16000000,,AVAXUSDT_daily,CRYPTO,BINANCE,USDT,1,1,1,23.07,23.07,23.07,1,1607,0,0.5,1
27/05/2025,23.06,23.88,22.51,23.38,2332149.83000000,,AVAXUSDT_daily,CRYPTO,BINANCE,USDT,1,1,1,23.38,23.38,23.38,1,1608,0,0.5,1
28/05/2025,23.38,23.77,22.77,23.6,1846290.62000000,,AVAXUSDT_daily,CRYPTO,BINANCE,USDT,1,1,1,23.6,23.6,23.6,1,1609,0,0.5,1
29/05/2025,23.61,24.35,22.17,22.25,3088525.48000000,,AVAXUSDT_daily,CRYPTO,BINANCE,USDT,1,1,1,22.25,22.25,22.25,1,1610,0,0.5,1
30/05/2025,22.25,22.35,20.4,20.56,3279913.72000000,,AVAXUSDT_daily,CRYPTO,BINANCE,USDT,1,1,1,20.56,20.56,20.56,1,1611,0,0.5,1
31/05/2025,20.55,21.12,19.77,20.8,1892744.39000000,,AVAXUSDT_daily,CRYPTO,BINANCE,USDT,1,1,1,20.8,20.8,20.8,1,1612,0,0.5,1
01/06/2025,20.81,20.97,20.17,20.88,1153604.59000000,,AVAXUSDT_daily,CRYPTO,BINANCE,USDT,1,1,1,20.88,20.88,20.88,1,1613,0,0.5,1
02/06/2025,20.88,21.32,20.22,21.15,1502072.99000000,,AVAXUSDT_daily,CRYPTO,BINANCE,USDT,1,1,1,21.15,21.15,21.15,1,1614,0,0.5,1
03/06/2025,21.16,21.7,20.89,21.14,1566776.54000000,,AVAXUSDT_daily,CRYPTO,BINANCE,USDT,1,1,1,21.14,21.14,21.14,1,1615,0,0.5,1
04/06/2025,21.14,21.64,20.06,20.09,1830422.72000000,,AVAXUSDT_daily,CRYPTO,BINANCE,USDT,1,1,1,20.09,20.09,20.09,1,1616,0,0.5,1
05/06/2025,20.08,20.54,18.43,18.75,3250405.70000000,,AVAXUSDT_daily,CRYPTO,BINANCE,USDT,1,1,1,18.75,18.75,18.75,1,1617,0,0.5,1
06/06/2025,18.75,19.95,18.63,19.64,1859494.01000000,,AVAXUSDT_daily,CRYPTO,BINANCE,USDT,1,1,1,19.64,19.64,19.64,1,1618,0,0.5,1
07/06/2025,19.64,21.13,19.56,20.65,1466628.82000000,,AVAXUSDT_daily,CRYPTO,BINANCE,USDT,1,1,1,20.65,20.65,20.65,1,1619,0,0.5,1
08/06/2025,20.66,21.49,20.14,21.04,1901641.64000000,,AVAXUSDT_daily,CRYPTO,BINANCE,USDT,1,1,1,21.04,21.04,21.04,1,1620,0,0.5,1
09/06/2025,21.04,22.04,20.22,21.95,2477870.38000000,,AVAXUSDT_daily,CRYPTO,BINANCE,USDT,1,1,1,21.95,21.95,21.95,1,1621,0,0.5,1
10/06/2025,21.94,22.59,21.51,22.57,3111970.84000000,,AVAXUSDT_daily,CRYPTO,BINANCE,USDT,1,1,1,22.57,22.57,22.57,1,1622,0,0.5,1
11/06/2025,22.57,22.77,21.32,21.57,2612028.00000000,,AVAXUSDT_daily,CRYPTO,BINANCE,USDT,1,1,1,21.57,21.57,21.57,1,1623,0,0.5,1
12/06/2025,21.56,21.62,20.15,20.28,2415966.59000000,,AVAXUSDT_daily,CRYPTO,BINANCE,USDT,1,1,1,20.28,20.28,20.28,1,1624,0,0.5,1
13/06/2025,20.28,20.3,18.46,19.41,5203353.31000000,,AVAXUSDT_daily,CRYPTO,BINANCE,USDT,1,1,1,19.41,19.41,19.41,1,1625,0,0.5,1
14/06/2025,19.42,19.43,18.71,18.93,1096166.12000000,,AVAXUSDT_daily,CRYPTO,BINANCE,USDT,1,1,1,18.93,18.93,18.93,1,1626,0,0.5,1
15/06/2025,18.94,19.28,18.73,19.1,1025408.30000000,,AVAXUSDT_daily,CRYPTO,BINANCE,USDT,1,1,1,19.1,19.1,19.1,1,1627,0,0.5,1
16/06/2025,19.11,20,18.9,19.06,2053892.52000000,,AVAXUSDT_daily,CRYPTO,BINANCE,USDT,1,1,1,19.06,19.06,19.06,1,1628,0,0.5,1
17/06/2025,19.06,19.49,18.13,18.58,2290731.00000000,,AVAXUSDT_daily,CRYPTO,BINANCE,USDT,1,1,1,18.58,18.58,18.58,1,1629,0,0.5,1
18/06/2025,18.59,18.9,18.07,18.16,1961262.65000000,,AVAXUSDT_daily,CRYPTO,BINANCE,USDT,1,1,1,18.16,18.16,18.16,1,1630,0,0.5,1
19/06/2025,18.17,18.39,17.64,18.06,2008390.39000000,,AVAXUSDT_daily,CRYPTO,BINANCE,USDT,1,1,1,18.06,18.06,18.06,1,1631,0,0.5,1
20/06/2025,18.06,18.41,16.94,17.37,2195101.91000000,,AVAXUSDT_daily,CRYPTO,BINANCE,USDT,1,1,1,17.37,17.37,17.37,1,1632,0,0.5,1
21/06/2025,17.38,17.64,16.32,16.82,2333601.25000000,,AVAXUSDT_daily,CRYPTO,BINANCE,USDT,1,1,1,16.82,16.82,16.82,1,1633,0,0.5,1
22/06/2025,16.82,17.11,15.61,16.53,3130501.11000000,,AVAXUSDT_daily,CRYPTO,BINANCE,USDT,1,1,1,16.53,16.53,16.53,1,1634,0,0.5,1
23/06/2025,16.53,18.19,16.26,18.06,3812779.65000000,,AVAXUSDT_daily,CRYPTO,BINANCE,USDT,1,1,1,18.06,18.06,18.06,1,1635,0,0.5,1
24/06/2025,18.06,18.49,17.88,18.23,2249538.26000000,,AVAXUSDT_daily,CRYPTO,BINANCE,USDT,1,1,1,18.23,18.23,18.23,1,1636,0,0.5,1
25/06/2025,18.24,18.37,17.42,17.57,1737924.36000000,,AVAXUSDT_daily,CRYPTO,BINANCE,USDT,1,1,1,17.57,17.57,17.57,1,1637,0,0.5,1
26/06/2025,17.57,18.02,17.09,17.23,1486292.73000000,,AVAXUSDT_daily,CRYPTO,BINANCE,USDT,1,1,1,17.23,17.23,17.23,1,1638,0,0.5,1
27/06/2025,17.24,17.79,17.02,17.58,1267515.56000000,,AVAXUSDT_daily,CRYPTO,BINANCE,USDT,1,1,1,17.58,17.58,17.58,1,1639,0,0.5,1
28/06/2025,17.58,18.08,17.48,17.97,818567.26000000,,AVAXUSDT_daily,CRYPTO,BINANCE,USDT,1,1,1,17.97,17.97,17.97,1,1640,0,0.5,1
29/06/2025,17.98,18.9,17.8,18.73,1322755.99000000,,AVAXUSDT_daily,CRYPTO,BINANCE,USDT,1,1,1,18.73,18.73,18.73,1,1641,0,0.5,1
30/06/2025,18.73,18.88,17.71,17.96,1826960.62000000,,AVAXUSDT_daily,CRYPTO,BINANCE,USDT,1,1,1,17.96,17.96,17.96,1,1642,0,0.5,1
01/07/2025,17.97,18.06,16.94,17.1,1494015.26000000,,AVAXUSDT_daily,CRYPTO,BINANCE,USDT,1,1,1,17.1,17.1,17.1,1,1643,0,0.5,1
02/07/2025,17.11,18.83,16.97,18.51,2701044.64000000,,AVAXUSDT_daily,CRYPTO,BINANCE,USDT,1,1,1,18.51,18.51,18.51,1,1644,0,0.5,1
03/07/2025,18.51,19.17,18.34,18.54,2023149.88000000,,AVAXUSDT_daily,CRYPTO,BINANCE,USDT,1,1,1,18.54,18.54,18.54,1,1645,0,0.5,1
04/07/2025,18.55,18.88,17.5,17.8,1884464.87000000,,AVAXUSDT_daily,CRYPTO,BINANCE,USDT,1,1,1,17.8,17.8,17.8,1,1646,0,0.5,1
05/07/2025,17.8,17.99,17.62,17.92,638719.79000000,,AVAXUSDT_daily,CRYPTO,BINANCE,USDT,1,1,1,17.92,17.92,17.92,1,1647,0,0.5,1
06/07/2025,17.92,18.62,17.74,18.29,1092614.20000000,,AVAXUSDT_daily,CRYPTO,BINANCE,USDT,1,1,1,18.29,18.29,18.29,1,1648,0,0.5,1
07/07/2025,18.3,18.59,17.8,17.99,1162903.04000000,,AVAXUSDT_daily,CRYPTO,BINANCE,USDT,1,1,1,17.99,17.99,17.99,1,1649,0,0.5,1
08/07/2025,18,18.48,17.69,18.36,1311269.48000000,,AVAXUSDT_daily,CRYPTO,BINANCE,USDT,1,1,1,18.36,18.36,18.36,1,1650,0,0.5,1
09/07/2025,18.37,19.63,18.09,19.5,2690754.32000000,,AVAXUSDT_daily,CRYPTO,BINANCE,USDT,1,1,1,19.5,19.5,19.5,1,1651,0,0.5,1
10/07/2025,19.5,20.79,19.34,20.7,3077304.92000000,,AVAXUSDT_daily,CRYPTO,BINANCE,USDT,1,1,1,20.7,20.7,20.7,1,1652,0,0.5,1
11/07/2025,20.7,21.53,20.32,20.68,3331979.17000000,,AVAXUSDT_daily,CRYPTO,BINANCE,USDT,1,1,1,20.68,20.68,20.68,1,1653,0,0.5,1
12/07/2025,20.67,21.08,20.18,20.69,2113337.99000000,,AVAXUSDT_daily,CRYPTO,BINANCE,USDT,1,1,1,20.69,20.69,20.69,1,1654,0,0.5,1
13/07/2025,20.68,21.8,20.66,21.2,2637539.97000000,,AVAXUSDT_daily,CRYPTO,BINANCE,USDT,1,1,1,21.2,21.2,21.2,1,1655,0,0.5,1
14/07/2025,21.21,22.08,21.02,21.26,2537960.71000000,,AVAXUSDT_daily,CRYPTO,BINANCE,USDT,1,1,1,21.26,21.26,21.26,1,1656,0,0.5,1
15/07/2025,21.27,22.58,20.39,22.51,4237676.39000000,,AVAXUSDT_daily,CRYPTO,BINANCE,USDT,1,1,1,22.51,22.51,22.51,1,1657,0,0.5,1
16/07/2025,22.52,23.02,21.61,22.66,3024064.87000000,,AVAXUSDT_daily,CRYPTO,BINANCE,USDT,1,1,1,22.66,22.66,22.66,1,1658,0,0.5,1
17/07/2025,22.65,24.34,22.02,23.91,4163407.41000000,,AVAXUSDT_daily,CRYPTO,BINANCE,USDT,1,1,1,23.91,23.91,23.91,1,1659,0,0.5,1
18/07/2025,23.91,25.03,23.06,23.51,4182701.83000000,,AVAXUSDT_daily,CRYPTO,BINANCE,USDT,1,1,1,23.51,23.51,23.51,1,1660,0,0.5,1
19/07/2025,23.51,25.23,23.01,24.5,2828014.21000000,,AVAXUSDT_daily,CRYPTO,BINANCE,USDT,1,1,1,24.5,24.5,24.5,1,1661,0,0.5,1
20/07/2025,24.51,25.55,24.31,25.04,3050674.47000000,,AVAXUSDT_daily,CRYPTO,BINANCE,USDT,1,1,1,25.04,25.04,25.04,1,1662,0,0.5,1
21/07/2025,25.05,26.53,24.64,25.43,3722779.88000000,,AVAXUSDT_daily,CRYPTO,BINANCE,USDT,1,1,1,25.43,25.43,25.43,1,1663,0,0.5,1
22/07/2025,25.43,26.09,24.71,25.88,5403307.88000000,,AVAXUSDT_daily,CRYPTO,BINANCE,USDT,1,1,1,25.88,25.88,25.88,1,1664,0,0.5,1
23/07/2025,25.88,26.1,23.15,23.95,4138078.83000000,,AVAXUSDT_daily,CRYPTO,BINANCE,USDT,1,1,1,23.95,23.95,23.95,1,1665,0,0.5,1
24/07/2025,23.96,24.44,22.53,23.67,2954572.88000000,,AVAXUSDT_daily,CRYPTO,BINANCE,USDT,1,1,1,23.67,23.67,23.67,1,1666,0,0.5,1
25/07/2025,23.67,24.04,22.86,24.01,2429187.43000000,,AVAXUSDT_daily,CRYPTO,BINANCE,USDT,1,1,1,24.01,24.01,24.01,1,1667,0,0.5,1
26/07/2025,24.01,25.77,23.84,24.94,2322954.64000000,,AVAXUSDT_daily,CRYPTO,BINANCE,USDT,1,1,1,24.94,24.94,24.94,1,1668,0,0.5,1
27/07/2025,24.94,26.46,24.74,26.06,2193331.40000000,,AVAXUSDT_daily,CRYPTO,BINANCE,USDT,1,1,1,26.06,26.06,26.06,1,1669,0,0.5,1
28/07/2025,26.06,27.38,24.99,25.21,5003307.81000000,,AVAXUSDT_daily,CRYPTO,BINANCE,USDT,1,1,1,25.21,25.21,25.21,1,1670,0,0.5,1
29/07/2025,25.21,25.51,23.88,24.37,3654141.86000000,,AVAXUSDT_daily,CRYPTO,BINANCE,USDT,1,1,1,24.37,24.37,24.37,1,1671,0,0.5,1
30/07/2025,24.38,24.51,22.4,23.31,3448147.52000000,,AVAXUSDT_daily,CRYPTO,BINANCE,USDT,1,1,1,23.31,23.31,23.31,1,1672,0,0.5,1
31/07/2025,23.3,24.12,22.4,22.47,2756295.09000000,,AVAXUSDT_daily,CRYPTO,BINANCE,USDT,1,1,1,22.47,22.47,22.47,1,1673,0,0.5,1
01/08/2025,22.47,22.58,21.02,21.51,3948656.05000000,,AVAXUSDT_daily,CRYPTO,BINANCE,USDT,1,1,1,21.51,21.51,21.51,1,1674,0,0.5,1
02/08/2025,21.52,21.82,20.66,20.86,1443378.50000000,,AVAXUSDT_daily,CRYPTO,BINANCE,USDT,1,1,1,20.86,20.86,20.86,1,1675,0,0.5,1
03/08/2025,20.87,21.54,20.57,21.37,1065667.37000000,,AVAXUSDT_daily,CRYPTO,BINANCE,USDT,1,1,1,21.37,21.37,21.37,1,1676,0,0.5,1
04/08/2025,21.38,23.13,21.34,23.11,2828179.45000000,,AVAXUSDT_daily,CRYPTO,BINANCE,USDT,1,1,1,23.11,23.11,23.11,1,1677,0,0.5,1
05/08/2025,23.12,23.14,21.44,21.92,1854068.50000000,,AVAXUSDT_daily,CRYPTO,BINANCE,USDT,1,1,1,21.92,21.92,21.92,1,1678,0,0.5,1
06/08/2025,21.92,22.4,21.57,22.23,1609597.38000000,,AVAXUSDT_daily,CRYPTO,BINANCE,USDT,1,1,1,22.23,22.23,22.23,1,1679,0,0.5,1
07/08/2025,22.24,23.36,21.95,23.36,2606524.79000000,,AVAXUSDT_daily,CRYPTO,BINANCE,USDT,1,1,1,23.36,23.36,23.36,1,1680,0,0.5,1
08/08/2025,23.35,23.87,23,23.79,2948550.23000000,,AVAXUSDT_daily,CRYPTO,BINANCE,USDT,1,1,1,23.79,23.79,23.79,1,1681,0,0.5,1
09/08/2025,23.8,24.82,23.73,24.23,3706511.37000000,,AVAXUSDT_daily,CRYPTO,BINANCE,USDT,1,1,1,24.23,24.23,24.23,1,1682,0,0.5,1
10/08/2025,24.24,24.55,23.26,23.83,2042077.94000000,,AVAXUSDT_daily,CRYPTO,BINANCE,USDT,1,1,1,23.83,23.83,23.83,1,1683,0,0.5,1
11/08/2025,23.84,24.63,22.65,22.79,2917750.34000000,,AVAXUSDT_daily,CRYPTO,BINANCE,USDT,1,1,1,22.79,22.79,22.79,1,1684,0,0.5,1
12/08/2025,22.79,24.9,22.74,24.67,3234718.02000000,,AVAXUSDT_daily,CRYPTO,BINANCE,USDT,1,1,1,24.67,24.67,24.67,1,1685,0,0.5,1
13/08/2025,24.67,25.68,24.37,25.47,3255245.91000000,,AVAXUSDT_daily,CRYPTO,BINANCE,USDT,1,1,1,25.47,25.47,25.47,1,1686,0,0.5,1
14/08/2025,25.47,25.99,23.18,23.67,5773899.55000000,,AVAXUSDT_daily,CRYPTO,BINANCE,USDT,1,1,1,23.67,23.67,23.67,1,1687,0,0.5,1
15/08/2025,23.66,25.66,23.46,23.77,5593714.70000000,,AVAXUSDT_daily,CRYPTO,BINANCE,USDT,1,1,1,23.77,23.77,23.77,1,1688,0,0.5,1
16/08/2025,23.76,24.37,23.57,24.3,1610583.32000000,,AVAXUSDT_daily,CRYPTO,BINANCE,USDT,1,1,1,24.3,24.3,24.3,1,1689,0,0.5,1
17/08/2025,24.3,25.68,24.02,25.06,2713774.39000000,,AVAXUSDT_daily,CRYPTO,BINANCE,USDT,1,1,1,25.06,25.06,25.06,1,1690,0,0.5,1
18/08/2025,25.07,25.33,23.36,23.7,3792415.91000000,,AVAXUSDT_daily,CRYPTO,BINANCE,USDT,1,1,1,23.7,23.7,23.7,1,1691,0,0.5,1
19/08/2025,23.7,24.06,22.31,22.37,2882360.08000000,,AVAXUSDT_daily,CRYPTO,BINANCE,USDT,1,1,1,22.37,22.37,22.37,1,1692,0,0.5,1
20/08/2025,22.36,23.55,22.23,23.46,2293194.21000000,,AVAXUSDT_daily,CRYPTO,BINANCE,USDT,1,1,1,23.46,23.46,23.46,1,1693,0,0.5,1
21/08/2025,23.45,23.62,22.72,22.77,1706315.72000000,,AVAXUSDT_daily,CRYPTO,BINANCE,USDT,1,1,1,22.77,22.77,22.77,1,1694,0,0.5,1
22/08/2025,22.78,25.4,22.19,25.25,5485181.93000000,,AVAXUSDT_daily,CRYPTO,BINANCE,USDT,1,1,1,25.25,25.25,25.25,1,1695,0,0.5,1
23/08/2025,25.26,26.77,24.47,26.26,5753729.12000000,,AVAXUSDT_daily,CRYPTO,BINANCE,USDT,1,1,1,26.26,26.26,26.26,1,1696,0,0.5,1
24/08/2025,26.26,26.57,24.92,25.83,4047628.70000000,,AVAXUSDT_daily,CRYPTO,BINANCE,USDT,1,1,1,25.83,25.83,25.83,1,1697,0,0.5,1
25/08/2025,25.83,26,23.03,23.35,4117635.73000000,,AVAXUSDT_daily,CRYPTO,BINANCE,USDT,1,1,1,23.35,23.35,23.35,1,1698,0,0.5,1
26/08/2025,23.35,24.35,23.09,24.17,2647190.56000000,,AVAXUSDT_daily,CRYPTO,BINANCE,USDT,1,1,1,24.17,24.17,24.17,1,1699,0,0.5,1
27/08/2025,24.17,25.33,23.86,24.42,3575703.83000000,,AVAXUSDT_daily,CRYPTO,BINANCE,USDT,1,1,1,24.42,24.42,24.42,1,1700,0,0.5,1
28/08/2025,24.42,25.08,24.13,24.93,2606202.30000000,,AVAXUSDT_daily,CRYPTO,BINANCE,USDT,1,1,1,24.93,24.93,24.93,1,1701,0,0.5,1
29/08/2025,24.93,25.2,23.2,23.55,3838827.52000000,,AVAXUSDT_daily,CRYPTO,BINANCE,USDT,1,1,1,23.55,23.55,23.55,1,1702,0,0.5,1
30/08/2025,23.54,23.94,23.1,23.78,1173614.41000000,,AVAXUSDT_daily,CRYPTO,BINANCE,USDT,1,1,1,23.78,23.78,23.78,1,1703,0,0.5,1
31/08/2025,23.78,24.2,23.38,23.4,1062889.49000000,,AVAXUSDT_daily,CRYPTO,BINANCE,USDT,1,1,1,23.4,23.4,23.4,1,1704,0,0.5,1
01/09/2025,23.4,24.33,22.67,23.21,3735535.61000000,,AVAXUSDT_daily,CRYPTO,BINANCE,USDT,1,1,1,23.21,23.21,23.21,1,1705,0,0.5,1
02/09/2025,23.22,24.5,23.02,24.46,3640156.76000000,,AVAXUSDT_daily,CRYPTO,BINANCE,USDT,1,1,1,24.46,24.46,24.46,1,1706,0,0.5,1
03/09/2025,24.47,25.78,24.27,25.2,3567888.32000000,,AVAXUSDT_daily,CRYPTO,BINANCE,USDT,1,1,1,25.2,25.2,25.2,1,1707,0,0.5,1
04/09/2025,25.21,25.28,24.18,24.21,2160658.31000000,,AVAXUSDT_daily,CRYPTO,BINANCE,USDT,1,1,1,24.21,24.21,24.21,1,1708,0,0.5,1
05/09/2025,24.21,25.11,23.86,24.47,2980843.48000000,,AVAXUSDT_daily,CRYPTO,BINANCE,USDT,1,1,1,24.47,24.47,24.47,1,1709,0,0.5,1
06/09/2025,24.48,24.62,24.09,24.38,869250.62000000,,AVAXUSDT_daily,CRYPTO,BINANCE,USDT,1,1,1,24.38,24.38,24.38,1,1710,0,0.5,1
07/09/2025,24.37,24.95,24.26,24.68,1253296.14000000,,AVAXUSDT_daily,CRYPTO,BINANCE,USDT,1,1,1,24.68,24.68,24.68,1,1711,0,0.5,1
08/09/2025,24.69,25.8,24.53,25.29,2389358.41000000,,AVAXUSDT_daily,CRYPTO,BINANCE,USDT,1,1,1,25.29,25.29,25.29,1,1712,0,0.5,1
09/09/2025,25.29,26.36,24.9,25.93,3883910.84000000,,AVAXUSDT_daily,CRYPTO,BINANCE,USDT,1,1,1,25.93,25.93,25.93,1,1713,0,0.5,1
10/09/2025,25.94,29.52,25.75,29.48,7835798.78000000,,AVAXUSDT_daily,CRYPTO,BINANCE,USDT,1,1,1,29.48,29.48,29.48,1,1714,0,0.5,1
11/09/2025,29.47,29.99,28.3,29.15,4409659.20000000,,AVAXUSDT_daily,CRYPTO,BINANCE,USDT,1,1,1,29.15,29.15,29.15,1,1715,0,0.5,1
12/09/2025,29.14,29.4,28.25,28.99,3485659.59000000,,AVAXUSDT_daily,CRYPTO,BINANCE,USDT,1,1,1,28.99,28.99,28.99,1,1716,0,0.5,1
13/09/2025,28.98,31.25,28.74,30.08,6655109.56000000,,AVAXUSDT_daily,CRYPTO,BINANCE,USDT,1,1,1,30.08,30.08,30.08,1,1717,0,0.5,1
14/09/2025,30.08,30.64,28.96,29.44,4026228.24000000,,AVAXUSDT_daily,CRYPTO,BINANCE,USDT,1,1,1,29.44,29.44,29.44,1,1718,0,0.5,1
15/09/2025,29.44,30.45,28.22,29.81,4822176.71000000,,AVAXUSDT_daily,CRYPTO,BINANCE,USDT,1,1,1,29.81,29.81,29.81,1,1719,0,0.5,1
16/09/2025,29.81,31,29.17,30.08,4046243.14000000,,AVAXUSDT_daily,CRYPTO,BINANCE,USDT,1,1,1,30.08,30.08,30.08,1,1720,0,0.5,1
17/09/2025,30.07,32,29.38,31.82,4496864.96000000,,AVAXUSDT_daily,CRYPTO,BINANCE,USDT,1,1,1,31.82,31.82,31.82,1,1721,0,0.5,1
18/09/2025,31.82,35.43,31.63,35.19,8086451.91000000,,AVAXUSDT_daily,CRYPTO,BINANCE,USDT,1,1,1,35.19,35.19,35.19,1,1722,0,0.5,1
19/09/2025,35.19,35.81,33.34,33.75,5353801.63000000,,AVAXUSDT_daily,CRYPTO,BINANCE,USDT,1,1,1,33.75,33.75,33.75,1,1723,0,0.5,1
20/09/2025,33.74,34.11,32.86,33.17,2827363.71000000,,AVAXUSDT_daily,CRYPTO,BINANCE,USDT,1,1,1,33.17,33.17,33.17,1,1724,0,0.5,1
21/09/2025,33.17,33.61,32.58,33.04,2354952.36000000,,AVAXUSDT_daily,CRYPTO,BINANCE,USDT,1,1,1,33.04,33.04,33.04,1,1725,0,0.5,1
22/09/2025,33.05,33.98,29.41,33.86,7906750.93000000,,AVAXUSDT_daily,CRYPTO,BINANCE,USDT,1,1,1,33.86,33.86,33.86,1,1726,0,0.5,1
23/09/2025,33.87,36.16,32.75,33.61,9338116.95000000,,AVAXUSDT_daily,CRYPTO,BINANCE,USDT,1,1,1,33.61,33.61,33.61,1,1727,0,0.5,1
24/09/2025,33.6,34.85,32.26,32.31,4766219.20000000,,AVAXUSDT_daily,CRYPTO,BINANCE,USDT,1,1,1,32.31,32.31,32.31,1,1728,0,0.5,1
25/09/2025,32.31,32.8,28.51,28.64,7152756.29000000,,AVAXUSDT_daily,CRYPTO,BINANCE,USDT,1,1,1,28.64,28.64,28.64,1,1729,0,0.5,1
26/09/2025,28.63,29.6,27.07,29.09,6421766.72000000,,AVAXUSDT_daily,CRYPTO,BINANCE,USDT,1,1,1,29.09,29.09,29.09,1,1730,0,0.5,1
27/09/2025,29.1,29.11,28.23,28.74,1881547.05000000,,AVAXUSDT_daily,CRYPTO,BINANCE,USDT,1,1,1,28.74,28.74,28.74,1,1731,0,0.5,1
28/09/2025,28.75,30.3,27.92,30.01,2997791.17000000,,AVAXUSDT_daily,CRYPTO,BINANCE,USDT,1,1,1,30.01,30.01,30.01,1,1732,0,0.5,1
29/09/2025,30.01,30.82,29.13,30.41,5331556.45000000,,AVAXUSDT_daily,CRYPTO,BINANCE,USDT,1,1,1,30.41,30.41,30.41,1,1733,0,0.5,1
30/09/2025,30.41,30.72,28.81,30.01,4008225.28000000,,AVAXUSDT_daily,CRYPTO,BINANCE,USDT,1,1,1,30.01,30.01,30.01,1,1734,0,0.5,1
01/10/2025,30.02,31.1,29.61,30.73,3883191.93000000,,AVAXUSDT_daily,CRYPTO,BINANCE,USDT,1,1,1,30.73,30.73,30.73,1,1735,0,0.5,1
02/10/2025,30.74,31.38,29.48,30.98,6997460.97000000,,AVAXUSDT_daily,CRYPTO,BINANCE,USDT,1,1,1,30.98,30.98,30.98,1,1736,0,0.5,1
03/10/2025,30.97,31.57,29.99,31.31,4752367.67000000,,AVAXUSDT_daily,CRYPTO,BINANCE,USDT,1,1,1,31.31,31.31,31.31,1,1737,0,0.5,1
04/10/2025,31.32,31.44,29.85,30.12,2572315.27000000,,AVAXUSDT_daily,CRYPTO,BINANCE,USDT,1,1,1,30.12,30.12,30.12,1,1738,0,0.5,1
05/10/2025,30.12,31.21,29.63,30.07,2993145.41000000,,AVAXUSDT_daily,CRYPTO,BINANCE,USDT,1,1,1,30.07,30.07,30.07,1,1739,0,0.5,1
06/10/2025,30.07,31.03,29.94,30.61,3085401.61000000,,AVAXUSDT_daily,CRYPTO,BINANCE,USDT,1,1,1,30.61,30.61,30.61,1,1740,0,0.5,1
07/10/2025,30.61,30.73,27.81,27.93,4890362.40000000,,AVAXUSDT_daily,CRYPTO,BINANCE,USDT,1,1,1,27.93,27.93,27.93,1,1741,0,0.5,1
08/10/2025,27.92,29.63,27.84,28.82,2651599.97000000,,AVAXUSDT_daily,CRYPTO,BINANCE,USDT,1,1,1,28.82,28.82,28.82,1,1742,0,0.5,1
09/10/2025,28.82,28.9,27.58,28.38,2269490.81000000,,AVAXUSDT_daily,CRYPTO,BINANCE,USDT,1,1,1,28.38,28.38,28.38,1,1743,0,0.5,1
10/10/2025,28.38,28.62,8.52,20.68,15387912.02000000,,AVAXUSDT_daily,CRYPTO,BINANCE,USDT,1,1,1,20.68,20.68,20.68,1,1744,0,0.5,1
11/10/2025,20.67,23.38,20.27,21.46,9122170.63000000,,AVAXUSDT_daily,CRYPTO,BINANCE,USDT,1,1,1,21.46,21.46,21.46,1,1745,0,0.5,1
12/10/2025,21.45,23.34,20.66,22.51,7083271.57000000,,AVAXUSDT_daily,CRYPTO,BINANCE,USDT,1,1,1,22.51,22.51,22.51,1,1746,0,0.5,1
13/10/2025,22.5,24.07,21.68,23.8,9277860.33000000,,AVAXUSDT_daily,CRYPTO,BINANCE,USDT,1,1,1,23.8,23.8,23.8,1,1747,0,0.5,1
14/10/2025,23.8,23.9,21.81,22.74,6841648.76000000,,AVAXUSDT_daily,CRYPTO,BINANCE,USDT,1,1,1,22.74,22.74,22.74,1,1748,0,0.5,1
15/10/2025,22.73,23.29,21.56,21.9,3657254.33000000,,AVAXUSDT_daily,CRYPTO,BINANCE,USDT,1,1,1,21.9,21.9,21.9,1,1749,0,0.5,1
16/10/2025,21.9,22.39,20.58,20.98,4348824.61000000,,AVAXUSDT_daily,CRYPTO,BINANCE,USDT,1,1,1,20.98,20.98,20.98,1,1750,0,0.5,1
17/10/2025,20.97,21.27,19.03,19.96,5812253.03000000,,AVAXUSDT_daily,CRYPTO,BINANCE,USDT,1,1,1,19.96,19.96,19.96,1,1751,0,0.5,1
18/10/2025,19.95,20.42,19.82,20.21,1676585.17000000,,AVAXUSDT_daily,CRYPTO,BINANCE,USDT,1,1,1,20.21,20.21,20.21,1,1752,0,0.5,1
19/10/2025,20.22,20.84,19.75,20.59,2143184.10000000,,AVAXUSDT_daily,CRYPTO,BINANCE,USDT,1,1,1,20.59,20.59,20.59,1,1753,0,0.5,1
20/10/2025,20.59,21.21,20.17,20.34,2955524.04000000,,AVAXUSDT_daily,CRYPTO,BINANCE,USDT,1,1,1,20.34,20.34,20.34,1,1754,0,0.5,1
21/10/2025,20.34,20.85,19.46,19.54,3757859.23000000,,AVAXUSDT_daily,CRYPTO,BINANCE,USDT,1,1,1,19.54,19.54,19.54,1,1755,0,0.5,1
22/10/2025,19.54,19.71,18.42,19.02,3336086.79000000,,AVAXUSDT_daily,CRYPTO,BINANCE,USDT,1,1,1,19.02,19.02,19.02,1,1756,0,0.5,1
23/10/2025,19.02,19.74,18.98,19.14,2616353.30000000,,AVAXUSDT_daily,CRYPTO,BINANCE,USDT,1,1,1,19.14,19.14,19.14,1,1757,0,0.5,1
24/10/2025,19.13,19.96,19.02,19.49,2398372.66000000,,AVAXUSDT_daily,CRYPTO,BINANCE,USDT,1,1,1,19.49,19.49,19.49,1,1758,0,0.5,1
25/10/2025,19.49,19.83,19.24,19.71,1481426.75000000,,AVAXUSDT_daily,CRYPTO,BINANCE,USDT,1,1,1,19.71,19.71,19.71,1,1759,0,0.5,1
26/10/2025,19.72,20.96,19.34,20.82,3076459.26000000,,AVAXUSDT_daily,CRYPTO,BINANCE,USDT,1,1,1,20.82,20.82,20.82,1,1760,0,0.5,1
27/10/2025,20.83,21.1,20.17,20.33,2370635.69000000,,AVAXUSDT_daily,CRYPTO,BINANCE,USDT,1,1,1,20.33,20.33,20.33,1,1761,0,0.5,1
28/10/2025,20.33,20.52,19.13,19.47,2668509.90000000,,AVAXUSDT_daily,CRYPTO,BINANCE,USDT,1,1,1,19.47,19.47,19.47,1,1762,0,0.5,1
29/10/2025,19.47,20.2,19.31,19.66,2469575.16000000,,AVAXUSDT_daily,CRYPTO,BINANCE,USDT,1,1,1,19.66,19.66,19.66,1,1763,0,0.5,1
30/10/2025,19.66,19.97,17.51,18.11,4250377.06000000,,AVAXUSDT_daily,CRYPTO,BINANCE,USDT,1,1,1,18.11,18.11,18.11,1,1764,0,0.5,1
31/10/2025,18.12,18.58,17.78,18.19,2613032.42000000,,AVAXUSDT_daily,CRYPTO,BINANCE,USDT,1,1,1,18.19,18.19,18.19,1,1765,0,0.5,1
01/11/2025,18.19,18.74,18.07,18.73,1331179.23000000,,AVAXUSDT_daily,CRYPTO,BINANCE,USDT,1,1,1,18.73,18.73,18.73,1,1766,0,0.5,1
02/11/2025,18.72,19.01,18.1,18.8,1391904.48000000,,AVAXUSDT_daily,CRYPTO,BINANCE,USDT,1,1,1,18.8,18.8,18.8,1,1767,0,0.5,1
03/11/2025,18.81,18.91,15.91,16.65,6049270.76000000,,AVAXUSDT_daily,CRYPTO,BINANCE,USDT,1,1,1,16.65,16.65,16.65,1,1768,0,0.5,1
04/11/2025,16.66,17.01,15,15.98,6537912.15000000,,AVAXUSDT_daily,CRYPTO,BINANCE,USDT,1,1,1,15.98,15.98,15.98,1,1769,0,0.5,1
05/11/2025,15.98,16.99,15.29,16.61,3776605.59000000,,AVAXUSDT_daily,CRYPTO,BINANCE,USDT,1,1,1,16.61,16.61,16.61,1,1770,0,0.5,1
06/11/2025,16.61,16.73,15.61,16.13,2855283.89000000,,AVAXUSDT_daily,CRYPTO,BINANCE,USDT,1,1,1,16.13,16.13,16.13,1,1771,0,0.5,1
07/11/2025,16.13,18.07,16.05,17.74,6510611.20000000,,AVAXUSDT_daily,CRYPTO,BINANCE,USDT,1,1,1,17.74,17.74,17.74,1,1772,0,0.5,1
08/11/2025,17.75,18.41,17.02,17.5,3365687.64000000,,AVAXUSDT_daily,CRYPTO,BINANCE,USDT,1,1,1,17.5,17.5,17.5,1,1773,0,0.5,1
09/11/2025,17.5,17.91,16.81,17.77,2421432.02000000,,AVAXUSDT_daily,CRYPTO,BINANCE,USDT,1,1,1,17.77,17.77,17.77,1,1774,0,0.5,1
10/11/2025,17.77,18.36,17.64,18.18,2968615.81000000,,AVAXUSDT_daily,CRYPTO,BINANCE,USDT,1,1,1,18.18,18.18,18.18,1,1775,0,0.5,1
11/11/2025,18.19,18.61,16.97,17,2938925.18000000,,AVAXUSDT_daily,CRYPTO,BINANCE,USDT,1,1,1,17,17,17,1,1776,0,0.5,1
12/11/2025,17.01,17.77,16.64,16.82,2341822.26000000,,AVAXUSDT_daily,CRYPTO,BINANCE,USDT,1,1,1,16.82,16.82,16.82,1,1777,0,0.5,1
13/11/2025,16.81,17.69,15.76,16.1,3784604.46000000,,AVAXUSDT_daily,CRYPTO,BINANCE,USDT,1,1,1,16.1,16.1,16.1,1,1778,0,0.5,1
14/11/2025,16.1,16.18,14.84,15.13,4989778.42000000,,AVAXUSDT_daily,CRYPTO,BINANCE,USDT,1,1,1,15.13,15.13,15.13,1,1779,0,0.5,1
15/11/2025,15.13,15.79,15.11,15.53,1355598.92000000,,AVAXUSDT_daily,CRYPTO,BINANCE,USDT,1,1,1,15.53,15.53,15.53,1,1780,0,0.5,1
16/11/2025,15.52,15.86,14.62,15.15,3008987.32000000,,AVAXUSDT_daily,CRYPTO,BINANCE,USDT,1,1,1,15.15,15.15,15.15,1,1781,0,0.5,1
17/11/2025,15.14,15.85,14.26,14.53,4255835.74000000,,AVAXUSDT_daily,CRYPTO,BINANCE,USDT,1,1,1,14.53,14.53,14.53,1,1782,0,0.5,1
18/11/2025,14.53,14.93,14.03,14.58,3585664.15000000,,AVAXUSDT_daily,CRYPTO,BINANCE,USDT,1,1,1,14.58,14.58,14.58,1,1783,0,0.5,1
19/11/2025,14.59,14.7,13.71,14.28,3315595.15000000,,AVAXUSDT_daily,CRYPTO,BINANCE,USDT,1,1,1,14.28,14.28,14.28,1,1784,0,0.5,1
20/11/2025,14.28,14.53,13.5,13.81,4382359.95000000,,AVAXUSDT_daily,CRYPTO,BINANCE,USDT,1,1,1,13.81,13.81,13.81,1,1785,0,0.5,1
21/11/2025,13.81,13.99,12.57,13.28,6350052.93000000,,AVAXUSDT_daily,CRYPTO,BINANCE,USDT,1,1,1,13.28,13.28,13.28,1,1786,0,0.5,1
22/11/2025,13.29,13.39,13.03,13.23,2893129.28000000,,AVAXUSDT_daily,CRYPTO,BINANCE,USDT,1,1,1,13.23,13.23,13.23,1,1787,0,0.5,1
23/11/2025,13.24,13.47,13.21,13.27,2262185.57000000,,AVAXUSDT_daily,CRYPTO,BINANCE,USDT,1,1,1,13.27,13.27,13.27,1,1788,0,0.5,1
24/11/2025,13.28,14.05,13.16,13.89,3754410.25000000,,AVAXUSDT_daily,CRYPTO,BINANCE,USDT,1,1,1,13.89,13.89,13.89,1,1789,0,0.5,1
25/11/2025,13.89,14.38,13.7,14.18,2984316.25000000,,AVAXUSDT_daily,CRYPTO,BINANCE,USDT,1,1,1,14.18,14.18,14.18,1,1790,0,0.5,1
26/11/2025,14.18,14.96,13.91,14.95,2717281.59000000,,AVAXUSDT_daily,CRYPTO,BINANCE,USDT,1,1,1,14.95,14.95,14.95,1,1791,0,0.5,1
27/11/2025,14.96,15.17,14.87,15.02,2289006.72000000,,AVAXUSDT_daily,CRYPTO,BINANCE,USDT,1,1,1,15.02,15.02,15.02,1,1792,0,0.5,1
28/11/2025,15.02,15.27,14.78,14.84,2618362.46000000,,AVAXUSDT_daily,CRYPTO,BINANCE,USDT,1,1,1,14.84,14.84,14.84,1,1793,0,0.5,1
29/11/2025,14.85,14.91,14.19,14.25,1712927.69000000,,AVAXUSDT_daily,CRYPTO,BINANCE,USDT,1,1,1,14.25,14.25,14.25,1,1794,0,0.5,1
30/11/2025,14.25,14.34,13.66,13.71,2295459.19000000,,AVAXUSDT_daily,CRYPTO,BINANCE,USDT,1,1,1,13.71,13.71,13.71,1,1795,0,0.5,1
01/12/2025,13.72,13.74,12.54,12.76,3627901.18000000,,AVAXUSDT_daily,CRYPTO,BINANCE,USDT,1,1,1,12.76,12.76,12.76,1,1796,0,0.5,1
02/12/2025,12.76,13.76,12.71,13.62,4573878.59000000,,AVAXUSDT_daily,CRYPTO,BINANCE,USDT,1,1,1,13.62,13.62,13.62,1,1797,0,0.5,1
03/12/2025,13.63,15.09,13.58,14.78,5191197.88000000,,AVAXUSDT_daily,CRYPTO,BINANCE,USDT,1,1,1,14.78,14.78,14.78,1,1798,0,0.5,1
04/12/2025,14.78,14.88,14.21,14.41,2684653.29000000,,AVAXUSDT_daily,CRYPTO,BINANCE,USDT,1,1,1,14.41,14.41,14.41,1,1799,0,0.5,1
05/12/2025,14.4,14.52,13.09,13.21,3576441.81000000,,AVAXUSDT_daily,CRYPTO,BINANCE,USDT,1,1,1,13.21,13.21,13.21,1,1800,0,0.5,1
06/12/2025,13.21,13.49,13.14,13.4,1994460.04000000,,AVAXUSDT_daily,CRYPTO,BINANCE,USDT,1,1,1,13.4,13.4,13.4,1,1801,0,0.5,1
07/12/2025,13.41,13.85,12.96,13.49,2408002.80000000,,AVAXUSDT_daily,CRYPTO,BINANCE,USDT,1,1,1,13.49,13.49,13.49,1,1802,0,0.5,1
08/12/2025,13.49,13.91,13.38,13.64,1938188.44000000,,AVAXUSDT_daily,CRYPTO,BINANCE,USDT,1,1,1,13.64,13.64,13.64,1,1803,0,0.5,1
09/12/2025,13.64,14.73,13.5,14.6,3324499.54000000,,AVAXUSDT_daily,CRYPTO,BINANCE,USDT,1,1,1,14.6,14.6,14.6,1,1804,0,0.5,1
10/12/2025,14.61,14.83,14.09,14.11,3106622.83000000,,AVAXUSDT_daily,CRYPTO,BINANCE,USDT,1,1,1,14.11,14.11,14.11,1,1805,0,0.5,1
11/12/2025,14.11,14.11,12.89,13.42,3801664.23000000,,AVAXUSDT_daily,CRYPTO,BINANCE,USDT,1,1,1,13.42,13.42,13.42,1,1806,0,0.5,1
12/12/2025,13.42,13.79,12.81,13.1,2464500.09000000,,AVAXUSDT_daily,CRYPTO,BINANCE,USDT,1,1,1,13.1,13.1,13.1,1,1807,0,0.5,1
13/12/2025,13.11,13.47,13.09,13.37,1578228.62000000,,AVAXUSDT_daily,CRYPTO,BINANCE,USDT,1,1,1,13.37,13.37,13.37,1,1808,0,0.5,1
14/12/2025,13.37,13.4,12.73,12.88,1429641.00000000,,AVAXUSDT_daily,CRYPTO,BINANCE,USDT,1,1,1,12.88,12.88,12.88,1,1809,0,0.5,1
15/12/2025,12.88,13.35,12.2,12.34,3503587.76000000,,AVAXUSDT_daily,CRYPTO,BINANCE,USDT,1,1,1,12.34,12.34,12.34,1,1810,0,0.5,1
16/12/2025,12.35,12.4,11.91,12.35,3313909.31000000,,AVAXUSDT_daily,CRYPTO,BINANCE,USDT,1,1,1,12.35,12.35,12.35,1,1811,0,0.5,1
17/12/2025,12.34,12.66,11.69,11.87,3989453.63000000,,AVAXUSDT_daily,CRYPTO,BINANCE,USDT,1,1,1,11.87,11.87,11.87,1,1812,0,0.5,1
18/12/2025,11.86,12.32,11.28,11.44,4678986.21000000,,AVAXUSDT_daily,CRYPTO,BINANCE,USDT,1,1,1,11.44,11.44,11.44,1,1813,0,0.5,1
19/12/2025,11.44,12.45,11.26,12.26,4112097.37000000,,AVAXUSDT_daily,CRYPTO,BINANCE,USDT,1,1,1,12.26,12.26,12.26,1,1814,0,0.5,1
20/12/2025,12.25,12.38,12.13,12.21,971046.59000000,,AVAXUSDT_daily,CRYPTO,BINANCE,USDT,1,1,1,12.21,12.21,12.21,1,1815,0,0.5,1
21/12/2025,12.22,12.34,11.96,12.14,1234066.71000000,,AVAXUSDT_daily,CRYPTO,BINANCE,USDT,1,1,1,12.14,12.14,12.14,1,1816,0,0.5,1
22/12/2025,12.15,12.45,12.01,12.42,3136015.78000000,,AVAXUSDT_daily,CRYPTO,BINANCE,USDT,1,1,1,12.42,12.42,12.42,1,1817,0,0.5,1
23/12/2025,12.42,12.55,11.84,12.18,2667803.57000000,,AVAXUSDT_daily,CRYPTO,BINANCE,USDT,1,1,1,12.18,12.18,12.18,1,1818,0,0.5,1
24/12/2025,12.18,12.23,11.89,12.1,1607835.82000000,,AVAXUSDT_daily,CRYPTO,BINANCE,USDT,1,1,1,12.1,12.1,12.1,1,1819,0,0.5,1
25/12/2025,12.11,12.55,12.05,12.09,2261537.45000000,,AVAXUSDT_daily,CRYPTO,BINANCE,USDT,1,1,1,12.09,12.09,12.09,1,1820,0,0.5,1
26/12/2025,12.09,12.62,12.03,12.34,2107626.16000000,,AVAXUSDT_daily,CRYPTO,BINANCE,USDT,1,1,1,12.34,12.34,12.34,1,1821,0,0.5,1
27/12/2025,12.34,12.8,12.33,12.69,1402720.88000000,,AVAXUSDT_daily,CRYPTO,BINANCE,USDT,1,1,1,12.69,12.69,12.69,1,1822,0,0.5,1
28/12/2025,12.7,12.9,12.53,12.64,1705451.88000000,,AVAXUSDT_daily,CRYPTO,BINANCE,USDT,1,1,1,12.64,12.64,12.64,1,1823,0,0.5,1
29/12/2025,12.64,13.2,12.35,12.38,3591031.92000000,,AVAXUSDT_daily,CRYPTO,BINANCE,USDT,1,1,1,12.38,12.38,12.38,1,1824,0,0.5,1
30/12/2025,12.37,12.64,12.33,12.58,1682281.43000000,,AVAXUSDT_daily,CRYPTO,BINANCE,USDT,1,1,1,12.58,12.58,12.58,1,1825,0,0.5,1
31/12/2025,12.58,12.72,12.21,12.32,1812519.45000000,,AVAXUSDT_daily,CRYPTO,BINANCE,USDT,1,1,1,12.32,12.32,12.32,1,1826,0,0.5,1
01/01/2026,12.32,13.69,12.23,13.59,4403379.82000000,,AVAXUSDT_daily,CRYPTO,BINANCE,USDT,1,1,1,13.59,13.59,13.59,1,1827,0,0.5,1
02/01/2026,13.59,13.98,13.09,13.82,3276497.14000000,,AVAXUSDT_daily,CRYPTO,BINANCE,USDT,1,1,1,13.82,13.82,13.82,1,1828,0,0.5,1
03/01/2026,13.82,14.4,13.67,13.99,2908188.75000000,,AVAXUSDT_daily,CRYPTO,BINANCE,USDT,1,1,1,13.99,13.99,13.99,1,1829,0,0.5,1
04/01/2026,13.98,14.49,13.9,14.25,2167561.94000000,,AVAXUSDT_daily,CRYPTO,BINANCE,USDT,1,1,1,14.25,14.25,14.25,1,1830,0,0.5,1
05/01/2026,14.25,14.72,13.91,14.45,3062802.52000000,,AVAXUSDT_daily,CRYPTO,BINANCE,USDT,1,1,1,14.45,14.45,14.45,1,1831,0,0.5,1
06/01/2026,14.46,14.83,14.24,14.59,3416418.28000000,,AVAXUSDT_daily,CRYPTO,BINANCE,USDT,1,1,1,14.59,14.59,14.59,1,1832,0,0.5,1
07/01/2026,14.6,14.6,13.88,14.11,2264630.86000000,,AVAXUSDT_daily,CRYPTO,BINANCE,USDT,1,1,1,14.11,14.11,14.11,1,1833,0,0.5,1
08/01/2026,14.12,14.25,13.6,13.89,1822609.54000000,,AVAXUSDT_daily,CRYPTO,BINANCE,USDT,1,1,1,13.89,13.89,13.89,1,1834,0,0.5,1
09/01/2026,13.89,14.22,13.61,13.79,1860467.06000000,,AVAXUSDT_daily,CRYPTO,BINANCE,USDT,1,1,1,13.79,13.79,13.79,1,1835,0,0.5,1
10/01/2026,13.78,13.94,13.64,13.74,656465.16000000,,AVAXUSDT_daily,CRYPTO,BINANCE,USDT,1,1,1,13.74,13.74,13.74,1,1836,0,0.5,1
11/01/2026,13.73,13.99,13.48,13.7,1071942.18000000,,AVAXUSDT_daily,CRYPTO,BINANCE,USDT,1,1,1,13.7,13.7,13.7,1,1837,0,0.5,1
12/01/2026,13.71,14.22,13.39,13.53,2612087.13000000,,AVAXUSDT_daily,CRYPTO,BINANCE,USDT,1,1,1,13.53,13.53,13.53,1,1838,0,0.5,1
13/01/2026,13.52,14.85,13.48,14.75,4022695.09000000,,AVAXUSDT_daily,CRYPTO,BINANCE,USDT,1,1,1,14.75,14.75,14.75,1,1839,0,0.5,1
14/01/2026,14.76,14.95,14.41,14.6,2956916.76000000,,AVAXUSDT_daily,CRYPTO,BINANCE,USDT,1,1,1,14.6,14.6,14.6,1,1840,0,0.5,1
15/01/2026,14.6,14.63,13.61,13.82,2471785.31000000,,AVAXUSDT_daily,CRYPTO,BINANCE,USDT,1,1,1,13.82,13.82,13.82,1,1841,0,0.5,1
16/01/2026,13.82,13.87,13.19,13.59,2257468.71000000,,AVAXUSDT_daily,CRYPTO,BINANCE,USDT,1,1,1,13.59,13.59,13.59,1,1842,0,0.5,1
17/01/2026,13.59,13.97,13.53,13.75,1153279.65000000,,AVAXUSDT_daily,CRYPTO,BINANCE,USDT,1,1,1,13.75,13.75,13.75,1,1843,0,0.5,1
18/01/2026,13.75,13.83,12.94,12.98,1448582.51000000,,AVAXUSDT_daily,CRYPTO,BINANCE,USDT,1,1,1,12.98,12.98,12.98,1,1844,0,0.5,1
19/01/2026,12.98,12.99,12.09,12.74,3210706.15000000,,AVAXUSDT_daily,CRYPTO,BINANCE,USDT,1,1,1,12.74,12.74,12.74,1,1845,0,0.5,1
20/01/2026,12.73,12.76,11.97,12.09,3044192.13000000,,AVAXUSDT_daily,CRYPTO,BINANCE,USDT,1,1,1,12.09,12.09,12.09,1,1846,0,0.5,1
21/01/2026,12.09,12.73,11.88,12.42,3475396.94000000,,AVAXUSDT_daily,CRYPTO,BINANCE,USDT,1,1,1,12.42,12.42,12.42,1,1847,0,0.5,1
22/01/2026,12.42,12.62,12.04,12.2,1477392.32000000,,AVAXUSDT_daily,CRYPTO,BINANCE,USDT,1,1,1,12.2,12.2,12.2,1,1848,0,0.5,1
23/01/2026,12.2,12.5,11.99,12.13,2123247.62000000,,AVAXUSDT_daily,CRYPTO,BINANCE,USDT,1,1,1,12.13,12.13,12.13,1,1849,0,0.5,1
24/01/2026,12.13,12.19,11.97,12.05,635754.35000000,,AVAXUSDT_daily,CRYPTO,BINANCE,USDT,1,1,1,12.05,12.05,12.05,1,1850,0,0.5,1
25/01/2026,12.05,12.08,11.23,11.49,2327274.41000000,,AVAXUSDT_daily,CRYPTO,BINANCE,USDT,1,1,1,11.49,11.49,11.49,1,1851,0,0.5,1
26/01/2026,11.49,11.92,11.46,11.72,2217831.40000000,,AVAXUSDT_daily,CRYPTO,BINANCE,USDT,1,1,1,11.72,11.72,11.72,1,1852,0,0.5,1
27/01/2026,11.72,12.2,11.58,12.14,2157614.23000000,,AVAXUSDT_daily,CRYPTO,BINANCE,USDT,1,1,1,12.14,12.14,12.14,1,1853,0,0.5,1
28/01/2026,12.14,12.29,11.93,12.07,1817855.54000000,,AVAXUSDT_daily,CRYPTO,BINANCE,USDT,1,1,1,12.07,12.07,12.07,1,1854,0,0.5,1
29/01/2026,12.08,12.1,10.8,11.04,4766952.55000000,,AVAXUSDT_daily,CRYPTO,BINANCE,USDT,1,1,1,11.04,11.04,11.04,1,1855,0,0.5,1
30/01/2026,11.04,11.09,10.63,10.87,4376331.89000000,,AVAXUSDT_daily,CRYPTO,BINANCE,USDT,1,1,1,10.87,10.87,10.87,1,1856,0,0.5,1
31/01/2026,10.88,10.9,9.16,10.12,8363024.98000000,,AVAXUSDT_daily,CRYPTO,BINANCE,USDT,1,1,1,10.12,10.12,10.12,1,1857,0,0.5,1
01/02/2026,10.12,10.26,9.67,9.91,3370320.29000000,,AVAXUSDT_daily,CRYPTO,BINANCE,USDT,1,1,1,9.91,9.91,9.91,1,1858,0,0.5,1
02/02/2026,9.91,10.32,9.53,10.14,3599683.70000000,,AVAXUSDT_daily,CRYPTO,BINANCE,USDT,1,1,1,10.14,10.14,10.14,1,1859,0,0.5,1
03/02/2026,10.14,10.34,9.54,9.93,4359390.25000000,,AVAXUSDT_daily,CRYPTO,BINANCE,USDT,1,1,1,9.93,9.93,9.93,1,1860,0,0.5,1
04/02/2026,9.92,10.17,9.55,9.72,3707443.30000000,,AVAXUSDT_daily,CRYPTO,BINANCE,USDT,1,1,1,9.72,9.72,9.72,1,1861,0,0.5,1
05/02/2026,9.71,9.85,8.24,8.32,10982635.25000000,,AVAXUSDT_daily,CRYPTO,BINANCE,USDT,1,1,1,8.32,8.32,8.32,1,1862,0,0.5,1
06/02/2026,8.32,9.48,7.55,9.28,7616631.97000000,,AVAXUSDT_daily,CRYPTO,BINANCE,USDT,1,1,1,9.28,9.28,9.28,1,1863,0,0.5,1
07/02/2026,9.28,9.4,8.91,9.23,4429288.97000000,,AVAXUSDT_daily,CRYPTO,BINANCE,USDT,1,1,1,9.23,9.23,9.23,1,1864,0,0.5,1
08/02/2026,9.22,9.3,9,9.08,1952474.13000000,,AVAXUSDT_daily,CRYPTO,BINANCE,USDT,1,1,1,9.08,9.08,9.08,1,1865,0,0.5,1
09/02/2026,9.08,9.21,8.72,9.06,2161048.33000000,,AVAXUSDT_daily,CRYPTO,BINANCE,USDT,1,1,1,9.06,9.06,9.06,1,1866,0,0.5,1
10/02/2026,9.06,9.11,8.65,8.76,2155570.06000000,,AVAXUSDT_daily,CRYPTO,BINANCE,USDT,1,1,1,8.76,8.76,8.76,1,1867,0,0.5,1
11/02/2026,8.76,8.97,8.43,8.63,3451059.39000000,,AVAXUSDT_daily,CRYPTO,BINANCE,USDT,1,1,1,8.63,8.63,8.63,1,1868,0,0.5,1
12/02/2026,8.63,8.97,8.62,8.9,2722312.61000000,,AVAXUSDT_daily,CRYPTO,BINANCE,USDT,1,1,1,8.9,8.9,8.9,1,1869,0,0.5,1
13/02/2026,8.9,9.26,8.74,9.14,2317253.05000000,,AVAXUSDT_daily,CRYPTO,BINANCE,USDT,1,1,1,9.14,9.14,9.14,1,1870,0,0.5,1
14/02/2026,9.15,9.72,9.12,9.59,1957200.45000000,,AVAXUSDT_daily,CRYPTO,BINANCE,USDT,1,1,1,9.59,9.59,9.59,1,1871,0,0.5,1
15/02/2026,9.6,9.75,9.14,9.29,2304620.32000000,,AVAXUSDT_daily,CRYPTO,BINANCE,USDT,1,1,1,9.29,9.29,9.29,1,1872,0,0.5,1
16/02/2026,9.29,9.42,9.05,9.26,1993597.08000000,,AVAXUSDT_daily,CRYPTO,BINANCE,USDT,1,1,1,9.26,9.26,9.26,1,1873,0,0.5,1
17/02/2026,9.26,9.3,9,9.14,1500684.97000000,,AVAXUSDT_daily,CRYPTO,BINANCE,USDT,1,1,1,9.14,9.14,9.14,1,1874,0,0.5,1
18/02/2026,9.13,9.21,8.8,8.86,1645715.84000000,,AVAXUSDT_daily,CRYPTO,BINANCE,USDT,1,1,1,8.86,8.86,8.86,1,1875,0,0.5,1
19/02/2026,8.86,8.94,8.66,8.91,2125984.17000000,,AVAXUSDT_daily,CRYPTO,BINANCE,USDT,1,1,1,8.91,8.91,8.91,1,1876,0,0.5,1
20/02/2026,8.9,9.36,8.88,9.17,3170314.84000000,,AVAXUSDT_daily,CRYPTO,BINANCE,USDT,1,1,1,9.17,9.17,9.17,1,1877,0,0.5,1
21/02/2026,9.17,9.45,9.11,9.12,1520821.29000000,,AVAXUSDT_daily,CRYPTO,BINANCE,USDT,1,1,1,9.12,9.12,9.12,1,1878,0,0.5,1
22/02/2026,9.12,9.12,8.79,8.87,1894149.53000000,,AVAXUSDT_daily,CRYPTO,BINANCE,USDT,1,1,1,8.87,8.87,8.87,1,1879,0,0.5,1
23/02/2026,8.87,8.9,8.27,8.36,3519799.52000000,,AVAXUSDT_daily,CRYPTO,BINANCE,USDT,1,1,1,8.36,8.36,8.36,1,1880,0,0.5,1
24/02/2026,8.37,8.45,8.18,8.29,2069343.37000000,,AVAXUSDT_daily,CRYPTO,BINANCE,USDT,1,1,1,8.29,8.29,8.29,1,1881,0,0.5,1
25/02/2026,8.28,9.84,8.26,9.51,8207207.42000000,,AVAXUSDT_daily,CRYPTO,BINANCE,USDT,1,1,1,9.51,9.51,9.51,1,1882,0,0.5,1
26/02/2026,9.51,9.64,9.09,9.31,4367337.35000000,,AVAXUSDT_daily,CRYPTO,BINANCE,USDT,1,1,1,9.31,9.31,9.31,1,1883,0,0.5,1
27/02/2026,9.31,9.48,8.78,8.95,3241829.57000000,,AVAXUSDT_daily,CRYPTO,BINANCE,USDT,1,1,1,8.95,8.95,8.95,1,1884,0,0.5,1
28/02/2026,8.95,9.27,8.42,9.16,4471001.96000000,,AVAXUSDT_daily,CRYPTO,BINANCE,USDT,1,1,1,9.16,9.16,9.16,1,1885,0,0.5,1
01/03/2026,9.17,9.43,8.85,9.04,3517576.45000000,,AVAXUSDT_daily,CRYPTO,BINANCE,USDT,1,1,1,9.04,9.04,9.04,1,1886,0,0.5,1
02/03/2026,9.03,9.48,8.86,9.17,3607621.55000000,,AVAXUSDT_daily,CRYPTO,BINANCE,USDT,1,1,1,9.17,9.17,9.17,1,1887,0,0.5,1
03/03/2026,9.18,9.34,8.9,9.18,2950312.27000000,,AVAXUSDT_daily,CRYPTO,BINANCE,USDT,1,1,1,9.18,9.18,9.18,1,1888,0,0.5,1
04/03/2026,9.18,9.78,9,9.5,5118929.94000000,,AVAXUSDT_daily,CRYPTO,BINANCE,USDT,1,1,1,9.5,9.5,9.5,1,1889,0,0.5,1
05/03/2026,9.49,9.58,9.26,9.39,2107112.13000000,,AVAXUSDT_daily,CRYPTO,BINANCE,USDT,1,1,1,9.39,9.39,9.39,1,1890,0,0.5,1
06/03/2026,9.38,9.46,8.88,9.01,3054531.85000000,,AVAXUSDT_daily,CRYPTO,BINANCE,USDT,1,1,1,9.01,9.01,9.01,1,1891,0,0.5,1
07/03/2026,9.01,9.08,8.87,8.91,1118928.85000000,,AVAXUSDT_daily,CRYPTO,BINANCE,USDT,1,1,1,8.91,8.91,8.91,1,1892,0,0.5,1
08/03/2026,8.91,9.02,8.69,8.82,1613416.48000000,,AVAXUSDT_daily,CRYPTO,BINANCE,USDT,1,1,1,8.82,8.82,8.82,1,1893,0,0.5,1
09/03/2026,8.82,9.53,8.81,9.26,3172189.24000000,,AVAXUSDT_daily,CRYPTO,BINANCE,USDT,1,1,1,9.26,9.26,9.26,1,1894,0,0.5,1
10/03/2026,9.26,9.96,9.25,9.53,3406932.21000000,,AVAXUSDT_daily,CRYPTO,BINANCE,USDT,1,1,1,9.53,9.53,9.53,1,1895,0,0.5,1
11/03/2026,9.53,9.86,9.48,9.55,1940684.53000000,,AVAXUSDT_daily,CRYPTO,BINANCE,USDT,1,1,1,9.55,9.55,9.55,1,1896,0,0.5,1
12/03/2026,9.56,9.74,9.43,9.67,1583048.46000000,,AVAXUSDT_daily,CRYPTO,BINANCE,USDT,1,1,1,9.67,9.67,9.67,1,1897,0,0.5,1
13/03/2026,9.67,10.29,9.65,9.72,3606631.26000000,,AVAXUSDT_daily,CRYPTO,BINANCE,USDT,1,1,1,9.72,9.72,9.72,1,1898,0,0.5,1
14/03/2026,9.72,9.78,9.52,9.73,1235374.88000000,,AVAXUSDT_daily,CRYPTO,BINANCE,USDT,1,1,1,9.73,9.73,9.73,1,1899,0,0.5,1
15/03/2026,9.73,10.04,9.65,9.95,1425372.81000000,,AVAXUSDT_daily,CRYPTO,BINANCE,USDT,1,1,1,9.95,9.95,9.95,1,1900,0,0.5,1
16/03/2026,9.94,10.52,9.88,10.49,4566957.89000000,,AVAXUSDT_daily,CRYPTO,BINANCE,USDT,1,1,1,10.49,10.49,10.49,1,1901,0,0.5,1
17/03/2026,10.48,10.55,10.18,10.2,2960054.15000000,,AVAXUSDT_daily,CRYPTO,BINANCE,USDT,1,1,1,10.2,10.2,10.2,1,1902,0,0.5,1
18/03/2026,10.2,10.36,9.48,9.69,3287751.42000000,,AVAXUSDT_daily,CRYPTO,BINANCE,USDT,1,1,1,9.69,9.69,9.69,1,1903,0,0.5,1
19/03/2026,9.68,9.75,9.33,9.48,1361923.80000000,,AVAXUSDT_daily,CRYPTO,BINANCE,USDT,1,1,1,9.48,9.48,9.48,1,1904,0,0.5,1
20/03/2026,9.48,9.65,9.41,9.56,1369184.65000000,,AVAXUSDT_daily,CRYPTO,BINANCE,USDT,1,1,1,9.56,9.56,9.56,1,1905,0,0.5,1
21/03/2026,9.57,9.64,9.15,9.21,1043822.96000000,,AVAXUSDT_daily,CRYPTO,BINANCE,USDT,1,1,1,9.21,9.21,9.21,1,1906,0,0.5,1
22/03/2026,9.21,9.36,8.87,9.03,1608037.56000000,,AVAXUSDT_daily,CRYPTO,BINANCE,USDT,1,1,1,9.03,9.03,9.03,1,1907,0,0.5,1
23/03/2026,9.03,9.76,8.92,9.56,3004958.69000000,,AVAXUSDT_daily,CRYPTO,BINANCE,USDT,1,1,1,9.56,9.56,9.56,1,1908,0,0.5,1
24/03/2026,9.56,9.65,9.35,9.62,1570023.23000000,,AVAXUSDT_daily,CRYPTO,BINANCE,USDT,1,1,1,9.62,9.62,9.62,1,1909,0,0.5,1
25/03/2026,9.63,9.8,9.56,9.68,1815508.94000000,,AVAXUSDT_daily,CRYPTO,BINANCE,USDT,1,1,1,9.68,9.68,9.68,1,1910,0,0.5,1
26/03/2026,9.69,9.69,8.99,9.11,2063705.57000000,,AVAXUSDT_daily,CRYPTO,BINANCE,USDT,1,1,1,9.11,9.11,9.11,1,1911,0,0.5,1
27/03/2026,9.1,9.15,8.66,8.79,2101191.00000000,,AVAXUSDT_daily,CRYPTO,BINANCE,USDT,1,1,1,8.79,8.79,8.79,1,1912,0,0.5,1
28/03/2026,8.79,8.99,8.7,8.75,949852.20000000,,AVAXUSDT_daily,CRYPTO,BINANCE,USDT,1,1,1,8.75,8.75,8.75,1,1913,0,0.5,1
29/03/2026,8.76,8.82,8.37,8.6,1116725.08000000,,AVAXUSDT_daily,CRYPTO,BINANCE,USDT,1,1,1,8.6,8.6,8.6,1,1914,0,0.5,1
30/03/2026,8.6,9.08,8.56,8.81,1613301.92000000,,AVAXUSDT_daily,CRYPTO,BINANCE,USDT,1,1,1,8.81,8.81,8.81,1,1915,0,0.5,1
31/03/2026,8.81,9.07,8.69,8.91,1636937.52000000,,AVAXUSDT_daily,CRYPTO,BINANCE,USDT,1,1,1,8.91,8.91,8.91,1,1916,0,0.5,1
01/04/2026,8.91,9.48,8.87,9.13,2896821.47000000,,AVAXUSDT_daily,CRYPTO,BINANCE,USDT,1,1,1,9.13,9.13,9.13,1,1917,0,0.5,1
02/04/2026,9.13,9.19,8.62,8.75,2611985.21000000,,AVAXUSDT_daily,CRYPTO,BINANCE,USDT,1,1,1,8.75,8.75,8.75,1,1918,0,0.5,1
03/04/2026,8.75,9.15,8.73,8.91,1539700.91000000,,AVAXUSDT_daily,CRYPTO,BINANCE,USDT,1,1,1,8.91,8.91,8.91,1,1919,0,0.5,1
04/04/2026,8.91,9.11,8.83,8.99,719054.70000000,,AVAXUSDT_daily,CRYPTO,BINANCE,USDT,1,1,1,8.99,8.99,8.99,1,1920,0,0.5,1
05/04/2026,8.99,9.09,8.74,9.06,857876.01000000,,AVAXUSDT_daily,CRYPTO,BINANCE,USDT,1,1,1,9.06,9.06,9.06,1,1921,0,0.5,1
06/04/2026,9.07,9.66,8.81,8.91,3843829.97000000,,AVAXUSDT_daily,CRYPTO,BINANCE,USDT,1,1,1,8.91,8.91,8.91,1,1922,0,0.5,1
07/04/2026,8.9,9.62,8.46,9.43,6882469.21000000,,AVAXUSDT_daily,CRYPTO,BINANCE,USDT,1,1,1,9.43,9.43,9.43,1,1923,0,0.5,1
08/04/2026,9.43,9.56,9.04,9.05,3286293.67000000,,AVAXUSDT_daily,CRYPTO,BINANCE,USDT,1,1,1,9.05,9.05,9.05,1,1924,0,0.5,1
09/04/2026,9.05,9.7,8.92,9.37,2920718.20000000,,AVAXUSDT_daily,CRYPTO,BINANCE,USDT,1,1,1,9.37,9.37,9.37,1,1925,0,0.5,1
10/04/2026,9.37,9.56,9.25,9.39,1997802.09000000,,AVAXUSDT_daily,CRYPTO,BINANCE,USDT,1,1,1,9.39,9.39,9.39,1,1926,0,0.5,1
11/04/2026,9.39,9.61,9.19,9.38,1639251.72000000,,AVAXUSDT_daily,CRYPTO,BINANCE,USDT,1,1,1,9.38,9.38,9.38,1,1927,0,0.5,1
12/04/2026,9.37,9.39,8.92,9.03,2241067.22000000,,AVAXUSDT_daily,CRYPTO,BINANCE,USDT,1,1,1,9.03,9.03,9.03,1,1928,0,0.5,1
13/04/2026,9.04,9.71,8.97,9.66,3419224.20000000,,AVAXUSDT_daily,CRYPTO,BINANCE,USDT,1,1,1,9.66,9.66,9.66,1,1929,0,0.5,1
14/04/2026,9.66,9.71,9.21,9.31,3276040.98000000,,AVAXUSDT_daily,CRYPTO,BINANCE,USDT,1,1,1,9.31,9.31,9.31,1,1930,0,0.5,1
15/04/2026,9.3,9.57,9.26,9.43,2180446.37000000,,AVAXUSDT_daily,CRYPTO,BINANCE,USDT,1,1,1,9.43,9.43,9.43,1,1931,0,0.5,1
16/04/2026,9.44,9.89,9.26,9.73,3911612.90000000,,AVAXUSDT_daily,CRYPTO,BINANCE,USDT,1,1,1,9.73,9.73,9.73,1,1932,0,0.5,1
17/04/2026,9.72,10.01,9.45,9.72,3237491.10000000,,AVAXUSDT_daily,CRYPTO,BINANCE,USDT,1,1,1,9.72,9.72,9.72,1,1933,0,0.5,1
18/04/2026,9.72,9.79,9.3,9.33,1985427.01000000,,AVAXUSDT_daily,CRYPTO,BINANCE,USDT,1,1,1,9.33,9.33,9.33,1,1934,0,0.5,1
19/04/2026,9.33,9.36,8.96,9,2781932.77000000,,AVAXUSDT_daily,CRYPTO,BINANCE,USDT,1,1,1,9,9,9,1,1935,0,0.5,1
20/04/2026,9,9.44,8.98,9.27,3340913.84000000,,AVAXUSDT_daily,CRYPTO,BINANCE,USDT,1,1,1,9.27,9.27,9.27,1,1936,0,0.5,1
21/04/2026,9.27,9.53,9.17,9.39,2526167.85000000,,AVAXUSDT_daily,CRYPTO,BINANCE,USDT,1,1,1,9.39,9.39,9.39,1,1937,0,0.5,1
22/04/2026,9.4,9.68,9.33,9.33,2632701.83000000,,AVAXUSDT_daily,CRYPTO,BINANCE,USDT,1,1,1,9.33,9.33,9.33,1,1938,0,0.5,1
23/04/2026,9.33,9.45,9.16,9.38,2441918.23000000,,AVAXUSDT_daily,CRYPTO,BINANCE,USDT,1,1,1,9.38,9.38,9.38,1,1939,0,0.5,1
24/04/2026,9.39,9.48,9.28,9.4,1285732.01000000,,AVAXUSDT_daily,CRYPTO,BINANCE,USDT,1,1,1,9.4,9.4,9.4,1,1940,0,0.5,1
25/04/2026,9.4,9.5,9.28,9.36,988627.53000000,,AVAXUSDT_daily,CRYPTO,BINANCE,USDT,1,1,1,9.36,9.36,9.36,1,1941,0,0.5,1
26/04/2026,9.36,9.55,9.31,9.45,1422096.89000000,,AVAXUSDT_daily,CRYPTO,BINANCE,USDT,1,1,1,9.45,9.45,9.45,1,1942,0,0.5,1
27/04/2026,9.46,9.57,9.08,9.27,1959769.48000000,,AVAXUSDT_daily,CRYPTO,BINANCE,USDT,1,1,1,9.27,9.27,9.27,1,1943,0,0.5,1
28/04/2026,9.26,9.28,9.11,9.17,1238580.90000000,,AVAXUSDT_daily,CRYPTO,BINANCE,USDT,1,1,1,9.17,9.17,9.17,1,1944,0,0.5,1
29/04/2026,9.17,9.45,8.92,9.12,2244269.38000000,,AVAXUSDT_daily,CRYPTO,BINANCE,USDT,1,1,1,9.12,9.12,9.12,1,1945,0,0.5,1
30/04/2026,9.12,9.23,9.05,9.09,1164480.51000000,,AVAXUSDT_daily,CRYPTO,BINANCE,USDT,1,1,1,9.09,9.09,9.09,1,1946,0,0.5,1
01/05/2026,9.1,9.27,9.06,9.08,1184996.33000000,,AVAXUSDT_daily,CRYPTO,BINANCE,USDT,1,1,1,9.08,9.08,9.08,1,1947,0,0.5,1
02/05/2026,9.09,9.25,9.06,9.18,818732.77000000,,AVAXUSDT_daily,CRYPTO,BINANCE,USDT,1,1,1,9.18,9.18,9.18,1,1948,0,0.5,1
03/05/2026,9.19,9.2,8.97,9.08,1301199.04000000,,AVAXUSDT_daily,CRYPTO,BINANCE,USDT,1,1,1,9.08,9.08,9.08,1,1949,0,0.5,1
04/05/2026,9.08,9.38,8.99,9.18,2651098.82000000,,AVAXUSDT_daily,CRYPTO,BINANCE,USDT,1,1,1,9.18,9.18,9.18,1,1950,0,0.5,1
05/05/2026,9.18,9.52,9.17,9.4,1941437.43000000,,AVAXUSDT_daily,CRYPTO,BINANCE,USDT,1,1,1,9.4,9.4,9.4,1,1951,0,0.5,1
06/05/2026,9.4,9.78,9.37,9.61,3142945.26000000,,AVAXUSDT_daily,CRYPTO,BINANCE,USDT,1,1,1,9.61,9.61,9.61,1,1952,0,0.5,1
07/05/2026,9.61,9.7,9.45,9.61,1068206.06000000,,AVAXUSDT_daily,CRYPTO,BINANCE,USDT,1,1,1,9.61,9.61,9.61,1,1953,0,0.5,1
