Date,ADAUSDT_daily_alpha_forecast,ADAUSDT_daily_one_perc_change,ADAUSDT_daily_block_value,ADAUSDT_daily_price_volatility,ADAUSDT_daily_cash_vol_daily,ADAUSDT_daily_std_dev,ADAUSDT_daily_icv,ADAUSDT_daily_ivv,ADAUSDT_daily_vol_scalar,ADAUSDT_daily_alpha_subsystem_position,ADAUSDT_daily_alpha_trades_needed,ADAUSDT_daily_alpha_target_pos,ADAUSDT_daily_execution_price,ADAUSDT_daily_daily_instrument_pnls,ADAUSDT_daily_daily_current_pnls,ADAUSDT_daily_alpha_current_pos,AVAXUSDT_daily_alpha_forecast,AVAXUSDT_daily_one_perc_change,AVAXUSDT_daily_block_value,AVAXUSDT_daily_price_volatility,AVAXUSDT_daily_cash_vol_daily,AVAXUSDT_daily_std_dev,AVAXUSDT_daily_icv,AVAXUSDT_daily_ivv,AVAXUSDT_daily_vol_scalar,AVAXUSDT_daily_alpha_subsystem_position,AVAXUSDT_daily_alpha_trades_needed,AVAXUSDT_daily_alpha_target_pos,AVAXUSDT_daily_execution_price,AVAXUSDT_daily_daily_instrument_pnls,AVAXUSDT_daily_daily_current_pnls,AVAXUSDT_daily_alpha_current_pos,AUM,NAV
2021-01-02,,0.0017742,0.0017742,563.63,125000.0,1.0,0.9999923460000001,0.9999923460000001,125000.95675732302,,0.0,0.0,0.17742,0.0,0.0,0.0,,0.034956,0.034956,28.61,125000.0,1.0,1.00009116,1.00009116,124988.60603867352,,0.0,0.0,3.4956,0.0,0.0,0.0,10000000.0,10000000.0
2021-01-03,,0.0020615,0.0020615,485.08,125000.0,1.0,0.99999242,0.99999242,125000.9475071821,,0.0,0.0,0.20615,0.0,0.0,0.0,,0.034691,0.034691,28.83,125000.0,1.0,1.0001415299999998,1.0001415299999998,124982.31125348831,,0.0,0.0,3.4691,0.0,-0.0,0.0,10000000.0,10000000.0
2021-01-04,,0.0022528,0.0022528,443.89,125000.0,1.0,0.999995392,0.999995392,125000.57600265423,,0.0,0.0,0.22528,0.0,0.0,0.0,,0.035998999999999996,0.035998999999999996,27.78,125000.0,1.0,1.00005222,1.00005222,124993.47284084826,,0.0,0.0,3.5999,0.0,0.0,0.0,10000000.0,10000000.0
2021-01-05,11.95690191645868,0.0025873000000000003,0.0025873000000000003,386.5,124991.86334789,1.0,0.9999914500000001,0.9999914500000001,125001.06875913788,149462.55186055187,81636.0,81636.0,0.26131730000000003,-211.21682280000118,0.0,0.0,-1.5153597946371709,0.042501,0.042501,23.53,124991.86334789,1.0,1.00004853,1.00004853,124993.93404438083,-18941.0782224385,-10346.0,-10346.0,4.207599,-439.71534599999666,0.0,0.0,9999349.0678312,9999349.0678312
2021-01-06,13.830645422416568,0.0033309,0.0033309,300.22,124996.1353880975,1.0,1.0000027980000001,1.0000027980000001,124991.51362163488,172871.33057119825,12786.0,94422.0,0.3364209,-42.588887400000324,6070.452959999999,81636.0,5.79556515201604,0.045788,0.045788,21.84,124996.1353880975,1.0,1.00000992,1.00000992,124990.62344090546,72439.13015428708,49912.0,39566.0,4.624588,-2285.370655999997,-3400.7302000000045,-10346.0,9999690.8310478,9999690.8310478
2021-01-07,13.837124423810648,0.0029928,0.0029928,334.14,124886.646461975,1.0,1.0000141919999999,1.0000141919999999,124994.36146811956,172956.25319091338,46.0,94468.0,0.3022728,-0.1376688000000008,-3192.407820000001,94422.0,10.02090223479519,0.044707,0.044707,22.37,124886.646461975,1.0,1.00009559,1.00009559,124984.18814955228,125245.43303419111,28843.0,68409.0,4.515407,-1289.484000999995,-4277.084600000012,39566.0,9990931.716958,9990931.716958
2021-01-08,14.47949034437693,0.0030389,0.0030389,329.07,125936.38636085001,1.0,1.000010823,1.000010823,124885.29482842908,180827.5420622905,4300.0,98768.0,0.3069289,-13.067270000000047,435.4974800000003,94468.0,11.411076208613206,0.057,0.057,17.54,125936.38636085001,1.0,0.99978,0.99978,124914.12757004041,142540.46292341631,9446.0,77855.0,5.757000000000001,-538.4220000000037,84095.18370000002,68409.0,10074910.908868,10074910.908868
2021-01-09,15.26827980589466,0.0033062000000000005,0.0033062000000000005,302.46,127413.59829439501,1.0,0.9999932520000001,0.9999932520000001,125937.23618531978,192284.49600585044,6257.0,105025.0,0.3339262,-20.686893399999885,2640.068640000003,98768.0,11.856840310419614,0.07187700000000001,0.07187700000000001,13.91,127413.59829439501,1.0,0.9998090700000002,0.9998090700000002,125960.43598689296,149349.27749274217,3719.0,81574.0,7.259577,-267.31056299999904,115824.88350000003,77855.0,10193087.8635516,10193087.8635516
2021-01-10,16.069448362739998,0.0030153000000000003,0.0030153000000000003,331.64,126705.07859484,1.0,0.999994092,0.999994092,127414.35105838106,204747.83350046808,6808.0,111833.0,0.3045453,-20.52816239999999,-3055.1772500000006,105025.0,13.703426735707517,0.065416,0.065416,15.29,126705.07859484,1.0,1.00021064,1.00021064,127386.76554610039,174563.5208759737,13772.0,95346.0,6.607016,-900.9091519999989,-52704.961400000044,81574.0,10136406.2875872,10136406.2875872
2021-01-11,14.071075329107254,0.002757,0.002757,362.71,126580.97668377751,1.0,0.9999914699999999,0.9999914699999999,126706.15939837968,178289.19135564714,-14452.0,97381.0,0.272943,-39.844164000000134,-2888.646390000002,111833.0,14.43725417379424,0.064713,0.064713,15.45,126580.97668377751,1.0,0.9998158500000001,0.9998158500000001,126728.41563257873,182961.03475297784,4587.0,99933.0,6.5360130000000005,-296.8385310000011,-6702.82379999996,95346.0,10126478.1347022,10126478.1347022
2021-01-12,9.94122051593808,0.0028888000000000004,0.0028888000000000004,346.16,128152.3911179975,1.0,0.9999870080000002,0.9999870080000002,126582.6212451927,125838.5751283929,-28648.0,68733.0,0.2859912,-82.75834240000071,1283.4815800000024,97381.0,14.963360128638907,0.0772,0.0772,12.95,128152.3911179975,1.0,0.99974,0.99974,126613.89629681468,189456.93275793782,3548.0,103481.0,7.7972,-273.90560000000136,124786.33709999995,99933.0,10252191.2894398,10252191.2894398
2021-01-13,9.555351411964772,0.0031230000000000003,0.0031230000000000003,320.2,129135.36326001001,1.0,0.9999846000000001,0.9999846000000001,128154.3646952138,122455.99896398594,-1848.0,66885.0,0.30917700000000004,-5.771303999999976,1609.7268599999998,68733.0,15.67350036460472,0.084695,0.084695,11.81,129135.36326001001,1.0,1.00024795,1.00024795,128120.62360937354,200809.86408549003,6201.0,109682.0,8.554195,-525.1936949999998,77559.00950000003,103481.0,10330829.0608008,10330829.0608008
2021-01-14,11.20551694169392,0.0031201000000000002,0.0031201000000000002,320.5,130288.02291544502,1.0,0.99999205,0.99999205,129136.38989430967,144704.00047498784,12152.0,79037.0,0.3151301,-37.915455200000174,-19.396650000000832,66885.0,16.70647591193127,0.09317700000000001,0.09317700000000001,10.73,130288.02291544502,1.0,0.9997892100000001,0.9997892100000001,129162.58944223853,215785.16892394266,8180.0,117862.0,9.410877000000001,-762.187860000006,93032.27240000003,109682.0,10423041.833235601,10423041.833235601
2021-01-15,11.5876616466186,0.0030188,0.0030188,331.26,130358.56082733002,1.0,1.000007688,1.000007688,130287.02126882551,150972.1919408951,3424.0,82461.0,0.30489879999999997,-10.33637119999996,-800.6448100000022,79037.0,17.78509416499042,0.093794,0.093794,10.66,130358.56082733002,1.0,0.99984404,0.99984404,130308.34580505677,231754.6200627069,8722.0,126584.0,9.473194000000001,-818.0712680000072,7272.08540000001,117862.0,10428684.8661864,10428684.8661864
2021-01-16,10.386569504253396,0.0035071000000000004,0.0035071000000000004,285.14,135880.25266679502,1.0,1.000014494,1.000014494,130356.6714377342,135395.86282311496,-8508.0,73953.0,0.34720290000000004,-29.838406799999873,4026.5706300000033,82461.0,18.424053366577144,0.128421,0.128421,7.79,135880.25266679502,1.0,1.00039959,1.00039959,130306.49165632906,240077.3756287646,4546.0,131130.0,12.970521,-583.8018659999975,438322.4168,126584.0,10870420.213343602,10870420.213343602
2021-01-17,13.206312208473168,0.0038081,0.0038081,262.6,136442.21346419503,1.0,1.0000070600000002,1.0000070600000002,135879.29335898388,179446.4370765456,24060.0,98013.0,0.38461809999999996,-91.62288599999954,2225.985299999997,73953.0,16.8716332818893,0.131746,0.131746,7.59,136442.21346419503,1.0,0.99995214,0.99995214,135886.7562069471,229263.1518589106,-5907.0,125223.0,13.042854,-778.2236219999982,43600.72499999995,131130.0,10915377.077135602,10915377.077135602
2021-01-18,16.4305270730957,0.0037123,0.0037123,269.37,135675.0779532563,1.0,0.999982251,0.999982251,136444.63522002555,224185.72729612965,24437.0,122450.0,0.3749423,-90.71747510000004,-938.9645399999978,98013.0,18.22316115569157,0.127035,0.127035,7.87,135675.0779532563,1.0,0.99976545,0.99976545,136474.22349331537,248699.17683165544,10616.0,135839.0,12.830535,-1348.603559999993,-58992.55529999998,125223.0,10854006.236260502,10854006.236260502
2021-01-19,16.46731624660073,0.0036720000000000004,0.0036720000000000004,272.33,134023.75795748128,1.0,0.99999576,0.99999576,135675.65321802592,223421.38885053652,-418.0,122032.0,0.363528,-1.5348960000000036,-493.47349999999733,122450.0,18.653476691188303,0.11736700000000001,0.11736700000000001,8.52,134023.75795748128,1.0,0.99996684,0.99996684,135679.57708803253,253089.5828681901,2398.0,138237.0,11.854067,-281.44606599999946,-131329.14519999988,135839.0,10721900.636598501,10721900.636598501
2021-01-20,15.746657081951602,0.0037532,0.0037532,266.44,135126.31960661625,1.0,1.000002608,1.000002608,134023.40842443213,211042.06534138758,-6761.0,115271.0,0.3715668,-25.375385200000082,990.8998399999952,122032.0,17.50932101646242,0.123768,0.123768,8.08,135126.31960661625,1.0,1.00004544,1.00004544,134017.6681946385,234655.8374297671,-10068.0,128169.0,12.253032,-1246.096224000001,88485.5036999998,138237.0,10810105.5685293,10810105.5685293
2021-01-21,15.869128728171466,0.0030785,0.0030785,324.83,133339.53657837876,1.0,0.999989155,0.999989155,135127.7850674453,214436.02159879758,1854.0,117125.0,0.3109285,-5.70753899999997,-7777.334369999997,115271.0,17.39896245095122,0.113225,0.113225,8.83,133339.53657837876,1.0,0.9997767500000001,0.9997767500000001,135156.49329374408,235158.27518200935,274.0,128443.0,11.435725,-31.023649999999975,-135128.57669999995,128169.0,10667162.9262703,10667162.9262703
2021-01-22,7.104041556944536,0.0034866999999999997,0.0034866999999999997,286.8,135592.70969790124,1.0,0.9999855599999999,0.9999855599999999,133341.46202909047,94726.32875184008,-65386.0,51739.0,0.34518329999999997,-227.9813662000006,4781.042499999996,117125.0,14.965613790910131,0.127097,0.127097,7.87,135592.70969790124,1.0,1.00025339,1.00025339,133305.7582323003,199500.2493809045,-19476.0,108967.0,12.582602999999999,-2475.3411720000177,178176.1296,128443.0,10847416.7758321,10847416.7758321
2021-01-23,7.852944173689235,0.0034583000000000005,0.0034583000000000005,289.16,135789.89131266376,1.0,1.0000020280000002,1.0000020280000002,135592.43471644362,106479.9820202834,6420.0,58159.0,0.34928830000000005,-22.20228600000016,-146.93875999999761,51739.0,15.953853321771186,0.128669,0.128669,7.77,135789.89131266376,1.0,0.99975813,0.99975813,135625.51344083718,216374.9548125023,9217.0,118184.0,12.995569,-1185.9421730000033,17129.61239999995,108967.0,10863191.3050131,10863191.3050131
2021-01-24,7.853920296779644,0.0035345,0.0035345,282.93,135218.81869534502,1.0,1.000016085,1.000016085,135787.707167394,106646.58293751665,91.0,58250.0,0.3569845,-0.32163949999999963,443.1715799999977,58159.0,16.377405851483687,0.12480100000000001,0.12480100000000001,8.01,135218.81869534502,1.0,0.99965601,0.99965601,135836.61775080385,222465.1418397768,3326.0,121510.0,12.604901,-415.0881259999991,-45713.5711999999,118184.0,10817505.4956276,10817505.4956276
2021-01-25,8.32730237628543,0.0034308,0.0034308,291.48,134744.81057577502,1.0,1.000009584,1.000009584,135217.52277060677,112599.7198683103,3252.0,61502.0,0.3465108,-11.156961600000038,-604.0524999999994,58250.0,15.303788167769634,0.121816,0.121816,8.21,134744.81057577502,1.0,1.00010936,1.00010936,135204.03278231996,206913.3877128806,-8494.0,113016.0,12.059783999999999,-1034.705104000007,-36270.73500000008,121510.0,10779584.846062,10779584.846062
2021-01-26,7.446253871394071,0.003433,0.003433,291.29,134767.8841452375,1.0,0.99999857,0.99999857,134745.00326112966,100334.55021841935,-6699.0,54803.0,0.339867,-22.99766700000013,13.530439999999876,61502.0,13.998247189112378,0.122088,0.122088,8.19,134767.8841452375,1.0,0.99990072,0.99990072,134758.18936881557,188637.84455418962,-9982.0,103034.0,12.086712,-1218.6824159999976,3074.035200000063,113016.0,10781430.731619,10781430.731619
2021-01-27,7.039278543673576,0.0031144,0.0031144,321.09,133385.29085507753,1.0,1.000002696,1.000002696,134767.5208120014,94866.61176360035,-2987.0,51816.0,0.3083256,-9.302712800000052,-1746.02358,54803.0,13.282967726101695,0.11158,0.11158,8.96,133385.29085507753,1.0,0.9997568000000001,0.9997568000000001,134800.66766761427,179055.29180858805,-5234.0,97800.0,11.04642,-584.00972,-108268.12720000006,103034.0,10670823.268406201,10670823.268406201
2021-01-28,3.773431841921264,0.0034409,0.0034409,290.62,134348.19930660876,1.0,0.999994358,0.999994358,133386.0434191345,50332.314350565444,-24325.0,27491.0,0.3406491,-83.6998925000006,1691.7924000000007,51816.0,9.800227060360855,0.119615,0.119615,8.36,134348.19930660876,1.0,0.9999813999999999,0.9999813999999999,133387.7718676343,130723.045137843,-26399.0,71401.0,11.841885,-3157.716384999989,78582.29999999997,97800.0,10747855.9445287,10747855.9445287
2021-01-29,5.32881162988477,0.0034752,0.0034752,287.75,134034.28301541376,1.0,0.9999888,0.9999888,134349.70402329383,71592.42652709049,11613.0,39104.0,0.3509952,-40.35749760000014,94.29412999999968,27491.0,10.299149200914142,0.116158,0.116158,8.61,134034.28301541376,1.0,1.0001203799999998,1.0001203799999998,134332.02841702793,138350.5603128409,4166.0,75567.0,11.731958,-483.9142280000018,-24683.32569999993,71401.0,10722742.641233101,10722742.641233101
2021-01-30,6.176497072348429,0.00364,0.00364,274.73,134436.70800827627,1.0,1.0000172,1.0000172,134031.97766539792,82784.81176514002,6113.0,45217.0,0.36763999999999997,-22.251319999999858,644.4339199999998,39104.0,9.486734813306912,0.12043300000000001,0.12043300000000001,8.3,134436.70800827627,1.0,0.9995939000000001,0.9995939000000001,134088.73645128662,127206.42841647562,-6087.0,69480.0,11.922867,-733.0756710000014,32304.892500000016,75567.0,10754936.640662102,10754936.640662102
2021-01-31,7.796914081763318,0.0034475,0.0034475,290.07,135657.0083664638,1.0,1.000016325,1.000016325,134434.5133648456,104817.43503293637,12034.0,57251.0,0.3481975,-41.48721499999991,-870.4272499999995,45217.0,10.082983648904763,0.134704,0.134704,7.42,135657.0083664638,1.0,0.9995036799999999,0.9995036799999999,134503.4647679099,135619.62359758734,4595.0,74075.0,13.605103999999999,-618.9648799999966,99154.90799999995,69480.0,10852560.669317102,10852560.669317102
2021-02-01,6.4340446915860845,0.0040876,0.0040876,244.64,135430.5463940863,1.0,0.999990464,0.999990464,135658.3020040317,87283.1577878622,-9577.0,47674.0,0.4046724,-39.14694520000023,3664.6365100000007,57251.0,12.90868998962942,0.132153,0.132153,7.57,135430.5463940863,1.0,1.00039821,1.00039821,135603.00989189476,175045.7216355121,21535.0,95610.0,13.347453,-2845.9148550000136,-18896.53250000004,74075.0,10834443.711526902,10834443.711526902
2021-02-02,10.052696726534272,0.004249800000000001,0.004249800000000001,235.31,135738.7207592138,1.0,1.0000204380000002,1.0000204380000002,135427.77852114887,136141.43858213615,26686.0,74360.0,0.42922980000000005,-113.41016280000069,773.2722800000006,47674.0,13.306336991587104,0.134703,0.134703,7.42,135738.7207592138,1.0,0.9994962599999999,0.9994962599999999,135498.80256088832,180299.27288317058,2869.0,98479.0,13.605003,-386.46290700000003,24380.550000000076,95610.0,10859097.660737103,10859097.660737103
2021-02-03,12.71330872950065,0.0044189,0.0044189,226.3,137431.64327729755,1.0,0.99999707,0.99999707,135739.1184748309,172569.33198407906,19897.0,94257.0,0.4463089,-87.92285330000007,1257.4275999999986,74360.0,13.85146056752406,0.1484,0.1484,6.74,137431.64327729755,1.0,1.000216,1.000216,135709.40752718793,187977.35070048965,4194.0,102673.0,14.9884,-622.3896000000022,134886.6863,98479.0,10994531.462183803,10994531.462183803
2021-02-04,14.696248874612747,0.0043934,0.0043934,227.61,137943.08045218754,1.0,0.9999817740000002,0.9999817740000002,137434.14815208173,201976.64451133928,16062.0,110319.0,0.4437334,-70.56679079999986,-240.3553499999997,94257.0,16.204291452430937,0.152697,0.152697,6.55,137943.08045218754,1.0,1.00016535,1.00016535,137408.92271192712,222661.4231788624,18944.0,121617.0,15.422397,-2892.6919679999974,44118.588100000045,102673.0,11035446.436175004,11035446.436175004
2021-02-05,14.93937116639214,0.0053917,0.0053917,185.47,142043.4236461538,1.0,0.999998599,0.999998599,137943.273710714,206078.576587158,2241.0,112560.0,0.5445617,-12.082799699999999,11013.145770000003,110319.0,18.02927300359177,0.17897300000000002,0.17897300000000002,5.59,142043.4236461538,1.0,1.00045907,1.00045907,137879.78397975594,248587.22670472786,14161.0,135778.0,18.076273,-2534.436652999988,319560.82920000015,121617.0,11363473.891692303,11363473.891692303
2021-02-06,16.23197881914465,0.0063444,0.0063444,157.62,142529.1248682888,1.0,1.000004328,1.000004328,142042.80888487695,230563.58652311345,13373.0,125933.0,0.6407844,-84.84366120000037,10723.591199999995,112560.0,19.098271357011065,0.18121600000000002,0.18121600000000002,5.52,142529.1248682888,1.0,1.00031232,1.00031232,141999.07449520746,271193.6857153901,12348.0,148126.0,18.302816,-2237.6551679999898,30455.005399999933,135778.0,11402329.989463104,11402329.989463104
2021-02-07,17.548705393137364,0.006610899999999999,0.006610899999999999,151.27,152874.9189027863,1.0,1.000030843,1.000030843,142524.72897807293,250112.44800729497,10678.0,136611.0,0.6677008999999999,-70.59119019999973,3356.1144499999937,125933.0,20.4806000577144,0.23704999999999998,0.23704999999999998,4.22,152874.9189027863,1.0,1.0003509999999998,1.0003509999999998,142479.11469902948,291805.776472804,11258.0,159384.0,23.94205,-2668.7088999999996,827046.7083999997,148126.0,12229993.512222903,12229993.512222903
2021-02-08,18.917465009167657,0.0067638,0.0067638,147.85,165514.2553897738,1.0,1.00002783,1.00002783,152870.66451219292,289192.5446837618,21345.0,157956.0,0.6831438,-144.37331099999972,2088.7821900000035,136611.0,17.889922885165937,0.30056,0.30056,3.33,165514.2553897738,1.0,1.0008648,1.0008648,152742.8269060779,273255.7394611983,-10132.0,149252.0,29.75544,-3045.2739200000083,1012247.7840000005,159384.0,13241140.431181904,13241140.431181904
2021-02-09,19.93671321835227,0.0070562,0.0070562,141.72,169006.3408869038,1.0,1.000004664,1.000004664,165513.48343488708,329979.4853011843,22278.0,180234.0,0.7126762,-157.19802359999903,4618.633440000007,157956.0,17.60595325698237,0.319194,0.319194,3.13,169006.3408869038,1.0,0.9990772199999999,0.9990772199999999,165667.12970372182,291672.7741782162,10059.0,159311.0,32.238594,-3210.7724459999954,278116.1767999998,149252.0,13520507.270952303,13520507.270952303
2021-02-10,20.38066839401731,0.009396600000000001,0.009396600000000001,106.42,214756.3573612913,1.0,0.9999861720000002,0.9999861720000002,169008.6779389023,344450.9820784037,7905.0,188139.0,0.9490566,-74.28012299999982,42181.96536,180234.0,19.07359114572501,0.546861,0.546861,1.83,214756.3573612913,1.0,1.00075563,1.00075563,168878.73105135947,322112.38692824857,16626.0,175937.0,55.232961,-9092.110985999998,3626985.7437000005,159311.0,17180508.588903304,17180508.588903304
2021-02-11,17.885324667697876,0.0092796,0.0092796,107.76,197749.91493373382,1.0,0.9999696960000001,0.9999696960000001,214762.86553516847,384110.35766616307,21661.0,209800.0,0.9372396000000001,-201.0054156000012,-2201.226300000008,188139.0,15.021416959515369,0.469673,0.469673,2.13,197749.91493373382,1.0,1.00040349,1.00040349,214669.74026779065,322464.367715335,193.0,176130.0,47.436973,-90.64688900000004,-1358022.5156000003,175937.0,15819993.194698704,15819993.194698704
2021-02-12,19.08291797881767,0.0092426,0.0092426,108.19,200627.55531687132,1.0,0.999956894,0.999956894,197758.4395090273,377380.80807697435,-3675.0,206125.0,0.9150174,-33.966554999999964,-776.2600000000077,209800.0,15.666682817507793,0.482978,0.482978,2.07,200627.55531687132,1.0,0.99976446,0.99976446,197796.50392226767,309881.50893621036,-6873.0,169257.0,47.814822,-3319.507794000019,234340.9650000001,176130.0,16050204.425349705,16050204.425349705
2021-02-13,19.51134513044521,0.0091299,0.0091299,109.53,191622.0010046538,1.0,0.999997947,0.999997947,200627.967206088,391452.1510977627,7686.0,213811.0,0.9221199,-70.17241140000019,-2323.0287500000004,206125.0,16.42998764709739,0.440832,0.440832,2.27,191622.0010046538,1.0,1.00068864,1.00068864,200489.49023431638,329403.9847922671,10663.0,179920.0,44.524032,-4700.591616000003,-713350.5522000007,169257.0,15329760.080372304,15329760.080372304
2021-02-14,19.858249699508345,0.0084364,0.0084364,118.53,180257.6995418913,1.0,0.999966492,0.999966492,191628.4220898212,380540.505538245,-5960.0,207851.0,0.8352035999999999,-50.28094400000006,-14827.792850000005,213811.0,14.61716854917643,0.39171100000000003,0.39171100000000003,2.55,180257.6995418913,1.0,0.99886305,0.99886305,191840.11362183615,280415.9275303536,-26757.0,153163.0,38.779389,-10481.01122700002,-883785.0319999992,179920.0,14420615.963351304,14420615.963351304
2021-02-15,17.298456685765437,0.0086143,0.0086143,116.09,178454.7214905088,1.0,1.000034087,1.000034087,180251.55530712556,311807.3722022165,-37542.0,170309.0,0.8528157000000001,-323.3980505999986,3697.6692900000176,207851.0,11.426678418438105,0.38309,0.38309,2.61,178454.7214905088,1.0,0.9998649,0.9998649,180282.05564760932,206002.50745001948,-40645.0,112518.0,37.925909999999995,-15570.693050000114,-132041.8223000008,153163.0,14276377.719240703,14276377.719240703
2021-02-16,16.77744801136733,0.0087,0.0087,114.94,175903.8120769838,1.0,0.9999779999999999,0.9999779999999999,178458.64758075558,299408.0681965051,-6773.0,163536.0,0.8613,-58.92510000000028,1459.5481299999942,170309.0,9.743959077491784,0.365402,0.365402,2.74,175903.8120769838,1.0,1.0012014800000002,1.0012014800000002,178240.56901165264,173676.88103983935,-17656.0,94862.0,36.174797999999996,-6451.537712000055,-199021.83839999986,112518.0,14072304.966158703,14072304.966158703
2021-02-17,16.300730556853736,0.008920599999999999,0.008920599999999999,112.1,176773.5834779513,1.0,0.9999992599999998,0.9999992599999998,175903.9422459011,286736.2766438795,-6921.0,156615.0,0.8831393999999999,-61.73947260000039,3607.604159999995,163536.0,8.177160009774656,0.37300300000000003,0.37300300000000003,2.68,176773.5834779513,1.0,0.9996480400000002,0.9996480400000002,175965.74498058713,143890.00529454625,-16270.0,78592.0,36.927297,-6068.758809999953,72104.60620000013,94862.0,14141886.678236103,14141886.678236103
2021-02-18,16.477029618648622,0.0091442,0.0091442,109.36,180397.58721976378,1.0,1.000009712,1.000009712,176771.8666695822,291267.5282858511,2475.0,159090.0,0.9235642000000001,-22.631895000000117,3501.9114000000072,156615.0,7.726182940545303,0.409656,0.409656,2.44,180397.58721976378,1.0,0.99956064,0.99956064,176851.2848584667,136638.53800870033,-3960.0,74632.0,40.555944000000004,-1622.2377599999932,288063.2576000001,78592.0,14431806.977581102,14431806.977581102
2021-02-19,16.923737443259657,0.0092581,0.0092581,108.01,178273.5374546013,1.0,0.999967381,0.999967381,180403.47180061042,305310.09906060284,7670.0,166760.0,0.9350681000000001,-71.00962700000036,1812.0351000000019,159090.0,8.778731991048016,0.38727400000000006,0.38727400000000006,2.58,178273.5374546013,1.0,0.9991669200000002,0.9991669200000002,180547.99814605925,158498.24872444881,11939.0,86571.0,39.114674,-4623.664285999975,-167041.34239999994,74632.0,14261882.996368103,14261882.996368103
2021-02-20,16.962444362709793,0.0111568,0.0111568,89.63,175679.65586059878,1.0,0.9999839839999999,0.9999839839999999,178276.39272930726,302400.3392855475,-1589.0,165171.0,1.1045232,-17.728155199999946,31662.721199999996,166760.0,8.066070978509218,0.359985,0.359985,2.78,175679.65586059878,1.0,1.0007583,1.0007583,178138.45506412617,143687.74225492164,-8089.0,78482.0,35.638515,-2911.9186650000142,-236243.60190000027,86571.0,14054372.468847902,14054372.468847902
2021-02-21,19.33985070241643,0.0109894,0.0109894,91.0,175752.2866418488,1.0,1.0000354,1.0000354,175673.43702092825,339749.8044365108,20400.0,185571.0,1.1099294,-224.1837599999985,-2764.9625399999964,165171.0,6.478178513884359,0.361855,0.361855,2.76,175752.2866418488,1.0,0.9987197999999998,0.9987197999999998,175904.8492486069,113954.30148903924,-16240.0,62242.0,35.823645,-5876.5251999999755,14676.133999999813,78482.0,14060182.931347903,14060182.931347903
2021-02-22,20.067567804350976,0.0109703,0.0109703,91.16,172585.03975250255,1.0,1.000052548,1.000052548,175743.0516959683,352673.5606052402,7059.0,192630.0,1.1080003,-77.4393477000007,-354.44061000001454,185571.0,5.905463507481177,0.321502,0.321502,3.11,172585.03975250255,1.0,0.99987122,0.99987122,175774.92293642455,103803.23929313713,-5545.0,56697.0,31.828698,-1782.7285899999936,-251165.14259999996,62242.0,13806803.180200202,13806803.180200202
2021-02-23,19.73123430015164,0.0096197,0.0096197,103.95,168955.49737925004,1.0,0.9999678150000001,0.9999678150000001,172590.59458078913,340542.5459676032,-6626.0,186004.0,0.9523503,-63.74013220000006,-26016.60779999999,192630.0,3.753615189722406,0.275924,0.275924,3.62,168955.49737925004,1.0,0.99884488,0.99884488,172784.6267305315,64856.69994462392,-21272.0,35425.0,27.316476,-5869.455327999996,-258413.5865999998,56697.0,13516439.790340003,13516439.790340003
2021-02-24,13.773011971944984,0.010490200000000002,0.010490200000000002,95.33,170001.14366548505,1.0,1.000030766,1.000030766,168950.29945433702,232695.44970482736,-58906.0,127098.0,1.0385298,-617.9357212000003,16191.648200000014,186004.0,0.9279413238977172,0.297396,0.297396,3.36,170001.14366548505,1.0,0.9992505599999999,0.9992505599999999,169082.2143539755,15689.837383518563,-26855.0,8570.0,29.442204,-7986.569579999976,76064.55999999992,35425.0,13600091.493238803,13600091.493238803
2021-02-25,13.960035726357573,0.0107691,0.0107691,92.86,169719.2224810163,1.0,1.000018626,1.000018626,169997.9772831602,237317.78362814392,2525.0,129623.0,1.0876791000000001,-27.19197750000022,3544.763219999996,127098.0,0.9329425252743218,0.267,0.267,3.75,169719.2224810163,1.0,1.00125,1.00125,169788.90753107122,15840.329215560589,82.0,8652.0,26.967,-21.893999999999956,-26049.372,8570.0,13577537.798481302,13577537.798481302
2021-02-26,14.714271951665705,0.012430300000000002,0.012430300000000002,80.45,169868.20534160628,1.0,1.000017635,1.000017635,169716.22953530843,249725.07559938479,6776.0,136399.0,1.2554603000000002,-84.22771280000079,21532.972760000004,129623.0,-0.3999657998909498,0.259695,0.259695,3.85,169868.20534160628,1.0,0.9998257500000001,0.9998257500000001,169748.80120962707,-6789.3715056338315,-12360.0,-3708.0,25.709805,-3209.8302000000085,-6320.285999999994,8652.0,13589456.427328503,13589456.427328503
2021-02-27,17.283259667251958,0.0131402,0.0131402,76.1,169973.1643739738,1.0,0.9999692199999999,0.9999692199999999,169873.43404590624,293596.66711831966,23963.0,160362.0,1.3271602,-314.87861260000113,9682.965009999985,136399.0,-1.1280162532166176,0.257616,0.257616,3.88,169973.1643739738,1.0,0.99955008,0.99955008,169944.6668461137,-19170.03463498995,-6763.0,-10471.0,25.503984000000003,-1742.2570079999914,770.893199999995,-3708.0,13597853.149917902,13597853.149917902
2021-02-28,20.032792187715533,0.013120300000000001,0.013120300000000001,76.22,170194.16813739255,1.0,1.000029266,1.000029266,169968.19008492274,340493.74304933887,25615.0,185977.0,1.3251503,-336.0764844999993,-319.1203799999898,160362.0,-1.3803657967504013,0.23956600000000003,0.23956600000000003,4.17,170194.16813739255,1.0,0.9989902200000002,0.9989902200000002,170144.97336517845,-23486.230172230036,-2357.0,-12828.0,23.717034,-564.6570619999999,18900.155,-10471.0,13615533.450991403,13615533.450991403
2021-03-01,20.44416537609011,0.0129627,0.0129627,77.14,169559.72684095005,1.0,0.999942678,0.999942678,170203.92456675656,347967.71815023373,4082.0,190059.0,1.3092327000000001,-52.913741400000426,-2930.9975199999994,185977.0,-2.2290647828125723,0.275107,0.275107,3.63,169559.72684095005,1.0,0.99863841,0.99863841,170426.21877261114,-37989.10823339384,-7922.0,-20750.0,27.235592999999998,-2179.397654000016,-45591.99479999998,-12828.0,13564778.147276003,13564778.147276003
2021-03-02,19.436771877297005,0.012228000000000001,0.012228000000000001,81.78,169436.06542066255,1.0,1.00000584,1.00000584,169558.7366179282,329567.44834453566,-10050.0,180009.0,1.2105720000000002,-122.89139999999905,-13963.634729999985,190059.0,-0.6002424190832254,0.271101,0.271101,3.69,169436.06542066255,1.0,1.00036269,1.00036269,169498.25152010622,-10174.004052280554,15193.0,-5557.0,27.381201,-4118.837493000025,8312.450000000015,-20750.0,13554885.233653003,13554885.233653003
2021-03-03,16.403101916718022,0.012131099999999999,0.012131099999999999,82.43,169387.46234903755,1.0,0.999966573,0.999966573,169441.7293493495,277936.99554623314,-28200.0,151809.0,1.2009789,-342.0970199999986,-1744.2872100000357,180009.0,-0.1275046553609385,0.2722,0.2722,3.67,169387.46234903755,1.0,0.9989739999999999,0.9989739999999999,169610.08536825038,-2162.607548061812,4376.0,-1181.0,27.4922,-1191.1472000000067,-610.7142999999982,-5557.0,13550996.987923004,13550996.987923004
2021-03-04,14.791745617006582,0.0111239,0.0111239,89.9,169206.17330230257,1.0,1.00003861,1.00003861,169380.9225516178,250543.95187574238,-14962.0,136847.0,1.1012661,-166.43579180000114,-15290.202479999987,151809.0,0.1865457820734345,0.257781,0.257781,3.88,169206.17330230257,1.0,1.00019028,1.00019028,169355.2374344585,3159.2505215443257,2907.0,1726.0,26.035881,-749.369367000004,1702.8839000000005,-1181.0,13536493.864184204,13536493.864184204
2021-03-05,10.659063865841365,0.011590800000000002,0.011590800000000002,86.28,169230.78653889257,1.0,1.000054224,1.000054224,169196.99876424155,180348.1615736733,-38341.0,98506.0,1.1474892,-444.4028628000005,6389.386430000017,136847.0,-0.4044608731768521,0.242414,0.242414,4.13,169230.78653889257,1.0,1.0011698199999999,1.0011698199999999,169008.46382115534,-6835.731085138291,-5460.0,-3734.0,23.998986,-1323.5804400000006,-2652.3441999999995,1726.0,13538462.923111405,13538462.923111405
2021-03-06,10.369989342340864,0.01129,0.01129,88.57,169133.80342464257,1.0,0.9999552999999999,0.9999552999999999,169238.35149320433,175499.9901299866,-2648.0,95858.0,1.11771,-29.89592000000006,-2963.0604800000106,98506.0,-1.3863524127735347,0.24911000000000003,0.24911000000000003,4.01,169133.80342464257,1.0,0.9989311000000001,0.9989311000000001,169411.8708876844,-23486.45559576198,-9094.0,-12828.0,24.66189,-2265.4063400000155,-2500.28640000001,-3734.0,13530704.273971405,13530704.273971405
2021-03-07,9.20014406774618,0.0113042,0.0113042,88.46,168845.88792817006,1.0,0.9999695319999999,0.9999695319999999,169138.95675037685,155610.27695717572,-10864.0,84994.0,1.1191157999999999,-122.80882880000107,136.11835999999778,95858.0,-1.2788086739894675,0.266863,0.266863,3.75,168845.88792817006,1.0,1.00073625,1.00073625,169009.370275777,-21613.064869416132,1023.0,-11805.0,26.953163,-273.00084900000076,-22773.548399999974,-12828.0,13507671.034253605,13507671.034253605
2021-03-08,8.718309773761144,0.0111848,0.0111848,89.41,168956.26607936507,1.0,1.000032968,1.000032968,168840.32160044755,147200.22260141565,-4593.0,80401.0,1.1072951999999998,-51.37178640000049,-1014.8283600000052,84994.0,-0.1303512476423356,0.256179,0.256179,3.9,168956.26607936507,1.0,0.9990981,0.9990981,168998.30750170586,-2202.9140232290442,10602.0,-1203.0,25.874079,-2716.0097579999947,12612.462000000005,-11805.0,13516501.286349205,13516501.286349205
2021-03-09,8.067731649889414,0.011972,0.011972,83.53,168897.36153471508,1.0,1.00002116,1.00002116,168952.69104042265,136306.49728408054,-5951.0,74450.0,1.185228,-71.24537200000056,6329.16672000001,80401.0,-0.2906580773484367,0.34314,0.34314,2.91,168897.36153471508,1.0,0.9985374,0.9985374,169203.74347457098,-4918.0434758476895,-1483.0,-2686.0,33.97086,-508.8766199999974,-10461.408300000001,-1203.0,13511788.922777206,13511788.922777206
2021-03-10,9.93276817590834,0.011326099999999999,0.011326099999999999,88.29,168837.45220611134,1.0,0.9999813689999999,0.9999813689999999,168900.50832008562,167764.95939364884,17183.0,91633.0,1.1439361,-194.6163763000001,-4808.725500000011,74450.0,4.284772498694848,0.295858,0.295858,3.38,168837.45220611134,1.0,1.00000004,1.00000004,168897.35477882088,72368.67408585986,42214.0,39528.0,29.881657999999998,-12489.34961199996,12699.945200000004,-2686.0,13506996.176488906,13506996.176488906
2021-03-11,8.33020443232247,0.011243000000000001,0.011243000000000001,88.94,169387.66615552385,1.0,0.9999524200000001,0.9999524200000001,168845.48587432923,140651.74148079782,-14809.0,76824.0,1.113057,-166.4975870000017,-761.4702299999833,91633.0,3.208898412838292,0.30800500000000003,0.30800500000000003,3.25,169387.66615552385,1.0,1.0010162500000002,1.0010162500000002,168666.04533753704,54123.22051833341,-9966.0,29562.0,30.492494999999998,-3069.5778300000143,48014.66160000002,39528.0,13551013.292441906,13551013.292441906
2021-03-12,7.490020485057814,0.0103207,0.0103207,96.89,168238.2717702801,1.0,0.999972623,0.999972623,169392.30360861975,126875.18240396946,-7525.0,69299.0,1.0217493,-77.66326750000054,-7085.477520000002,76824.0,3.46965878147803,0.279561,0.279561,3.58,168238.2717702801,1.0,1.00082838,1.00082838,169247.46494051642,58723.09529737579,2512.0,32074.0,28.235661,-702.2572320000027,-84086.15280000001,29562.0,13459061.741622407,13459061.741622407
2021-03-13,3.8807608643440528,0.011000000000000001,0.011000000000000001,90.91,169409.2233933551,1.0,1.00001,1.00001,168236.58940438603,65288.59721112606,-33638.0,35661.0,1.089,-370.01800000000406,4707.4810700000035,69299.0,1.9269416781465645,0.308799,0.308799,3.24,169409.2233933551,1.0,1.00050876,1.00050876,168152.7223912363,32402.048906948232,-14376.0,17698.0,30.571101,-4439.294424000007,93777.9612,32074.0,13552737.871468406,13552737.871468406
2021-03-14,4.774484560963914,0.0105243,0.0105243,95.02,168902.79547971635,1.0,1.000018986,1.000018986,169406.00705090523,80882.6365199091,8517.0,44178.0,1.0629543,-89.63546309999941,-1696.393770000004,35661.0,2.914266073259611,0.28842300000000004,0.28842300000000004,3.47,168902.79547971635,1.0,1.00082781,1.00082781,169269.10073907225,49329.51975350416,9246.0,26944.0,29.130723000000003,-2666.759058000015,-36061.44479999996,17698.0,13512223.638377307,13512223.638377307
2021-03-15,3.552169540737258,0.0103103,0.0103103,96.99,168896.73020473635,1.0,0.999995997,0.999995997,168903.47160031318,59997.3767143413,-11408.0,32770.0,1.0207197,-117.61990239999994,-945.4092000000038,44178.0,2.075814464601055,0.289472,0.289472,3.45,168896.73020473635,1.0,0.9986784000000001,0.9986784000000001,169126.3128147323,35107.4846485464,-7768.0,19176.0,28.657728,-2248.6184959999996,2826.4255999999223,26944.0,13511738.416378906,13511738.416378906
2021-03-16,2.4563253940363947,0.012492399999999999,0.012492399999999999,80.05,169954.18586243634,1.0,1.0000166199999998,1.0000166199999998,168893.923187733,41485.843242446084,-10110.0,22660.0,1.2367476,-126.29816399999959,7150.7417000000005,32770.0,1.8064949890058024,0.33036000000000004,0.33036000000000004,3.03,169954.18586243634,1.0,1.0009908,1.0009908,168729.55296365995,30480.909192604082,-2527.0,16649.0,32.70564,-834.8197199999971,78406.82880000005,19176.0,13596334.868994907,13596334.868994907
2021-03-17,7.441418242437659,0.013770000000000001,0.013770000000000001,72.62,169826.99068741134,1.0,0.9999774000000001,0.9999774000000001,169958.02691384457,126472.87619253938,46419.0,69079.0,1.39077,-639.1896300000028,2895.0416000000023,22660.0,3.931543869755646,0.326789,0.326789,3.06,169826.99068741134,1.0,0.99997434,0.99997434,169958.54699875234,66819.94835655217,19848.0,36497.0,33.005689,-6486.10807199996,-5945.357900000044,16649.0,13586159.254992906,13586159.254992906
2021-03-18,12.01470779780512,0.0122925,0.0122925,81.35,169916.8718741301,1.0,0.999994875,0.999994875,169827.86105519926,204043.2126504467,42369.0,111448.0,1.2415425,-520.8209325000016,-10206.422250000003,69079.0,4.447037627233707,0.33213200000000004,0.33213200000000004,3.01,169916.8718741301,1.0,0.99971732,0.99971732,169875.01095550825,75544.05656458833,4765.0,41262.0,33.545332,-1582.6089800000068,19500.347100000065,36497.0,13593349.749930406,13593349.749930406
2021-03-19,9.023063076386938,0.0129474,0.0129474,77.24,172101.7671766126,1.0,1.0000571759999999,1.0000571759999999,169907.1572625065,153308.2997109191,-27711.0,83737.0,1.2817926,-358.7854014000015,7298.729520000005,111448.0,4.868707825610096,0.373166,0.373166,2.68,172101.7671766126,1.0,1.00008488,1.00008488,169902.45055412708,82720.5390603211,3920.0,45182.0,37.689766,-1462.8107199999909,169314.49080000003,41262.0,13768141.374129007,13768141.374129007
2021-03-20,9.604629552042375,0.0120046,0.0120046,83.3,170148.3051837876,1.0,0.99998318,0.99998318,172104.66197702705,165300.15224688177,6550.0,90287.0,1.2124646000000001,-78.63013000000021,-7894.724359999993,83737.0,7.157567536822665,0.342022,0.342022,2.92,170148.3051837876,1.0,0.9987042399999999,0.9987042399999999,172325.0590951858,123342.82487607491,22188.0,67370.0,34.544222,-7588.784136000001,-140714.82080000016,45182.0,13611864.414703006,13611864.414703006
2021-03-21,7.082439105862844,0.011856100000000001,0.011856100000000001,84.34,168904.76659380883,1.0,0.9999434740000002,0.9999434740000002,170157.92353057305,120513.313178535,-24463.0,65824.0,1.1737539000000001,-290.03577429999814,-1340.7619500000028,90287.0,5.884697155085018,0.32811700000000005,0.32811700000000005,3.05,168904.76659380883,1.0,1.0007568500000001,1.0007568500000001,170019.62582997815,100051.40084302917,-12722.0,54648.0,32.483583,-4174.304473999986,-93677.98499999972,67370.0,13512381.327504706,13512381.327504706
2021-03-22,5.770866822563621,0.011014999999999999,0.011014999999999999,90.79,166297.69835699632,1.0,1.00005185,1.00005185,168896.00933572478,97467.63767389297,-12587.0,53237.0,1.090485,-138.64580499999997,-5536.4566400000085,65824.0,4.484589826849061,0.2917,0.2917,3.43,166297.69835699632,1.0,1.000531,1.000531,168815.12576202917,75706.65956106408,-13297.0,41351.0,28.878300000000003,-3878.734899999983,-199011.6216,54648.0,13303815.868559705,13303815.868559705
2021-03-23,2.959112057252752,0.011163900000000001,0.011163900000000001,89.57,165845.71074666883,1.0,0.999950523,0.999950523,166305.92667533044,49211.78728175624,-26358.0,26879.0,1.1052260999999999,-294.258076200003,792.6989300000038,53237.0,1.5628740843351745,0.284704,0.284704,3.51,165845.71074666883,1.0,0.9993110399999999,0.9993110399999999,166412.3498095211,26008.154883062005,-27145.0,14206.0,28.185696,-7728.290080000038,-28929.15960000001,41351.0,13267656.859733505,13267656.859733505
2021-03-24,2.346473082856115,0.0106902,0.0106902,93.54,165318.35893542384,1.0,0.999961308,0.999961308,165852.12789720143,38916.75538451929,-5623.0,21256.0,1.0583298,-60.110994599999906,-1273.2582299999976,26879.0,0.086237144877613,0.258387,0.258387,3.87,165318.35893542384,1.0,0.9999576899999999,0.9999576899999999,165852.72797558949,1430.266573077825,-13425.0,781.0,25.580313,-3468.845474999987,-37385.93020000003,14206.0,13225468.714833906,13225468.714833906
2021-03-25,0.8662858231196813,0.010955999999999999,0.010955999999999999,91.27,165260.27343957382,1.0,0.9999541199999998,0.9999541199999998,165325.9440897387,14321.95215588177,-13433.0,7823.0,1.084644,-147.17194799999953,564.9844799999963,21256.0,-2.07956391560536,0.25825,0.25825,3.87,165260.27343957382,1.0,0.9994274999999999,0.9994274999999999,165413.05791107795,-34398.70264018174,-19570.0,-18789.0,25.56675,-5053.952500000006,-10.699700000000036,781.0,13220821.875165906,13220821.875165906
2021-03-26,1.0943847286511124,0.012142,0.012142,82.36,164678.51288754883,1.0,1.00001512,1.00001512,165257.7747420197,18085.558496853188,2055.0,9878.0,1.226342,-24.9518100000002,927.8078000000003,7823.0,-2.799349430797587,0.28252700000000003,0.28252700000000003,3.54,164678.51288754883,1.0,1.00014558,1.00014558,165236.21835090627,-46255.39137877552,-6476.0,-25265.0,27.970173,-1829.6448520000113,-45614.05530000003,-18789.0,13174281.031003905,13174281.031003905
2021-03-27,4.245426126124028,0.0117678,0.0117678,84.98,164822.72415817884,1.0,1.000027644,1.000027644,164673.9606405809,69911.1134795842,28307.0,38185.0,1.1885478,-333.111114600003,-369.6347600000001,9878.0,-1.3266378451580298,0.276225,0.276225,3.62,164822.72415817884,1.0,0.9999345000000001,0.9999345000000001,164689.30003670123,-21848.305812127357,13331.0,-11934.0,27.898725,-3682.355475000002,15922.003000000053,-25265.0,13185817.932654306,13185817.932654306
2021-03-28,4.367129993815961,0.0118983,0.0118983,84.05,164659.79674733634,1.0,1.000052115,1.000052115,164814.13486954014,71976.47517935978,1128.0,39313.0,1.2017282999999999,-13.421282399999907,498.31425000000024,38185.0,-1.1465416592591329,0.287167,0.287167,3.48,164659.79674733634,1.0,0.9993411600000001,0.9993411600000001,164931.3875535546,-18910.07067495636,1605.0,-10329.0,29.003867,-460.9030350000003,-13058.18280000001,-11934.0,13172783.739786906,13172783.739786906
2021-03-29,4.749076304733026,0.0120239,0.0120239,83.17,164534.37447693385,1.0,1.000027763,1.000027763,164655.22542431287,78196.02295130791,3398.0,42711.0,1.2144139,-40.85721219999992,493.771280000005,39313.0,-0.2454336377528289,0.295,0.295,3.39,164534.37447693385,1.0,1.0000499999999999,1.0000499999999999,164651.5641691279,-4041.1032355722396,8122.0,-2207.0,29.795,-2395.990000000014,-8090.705700000006,-10329.0,13162749.958154706,13162749.958154706
2021-03-30,5.192518590120172,0.0121189,0.0121189,82.52,164505.03146372258,1.0,1.000051628,1.000051628,164525.88033478393,85430.36921942524,3951.0,46662.0,1.2240088999999998,-47.881773899999736,405.75449999999324,42711.0,0.6879746463344452,0.296009,0.296009,3.38,164505.03146372258,1.0,1.0005104200000001,1.0005104200000001,164450.4356855512,11313.773033031252,8387.0,6180.0,29.896909,-2482.627483000013,-222.6862999999985,-2207.0,13160402.517097807,13160402.517097807
2021-03-31,5.563906819179727,0.0119191,0.0119191,83.9,164410.7178284351,1.0,1.00001249,1.00001249,164502.97682154208,91527.92345127426,3330.0,49992.0,1.2038291,-39.69060300000024,-932.3067599999947,46662.0,1.12912822765442,0.28721800000000003,0.28721800000000003,3.48,164410.7178284351,1.0,0.9995186400000001,0.9995186400000001,164584.25574106607,18583.67289847317,3970.0,10150.0,29.009018,-1140.2554599999974,-5432.837999999985,6180.0,13152857.426274806,13152857.426274806
2021-04-01,5.020412117772175,0.0118377,0.0118377,84.48,164329.08934589758,1.0,1.000048896,1.000048896,164402.67919503318,82536.92028249562,-4910.0,45082.0,1.1719323,-58.1231070000003,-406.9348800000018,49992.0,0.644572763135479,0.282456,0.282456,3.54,164329.08934589758,1.0,0.9998942399999999,0.9998942399999999,164428.10774511023,10598.587974640395,-4361.0,5789.0,27.963144,-1231.7906159999993,-4833.430000000022,10150.0,13146327.147671806,13146327.147671806
2021-04-02,4.510140064617513,0.0118998,0.0118998,84.04,164371.95428478008,1.0,1.0000591920000002,1.0000591920000002,164319.36295416558,74110.3342252009,-4603.0,40479.0,1.1780802000000001,-54.77477939999956,279.9592200000022,45082.0,0.1200873978756884,0.290353,0.290353,3.44,164371.95428478008,1.0,0.99881432,0.99881432,164524.1623547183,1975.7278544855412,-4710.0,1079.0,28.744947,-1367.5626299999983,4571.573299999999,5789.0,13149756.342782406,13149756.342782406
2021-04-03,4.460925667981781,0.0116238,0.0116238,86.03,164332.21350790258,1.0,0.999995514,0.999995514,164372.69166067487,73325.43593443593,-429.0,40050.0,1.1507562,-4.9866101999999835,-1117.2204000000029,40479.0,0.5680908553235443,0.281787,0.281787,3.55,164332.21350790258,1.0,1.00034385,1.00034385,164315.4544157792,9334.610704193687,4020.0,5099.0,28.460487,-1132.7837400000053,-924.2714000000003,1079.0,13146577.080632206,13146577.080632206
2021-04-04,3.4851375063149304,0.0118206,0.0118206,84.6,164386.25062919757,1.0,1.00002276,1.00002276,164328.47339184818,57270.73259734052,-8769.0,31281.0,1.1702394,-103.6548414000006,788.1840000000057,40050.0,0.0517205167279129,0.291573,0.291573,3.43,164386.25062919757,1.0,1.00009539,1.00009539,164316.53935321368,849.8536322290645,-4635.0,464.0,28.865727,-1351.4408549999982,4989.881400000001,5099.0,13150900.050335806,13150900.050335806
2021-04-05,3.746638945309296,0.012118,0.012118,82.52,164387.29498061008,1.0,0.9999773599999999,0.9999773599999999,164389.97241817313,61590.987288024844,2360.0,33641.0,1.223918,-28.598480000000173,930.2969399999962,31281.0,0.6902777488542715,0.31255900000000003,0.31255900000000003,3.2,164387.29498061008,1.0,1.0001888,1.0001888,164355.2203635929,11345.075152502865,5733.0,6197.0,31.568459,-1791.9007470000015,973.7504000000006,464.0,13150983.598448806,13150983.598448806
2021-04-06,4.7873396788322085,0.01252,0.01252,79.87,164349.7401913601,1.0,0.9999724000000001,0.9999724000000001,164391.83219517866,78699.9541143905,9345.0,42986.0,1.26452,-116.9994000000008,1352.3682000000003,33641.0,2.647717924887338,0.314635,0.314635,3.18,164349.7401913601,1.0,1.0005393,1.0005393,164298.68869779535,43501.65831006374,17564.0,23761.0,31.778135,-5526.249139999984,1286.497199999996,6197.0,13147979.215308806,13147979.215308806
2021-04-07,6.435412448935652,0.011735899999999999,0.011735899999999999,85.21,163696.00078733757,1.0,1.000016039,1.000016039,164347.1042281554,105764.14004963962,14782.0,57768.0,1.1853258999999998,-173.48007379999868,-3370.532260000004,42986.0,3.501907025387421,0.295068,0.295068,3.39,163696.00078733757,1.0,1.00028052,1.00028052,164303.64973153739,57537.610529166486,7666.0,31427.0,29.801868,-2261.9912880000043,-46493.148700000034,23761.0,13095680.062987005,13095680.062987005
2021-04-08,4.03615406896803,0.0121926,0.0121926,82.02,164162.51610504757,1.0,1.000037052,1.000037052,163689.93574783826,66067.78002177528,-21682.0,36086.0,1.2070674,-264.35995320000234,2638.2645600000055,57768.0,2.0028108233617585,0.30751,0.30751,3.25,164162.51610504757,1.0,0.9994075,0.9994075,163793.04816837734,32804.648966304,-13509.0,17918.0,30.44349,-4154.152590000008,39101.47340000009,31427.0,13133001.288403805,13133001.288403805
2021-04-09,4.728568250221393,0.0120201,0.0120201,83.19,164306.84413897883,1.0,0.999952119,0.999952119,164170.37674685658,77629.08311120704,6315.0,42401.0,1.2140301,-75.90693149999986,-622.4834999999996,36086.0,2.5250565569302728,0.315178,0.315178,3.17,164306.84413897883,1.0,0.99911426,0.99911426,164308.05031753582,41488.7119810723,4743.0,22661.0,31.832978,-1494.8892539999977,13739.522399999998,17918.0,13144547.531118305,13144547.531118305
2021-04-10,4.323456918646952,0.0121747,0.0121747,82.14,164358.34278786133,1.0,1.000029858,1.000029858,164301.93841170173,71035.23523731771,-3602.0,38799.0,1.2052953,-43.853269400000336,655.5194600000012,42401.0,3.3497363004445653,0.31776,0.31776,3.15,164358.34278786133,1.0,1.0009439999999998,1.0009439999999998,164151.88475976564,54986.552716617996,7373.0,30034.0,32.09376,-2342.8444800000248,5851.070199999969,22661.0,13148667.423028905,13148667.423028905
2021-04-11,4.676027883015487,0.0126355,0.0126355,79.14,164296.10678003632,1.0,0.9999734699999999,0.9999734699999999,164362.7033303807,76856.45837006626,3180.0,41979.0,1.2761855,-40.18089000000007,1787.857919999996,38799.0,3.8222375781828712,0.315976,0.315976,3.16,164296.10678003632,1.0,0.99848416,0.99848416,164607.86196934895,62917.03556835847,4331.0,34365.0,31.913576,-1368.4920559999964,-5358.065599999997,30034.0,13143688.542402904,13143688.542402904
2021-04-12,6.341325973435828,0.013143100000000001,0.013143100000000001,76.09,165265.48900304383,1.0,1.0000584790000002,1.0000584790000002,164286.4994698338,104179.42461729085,14924.0,56903.0,1.3274531,-196.14762439999944,2130.8540400000056,41979.0,3.746585621473709,0.33805500000000005,0.33805500000000005,2.96,165265.48900304383,1.0,1.0006428,1.0006428,164190.5650847998,61515.401032835405,-765.0,33600.0,33.467445000000005,-258.6120749999978,75874.48350000007,34365.0,13221239.120243505,13221239.120243505
2021-04-13,8.5931614275183,0.014124600000000001,0.014124600000000001,70.8,165192.0927238638,1.0,1.0000216800000001,1.0000216800000001,165261.906124919,142012.22371508044,20664.0,77567.0,1.4265846,-291.8707343999986,5585.029449999997,56903.0,5.631974955734534,0.336462,0.336462,2.97,165192.0927238638,1.0,0.99929214,0.99929214,165382.55669962923,93143.04174476584,17275.0,50875.0,33.982662,-5812.3810499999545,-5352.48000000006,33600.0,13215367.417909104,13215367.417909104
2021-04-14,12.06739192912475,0.0145092,0.0145092,68.92,168189.26505467133,1.0,0.999974064,0.999974064,165196.37725710435,199348.94296330283,31317.0,108884.0,1.4654292,-454.38461639999997,2983.2268199999953,77567.0,6.077967521659555,0.38339100000000004,0.38339100000000004,2.61,168189.26505467133,1.0,1.00065051,1.00065051,165084.7034734073,100337.94660341679,3929.0,54804.0,38.722491000000005,-1506.3432390000123,238751.2875000001,50875.0,13455141.204373704,13455141.204373704
2021-04-15,14.534479884332306,0.014782,0.014782,67.65,167163.8677185463,1.0,1.0000023,1.0000023,168188.8782202514,244453.786726066,24636.0,133520.0,1.492982,-364.1693520000018,2970.355519999997,108884.0,9.549322183022037,0.370174,0.370174,2.7,167163.8677185463,1.0,0.9994698000000001,0.9994698000000001,168278.48630811187,160694.54822274228,32967.0,87771.0,37.387574,-12203.526257999956,-72434.44679999999,54804.0,13373109.417483704,13373109.417483704
2021-04-16,16.076868797100897,0.014098900000000001,0.014098900000000001,70.93,165325.95754467632,1.0,1.000034977,1.000034977,167158.02103244464,268737.7572521645,13264.0,146784.0,1.4239889000000001,-187.00780960000034,-9120.751199999982,133520.0,9.562817342941788,0.35450000000000004,0.35450000000000004,2.82,165325.95754467632,1.0,0.9996900000000001,0.9996900000000001,167215.70458696826,159905.32398364908,-431.0,87340.0,35.0955,-152.7895000000007,-137572.26539999995,87771.0,13226076.603574105,13226076.603574105
2021-04-17,13.263590346828598,0.0136802,0.0136802,73.1,163518.4207838888,1.0,1.00002262,1.00002262,165322.21795610615,219276.6174198903,-27015.0,119769.0,1.3543398,-369.57060300000086,-6145.846080000011,146784.0,7.820998614132738,0.339342,0.339342,2.95,163518.4207838888,1.0,1.0010589,1.0010589,165151.0790670522,129164.63605059416,-16790.0,70550.0,33.594857999999995,-5697.552180000034,-132389.9720000005,87340.0,13081473.662711104,13081473.662711104
2021-04-18,10.45585279129914,0.012769299999999999,0.012769299999999999,78.31,159244.55123562258,1.0,0.9999638829999999,0.9999638829999999,163524.32679199957,170978.62887334413,-26381.0,93388.0,1.2641607,-336.86690329999954,-10909.758210000015,119769.0,5.543905021753115,0.293348,0.293348,3.41,159244.55123562258,1.0,1.00031668,1.00031668,163466.6541638482,90624.36049081378,-21051.0,49499.0,29.041452,-6175.268748000036,-324487.6699999997,70550.0,12739564.098849805,12739564.098849805
2021-04-19,5.484162170196138,0.011944999999999999,0.011944999999999999,83.72,157034.76343992256,1.0,1.0000353999999998,1.0000353999999998,159238.91417806072,87329.202915843,-45689.0,47699.0,1.1825549999999998,-545.7551050000043,-7697.97284,93388.0,0.196143006729812,0.26182700000000003,0.26182700000000003,3.82,157034.76343992256,1.0,1.0001791400000002,1.0001791400000002,159216.02927613803,3122.9110701803484,-47793.0,1706.0,25.920873,-12513.497811000012,-156025.79790000003,49499.0,12562781.075193806,12562781.075193806
2021-04-20,0.7803500649824076,0.0126689,0.0126689,78.93,156970.47449109133,1.0,0.9999562770000001,0.9999562770000001,157041.62977110103,12254.744599682188,-41005.0,6694.0,1.2542211,-519.4882444999993,3452.9306100000085,47699.0,-4.125912562220557,0.274058,0.274058,3.65,156970.47449109133,1.0,1.0003117000000001,1.0003117000000001,156985.83095641344,-64770.9812033699,-37084.0,-35378.0,27.131742,-10163.166872000005,2086.6085999999978,1706.0,12557637.959287306,12557637.959287306
2021-04-21,1.669275014580083,0.012035800000000001,0.012035800000000001,83.09,157657.81817438384,1.0,1.0000546220000002,1.0000546220000002,156961.90091813935,26201.25794436446,7617.0,14311.0,1.2156158000000001,-91.67668860000032,-423.79713999999984,6694.0,-4.502832609734164,0.258131,0.258131,3.87,157657.81817438384,1.0,0.99896697,0.99896697,157132.79738477373,-70754.26841229104,-3268.0,-38646.0,25.554969,-843.572107999996,56346.54060000002,-35378.0,12612625.453950707,12612625.453950707
2021-04-22,-0.198037209572319,0.011439999999999999,0.011439999999999999,87.41,158499.97287849634,1.0,0.9999703999999998,0.9999703999999998,157662.4849839394,-3122.3038580457,-16016.0,-1705.0,1.1325599999999998,-183.22304000000187,-852.6493800000027,14311.0,-5.845938785354664,0.23970300000000003,0.23970300000000003,4.17,158499.97287849634,1.0,0.99956151,0.99956151,157726.97987779044,-92206.22691644297,-11717.0,-50363.0,23.730597000000003,-2808.6000509999844,71216.84879999988,-38646.0,12679997.830279706,12679997.830279706
2021-04-23,-2.801765931776089,0.0115866,0.0115866,86.31,158724.97851933385,1.0,1.0000394460000002,1.0000394460000002,158493.7209351803,-44406.23077166148,-22550.0,-24255.0,1.1470734,-261.27783000000005,-24.9953000000002,-1705.0,-7.684761887813486,0.235317,0.235317,4.25,158724.97851933385,1.0,1.00009725,1.00009725,158484.56025501154,-121791.61084545928,-16159.0,-66522.0,23.296383000000002,-3802.487402999975,22089.21180000005,-50363.0,12697998.281546706,12697998.281546706
2021-04-24,-3.0878888233763995,0.0110287,0.0110287,90.67,160117.72245333134,1.0,0.999972229,0.999972229,158729.3865931289,-49013.86988023145,-2516.0,-26771.0,1.0918413,-27.748209200000005,1353.1864500000001,-24255.0,-8.536881331613275,0.218523,0.218523,4.58,160117.72245333134,1.0,1.00083534,1.00083534,158592.49986050036,-135388.53513929865,-7427.0,-73949.0,21.633777,-1622.9703210000084,111717.04680000007,-66522.0,12809417.796266505,12809417.796266505
2021-04-25,-4.93668233939322,0.010912999999999999,0.010912999999999999,91.63,160293.77618589383,1.0,0.9999581899999999,0.9999581899999999,160124.4172552168,-79048.33827694599,-16405.0,-43176.0,1.080387,-179.0277649999992,309.7404700000021,-26771.0,-9.99466417932618,0.21624,0.21624,4.62,160293.77618589383,1.0,0.9990287999999999,0.9990287999999999,160273.37995994845,-160187.86095852315,-13545.0,-87494.0,21.40776,-2928.970799999988,16882.556700000063,-73949.0,12823502.094871506,12823502.094871506
2021-04-26,-5.842654019844137,0.012375,0.012375,80.81,154920.30436820633,1.0,1.00002375,1.00002375,160289.96929912298,-93651.88334662141,-7977.0,-51153.0,1.225125,-98.7153750000002,-6312.331200000005,-43176.0,-10.48106947691549,0.26451,0.26451,3.78,154920.30436820633,1.0,0.9998478000000001,0.9998478000000001,160318.17661237423,-168030.59474867024,-4284.0,-91778.0,26.18649,-1133.160840000006,-422333.5380000002,-87494.0,12393624.349456506,12393624.349456506
2021-04-27,-0.430937236415593,0.013063,0.013063,76.55,152977.82580048134,1.0,0.9999726499999999,0.9999726499999999,154924.54155441787,-6676.2753790413535,47506.0,-3647.0,1.319363,-620.5708780000023,-3519.3263999999986,-51153.0,-5.024571092170349,0.27949,0.27949,3.58,152977.82580048134,1.0,1.0005742,1.0005742,154831.400178224,-77796.13774957633,49286.0,-42492.0,28.22849,-13774.944139999958,-137483.4440000001,-91778.0,12238226.064038506,12238226.064038506
2021-04-28,3.5151965173947874,0.013379000000000002,0.013379000000000002,74.74,152727.63807723133,1.0,0.9999464600000001,0.9999464600000001,152986.01667181394,53777.59130148613,33020.0,29373.0,1.3512790000000001,-441.774580000001,-115.24520000000027,-3647.0,-1.9516375546471425,0.28233,0.28233,3.54,152727.63807723133,1.0,0.9994482000000001,0.9994482000000001,153062.28556965865,-29872.210471787123,26176.0,-16316.0,28.515330000000002,-7390.270080000046,-12067.727999999954,-42492.0,12218211.046178507,12218211.046178507
2021-04-29,5.9510180396697,0.013063,0.013063,76.55,152735.72890903134,1.0,0.9999726499999999,0.9999726499999999,152731.8152923796,90890.97880364515,20272.0,49645.0,1.319363,-264.81313600000095,-928.1868000000021,29373.0,-0.4964759779974418,0.27912,0.27912,3.58,152735.72890903134,1.0,0.9992496,0.9992496,152842.33096238552,-7588.254574395903,12171.0,-4145.0,28.191119999999998,-3397.1695199999867,5237.436000000024,-16316.0,12218858.312722506,12218858.312722506
2021-04-30,5.661138761436806,0.013532,0.013532,73.9,152501.57898558132,1.0,1.0000148000000002,1.0000148000000002,152733.4684536982,86464.53584319165,-2418.0,47227.0,1.3396679999999999,-32.72037600000024,2328.3504999999973,49645.0,-0.2167185428430018,0.32799999999999996,0.32799999999999996,3.05,152501.57898558132,1.0,1.0003999999999997,1.0003999999999997,152674.65904541322,-3308.742963737408,2338.0,-1807.0,33.128,-766.8640000000069,-20260.75999999999,-4145.0,12200126.318846505,12200126.318846505
2021-05-01,6.984678589402492,0.013516,0.013516,73.99,152380.71271058134,1.0,1.00004884,1.00004884,152494.13117221487,106512.24930081044,10950.0,58177.0,1.365116,-148.00020000000092,-75.56320000000217,47227.0,4.021813223814171,0.31805,0.31805,3.14,152380.71271058134,1.0,0.998677,0.998677,152703.60585612897,61414.538135628645,35352.0,33545.0,32.12305,-11243.703599999983,1797.9649999999954,-1807.0,12190457.016846506,12190457.016846506
2021-05-02,7.294044126819731,0.013267000000000001,0.013267000000000001,75.37,152124.37636876883,1.0,0.9999337900000002,0.9999337900000002,152390.80250561523,111154.52379974283,2535.0,60712.0,1.339967,-33.63184499999979,-1448.6072999999956,58177.0,4.577729812866905,0.3128,0.3128,3.2,152124.37636876883,1.0,1.00096,1.00096,152234.5675257566,69688.8718311556,4519.0,38064.0,31.5928,-1413.543199999997,-17611.124999999953,33545.0,12169950.109501505,12169950.109501505
2021-05-03,6.322383340658625,0.013622,0.013622,73.41,154319.95610404384,1.0,0.99999102,0.99999102,152125.7424579361,96179.72598013797,-8179.0,52533.0,1.348578,-111.41433800000019,2155.2760000000053,60712.0,4.198753083610813,0.35871000000000003,0.35871000000000003,2.79,154319.95610404384,1.0,1.0008009,1.0008009,152002.63745642998,63822.15427371619,-3204.0,34860.0,35.51229,-1149.3068400000066,174751.82400000005,38064.0,12345596.488323506,12345596.488323506
2021-05-04,7.073400886738808,0.012698000000000001,0.012698000000000001,78.75,151722.51163829383,1.0,0.9999675000000001,0.9999675000000001,154324.97166562296,109160.23914255589,7090.0,59623.0,1.2824980000000001,-90.02882000000069,-4854.049200000002,52533.0,7.34132434248797,0.30287,0.30287,3.3,151722.51163829383,1.0,0.9994709999999999,0.9994709999999999,154401.63456873072,113351.24783793549,27052.0,61912.0,30.589869999999998,-8193.239239999963,-194658.2400000001,34860.0,12137800.931063507,12137800.931063507
2021-05-05,3.5133617663396954,0.014798,0.014798,67.58,155567.04117476885,1.0,1.00004884,1.00004884,151715.10187271837,53303.00382959406,-30509.0,29114.0,1.465002,-451.4721820000027,12520.829999999998,59623.0,3.275290143028727,0.35258000000000006,0.35258000000000006,2.84,155567.04117476885,1.0,1.0013272000000002,1.0013272000000002,151521.41241973033,49627.658855613336,-34805.0,27107.0,34.90542,-12271.546900000112,307764.5520000002,61912.0,12445363.293981507,12445363.293981507
2021-05-06,7.654235062149989,0.016491,0.016491,60.64,156464.07414710635,1.0,1.0000142399999998,1.0000142399999998,155564.82593164762,119072.97450832771,35923.0,65037.0,1.665591,-592.4061930000012,4929.0002,29114.0,5.349772843223107,0.38003000000000003,0.38003000000000003,2.63,156464.07414710635,1.0,0.9994789000000001,0.9994789000000001,155648.14942543444,83268.22428941214,18374.0,45481.0,38.38303,-6982.671219999961,74408.71499999992,27107.0,12517125.931768507,12517125.931768507
2021-05-07,12.501308391872952,0.01653,0.01653,60.5,156283.71441910634,1.0,1.000065,1.000065,156453.90464330453,195587.85110586334,41793.0,106830.0,1.66953,-690.8382899999972,253.64430000000095,65037.0,7.845227934712704,0.37875000000000003,0.37875000000000003,2.64,156283.71441910634,1.0,0.9999000000000001,0.9999000000000001,156479.72211931826,122761.9087186557,21571.0,67052.0,38.253750000000004,-8170.01625000008,-5821.568000000005,45481.0,12502697.153528506,12502697.153528506
2021-05-08,14.264608548869036,0.016211,0.016211,61.69,156650.09968924383,1.0,1.00005659,1.00005659,156274.8708241664,222919.98583318084,14929.0,121759.0,1.637311,-242.01401899999962,-3407.877000000004,106830.0,8.504573163182245,0.38399,0.38399,2.6,156650.09968924383,1.0,0.998374,0.998374,156538.24560646244,133129.09625963515,5663.0,72715.0,38.78299,-2174.535369999984,35135.24800000006,67052.0,12532007.975139506,12532007.975139506
2021-05-09,13.897890578234662,0.017663,0.017663,56.62,157371.97499143134,1.0,1.00007906,1.00007906,156637.71591142387,217693.38361615752,-2855.0,118904.0,1.748637,-50.427864999999954,17679.4068,121759.0,8.909677645790781,0.38969000000000004,0.38969000000000004,2.57,157371.97499143134,1.0,1.0015033,1.0015033,156414.96107825488,139360.68821861627,3404.0,76119.0,39.35869,-1326.5047600000057,41447.55000000002,72715.0,12589757.999314506,12589757.999314506
2021-05-10,15.957768975644132,0.016423,0.016423,60.89,153062.04160703134,1.0,0.99999647,0.99999647,157372.53051646406,251131.44850942394,18264.0,137168.0,1.6587230000000002,-299.9496720000014,-14744.095999999987,118904.0,9.25323428298154,0.34652,0.34652,2.89,153062.04160703134,1.0,1.0014428,1.0014428,157145.24583074675,145410.17761286275,3304.0,79423.0,34.99852,-1144.902079999994,-328605.723,76119.0,12244963.328562506,12244963.328562506
2021-05-11,12.752528510770578,0.017632000000000002,0.017632000000000002,56.72,155235.29961183132,1.0,1.0000870400000001,1.0000870400000001,153048.72024642106,195175.81684794347,-30563.0,106605.0,1.745568,-538.8868160000028,16583.6112,137168.0,5.349722737309612,0.368,0.368,2.72,155235.29961183132,1.0,1.00096,1.00096,152915.2429737765,81805.41522180362,-34741.0,44682.0,36.431999999999995,-12784.688000000073,170600.6039999997,79423.0,12418823.968946505,12418823.968946505
2021-05-12,13.90826235958189,0.015694,0.015694,63.72,152731.40079833133,1.0,1.00002168,1.00002168,155231.93418349823,215900.64672094415,11320.0,117925.0,1.585094,-177.65608000000108,-20660.04900000002,106605.0,5.54027688446554,0.32799999999999996,0.32799999999999996,3.05,152731.40079833133,1.0,1.0003999999999997,1.0003999999999997,155173.23031970346,85970.26610281004,2275.0,46957.0,33.128,-746.2000000000068,-178728.0,44682.0,12218512.063866505,12218512.063866505
2021-05-13,8.388948231174847,0.019296,0.019296,51.82,154464.18400330632,1.0,0.99991872,0.99991872,152743.81581568083,128135.99635098522,-47937.0,69988.0,1.910304,-924.9923519999991,42476.58500000001,117925.0,2.2937853318448327,0.35075000000000006,0.35075000000000006,2.85,154464.18400330632,1.0,0.9996375000000002,0.9996375000000002,152786.7860082593,35046.00886454606,-27815.0,19142.0,34.724250000000005,-9756.111249999942,106827.17500000026,46957.0,12357134.720264506,12357134.720264506
2021-05-14,11.177614370995284,0.020069,0.020069,49.83,154964.8108639563,1.0,1.00003827,1.00003827,154458.272885203,172647.50107207563,24312.0,94300.0,2.026969,-487.9175279999974,5410.072399999995,69988.0,2.811011847326783,0.36999000000000004,0.36999000000000004,2.7,154964.8108639563,1.0,0.9989730000000002,0.9989730000000002,154622.98180562066,43464.70337245933,4598.0,23740.0,37.368990000000004,-1701.2140200000063,36829.20799999999,19142.0,12397184.869116506,12397184.869116506
2021-05-15,13.885083190433628,0.021744,0.021744,45.99,154339.89951045634,1.0,1.00000656,1.00000656,154963.79430146568,215168.51753810956,23225.0,117525.0,2.196144,-505.0043999999997,15795.249999999998,94300.0,4.345964336400772,0.34439000000000003,0.34439000000000003,2.9,154339.89951045634,1.0,0.998731,0.998731,155161.7110753109,67432.72627082217,13092.0,36832.0,34.78339,-4508.753879999962,-60774.40000000005,23740.0,12347191.960836506,12347191.960836506
2021-05-16,16.46351137742296,0.023001999999999998,0.023001999999999998,43.47,155453.63670353135,1.0,0.9998969399999998,0.9998969399999998,154355.80741996906,254123.8591629968,21277.0,138802.0,2.3232019999999998,-489.4135539999993,14784.64499999999,117525.0,2.814239761557021,0.36600000000000005,0.36600000000000005,2.73,155453.63670353135,1.0,0.9991800000000001,0.9991800000000001,154466.56209137125,43470.594086855344,-13088.0,23744.0,36.234,-4790.207999999995,79593.95200000005,36832.0,12436290.936282506,12436290.936282506
2021-05-17,18.020536985564213,0.020307,0.020307,49.24,154075.35181303133,1.0,0.99991668,0.99991668,155466.5901798251,280159.14383550925,14220.0,153022.0,2.051007,-288.7655399999979,-37407.13899999998,138802.0,3.84468688756966,0.3367,0.3367,2.97,154075.35181303133,1.0,0.9999990000000001,0.9999990000000001,155453.79215732348,59767.11563302408,8901.0,32645.0,34.0067,-2996.966700000004,-69569.92,23744.0,12326028.145042507,12326028.145042507
2021-05-18,13.575363703297969,0.020036,0.020036,49.91,155242.53812963134,1.0,0.99999676,0.99999676,154075.8510187886,209163.57154752084,-38777.0,114245.0,1.983564,-776.9359719999978,-4146.896199999985,153022.0,1.838502291980649,0.36875,0.36875,2.71,155242.53812963134,1.0,0.9993125,0.9993125,154181.3514921822,28346.276809905103,-17162.0,15483.0,36.50625,-6328.487499999976,104627.22499999995,32645.0,12419403.050370507,12419403.050370507
2021-05-19,11.493953869138426,0.014662999999999999,0.014662999999999999,68.2,151756.56802940633,1.0,1.0000166,1.0000166,155239.96114627633,178432.09520621417,-16786.0,97459.0,1.4516369999999998,-246.13311800000156,-61383.83850000001,114245.0,3.478032272918471,0.23052,0.23052,4.34,151756.56802940633,1.0,1.0004568,1.0004568,155171.65571729967,53969.202642696226,13995.0,29478.0,23.282519999999998,-3226.127399999979,-214021.50900000002,15483.0,12140525.442352507,12140525.442352507
2021-05-20,1.2208430166038449,0.018006,0.018006,55.54,152691.89390590633,1.0,1.00005324,1.00005324,151748.4889398552,18526.1083002408,-87340.0,10119.0,1.782594,-1572.6440399999972,32580.543700000006,97459.0,-4.209702011193061,0.25085999999999997,0.25085999999999997,3.99,152691.89390590633,1.0,1.0009314,1.0009314,151615.35348916653,-63825.54585110912,-64339.0,-34861.0,24.83514,-16140.081539999963,59958.25199999997,29478.0,12215351.512472507,12215351.512472507
2021-05-21,2.4623342041849634,0.015493,0.015493,64.55,154050.95138296884,1.0,1.00007315,1.00007315,152680.72531084984,37595.09722526745,10415.0,20534.0,1.5647929999999999,-161.35959499999979,-2542.904700000001,10119.0,-5.377564534905871,0.21827000000000002,0.21827000000000002,4.58,154050.95138296884,1.0,0.9996766000000001,0.9996766000000001,152741.29043923435,-82137.61464817838,-10002.0,-44863.0,21.60873,-2183.136540000004,113611.9989999999,-34861.0,12324076.110637506,12324076.110637506
2021-05-22,0.001752822189763,0.014629000000000001,0.014629000000000001,68.36,155686.60758345632,1.0,1.0000384400000002,1.0000384400000002,154045.02989201975,27.001354661743687,-20519.0,15.0,1.448271,-300.1724510000001,-1774.1375999999962,20534.0,-7.233751807033071,0.18797,0.18797,5.32,155686.60758345632,1.0,1.0000004,1.0000004,154050.88976261293,-111436.59021953537,-16003.0,-60866.0,18.60903,-3008.0839099999994,135934.89000000004,-44863.0,12454928.606676506,12454928.606676506
2021-05-23,-1.7870889207799037,0.013139000000000001,0.013139000000000001,76.11,158078.27022060635,1.0,1.0000092900000002,1.0000092900000002,155685.16126830812,-27822.322683242604,-15212.0,-15197.0,1.300761,-199.8704680000002,-2.2350000000000003,15.0,-9.186609532446342,0.15606,0.15606,6.41,158078.27022060635,1.0,1.0003446,1.0003446,155632.97645976828,-142973.93851083046,-17226.0,-78092.0,15.44994,-2688.2895600000015,194223.40600000005,-60866.0,12646261.617648507,12646261.617648507
2021-05-24,-4.015487345520091,0.015500000000000002,0.015500000000000002,64.52,154286.46490310633,1.0,1.00006,1.00006,158068.78609344075,-63472.321027993356,-19471.0,-34668.0,1.5345,-301.80050000000136,-3588.0116999999996,-15197.0,-11.181494990378717,0.19395,0.19395,5.16,154286.46490310633,1.0,1.000782,1.000782,157954.74960641412,-176617.0241430644,-18376.0,-96468.0,19.20105,-3564.0252000000173,-295890.588,-78092.0,12342917.192248506,12342917.192248506
2021-05-25,-1.8408836518785745,0.015531999999999999,0.015531999999999999,64.38,154177.97196925632,1.0,0.9999501599999998,0.9999501599999998,154294.15492378775,-28403.758737962093,19154.0,-15514.0,1.568732,-297.49992800000194,-110.93759999999548,-34668.0,-9.39794537635578,0.19446000000000002,0.19446000000000002,5.14,154177.97196925632,1.0,0.9995244000000001,0.9995244000000001,154359.87846130252,-145066.57060802385,17233.0,-79235.0,19.64046,-3351.12917999999,-4919.868000000187,-96468.0,12334237.757540505,12334237.757540505
2021-05-26,-0.9614832964822796,0.017790999999999998,0.017790999999999998,56.21,152775.3473544188,1.0,1.0000321099999998,1.0000321099999998,154173.02147353685,-14823.478491500948,7417.0,-8097.0,1.796891,-131.95584700000083,-3504.6126,-15514.0,-8.540034939882764,0.20797000000000002,0.20797000000000002,4.81,152775.3473544188,1.0,1.0003357,1.0003357,154126.23179324335,-131624.3404666768,7342.0,-71893.0,21.00497,-1526.9157399999967,-107046.48499999993,-79235.0,12222027.788353505,12222027.788353505
2021-05-27,2.0675410666135363,0.016552,0.016552,60.42,154263.2075589688,1.0,1.0000718400000002,1.0000718400000002,152764.37276187955,31584.661420064433,25348.0,17251.0,1.6717520000000001,-419.5600960000031,1003.2182999999992,-8097.0,-7.195946512851855,0.19118,0.19118,5.23,154263.2075589688,1.0,0.9998714000000001,0.9998714000000001,152794.99679100612,-109950.46243394508,11838.0,-60055.0,19.309179999999998,-2263.188839999991,120708.34700000015,-71893.0,12341056.604717504,12341056.604717504
2021-05-28,1.686282530772313,0.015133,0.015133,66.08,156021.98605110633,1.0,0.99998864,0.99998864,154264.9600089145,26013.4307173322,-3043.0,14208.0,1.498167,-46.049719000000195,-2447.9168999999983,17251.0,-7.410015834003154,0.16727,0.16727,5.98,156021.98605110633,1.0,1.0002746,1.0002746,154220.85851122162,-114277.90035017123,-2363.0,-62418.0,16.559730000000002,-395.2590099999964,143591.5049999999,-60055.0,12481758.884088505,12481758.884088505
2021-05-29,-0.1320653409549492,0.014029,0.014029,71.28,156414.38303789383,1.0,0.99998712,0.99998712,156023.99564017018,-2060.5362181372584,-15333.0,-1125.0,1.388871,-215.10665700000106,-1568.5632000000007,14208.0,-8.57688683919382,0.16168,0.16168,6.19,156414.38303789383,1.0,1.0007992,1.0007992,155897.3928547368,-133711.4297040421,-10615.0,-73033.0,16.00632,-1716.2332000000051,34891.66200000006,-62418.0,12513150.643031506,12513150.643031506
2021-05-30,-2.0659514463363404,0.015751,0.015751,63.49,156078.75328795632,1.0,1.0000309900000002,1.0000309900000002,156409.53590637606,-32313.45069265734,-16525.0,-17650.0,1.5593489999999999,-260.28527500000115,-193.7249999999999,-1125.0,-9.134101093275,0.16518000000000002,0.16518000000000002,6.05,156078.75328795632,1.0,0.9993390000000001,0.9993390000000001,156517.84133101362,-142964.97856186546,-5054.0,-78087.0,16.35282,-834.8197199999971,-25561.550000000105,-73033.0,12486300.263036506,12486300.263036506
2021-05-31,-0.553251075496833,0.017373,0.017373,57.56,154451.97279784383,1.0,0.99998988,0.99998988,156080.33282092446,-8635.161199708009,12933.0,-4717.0,1.7546730000000001,-224.68500900000106,-2862.830000000002,-17650.0,-8.898197489626867,0.1814,0.1814,5.51,154451.97279784383,1.0,0.999514,0.999514,156154.64444515668,-138949.4865195469,2193.0,-75894.0,18.3214,-397.8102,-126657.11399999999,-78087.0,12356157.823827507,12356157.823827507
2021-06-01,1.987029195553352,0.017363,0.017363,57.59,154792.06911580634,1.0,0.9999351700000001,0.9999351700000001,154461.98656843306,30692.047691464617,21481.0,16764.0,1.753663,-372.9746030000004,4.717000000000528,-4717.0,-7.537971878672075,0.17748000000000003,0.17748000000000003,5.63,154792.06911580634,1.0,0.9992124000000001,0.9992124000000001,154573.71505582178,-116517.23172726549,12252.0,-63642.0,17.92548,-2174.48495999999,29750.44799999996,-75894.0,12383365.529264508,12383365.529264508
2021-06-02,2.883600341504933,0.017534,0.017534,57.03,154039.10841933134,1.0,0.9999640200000001,0.9999640200000001,154797.638734848,44637.4523919965,7617.0,24381.0,1.770934,-133.55647799999954,286.66440000000193,16764.0,-7.126820310799019,0.18687,0.18687,5.35,154039.10841933134,1.0,0.9997545,0.9997545,154830.0799004219,-110344.61581569616,3372.0,-60270.0,18.87387,-630.1256399999966,-59759.838,-63642.0,12323128.673546508,12323128.673546508
2021-06-03,3.3921910684836494,0.018453,0.018453,54.19,152854.25795958136,1.0,0.99996807,0.99996807,154044.0270451149,52254.67726956925,4160.0,28541.0,1.863753,-76.76448000000022,2240.6138999999966,24381.0,-6.182177280033296,0.20268,0.20268,4.93,152854.25795958136,1.0,0.9992123999999999,0.9992123999999999,154160.5252490175,-95304.76966724751,8215.0,-52055.0,20.47068,-1665.016200000007,-95286.86999999997,-60270.0,12228340.636766508,12228340.636766508
2021-06-04,4.690433132473199,0.017077000000000002,0.017077000000000002,58.56,154089.75345900637,1.0,1.0000291200000002,1.0000291200000002,152849.80697320227,71693.1798919241,10618.0,39159.0,1.724777,-181.3235860000001,-3927.2415999999985,28541.0,-4.616474478745146,0.18242999999999998,0.18242999999999998,5.48,154089.75345900637,1.0,0.9997164,0.9997164,152897.61972453524,-70584.79593191974,13502.0,-38553.0,18.42543,-2463.1698600000013,105411.37500000012,-52055.0,12327180.276720509,12327180.276720509
2021-06-05,3.1670414302961225,0.016551,0.016551,60.42,154536.60113020637,1.0,1.00001142,1.00001142,154087.99377411747,48800.3060193841,-12504.0,26655.0,1.638549,-206.9537039999998,-2059.7633999999994,39159.0,-5.294107905133892,0.1723,0.1723,5.8,154536.60113020637,1.0,0.99934,0.99934,154191.51986211535,-81630.65442066344,-6034.0,-44587.0,17.0577,-1039.6581999999994,39054.188999999926,-38553.0,12362928.09041651,12362928.09041651
2021-06-06,1.8602287068305177,0.016771,0.016771,59.63,154440.4524577814,1.0,1.00005473,1.00005473,154528.14380489592,28745.768911910178,-10954.0,15701.0,1.660329,-183.709534000001,586.4100000000005,26655.0,-6.146865544226301,0.17382999999999998,0.17382999999999998,5.75,154440.4524577814,1.0,0.9995224999999999,0.9995224999999999,154610.42760938988,-95036.95102502535,-7322.0,-51909.0,17.20917,-1272.7832599999913,-6821.8109999999415,-44587.0,12355236.19662251,12355236.19662251
2021-06-07,1.6514654532473456,0.015659,0.015659,63.86,155615.30133790636,1.0,0.9999837399999999,0.9999837399999999,154442.96370037118,25505.721904829683,-1770.0,13931.0,1.550241,-27.71643000000016,-1745.9511999999995,15701.0,-6.2441475516796965,0.15536,0.15536,6.44,155615.30133790636,1.0,1.0005184,1.0005184,154360.4320098275,-96384.93136103846,-736.0,-52645.0,15.38064,-114.34495999999996,95875.92299999998,-51909.0,12449224.10703251,12449224.10703251
2021-06-08,-0.042561652063215,0.015819,0.015819,63.22,156085.26222481887,1.0,1.00007718,1.00007718,155603.2918758394,-662.2733168710366,-14293.0,-362.0,1.566081,-226.1009670000004,222.89600000000019,13931.0,-7.44025193908139,0.14792,0.14792,6.76,156085.26222481887,1.0,0.9999391999999999,0.9999391999999999,155624.76332351644,-115788.74470868756,-10599.0,-63244.0,14.644079999999999,-1567.80408000001,39167.87999999999,-52645.0,12486820.977985509,12486820.977985509
2021-06-09,-0.4046587380399798,0.016279,0.016279,61.43,155589.21830541885,1.0,1.00001897,1.00001897,156082.3013435624,-6316.006709206181,-3088.0,-3450.0,1.611621,-50.26955199999979,-16.651999999999934,-362.0,-8.300676366784476,0.154,0.154,6.49,155589.21830541885,1.0,0.99946,0.99946,156169.59380547382,-129631.32565114279,-7560.0,-70804.0,15.246,-1164.2399999999993,-38452.352000000035,-63244.0,12447137.464433508,12447137.464433508
2021-06-10,0.175093110760355,0.015328,0.015328,65.24,156655.30812124384,1.0,0.9999987199999999,0.9999987199999999,155589.41745987322,2724.2635104440697,4938.0,1488.0,1.548128,-75.68966400000004,328.09499999999986,-3450.0,-7.983510429026265,0.14193,0.14193,7.05,156655.30812124384,1.0,1.0006065,1.0006065,155494.9106421144,-124139.52407718275,2999.0,-67805.0,14.33493,-425.648070000001,85460.42800000006,-70804.0,12532424.649699507,12532424.649699507
2021-06-11,-1.0303046619585765,0.014371,0.014371,69.58,157307.12192694386,1.0,0.99993418,0.99993418,156665.61985234253,-16141.331850249862,-10304.0,-8816.0,1.4227290000000001,-148.07878399999908,-142.40159999999986,1488.0,-8.61616560363433,0.13408,0.13408,7.46,157307.12192694386,1.0,1.0002368,1.0002368,156618.22092652845,-134944.8528049557,-5902.0,-73707.0,13.273919999999999,-791.3401600000051,53226.92500000001,-67805.0,12584569.754155507,12584569.754155507
2021-06-12,-2.8626283670696457,0.014789000000000002,0.014789000000000002,67.62,157162.88308843135,1.0,1.0000321800000003,1.0000321800000003,157302.05994665474,-45029.733900178384,-15779.0,-24595.0,1.4641110000000002,-233.35563099999908,-368.5088000000005,-8816.0,-9.29614080467741,0.13545000000000001,0.13545000000000001,7.38,157162.88308843135,1.0,0.9996210000000001,0.9996210000000001,157366.7639304735,-146290.3595474112,-6197.0,-79904.0,13.40955,-839.3836500000032,-10097.859000000033,-73707.0,12573030.647074508,12573030.647074508
2021-06-13,-2.774434347862492,0.015566,0.015566,64.24,155923.46901883135,1.0,0.9999598399999999,0.9999598399999999,157169.19500330268,-43605.561304306095,778.0,-23817.0,1.572166,-12.110347999999975,-1911.031499999997,-24595.0,-9.249272660157413,0.14761,0.14761,6.77,155923.46901883135,1.0,0.9993196999999999,0.9993196999999999,157269.87378356632,-145463.19438527472,452.0,-79452.0,14.90861,-66.71972000000011,-97163.26399999994,-79904.0,12473877.521506507,12473877.521506507
2021-06-14,-1.3823698635664388,0.015769,0.015769,63.42,155543.42012451886,1.0,1.00006998,1.00006998,155912.5582580045,-21552.882188741212,12045.0,-11772.0,1.592669,-189.93760499999905,-483.48509999999965,-23817.0,-7.962997778217144,0.15113,0.15113,6.62,155543.42012451886,1.0,1.0004806,1.0004806,155848.5681969559,-124102.18022906827,11668.0,-67784.0,15.26413,-1763.3848400000024,-27967.104000000025,-79452.0,12443473.609961508,12443473.609961508
2021-06-15,-0.4811726571848136,0.015552,0.015552,64.3,155868.62902841886,1.0,0.9999935999999999,0.9999935999999999,155544.41560877877,-7484.371976873508,7684.0,-4088.0,1.570752,-119.50156800000008,255.4524000000006,-11772.0,-7.0504860726980345,0.14714000000000002,0.14714000000000002,6.8,155868.62902841886,1.0,1.000552,1.000552,155457.60752516496,-109605.16967511325,7918.0,-59866.0,14.86114,-1165.0545200000022,27045.81599999994,-67784.0,12469490.322273508,12469490.322273508
2021-06-16,-0.4718041128865503,0.014851000000000001,0.014851000000000001,67.34,156346.72995176885,1.0,1.00006634,1.00006634,155858.28938950074,-7353.458196142863,72.0,-4016.0,1.499951,-1.0692719999999962,286.5687999999993,-4088.0,-6.935064975799903,0.14078,0.14078,7.1,156346.72995176885,1.0,0.9995379999999998,0.9995379999999998,155940.67361963115,-108145.87039221478,797.0,-59069.0,14.218779999999999,-112.20165999999958,38074.77600000006,-59866.0,12507738.396141509,12507738.396141509
2021-06-17,-1.631190953585415,0.014825999999999999,0.014825999999999999,67.45,155772.84172871886,1.0,1.0000137,1.0000137,156344.58803091283,-25502.787763806355,-9914.0,-13930.0,1.467774,-146.98496400000005,10.040000000000678,-4016.0,-7.336496605627594,0.14844,0.14844,6.74,155772.84172871886,1.0,1.0004856,1.0004856,156270.84482951963,-114648.0522650327,-3552.0,-62621.0,14.695559999999999,-527.2588800000028,-45246.854,-59069.0,12461827.338297509,12461827.338297509
2021-06-18,-2.038407577683607,0.014162999999999999,0.014162999999999999,70.61,156715.5632622314,1.0,1.0000494299999998,1.0000494299999998,155765.14225773708,-31751.284631713632,-3413.0,-17343.0,1.402137,-48.33831899999974,923.5590000000003,-13930.0,-6.623561314858152,0.13640000000000002,0.13640000000000002,7.33,156715.5632622314,1.0,0.9998120000000001,0.9998120000000001,155802.1325296344,-103196.49777956892,6255.0,-56366.0,13.7764,-853.1820000000005,75395.68399999992,-62621.0,12537245.06097851,12537245.06097851
2021-06-19,-3.3009523298533368,0.013838999999999999,0.013838999999999999,72.26,156890.58377888138,1.0,1.00000614,1.00000614,156714.60103458105,-51730.74274071365,-10912.0,-28255.0,1.370061,-151.0111679999993,561.9131999999997,-17343.0,-7.364423043386975,0.13383,0.13383,7.47,156890.58377888138,1.0,0.9997101,0.9997101,156761.0082785313,-115445.43816709923,-6690.0,-63056.0,13.24917,-895.3226999999978,14486.062000000082,-56366.0,12551246.70231051,12551246.70231051
2021-06-20,-4.26348859743542,0.014263,0.014263,70.11,156446.9933952189,1.0,0.9999789299999999,0.9999789299999999,156893.88953313386,-66891.53090318086,-8281.0,-36536.0,1.412037,-118.11190299999929,-1198.0119999999997,-28255.0,-7.781876917826112,0.13917,0.13917,7.19,156446.9933952189,1.0,1.0006323,1.0006323,156791.44454849337,-122013.17232445332,-3587.0,-66643.0,13.77783,-499.20279000000005,-33671.904000000046,-63056.0,12515759.47161751,12515759.47161751
2021-06-21,-3.6753413325930713,0.01174,0.01174,85.18,158818.3440652189,1.0,1.0000132000000002,1.0000132000000002,156444.928322165,-57498.85113370135,5130.0,-31406.0,1.18574,-60.22620000000043,9218.032799999999,-36536.0,-7.2580297703861,0.11199999999999999,0.11199999999999999,8.93,158818.3440652189,1.0,1.00016,1.00016,156421.96588067798,-113531.52851042796,4632.0,-62011.0,11.312,-518.7840000000004,181069.03100000005,-66643.0,12705467.52521751,12705467.52521751
2021-06-22,-7.336288335458937,0.011567000000000001,0.011567000000000001,86.45,159277.5813448189,1.0,0.9999671500000001,0.9999671500000001,158823.5614192115,-116517.54410358073,-32236.0,-63642.0,1.145133,-372.8738120000034,543.3237999999959,-31406.0,-9.32707118834923,0.10578,0.10578,9.45,159277.5813448189,1.0,0.9996209999999999,0.9996209999999999,158878.55903909475,-148187.16304599826,-18929.0,-80940.0,10.47222,-2002.309619999987,38570.84199999999,-62011.0,12742206.50758551,12742206.50758551
2021-06-23,-8.931107088076446,0.012512,0.012512,79.92,158295.2848647189,1.0,0.99995904,0.99995904,159284.10562178516,-142258.34047366428,-14059.0,-77701.0,1.238688,-175.9062080000011,-6014.169000000002,-63642.0,-10.63771497865642,0.11456,0.11456,8.73,158295.2848647189,1.0,1.0001088,1.0001088,159260.25382920227,-169416.51876635285,-11595.0,-92535.0,11.341439999999999,-1328.3232000000103,-71065.32,-80940.0,12663622.78917751,12663622.78917751
2021-06-24,-7.432874210872296,0.013604000000000002,0.013604000000000002,73.51,158134.9632698189,1.0,1.0000300400000002,1.0000300400000002,158290.52981720318,-117655.35969036017,13438.0,-64263.0,1.374004,-182.81055199999932,-8484.949199999997,-77701.0,-9.962589703914375,0.11493,0.11493,8.7,158134.9632698189,1.0,0.999891,0.999891,158312.54093168047,-157720.2890286483,6388.0,-86147.0,11.60793,-734.1728399999956,-3423.795000000075,-92535.0,12650797.06158551,12650797.06158551
2021-06-25,-4.613855721059008,0.012521000000000001,0.012521000000000001,79.87,159567.6963580189,1.0,1.00005227,1.00005227,158126.6979873151,-72957.37701609437,24414.0,-39849.0,1.264621,-305.6876940000001,6959.682900000004,-64263.0,-9.51160607733907,0.10235,0.10235,9.77,159567.6963580189,1.0,0.9999594999999999,0.9999594999999999,158141.3679952227,-150417.83969020747,3989.0,-82158.0,10.337349999999999,-408.274149999998,108372.92600000008,-86147.0,12765415.70864151,12765415.70864151
2021-06-26,-5.392822089350366,0.012521000000000001,0.012521000000000001,79.87,159470.1059358939,1.0,1.00005227,1.00005227,159559.3561904708,-86047.5220626494,-7150.0,-46999.0,1.239579,-89.52515000000002,-0.0,-39849.0,-10.423936807939002,0.10318,0.10318,9.69,159470.1059358939,1.0,0.9998141999999999,0.9998141999999999,159597.3495455645,-166363.26863775167,-8709.0,-90867.0,10.21482,-898.5946200000004,-6819.114000000015,-82158.0,12757608.47487151,12757608.47487151
2021-06-27,-5.557918685270977,0.013380000000000001,0.013380000000000001,74.74,158710.94512376888,1.0,1.0000212,1.0000212,159466.72524131878,-88630.30918976986,-1411.0,-48410.0,1.3246200000000001,-18.879179999999927,-4037.2141000000042,-46999.0,-10.502197925048735,0.10941000000000001,0.10941000000000001,9.14,158710.94512376888,1.0,1.0000074,1.0000074,159468.92586584247,-167477.4222338001,-609.0,-91476.0,10.83159,-66.63069000000027,-56610.1410000001,-90867.0,12696875.60990151,12696875.60990151
2021-06-28,-3.766204192838308,0.013260000000000001,0.013260000000000001,75.41,158268.1735652689,1.0,0.9999366000000001,0.9999366000000001,158721.00803567833,-59777.572595549456,15760.0,-32650.0,1.3392600000000001,-208.9776000000008,580.9200000000005,-48410.0,-9.590737991584604,0.11321999999999999,0.11321999999999999,8.83,158268.1735652689,1.0,0.9997325999999999,0.9997325999999999,158753.39578180097,-152256.22242175855,8314.0,-83162.0,11.43522,-941.3110800000009,-34852.35599999986,-91476.0,12661453.885221511,12661453.885221511
2021-06-29,-3.279215155244192,0.013730000000000001,0.013730000000000001,72.83,157613.9540711439,1.0,0.9999559,0.9999559,158275.15349953822,-51901.828205428654,4301.0,-28349.0,1.38673,-59.05273000000009,-1534.5499999999977,-32650.0,-8.637762762153331,0.1192,0.1192,8.39,157613.9540711439,1.0,1.000088,1.000088,158254.247191516,-136696.26433434855,8499.0,-74663.0,12.0392,-1013.0807999999942,-49730.87600000006,-83162.0,12609116.325691512,12609116.325691512
2021-06-30,-2.071505927840137,0.013853,0.013853,72.19,157564.3402885064,1.0,1.00004807,1.00004807,157606.37793255667,-32648.25461527041,10517.0,-17832.0,1.399153,-145.6920010000012,-348.6926999999994,-28349.0,-7.400769370179379,0.11949,0.11949,8.37,157564.3402885064,1.0,1.0001312999999998,1.0001312999999998,157593.26207583337,-116631.13869174791,10959.0,-63704.0,12.06849,-1309.4909100000084,-2165.2269999999935,-74663.0,12605147.223080512,12605147.223080512
2021-07-01,-1.341707968632461,0.013313,0.013313,75.11,158179.77424348143,1.0,0.99993943,0.99993943,157573.88453869292,-21141.81365339356,6284.0,-11548.0,1.3446129999999998,-83.65889199999943,962.9280000000009,-17832.0,-6.807809423686802,0.11180999999999999,0.11180999999999999,8.94,158179.77424348143,1.0,0.9995813999999998,0.9995813999999998,157630.32434227612,-107311.72075161544,5091.0,-58613.0,11.29281,-569.224710000001,48924.67200000004,-63704.0,12654381.939478513,12654381.939478513
2021-07-02,-2.1747962287696057,0.013946,0.013946,71.71,158212.19036898142,1.0,1.00006766,1.00006766,158169.07252403445,-34398.55024332563,-7240.0,-18788.0,1.380654,-100.9690400000001,-730.9884000000015,-11548.0,-7.429551942730077,0.11112,0.11112,9.0,158212.19036898142,1.0,1.00008,1.00008,158167.1208738115,-117511.08401640493,-5571.0,-64184.0,11.00088,-619.0495199999981,4044.296999999945,-58613.0,12656975.229518512,12656975.229518512
2021-07-03,-1.0810924378927895,0.014045000000000002,0.014045000000000002,71.2,157886.84397448142,1.0,1.0000040000000001,1.0000040000000001,158211.5575227513,-17104.13184250865,9446.0,-9342.0,1.4185450000000002,-132.6690700000008,-186.00120000000038,-18788.0,-7.657643060143332,0.11509000000000001,0.11509000000000001,8.69,157886.84397448142,1.0,1.0001321,1.0001321,158191.2932991366,-121137.24593072318,-1981.0,-66165.0,11.39391,-227.9932900000007,-25481.048000000017,-64184.0,12630947.517958513,12630947.517958513
2021-07-04,-0.4734804332197806,0.014615000000000001,0.014615000000000001,68.42,157180.17667216892,1.0,0.9999583000000001,0.9999583000000001,157893.42813043445,-7475.9448753754405,5259.0,-4083.0,1.476115,-76.86028500000023,-532.4939999999995,-9342.0,-7.098976861115868,0.12345,0.12345,8.1,157180.17667216892,1.0,0.999945,0.999945,157895.528228534,-112089.67013680302,4942.0,-61223.0,12.46845,-610.0899000000003,-55313.94000000002,-66165.0,12574414.133773513,12574414.133773513
2021-07-05,1.0048630721304064,0.014039,0.014039,71.23,157393.33983679392,1.0,0.99999797,0.99999797,157180.49574857528,15794.487583689363,12710.0,8627.0,1.4179389999999998,-178.43568999999889,235.1808000000004,-4083.0,-5.624955083756665,0.12042,0.12042,8.3,157393.33983679392,1.0,0.9994860000000001,0.9994860000000001,157261.0088307079,-88458.61110989921,12907.0,-48316.0,12.16242,-1554.260939999991,18550.56900000005,-61223.0,12591467.186943512,12591467.186943512
2021-07-06,0.1746857463908222,0.014157,0.014157,70.64,156580.73421648142,1.0,1.00005048,1.00005048,157385.39502205318,2749.2985200441753,-7125.0,1502.0,1.401543,-100.86862499999982,101.79860000000028,8627.0,-5.471937821949975,0.13384000000000001,0.13384000000000001,7.47,156580.73421648142,1.0,0.9997848,0.9997848,157427.218174145,-86143.19493314746,1265.0,-47051.0,13.51784,-169.3075999999991,-64840.07200000002,-48316.0,12526458.737318512,12526458.737318512
2021-07-07,0.1186284576569218,0.014039999999999999,0.014039999999999999,71.23,156714.6840968564,1.0,1.0000692,1.0000692,156569.89957943052,1857.3645702606973,-488.0,1014.0,1.3899599999999999,-6.851520000000026,-17.573400000000067,1502.0,-3.3715762790351484,0.13105,0.13105,7.63,156714.6840968564,1.0,0.9999115,0.9999115,156594.5928379476,-52797.06146375914,18213.0,-28838.0,13.23605,-2386.813650000002,13127.228999999996,-47051.0,12537174.727748511,12537174.727748511
2021-07-08,-0.2164886865378621,0.01327,0.01327,75.36,157072.12209998138,1.0,1.0000272000000001,1.0000272000000001,156710.42157338958,-3392.603333321776,-2867.0,-1853.0,1.3137299999999998,-38.04509000000033,-78.07799999999996,1014.0,-3.053112209446028,0.12098,0.12098,8.27,157072.12209998138,1.0,1.0005046,1.0005046,156635.64575001094,-47822.620247382125,2717.0,-26121.0,12.21898,-328.70265999999845,29039.86599999999,-28838.0,12565769.767998511,12565769.767998511
2021-07-09,-2.2115135116191165,0.013504,0.013504,74.05,156902.4098976814,1.0,0.9999712,0.9999712,157076.64590738353,-34737.71247839903,-17121.0,-18974.0,1.336896,-231.20198399999933,-43.36020000000016,-1853.0,-4.386859135328911,0.12552,0.12552,7.97,156902.4098976814,1.0,1.0003944,1.0003944,157010.19727817486,-68878.16182695559,-11500.0,-37621.0,12.42648,-1443.4799999999984,-11858.93399999997,-26121.0,12552192.791814512,12552192.791814512
2021-07-10,-2.330837440609013,0.013356,0.013356,74.87,157155.6089269064,1.0,0.99996372,0.99996372,156908.10252364096,-36572.72800970199,-1002.0,-19976.0,1.322244,-13.382711999999923,280.8152000000028,-18974.0,-4.180584471613241,0.12015,0.12015,8.32,157155.6089269064,1.0,0.9996480000000001,0.9996480000000001,156957.65899364717,-65617.47518896077,1781.0,-35840.0,12.135150000000001,-213.98715000000115,20202.476999999963,-37621.0,12572448.714152511,12572448.714152511
2021-07-11,-2.7187161624174467,0.013485,0.013485,74.16,156954.6933955314,1.0,1.0000476,1.0000476,157148.12867598142,-42724.11573250474,-3360.0,-23336.0,1.335015,-45.3095999999999,-257.6904000000027,-19976.0,-4.912825258853965,0.12433,0.12433,8.04,156954.6933955314,1.0,0.9996131999999999,0.9996131999999999,157216.42023825456,-77237.68004530967,-6347.0,-42187.0,12.30867,-789.1225100000031,-14981.119999999974,-35840.0,12556375.471642511,12556375.471642511
2021-07-12,-2.472951244397652,0.013126,0.013126,76.18,157104.6648849814,1.0,0.9999386800000001,0.9999386800000001,156964.31844753856,-38816.51066308698,2134.0,-21202.0,1.325726,-28.010883999999937,837.762400000001,-23336.0,-4.486199342384728,0.12157,0.12157,8.23,157104.6648849814,1.0,1.0005211,1.0005211,156872.94690290026,-70376.33112337455,3748.0,-38439.0,12.27857,-455.6443600000007,11643.611999999992,-42187.0,12568373.190798512,12568373.190798512
2021-07-13,-3.2821956085728576,0.01265,0.01265,79.05,157231.3579231064,1.0,0.9999825,0.9999825,157107.41426473105,-51565.7265173937,-6963.0,-28165.0,1.2523499999999999,-88.08195000000035,1009.2152000000018,-21202.0,-4.755753795258155,0.1191,0.1191,8.4,157231.3579231064,1.0,1.00044,1.00044,157035.56923451822,-74682.25043775848,-2352.0,-40791.0,11.7909,-280.1231999999989,9494.432999999995,-38439.0,12578508.633848513,12578508.633848513
2021-07-14,-4.772272193438084,0.012635,0.012635,79.15,157283.45401916892,1.0,1.0000602500000002,1.0000602500000002,157221.88530451676,-75030.56314386571,-12817.0,-40982.0,1.2508650000000001,-161.9427949999994,42.24749999999535,-28165.0,-5.229036316690544,0.11793,0.11793,8.48,157283.45401916892,1.0,1.0000464,1.0000464,157224.0627265959,-82213.03338550021,-4114.0,-44905.0,11.67507,-485.1640199999976,4772.547000000036,-40791.0,12582676.321533512,12582676.321533512
2021-07-15,-5.263654345997518,0.012258,0.012258,81.58,157523.7427504689,1.0,1.00000764,1.00000764,157282.25238276072,-82787.9411302797,-4237.0,-45219.0,1.213542,-51.93714600000043,1545.0214000000028,-40982.0,-5.5566594182868645,0.11391,0.11391,8.78,157523.7427504689,1.0,1.0001297999999998,1.0001297999999998,157263.04127641127,-87385.71594570066,-2825.0,-47730.0,11.27709,-321.79575000000176,18051.809999999965,-44905.0,12601899.420037512,12601899.420037512
2021-07-16,-6.365850631912649,0.011708000000000001,0.011708000000000001,85.41,157888.8584289189,1.0,0.99998028,0.99998028,157526.8491799347,-100279.2392395296,-9553.0,-54772.0,1.159092,-111.8465240000005,2487.0449999999973,-45219.0,-6.308241079570206,0.10814,0.10814,9.25,157888.8584289189,1.0,1.000295,1.000295,157477.2869508184,-99340.46906424178,-6530.0,-54260.0,10.70586,-706.1542000000037,27540.21,-47730.0,12631108.674313512,12631108.674313512
2021-07-17,-8.126616485797584,0.011720999999999999,0.011720999999999999,85.32,157773.80669156893,1.0,1.0000357199999999,1.0000357199999999,157883.21884034196,-128305.63690587106,-15308.0,-70080.0,1.1603789999999998,-179.4250680000014,-71.20359999999216,-54772.0,-7.501724315966538,0.10958000000000001,0.10958000000000001,9.13,157773.80669156893,1.0,1.0004654000000002,1.0004654000000002,157815.41113657592,-118388.77071575078,-10404.0,-64664.0,10.84842,-1140.0703199999932,-7813.440000000007,-54260.0,12621904.535325512,12621904.535325512
2021-07-18,-8.57106329760799,0.011813,0.011813,84.65,157980.9298754189,1.0,0.9999704500000001,0.9999704500000001,157778.4690453292,-135232.92451871996,-3784.0,-73864.0,1.169487,-44.70039200000028,-644.7360000000068,-70080.0,-7.576767654033737,0.1069,0.1069,9.35,157980.9298754189,1.0,0.9995149999999999,0.9995149999999999,157850.36411816624,-119599.55330279695,-661.0,-65325.0,10.5831,-70.6608999999997,17329.952000000045,-64664.0,12638474.390033511,12638474.390033511
2021-07-19,-8.243205324295612,0.011225,0.011225,89.09,158444.2519904814,1.0,1.00003525,1.00003525,157975.36124393504,-130222.3338913528,2737.0,-71127.0,1.133725,-30.72282500000011,4343.203199999997,-73864.0,-7.987291456089255,0.10183,0.10183,9.82,158444.2519904814,1.0,0.9999706,0.9999706,157985.57465131363,-126187.68305977885,-3599.0,-68924.0,10.08117,-366.4861699999987,33119.77499999998,-65325.0,12675540.159238512,12675540.159238512
2021-07-20,-9.58735911730006,0.010539000000000001,0.010539000000000001,94.89,158962.09646648142,1.0,1.0000457100000002,1.0000457100000002,158437.00983476182,-151899.2510757063,-11840.0,-82967.0,1.043361,-124.7817600000009,4879.312199999999,-71127.0,-8.94523165460661,0.09638999999999999,0.09638999999999999,10.37,158962.09646648142,1.0,0.9995642999999999,0.9995642999999999,158513.31624236822,-141793.83341279003,-8524.0,-77448.0,9.54261,-821.6283599999961,37494.65600000003,-68924.0,12716967.717318512,12716967.717318512
2021-07-21,-11.763023411812652,0.011711000000000001,0.011711000000000001,85.39,158062.6826981689,1.0,1.00000229,1.00000229,158961.7324441141,-186987.0580322413,-19165.0,-102132.0,1.159389,-224.44131500000051,-9723.732399999997,-82967.0,-10.166914623592213,0.10425000000000001,0.10425000000000001,9.59,158062.6826981689,1.0,0.9997575000000001,0.9997575000000001,159000.65412510675,-161654.60755852755,-10847.0,-88295.0,10.32075,-1130.7997500000042,-60874.128000000106,-77448.0,12645014.615853513,12645014.615853513
2021-07-22,-8.030534119535893,0.011856,0.011856,84.35,157571.49759004393,1.0,1.0000536,1.0000536,158054.2109924597,-126925.97341112727,32805.0,-69327.0,1.197456,-388.9360800000029,-1480.9139999999957,-102132.0,-8.72857801143711,0.10833000000000001,0.10833000000000001,9.23,157571.49759004393,1.0,0.9998859000000001,0.9998859000000001,158080.7197082876,-137981.9894077912,12929.0,-75366.0,10.94133,-1400.5985700000062,-36024.35999999996,-88295.0,12605719.807203513,12605719.807203513
2021-07-23,-6.3369437131224045,0.012077000000000001,0.012077000000000001,82.8,157293.73459830642,1.0,0.9999756000000001,0.9999756000000001,157575.34242839916,-99854.60755447541,14787.0,-54540.0,1.2197770000000001,-178.5825990000017,-1532.1267000000005,-69327.0,-7.244391048801054,0.11086,0.11086,9.02,157293.73459830642,1.0,0.9999572,0.9999572,157578.24193879892,-114155.84053872418,13014.0,-62352.0,11.196860000000001,-1442.732040000008,-19067.59800000001,-75366.0,12583498.767864512,12583498.767864512
2021-07-24,-4.866077025254121,0.012327,0.012327,81.12,157216.6899277564,1.0,0.99996624,0.99996624,157299.0450140661,-76542.9269037361,12732.0,-41808.0,1.2450269999999999,-156.9473639999997,-1363.4999999999952,-54540.0,-6.0579835619660125,0.11141999999999999,0.11141999999999999,8.98,157216.6899277564,1.0,1.0005515999999999,1.0005515999999999,157207.01920651214,-95235.75381787258,10334.0,-52018.0,11.25342,-1151.4142800000077,-3491.7119999999477,-62352.0,12577335.194220513,12577335.194220513
2021-07-25,-3.416021896919552,0.012284,0.012284,81.41,157141.10701588143,1.0,1.00004044,1.00004044,157210.3323419165,-53703.39377019869,12475.0,-29333.0,1.240684,-153.2428999999995,179.77439999999876,-41808.0,-5.423947359619078,0.11247,0.11247,8.89,157141.10701588143,1.0,0.9998583000000001,0.9998583000000001,157238.97068990316,-85285.58999027217,5435.0,-46583.0,11.35947,-611.2744500000003,-5461.890000000022,-52018.0,12571288.561270513,12571288.561270513
2021-07-26,-2.9725096500331265,0.012551000000000001,0.012551000000000001,79.67,157000.14866565642,1.0,0.9999381700000002,0.9999381700000002,157150.82365130776,-46713.23398141664,3818.0,-25515.0,1.267651,-47.91971799999992,-783.1911000000049,-29333.0,-4.897509206068437,0.11460000000000001,0.11460000000000001,8.73,157000.14866565642,1.0,1.000458,1.000458,157069.16933632537,-76924.77028141759,4567.0,-42016.0,11.5746,-523.3781999999972,-9922.179000000046,-46583.0,12560011.893252512,12560011.893252512
2021-07-27,-1.8654871088094285,0.012799000000000001,0.012799000000000001,78.13,156741.45673150642,1.0,0.99998587,0.99998587,157002.36710910365,-29288.589189459824,9518.0,-15997.0,1.292699,-121.82088200000004,-632.7719999999983,-25515.0,-4.17541170881529,0.11917,0.11917,8.39,156741.45673150642,1.0,0.9998363,0.9998363,157025.85379792313,-65564.75885345662,6205.0,-35811.0,12.03617,-739.4498500000027,-19201.311999999958,-42016.0,12539316.538520513,12539316.538520513
2021-07-28,-0.6087087828264344,0.012875000000000001,0.012875000000000001,77.67,156539.6974521314,1.0,1.0000012500000002,1.0000012500000002,156741.26080493038,-9540.978208324988,10786.0,-5211.0,1.300375,-138.86974999999967,-121.57720000000081,-15997.0,-2.8107351781295558,0.1232,0.1232,8.12,156539.6974521314,1.0,1.000384,1.000384,156681.291115718,-44038.961669370634,11757.0,-24054.0,12.443200000000001,-1448.4624000000076,-14431.833000000017,-35811.0,12523175.796170512,12523175.796170512
2021-07-29,0.080752315805519,0.012856000000000001,0.012856000000000001,77.78,156485.7746936814,1.0,0.9999396800000001,0.9999396800000001,156549.14049628613,1264.1705632438661,5901.0,690.0,1.298456,-75.86325599999988,9.900900000000068,-5211.0,-1.373662618086231,0.12433,0.12433,8.04,156485.7746936814,1.0,0.9996131999999999,0.9996131999999999,156600.27043673635,-21511.593748113904,12304.0,-11750.0,12.55733,-1529.756320000006,-2718.101999999989,-24054.0,12518861.975494511,12518861.975494511
2021-07-30,0.2077505730393471,0.013108,0.013108,76.29,156395.5113630814,1.0,1.00000932,1.00000932,156484.31625985386,3250.970637465506,1086.0,1776.0,1.323908,-14.23528800000013,17.387999999999924,690.0,-0.635446170702809,0.12978,0.12978,7.71,156395.5113630814,1.0,1.0006038000000002,1.0006038000000002,156391.34559920858,-9937.828169207667,6322.0,-5428.0,13.10778,-820.4691600000015,-6403.749999999999,-11750.0,12511640.909046512,12511640.909046512
2021-07-31,1.1239336657832266,0.013193,0.013193,75.8,156334.9489915189,1.0,1.0000293999999998,1.0000293999999998,156390.9134702254,17577.301267177783,7825.0,9601.0,1.332493,-103.23522500000009,15.095999999999915,1776.0,0.9115155658533632,0.13525,0.13525,7.39,156334.9489915189,1.0,0.9994975,0.9994975,156474.13961823957,14262.86139155378,13218.0,7790.0,13.660250000000001,-1787.734500000013,-2969.116000000003,-5428.0,12506795.919321513,12506795.919321513
2021-08-01,1.693929514968744,0.013142000000000001,0.013142000000000001,76.09,156243.34540954392,1.0,0.9999747800000001,0.9999747800000001,156338.89185837156,26482.706325640225,4864.0,14465.0,1.327342,-63.92268799999994,-48.96509999999887,9601.0,2.71673936346197,0.12853,0.12853,7.78,156243.34540954392,1.0,0.9999634000000001,0.9999634000000001,156340.67106007968,42473.68551789781,15409.0,23199.0,12.98153,-1980.5187699999938,-5234.880000000005,7790.0,12499467.632763512,12499467.632763512
2021-08-02,1.6020181222502972,0.013083000000000001,0.013083000000000001,76.44,156265.1593673939,1.0,1.00006452,1.00006452,156233.2652392707,25028.852221164903,-794.0,13671.0,1.295217,-10.387901999999965,-85.34350000000023,14465.0,1.4501179450311168,0.12993000000000002,0.12993000000000002,7.7,156265.1593673939,1.0,1.0004610000000003,1.0004610000000003,156171.35041700164,22646.687773943686,-10829.0,12370.0,12.86307,-1407.0119699999987,3247.8600000000133,23199.0,12501212.749391513,12501212.749391513
2021-08-03,1.2330329005974427,0.013696,0.013696,73.01,156204.86376869393,1.0,0.9999449600000001,0.9999449600000001,156273.76067518146,19269.06884125896,-3146.0,10525.0,1.355904,-43.087615999999784,838.0322999999988,13671.0,1.2385272574653536,0.12557000000000001,0.12557000000000001,7.96,156204.86376869393,1.0,0.9995372000000001,0.9995372000000001,156337.51236811784,19362.82704322408,-1794.0,10576.0,12.43143,-225.27257999999952,-5393.32,12370.0,12496389.101495514,12496389.101495514
2021-08-04,3.424664997877596,0.013765000000000001,0.013765000000000001,72.65,156332.97560963142,1.0,1.0000272500000003,1.0000272500000003,156200.6073021449,53493.47524748793,18693.0,29218.0,1.390265,-257.3091450000005,72.62250000000135,10525.0,-0.1402545988098783,0.13696,0.13696,7.3,156332.97560963142,1.0,0.9998079999999999,0.9998079999999999,156234.86086197945,-2191.2657730314086,-11773.0,-1197.0,13.55904,-1612.4300800000024,12046.063999999993,10576.0,12506638.048770513,12506638.048770513
2021-08-05,4.385813101980019,0.013859,0.013859,72.16,156297.51885149392,1.0,1.00006544,1.00006544,156322.74584914307,68560.23468826643,8229.0,37447.0,1.399759,-114.04571100000054,274.6491999999957,29218.0,2.257683066084299,0.13834,0.13834,7.23,156297.51885149392,1.0,1.0001982,1.0001982,156301.99655391442,35288.0370814939,20471.0,19274.0,13.972339999999999,-2831.958139999989,-165.1859999999999,-1197.0,12503801.508119514,12503801.508119514
2021-08-06,4.977510477433992,0.014025000000000001,0.014025000000000001,71.3,156512.59799086893,1.0,0.9999825,0.9999825,156300.25410594078,77798.61524379157,5046.0,42493.0,1.416525,-70.77014999999977,621.6202000000063,37447.0,3.355866208589606,0.1477,0.1477,6.77,156512.59799086893,1.0,0.999929,0.999929,156308.6167632841,52455.080510728796,9377.0,28651.0,14.9177,-1384.9829000000036,18040.464,19274.0,12521007.839269515,12521007.839269515
2021-08-07,5.729894189615259,0.014726999999999999,0.014726999999999999,67.9,156886.18353056893,1.0,0.9999633,0.9999633,156518.34221402818,89683.35396203728,6492.0,48985.0,1.4874269999999998,-95.60768399999958,2983.0085999999924,42493.0,5.930525057995451,0.15834,0.15834,6.32,156886.18353056893,1.0,1.0007088000000002,1.0007088000000002,156401.74043724698,92754.44407771937,22011.0,50662.0,15.99234,-3485.2217400000177,30484.664,28651.0,12550894.682445515,12550894.682445515
2021-08-08,8.487790150618668,0.014255,0.014255,70.15,156163.48742888143,1.0,0.9999882500000001,0.9999882500000001,156888.02696488574,133163.26500225533,23749.0,72734.0,1.439755,-338.54199499999777,-2312.0919999999956,48985.0,9.13089537949253,0.14826,0.14826,6.74,156163.48742888143,1.0,0.9992724000000001,0.9992724000000001,157000.41703400286,143355.4382474177,27639.0,78301.0,14.974260000000001,-4097.758140000014,-51067.29599999996,50662.0,12493078.994310515,12493078.994310515
2021-08-09,7.135879431237626,0.014745,0.014745,67.82,157485.22674275644,1.0,1.0000059,1.0000059,156162.56606974165,111435.72431463562,-11868.0,60866.0,1.459755,-174.9936600000001,3563.965999999995,72734.0,7.138417923559804,0.16169,0.16169,6.18,157485.22674275644,1.0,0.9992441999999999,0.9992441999999999,156281.60506599033,111560.341072576,-17367.0,60934.0,16.00731,-2808.070230000002,105158.243,78301.0,12598818.139420515,12598818.139420515
2021-08-10,8.421545351056862,0.01678,0.01678,59.59,157792.25933525644,1.0,0.9999202,0.9999202,157497.79506680276,132637.48238465394,11580.0,72446.0,1.69478,-194.3124000000002,12386.231000000002,60866.0,9.153689517293868,0.1642,0.1642,6.09,157792.25933525644,1.0,0.999978,0.999978,157488.6914939693,144160.25844206748,17806.0,78740.0,16.584200000000003,-2923.745200000018,15294.434000000074,60934.0,12623380.746820515,12623380.746820515
2021-08-11,12.456132582904283,0.017934000000000002,0.017934000000000002,55.76,158130.33132335645,1.0,0.9999998400000001,0.9999998400000001,157792.28458202197,196548.1617313029,34908.0,107354.0,1.8113340000000002,-626.0400720000041,8360.268400000012,72446.0,10.377187977501794,0.16688,0.16688,5.99,158130.33132335645,1.0,0.9996112,0.9996112,157853.63282769985,163807.68207845895,10731.0,89471.0,16.854879999999998,-1790.7892799999895,21102.319999999774,78740.0,12650426.505868515,12650426.505868515
2021-08-12,15.059837317906984,0.018324,0.018324,54.57,158036.39777055645,1.0,0.99994068,0.99994068,158139.71217108244,238155.83387971367,22726.0,130080.0,1.850724,-416.43122400000016,4186.805999999991,107354.0,11.173754588243634,0.16575,0.16575,6.03,158036.39777055645,1.0,0.9994725000000001,0.9994725000000001,158213.78909710515,176784.20518471894,7088.0,96559.0,16.74075,-1174.835999999994,-10110.22299999996,89471.0,12642911.821644515,12642911.821644515
2021-08-13,16.36740933135533,0.021386,0.021386,46.76,160281.74132085644,1.0,1.00000936,1.00000936,158034.9185637187,258662.2200779789,11201.0,141281.0,2.159986,-239.54458600000143,39830.49599999998,130080.0,10.838572681863829,0.18031,0.18031,5.55,160281.74132085644,1.0,1.0007205,1.0007205,157922.6145267899,171165.57356585766,-3069.0,93490.0,17.85069,-553.3713899999958,140589.90399999995,96559.0,12822539.305668514,12822539.305668514
2021-08-14,16.43422928014081,0.021878,0.021878,45.71,160391.81479403144,1.0,1.0000433800000001,1.0000433800000001,160274.78860052692,263399.2623687158,2587.0,143868.0,2.2096780000000003,-56.59838600000017,6951.02520000005,141281.0,13.138798445063053,0.18093,0.18093,5.53,160391.81479403144,1.0,1.0005429000000001,1.0005429000000001,160194.77157936597,210476.68157342044,21472.0,114962.0,18.27393,-3884.9289600000006,5796.380000000109,93490.0,12831345.183522515,12831345.183522515
2021-08-15,17.94305730109782,0.021667000000000002,0.021667000000000002,46.15,161291.68163555645,1.0,0.9999320500000001,0.9999320500000001,160402.7141584585,287811.5091396835,13334.0,157202.0,2.188367,-288.9077779999984,-3035.614800000017,143868.0,14.093693187253836,0.18762,0.18762,5.33,161291.68163555645,1.0,1.0000146,1.0000146,160389.47310772404,226048.00244455627,8505.0,123467.0,18.94962,-1595.7080999999916,76909.57800000005,114962.0,12903334.530844515,12903334.530844515
2021-08-16,18.982828922478877,0.020714000000000003,0.020714000000000003,48.28,161548.73225898144,1.0,1.0000719200000001,1.0000719200000001,161280.08237203222,306155.2212271589,10019.0,167221.0,2.092114,-207.53356599999898,-14981.35059999999,157202.0,15.431878232119075,0.19071000000000002,0.19071000000000002,5.24,161548.73225898144,1.0,0.9993204000000001,0.9993204000000001,161401.37000661294,249072.62884392467,12576.0,136043.0,19.26171,-2398.3689599999907,38151.30300000013,123467.0,12923898.580718515,12923898.580718515
2021-08-17,18.67227851604489,0.019239,0.019239,51.98,168661.89278858143,1.0,1.0000432199999998,1.0000432199999998,161541.75042452812,301635.2555896202,-2468.0,164753.0,1.904661,-47.48185200000002,-24665.097500000033,167221.0,16.123955244841873,0.23446000000000003,0.23446000000000003,4.27,168661.89278858143,1.0,1.0011442,1.0011442,161364.09945638347,260182.751775894,6068.0,142111.0,23.68046,-1422.7032799999913,595188.125,136043.0,13492951.423086515,13492951.423086515
2021-08-18,14.40180750855778,0.021043,0.021043,47.52,180646.93721601894,1.0,0.9999633600000001,0.9999633600000001,168668.07278676832,242912.51171144503,-32075.0,132678.0,2.0832569999999997,-674.9542250000046,29721.441199999983,164753.0,15.639915869207233,0.29993,0.29993,3.33,180646.93721601894,1.0,0.9987668999999999,0.9987668999999999,168870.12654161992,264111.45719333144,2146.0,144257.0,30.29293,-643.6497799999996,930400.7169999996,142111.0,14451754.977281515,14451754.977281515
2021-08-19,15.0098748694517,0.024411000000000002,0.024411000000000002,40.97,182357.33168320646,1.0,1.00011867,1.00011867,180625.5023876506,271116.6189070485,15405.0,148083.0,2.4655110000000002,-376.0514550000028,44685.95040000003,132678.0,15.497987409464416,0.30652999999999997,0.30652999999999997,3.26,182357.33168320646,1.0,0.9992877999999998,0.9992877999999998,180775.68565934556,280165.93002858345,8769.0,153026.0,30.959529999999997,-2687.961569999988,95209.62000000002,144257.0,14588586.534656515,14588586.534656515
2021-08-20,17.81528434178778,0.024557000000000002,0.024557000000000002,40.72,198557.83832645646,1.0,0.9999610400000001,0.9999610400000001,182364.43660165646,324887.42918884405,29370.0,177453.0,2.4802570000000004,-721.2390900000048,2162.011800000025,148083.0,16.985301157395963,0.39155,0.39155,2.55,198557.83832645646,1.0,0.9984525,0.9984525,182639.96703218878,310219.4843418597,16415.0,169441.0,39.54655,-6427.293250000038,1301027.0520000004,153026.0,15884627.066116516,15884627.066116516
2021-08-21,19.112467629890023,0.024341,0.024341,41.08,208011.44058345645,1.0,0.99992828,0.99992828,198572.07991602804,379520.2449595021,29840.0,207293.0,2.458441,-726.3354400000051,-3832.9848000000507,177453.0,16.723411530796064,0.43676000000000004,0.43676000000000004,2.29,208011.44058345645,1.0,1.0001804,1.0001804,198522.0249531549,331996.5521218575,11895.0,181336.0,44.11276,-5195.260199999995,766042.7610000002,169441.0,16640915.246676516,16640915.246676516
2021-08-22,19.188490724035404,0.027049,0.027049,36.97,208547.15897393145,1.0,1.00000153,1.00000153,208011.12232643928,399141.9491257074,10718.0,218011.0,2.7319489999999997,-289.9111819999987,56134.944399999986,207293.0,18.1012063425508,0.43662999999999996,0.43662999999999996,2.29,208547.15897393145,1.0,0.9998826999999999,0.9998826999999999,208035.8431878624,376569.97241900384,24346.0,205682.0,44.09963,-10630.193980000024,-2357.368000000948,181336.0,16683772.717914514,16683772.717914514
2021-08-23,19.81034840700764,0.029152,0.029152,34.3,216241.55510170647,1.0,0.9999136,0.9999136,208565.1790053975,413174.886166684,7664.0,225675.0,2.944352,-223.4209279999988,45847.71330000003,218011.0,18.69655963858345,0.46451000000000003,0.46451000000000003,2.15,216241.55510170647,1.0,0.9986965,0.9986965,208819.3550031781,390420.3524507449,7565.0,213247.0,46.91551,-3514.018149999978,573441.4160000008,205682.0,17299324.408136517,17299324.408136517
2021-08-24,20.08976795443196,0.027187000000000003,0.027187000000000003,36.78,239638.61911128147,1.0,0.9999378600000002,0.9999378600000002,216254.99318698308,434451.26321137545,11622.0,237297.0,2.745887,-315.96731400000084,-44345.137499999975,225675.0,19.201982900645337,0.55474,0.55474,1.8,239638.61911128147,1.0,0.9985320000000001,0.9985320000000001,216559.46439543896,415837.11322941317,13883.0,227130.0,56.02874,-7701.455420000034,1924127.6809999992,213247.0,19171089.528902516,19171089.528902516
2021-08-25,19.471430386843927,0.027389999999999998,0.027389999999999998,36.51,213251.60593890646,1.0,1.0000088999999999,1.0000088999999999,239636.48634655302,466606.5162044782,17563.0,254860.0,2.76639,-481.05057000000045,4817.129099999944,237297.0,19.08709703023437,0.46208,0.46208,2.16,213251.60593890646,1.0,0.9980928,0.9980928,240096.5312156159,458274.5787935156,23179.0,250309.0,46.67008,-10710.552320000006,-2104586.5799999996,227130.0,17060128.475112516,17060128.475112516
2021-08-26,18.71800126178011,0.02528,0.02528,39.56,197062.96898490647,1.0,1.0000768,1.0000768,213235.2294732829,399133.72943368804,-36854.0,218006.0,2.50272,-931.6691199999989,-53775.45999999996,254860.0,17.982954346583774,0.4132,0.4132,2.42,197062.96898490647,1.0,0.9999439999999999,0.9999439999999999,213263.54869763355,383510.86600199895,-40836.0,209473.0,40.9068,-16873.435200000138,-1223510.3919999995,250309.0,15765037.518792517,15765037.518792517
2021-08-27,14.602313207781002,0.029460000000000004,0.029460000000000004,33.94,220928.82149515647,1.0,0.9998724000000001,0.9998724000000001,197088.11742869034,287794.2420225658,-60813.0,157193.0,2.9165400000000004,-1791.550979999989,91126.50800000003,218006.0,14.3120417074034,0.5014000000000001,0.5014000000000001,1.99,220928.82149515647,1.0,0.9977860000000002,0.9977860000000002,197500.2345040985,282663.159344461,-55083.0,154390.0,49.6386,-27618.61620000021,1847551.86,209473.0,17674305.719612516,17674305.719612516
2021-08-28,15.870317613490617,0.02847,0.02847,35.12,220660.39072928147,1.0,0.9998663999999999,0.9998663999999999,220958.34152958484,350667.90594246454,34341.0,191534.0,2.87547,-977.6882699999999,-15562.10700000003,157193.0,15.1226378394641,0.502,0.502,1.99,220660.39072928147,1.0,0.99898,0.99898,221154.39898211823,334443.78824109223,28283.0,182673.0,50.702000000000005,-14198.06600000007,9263.40000000035,154390.0,17652831.258342516,17652831.258342516
2021-08-29,15.4689829289738,0.02851,0.02851,35.08,214215.50659440644,1.0,1.0001308,1.0001308,220631.53212487954,341294.5404033096,-5119.0,186415.0,2.82249,-145.94268999999903,766.1360000000006,191534.0,15.66310671942719,0.4739,0.4739,2.11,214215.50659440644,1.0,0.999929,0.999929,220676.05872945127,345647.2658301977,6119.0,188792.0,47.8639,-2899.794100000003,-513311.1300000004,182673.0,17137240.527552515,17137240.527552515
2021-08-30,15.101387962822724,0.02734,0.02734,36.58,199764.69903190644,1.0,1.0000972,1.0000972,214194.68687084262,323463.70660119253,-9740.0,176675.0,2.70666,-266.2916000000014,-21810.555,186415.0,13.915727921451245,0.4144,0.4144,2.41,199764.69903190644,1.0,0.998704,0.998704,214493.49015765075,298483.3049956348,-25761.0,163031.0,41.0256,-10675.358400000014,-1123312.4000000006,188792.0,15981175.922552515,15981175.922552515
2021-08-31,12.84755040290086,0.02767,0.02767,36.14,195577.48976553144,1.0,0.9999938,0.9999938,199765.93758071942,256650.29518510395,-36493.0,140182.0,2.73933,-1009.761310000003,5830.274999999986,176675.0,9.479040114414016,0.395,0.395,2.53,195577.48976553144,1.0,0.99935,0.99935,199894.63054175858,189480.92215612988,-59537.0,103494.0,39.105,-23517.115000000187,-316280.1399999996,163031.0,15646199.181242514,15646199.181242514
2021-09-01,12.28841313945477,0.028690000000000004,0.028690000000000004,34.86,199439.16210303144,1.0,1.0001334000000002,1.0001334000000002,195551.40320834343,240301.6432624225,-8930.0,131252.0,2.84031,-256.2017000000009,14298.564000000044,140182.0,6.922622010318604,0.4247,0.4247,2.35,199439.16210303144,1.0,0.9980450000000001,0.9980450000000001,195960.59272430744,135656.11123483704,-29399.0,74095.0,42.0453,-12485.75530000004,307377.1799999999,103494.0,15955132.968242515,15955132.968242515
2021-09-02,13.148673637683077,0.0296,0.0296,33.78,204284.82509553144,1.0,0.9998880000000001,0.9998880000000001,199461.50179123203,262265.41903350485,11997.0,143249.0,2.9896,-355.1111999999982,11943.931999999966,131252.0,7.2900706396554,0.4758,0.4758,2.1,204284.82509553144,1.0,0.9991800000000001,0.9991800000000001,199602.83642890313,145511.8777442286,5383.0,79478.0,48.0558,-2561.2313999999974,378625.44999999995,74095.0,16342786.007642515,16342786.007642515
2021-09-03,14.444771825857991,0.029660000000000002,0.029660000000000002,33.72,202453.03152128146,1.0,1.0001352000000001,1.0001352000000001,204257.2095208042,295044.8785314485,17904.0,161153.0,2.9956600000000004,-531.0326400000043,859.4940000000325,143249.0,9.578562399149154,0.45890000000000003,0.45890000000000003,2.18,202453.03152128146,1.0,1.0004020000000002,1.0004020000000002,204202.73559582187,195596.8644981536,27357.0,106835.0,46.3489,-12554.127299999996,-134317.81999999983,79478.0,16196242.521702515,16196242.521702515
2021-09-04,14.78179884026074,0.028300000000000002,0.028300000000000002,35.34,203847.87808503144,1.0,1.0001220000000002,1.0001220000000002,202428.33526437916,299225.49314469117,2283.0,163436.0,2.8583000000000003,-64.60890000000049,-21916.80800000002,161153.0,9.45731969025524,0.4715,0.4715,2.12,203847.87808503144,1.0,0.99958,0.99958,202538.0975222408,191546.75377239237,-2212.0,104623.0,46.6785,-1042.9579999999976,134612.09999999977,106835.0,16307830.246802514,16307830.246802514
2021-09-05,12.26290468151804,0.0291,0.0291,34.36,205275.78076378143,1.0,0.999876,0.999876,203873.15835666767,250007.71080478485,-26882.0,136554.0,2.8809,-782.2662000000034,13074.880000000012,163436.0,9.912157867861298,0.4815,0.4815,2.08,205275.78076378143,1.0,1.00152,1.00152,203538.4995656916,201750.57398827534,5573.0,110196.0,48.631499999999996,-2683.3994999999827,104623.0,104623.0,16422062.461102514,16422062.461102514
2021-09-06,12.371648824912766,0.02833,0.02833,35.3,203655.90327428142,1.0,1.000049,1.000049,205265.72274336702,253947.5437572846,2152.0,138706.0,2.86133,-60.96615999999993,-10514.657999999994,136554.0,10.43934130961327,0.47100000000000003,0.47100000000000003,2.12,203655.90327428142,1.0,0.9985200000000001,0.9985200000000001,205580.0392218297,214612.01958803632,7025.0,117221.0,47.571000000000005,-3308.7750000000256,-115705.79999999968,110196.0,16292472.261942513,16292472.261942513
2021-09-07,10.93943086867042,0.02514,0.02514,39.78,189624.75332778142,1.0,1.0000692,1.0000692,203641.81126094217,222772.55162599063,-17028.0,121678.0,2.48886,-428.08391999999895,-44247.21400000006,138706.0,9.863972520124236,0.3793,0.3793,2.64,189624.75332778142,1.0,1.001352,1.001352,203380.93225387417,200614.39268694638,-7646.0,109575.0,37.5507,-2900.1278000000048,-1074916.5700000003,117221.0,15169980.266222512,15169980.266222512
2021-09-08,4.585385905297474,0.024700000000000003,0.024700000000000003,40.49,187934.99195653142,1.0,1.0001030000000002,1.0001030000000002,189605.22398971044,86941.31216531887,-74191.0,47487.0,2.4453,-1832.5177000000124,-5353.83199999995,121678.0,3.767721274548775,0.37,0.37,2.7,187934.99195653142,1.0,0.999,0.999,189814.5678956771,71516.83856798254,-70513.0,39062.0,36.63,-26089.80999999982,-101904.74999999997,109575.0,15034799.356522512,15034799.356522512
2021-09-09,2.077776131535404,0.025179999999999998,0.025179999999999998,39.71,189676.3883555314,1.0,0.9998978,0.9998978,187954.20087586093,39052.67524016746,-26156.0,21331.0,2.4928199999999996,-658.6080800000053,2279.375999999981,47487.0,1.516286371977301,0.40770000000000006,0.40770000000000006,2.45,189676.3883555314,1.0,0.9988650000000002,0.9988650000000002,188148.54055005568,28528.706794346806,-23480.0,15582.0,40.362300000000005,-9572.795999999962,147263.74000000014,39062.0,15174111.068442512,15174111.068442512
2021-09-10,1.901894228277042,0.02383,0.02383,41.96,191231.09265865642,1.0,0.9999068000000001,0.9999068000000001,189694.06784265433,36077.80527683379,-1625.0,19706.0,2.3591699999999998,-38.72375000000039,-2879.6849999999954,21331.0,2.606386678049106,0.493,0.493,2.03,191231.09265865642,1.0,1.0007899999999998,1.0007899999999998,189526.6622923205,49397.9767733816,11399.0,26981.0,49.793,-5619.707000000024,132914.4599999999,15582.0,15298487.412692511,15298487.412692511
2021-09-11,-0.1419470696796052,0.02638,0.02638,37.91,193582.3633509064,1.0,1.0000658,1.0000658,191218.5104806668,-2714.2907231229524,-21189.0,-1483.0,2.61162,-558.9658200000015,5025.029999999998,19706.0,6.708868270166824,0.5702,0.5702,1.75,193582.3633509064,1.0,0.9978500000000001,0.9978500000000001,191643.12537821956,128570.84830455396,43244.0,70225.0,57.5902,-24657.728799999993,208293.32000000015,26981.0,15486589.06807251,15486589.06807251
2021-09-12,2.889699039672357,0.02581,0.02581,38.74,195160.70543078138,1.0,0.9998794000000001,0.9998794000000001,193605.71219979768,55946.22406188381,32041.0,30558.0,2.60681,-826.9782099999965,84.5309999999999,-1483.0,11.040201904706738,0.5922,0.5922,1.69,195160.70543078138,1.0,1.000818,1.000818,193424.14240242122,213544.1585367478,46412.0,116637.0,59.8122,-27485.18639999992,154494.9999999997,70225.0,15612856.43446251,15612856.43446251
2021-09-13,3.194310085669125,0.024020000000000003,0.024020000000000003,41.63,186056.97345103137,1.0,0.9999526000000002,0.9999526000000002,195169.95648671882,62343.33604251301,3494.0,34052.0,2.4260200000000003,-83.92588000000053,-5469.881999999995,30558.0,13.536178293318336,0.5315,0.5315,1.88,186056.97345103137,1.0,0.9992199999999999,0.9992199999999999,195313.0496094768,264379.2262525607,27767.0,144404.0,53.6815,-14758.160500000033,-707986.5900000001,116637.0,14884557.87608251,14884557.87608251
2021-09-14,0.6682905184652734,0.02396,0.02396,41.74,182848.98300653137,1.0,1.0000904,1.0000904,186040.15542098132,12432.887192164766,-27261.0,6791.0,2.3720399999999997,-653.1735600000055,-204.31200000000774,34052.0,10.85324282847886,0.515,0.515,1.94,182848.98300653137,1.0,0.9991,0.9991,186224.57556904352,202114.0539281241,-34010.0,110394.0,50.985,-17515.15000000002,-238266.5999999998,144404.0,14627918.64052251,14627918.64052251
2021-09-15,-0.214785527386218,0.02505,0.02505,39.92,191462.2372590314,1.0,0.999996,0.999996,182849.714405389,-3927.347234098082,-8936.0,-2145.0,2.4799499999999997,-223.84680000000213,740.2189999999999,6791.0,9.093755816137502,0.5784,0.5784,1.73,191462.2372590314,1.0,1.000632,1.000632,182733.49543741494,166173.3786937128,-19630.0,90764.0,57.2616,-11353.99200000004,699897.9600000004,110394.0,15316978.98072251,15316978.98072251
2021-09-16,1.183268810421199,0.024169999999999997,0.024169999999999997,41.37,202310.5557840314,1.0,0.9999128999999998,0.9999128999999998,191478.91507253426,22657.10280586194,14520.0,12375.0,2.4411699999999996,-350.94839999999715,188.76000000000016,-2145.0,10.687610566427448,0.6756000000000001,0.6756000000000001,1.48,202310.5557840314,1.0,0.9998880000000001,0.9998880000000001,191483.68343157572,204650.30383417572,21016.0,111780.0,68.2356,-14198.40960000006,882226.0799999998,90764.0,16184844.46272251,16184844.46272251
2021-09-17,0.4037246709008424,0.0235,0.0235,42.55,205483.25984528137,1.0,0.999925,0.999925,202325.73021379745,8168.388884533801,-7913.0,4462.0,2.3265000000000002,-185.95549999999884,-829.1249999999966,12375.0,14.05083413311303,0.7011000000000001,0.7011000000000001,1.43,205483.25984528137,1.0,1.002573,1.002573,201791.34664910327,283533.6741264064,43086.0,154866.0,70.8111,-30207.59459999986,285038.9999999997,111780.0,16438660.78762251,16438660.78762251
2021-09-18,-0.8337421102373269,0.023710000000000002,0.023710000000000002,42.18,203125.54997165638,1.0,1.0000878,1.0000878,205465.21999896548,-17130.50061023141,-13819.0,-9357.0,2.34729,-327.64848999999856,93.70199999999959,4462.0,16.338754402490235,0.6901999999999999,0.6901999999999999,1.45,203125.54997165638,1.0,1.0007899999999998,1.0007899999999998,205321.0562108748,335469.0311089376,28367.0,183233.0,69.7102,-19578.903400000123,-168803.94000000053,154866.0,16250043.997732509,16250043.997732509
2021-09-19,-0.8487521339374863,0.02283,0.02283,43.8,205522.57550915636,1.0,0.9999539999999999,0.9999539999999999,203134.89417678854,-17241.117490971472,-60.0,-9417.0,2.26017,-1.3697999999999944,823.4160000000007,-9357.0,16.360960606784683,0.7007,0.7007,1.43,205522.57550915636,1.0,1.002001,1.002001,202719.90743687522,331669.2419785753,-2076.0,181157.0,69.3693,-1454.6531999999952,192394.64999999947,183233.0,16441806.040732509,16441806.040732509
2021-09-20,-2.1687724533734496,0.020790000000000003,0.020790000000000003,48.1,176664.64144403138,1.0,0.9999990000000002,0.9999990000000002,205522.78103193737,-44573.21460427691,-14929.0,-24346.0,2.0582100000000003,-310.373909999998,1921.0679999999975,-9417.0,16.455450232494613,0.5733,0.5733,1.74,176664.64144403138,1.0,0.997542,0.997542,206028.99477832147,339029.98700255615,4021.0,185178.0,57.9033,-2305.239300000013,-2307940.1799999992,181157.0,14133171.315522509,14133171.315522509
2021-09-21,-5.56528248502808,0.01986,0.01986,50.35,179755.71411053138,1.0,0.999951,0.999951,176673.29843565472,-98323.68133560881,-29358.0,-53704.0,1.96614,-583.0498799999997,2264.178000000005,-24346.0,8.681804604545567,0.5898,0.5898,1.7,179755.71411053138,1.0,1.0026599999999999,1.0026599999999999,176195.9601899262,152969.8898479229,-101626.0,83552.0,58.39019999999999,-59939.0148000004,305543.6999999997,185178.0,14380457.128842508,14380457.128842508
2021-09-22,-8.043709941056557,0.022570000000000003,0.022570000000000003,44.31,195211.13849865636,1.0,1.0000767000000002,1.0000767000000002,179741.92790466108,-144579.19323113933,-25265.0,-78969.0,2.23443,-570.2310499999994,-14553.784000000007,-53704.0,7.238666685541563,0.7406999999999999,0.7406999999999999,1.35,195211.13849865636,1.0,0.999945,0.999945,179765.6012185984,130126.32687474182,-12477.0,71075.0,73.32929999999999,-9241.713900000048,1260799.6799999997,83552.0,15616891.079892509,15616891.079892509
2021-09-23,-3.8910061352575833,0.02327,0.02327,42.97,196844.85687040637,1.0,0.9999119,0.9999119,195228.33811524432,-75963.46613825575,37478.0,-41491.0,2.35027,-872.1130600000047,-5527.829999999987,-78969.0,10.526823550162526,0.7644,0.7644,1.31,196844.85687040637,1.0,1.001364,1.001364,194945.2332005708,205215.40718476943,41013.0,112088.0,77.20439999999999,-31350.33719999979,168447.75000000032,71075.0,15747588.549632508,15747588.549632508
2021-09-24,-1.414400716653926,0.022770000000000002,0.022770000000000002,43.92,190851.01255728138,1.0,1.0000584000000001,1.0000584000000001,196833.3618020771,-27840.124799425936,26285.0,-15206.0,2.29977,-598.5094499999989,2074.5499999999925,-41491.0,12.72113689207496,0.7231000000000001,0.7231000000000001,1.38,190851.01255728138,1.0,0.997878,0.997878,197263.44991111776,250941.5350122301,24976.0,137064.0,73.0331,-18060.145600000058,-462923.4399999995,112088.0,15268081.00458251,15268081.00458251
2021-09-25,-1.1834100912581338,0.023,0.023,43.48,183813.17463728136,1.0,1.0000399999999998,1.0000399999999998,190843.37882212852,-22584.59803479057,2870.0,-12336.0,2.323,-66.01000000000037,-349.7379999999952,-15206.0,11.672970817743316,0.6828000000000001,0.6828000000000001,1.46,183813.17463728136,1.0,0.9968880000000001,0.9968880000000001,191446.7949832693,223475.285099019,-15002.0,122062.0,67.5972,-10243.365600000005,-552367.9200000002,137064.0,14705053.970982509,14705053.970982509
2021-09-26,-0.640865423540383,0.02207,0.02207,45.31,181302.10985553137,1.0,0.9999917,0.9999917,183814.70029929385,-11780.048576025552,5902.0,-6434.0,2.2290699999999997,-130.25713999999888,1147.2479999999996,-12336.0,9.54876434890222,0.6677,0.6677,1.5,181302.10985553137,1.0,1.00155,1.00155,183528.7051443077,175247.23566821526,-26342.0,95720.0,66.1023,-17588.553399999906,-184313.62000000064,122062.0,14504168.788442507,14504168.788442507
2021-09-27,-1.8782611906480609,0.0213,0.0213,46.95,180646.54891053136,1.0,1.000035,1.000035,181295.76450377374,-34052.07984963085,-12165.0,-18599.0,2.1087,-259.11450000000116,495.4179999999997,-6434.0,8.07045442519631,0.6633,0.6633,1.51,180646.54891053136,1.0,1.0015830000000001,1.0015830000000001,181015.56222053623,146087.78451521246,-15927.0,79793.0,65.66669999999999,-10564.379100000106,-42116.799999999785,95720.0,14451723.912842508,14451723.912842508
2021-09-28,-3.498267404527821,0.02037,0.02037,49.09,175789.15828515636,1.0,0.9999633,0.9999633,180653.17888219634,-63197.31272079211,-15919.0,-34518.0,2.0166299999999997,-324.27003000000354,1729.7069999999994,-18599.0,7.216920827363641,0.6151,0.6151,1.63,175789.15828515636,1.0,1.002613,1.002613,180175.74967662635,130031.41204271026,-8770.0,71023.0,60.8949,-5394.426999999984,-384602.26,79793.0,14063132.662812509,14063132.662812509
2021-09-29,-5.482541596621615,0.020659999999999998,0.020659999999999998,48.4,179076.39641815636,1.0,0.9999439999999998,0.9999439999999998,175799.00302932604,-96382.53467528892,-18126.0,-52644.0,2.04534,-374.4831599999982,-1001.0219999999971,-34518.0,4.829126561836612,0.6546,0.6546,1.53,179076.39641815636,1.0,1.001538,1.001538,175519.20974057534,84760.44778707839,-24727.0,46296.0,64.80539999999999,-16186.294200000051,280540.8499999997,71023.0,14326111.713452509,14326111.713452509
2021-09-30,-5.560583848236454,0.021150000000000002,0.021150000000000002,47.28,179665.52477065637,1.0,0.9999720000000001,0.9999720000000001,179081.4106976559,-99579.71998447842,-1746.0,-54390.0,2.09385,-36.9279,-2579.55600000002,-52644.0,5.40839491550486,0.6663,0.6663,1.5,179665.52477065637,1.0,0.99945,0.99945,179174.94263660652,96904.88487416976,6633.0,52929.0,67.2963,-4419.567900000045,54166.32000000008,46296.0,14373241.98165251,14373241.98165251
2021-10-01,-4.546786504065892,0.022559999999999997,0.022559999999999997,44.33,180202.78389940638,1.0,1.0000847999999998,1.0000847999999998,179650.29042602828,-81683.15159605833,9775.0,-44615.0,2.2785599999999997,-220.52399999999915,-7668.989999999977,-54390.0,6.031553771985656,0.6767000000000001,0.6767000000000001,1.48,180202.78389940638,1.0,1.001516,1.001516,179393.56412743917,108202.19283828062,6171.0,59100.0,68.3467,-4175.91569999998,55046.16000000033,52929.0,14416222.71195251,14416222.71195251
2021-10-02,-1.4443426627498526,0.02247,0.02247,44.5,181190.64684865635,1.0,0.999915,0.999915,180218.10243811362,-26029.669395119075,30398.0,-14217.0,2.26947,-683.0430600000064,401.5349999999954,-44615.0,6.606715991293757,0.6908,0.6908,1.45,181190.64684865635,1.0,1.00166,1.00166,179904.14302198988,118857.55786033797,5820.0,64920.0,69.7708,-4020.455999999976,83330.9999999998,59100.0,14495251.747892508,14495251.747892508
2021-10-03,-0.4607265305878892,0.02251,0.02251,44.42,180808.77538028138,1.0,0.9998942,0.9998942,181209.81884749042,-8348.817114606416,9657.0,-4560.0,2.27351,-217.3790700000003,-56.86800000000005,-14217.0,7.309950531174151,0.6869,0.6869,1.46,180808.77538028138,1.0,1.0028739999999998,1.0028739999999998,180671.3972529514,132069.8976317188,7216.0,72136.0,69.37689999999999,-4956.670399999959,-25318.800000000036,64920.0,14464702.030422509,14464702.030422509
2021-10-04,0.0145264148837191,0.02191,0.02191,45.64,177744.19696365637,1.0,0.9999724,0.9999724,180813.76584021858,262.65757792826514,4703.0,143.0,2.21291,-103.04273000000045,273.60000000000025,-4560.0,7.308143628399217,0.6529,0.6529,1.53,177744.19696365637,1.0,0.9989370000000001,0.9989370000000001,181001.17963423257,132278.2617676659,114.0,72250.0,65.94290000000001,-74.43060000000028,-245262.39999999938,72136.0,14219535.75709251,14219535.75709251
2021-10-05,-0.924024928087332,0.022330000000000003,0.022330000000000003,44.78,176977.36431840635,1.0,0.9999374000000002,0.9999374000000002,177755.32444696673,-16425.03508892488,-9114.0,-8971.0,2.21067,-203.51562000000166,6.0060000000000375,143.0,5.648189673745541,0.6459999999999999,0.6459999999999999,1.55,176977.36431840635,1.0,1.0012999999999999,1.0012999999999999,177513.42950529951,100262.95194829897,-17487.0,54763.0,63.95399999999999,-11296.602000000014,-49852.500000000866,72250.0,14158189.145472508,14158189.145472508
2021-10-06,-0.4231161900165631,0.022090000000000002,0.022090000000000002,45.27,173766.31150103136,1.0,1.0000143000000001,1.0000143000000001,176974.83357828617,-7488.091731245976,4881.0,-4090.0,2.23109,-107.82128999999972,215.3040000000002,-8971.0,4.704911979680334,0.6001,0.6001,1.67,173766.31150103136,1.0,1.0021669999999998,1.0021669999999998,176594.68363896076,83086.24426008052,-9381.0,45382.0,59.4099,-5629.538099999978,-251362.1699999998,54763.0,13901304.920082508,13901304.920082508
2021-10-07,-0.7051346594833725,0.02278,0.02278,43.9,174427.60091653137,1.0,1.000042,1.000042,173759.0136224592,-12252.350290283945,-2602.0,-6692.0,2.25522,-59.27356000000006,-282.2099999999998,-4090.0,2.170250719528272,0.6152000000000001,0.6152000000000001,1.63,174427.60091653137,1.0,1.0027760000000001,1.0027760000000001,173285.27158710553,37607.24853455678,-24841.0,20541.0,60.9048,-15282.183200000038,68526.82000000023,45382.0,13954208.073322508,13954208.073322508
2021-10-08,0.6067540822370864,0.02237,0.02237,44.7,174156.62501390636,1.0,0.9999390000000001,0.9999390000000001,174438.24164927195,10584.11152189551,12473.0,5781.0,2.25937,-279.02101,274.3719999999995,-6692.0,1.992090583094532,0.6051,0.6051,1.65,174156.62501390636,1.0,0.9984149999999999,0.9984149999999999,174704.5075610156,34802.72043364666,-1532.0,19009.0,59.9049,-927.0132000000003,-20746.410000000105,20541.0,13932530.001112508,13932530.001112508
2021-10-09,0.2196425777293499,0.02268,0.02268,44.09,174149.02178315635,1.0,0.9999612,0.9999612,174163.38255314942,3825.369429003662,-3692.0,2089.0,2.24532,-83.7345599999993,179.21099999999822,5781.0,1.4814080572301624,0.6063000000000001,0.6063000000000001,1.65,174149.02178315635,1.0,1.0003950000000001,1.0003950000000001,174087.86030908424,25789.51589278364,-4923.0,14086.0,60.023700000000005,-2984.814899999987,2281.0800000000863,19009.0,13931921.742652507,13931921.742652507
2021-10-10,0.7307850360103386,0.02189,0.02189,45.68,173414.87318978136,1.0,0.9999352,0.9999352,174160.30737107398,12727.374649374195,4863.0,6952.0,2.21089,-106.45106999999983,-165.03099999999944,2089.0,1.4019634785721489,0.5651,0.5651,1.77,173414.87318978136,1.0,1.0002270000000002,1.0002270000000002,174109.49892689992,24409.515876801044,-754.0,13332.0,55.9449,-426.0854000000008,-58034.320000000065,14086.0,13873189.855182508,13873189.855182508
2021-10-11,-0.8045848623007159,0.02171,0.02171,46.06,173076.60526690635,1.0,0.9999626,0.9999626,173421.3591486135,-13953.22003705902,-14573.0,-7621.0,2.1492899999999997,-316.37983000000173,-125.13600000000166,6952.0,-0.5953820284142924,0.5529999999999999,0.5529999999999999,1.81,173076.60526690635,1.0,1.0009299999999999,1.0009299999999999,173253.74720488084,-10315.2167441219,-18966.0,-5634.0,54.747,-10488.197999999948,-16131.720000000012,13332.0,13846128.421352508,13846128.421352508
2021-10-12,-1.736173660290801,0.02118,0.02118,47.21,173069.07859765633,1.0,0.9999078,0.9999078,173092.56440134416,-30051.875110580288,-8793.0,-16414.0,2.0968199999999997,-186.23574000000175,403.9129999999995,-7621.0,-1.8082306618814747,0.5434,0.5434,1.84,173069.07859765633,1.0,0.9998560000000001,0.9998560000000001,173101.53188749813,-31300.749757762795,-11462.0,-17096.0,53.796600000000005,-6228.4507999999805,5408.639999999965,-5634.0,13845526.287812507,13845526.287812507
2021-10-13,-3.20804110313128,0.0219,0.0219,45.66,172855.42325515635,1.0,0.9999539999999999,0.9999539999999999,173077.04014150286,-55523.82587822437,-13913.0,-30327.0,2.1681,-304.6947000000004,-1181.8080000000011,-16414.0,-2.610001675686328,0.5501,0.5501,1.82,172855.42325515635,1.0,1.001182,1.001182,172864.75246024833,-45117.729358835044,-7547.0,-24643.0,54.4599,-4151.6047000000035,-11454.319999999907,-17096.0,13828433.860412506,13828433.860412506
2021-10-14,-1.9830102065636943,0.021720000000000003,0.021720000000000003,46.04,172485.03343515634,1.0,0.9999888000000001,0.9999888000000001,172857.35925758,-34277.790768742845,11605.0,-18722.0,2.1937200000000003,-252.06060000000213,545.8859999999937,-30327.0,-2.4041692340927314,0.5618,0.5618,1.78,172485.03343515634,1.0,1.000004,1.000004,172854.731836229,-41557.20282480112,1945.0,-22698.0,56.7418,-1092.7009999999962,-28832.31000000004,-24643.0,13798802.674812507,13798802.674812507
2021-10-15,-1.9173549020757463,0.022180000000000002,0.022180000000000002,45.09,172366.47163015636,1.0,1.0000962000000002,1.0000962000000002,172468.44197103867,-33068.32126665374,660.0,-18062.0,2.24018,-14.638800000000058,-861.2119999999966,-18722.0,-1.5535632097132746,0.5636,0.5636,1.77,172366.47163015636,1.0,0.997572,0.997572,172904.84640222092,-26861.860815161508,8026.0,-14672.0,56.9236,-4523.453600000008,-4085.6399999999935,-22698.0,13789317.730412507,13789317.730412507
2021-10-16,-0.7275207472088551,0.02179,0.02179,45.89,172106.41224040635,1.0,0.9999431,0.9999431,172376.27984047928,-12540.731991062818,11212.0,-6850.0,2.20079,-244.30948000000222,704.4180000000026,-18062.0,-1.021624898360202,0.5761000000000001,0.5761000000000001,1.74,172106.41224040635,1.0,1.0024140000000001,1.0024140000000001,171951.38099643096,-17566.981213337516,5077.0,-9595.0,58.1861,-2924.8597000000195,-18340.0,-14672.0,13768512.979232507,13768512.979232507
2021-10-17,-1.2161033420960774,0.02158,0.02158,46.34,172221.59448340634,1.0,1.0000172,1.0000172,172103.4520610309,-20929.55832376917,-4582.0,-11432.0,2.1364199999999998,-98.87956000000071,143.84999999999937,-6850.0,-0.0120638853853253,0.561,0.561,1.78,172221.59448340634,1.0,0.9985800000000001,0.9985800000000001,172351.15087464833,-207.92245301806656,9481.0,-114.0,56.661,-5318.840999999999,14488.44999999998,-9595.0,13777727.558672506,13777727.558672506
2021-10-18,-1.8782025964405291,0.02128,0.02128,46.99,172196.95677640635,1.0,0.9999472,0.9999472,172230.68826374665,-32348.41258837083,-6237.0,-17669.0,2.10672,-132.7233599999998,342.95999999999776,-11432.0,-0.4430251995348678,0.5548,0.5548,1.8,172196.95677640635,1.0,0.99864,0.99864,172456.13482677075,-7640.241354264217,-4059.0,-4173.0,54.9252,-2251.933200000001,70.68000000000052,-114.0,13775756.542112507,13775756.542112507
2021-10-19,-2.831467801611632,0.0211,0.0211,47.39,172099.91484640635,1.0,0.9999290000000001,0.9999290000000001,172209.18362844395,-48760.47585857641,-8964.0,-26633.0,2.0888999999999998,-189.14040000000105,318.0420000000042,-17669.0,-0.8896791537189255,0.568,0.568,1.76,172099.91484640635,1.0,0.9996799999999999,0.9996799999999999,172252.07744118755,-15324.908248420255,-4197.0,-8370.0,56.232,-2383.895999999991,-5508.3600000000015,-4173.0,13767993.187712507,13767993.187712507
2021-10-20,-3.579526039729603,0.0219,0.0219,45.66,171721.46746140637,1.0,0.9999539999999999,0.9999539999999999,172107.83180666948,-61606.44655933762,-7016.0,-33649.0,2.1681,-153.65040000000022,-2130.6400000000017,-26633.0,-0.1680035414713678,0.5966,0.5966,1.68,171721.46746140637,1.0,1.002288,1.002288,171707.0491180243,-2884.7392347426185,6794.0,-1576.0,60.2566,-4053.300400000015,-23938.199999999993,-8370.0,13737717.396912508,13737717.396912508
2021-10-21,-1.56129719852477,0.02137,0.02137,46.79,171553.98640040634,1.0,0.9999023,0.9999023,171738.2462880687,-26813.444280911866,19004.0,-14645.0,2.15837,-406.1154800000021,1783.396999999998,-33649.0,1.9009723087278445,0.6148,0.6148,1.63,171553.98640040634,1.0,1.002124,1.002124,171357.50412264987,32574.587022987485,19368.0,17792.0,62.0948,-11907.446400000048,-2868.3200000000006,-1576.0,13724318.912032507,13724318.912032507
2021-10-22,-2.2238218976317308,0.021560000000000003,0.021560000000000003,46.38,172308.45514240637,1.0,0.9999528000000002,0.9999528000000002,171562.08413077728,-38152.35194933598,-6194.0,-20839.0,2.13444,-133.54264000000015,-278.25500000000187,-14645.0,3.7762494126207535,0.6554000000000001,0.6554000000000001,1.53,172308.45514240637,1.0,1.0027620000000002,1.0027620000000002,171081.45940951724,64604.626060549075,17495.0,35287.0,66.1954,-11466.223000000004,72235.52000000016,17792.0,13784676.411392508,13784676.411392508
2021-10-23,-1.8823904081888063,0.02166,0.02166,46.17,172003.14869440635,1.0,1.0000422,1.0000422,172301.18403244021,-32433.809614223974,3124.0,-17715.0,2.18766,-67.66584000000073,-208.38999999999555,-20839.0,6.758452368934255,0.6537999999999999,0.6537999999999999,1.53,172003.14869440635,1.0,1.000314,1.000314,172254.36727108326,116417.29365425238,28300.0,63587.0,66.0338,-18502.54000000011,-5645.920000000381,35287.0,13760251.895552507,13760251.895552507
2021-10-24,-1.4268674878762737,0.0212,0.0212,47.17,171268.20319315634,1.0,1.0000040000000001,1.0000040000000001,172002.4606845636,-24542.471898552078,4310.0,-13405.0,2.1412,-91.3719999999995,814.8899999999968,-17715.0,7.672258349581837,0.6453,0.6453,1.55,171268.20319315634,1.0,1.000215,1.000215,171966.17596657353,131936.8929405203,8477.0,72064.0,65.17530000000001,-5470.208100000051,-54048.94999999964,63587.0,13701456.255452506,13701456.255452506
2021-10-25,-2.534785111880262,0.02144,0.02144,46.64,175912.84091415635,1.0,0.9999616,0.9999616,171274.7801447139,-43414.476275138586,-10308.0,-23713.0,2.12256,-221.0035200000013,-321.7200000000003,-13405.0,7.28114798574075,0.6973,0.6973,1.43,175912.84091415635,1.0,0.997139,0.997139,171759.6074300136,125060.71196706656,-3756.0,68308.0,69.0327,-2619.0587999999943,374732.8000000002,72064.0,14073027.273132507,14073027.273132507
2021-10-26,-2.1670002794974867,0.02137,0.02137,46.79,174782.71762540634,1.0,0.9999023,0.9999023,175930.0292780168,-38124.04226174634,2890.0,-20823.0,2.15837,-61.75930000000032,165.99100000000277,-23713.0,9.774221631662842,0.6866,0.6866,1.46,174782.71762540634,1.0,1.0024359999999999,1.0024359999999999,175485.3585806539,171523.2787879138,25378.0,93686.0,69.3466,-17424.534799999965,-73089.5600000005,68308.0,13982617.410032507,13982617.410032507
2021-10-27,-2.1981492867075385,0.019119999999999998,0.019119999999999998,52.3,166528.87084990635,1.0,0.9999759999999999,0.9999759999999999,174786.91251130664,-38420.77270625417,-162.0,-20985.0,1.89288,-3.097440000000004,4685.175000000002,-20823.0,9.916666969016552,0.6157,0.6157,1.62,166528.87084990635,1.0,0.9974340000000002,0.9974340000000002,175232.36387109954,173772.09947032222,1228.0,94914.0,62.185700000000004,-756.0796000000048,-664233.7399999996,93686.0,13322309.667992508,13322309.667992508
2021-10-28,-7.357796541867311,0.019870000000000002,0.019870000000000002,50.33,169351.74812590636,1.0,1.0000571,1.0000571,166519.36259430222,-122521.55902503055,-45936.0,-66921.0,1.96713,-912.7483200000025,-1573.8750000000036,-20985.0,4.511168691675405,0.6434000000000001,0.6434000000000001,1.55,169351.74812590636,1.0,0.9972700000000002,0.9972700000000002,166984.73918788927,75329.6327411989,-53769.0,41145.0,63.696600000000004,-34594.97459999999,262911.7800000003,94914.0,13548139.850072509,13548139.850072509
2021-10-29,-7.147579949624013,0.02015,0.02015,49.63,169599.91297653137,1.0,1.0000445,1.0000445,169344.21230845863,-121040.1296480811,809.0,-66112.0,2.0351500000000002,-16.30135000000009,-1873.7880000000016,-66921.0,4.433115664804253,0.6487,0.6487,1.54,169599.91297653137,1.0,0.998998,0.998998,169521.60877790183,75150.88993961348,-98.0,41047.0,64.2213,-63.572600000000506,21806.850000000046,41145.0,13567993.038122509,13567993.038122509
2021-10-30,-6.215806878072334,0.01955,0.01955,51.15,168337.92455090638,1.0,0.9999825,0.9999825,169602.88102694936,-105421.87544281955,8531.0,-57581.0,1.97455,-166.78104999999962,3966.7200000000034,-66112.0,4.648517988718702,0.6235,0.6235,1.6,168337.92455090638,1.0,0.9976000000000002,0.9976000000000002,170007.9320133634,79028.49301889857,2118.0,43165.0,62.9735,-1320.5729999999999,-103438.44000000013,41047.0,13467033.964072509,13467033.964072509
2021-10-31,-7.213788993096776,0.01964,0.01964,50.92,169364.79427740638,1.0,1.0000688000000002,1.0000688000000002,168326.34369845988,-121427.07254201747,-8742.0,-66323.0,1.9443599999999999,-171.69288000000088,-518.228999999994,-57581.0,3.0134986536020336,0.645,0.645,1.55,169364.79427740638,1.0,0.99975,0.99975,168380.01955579533,50741.29622248733,-15450.0,27715.0,63.855,-9965.25000000005,92804.74999999994,43165.0,13549183.54219251,13549183.54219251
2021-11-01,-7.175406859279476,0.01949,0.01949,51.31,169471.61163140638,1.0,1.0000319,1.0000319,169359.39171281076,-121522.25409795018,-52.0,-66375.0,1.92951,-1.0134800000000004,994.8449999999935,-66323.0,3.7225808129666937,0.6493000000000001,0.6493000000000001,1.54,169471.61163140638,1.0,0.9999220000000002,0.9999220000000002,169378.00576185578,63052.33143876464,6724.0,34439.0,65.5793,-4365.893199999978,11917.45000000019,27715.0,13557728.93051251,13557728.93051251
2021-11-02,-7.385898810805002,0.019710000000000002,0.019710000000000002,50.74,170624.7229792814,1.0,1.0000854000000001,1.0000854000000001,169457.13999165109,-125159.32887467525,-1987.0,-68362.0,1.95129,-39.163770000000234,-1460.2500000000014,-66375.0,4.2137457403323975,0.6774,0.6774,1.48,170624.7229792814,1.0,1.0025519999999999,1.0025519999999999,169040.22098744643,71229.25111306996,4466.0,38905.0,68.4174,-3025.268400000026,96773.58999999959,34439.0,13649977.83834251,13649977.83834251
2021-11-03,-6.637285582882284,0.020630000000000003,0.020630000000000003,48.47,174174.0729885314,1.0,0.9999361000000001,0.9999361000000001,170635.62659582085,-113255.73843305267,6502.0,-61860.0,2.0836300000000003,-134.13626000000096,-6289.3040000000055,-68362.0,6.071971892872392,0.7555,0.7555,1.32,174174.0729885314,1.0,0.99726,0.99726,171093.51922194954,103887.50397682998,17838.0,56743.0,76.3055,-13476.608999999962,303848.0500000001,38905.0,13933925.839082511,13933925.839082511
2021-11-04,-3.3871484346079552,0.01983,0.01983,50.43,176248.6808292814,1.0,1.0000269,1.0000269,174169.38783199873,-58993.75693517803,29638.0,-32222.0,2.0028300000000003,-587.721540000007,4948.800000000005,-61860.0,10.314429908007718,0.7897,0.7897,1.27,176248.6808292814,1.0,1.002919,1.002919,173667.13861092614,179127.75285266584,41096.0,97839.0,79.7597,-32453.511199999848,194061.06000000008,56743.0,14099894.46634251,14099894.46634251
2021-11-05,-4.386133501357612,0.01982,0.01982,50.45,170096.7310905314,1.0,0.9999190000000001,0.9999190000000001,176262.95812888982,-77311.28656975177,-10005.0,-42227.0,1.96218,-198.2990999999995,32.222000000003604,-32222.0,13.589649581793074,0.7419,0.7419,1.35,170096.7310905314,1.0,1.001565,1.001565,175973.28264194675,239141.52468618858,32780.0,130619.0,74.9319,-24319.482000000036,-467670.4200000001,97839.0,13607738.48724251,13607738.48724251
2021-11-06,-4.7109689930922,0.02005,0.02005,49.88,177224.8436124064,1.0,1.000094,1.000094,170080.74350064233,-80124.51089535937,-1537.0,-43764.0,1.9849499999999998,-30.81685000000019,-971.2209999999961,-42227.0,11.259756357712476,0.7872,0.7872,1.27,177224.8436124064,1.0,0.9997440000000001,0.9997440000000001,170140.2870040044,191573.8178296364,-25982.0,104637.0,77.9328,-20453.030399999963,591704.0700000002,130619.0,14177987.48899251,14177987.48899251
2021-11-07,-4.041712377536658,0.02021,0.02021,49.48,188609.16064240638,1.0,0.9999907999999998,0.9999907999999998,177226.47409596812,-71629.84339808543,4640.0,-39124.0,2.04121,-93.77440000000028,-700.2240000000006,-43764.0,12.498675329158065,0.8756999999999999,0.8756999999999999,1.14,188609.16064240638,1.0,0.9982979999999998,0.9982979999999998,177526.9945571427,221885.22671309375,16556.0,121193.0,88.44569999999999,-14498.089199999915,926037.4499999994,104637.0,15088732.85139251,15088732.85139251
2021-11-08,-3.2357526946339377,0.02125,0.02125,47.06,193606.9879530314,1.0,1.0000250000000002,1.0000250000000002,188604.44553126808,-61027.73428477404,5791.0,-33333.0,2.14625,-123.05875000000124,-4068.896000000004,-39124.0,15.375108797143104,0.9118,0.9118,1.1,193606.9879530314,1.0,1.0029800000000002,1.0029800000000002,188048.77529203607,289127.037928457,36728.0,157921.0,92.0918,-33488.59039999998,437506.73000000167,121193.0,15488559.036242511,15488559.036242511
2021-11-09,0.334929263730742,0.0227,0.0227,44.05,187632.9934442814,1.0,0.999935,0.999935,193619.57322529104,6484.886110420722,36875.0,3542.0,2.2927,-837.0624999999978,-4833.285000000001,-33333.0,17.27532672596941,0.8833,0.8833,1.13,187632.9934442814,1.0,0.9981289999999998,0.9981289999999998,193969.90564649604,335089.3495048678,25104.0,183025.0,89.2133,-22174.363200000138,-450074.8500000014,157921.0,15010639.47554251,15010639.47554251
2021-11-10,5.382565803524254,0.02097,0.02097,47.69,180481.9130910314,1.0,1.0000593,1.0000593,187621.86746754058,100988.70478241437,51618.0,55160.0,2.11797,-1082.429460000008,-612.7660000000002,3542.0,17.464522218433057,0.8523000000000001,0.8523000000000001,1.17,180481.9130910314,1.0,0.997191,0.997191,188161.53920791642,328615.13821512193,-3536.0,179489.0,84.3777,-3013.732799999999,-567377.499999999,183025.0,14438553.047282511,14438553.047282511
2021-11-11,1.9502468674023876,0.020790000000000003,0.020790000000000003,48.1,186043.4293379064,1.0,0.9999990000000002,0.9999990000000002,180482.09357312493,35198.46376132115,-35935.0,19225.0,2.0582100000000003,-747.0886499999951,-992.8799999999886,55160.0,14.889142642364591,0.8788,0.8788,1.14,186043.4293379064,1.0,1.0018319999999998,1.0018319999999998,180151.8748562947,268230.69620247866,-32982.0,146507.0,87.0012,-28984.581599999943,475645.84999999846,179489.0,14883474.34703251,14883474.34703251
2021-11-12,0.3771454255575063,0.02045,0.02045,48.9,180300.3529247814,1.0,1.000005,1.000005,186042.49912541074,7016.507750443503,-15393.0,3832.0,2.02455,-314.7868499999978,-653.6500000000049,19225.0,14.923494200921551,0.8478,0.8478,1.18,180300.3529247814,1.0,1.0004039999999998,1.0004039999999998,185968.29814545566,277529.6818928957,5079.0,151586.0,85.62780000000001,-4305.976200000034,-454171.69999999914,146507.0,14424028.23398251,14424028.23398251
2021-11-13,-1.1488359057836506,0.020499999999999997,0.020499999999999997,48.78,204148.5898497814,1.0,0.9999899999999999,0.9999899999999999,180302.15594634085,-20713.75906413595,-15146.0,-11314.0,2.0294999999999996,-310.4930000000028,19.15999999999959,3832.0,12.73593797647286,0.9754,0.9754,1.03,204148.5898497814,1.0,1.0046620000000002,1.0046620000000002,179463.6931871429,228563.84654602068,-26745.0,124841.0,96.5646,-26087.073000000204,1934237.3600000008,151586.0,16331887.18798251,16331887.18798251
2021-11-14,-1.5863399304175572,0.0204,0.0204,49.02,200327.7201547814,1.0,1.0000080000000002,1.0000080000000002,204146.95667412796,-32384.64690453922,-6374.0,-17688.0,2.0196,-130.02959999999985,113.13999999999758,-11314.0,14.839664037195496,0.9540000000000001,0.9540000000000001,1.05,200327.7201547814,1.0,1.0017,1.0017,203802.12623518158,302435.5083396201,40349.0,165190.0,96.35400000000001,-38492.94600000031,-267159.74000000005,124841.0,16026217.61238251,16026217.61238251
2021-11-15,-2.021936365051523,0.02017,0.02017,49.58,197212.19090540637,1.0,1.0000286,1.0000286,200321.99094584034,-40503.83182129165,-4435.0,-22123.0,1.9968299999999999,-89.45395000000009,406.82400000000234,-17688.0,15.198660805876097,0.9390000000000001,0.9390000000000001,1.06,197212.19090540637,1.0,0.9953400000000001,0.9953400000000001,201265.61793435545,305896.78588693216,1890.0,167080.0,94.83900000000001,-1774.7100000000135,-247785.0,165190.0,15776975.27243251,15776975.27243251
2021-11-16,-2.8100798149751705,0.018740000000000003,0.018740000000000003,53.36,205323.3797831564,1.0,0.9999664000000001,0.9999664000000001,197218.81745767294,-55420.06180710795,-8147.0,-30270.0,1.8552600000000001,-152.67477999999983,3163.5889999999954,-22123.0,14.304230371934455,0.9784,0.9784,1.02,205323.3797831564,1.0,0.9979680000000001,0.9979680000000001,197613.7420292097,282671.24906458415,-12685.0,154395.0,96.8616,-12411.004000000097,658295.1999999996,167080.0,16425870.38265251,16425870.38265251
2021-11-17,-6.625750941134663,0.01876,0.01876,53.3,223989.93914465635,1.0,0.9999079999999999,0.9999079999999999,205342.27127211343,-136054.67471359347,-44043.0,-74313.0,1.8572399999999998,-826.2466800000049,-60.539999999993334,-30270.0,15.216301610639311,1.0763,1.0763,0.93,223989.93914465635,1.0,1.0009590000000002,1.0009590000000002,205126.66331303914,312126.9177355265,16088.0,170483.0,108.7063,-17315.514400000055,1511527.0499999989,154395.0,17919195.131572507,17919195.131572507
2021-11-18,-7.905013743730178,0.01786,0.01786,55.99,208551.05753265636,1.0,0.9999814000000001,0.9999814000000001,223994.1054350174,-177067.64819783592,-22401.0,-96714.0,1.76814,-400.0818599999997,6688.169999999989,-74313.0,17.7679601786794,1.0063,1.0063,0.99,208551.05753265636,1.0,0.9962369999999999,0.9962369999999999,224835.99700137254,399487.7041454068,47717.0,218200.0,101.63629999999999,-48017.61709999981,-1193381.0,170483.0,16684084.602612507,16684084.602612507
2021-11-19,-10.37438085542399,0.01863,0.01863,53.68,238630.84026115635,1.0,1.0000584000000001,1.0000584000000001,208538.87886213078,-216346.1752478872,-21454.0,-118168.0,1.84437,-399.6880199999984,-7446.9779999999955,-96714.0,15.063861635838045,1.1193000000000002,1.1193000000000002,0.89,238630.84026115635,1.0,0.9961770000000002,0.9961770000000002,209351.40796530768,315364.0642857278,-45949.0,172251.0,110.81070000000001,-51430.7156999998,2465660.0000000023,218200.0,19090467.220892508,19090467.220892508
2021-11-20,-8.727263189107253,0.01922,0.01922,52.03,267738.4384839063,1.0,1.0000166000000001,1.0000166000000001,238626.879054964,-208255.9577507936,4419.0,-113749.0,1.94122,-84.93318000000006,-6971.911999999993,-118168.0,16.690244569861225,1.2583,1.2583,0.79,267738.4384839063,1.0,0.9940570000000001,0.9940570000000001,240057.5019955157,400661.8419135106,46590.0,218841.0,127.0883,-58624.197000000255,2394288.8999999985,172251.0,21419075.078712504,21419075.078712504
2021-11-21,-6.2430561762272,0.01835,0.01835,54.5,274229.29857765633,1.0,1.000075,1.000075,267718.3596069358,-167138.0758433495,22458.0,-91291.0,1.85335,-412.104300000002,9896.162999999997,-113749.0,18.62015160784274,1.2847,1.2847,0.78,274229.29857765633,1.0,1.002066,1.002066,267186.4313168058,497505.18586773856,52896.0,271737.0,129.7547,-67955.49120000079,577740.2400000001,218841.0,21938343.886212505,21938343.886212505
2021-11-22,-7.449709897323482,0.01776,0.01776,56.31,295528.0823881563,1.0,1.0000656,1.0000656,274211.3103156996,-204279.4712416908,-20286.0,-111577.0,1.75824,-360.27935999999994,5386.168999999994,-91291.0,19.68762207166098,1.3484,1.3484,0.74,295528.0823881563,1.0,0.997816,0.997816,274829.52626301476,541073.984719986,23797.0,295534.0,136.1884,-32087.874799999954,1730964.6900000013,271737.0,23642246.591052506,23642246.591052506
2021-11-23,-9.303308876568462,0.017509999999999998,0.017509999999999998,57.11,254431.4210475313,1.0,0.9999960999999998,0.9999960999999998,295529.2349521727,-274939.9754816034,-38595.0,-150172.0,1.73349,-675.7984499999967,2789.4250000000147,-111577.0,20.1714710320598,1.2383,1.2383,0.81,254431.4210475313,1.0,1.003023,1.003023,294637.39354746236,594326.9648904239,29086.0,324620.0,125.0683,-36017.19379999986,-3253829.3400000017,295534.0,20354513.683802504,20354513.683802504
2021-11-24,-10.487572413257052,0.01666,0.01666,60.02,218748.2525155313,1.0,0.9999332000000001,0.9999332000000001,254448.41820186717,-266854.6211330796,4416.0,-145756.0,1.68266,-73.57056000000053,12764.619999999995,-150172.0,18.48264249909299,1.1523999999999999,1.1523999999999999,0.87,218748.2525155313,1.0,1.0025879999999998,1.0025879999999998,253774.65224751478,469042.61728224606,-68430.0,256190.0,114.0876,-78858.732,-2788485.800000001,324620.0,17499860.201242503,17499860.201242503
2021-11-25,-12.747542450873295,0.01675,0.01675,59.7,230257.3671061563,1.0,0.9999750000000001,0.9999750000000001,218753.72135856524,-278857.2349304819,-6555.0,-152311.0,1.65825,-109.79625000000028,-1311.8040000000174,-145756.0,13.727922832524571,1.1927,1.1927,0.84,230257.3671061563,1.0,1.001868,1.001868,218340.39266203862,299736.00616875803,-92475.0,163715.0,118.0773,-110294.9325000002,1032445.7000000003,256190.0,18420589.368492503,18420589.368492503
2021-11-26,-13.131042487105498,0.01533,0.01533,65.23,199828.5142685313,1.0,0.9999759,0.9999759,230262.91644244257,-302359.21390105365,-12837.0,-165148.0,1.5176699999999999,-196.79121000000083,21628.16200000002,-152311.0,13.029241309953315,1.0427,1.0427,0.96,199828.5142685313,1.0,1.0009919999999999,1.0009919999999999,230029.17816142022,299710.56705953873,-14.0,163701.0,103.2273,-14.59779999999995,-2455725.0,163715.0,15986281.141482502,15986281.141482502
2021-11-27,-15.696974277755984,0.01543,0.01543,64.81,217446.9505304063,1.0,1.0000183,1.0000183,199824.8574736395,-313664.56478199747,-6175.0,-171323.0,1.5275699999999999,-95.28025000000034,-1651.4800000000014,-165148.0,6.677494382387307,1.1352,1.1352,0.88,217446.9505304063,1.0,0.998976,0.998976,200033.34841731063,133572.15603467147,-90744.0,72957.0,112.3848,-103012.58879999978,1514234.25,163701.0,17395756.042432502,17395756.042432502
2021-11-28,-16.396694699124946,0.015940000000000003,0.015940000000000003,62.74,214331.14885340628,1.0,1.0000756000000002,1.0000756000000002,217430.5127836398,-356514.17363875255,-23404.0,-194727.0,1.57806,-373.0597600000015,-8737.473000000027,-171323.0,7.244024292982301,1.1042,1.1042,0.91,214331.14885340628,1.0,1.004822,1.004822,216403.45307965617,156763.18711942848,12667.0,85624.0,111.52420000000001,-13986.901400000073,-226166.69999999958,72957.0,17146491.9082725,17146491.9082725
2021-11-29,-14.60783112347958,0.01601,0.01601,62.46,224836.4646704063,1.0,0.9999846,0.9999846,214334.44960393017,-313096.14437581564,23714.0,-171013.0,1.61701,-379.66114000000186,-1363.0889999999795,-194727.0,6.492885006171536,1.2039,1.2039,0.83,224836.4646704063,1.0,0.9992369999999999,0.9992369999999999,214494.80839220955,139269.0125311414,-9555.0,76069.0,119.1861,-11503.264500000043,853671.2799999999,85624.0,17986917.173632503,17986917.173632503
2021-11-30,-13.465979960973602,0.01554,0.01554,64.35,224494.0468351563,1.0,0.9999989999999999,0.9999989999999999,224836.68950709584,-302764.6355394196,5643.0,-165370.0,1.5695400000000002,-87.69222000000062,8037.610999999988,-171013.0,8.682181715431252,1.2041,1.2041,0.83,224494.0468351563,1.0,0.9994029999999999,0.9994029999999999,224970.77222142252,195323.71250872835,30616.0,106685.0,121.6141,-36864.7255999999,1521.3799999996972,76069.0,17959523.746812504,17959523.746812504
2021-12-01,-13.988294383134866,0.01548,0.01548,64.6,223358.29724790633,1.0,1.000008,1.000008,224492.25089714912,-314026.3692281894,-6151.0,-171521.0,1.53252,-95.21747999999963,992.2200000000009,-165370.0,9.476017431588174,1.1965000000000001,1.1965000000000001,0.84,223358.29724790633,1.0,1.00506,1.00506,223363.8258762226,211659.95075893108,8923.0,115608.0,120.8465,-10676.369500000003,-81080.59999999903,106685.0,17868663.779832505,17868663.779832505
2021-12-02,-14.08846113555919,0.01719,0.01719,58.17,205821.07824353132,1.0,0.9999423000000001,0.9999423000000001,223371.18576532498,-314695.62694585527,-365.0,-171886.0,1.70181,-6.274350000000014,-29330.091000000008,-171521.0,9.393790802155404,1.0778,1.0778,0.93,205821.07824353132,1.0,1.0023540000000002,1.0023540000000002,222833.74660839015,209325.35992997236,-1275.0,114333.0,106.7022,-1374.1949999999954,-1372266.9600000004,115608.0,16465686.259482505,16465686.259482505
2021-12-03,-7.287682006648275,0.015560000000000001,0.015560000000000001,64.27,206163.90756953132,1.0,1.0000412,1.0000412,205812.5987644622,-149989.6772757292,89962.0,-81924.0,1.57156,-1399.8087200000016,28017.418000000005,-171886.0,5.148730976864167,1.0832,1.0832,0.92,206163.90756953132,1.0,0.996544,0.996544,206534.86272912318,106339.24455358251,-56251.0,58082.0,107.23679999999999,-60931.083200000285,61739.81999999909,114333.0,16493112.605562504,16493112.605562504
2021-12-04,-8.937553520027366,0.014199999999999999,0.014199999999999999,70.42,195058.0715957813,1.0,0.999964,0.999964,206171.3297374019,-184266.72938232392,-18722.0,-100646.0,1.4058,-265.8523999999998,11141.66400000001,-81924.0,3.9542703641719754,0.9305,0.9305,1.07,195058.0715957813,1.0,0.995635,0.995635,207067.75833466212,81880.1900158279,-13359.0,44723.0,92.1195,-12430.549499999934,-886912.1399999998,58082.0,15604645.727662504,15604645.727662504
2021-12-05,-12.324006421722675,0.013779999999999999,0.013779999999999999,72.57,190761.1775040313,1.0,1.0000145999999999,1.0000145999999999,195055.223789514,-240386.1830572524,-30653.0,-131299.0,1.36422,-422.39833999999706,4227.132000000004,-100646.0,-1.0118918775168326,0.8634999999999999,0.8634999999999999,1.16,190761.1775040313,1.0,1.0016599999999998,1.0016599999999998,194734.81180817977,-19705.05743384661,-55486.0,-10763.0,85.48649999999999,-47912.16100000011,-299644.10000000015,44723.0,15260894.200322503,15260894.200322503
2021-12-06,-14.48270858893738,0.014199999999999999,0.014199999999999999,70.42,189398.96034153132,1.0,0.999964,0.999964,190768.04515365686,-276283.800604166,-19607.0,-150906.0,1.4058,-278.4193999999998,-5514.5580000000045,-131299.0,-4.347187868815047,0.9297,0.9297,1.08,189398.96034153132,1.0,1.004076,1.004076,189986.7913425192,-82590.82745592951,-34348.0,-45111.0,92.0403,-31933.335599999893,-71251.06000000006,-10763.0,15151916.827322504,15151916.827322504
2021-12-07,-13.83511396705168,0.013779999999999999,0.013779999999999999,72.57,191289.8926152813,1.0,1.0000145999999999,1.0000145999999999,189396.19515708205,-262031.79449241917,7785.0,-143121.0,1.3917799999999998,-107.27729999999924,6338.052000000006,-150906.0,-3.472358320626951,0.8956999999999999,0.8956999999999999,1.12,191289.8926152813,1.0,1.003184,1.003184,188797.82805699782,-65557.37091700129,9304.0,-35807.0,90.4657,-8333.592800000048,153377.40000000026,-45111.0,15303191.409222504,15303191.409222504
2021-12-08,-14.346115334208218,0.01396,0.01396,71.63,189570.82167378132,1.0,0.9999547999999999,0.9999547999999999,191298.5393092581,-274439.0908196181,-6777.0,-149898.0,1.38204,-94.60691999999982,-2576.178000000002,-143121.0,-3.953268935580015,0.9319,0.9319,1.07,189570.82167378132,1.0,0.997133,0.997133,191839.8976017054,-75839.47077936729,-5616.0,-41423.0,92.2581,-5233.550399999994,-129621.34000000016,-35807.0,15165665.733902505,15165665.733902505
2021-12-09,-13.756427520022587,0.012889999999999999,0.012889999999999999,77.58,193648.43225128134,1.0,1.0000061999999998,1.0000061999999998,189569.64634197403,-260780.10998996807,7460.0,-142438.0,1.30189,-96.1594000000005,16039.085999999998,-149898.0,-2.8775964985208837,0.8545999999999999,0.8545999999999999,1.17,193648.43225128134,1.0,0.9998819999999998,0.9998819999999998,189593.1936706345,-54557.27102500097,11624.0,-29799.0,86.3146,-9933.870400000058,320199.79000000015,-41423.0,15491874.580102505,15491874.580102505
2021-12-10,-15.454513602950955,0.012110000000000001,0.012110000000000001,82.58,195414.50884528132,1.0,1.0000438,1.0000438,193639.95082143534,-299261.1254044626,-21018.0,-163456.0,1.19889,-254.52798000000138,11110.163999999979,-142438.0,-4.468462879518914,0.8061,0.8061,1.24,195414.50884528132,1.0,0.999564,0.999564,193732.8997955922,-86568.82712781613,-17485.0,-47284.0,79.8039,-14094.658500000012,144525.14999999982,-29799.0,15633160.707622506,15633160.707622506
2021-12-11,-17.632282290512755,0.013540000000000002,0.013540000000000002,73.86,191402.17437403134,1.0,1.0000644,1.0000644,195401.9249613138,-344538.1901027476,-24730.0,-188186.0,1.34046,-334.8442000000027,-23374.208000000002,-163456.0,-6.231148063902251,0.8654999999999999,0.8654999999999999,1.16,191402.17437403134,1.0,1.0039799999999999,1.0039799999999999,194639.84227303468,-121282.96763378596,-18961.0,-66245.0,85.6845,-16410.74549999995,-280866.9599999999,-47284.0,15312173.949922506,15312173.949922506
2021-12-12,-13.22712440541073,0.013460000000000001,0.013460000000000001,74.29,190033.3991787813,1.0,0.9999434000000001,0.9999434000000001,191413.00835030395,-253184.36742633936,49897.0,-138289.0,1.3594600000000001,-671.6136200000013,1505.4880000000014,-188186.0,-4.799664991162647,0.88,0.88,1.14,190033.3991787813,1.0,1.0031999999999999,1.0031999999999999,190791.64112243956,-91573.59605018407,16228.0,-50017.0,88.88,-14280.639999999927,-96055.25000000019,-66245.0,15202671.934302505,15202671.934302505
2021-12-13,-12.036667209621385,0.012230000000000001,0.012230000000000001,81.77,195722.0511404063,1.0,1.0000471,1.0000471,190024.44902723213,-228726.1054632455,13359.0,-124930.0,1.23523,-163.3805699999995,17009.547,-138289.0,-3.686895199000254,0.7905,0.7905,1.27,195722.0511404063,1.0,1.003935,1.003935,189288.5487394914,-69788.70415733565,11899.0,-38118.0,79.84049999999999,-9406.159499999934,447652.15000000014,-50017.0,15657764.091232505,15657764.091232505
2021-12-14,-13.799137758778128,0.012660000000000001,0.012660000000000001,78.99,191542.8179254063,1.0,1.0000134,1.0000134,195719.42850006442,-270075.9355941715,-22585.0,-147515.0,1.25334,-285.92610000000263,-5371.989999999991,-124930.0,-5.635803573455415,0.8717,0.8717,1.15,191542.8179254063,1.0,1.0024549999999999,1.0024549999999999,195242.73023767286,-110034.96767646683,-21983.0,-60101.0,86.2983,-19162.58110000009,-309518.16000000015,-38118.0,15323425.434032504,15323425.434032504
2021-12-15,-13.201745210418268,0.01311,0.01311,76.28,180603.15990515632,1.0,1.0000308,1.0000308,191536.91858831377,-252862.15975915449,9402.0,-138113.0,1.32411,-123.26021999999958,-6638.174999999989,-147515.0,-3.6012101345575145,1.0124,1.0124,0.99,180603.15990515632,1.0,1.002276,1.002276,191107.85644413944,-68821.95494201976,22511.0,-37590.0,102.2524,-22790.13639999999,-845621.0699999996,-60101.0,14448252.792412505,14448252.792412505
2021-12-16,-11.491429001785264,0.0124,0.0124,80.65,181524.0717951563,1.0,1.00006,1.00006,180592.3243656944,-207526.3873715752,24762.0,-113351.0,1.2524,-307.0487999999992,9806.022999999994,-138113.0,1.3242463660825192,0.9821,0.9821,1.02,181524.0717951563,1.0,1.001742,1.001742,180289.0962994028,23874.718061878553,50630.0,13040.0,99.1921,-49723.72300000014,113897.70000000004,-37590.0,14521925.743612504,14521925.743612504
2021-12-17,-12.337674206905149,0.01218,0.01218,82.1,183492.3372131563,1.0,0.9999779999999999,0.9999779999999999,181528.0654125954,-223963.4130470369,-8977.0,-122328.0,1.20582,-109.33986000000071,2493.722000000002,-113351.0,2.1491935854292485,1.1081,1.1081,0.9,183492.3372131563,1.0,0.9972900000000001,0.9972900000000001,182017.33878325892,39119.04969498825,8327.0,21367.0,111.91810000000001,-9227.148700000062,164304.00000000012,13040.0,14679386.977052504,14679386.977052504
2021-12-18,-13.06113693667376,0.01242,0.01242,80.52,184301.2598739063,1.0,1.0000584,1.0000584,183481.62188643817,-239647.8588821766,-8567.0,-130895.0,1.22958,-106.40214000000084,-2935.8720000000026,-122328.0,5.643329524274204,1.159,1.159,0.86,184301.2598739063,1.0,0.99674,0.99674,184092.47869369778,103889.45202089645,35377.0,56744.0,117.05900000000001,-41001.94300000021,108758.03000000007,21367.0,14744100.789912503,14744100.789912503
2021-12-19,-12.398425702540662,0.012430000000000002,0.012430000000000002,80.45,178077.4037245313,1.0,0.9999935000000002,0.9999935000000002,184302.4578398822,-228506.03303234122,6085.0,-124810.0,1.25543,-75.63654999999964,-130.89500000001465,-130895.0,8.162834315556577,1.0761,1.0761,0.93,178077.4037245313,1.0,1.0007730000000001,1.0007730000000001,184158.9050403101,150325.86295783683,25364.0,82108.0,108.6861,-27294.200399999918,-470407.76000000036,56744.0,14246192.297962504,14246192.297962504
2021-12-20,-11.918109432863314,0.01237,0.01237,80.84,183899.8369284063,1.0,0.9999908000000001,0.9999908000000001,178079.04205171816,-212236.5510871845,8887.0,-115923.0,1.24937,-109.93218999999993,748.8600000000007,-124810.0,6.393595313095703,1.1355,1.1355,0.88,183899.8369284063,1.0,0.99924,0.99924,178212.8454871015,113942.08136397807,-19873.0,62235.0,112.41449999999999,-22565.79150000015,487721.5199999998,82108.0,14711986.954272503,14711986.954272503
2021-12-21,-11.706029855570598,0.0128,0.0128,78.12,191215.04830090632,1.0,0.9999360000000002,0.9999360000000002,183911.6072712716,-215287.47655034802,-1667.0,-117590.0,1.2672,-21.33759999999987,-4984.688999999991,-115923.0,7.219918888283597,1.2324,1.2324,0.81,191215.04830090632,1.0,0.998244,0.998244,184223.33310133222,133007.7522320869,10414.0,72649.0,124.4724,-12834.213599999983,603057.1499999999,62235.0,15297203.864072504,15297203.864072504
2021-12-22,-10.0474785030853,0.01327,0.01327,75.36,184786.5690881563,1.0,1.0000272000000001,1.0000272000000001,191209.8473930572,-192117.6831259963,12656.0,-104934.0,1.34027,-167.94512000000145,-5526.729999999992,-117590.0,9.67584552325335,1.1669,1.1669,0.86,184786.5690881563,1.0,1.003534,1.003534,190541.6740249023,184365.18036070504,28051.0,100700.0,117.8569,-32732.71189999995,-475850.9499999998,72649.0,14782925.527052503,14782925.527052503
2021-12-23,-7.802268710897937,0.014750000000000001,0.014750000000000001,67.8,190288.1687819063,1.0,1.00005,1.00005,184777.3302216452,-144168.23820715983,26190.0,-78744.0,1.4897500000000001,-386.3025000000011,-15530.232000000015,-104934.0,8.449204060322888,1.2140000000000002,1.2140000000000002,0.82,190288.1687819063,1.0,0.9954800000000001,0.9954800000000001,185625.5967856273,156838.85460609815,-15035.0,85665.0,120.186,-18252.48999999998,474297.0000000008,100700.0,15223053.502552504,15223053.502552504
2021-12-24,-2.100923366389766,0.01392,0.01392,71.84,183317.0148274063,1.0,1.0000128000000001,1.0000128000000001,190285.7331245223,-39977.57430119159,56908.0,-21836.0,1.4059199999999998,-792.1593599999961,6535.752000000015,-78744.0,9.082390405548496,1.1494,1.1494,0.87,183317.0148274063,1.0,0.9999779999999999,0.9999779999999999,190292.35521372102,172830.9461242326,8735.0,94400.0,116.0894,-10040.009,-553395.9000000007,85665.0,14665361.186192503,14665361.186192503
2021-12-25,-2.642518206166001,0.01452,0.01452,68.87,183050.4798929063,1.0,0.9999924000000001,0.9999924000000001,183318.40804730743,-48442.22307903778,-4623.0,-26459.0,1.4374799999999999,-67.1259600000004,-1310.1600000000012,-21836.0,7.126309344766529,1.1501000000000001,1.1501000000000001,0.87,183050.4798929063,1.0,1.0005870000000001,1.0005870000000001,183209.47086800676,130560.73642964076,-23088.0,71312.0,113.85990000000001,-26553.50879999988,6608.000000000698,94400.0,14644038.391432503,14644038.391432503
2021-12-26,-1.153077806544924,0.01455,0.01455,68.73,182938.19317478128,1.0,1.0000215000000001,1.0000215000000001,183046.54439220185,-21106.690790338816,14931.0,-11528.0,1.4695500000000001,-217.24605000000093,-79.37700000000301,-26459.0,6.31942536852349,1.1502,1.1502,0.87,182938.19317478128,1.0,1.0006739999999998,1.0006739999999998,182927.1869688893,115599.47059238385,-8172.0,63140.0,113.8698,-9399.434399999984,713.1199999993514,71312.0,14635055.453982502,14635055.453982502
2021-12-27,-0.6187529860844221,0.01516,0.01516,65.96,181939.78857228128,1.0,0.9999535999999999,0.9999535999999999,182946.6819008215,-11319.88057203702,5345.0,-6183.0,1.53116,-81.03020000000033,-703.2079999999994,-11528.0,5.871663967167005,1.1385,1.1385,0.88,181939.78857228128,1.0,1.00188,1.00188,182594.9147350793,107213.59814378968,-4580.0,58560.0,112.71149999999999,-5214.3300000000345,-73873.8000000001,63140.0,14555183.085782502,14555183.085782502
2021-12-28,1.2736171209808345,0.013999999999999999,0.013999999999999999,71.43,176888.0034922813,1.0,1.00002,1.00002,181936.14984928432,23171.699537338318,18839.0,12656.0,1.414,-263.7460000000002,717.2280000000006,-6183.0,5.214580483345889,1.0706,1.0706,0.93,176888.0034922813,1.0,0.995658,0.995658,182733.21619700867,95287.70628399463,-6514.0,52046.0,105.9894,-6973.8883999999925,-397622.39999999956,58560.0,14151040.279382503,14151040.279382503
2021-12-29,-1.5710921385753556,0.01332,0.01332,75.08,173959.01710628127,1.0,1.0000655999999999,1.0000655999999999,176876.40040041506,-27788.9122168599,-27834.0,-15178.0,1.31868,-370.74888,-860.6079999999979,12656.0,2.678055013296672,1.031,1.031,0.97,173959.01710628127,1.0,1.0000699999999998,1.0000699999999998,176875.62219872742,47368.26467592701,-26174.0,25872.0,102.06899999999999,-26985.394000000153,-206102.1600000004,52046.0,13916721.368502501,13916721.368502501
2021-12-30,-4.525478285295574,0.01359,0.01359,73.58,173246.5527241563,1.0,0.9999522,0.9999522,173967.3327447865,-78728.5386687321,-27823.0,-43001.0,1.34541,-378.11456999999973,-409.8059999999987,-15178.0,0.5201266650340393,1.0175,1.0175,0.98,173246.5527241563,1.0,0.9971500000000001,0.9971500000000001,174456.21732565938,9073.93305120488,-20916.0,4956.0,100.7325,-21282.029999999966,-34927.19999999985,25872.0,13859724.217932502,13859724.217932502
2021-12-31,-4.807335600307614,0.013080000000000001,0.013080000000000001,76.45,173594.5321694063,1.0,0.9999660000000001,0.9999660000000001,173252.4433072287,-83288.26385511173,-2491.0,-45492.0,1.29492,-32.582279999999955,2193.050999999997,-43001.0,-0.6693691422671448,1.0943,1.0943,0.91,173594.5321694063,1.0,0.9958130000000001,0.9958130000000001,173974.9859904985,-11645.348714839853,-11317.0,-6361.0,108.3357,-12384.193100000046,38062.08000000003,4956.0,13887562.573552502,13887562.573552502
2022-01-01,-6.342238130333239,0.0138,0.0138,72.46,172896.2234619063,1.0,0.999948,0.999948,173603.55955450315,-110103.51149681474,-14646.0,-60138.0,1.3661999999999999,-202.1148000000005,-3275.4239999999927,-45492.0,1.4135510217558556,1.1413,1.1413,0.88,172896.2234619063,1.0,1.004344,1.004344,172843.69914034067,24432.338752389023,19706.0,13345.0,115.2713,-22490.457800000022,-29896.699999999928,-6361.0,13831697.876952503,13831697.876952503
2022-01-02,-4.541097333514401,0.013770000000000001,0.013770000000000001,72.62,172410.26750053128,1.0,0.9999774000000001,0.9999774000000001,172900.131004867,-78515.6323870492,17253.0,-42885.0,1.39077,-237.57381000000103,180.41399999999348,-60138.0,3.655075522453687,1.1303,1.1303,0.88,172410.26750053128,1.0,0.9946640000000001,0.9946640000000001,173823.746975769,63533.892279231644,21357.0,34702.0,114.1603,-24139.817100000117,-14679.499999999924,13345.0,13792821.400042502,13792821.400042502
2022-01-03,-3.992816228976841,0.01319,0.01319,75.82,170252.4215964063,1.0,1.0000658,1.0000658,172398.92365135503,-68835.72202132698,5287.0,-37598.0,1.33219,-69.73553000000018,2487.330000000002,-42885.0,4.086342793755283,1.0811,1.0811,0.92,170252.4215964063,1.0,0.994612,0.994612,173344.24629959348,70834.40117052846,3988.0,38690.0,109.1911,-4311.426800000026,-170733.84000000005,34702.0,13620193.727712503,13620193.727712503
2022-01-04,-5.469430710846136,0.01309,0.01309,76.39,167742.9050759063,1.0,0.9999450999999999,0.9999450999999999,170261.76896752263,-93123.49480739578,-13266.0,-50864.0,1.29591,-173.65194000000062,375.98000000000036,-37598.0,2.4985232942338973,1.0333,1.0333,0.97,167742.9050759063,1.0,1.002301,1.002301,169861.57012355197,42440.30897488392,-15509.0,23181.0,102.2967,-16025.449699999954,-184938.20000000004,38690.0,13419432.406072503,13419432.406072503
2022-01-05,-6.272171636093767,0.0123,0.0123,81.3,165829.4593071563,1.0,0.9999899999999999,0.9999899999999999,167744.58252173153,-105212.28126011947,-6603.0,-57467.0,1.2177,-81.21689999999985,4018.255999999998,-50864.0,0.2889231334642514,0.9742000000000001,0.9742000000000001,1.03,165829.4593071563,1.0,1.0034260000000002,1.0034260000000002,167170.18003909235,4829.933223867762,-20543.0,2638.0,96.4458,-20012.99059999992,-136999.70999999993,23181.0,13266356.744572503,13266356.744572503
2022-01-06,-8.72638936097358,0.0128,0.0128,78.12,165417.5430534063,1.0,0.9999360000000002,0.9999360000000002,165840.07307183289,-144718.50492771235,-21578.0,-79045.0,1.2672,-276.19839999999834,-2873.3500000000026,-57467.0,-2.457712109765859,0.9511000000000001,0.9511000000000001,1.05,165417.5430534063,1.0,0.9986550000000001,0.9986550000000001,166052.8003235915,-40810.9978215823,-24929.0,-22291.0,94.1589,-23709.971899999917,-6093.780000000006,2638.0,13233403.444272503,13233403.444272503
2022-01-07,-7.822421719835874,0.0121,0.0121,82.64,167651.8671146563,1.0,0.9999439999999999,0.9999439999999999,165426.80695459576,-129403.8247764726,8365.0,-70680.0,1.2221,-101.2165,5533.150000000005,-79045.0,-4.149019240921731,0.8674,0.8674,1.15,167651.8671146563,1.0,0.9975099999999999,0.9975099999999999,165830.46090104993,-68803.37730093749,-15289.0,-37580.0,85.87259999999999,-13261.678600000054,186575.6700000001,-22291.0,13412149.369172504,13412149.369172504
2022-01-08,-9.417693421769725,0.011810000000000001,0.011810000000000001,84.67,168707.90183928132,1.0,0.9999527000000001,0.9999527000000001,167659.7974230744,-157896.85712865324,-15563.0,-86243.0,1.16919,-183.79903000000152,2049.719999999994,-70680.0,-7.230627807949277,0.8390000000000001,0.8390000000000001,1.19,168707.90183928132,1.0,0.99841,0.99841,167918.85809903377,-121415.87648499622,-28737.0,-66317.0,83.061,-24110.34299999996,106727.19999999959,-37580.0,13496632.147142503,13496632.147142503
2022-01-09,-10.78849465706649,0.0117,0.0117,85.47,164016.9262342813,1.0,0.999999,0.999999,168708.07054735188,-182010.61177041024,-13171.0,-99414.0,1.1582999999999999,-154.1007000000006,948.6730000000105,-86243.0,-9.141550416167304,0.8933,0.8933,1.12,164016.9262342813,1.0,1.000496,1.000496,168624.264204236,-154148.7212612139,-17879.0,-84196.0,88.4367,-15971.310699999936,-360101.30999999953,-66317.0,13121354.098742504,13121354.098742504
2022-01-10,-11.44902846427529,0.01123,0.01123,89.05,169122.3679930313,1.0,1.0000315,1.0000315,164011.7598638456,-187777.5307157052,-3150.0,-102564.0,1.11177,-35.37450000000023,4672.457999999993,-99414.0,-7.488050548153263,0.8436,0.8436,1.19,169122.3679930313,1.0,1.003884,1.003884,163382.34919002725,-122341.52894109514,17373.0,-66823.0,85.2036,-14655.862799999913,418454.1199999999,-84196.0,13529789.439442504,13529789.439442504
2022-01-11,-12.884835928553024,0.01187,0.01187,84.25,164558.35354040633,1.0,1.0000475,1.0000475,169114.33506211586,-217901.04604417048,-16453.0,-119017.0,1.17513,-195.29711000000077,-6564.096000000006,-102564.0,-8.334981209116348,0.8959,0.8959,1.12,164558.35354040633,1.0,1.003408,1.003408,168547.95655708475,-140484.405073826,-9909.0,-76732.0,88.6941,-8877.473099999976,-349484.29000000027,-66823.0,13164668.283232505,13164668.283232505
2022-01-12,-10.67622511037665,0.013120000000000001,0.013120000000000001,76.22,158049.75221340632,1.0,1.0000064000000002,1.0000064000000002,164557.30037368392,-175685.07823453174,23058.0,-95959.0,1.32512,-302.52096000000046,-14877.125,-119017.0,-6.405169042228995,0.9594,0.9594,1.04,158049.75221340632,1.0,0.9977760000000001,0.9977760000000001,164925.1470674844,-105637.3446281715,19033.0,-57699.0,96.8994,-18260.260200000044,-487248.19999999955,-76732.0,12643980.177072505,12643980.177072505
2022-01-13,-4.928698750526089,0.01233,0.01233,81.1,162329.44825340633,1.0,0.9999629999999999,0.9999629999999999,158055.60027061633,-77900.84395674376,53410.0,-42549.0,1.24533,-658.5452999999975,7580.760999999996,-95959.0,-3.146749629528695,0.8965000000000001,0.8965000000000001,1.12,162329.44825340633,1.0,1.00408,1.00408,157407.52949307457,-49532.20851173596,30645.0,-27054.0,90.54650000000001,-27473.2425000001,362926.70999999956,-57699.0,12986355.860272504,12986355.860272504
2022-01-14,-5.471727585106292,0.012920000000000001,0.012920000000000001,77.4,161947.7993771563,1.0,1.0000080000000002,1.0000080000000002,162328.14962820927,-88821.54141599343,-5965.0,-48514.0,1.27908,-77.06780000000025,-2510.3909999999973,-42549.0,-4.053523065307882,0.9039,0.9039,1.11,161947.7993771563,1.0,1.0033290000000001,1.0033290000000001,161790.8465253235,-65582.29281460863,-8767.0,-35821.0,89.4861,-7924.491300000063,-20019.95999999986,-27054.0,12955823.950172504,12955823.950172504
2022-01-15,-3.661051296853542,0.01291,0.01291,77.46,160780.4494134063,1.0,1.0000086,1.0000086,161946.40663805924,-59289.41020430378,16130.0,-32384.0,1.30391,-208.23829999999964,48.51400000000543,-48514.0,-4.0113937768913726,0.9298000000000001,0.9298000000000001,1.08,160780.4494134063,1.0,1.0041840000000002,1.0041840000000002,161273.03300705476,-64692.96409848965,486.0,-35335.0,93.9098,-451.8828000000001,-92776.39000000012,-35821.0,12862435.953072505,12862435.953072505
2022-01-16,-3.040095554002539,0.0141,0.0141,70.92,160945.63812590635,1.0,0.999972,0.999972,160784.9513920453,-48880.16158774713,5686.0,-26698.0,1.4241,-80.1726,-3853.696,-32384.0,-2.9015891692995552,0.9224,0.9224,1.08,160945.63812590635,1.0,0.9961920000000001,0.9961920000000001,161395.04173232298,-46830.210506915806,9756.0,-25579.0,93.16239999999999,-8998.934399999962,26147.90000000032,-35335.0,12875651.050072506,12875651.050072506
2022-01-17,1.0814504064297272,0.01603,0.01603,62.38,162635.85593278136,1.0,0.9999513999999999,0.9999513999999999,160953.46046408493,17406.31852351557,36205.0,9507.0,1.61903,-580.3661499999996,-5152.714000000002,-26698.0,-2.700674578512854,0.8667,0.8667,1.15,162635.85593278136,1.0,0.996705,0.996705,161477.7071710349,-43609.873875335674,1759.0,-23820.0,87.5367,-1524.5252999999902,142475.02999999982,-25579.0,13010868.474622507,13010868.474622507
2022-01-18,6.846784862614332,0.01458,0.01458,68.59,162624.73631553134,1.0,1.0000422,1.0000422,162628.9929892772,111348.57274211955,51311.0,60818.0,1.47258,-748.1143800000019,-1378.515,9507.0,-4.597605069661107,0.86,0.86,1.16,162624.73631553134,1.0,0.9975999999999999,0.9975999999999999,163027.12102323712,-74953.43181086899,-17119.0,-40939.0,85.14,-14722.339999999991,15959.400000000041,-23820.0,13009978.905242506,13009978.905242506
2022-01-19,4.847562996710798,0.01337,0.01337,74.79,164185.99914065632,1.0,0.9999423000000001,0.9999423000000001,162634.1203042729,78837.91435896055,-17757.0,43061.0,1.3236299999999999,-237.41109000000185,-7358.978,60818.0,-5.463270921102521,0.8261000000000001,0.8261000000000001,1.21,164185.99914065632,1.0,0.999581,0.999581,162692.90464257656,-88883.54150034938,-7609.0,-48548.0,81.7839,-6285.794899999975,138783.21000000002,-40939.0,13134879.931252506,13134879.931252506
2022-01-20,0.8310546980217325,0.012589999999999999,0.012589999999999999,79.43,165993.29397040632,1.0,1.0000237,1.0000237,164182.10802469612,13644.43122050353,-35608.0,7453.0,1.2464099999999998,-448.3047200000036,-3358.758000000003,43061.0,-6.935201388118163,0.7933,0.7933,1.26,165993.29397040632,1.0,0.9995580000000001,0.9995580000000001,164258.6014424939,-113916.64807343317,-13673.0,-62221.0,78.5367,-10846.790900000029,159237.44000000006,-48548.0,13279463.517632505,13279463.517632505
2022-01-21,-2.570201661842077,0.011200000000000002,0.011200000000000002,89.29,176167.21347540632,1.0,1.0000480000000003,1.0000480000000003,165985.3266747259,-42661.57624607805,-30755.0,-23302.0,1.1088,-344.45600000000303,-1035.9669999999985,7453.0,-8.574105070163952,0.6606000000000001,0.6606000000000001,1.51,176167.21347540632,1.0,0.9975060000000001,0.9975060000000001,166408.31631128665,-142680.23886020496,-15711.0,-77932.0,65.3994,-10378.686600000035,825672.6699999998,-62221.0,14093377.078032505,14093377.078032505
2022-01-22,-6.908932625560999,0.010709999999999999,0.010709999999999999,93.37,181981.80908065633,1.0,0.9999927,0.9999927,176168.49950545272,-121713.62938293489,-43178.0,-66480.0,1.06029,-462.4363799999999,1141.7980000000036,-23302.0,-12.411419903790996,0.5978,0.5978,1.67,181981.80908065633,1.0,0.9983259999999999,0.9983259999999999,176462.61188770636,-219015.15734580244,-41694.0,-119626.0,59.1822,-24924.673199999976,489412.9600000001,-77932.0,14558544.726452505,14558544.726452505
2022-01-23,-9.575776270137228,0.011240000000000002,0.011240000000000002,88.97,174156.80715490633,1.0,1.0000228000000002,1.0000228000000002,181977.6599900085,-174257.73582274243,-28699.0,-95179.0,1.1127600000000002,-322.5767599999976,-3523.4400000000105,-66480.0,-14.810946080070616,0.6483,0.6483,1.54,174156.80715490633,1.0,0.998382,0.998382,182276.73283438236,-269969.08616614743,-27831.0,-147457.0,64.18169999999999,-18042.83730000017,-604111.2999999997,-119626.0,13932544.572392505,13932544.572392505
2022-01-24,-8.962407852389296,0.01065,0.01065,93.9,177418.0907024063,1.0,1.000035,1.000035,174150.71187999053,-156080.9707652413,9928.0,-85251.0,1.07565,-105.73320000000048,5615.561000000015,-95179.0,-14.605595035315584,0.6306,0.6306,1.59,177418.0907024063,1.0,1.0026540000000002,1.0026540000000002,173695.81845273275,-253693.07836483108,8890.0,-138567.0,63.6906,-5606.034000000011,260998.8899999994,-147457.0,14193447.256192503,14193447.256192503
2022-01-25,-9.961371659136786,0.01043,0.01043,95.88,168845.9813860313,1.0,1.0000284,1.0000284,177413.05217172464,-176727.7349864374,-11277.0,-96528.0,1.03257,-117.61910999999931,1875.5220000000018,-85251.0,-14.541359662158008,0.6801,0.6801,1.47,168845.9813860313,1.0,0.999747,0.999747,177462.98883858245,-258055.31474233596,-2382.0,-140949.0,67.32990000000001,-1619.9981999999902,-685906.6500000004,-138567.0,13507678.510882502,13507678.510882502
2022-01-26,-10.681745537690396,0.01077,0.01077,92.85,172327.4951459063,1.0,0.9999944999999999,0.9999944999999999,168846.91004403654,-180357.97279156992,-1983.0,-98511.0,1.06623,-21.356909999999893,-3281.952000000003,-96528.0,-12.037736654859604,0.6587000000000001,0.6587000000000001,1.52,172327.4951459063,1.0,1.0012240000000001,1.0012240000000001,168639.56655656602,-203003.86917976104,30069.0,-110880.0,66.5287,-19806.45029999988,301630.8600000001,-140949.0,13786199.611672502,13786199.611672502
2022-01-27,-9.744158688696784,0.01042,0.01042,95.97,173981.1869346563,1.0,1.0000074,1.0000074,172326.21993187876,-167917.4033239489,6795.0,-91716.0,1.0524200000000001,-70.80390000000065,3447.884999999992,-98511.0,-11.68004223940291,0.647,0.647,1.55,173981.1869346563,1.0,1.00285,1.00285,171837.75753692604,-200707.2266355572,1254.0,-109626.0,65.34700000000001,-811.338000000007,129729.6000000002,-110880.0,13918494.954772502,13918494.954772502
2022-01-28,-10.089790800669173,0.010480000000000001,0.010480000000000001,95.42,170793.45240215628,1.0,1.0000016000000003,1.0000016000000003,173980.90856520252,-175543.0970733245,-4165.0,-95881.0,1.03752,-43.649200000000185,-550.2960000000005,-91716.0,-11.704633029320204,0.6701,0.6701,1.49,170793.45240215628,1.0,0.998449,0.998449,174251.45093505655,-203954.9288021432,-1774.0,-111400.0,66.3399,-1188.7574000000088,-253236.06000000026,-109626.0,13663476.192172501,13663476.192172501
2022-01-29,-9.824000857260916,0.01059,0.01059,94.43,163860.63013303129,1.0,1.0000137,1.0000137,170791.11256391415,-167785.20362404382,4237.0,-91644.0,1.06959,-44.86983000000042,-1054.6909999999903,-95881.0,-10.458643839792382,0.7189,0.7189,1.39,163860.63013303129,1.0,0.9992709999999999,0.9992709999999999,170918.05166181776,-178757.10281221865,13763.0,-97637.0,72.6089,-9894.220700000069,-543631.9999999995,-111400.0,13108850.410642501,13108850.410642501
2022-01-30,-9.180936112446604,0.01035,0.01035,96.62,168433.34113053128,1.0,1.000017,1.000017,163857.84454967396,-150436.84023337637,9476.0,-82168.0,1.04535,-98.07660000000077,2199.456000000002,-91644.0,-7.613817057845375,0.6796,0.6796,1.47,168433.34113053128,1.0,0.9990119999999999,0.9990119999999999,164022.6845453621,-124883.8713465069,29426.0,-68211.0,68.63959999999999,-19997.90959999981,383713.4100000007,-97637.0,13474667.290442502,13474667.290442502
2022-01-31,-9.425467763780002,0.01051,0.01051,95.15,166741.30091653127,1.0,1.0000265000000002,1.0000265000000002,168428.87776527047,-158752.09578661993,-4542.0,-86710.0,1.04049,-47.73642000000009,-1314.6880000000012,-82168.0,-7.985932927498764,0.6987000000000001,0.6987000000000001,1.43,166741.30091653127,1.0,0.9991410000000001,0.9991410000000001,168578.14976117612,-134625.37970345942,-5321.0,-73532.0,69.1713,-3717.7827000000125,-130283.01000000074,-68211.0,13339304.073322501,13339304.073322501
2022-02-01,-8.826103812285584,0.010960000000000001,0.010960000000000001,91.24,163438.42822628128,1.0,0.9999904000000001,0.9999904000000001,166742.90164838708,-147169.01599103893,6327.0,-80383.0,1.1069600000000002,-69.34392000000051,-3901.950000000013,-86710.0,-7.180232190006343,0.7333,0.7333,1.36,163438.42822628128,1.0,0.997288,0.997288,167194.73303251545,-120049.70041195843,7961.0,-65571.0,74.0633,-5837.801299999999,-254420.71999999954,-73532.0,13075074.2581025,13075074.2581025
2022-02-02,-6.960878334851981,0.01027,0.01027,97.37,167884.96985365625,1.0,0.9999899,0.9999899,163440.07897107888,-113768.65047562798,18243.0,-62140.0,1.03727,-187.35561,5546.427000000014,-80383.0,-5.230951278386095,0.6779000000000001,0.6779000000000001,1.48,167884.96985365625,1.0,1.003292,1.003292,162902.15433421303,-85213.32324664007,19028.0,-46543.0,68.4679,-12899.081199999884,363263.3399999995,-65571.0,13430797.5882925,13430797.5882925
2022-02-03,-8.15254699327255,0.01061,0.01061,94.25,167355.2678114063,1.0,0.9999925,0.9999925,167886.22900037377,-136870.0371448864,-12618.0,-74758.0,1.05039,-133.87698000000012,-2112.760000000002,-62140.0,-6.644234745061564,0.6844,0.6844,1.46,167355.2678114063,1.0,0.999224,0.999224,168015.34976507394,-111633.34246127757,-14431.0,-60974.0,67.7556,-9876.57639999995,-30252.949999999604,-46543.0,13388421.424912501,13388421.424912501
2022-02-04,-7.375707377995686,0.01138,0.01138,87.87,160158.63667015627,1.0,0.9999606,0.9999606,167361.86186876392,-123441.21193805369,7335.0,-67423.0,1.1493799999999998,-83.4722999999996,-5756.365999999997,-74758.0,-6.833605123600083,0.7777,0.7777,1.29,160158.63667015627,1.0,1.003233,1.003233,166815.95183911044,-113995.43431859699,-1290.0,-62264.0,76.9923,-1003.2329999999946,-568887.4199999999,-60974.0,12812690.933612501,12812690.933612501
2022-02-05,-4.352456769676154,0.01125,0.01125,88.89,160363.77027078127,1.0,1.0000125,1.0000125,160156.63471222238,-69707.48289617631,29349.0,-38074.0,1.13625,-330.17624999999947,876.4989999999933,-67423.0,-2.4510322068644985,0.7701000000000001,0.7701000000000001,1.3,160363.77027078127,1.0,1.0011300000000003,1.0011300000000003,159977.86168645052,-39211.08913788044,40847.0,-21417.0,77.7801,-31456.274699999973,47320.63999999943,-62264.0,12829101.621662501,12829101.621662501
2022-02-06,-3.7006211128712,0.011430000000000001,0.011430000000000001,87.49,159748.30523703128,1.0,1.0000107,1.0000107,160362.0543967992,-59343.9204204195,5660.0,-32414.0,1.15443,-64.6938000000003,-685.3320000000006,-38074.0,-1.3829113572590763,0.7893000000000001,0.7893000000000001,1.27,159748.30523703128,1.0,1.0024110000000002,1.0024110000000002,159978.06316050127,-22123.548045696705,9333.0,-12084.0,79.7193,-7366.536899999974,-41120.640000000036,-21417.0,12779864.418962501,12779864.418962501
2022-02-07,-2.8314712900465806,0.01199,0.01199,83.4,158971.6808504063,1.0,0.9999660000000001,0.9999660000000001,159753.73686408464,-45233.811940831176,7707.0,-24707.0,1.21099,-92.40692999999958,-1815.1840000000016,-32414.0,-0.1967251450424084,0.8320000000000001,0.8320000000000001,1.2,158971.6808504063,1.0,0.9984000000000001,0.9984000000000001,160004.3121364496,-3147.687151245383,10365.0,-1719.0,84.03200000000001,-8623.680000000082,-51598.67999999995,-12084.0,12717734.468032502,12717734.468032502
2022-02-08,-0.6064731566296865,0.01176,0.01176,85.03,158703.4519984063,1.0,0.9999528,0.9999528,158979.18466792261,-9641.660796396889,19441.0,-5266.0,1.18776,-228.62615999999986,568.2610000000033,-24707.0,1.9926743337507,0.8634000000000001,0.8634000000000001,1.16,158703.4519984063,1.0,1.001544,1.001544,158726.60696924577,31629.0435790951,18995.0,17276.0,87.2034,-16400.282999999974,-5397.660000000001,-1719.0,12696276.159872502,12696276.159872502
2022-02-09,-0.6557715651234531,0.01195,0.01195,83.68,159306.7903665313,1.0,0.9999760000000001,0.9999760000000001,158707.2609726696,-10407.570892450389,-419.0,-5685.0,1.1830500000000002,-5.0070499999999605,-100.05400000000067,-5266.0,4.005372246918511,0.9005,0.9005,1.11,159306.7903665313,1.0,0.9995550000000001,0.9995550000000001,158774.106475788,63594.93996074059,17459.0,34735.0,90.95049999999999,-15721.829499999893,64093.95999999989,17276.0,12744543.229322502,12744543.229322502
2022-02-10,-0.0687570980366529,0.0115,0.0115,86.96,159580.3975477813,1.0,1.0000399999999998,1.0000399999999998,159300.41834979734,-1095.3034481756836,5087.0,-598.0,1.1615,-58.500500000000336,255.82500000000087,-5685.0,6.134962442303385,0.9116,0.9116,1.1,159580.3975477813,1.0,1.00276,1.00276,158868.313820387,97465.1138560142,18500.0,53235.0,92.0716,-16864.60000000013,38555.84999999998,34735.0,12766431.803822502,12766431.803822502
2022-02-11,-1.5306962176463883,0.01079,0.01079,92.68,153218.18783203128,1.0,1.0000172,1.0000172,159577.65281215293,-24426.490958045102,-12744.0,-13342.0,1.0682099999999999,-137.50776000000099,42.45799999999997,-598.0,7.202804070451182,0.8175,0.8175,1.22,153218.18783203128,1.0,0.99735,0.99735,160004.40923224675,115248.04101081635,9713.0,62948.0,82.5675,-7940.377499999956,-500941.3499999998,53235.0,12257455.026562503,12257455.026562503
2022-02-12,-4.530730132514744,0.01059,0.01059,94.43,152461.6237962813,1.0,1.0000137,1.0000137,153216.08877161512,-69418.07501836107,-24574.0,-37916.0,1.0484099999999998,-260.2386600000024,266.84000000000026,-13342.0,2.696761638369218,0.8131,0.8131,1.23,152461.6237962813,1.0,1.000113,1.000113,153200.87613302824,41314.624572010485,-40382.0,22566.0,80.4969,-32834.60420000023,-27697.119999999857,62948.0,12196929.903702503,12196929.903702503
2022-02-13,-6.320489635646073,0.01042,0.01042,95.97,151368.47105703127,1.0,1.0000074,1.0000074,152460.4955886139,-96362.49822132979,-14717.0,-52633.0,1.03158,-153.3511400000014,644.5719999999964,-37916.0,0.977876010516752,0.7791,0.7791,1.28,151368.47105703127,1.0,0.997248,0.997248,152882.35604010365,14949.998840289822,-14400.0,8166.0,77.1309,-11219.039999999995,-76724.40000000013,22566.0,12109477.684562502,12109477.684562502
2022-02-14,-7.514207623694231,0.01049,0.01049,95.33,151577.48811853127,1.0,1.0000117,1.0000117,151366.7000666405,-113740.08116141881,-9492.0,-62125.0,1.0385099999999998,-99.57108000000105,-368.43099999999447,-52633.0,-1.236770374196294,0.8186,0.8186,1.22,151577.48811853127,1.0,0.998692,0.998692,151566.7203272193,-18745.322941480004,-18405.0,-10239.0,81.0414,-15066.333000000066,32255.700000000023,8166.0,12126199.049482502,12126199.049482502
2022-02-15,-7.566020552312605,0.01107,0.01107,90.33,150019.7656977813,1.0,0.9999530999999999,0.9999530999999999,151584.59743615103,-114689.21796159513,-518.0,-62643.0,1.09593,-5.734259999999955,-3603.250000000003,-62125.0,-0.2955870389806398,0.9297,0.9297,1.08,150019.7656977813,1.0,1.004076,1.004076,150962.166328576,-4462.245974316662,7802.0,-2437.0,93.8997,-7253.519399999976,-113755.29,-10239.0,12001581.255822502,12001581.255822502
2022-02-16,-5.045984571739151,0.010820000000000001,0.010820000000000001,92.42,149506.0398765313,1.0,0.9999844000000001,0.9999844000000001,150022.10604263554,-75700.92325109537,21295.0,-41348.0,1.0928200000000001,-230.4119000000011,1566.0749999999944,-62643.0,4.405999513657157,0.9531999999999999,0.9531999999999999,1.05,149506.0398765313,1.0,1.00086,1.00086,149890.85955856091,66041.90543166726,38509.0,36072.0,96.27319999999999,-36706.778799999825,-5726.949999999986,-2437.0,11960483.190122502,11960483.190122502
2022-02-17,-5.068692496617389,0.0102,0.0102,98.04,146120.45243403126,1.0,1.0000080000000002,1.0000080000000002,149504.84383778056,-75779.40801685129,-43.0,-41391.0,1.0098,-0.43859999999999943,2563.5760000000023,-41348.0,6.898244028315637,0.8824,0.8824,1.13,146120.45243403126,1.0,0.9971119999999999,0.9971119999999999,149939.06389305444,103431.62521114995,20422.0,56494.0,89.1224,-18020.372800000085,-255389.75999999995,36072.0,11689636.194722502,11689636.194722502
2022-02-18,-7.233989050958436,0.00995,0.00995,100.5,142683.78951715629,1.0,0.9999750000000001,0.9999750000000001,146124.10553666967,-105706.01795333633,-16345.0,-57736.0,0.98505,-162.63275000000024,1034.775000000001,-41391.0,4.456727118837857,0.8367,0.8367,1.2,142683.78951715629,1.0,1.00404,1.00404,145532.5011294682,64859.86444560019,-21068.0,35426.0,82.8333,-17627.59560000016,-258177.5799999996,56494.0,11414703.161372501,11414703.161372501
2022-02-19,-8.896518587329878,0.00996,0.00996,100.4,143035.3129204063,1.0,0.9999840000000001,0.9999840000000001,142686.07249431618,-126940.92960987822,-11599.0,-69335.0,0.98604,-115.52603999999964,-57.736000000000054,-57736.0,1.6564778309092492,0.8501000000000001,0.8501000000000001,1.18,143035.3129204063,1.0,1.003118,1.003118,142240.2843106756,23561.787762286283,-22557.0,12869.0,84.15990000000001,-19175.705699999948,47470.84000000012,35426.0,11442825.033632502,11442825.033632502
2022-02-20,-9.310509808607884,0.00931,0.00931,107.41,141823.99271478129,1.0,0.9999871,0.9999871,143037.15809974578,-133174.88634830798,-3405.0,-72740.0,0.92169,-31.70055000000014,4506.774999999996,-69335.0,1.138575880346478,0.7737,0.7737,1.29,141823.99271478129,1.0,0.9980730000000001,0.9980730000000001,143311.4741310568,16317.098782251953,-3957.0,8912.0,76.5963,-3061.53090000002,-98319.16,12869.0,11345919.417182501,11345919.417182501
2022-02-21,-11.534346223351784,0.00856,0.00856,116.82,140846.8560957813,1.0,0.9999792,0.9999792,141826.94271518977,-163588.1061076479,-16612.0,-89352.0,0.84744,-142.1987200000002,5455.500000000005,-72740.0,-2.200013183050871,0.7004,0.7004,1.43,140846.8560957813,1.0,1.001572,1.001572,141601.39532133617,-31152.493644533748,-25927.0,-17015.0,69.3396,-18159.27080000005,-65324.959999999985,8912.0,11267748.487662502,11267748.487662502
2022-02-22,-14.574899926741324,0.00888,0.00888,112.61,139601.67121228128,1.0,0.9999768000000001,0.9999768000000001,140850.12381865387,-205287.64593260046,-22776.0,-112128.0,0.87912,-202.25087999999997,-2859.2640000000024,-89352.0,-6.042497121765102,0.7442000000000001,0.7442000000000001,1.34,139601.67121228128,1.0,0.9972280000000002,0.9972280000000002,141238.36885424523,-85343.24372845746,-29599.0,-46614.0,73.6758,-22027.57580000019,-74525.69999999992,-17015.0,11168133.696982501,11168133.696982501
2022-02-23,-14.154661821967991,0.00866,0.00866,115.47,140143.1278935313,1.0,0.9999701999999999,0.9999701999999999,139605.83146605897,-197607.33327767224,4195.0,-107933.0,0.87466,-36.328700000000005,2466.816000000002,-112128.0,-5.502414678681136,0.7347,0.7347,1.36,140143.1278935313,1.0,0.9991920000000001,0.9991920000000001,139714.56057722768,-76876.74489456223,4624.0,-41990.0,74.2047,-3397.252800000017,44283.300000000134,-46614.0,11211450.231482502,11211450.231482502
2022-02-24,-14.580028404776446,0.00853,0.00853,117.23,138620.20178953127,1.0,0.9999718999999999,0.9999718999999999,140147.06602608663,-204334.8203506423,-3674.0,-111607.0,0.8444699999999999,-31.33922000000014,1403.1290000000013,-107933.0,-5.591370468972493,0.7639,0.7639,1.31,138620.20178953127,1.0,1.000709,1.000709,140043.8368132307,-78303.6973519101,-779.0,-42769.0,75.6261,-595.0781000000052,-122610.80000000008,-41990.0,11089616.143162502,11089616.143162502
2022-02-25,-14.95114919120576,0.00898,0.00898,111.36,135995.64901778128,1.0,1.0000128,1.0000128,138618.42747365963,-207250.47898090206,-1593.0,-113200.0,0.88902,-14.30513999999998,-5022.315000000004,-111607.0,-4.226468576987967,0.8098000000000001,0.8098000000000001,1.23,135995.64901778128,1.0,0.9960540000000001,0.9960540000000001,139169.36410027093,-58819.494424919234,10642.0,-32127.0,81.7898,-8617.891599999954,-196309.71000000014,-42769.0,10879651.921422502,10879651.921422502
2022-02-26,-12.551192337032283,0.008870000000000001,0.008870000000000001,112.74,135472.5276474063,1.0,1.0000038,1.0000038,135995.1322362788,-170690.10615976743,19969.0,-93231.0,0.89587,-177.1250300000009,1245.2000000000012,-113200.0,-1.647461621599711,0.8181,0.8181,1.22,135472.5276474063,1.0,0.998082,0.998082,136256.98992445637,-22447.81615752404,19866.0,-12261.0,82.6281,-16252.374600000023,-26665.409999999945,-32127.0,10837802.211792503,10837802.211792503
2022-02-27,-11.97525052352199,0.00856,0.00856,116.82,136448.83245140628,1.0,0.9999792,0.9999792,135475.34553459342,-162235.12025374622,4618.0,-88613.0,0.86456,-39.530080000000055,2890.161000000003,-93231.0,-0.3268829857121493,0.7506999999999999,0.7506999999999999,1.33,136448.83245140628,1.0,0.998431,0.998431,135685.41806835556,-4435.325457578528,9838.0,-2423.0,75.82069999999999,-7385.386599999949,82639.14000000012,-12261.0,10915906.596112503,10915906.596112503
2022-02-28,-12.762913076976004,0.00962,0.00962,103.95,135861.5997321563,1.0,0.9999990000000001,0.9999990000000001,136448.96890037518,-174148.63295184905,-6507.0,-95120.0,0.95238,-62.597339999999754,-9392.978,-88613.0,-2.632374725935752,0.8454,0.8454,1.18,135861.5997321563,1.0,0.997572,0.997572,136780.93656538703,-36005.86804045462,-17243.0,-19666.0,83.69460000000001,-14577.232199999964,-22945.81000000003,-2423.0,10868927.978572503,10868927.978572503
2022-03-01,-7.144772364903073,0.00963,0.00963,103.84,135017.5491000313,1.0,0.9999792,0.9999792,135864.42571221112,-97072.03942020325,42099.0,-53021.0,0.97263,-405.4133700000012,-95.12000000000009,-95120.0,0.5766049714737953,0.8689,0.8689,1.15,135017.5491000313,1.0,0.999235,0.999235,135965.6134264275,7839.844865116231,23948.0,4282.0,87.7589,-20808.417199999916,-46215.09999999989,-19666.0,10801403.928002503,10801403.928002503
2022-03-02,-5.438481332906301,0.009389999999999999,0.009389999999999999,106.5,134690.1243145313,1.0,1.000035,1.000035,135012.8236512035,-73426.47211300406,12916.0,-40105.0,0.94839,-121.28124000000012,1272.504000000001,-53021.0,2.5707965006074773,0.8336,0.8336,1.2,134690.1243145313,1.0,1.0003199999999999,1.0003199999999999,134974.3573056935,34699.16054332202,14671.0,18953.0,84.1936,-12229.74560000006,-15115.460000000005,4282.0,10775209.945162503,10775209.945162503
2022-03-03,-5.732475699320586,0.00903,0.00903,110.74,133497.9235140313,1.0,0.9999821999999999,0.9999821999999999,134692.5218414201,-77212.16083361479,-2068.0,-42173.0,0.89397,-18.674039999999962,1443.7799999999968,-40105.0,1.7588775614712124,0.785,0.785,1.27,133497.9235140313,1.0,0.99695,0.99695,135102.18598177572,23762.82034290559,-5974.0,12979.0,77.715,-4689.589999999979,-92111.57999999999,18953.0,10679833.881122503,10679833.881122503
2022-03-04,-7.260331236386307,0.00844,0.00844,118.48,132924.1411025313,1.0,0.9999712,0.9999712,133501.76836496024,-96926.70589729301,-10768.0,-52941.0,0.83556,-90.88192000000004,2488.207000000002,-42173.0,-0.5955895938175236,0.7579000000000001,0.7579000000000001,1.32,132924.1411025313,1.0,1.0004280000000003,1.0004280000000003,133440.81084698875,-7947.595833103903,-17320.0,-4341.0,75.0321,-13126.828000000112,-35173.08999999992,12979.0,10633931.288202504,10633931.288202504
2022-03-05,-10.001607591564063,0.00864,0.00864,115.74,132723.0385355313,1.0,0.9999935999999999,0.9999935999999999,132924.991822479,-132946.36073202972,-19674.0,-72615.0,0.85536,-169.98335999999964,-1058.8200000000008,-52941.0,-2.5648581275708016,0.7668,0.7668,1.3,132723.0385355313,1.0,0.9968400000000001,0.9968400000000001,133345.51292336916,-34201.23225966007,-14340.0,-18681.0,75.9132,-10995.91200000005,-3863.4900000000025,-4341.0,10617843.082842503,10617843.082842503
2022-03-06,-10.020451964300271,0.00823,0.00823,121.51,133715.0460777813,1.0,1.0000273,1.0000273,132719.41529549373,-132990.85256985138,-24.0,-72639.0,0.81477,-0.19751999999999903,2977.2150000000024,-72615.0,-2.867184939372327,0.7251000000000001,0.7251000000000001,1.38,133715.0460777813,1.0,1.0006380000000001,1.0006380000000001,132638.4152266167,-38029.88665199685,-2091.0,-20772.0,71.78490000000001,-1516.184099999995,77899.77000000003,-18681.0,10697203.686222503,10697203.686222503
2022-03-07,-11.517662107344472,0.007930000000000001,0.007930000000000001,126.1,133833.7557682813,1.0,0.9999730000000001,0.9999730000000001,133718.65648150627,-154012.63028020572,-11482.0,-84121.0,0.78507,-91.05225999999992,2179.1699999999937,-72639.0,-4.6658601229978975,0.7169,0.7169,1.39,133833.7557682813,1.0,0.9964909999999999,0.9964909999999999,134185.90441637838,-62609.26604847874,-13425.0,-34197.0,70.9731,-9624.382499999938,17033.040000000154,-20772.0,10706700.461462503,10706700.461462503
2022-03-08,-13.155206728310713,0.008020000000000001,0.008020000000000001,124.69,133201.85294528128,1.0,1.0000138,1.0000138,133831.90888793863,-176058.64282652765,-12042.0,-96163.0,0.79398,-96.57684000000033,-757.0890000000006,-84121.0,-5.597041776051409,0.73,0.73,1.37,133201.85294528128,1.0,1.0001,1.0001,133820.3737309082,-74899.82222587058,-6713.0,-40910.0,72.27,-4900.490000000027,-44798.07000000008,-34197.0,10656148.235622503,10656148.235622503
2022-03-09,-13.118858895329994,0.00849,0.00849,117.79,130747.3096054063,1.0,1.0000371,1.0000371,133196.9113398706,-174739.1485161542,721.0,-95442.0,0.85749,-6.121289999999998,-4519.660999999994,-96163.0,-5.201229462264938,0.7763,0.7763,1.29,130747.3096054063,1.0,1.001427,1.001427,133012.04475741246,-69182.61660283562,3123.0,-37787.0,78.4063,-2424.3849000000196,-189413.2999999998,-40910.0,10459784.768432504,10459784.768432504
2022-03-10,-10.340512529289326,0.00807,0.00807,123.92,132372.2007187813,1.0,1.0000344,1.0000344,130742.81205267168,-135194.76861451712,21599.0,-73843.0,0.8150700000000001,-174.30393000000046,4008.563999999993,-95442.0,-2.6997359610410223,0.7393000000000001,0.7393000000000001,1.35,132372.2007187813,1.0,0.9980550000000001,0.9980550000000001,131002.1087068411,-35367.110384806416,18470.0,-19317.0,74.6693,-13654.871000000001,139811.89999999956,-37787.0,10589776.057502503,10589776.057502503
2022-03-11,-11.01879174187613,0.00788,0.00788,126.9,132993.95872678127,1.0,0.999972,0.999972,132375.90724418414,-145862.2553565577,-5827.0,-79670.0,0.78012,-45.91675999999999,1403.0170000000012,-73843.0,-3.4317266147962275,0.7122,0.7122,1.4,132993.95872678127,1.0,0.99708,0.99708,132759.85950854627,-45559.55432520863,-5568.0,-24885.0,70.5078,-3965.529599999976,52349.07000000015,-19317.0,10639516.698142502,10639516.698142502
2022-03-12,-11.990972712355193,0.007890000000000001,0.007890000000000001,126.74,132987.21138628127,1.0,0.9999786000000002,0.9999786000000002,132996.80485840523,-159476.10578875657,-7436.0,-87106.0,0.7811100000000001,-58.670039999999645,-79.67000000000007,-79670.0,-4.857089072035968,0.7094,0.7094,1.41,132987.21138628127,1.0,1.000254,1.000254,132960.1868393241,-64579.94705131416,-10388.0,-35273.0,70.2306,-7369.247200000023,6967.800000000028,-24885.0,10638976.910902502,10638976.910902502
2022-03-13,-12.092728249858466,0.00786,0.00786,127.23,134278.5027312813,1.0,1.0000278,1.0000278,132983.51444457972,-160813.35018894303,-730.0,-87836.0,0.77814,-5.737799999999984,261.3180000000002,-87106.0,-5.410616408085482,0.6794,0.6794,1.47,134278.5027312813,1.0,0.998718,0.998718,133157.91983951553,-72046.6425950214,-4079.0,-39352.0,67.2606,-2771.2726000000043,105819.0,-35273.0,10742280.218502503,10742280.218502503
2022-03-14,-12.059931592486697,0.008020000000000001,0.008020000000000001,124.69,133658.3314352813,1.0,1.0000138,1.0000138,134276.64971351525,-161936.72100132922,-614.0,-88450.0,0.79398,-4.924280000000016,-1405.3760000000013,-87836.0,-6.8824225208575625,0.6897,0.6897,1.45,133658.3314352813,1.0,1.000065,1.000065,134269.77519589357,-92410.13246787,-11122.0,-50474.0,68.2803,-7670.843400000022,-40532.56000000004,-39352.0,10692666.514822504,10692666.514822504
2022-03-15,-10.960857649164604,0.008,0.008,125.0,133114.2930977813,1.0,1.0,1.0,133658.3314352813,-146500.99444869807,8431.0,-80019.0,0.808,-67.44800000000006,176.90000000000015,-88450.0,-6.760075614745054,0.6981999999999999,0.6981999999999999,1.43,133114.2930977813,1.0,0.9984259999999998,0.9984259999999998,133869.0413062974,-90496.48417039994,1045.0,-49429.0,70.5182,-729.6189999999999,-42902.89999999971,-50474.0,10649143.447822504,10649143.447822504
2022-03-16,-10.49288244073198,0.00838,0.00838,119.33,130398.11057953129,1.0,0.9999854,0.9999854,133116.2365948356,-139677.30215422742,3727.0,-76292.0,0.84638,-31.232260000000203,-3040.721999999994,-80019.0,-6.120229178843955,0.7408,0.7408,1.35,130398.11057953129,1.0,1.00008,1.00008,133103.6448061968,-81462.48107533672,4934.0,-44495.0,74.8208,-3655.107200000036,-210567.54000000024,-49429.0,10431848.846362503,10431848.846362503
2022-03-17,-7.89084608080995,0.00835,0.00835,119.76,127238.24133140629,1.0,0.999996,0.999996,130398.63217405998,-102895.55356336595,20091.0,-56201.0,0.8433499999999999,-167.75984999999937,228.8760000000002,-76292.0,-3.395155912270249,0.794,0.794,1.26,127238.24133140629,1.0,1.00044,1.00044,130340.76064484756,-44252.72041131556,20324.0,-24171.0,80.194,-16137.255999999938,-236713.4000000003,-44495.0,10179059.306512503,10179059.306512503
2022-03-18,-7.08537243019321,0.00851,0.00851,117.51,125031.2625626563,1.0,1.0000101000000001,1.0000101000000001,127236.95623814827,-90152.12218314757,6960.0,-49241.0,0.85951,-59.22960000000012,-899.2160000000008,-56201.0,0.3979845471283036,0.8571,0.8571,1.17,125031.2625626563,1.0,1.002807,1.002807,126882.08332351717,5049.710847020567,26929.0,2758.0,86.5671,-23080.84590000007,-152519.00999999972,-24171.0,10002501.005012503,10002501.005012503
2022-03-19,-5.782614124448444,0.00903,0.00903,110.74,124803.25563265628,1.0,0.9999821999999999,0.9999821999999999,125033.48815874553,-72302.04146558192,9750.0,-39491.0,0.91203,-88.04249999999983,-2560.5320000000024,-49241.0,4.689923041503449,0.8953,0.8953,1.12,124803.25563265628,1.0,1.002736,1.002736,124690.11042054568,58478.702190892654,29183.0,31941.0,90.42530000000001,-26127.539900000174,10535.56000000002,2758.0,9984260.450612502,9984260.450612502
2022-03-20,-2.176866811205753,0.008790000000000001,0.008790000000000001,113.77,122709.44893915628,1.0,1.0000383000000002,1.0000383000000002,124798.47585103117,-27166.96601691724,24652.0,-14839.0,0.88779,-216.69107999999912,947.7840000000008,-39491.0,7.88158480930601,0.8484,0.8484,1.18,122709.44893915628,1.0,1.001112,1.001112,124664.62856569122,98255.4842761128,21726.0,53667.0,85.6884,-18432.338399999957,-149803.28999999992,31941.0,9816755.915132502,9816755.915132502
2022-03-21,-2.3392681070718746,0.009170000000000001,0.009170000000000001,109.05,123523.79094165628,1.0,0.9999885000000001,0.9999885000000001,122710.86011404758,-28705.360145614966,-840.0,-15679.0,0.90783,-7.70280000000001,-563.8820000000005,-14839.0,6.288759324874747,0.8625,0.8625,1.16,123523.79094165628,1.0,1.0005,1.0005,122648.12487671793,77130.45389968624,-11538.0,42129.0,85.3875,-9951.524999999967,75670.46999999981,53667.0,9881903.275332501,9881903.275332501
2022-03-22,-0.2615809662344745,0.00975,0.00975,102.56,122311.66439290627,1.0,0.9999600000000001,0.9999600000000001,123528.7320909399,-3231.27650980676,13914.0,-1765.0,0.98475,-135.6615000000005,-909.381999999999,-15679.0,6.291834277622391,0.8398000000000001,0.8398000000000001,1.19,122311.66439290627,1.0,0.9993620000000001,0.9993620000000001,123602.64943199388,77768.73865011628,348.0,42477.0,84.8198,-292.2503999999989,-95632.82999999983,42129.0,9784933.151432501,9784933.151432501
2022-03-23,3.502943831219928,0.011080000000000001,0.011080000000000001,90.25,123272.23431240626,1.0,0.9999700000000001,0.9999700000000001,122315.33385292185,42846.37441836986,25168.0,23403.0,1.11908,-278.86143999999945,-234.7450000000002,-1765.0,4.876691428563953,0.86,0.86,1.16,123272.23431240626,1.0,0.9975999999999999,0.9975999999999999,122605.91859754038,59791.12323158349,-9819.0,32658.0,85.14,-8444.339999999995,85803.53999999983,42477.0,9861778.7449925,9861778.7449925
2022-03-24,8.241763865862959,0.01131,0.01131,88.42,123882.74550890626,1.0,1.0000302,1.0000302,123268.51160335583,101594.99647312469,32088.0,55491.0,1.14231,-362.9152799999978,538.2689999999978,23403.0,5.227803626760453,0.8756,0.8756,1.14,123882.74550890626,1.0,0.998184,0.998184,123496.50396360418,64561.547131316656,2605.0,35263.0,88.43560000000001,-2280.9380000000147,50946.480000000076,32658.0,9910619.6407125,9910619.6407125
2022-03-25,10.79208589422424,0.010960000000000001,0.010960000000000001,91.24,122029.48601340625,1.0,0.9999904000000001,0.9999904000000001,123883.93479468027,133696.60652186646,17534.0,73025.0,1.1069600000000002,-192.17264000000142,-1942.1849999999956,55491.0,5.999277443972563,0.8354,0.8354,1.2,122029.48601340625,1.0,1.00248,1.00248,123576.2763435742,74136.8367278125,5230.0,40493.0,84.37540000000001,-4369.142000000037,-141757.25999999986,35263.0,9762358.881072499,9762358.881072499
2022-03-26,11.61570689208394,0.011519999999999999,0.011519999999999999,86.81,123091.44530790624,1.0,1.0000512,1.0000512,122023.23842359897,141738.61715514006,4392.0,77417.0,1.1635199999999999,-50.59583999999989,4089.3999999999874,73025.0,3.783763269904588,0.8586,0.8586,1.16,123091.44530790624,1.0,0.995976,0.995976,122522.51662028629,46359.619812411365,-15171.0,25322.0,85.0014,-13025.820599999934,93943.75999999972,40493.0,9847315.624632498,9847315.624632498
2022-03-27,12.90273073557488,0.01184,0.01184,84.46,124364.07085990622,1.0,1.0000064,1.0000064,123090.65752769806,158820.56101447513,9331.0,86748.0,1.19584,-110.47904000000068,2477.3440000000023,77417.0,4.145793503067784,0.8987999999999999,0.8987999999999999,1.11,124364.07085990622,1.0,0.997668,0.997668,123379.16552190331,51150.45428346315,2616.0,27938.0,90.77879999999999,-2351.260799999985,101794.4399999999,25322.0,9949125.668792497,9949125.668792497
2022-03-28,13.907664969605555,0.0117,0.0117,85.47,124084.01086615623,1.0,0.999999,0.999999,124364.19522410145,172961.55613914222,7723.0,94471.0,1.1817,-90.35910000000034,-1214.4720000000011,86748.0,6.223577535493715,0.8958,0.8958,1.12,124084.01086615623,1.0,1.0032960000000002,1.0032960000000002,123955.51348745155,77144.67491410916,14198.0,42136.0,90.47579999999999,-12718.568399999916,-8381.399999999921,27938.0,9926720.869292498,9926720.869292498
2022-03-29,13.842509417019048,0.01191,0.01191,83.96,125736.82324603121,1.0,0.9999636,0.9999636,124088.52768856409,171769.66130729773,-651.0,93820.0,1.17909,-7.7534100000000565,1983.8910000000124,94471.0,6.689309246842993,0.9274,0.9274,1.08,125736.82324603121,1.0,1.001592,1.001592,123886.78310744917,82871.7003802292,3128.0,45264.0,93.6674,-2900.907200000018,133149.75999999986,42136.0,10058945.859682497,10058945.859682497
2022-03-30,14.193537463663812,0.011890000000000001,0.011890000000000001,84.1,127199.76524378122,1.0,0.9999490000000001,0.9999490000000001,125743.2361510749,178474.13331126075,3662.0,97482.0,1.20089,-43.54117999999984,-187.64000000000016,93820.0,8.33951972375808,0.9558,0.9558,1.05,127199.76524378122,1.0,1.00359,1.00359,125287.0427625138,104483.37642493058,11805.0,57069.0,96.5358,-11283.218999999957,128549.76000000015,45264.0,10175981.219502497,10175981.219502497
2022-03-31,14.027320199400704,0.01141,0.01141,87.64,128276.95268465621,1.0,0.9999724,0.9999724,127203.27605420032,178432.1083625028,-23.0,97459.0,1.12959,-0.26242999999999816,-4679.136000000004,97482.0,10.255052253084468,0.9741,0.9741,1.03,128276.95268465621,1.0,1.003323,1.003323,126778.48035356632,130011.99405924653,13943.0,71012.0,98.3841,-13581.876300000098,104436.2699999999,57069.0,10262156.214772496,10262156.214772496
2022-04-01,10.717389991594516,0.01165,0.01165,85.84,127649.67712278123,1.0,1.0000360000000001,1.0000360000000001,128272.3348806005,137474.4638047808,-22371.0,75088.0,1.15335,-260.6221499999986,2339.016000000002,97459.0,11.736161057205337,0.9683,0.9683,1.03,127649.67712278123,1.0,0.997349,0.997349,128617.9187873615,150948.06097310307,11436.0,82448.0,97.7983,-11073.478799999992,-41186.959999999875,71012.0,10211974.169822497,10211974.169822497
2022-04-02,10.458046178659288,0.011550000000000001,0.011550000000000001,86.58,127026.73329028122,1.0,0.9999990000000001,0.9999990000000001,127649.804772586,133496.7553008547,-2172.0,72916.0,1.14345,-25.08659999999989,-750.8800000000007,75088.0,11.652155177671474,0.9625,0.9625,1.04,127026.73329028122,1.0,1.0010000000000001,1.0010000000000001,127522.1549678134,148590.7938276031,-1288.0,81160.0,95.2875,-1239.7000000000073,-47819.83999999986,82448.0,10162138.663222497,10162138.663222497
2022-04-03,9.553452340300444,0.011859999999999999,0.011859999999999999,84.32,128817.59772653121,1.0,1.0000352,1.0000352,127022.26210665508,121350.11271930803,-6635.0,66281.0,1.17414,-78.69109999999988,2260.395999999994,72916.0,10.963713173636457,0.9805,0.9805,1.02,128817.59772653121,1.0,1.00011,1.00011,127012.7618864737,139253.14907146821,-5100.0,76060.0,97.06949999999999,-5000.550000000032,146087.99999999977,81160.0,10305407.818122497,10305407.818122497
2022-04-04,10.462456137196474,0.01212,0.01212,82.51,126984.38852503122,1.0,1.0000212000000002,1.0000212000000002,128814.86685135395,134771.98942510947,7331.0,73612.0,1.2241199999999999,-88.85171999999933,1723.3060000000016,66281.0,11.481516954231388,0.9616,0.9616,1.04,126984.38852503122,1.0,1.000064,1.000064,128809.35392787981,147892.67809865435,4719.0,80779.0,97.1216,-4537.79040000002,-143753.40000000005,76060.0,10158751.082002496,10158751.082002496
2022-04-05,11.852030109719776,0.01171,0.01171,85.4,121672.5511126562,1.0,1.000034,1.000034,126980.07120261031,150497.16272276983,8589.0,82201.0,1.1827100000000002,-100.57719000000094,-3018.0919999999946,73612.0,10.102874220934703,0.9106000000000001,0.9106000000000001,1.1,121672.5511126562,1.0,1.0016600000000002,1.0016600000000002,126773.94377835911,128078.12084846097,-10823.0,69956.0,90.1494,-9855.423800000024,-411972.89999999956,80779.0,9733804.089012496,9733804.089012496
2022-04-06,9.594348636064018,0.01052,0.01052,95.06,114111.3489286562,1.0,1.0000312,1.0000312,121668.75504749872,116733.24540415764,-18441.0,63760.0,1.04148,-193.99932000000157,-9781.919,82201.0,5.670373670249158,0.8294,0.8294,1.21,114111.3489286562,1.0,1.003574,1.003574,121239.2420615283,68747.18059866544,-32406.0,37550.0,82.11059999999999,-26877.53640000022,-568042.7200000003,69956.0,9128907.914292496,9128907.914292496
2022-04-07,1.7454055718077808,0.01089,0.01089,91.83,115826.6142164062,1.0,1.0000287,1.0000287,114108.07402693162,19916.486819486116,-52882.0,10878.0,1.07811,-575.8849800000035,2359.119999999995,63760.0,-0.876563586872547,0.8755,0.8755,1.14,115826.6142164062,1.0,0.9980699999999999,0.9980699999999999,114332.00970739147,-10021.927652345792,-43024.0,-5474.0,86.6745,-37667.512000000104,173105.49999999997,37550.0,9266129.137312496,9266129.137312496
2022-04-08,1.1612541010047122,0.01024,0.01024,97.66,116048.6630629062,1.0,1.0000384,1.0000384,115822.16664520703,13449.896600399787,-3532.0,7346.0,1.01376,-36.1676800000001,-707.0699999999994,10878.0,-0.3400989516033253,0.8366,0.8366,1.2,116048.6630629062,1.0,1.00392,1.00392,115374.34677704022,-3923.869438078987,3331.0,-2143.0,84.4966,-2786.714600000014,21293.860000000004,-5474.0,9283893.045032496,9283893.045032496
2022-04-09,-2.028621857258668,0.01045,0.01045,95.69,115895.7009222812,1.0,0.9999604999999999,0.9999604999999999,116053.24716616927,-23542.815380713353,-20205.0,-12859.0,1.0345499999999999,-211.1422500000014,154.2659999999993,7346.0,-2.2497981788627137,0.8455,0.8455,1.18,115895.7009222812,1.0,0.99769,0.99769,116317.3561556257,-26169.05760490524,-12150.0,-14293.0,83.7045,-10272.825000000015,-1907.2700000000011,-2143.0,9271656.073782496,9271656.073782496
2022-04-10,-2.11319850668406,0.01027,0.01027,97.37,116524.72480028121,1.0,0.9999899,0.9999899,115896.87148068316,-24491.309574233408,-518.0,-13377.0,1.01673,-5.31986,231.46200000000022,-12859.0,-2.347322050431599,0.8101,0.8101,1.23,116524.72480028121,1.0,0.9964230000000001,0.9964230000000001,116311.7480450383,-27302.11309103628,-619.0,-14912.0,80.1999,-501.45190000000343,50597.219999999885,-14293.0,9321977.984022496,9321977.984022496
2022-04-11,-2.8969309839102526,0.0092,0.0092,108.7,117671.95222528122,1.0,1.00004,1.00004,116520.0639977213,-33755.05836422044,-5060.0,-18437.0,0.9108,-46.55199999999993,1431.3389999999984,-13377.0,-4.212351894709692,0.7434999999999999,0.7434999999999999,1.34,117671.95222528122,1.0,0.99629,0.99629,116958.64135972579,-49267.09545343123,-11998.0,-26910.0,73.6065,-8920.512999999968,99313.92000000016,-14912.0,9413756.178022496,9413756.178022496
2022-04-12,-7.2487341974754,0.00955,0.00955,104.71,116771.43224715622,1.0,0.9999804999999999,0.9999804999999999,117674.24687309525,-85298.93374711683,-28153.0,-46590.0,0.9454499999999999,-268.86115000000166,-645.2949999999985,-18437.0,-7.932463768524589,0.7631,0.7631,1.31,116771.43224715622,1.0,0.999661,0.999661,117711.85654464985,-93374.50371661989,-24091.0,-51001.0,75.54690000000001,-18383.842099999863,-52743.60000000022,-26910.0,9341714.579772497,9341714.579772497
2022-04-13,-7.119014585161678,0.00974,0.00974,102.67,114279.00599840621,1.0,1.0000058,1.0000058,116770.75497677735,-83129.27078000185,1185.0,-45405.0,0.98374,-11.541899999999966,-885.2100000000008,-46590.0,-8.036656569257728,0.802,0.802,1.25,114279.00599840621,1.0,1.0025,1.0025,116480.23166798626,-93611.16190231839,-129.0,-51130.0,79.398,-103.45800000000087,-198393.89000000004,-51001.0,9142320.479872497,9142320.479872497
2022-04-14,-6.020358291212528,0.009330000000000001,0.009330000000000001,107.18,116308.17469615623,1.0,0.9999894000000003,0.9999894000000003,114280.21736871029,-68800.78541572849,7826.0,-37579.0,0.9423300000000001,-73.01658000000047,1861.6049999999966,-45405.0,-5.516404017916128,0.7681,0.7681,1.3,116308.17469615623,1.0,0.99853,0.99853,114447.24344627223,-63133.723358644136,16646.0,-34484.0,77.5781,-12785.792600000066,173330.70000000004,-51130.0,9304653.975692498,9304653.975692498
2022-04-15,-7.15848716573661,0.009559999999999999,0.009559999999999999,104.6,115978.36248515622,1.0,0.9999759999999999,0.9999759999999999,116310.96615934407,-83261.05584860897,-7898.0,-45477.0,0.94644,-75.5048800000001,-864.3169999999966,-37579.0,-6.247493239696184,0.7743000000000001,0.7743000000000001,1.29,115978.36248515622,1.0,0.9988470000000002,0.9988470000000002,116442.43282119905,-72747.33118642181,-5250.0,-39734.0,76.65570000000001,-4065.0749999999825,-21380.080000000158,-34484.0,9278268.998812497,9278268.998812497
2022-04-16,-6.290936064345323,0.00951,0.00951,105.15,115808.17164828122,1.0,0.9999764999999999,0.9999764999999999,115981.08804072518,-72962.96095374081,5625.0,-39852.0,0.96051,-53.493750000000105,227.3850000000002,-45477.0,-5.990548115272367,0.7774,0.7774,1.29,115808.17164828122,1.0,1.002846,1.002846,115649.2247913999,-69280.2245606831,1893.0,-37841.0,78.5174,-1471.6182000000001,-12317.539999999526,-39734.0,9264653.731862497,9264653.731862497
2022-04-17,-6.024623404868462,0.00914,0.00914,109.41,116895.5293012812,1.0,1.0000074,1.0000074,115807.31467415261,-69769.54584408668,1744.0,-38108.0,0.9231400000000001,-15.940160000000064,1474.523999999997,-39852.0,-5.5254494349364025,0.7542,0.7542,1.33,116895.5293012812,1.0,1.003086,1.003086,115451.88712461467,-63792.356447504346,2998.0,-34843.0,76.1742,-2261.091599999992,87791.11999999975,-37841.0,9351642.344102496,9351642.344102496
2022-04-18,-7.397146198908264,0.009370000000000002,0.009370000000000002,106.72,115814.43236240622,1.0,0.9999664000000001,0.9999664000000001,116899.45712304053,-86472.23749121389,-9123.0,-47231.0,0.9276300000000001,-85.4825099999999,-876.4840000000008,-38108.0,-6.490048134330029,0.7773000000000001,0.7773000000000001,1.29,115814.43236240622,1.0,1.002717,1.002717,116578.78474313409,-75660.19244246394,-6482.0,-41325.0,76.95270000000001,-5038.458599999979,-80487.33000000007,-34843.0,9265154.588992497,9265154.588992497
2022-04-19,-6.55787093410904,0.009519999999999999,0.009519999999999999,105.04,114402.97291690622,1.0,0.9999808,0.9999808,115816.65604220223,-75951.06823448621,5747.0,-41484.0,0.9615199999999999,-54.71143999999985,-708.4649999999954,-47231.0,-5.216917644421711,0.8028000000000001,0.8028000000000001,1.25,114402.97291690622,1.0,1.0035,1.0035,115410.49562770923,-60208.705099165105,8439.0,-32886.0,81.0828,-6774.829200000041,-105378.74999999988,-41325.0,9152237.833352497,9152237.833352497
2022-04-20,-5.326315705070349,0.009370000000000002,0.009370000000000002,106.72,115123.38900815621,1.0,0.9999664000000001,0.9999664000000001,114406.81698595693,-60936.682607941155,8200.0,-33284.0,0.94637,-76.83399999999992,622.2599999999959,-41484.0,-3.018145544127272,0.7820999999999999,0.7820999999999999,1.28,115123.38900815621,1.0,1.001088,1.001088,114278.63775902441,-34490.95613413341,14047.0,-18839.0,78.9921,-10986.158699999996,68074.02000000024,-32886.0,9209871.120652497,9209871.120652497
2022-04-21,-5.4835672150937445,0.0091,0.0091,109.89,115860.96285690622,1.0,0.9999990000000001,0.9999990000000001,115123.50413166033,-63128.74729430819,-1197.0,-34481.0,0.9009,-10.892699999999996,898.6680000000008,-33284.0,-3.4077317168918846,0.7502,0.7502,1.33,115860.96285690622,1.0,0.997766,0.997766,115381.15049836956,-39318.80060847699,-2637.0,-21476.0,74.26979999999999,-1978.2774000000175,60096.40999999996,-18839.0,9268877.028552497,9268877.028552497
2022-04-22,-6.740567638570179,0.00906,0.00906,110.38,116012.1046776562,1.0,1.0000428,1.0000428,115856.00421992561,-78093.52327788807,-8174.0,-42655.0,0.8969400000000001,-74.05643999999965,137.92400000000012,-34481.0,-5.361367815861644,0.7403000000000001,0.7403000000000001,1.35,116012.1046776562,1.0,0.9994050000000002,0.9994050000000002,115929.94117190348,-62154.30554937771,-12473.0,-33949.0,73.2897,-9233.76190000006,21261.23999999989,-21476.0,9280968.374212496,9280968.374212496
2022-04-23,-7.266641784474832,0.00886,0.00886,112.87,116459.64474465622,1.0,1.0000282,1.0000282,116008.83322855915,-84299.46349068201,-3389.0,-46044.0,0.87714,-30.02653999999993,853.1000000000007,-42655.0,-6.590689010850792,0.7283,0.7283,1.37,116459.64474465622,1.0,0.997771,0.997771,116271.27334594431,-76630.78035187437,-7907.0,-41856.0,72.1017,-5758.668100000034,40738.8000000001,-33949.0,9316771.579572497,9316771.579572497
2022-04-24,-8.328131116591315,0.00886,0.00886,112.87,117089.1915009062,1.0,1.0000282,1.0000282,116456.36067528518,-96986.38410648236,-6930.0,-52974.0,0.87714,-61.39979999999986,-0.0,-46044.0,-7.649420157100723,0.7151000000000001,0.7151000000000001,1.4,117089.1915009062,1.0,1.0011400000000001,1.0011400000000001,116327.03192825799,-88983.4342847716,-6747.0,-48603.0,70.7949,-4824.7797000000455,55249.919999999714,-41856.0,9367135.320072496,9367135.320072496
2022-04-25,-8.537929568430409,0.008974,0.008974,111.43,116183.6962434812,1.0,0.99997282,0.99997282,117092.37407163347,-99972.64428239135,-1631.0,-54605.0,0.8884259999999999,-14.636594000000061,-603.9035999999982,-52974.0,-8.709369669089458,0.7288,0.7288,1.37,116183.6962434812,1.0,0.9984560000000001,0.9984560000000001,117270.25677737045,-102135.00174631627,-7183.0,-55786.0,72.15119999999999,-5234.970400000048,-66586.10999999953,-48603.0,9294695.699478496,9294695.699478496
2022-04-26,-7.743410892784354,0.008258999999999999,0.008258999999999999,121.08,119098.07971605619,1.0,0.9999997199999998,0.9999997199999998,116183.72877492529,-89965.83509600595,5466.0,-49139.0,0.834159,-45.14369400000009,3904.2575000000006,-54605.0,-7.921565292618522,0.687,0.687,1.46,119098.07971605619,1.0,1.00302,1.00302,115833.87793212618,-91758.56271365413,5668.0,-50118.0,69.387,-3893.9159999999865,233185.47999999957,-55786.0,9527846.377284495,9527846.377284495
2022-04-27,-10.515955128852612,0.008401,0.008401,119.03,118235.6433076687,1.0,0.9999710300000001,0.9999710300000001,119101.53008738281,-125246.63461766069,-19271.0,-68410.0,0.831699,-161.89567099999985,-697.7737999999995,-49139.0,-9.894595976842556,0.6986,0.6986,1.43,118235.6433076687,1.0,0.9989979999999999,0.9989979999999999,119217.53568681439,-117960.93489758375,-14312.0,-64430.0,69.1614,-9998.363199999985,-58136.87999999983,-50118.0,9458851.464613495,9458851.464613495
2022-04-28,-10.699278987404718,0.008432,0.008432,118.6,120309.6010990687,1.0,1.0000352,1.0000352,118231.48155951781,-126499.16062994771,-684.0,-69094.0,0.834768,-5.767487999999997,-212.07099999999943,-68410.0,-9.679193499645187,0.6726000000000001,0.6726000000000001,1.49,120309.6010990687,1.0,1.0021740000000001,1.0021740000000001,117979.15662117425,-114194.30858612913,2057.0,-62373.0,67.93260000000001,-1383.5382000000056,167517.99999999962,-64430.0,9624768.087925496,9624768.087925496
2022-04-29,-10.359538689969828,0.008048,0.008048,124.25,123274.86080946872,1.0,0.999964,0.999964,120313.93240063514,-124639.6837646794,1016.0,-68078.0,0.812848,-8.176768000000056,2653.209599999999,-69094.0,-10.99503186183655,0.634,0.634,1.58,123274.86080946872,1.0,1.0017200000000002,1.0017200000000002,120103.02389796419,-132053.6574461033,-9754.0,-72127.0,62.766,-6184.036000000004,240759.7800000004,-62373.0,9861988.864757497,9861988.864757497
2022-04-30,-11.914203752370977,0.007556000000000001,0.007556000000000001,132.35,128975.37659896871,1.0,1.0000366,1.0000366,123270.34911469111,-146866.8055978333,-12140.0,-80218.0,0.748044,-91.72984000000008,3349.437599999994,-68078.0,-13.427463007892523,0.5698,0.5698,1.76,128975.37659896871,1.0,1.002848,1.002848,122924.77106148562,-165056.78161817556,-18027.0,-90154.0,56.410199999999996,-10271.784600000014,463055.34000000014,-72127.0,10318030.127917496,10318030.127917496
2022-05-01,-14.53328241866625,0.007895,0.007895,126.66,126748.5340617812,1.0,0.9999806999999998,0.9999806999999998,128977.86587178006,-187447.17504714348,-22165.0,-102383.0,0.781605,-174.99267499999968,-2719.3901999999944,-80218.0,-16.134821573531024,0.5877,0.5877,1.7,126748.5340617812,1.0,0.9990899999999999,0.9990899999999999,129092.85109346377,-208289.01188114475,-23613.0,-113767.0,58.182300000000005,-13877.360099999956,-161375.66000000056,-90154.0,10139882.724942496,10139882.724942496
2022-05-02,-13.116560904343888,0.007809000000000001,0.007809000000000001,128.06,124509.65953664371,1.0,1.0000205400000002,1.0000205400000002,126745.9307003646,-166247.0719409082,11579.0,-90804.0,0.788709,-90.42041099999948,880.4937999999939,-102383.0,-16.76858661977616,0.6034,0.6034,1.66,124509.65953664371,1.0,1.001644,1.001644,126540.50147735245,-212190.53599328976,-2131.0,-115898.0,59.7366,-1285.8454000000013,-178614.19000000003,-113767.0,9960772.762931496,9960772.762931496
2022-05-03,-12.888954008717931,0.007711,0.007711,129.68,125459.24930393121,1.0,0.9999624800000001,0.9999624800000001,124514.33131435461,-160485.94897369837,3147.0,-87657.0,0.778811,-24.266517000000075,889.8792000000028,-90804.0,-15.297235802034107,0.5963,0.5963,1.68,125459.24930393121,1.0,1.001784,1.001784,124287.92986975606,-190126.1770564337,12051.0,-103847.0,60.2263,-7186.011299999993,82287.5800000001,-115898.0,10036739.944314497,10036739.944314497
2022-05-04,-13.07033118752562,0.008985,0.008985,111.3,115384.19277880623,1.0,1.0000305,1.0000305,125455.42291353234,-163974.3926750958,-1906.0,-89563.0,0.889515,-17.125410000000038,-11167.501799999996,-87657.0,-14.879052786087954,0.6727,0.6727,1.49,115384.19277880623,1.0,1.0023229999999999,1.0023229999999999,125168.48291811245,-186238.84644931435,2124.0,-101723.0,67.9427,-1428.8148000000128,-793391.0799999994,-103847.0,9230735.422304498,9230735.422304498
2022-05-05,-3.924109314162545,0.007884,0.007884,126.84,125582.44942895621,1.0,1.00000656,1.00000656,115383.43586346696,-45277.72153719074,64832.0,-24731.0,0.796284,-511.1354880000001,9860.886299999998,-89563.0,-7.880609717897392,0.5904,0.5904,1.69,125582.44942895621,1.0,0.997776,0.997776,115641.37920616074,-91132.45767631277,51947.0,-49776.0,59.6304,-30669.508800000127,837180.2899999997,-101723.0,10046595.954316497,10046595.954316497
2022-05-06,-6.056309625585828,0.007832,0.007832,127.68,126737.98414705622,1.0,0.9999897600000001,0.9999897600000001,125583.73540640676,-76057.39855588452,-16811.0,-41542.0,0.775368,-131.66375200000104,128.60119999999955,-24731.0,-9.559551022938113,0.5700000000000001,0.5700000000000001,1.75,126737.98414705622,1.0,0.9975,0.9975,125897.19240998116,-120352.06344878717,-15960.0,-65736.0,56.43,-9097.200000000004,101543.03999999996,-49776.0,10139038.731764497,10139038.731764497
2022-05-07,-7.112334546811672,0.007604,0.007604,131.51,128272.26913245622,1.0,1.0000020399999998,1.0000020399999998,126737.72560209602,-90140.11041841257,-7692.0,-49234.0,0.7527959999999999,-58.489968000000424,947.1576000000017,-41542.0,-11.349868718780046,0.5504,0.5504,1.82,128272.26913245622,1.0,1.001728,1.001728,126519.35869523087,-143597.8111575113,-12697.0,-78433.0,54.489599999999996,-6988.428800000042,128842.56000000006,-65736.0,10261781.530596497,10261781.530596497
2022-05-08,-8.342849317066339,0.007403,0.007403,135.08,131565.0322092812,1.0,0.9999972400000001,0.9999972400000001,128272.62316489614,-107015.91665695615,-9218.0,-58452.0,0.7328969999999999,-68.24085400000044,989.6034000000003,-49234.0,-12.80043278942362,0.5162,0.5162,1.94,131565.0322092812,1.0,1.001428,1.001428,128089.35752990351,-163959.92121019823,-11122.0,-89555.0,51.1038,-5741.176399999975,268240.86000000016,-78433.0,10525202.576742496,10525202.576742496
2022-05-09,-9.526647612540469,0.006019,0.006019,166.14,143247.03531761872,1.0,0.9999966599999999,0.9999966599999999,131565.47163795648,-125337.78862724989,-10007.0,-68459.0,0.595881,-60.23213299999997,8089.756799999998,-58452.0,-14.719547889153352,0.41200000000000003,0.41200000000000003,2.43,143247.03531761872,1.0,1.00116,1.00116,131412.59360070436,-193433.3964743415,-16098.0,-105653.0,40.788000000000004,-6632.375999999985,933163.0999999995,-89555.0,11459762.825409496,11459762.825409496
2022-05-10,-13.448284750130318,0.006286000000000001,0.006286000000000001,159.08,138599.5901414937,1.0,0.9999768800000002,0.9999768800000002,143250.34726564746,-192647.14605834792,-36765.0,-105224.0,0.622314,-231.10479000000052,-1827.8553000000038,-68459.0,-17.100215424191642,0.4458,0.4458,2.24,138599.5901414937,1.0,0.998592,0.998592,143449.0115258471,-245300.89994793353,-28330.0,-133983.0,44.1342,-12629.513999999956,-357107.13999999955,-105653.0,11087967.211319497,11087967.211319497
2022-05-11,-14.040570516767058,0.005187000000000001,0.005187000000000001,192.79,161191.8022561312,1.0,1.0000017300000001,1.0000017300000001,138599.35036461757,-194601.3952372517,-1067.0,-106291.0,0.513513,-5.534529000000056,11564.1176,-105224.0,-17.329486701104507,0.31170000000000003,0.31170000000000003,3.21,161191.8022561312,1.0,1.0005570000000001,1.0005570000000001,138522.43314623125,-240052.26630122526,2867.0,-131116.0,31.481700000000004,-893.6439000000054,1796712.0299999996,-133983.0,12895344.180490496,12895344.180490496
2022-05-12,-16.524302945200315,0.004733,0.004733,211.28,162542.1349244437,1.0,0.9999882400000001,0.9999882400000001,161193.6978940184,-266361.3496857858,-39195.0,-145486.0,0.468567,-185.5099349999995,4825.611400000005,-106291.0,-17.922454775482848,0.3032,0.3032,3.3,162542.1349244437,1.0,1.0005600000000001,1.0005600000000001,161101.58536832492,-288733.5878022393,-26590.0,-157706.0,30.0168,-8062.08800000001,111448.60000000018,-131116.0,13003370.793955496,13003370.793955496
2022-05-13,-18.353466427810048,0.00529,0.00529,189.04,158670.7608298187,1.0,1.0000216,1.0000216,162538.62409016336,-298314.7180461251,-17453.0,-162939.0,0.52371,-92.3263700000003,-8103.570200000004,-145486.0,-18.941736847034544,0.3221,0.3221,3.1,158670.7608298187,1.0,0.99851,0.99851,162784.6841037583,-308342.46490210376,-10710.0,-168416.0,31.887900000000002,-3449.690999999989,-298064.3400000001,-157706.0,12693660.866385495,12693660.866385495
2022-05-14,-17.12635552626371,0.005372,0.005372,186.15,155028.5530040187,1.0,0.9999978,0.9999978,158671.10990626048,-271745.784000148,14512.0,-148427.0,0.542572,-77.95846400000063,-1336.0997999999975,-162939.0,-19.35330203510672,0.3393,0.3393,2.95,155028.5530040187,1.0,1.0009350000000001,1.0009350000000001,158522.5422528123,-306793.46395916434,846.0,-167570.0,34.2693,-287.04780000000125,-289675.5199999998,-168416.0,12402284.240321495,12402284.240321495
2022-05-15,-15.832357088037726,0.005981,0.005981,167.2,149323.1635261812,1.0,1.0000232,1.0000232,155024.95642502964,-245441.04676785576,14367.0,-134060.0,0.604081,-85.9290270000002,-9039.204299999994,-148427.0,-18.17044982666118,0.3657,0.3657,2.73,149323.1635261812,1.0,0.998361,0.998361,155283.06194254252,-282156.30859572894,13457.0,-154113.0,36.9357,-4921.224899999957,-442384.8000000001,-167570.0,11945853.082094494,11945853.082094494
2022-05-16,-12.185613030514348,0.005568999999999999,0.005568999999999999,179.57,157023.74009851867,1.0,1.00002533,1.00002533,149319.38126625374,-181954.81980664015,34677.0,-99383.0,0.562469,-193.1162130000016,5523.272000000002,-134060.0,-16.14869834720833,0.32560000000000006,0.32560000000000006,3.07,157023.74009851867,1.0,0.9995920000000001,0.9995920000000001,149384.1122439767,-241235.89664934907,22350.0,-131763.0,32.885600000000004,-7277.160000000033,617993.1299999997,-154113.0,12561899.207881493,12561899.207881493
2022-05-17,-12.186908911050606,0.005778,0.005778,173.07,153943.28787076866,1.0,0.99999846,0.99999846,157023.9819154508,-191363.69644540566,-5140.0,-104523.0,0.572022,-29.69891999999974,-2077.104700000003,-99383.0,-16.461329693582982,0.34390000000000004,0.34390000000000004,2.91,153943.28787076866,1.0,1.000749,1.000749,156906.2173417297,-258288.49746352,-9314.0,-141077.0,34.0461,-3203.08459999998,-241126.28999999978,-131763.0,12315463.029661493,12315463.029661493
2022-05-18,-11.098620974224222,0.005059,0.005059,197.67,162477.72074980618,1.0,1.00001253,1.00001253,153941.35898554057,-170853.6795637501,11203.0,-93320.0,0.510959,-56.6759770000004,7515.203699999996,-104523.0,-15.45463468821685,0.2958,0.2958,3.38,162477.72074980618,1.0,0.999804,0.999804,153973.46667023603,-237960.36790668307,11103.0,-129974.0,29.875799999999998,-3284.2673999999984,678580.3700000003,-141077.0,12998217.659984494,12998217.659984494
2022-05-19,-12.824796634765391,0.005334,0.005334,187.48,161065.01696570616,1.0,1.00001832,1.00001832,162474.74421249222,-208370.55528107382,-20492.0,-113812.0,0.528066,-109.30432799999897,-2566.299999999997,-93320.0,-16.51987077126429,0.3039,0.3039,3.29,161065.01696570616,1.0,0.999831,0.999831,162505.18412592346,-268456.4641420765,-16656.0,-146630.0,30.086100000000002,-5061.758399999979,-105278.9400000003,-129974.0,12885201.357256493,12885201.357256493
2022-05-20,-12.18966982245715,0.005162,0.005162,193.72,163991.39607288118,1.0,0.99998264,0.99998264,161067.8131029416,-196336.34607500955,6573.0,-107239.0,0.521362,-33.929826,1957.5663999999992,-113812.0,-16.28020456355604,0.28800000000000003,0.28800000000000003,3.47,163991.39607288118,1.0,0.9993600000000001,0.9993600000000001,161168.16459104442,-262385.0688675073,3316.0,-143314.0,29.088,-955.0080000000008,233141.69999999998,-146630.0,13119311.685830493,13119311.685830493
2022-05-21,-12.426639046243627,0.005286,0.005286,189.18,162005.00149728116,1.0,1.00000548,1.00000548,163990.49740495541,-203785.07182653333,-4068.0,-111307.0,0.523314,-21.503448000000052,-1329.7635999999964,-107239.0,-16.525151545523986,0.2989,0.2989,3.35,162005.00149728116,1.0,1.001315,1.001315,163776.03059265186,-270642.37250679446,-4510.0,-147824.0,29.5911,-1348.0389999999989,-156212.25999999998,-143314.0,12960400.119782493,12960400.119782493
2022-05-22,-11.749758596983025,0.005416,0.005416,184.64,158592.17112218117,1.0,1.00001024,1.00001024,162003.34258305313,-190350.01672552148,7338.0,-103969.0,0.547016,-39.74260799999983,-1446.9910000000013,-111307.0,-15.796770883147266,0.3171,0.3171,3.15,158592.17112218117,1.0,0.998865,0.998865,162189.08611001604,-256206.3833026966,7884.0,-139940.0,32.027100000000004,-2500.0164000000277,-269039.68000000005,-147824.0,12687373.689774493,12687373.689774493
2022-05-23,-10.714351835660247,0.005134,0.005134,194.78,163206.39022503118,1.0,1.00000052,1.00000052,158592.08865429508,-169921.14361943392,11158.0,-92811.0,0.5185339999999999,-57.28517199999969,2931.9258000000004,-103969.0,-14.331647381072784,0.29059999999999997,0.29059999999999997,3.44,163206.39022503118,1.0,0.9996639999999999,0.9996639999999999,158645.4760021179,-227365.10206647986,15754.0,-124186.0,29.3506,-4578.112400000021,370841.0000000003,-139940.0,13056511.218002493,13056511.218002493
2022-05-24,-11.304440545524503,0.0052190000000000005,0.0052190000000000005,191.61,163141.52121601868,1.0,1.00001259,1.00001259,163204.33548244744,-184493.3707233162,-7959.0,-100770.0,0.5166810000000001,-41.53802099999979,-788.8935000000058,-92811.0,-14.65964161261534,0.2908,0.2908,3.44,163141.52121601868,1.0,1.000352,1.000352,163148.96179048094,-239170.53093187246,-6449.0,-130635.0,28.789199999999997,-1875.3692000000053,-2483.719999999947,-124186.0,13051321.697281493,13051321.697281493
2022-05-25,-10.962262465677515,0.0051459999999999995,0.0051459999999999995,194.33,166132.22268301866,1.0,1.00002218,1.00002218,163137.9028173342,-178836.05087838086,3090.0,-97680.0,0.5197459999999999,-15.90113999999995,735.6210000000085,-100770.0,-14.444958819204397,0.2725,0.2725,3.67,166132.22268301866,1.0,1.000075,1.000075,163129.2865195297,-235639.58259808016,1929.0,-128706.0,27.5225,-525.6525000000016,239062.04999999978,-130635.0,13290577.814641492,13290577.814641492
2022-05-26,-10.989371290251734,0.004789,0.004789,208.81,172301.61805726867,1.0,0.99999109,0.99999109,166133.70293431182,-182570.49453695366,-2040.0,-99720.0,0.474111,-9.769559999999975,3487.1759999999954,-97680.0,-14.935144677524155,0.2343,0.2343,4.27,172301.61805726867,1.0,1.000461,1.000461,166055.67101867904,-248006.54711873265,-6755.0,-135461.0,23.1957,-1582.6965000000073,491656.92000000004,-128706.0,13784129.444581492,13784129.444581492
2022-05-27,-12.324453273345211,0.004566,0.004566,219.01,173711.36614324365,1.0,0.99999966,0.99999966,172301.67663983873,-212352.39626667285,-16267.0,-115987.0,0.452034,-74.27512200000024,2223.7559999999985,-99720.0,-16.52170401976187,0.2258,0.2258,4.43,173711.36614324365,1.0,1.000294,1.000294,172250.9762702452,-284587.9647052017,-19980.0,-155441.0,22.3542,-4511.483999999991,115141.8500000002,-135461.0,13896909.291459491,13896909.291459491
2022-05-28,-13.649843003592068,0.004646,0.004646,215.24,169441.70150001865,1.0,1.00000504,1.00000504,173710.4906423708,-237112.09253453105,-13523.0,-129510.0,0.45995400000000003,-62.82785799999978,-927.8960000000009,-115987.0,-17.12056394985247,0.24760000000000001,0.24760000000000001,4.04,169441.70150001865,1.0,1.000304,1.000304,173658.57393676686,-297313.27205246006,-6951.0,-162392.0,24.512400000000003,-1721.0675999999894,-338861.3800000005,-155441.0,13555336.120001491,13555336.120001491
2022-05-29,-13.5179154769447,0.00482,0.00482,207.47,166516.56983401865,1.0,1.0000053999999998,1.0000053999999998,169440.78651977147,-229048.62305213016,4404.0,-125106.0,0.48682,-21.22727999999996,-2253.473999999996,-129510.0,-15.72382788570968,0.2616,0.2616,3.82,166516.56983401865,1.0,0.999312,0.999312,169558.35765008192,-266610.6432273493,16770.0,-145622.0,26.4216,-4387.032000000023,-227348.79999999976,-162392.0,13321325.586721491,13321325.586721491
2022-05-30,-12.304748141261836,0.005698,0.005698,175.5,163494.82967759366,1.0,0.999999,0.999999,166516.736350755,-204894.650210094,13193.0,-111913.0,0.575498,-75.17371399999975,-10984.306799999998,-125106.0,-14.045405176132771,0.2771,0.2771,3.61,163494.82967759366,1.0,1.000331,1.000331,166461.4710870888,-233801.8807633273,17920.0,-127702.0,27.9871,-4965.632000000014,-225714.1000000001,-145622.0,13079586.374207491,13079586.374207491
2022-05-31,-6.434328003326641,0.006268,0.006268,159.54,165408.18393419366,1.0,0.99999672,0.99999672,163495.36594239395,-105198.28114972822,54454.0,-57459.0,0.6330680000000001,-341.3176720000028,-6379.041000000006,-111913.0,-12.21959501031744,0.26420000000000005,0.26420000000000005,3.79,165408.18393419366,1.0,1.0013180000000002,1.0013180000000002,163279.62712903757,-199521.09169524797,18724.0,-108978.0,26.6842,-4946.880799999979,164735.5799999999,-127702.0,13232654.714735491,13232654.714735491
2022-06-01,-1.8433020868819865,0.005516,0.005516,181.29,169191.55278944364,1.0,0.99999564,0.99999564,165408.90511701998,-30489.85799910674,40805.0,-16654.0,0.557116,-225.0803799999986,4320.916800000003,-57459.0,-12.066042926779218,0.2368,0.2368,4.22,169191.55278944364,1.0,0.999296,0.999296,165524.71333237967,-199722.82965113176,-110.0,-109088.0,23.4432,-26.047999999999867,298599.7200000002,-108978.0,13535324.223155491,13535324.223155491
2022-06-02,-3.619584911918578,0.0058709999999999995,0.0058709999999999995,170.33,167845.18645763115,1.0,1.00000743,1.00000743,169190.29570554657,-61239.864157883894,-16795.0,-33449.0,0.581229,-98.60344499999933,-591.2169999999996,-16654.0,-13.29180369848692,0.2463,0.2463,4.06,167845.18645763115,1.0,0.9999779999999999,0.9999779999999999,169195.27508549552,-224891.03831479014,-13747.0,-122835.0,24.383699999999997,-3385.886100000021,-103633.59999999992,-109088.0,13427614.91661049,13427614.91661049
2022-06-03,-2.6440664285782245,0.005600000000000001,0.005600000000000001,178.57,170345.37055138114,1.0,0.9999920000000001,0.9999920000000001,167846.52922986497,-44379.73730900597,9209.0,-24240.0,0.5656000000000001,-51.570400000000454,906.4678999999967,-33449.0,-12.901908973701618,0.23,0.23,4.35,170345.37055138114,1.0,1.0005,1.0005,167761.3058047288,-216444.10968019316,4614.0,-118221.0,23.23,-1061.220000000002,200221.04999999987,-122835.0,13627629.64411049,13627629.64411049
2022-06-04,-3.576364946102821,0.005665,0.005665,176.52,168000.69619963111,1.0,0.9999858,0.9999858,170347.7894899919,-60922.586297810965,-9036.0,-33276.0,0.560835,-51.18894000000028,-157.5599999999988,-24240.0,-13.475210542183932,0.2457,0.2457,4.07,168000.69619963111,1.0,0.9999990000000001,0.9999990000000001,170345.54089692203,-229544.20285082277,-7156.0,-125377.0,24.3243,-1758.2291999999954,-185606.97000000003,-118221.0,13440055.695970489,13440055.695970489
2022-06-05,-3.63401254621307,0.005674,0.005674,176.24,168575.4924164561,1.0,0.9999857600000001,0.9999857600000001,168003.08856361225,-61052.53316427125,-71.0,-33347.0,0.5617260000000001,-0.40285399999999694,-29.948400000000397,-33276.0,-12.376946963571353,0.24180000000000001,0.24180000000000001,4.14,168575.4924164561,1.0,1.001052,1.001052,167824.1451988819,-207715.05443332592,11923.0,-113454.0,24.4218,-2882.981400000016,48897.03000000007,-125377.0,13486039.393316489,13486039.393316489
2022-06-06,-3.630961079290306,0.006091,0.006091,164.18,165981.87341226861,1.0,1.00002038,1.00002038,168572.0569179361,-61207.85777249362,-85.0,-33432.0,0.603009,-0.5177349999999964,-1390.5698999999986,-33347.0,-12.017143031692312,0.25989999999999996,0.25989999999999996,3.85,165981.87341226861,1.0,1.0006149999999998,1.0006149999999998,168471.88220889767,-202455.07053227426,2873.0,-110581.0,26.2499,-746.6927000000052,-205351.73999999985,-113454.0,13278549.872981489,13278549.872981489
2022-06-07,-1.522429124203292,0.006141,0.006141,162.84,167849.49636439362,1.0,1.00000044,1.00000044,165981.80038027646,-25269.552698662992,19630.0,-13802.0,0.6202409999999999,-120.54782999999905,-167.16000000000014,-33432.0,-10.412130329329065,0.24600000000000002,0.24600000000000002,4.07,167849.49636439362,1.0,1.0012200000000002,1.0012200000000002,165779.6222730954,-172611.90330544126,16301.0,-94280.0,24.846,-4010.0459999999784,153707.58999999968,-110581.0,13427959.709151488,13427959.709151488
2022-06-08,-0.5893264425306024,0.0064080000000000005,0.0064080000000000005,156.05,167952.67449949362,1.0,0.9999684000000002,0.9999684000000002,167854.8005760918,-9892.12724851919,8399.0,-5403.0,0.647208,-53.82079199999974,-368.5134000000008,-13802.0,-10.61403215069434,0.245,0.245,4.08,167952.67449949362,1.0,0.9996,0.9996,167916.66302960546,-178227.286003354,-3067.0,-97347.0,24.255,-751.415000000003,9428.000000000135,-94280.0,13436213.959959488,13436213.959959488
2022-06-09,1.0447705554066269,0.006323,0.006323,158.15,168060.8806719811,1.0,0.99998245,0.99998245,167955.62212066184,17547.50886066694,14987.0,9584.0,0.6386229999999999,-94.76280099999951,45.92550000000034,-5403.0,-10.59532644373358,0.2441,0.2441,4.1,168060.8806719811,1.0,1.00081,1.00081,167816.74293771407,-177807.31741492022,229.0,-97118.0,24.6541,-55.8988999999999,8761.229999999987,-97347.0,13444870.453758487,13444870.453758487
2022-06-10,1.0754255587441537,0.005744,0.005744,174.09,170880.1420835811,1.0,0.99997296,0.99997296,168065.42516107747,18074.18537594255,288.0,9872.0,0.580144,-1.6542719999999917,-554.9135999999995,9584.0,-10.489790821949612,0.2208,0.2208,4.53,170880.1420835811,1.0,1.000224,1.000224,168023.24346544486,-176252.86771780284,849.0,-96269.0,22.3008,-187.45920000000046,226284.94000000018,-97118.0,13670411.366686488,13670411.366686488
2022-06-11,-2.0505960305519424,0.005540000000000001,0.005540000000000001,180.51,173462.7553243311,1.0,1.0000254000000002,1.0000254000000002,170875.8018382144,-35039.72409668227,-29011.0,-19139.0,0.5484600000000001,-160.7209399999997,-201.38879999999975,9872.0,-11.88469668981951,0.19899999999999998,0.19899999999999998,5.03,173462.7553243311,1.0,1.00097,1.00097,170714.54897107917,-202889.06350606153,-14549.0,-110818.0,19.700999999999997,-2895.2510000000234,209866.41999999998,-96269.0,13877020.425946487,13877020.425946487
2022-06-12,-4.263210720857697,0.004904,0.004904,203.92,177051.3441567311,1.0,1.00002368,1.00002368,173458.64782355065,-73949.07670268408,-21252.0,-40391.0,0.485496,-104.21980800000041,1217.2404000000008,-19139.0,-13.678271478017328,0.1729,0.1729,5.78,177051.3441567311,1.0,0.9993620000000001,0.9993620000000001,173573.49521427782,-237418.53889292333,-18860.0,-129678.0,17.1171,-3260.8939999999716,289234.9799999999,-110818.0,14164107.532538487,14164107.532538487
2022-06-13,-7.995618243452546,0.004644,0.004644,215.33,178929.1905659311,1.0,0.9999925199999999,0.9999925199999999,177052.66851069155,-141564.55463960415,-36931.0,-77322.0,0.459756,-171.50756399999932,1050.1660000000008,-40391.0,-15.772755471525494,0.1611,0.1611,6.21,178929.1905659311,1.0,1.0004309999999998,1.0004309999999998,176975.06790246515,-279138.4470582203,-22787.0,-152465.0,15.9489,-3670.985699999985,153020.03999999995,-129678.0,14314335.245274486,14314335.245274486
2022-06-14,-10.581611849813797,0.004831,0.004831,207.0,178041.65067191859,1.0,1.0000170000000002,1.0000170000000002,178926.1488214011,-189332.70566100845,-26091.0,-103413.0,0.47826899999999994,-126.04562100000078,-1445.9213999999995,-77322.0,-17.04480965489116,0.1655,0.1655,6.04,178041.65067191859,1.0,0.9996200000000001,0.9996200000000001,178997.20950554317,-305097.3364778658,-14179.0,-166644.0,16.3845,-2346.6245000000217,-67084.6000000002,-152465.0,14243332.053753486,14243332.053753486
2022-06-15,-10.311591581014447,0.005348,0.005348,186.99,174299.7289072686,1.0,1.0000225200000001,1.0000225200000001,178037.6412642373,-183585.14427639794,3139.0,-100274.0,0.5401480000000001,-16.78737200000006,-5346.452100000009,-103413.0,-16.740290100723445,0.18309999999999998,0.18309999999999998,5.46,174299.7289072686,1.0,0.9997259999999999,0.9997259999999999,178090.44745452114,-298128.5754556329,3807.0,-162837.0,18.4931,-697.0616999999985,-293293.43999999965,-166644.0,13943978.312581487,13943978.312581487
2022-06-16,-6.924322373775441,0.004762000000000001,0.004762000000000001,210.0,179455.3960554186,1.0,1.0000200000000001,1.0000200000000001,174296.24298240893,-120688.33749480949,34354.0,-65920.0,0.480962,-163.5937479999996,5876.056400000004,-100274.0,-14.696748055715547,0.15789999999999998,0.15789999999999998,6.33,179455.3960554186,1.0,0.9995069999999999,0.9995069999999999,174385.70105789017,-256290.27129671403,22852.0,-139985.0,15.947899999999999,-3608.3307999999934,410349.23999999993,-162837.0,14356431.684433486,14356431.684433486
2022-06-17,-8.400353526356533,0.0048720000000000005,0.0048720000000000005,205.25,179072.8396065186,1.0,0.9999780000000001,0.9999780000000001,179459.34416099012,-150752.1934560404,-16421.0,-82341.0,0.48232800000000003,-80.00311199999979,-725.1200000000007,-65920.0,-15.421918447769198,0.15990000000000001,0.15990000000000001,6.25,179072.8396065186,1.0,0.9993750000000001,0.9993750000000001,179567.62582155704,-276927.7281279587,-11272.0,-151257.0,15.8301,-1802.3928000000042,-27997.00000000015,-139985.0,14325827.168521486,14325827.168521486
2022-06-18,-8.293873616999502,0.004549,0.004549,219.83,181294.77993676858,1.0,1.00000667,1.00000667,179071.6451986451,-148519.75936657382,1220.0,-81121.0,0.45944900000000005,-5.54978000000003,2659.6142999999997,-82341.0,-15.211392247005536,0.14830000000000002,0.14830000000000002,6.74,181294.77993676858,1.0,0.9995420000000002,0.9995420000000002,179154.89254730524,-272519.5343507189,2407.0,-148850.0,14.9783,-356.9581000000018,175458.12000000002,-151257.0,14503582.394941486,14503582.394941486
2022-06-19,-9.671000024459808,0.004848,0.004848,206.27,178776.4566666186,1.0,0.99999696,0.99999696,181295.33107457505,-175330.7151256664,-14644.0,-95765.0,0.479952,-70.99411200000027,-2425.5178999999985,-81121.0,-15.660828834333962,0.1616,0.1616,6.19,178776.4566666186,1.0,1.000304,1.000304,181239.68307311434,-283836.3654596978,-6181.0,-155031.0,15.9984,-998.8495999999998,-197970.5,-148850.0,14302116.533329487,14302116.533329487
2022-06-20,-8.280107668668112,0.004915,0.004915,203.46,176911.93465436858,1.0,1.0000059000000001,1.0000059000000001,178775.4018917474,-148027.95761730813,14912.0,-80853.0,0.496415,-73.29248000000004,-641.6254999999984,-95765.0,-14.253997822176764,0.171,0.171,5.85,176911.93465436858,1.0,1.00035,1.00035,178713.90679923884,-254738.76383090517,15893.0,-139138.0,17.271,-2717.70299999999,-145729.1400000002,-155031.0,14152954.772349486,14152954.772349486
2022-06-21,-7.288458970859358,0.0048130000000000004,0.0048130000000000004,207.77,177232.80300530608,1.0,0.9999970100000002,0.9999970100000002,176912.4636226348,-128941.92325472223,10425.0,-70428.0,0.486113,-50.17552500000012,824.700599999999,-80853.0,-12.6094345763445,0.16899999999999998,0.16899999999999998,5.92,177232.80300530608,1.0,1.0004799999999998,1.0004799999999998,176827.0576666886,-222968.92149756063,17353.0,-121785.0,17.069,-2932.6570000000083,27827.600000000395,-139138.0,14178624.240424486,14178624.240424486
2022-06-22,-7.35471071518833,0.004594,0.004594,217.68,178472.50724658108,1.0,1.00002192,1.00002192,177228.91814742028,-130346.74233400673,-767.0,-71195.0,0.454806,-3.52359799999999,1542.373200000002,-70428.0,-11.942725686436797,0.16090000000000002,0.16090000000000002,6.22,178472.50724658108,1.0,1.000798,1.000798,177091.4840010732,-211495.50148288277,6267.0,-115518.0,16.2509,-1008.36030000001,98645.84999999985,-121785.0,14277800.579726486,14277800.579726486
2022-06-23,-8.447221994109627,0.0048,0.0048,208.33,175269.56793158108,1.0,0.999984,0.999984,178475.36285238672,-150762.10104933774,-11151.0,-82346.0,0.47519999999999996,-53.5248000000003,-1466.6170000000004,-71195.0,-12.178618005292252,0.1829,0.1829,5.47,175269.56793158108,1.0,1.000463,1.000463,178389.9127169931,-217254.26029776857,-3146.0,-118664.0,18.1071,-575.4034000000001,-254139.59999999992,-115518.0,14021565.434526486,14021565.434526486
2022-06-24,-7.437922413394292,0.004981,0.004981,200.76,171954.5614760811,1.0,0.9999855599999999,0.9999855599999999,175272.09886068865,-130366.02725585763,11140.0,-71206.0,0.503081,-55.48834000000015,-1490.4626000000005,-82346.0,-9.870484828380327,0.2047,0.2047,4.89,171954.5614760811,1.0,1.000983,1.000983,175097.44714104146,-172829.66954937758,24265.0,-94399.0,20.674699999999998,-4967.045499999976,-258687.51999999996,-118664.0,13756364.918086486,13756364.918086486
2022-06-25,-5.841986087328784,0.004984000000000001,0.004984000000000001,200.64,170824.1438934811,1.0,0.9999897600000001,0.9999897600000001,171956.32230882152,-100456.64425563594,16337.0,-54869.0,0.503384,-81.42360800000071,-21.3618000000016,-71206.0,-6.900365472653368,0.2136,0.2136,4.68,170824.1438934811,1.0,0.999648,0.999648,172015.11079508095,-118696.71313050203,29567.0,-64832.0,21.5736,-6315.511199999987,-84015.11000000006,-94399.0,13665931.511478486,13665931.511478486
2022-06-26,-5.174040081856163,0.004899,0.004899,204.12,172106.23066338108,1.0,0.9999838799999999,0.9999838799999999,170826.89762307078,-88386.52153609076,6592.0,-48277.0,0.494799,-32.29420799999991,466.3865000000004,-54869.0,-5.025242213488527,0.1973,0.1973,5.07,172106.23066338108,1.0,1.0003110000000002,1.0003110000000002,170771.03410187538,-85816.58094098329,17959.0,-46873.0,19.9273,-3543.3106999999727,105676.15999999993,-64832.0,13768498.453070486,13768498.453070486
2022-06-27,-5.395547875447459,0.004856,0.004856,205.93,172326.8620363311,1.0,0.9999960800000001,0.9999960800000001,172106.90532244992,-92861.10473623817,-2444.0,-50721.0,0.48074399999999995,-11.868064000000066,207.59110000000126,-48277.0,-5.96175178257165,0.1932,0.1932,5.18,172326.8620363311,1.0,1.000776,1.000776,171972.7797862669,-102525.90264445785,-9126.0,-55999.0,19.1268,-1763.1432000000084,19217.930000000008,-46873.0,13786148.962906485,13786148.962906485
2022-06-28,-5.694123934762303,0.004694,0.004694,213.04,173160.70029688108,1.0,1.00000976,1.00000976,172325.1801425729,-98124.093281205,-2874.0,-53595.0,0.46470599999999995,-13.49055600000009,821.6801999999996,-50721.0,-6.713175608189946,0.1812,0.1812,5.52,173160.70029688108,1.0,1.000224,1.000224,172288.26946397117,-115660.14081427878,-7174.0,-63173.0,17.9388,-1299.9288000000033,67198.79999999996,-55999.0,13852856.023750486,13852856.023750486
2022-06-29,-6.780641853727959,0.004662,0.004662,214.5,173391.70180273108,1.0,0.9999990000000001,0.9999990000000001,173160.87345775453,-117414.18659957412,-10536.0,-64131.0,0.461538,-49.118832,171.50399999999897,-53595.0,-8.157194366240748,0.1779,0.1779,5.62,173391.70180273108,1.0,0.9997980000000001,0.9997980000000001,173195.6858254178,-141279.0872672301,-13993.0,-77166.0,17.612099999999998,-2489.354700000015,20847.090000000117,-63173.0,13871336.144218486,13871336.144218486
2022-06-30,-7.319391639870719,0.004599,0.004599,217.44,174151.9670025811,1.0,1.0000065599999999,1.0000065599999999,173390.5643606289,-126911.3447213653,-5188.0,-69319.0,0.45530099999999996,-23.8596120000001,404.0253000000018,-64131.0,-8.957106512831942,0.1699,0.1699,5.89,174151.9670025811,1.0,1.000711,1.000711,173268.50789361875,-155198.4480522605,-7603.0,-84769.0,16.8201,-1291.7496999999878,61732.800000000054,-77166.0,13932157.360206487,13932157.360206487
2022-07-01,-7.850558319310032,0.004487,0.004487,222.87,175062.83634401858,1.0,1.00001769,1.00001769,174148.8863087823,-136716.59882099877,-5355.0,-74674.0,0.44421299999999997,-24.0278850000001,776.3727999999992,-69319.0,-9.970252050446884,0.1612,0.1612,6.2,175062.83634401858,1.0,0.9994400000000001,0.9994400000000001,174249.5467487604,-173731.19007612686,-10123.0,-94892.0,15.9588,-1631.8276000000092,73749.02999999978,-84769.0,14005026.907521486,14005026.907521486
2022-07-02,-8.70761056131721,0.0045590000000000006,0.0045590000000000006,219.35,174783.4748880936,1.0,1.00001665,1.00001665,175059.92159632398,-152435.36221555137,-8586.0,-83260.0,0.45134100000000005,-39.14357399999982,-537.6528000000029,-74674.0,-11.098706758853542,0.16329999999999997,0.16329999999999997,6.12,174783.4748880936,1.0,0.9993959999999998,0.9993959999999998,175168.63820149231,-194414.53487460734,-11297.0,-106189.0,16.1667,-1844.800099999995,-19927.319999999745,-94892.0,13982677.991047487,13982677.991047487
2022-07-03,-8.34548883201875,0.004561,0.004561,219.25,174357.5423014811,1.0,0.99999925,0.99999925,174783.60597579807,-145865.46316909886,3589.0,-79671.0,0.460661,-16.369428999999933,-16.651999999998168,-83260.0,-11.092062371627838,0.16649999999999998,0.16649999999999998,6.01,174357.5423014811,1.0,1.000665,1.000665,174667.3211195491,-193742.0820143187,367.0,-105822.0,16.816499999999998,-61.10549999999971,-33980.48000000003,-106189.0,13948603.384118486,13948603.384118486
2022-07-04,-8.069913645692772,0.0046949999999999995,0.0046949999999999995,212.99,172651.79007629358,1.0,0.9999880499999999,0.9999880499999999,174359.6258990106,-140706.71243003124,2817.0,-76854.0,0.474195,-13.225815000000013,-1067.5913999999975,-79671.0,-10.53371066006629,0.17920000000000003,0.17920000000000003,5.58,172651.79007629358,1.0,0.9999360000000002,0.9999360000000002,174368.70189840256,-183674.94539691243,5499.0,-100323.0,18.099200000000003,-985.4208000000087,-134393.94000000032,-105822.0,13812143.206103485,13812143.206103485
2022-07-05,-6.754164269801108,0.004571,0.004571,218.77,172482.62456590607,1.0,0.9999976700000002,0.9999976700000002,172652.19235590173,-116612.12687130594,13161.0,-63693.0,0.461671,-60.15893099999989,952.9895999999974,-76854.0,-8.650126229305844,0.18030000000000002,0.18030000000000002,5.55,172482.62456590607,1.0,1.0006650000000001,1.0006650000000001,172537.05293609106,-149246.72871296122,18805.0,-81518.0,18.2103,-3390.5414999999816,-11035.529999999942,-100323.0,13798609.965272484,13798609.965272484
2022-07-06,-7.144791423022689,0.004623,0.004623,216.31,171296.45074698108,1.0,1.00000113,1.00000113,172482.42966076054,-123235.09840623161,-3618.0,-67311.0,0.457677,-16.726013999999957,-331.20359999999886,-63693.0,-7.763587142791907,0.1917,0.1917,5.22,171296.45074698108,1.0,1.000674,1.000674,172366.44957888988,-133818.1951799359,8427.0,-73091.0,19.361700000000003,-1615.4559000000074,-92930.52000000005,-81518.0,13703716.059758484,13703716.059758484
2022-07-07,-6.764948303440893,0.004776000000000001,0.004776000000000001,209.38,170317.55015833105,1.0,0.9999988800000001,0.9999988800000001,171296.64259922077,-115881.29317367196,4017.0,-63294.0,0.482376,-19.18519200000001,-1029.8583000000024,-67311.0,-5.995025913571431,0.2018,0.2018,4.96,170317.55015833105,1.0,1.000928,1.000928,171137.63502168094,-102597.45567423069,17052.0,-56039.0,20.3818,-3441.093599999977,-73821.90999999986,-73091.0,13625404.012666484,13625404.012666484
2022-07-08,-5.212128453695239,0.004661,0.004661,214.55,170605.11177473108,1.0,1.0000175500000001,1.0000175500000001,170314.56113778305,-88770.13701848564,14808.0,-48486.0,0.47076100000000004,-69.02008800000038,727.8810000000007,-63294.0,-4.152330431984861,0.1972,0.1972,5.07,170605.11177473108,1.0,0.999804,0.999804,170350.93894236375,-70735.33878875719,17403.0,-38636.0,19.917199999999998,-3431.8715999999777,25777.940000000046,-56039.0,13648408.941978484,13648408.941978484
2022-07-09,-5.569571451644996,0.0047799999999999995,0.0047799999999999995,209.21,170515.53444523108,1.0,1.0000238,1.0000238,170601.05146970612,-95017.47458862937,-3412.0,-51898.0,0.47322,-16.309360000000023,-576.9833999999984,-48486.0,-4.145507093564756,0.19890000000000002,0.19890000000000002,5.03,170515.53444523108,1.0,1.0004670000000002,1.0004670000000002,170525.47637726285,-70691.45719554524,24.0,-38612.0,20.088900000000002,-4.7736000000000445,-6568.120000000066,-38636.0,13641242.755618485,13641242.755618485
2022-07-10,-4.587040399666106,0.004624,0.004624,216.26,170874.3356024311,1.0,0.9999862399999999,0.9999862399999999,170517.88077127052,-78217.24079632663,9176.0,-42722.0,0.467024,-42.42982400000015,809.6088000000001,-51898.0,-4.00634469655439,0.1916,0.1916,5.22,170874.3356024311,1.0,1.000152,1.000152,170489.6200229876,-68304.01849966694,1304.0,-37308.0,19.3516,-249.84640000000144,28186.760000000017,-38612.0,13669946.848194486,13669946.848194486
2022-07-11,-5.546624206357665,0.004347,0.004347,230.04,171712.15946415608,1.0,0.99998388,0.99998388,170877.09014112415,-94779.10044887199,-9046.0,-51768.0,0.430353,-39.322961999999904,1183.3994,-42722.0,-5.01044320677032,0.17350000000000002,0.17350000000000002,5.76,171712.15946415608,1.0,0.99936,0.99936,170983.76521216688,-85670.44448753129,-9485.0,-46793.0,17.1765,-1645.6475000000062,67527.47999999995,-37308.0,13736972.757132486,13736972.757132486
2022-07-12,-8.103119482876288,0.004171,0.004171,239.75,172018.77838253108,1.0,0.9999972500000001,0.9999972500000001,171712.63167389316,-139140.79711726838,-24230.0,-75998.0,0.41292900000000005,-101.06332999999952,911.1167999999974,-51768.0,-7.761971699371253,0.1675,0.1675,5.97,172018.77838253108,1.0,0.9999750000000001,0.9999750000000001,171716.45237546545,-133285.82436547946,-26008.0,-72801.0,16.5825,-4356.340000000011,28075.800000000065,-46793.0,13761502.270602485,13761502.270602485
2022-07-13,-10.437241021204825,0.004383000000000001,0.004383000000000001,228.15,170066.57196948107,1.0,0.9999814500000002,0.9999814500000002,172021.96939006323,-179543.47554664087,-22068.0,-98066.0,0.433917,-96.72404400000057,-1611.1575999999998,-75998.0,-9.466957674291551,0.1883,0.1883,5.31,170066.57196948107,1.0,0.9998729999999999,0.9998729999999999,172040.62754222896,-162870.1339200839,-16158.0,-88959.0,18.641699999999997,-3042.551400000027,-151426.07999999987,-72801.0,13605325.757558485,13605325.757558485
2022-07-14,-9.034105487456326,0.004416,0.004416,226.45,168969.5227623811,1.0,1.0000031999999999,1.0000031999999999,170066.02775819227,-153639.44346001846,14148.0,-83918.0,0.446016,-62.47756800000044,-323.61779999999703,-98066.0,-7.044659742277995,0.19760000000000003,0.19760000000000003,5.06,168969.5227623811,1.0,0.9998560000000001,0.9998560000000001,170091.065082853,-119823.36787103608,23512.0,-65447.0,19.957600000000003,-4645.971200000031,-82731.87000000029,-88959.0,13517561.820990486,13517561.820990486
2022-07-15,-8.14544024027382,0.0044210000000000005,0.0044210000000000005,226.19,169256.67834510608,1.0,0.9999859900000001,0.9999859900000001,168971.8900585608,-137635.04327581247,8742.0,-75176.0,0.446521,-38.64838200000007,-41.95900000000004,-83918.0,-4.976604817452037,0.1935,0.1935,5.17,169256.67834510608,1.0,1.000395,1.000395,168902.80615395028,-84056.25187869165,19536.0,-45911.0,19.5435,-3780.2160000000044,26833.270000000008,-65447.0,13540534.267608486,13540534.267608486
2022-07-16,-7.639850700999604,0.004578,0.004578,218.44,168147.8439573311,1.0,1.00001832,1.00001832,169253.5776195641,-129307.20636235178,4549.0,-70627.0,0.462378,-20.82532200000012,-1180.2631999999994,-75176.0,-4.8304698825014105,0.2125,0.2125,4.71,168147.8439573311,1.0,1.000875,1.000875,169108.70822540886,-81687.45219515561,1293.0,-44618.0,21.4625,-274.76249999999817,-87230.89999999994,-45911.0,13451827.516586486,13451827.516586486
2022-07-17,-5.729004832591472,0.004478,0.004478,223.31,168433.55007758108,1.0,0.99998218,0.99998218,168150.8404053071,-96333.69772863216,18010.0,-52617.0,0.45227799999999996,-80.64877999999968,706.2700000000007,-70627.0,-1.9920923422936725,0.20629999999999998,0.20629999999999998,4.85,168433.55007758108,1.0,1.0005549999999999,1.0005549999999999,168054.57366894485,-33478.02292933329,26332.0,-18286.0,20.836299999999998,-5432.291599999969,27663.160000000044,-44618.0,13474684.006206486,13474684.006206486
2022-07-18,-5.951394698630163,0.004904,0.004904,203.92,167645.4151034311,1.0,1.00002368,1.00002368,168429.56166556085,-100239.08003890209,-2133.0,-54750.0,0.485496,-10.460232000000042,-2241.4842000000012,-52617.0,-1.9492993430162115,0.2395,0.2395,4.18,167645.4151034311,1.0,1.00111,1.00111,168246.7961338725,-32796.336916834014,373.0,-17913.0,24.1895,-89.33349999999984,-60709.520000000004,-18286.0,13411633.208274486,13411633.208274486
2022-07-19,-1.5116601842794235,0.005152,0.005152,194.1,167326.69005323108,1.0,1.0000032,1.0000032,167644.87863981942,-25342.208813817102,40908.0,-13842.0,0.520352,-210.75801600000185,-1357.7999999999993,-54750.0,2.5247700345667723,0.2472,0.2472,4.05,167326.69005323108,1.0,1.00116,1.00116,167451.1717442078,42277.570067287,41005.0,23092.0,24.9672,-10136.435999999976,-13793.009999999993,-17913.0,13386135.204258485,13386135.204258485
2022-07-20,2.1699461989716267,0.00491,0.00491,203.67,166938.74839898106,1.0,1.0000197,1.0000197,167323.39378237358,36308.276233709425,33674.0,19832.0,0.49591,-165.33934000000085,334.9764,-13842.0,4.898343803223867,0.2359,0.2359,4.24,166938.74839898106,1.0,1.000216,1.000216,167290.55529328773,81944.66548587555,21666.0,44758.0,23.8259,-5111.009400000019,-26093.959999999977,23092.0,13355099.871918485,13355099.871918485
2022-07-21,1.053486087811304,0.004993,0.004993,200.28,167696.06556500608,1.0,0.99999804,0.99999804,166939.07559956922,17586.799365622566,-10226.0,9606.0,0.494307,-51.05841800000026,164.60560000000058,19832.0,3.9463006780561902,0.24989999999999998,0.24989999999999998,4.0,167696.06556500608,1.0,0.9995999999999999,0.9995999999999999,167005.55061922877,65905.41176478099,-8761.0,35997.0,24.740099999999998,-2189.373900000002,62661.19999999994,44758.0,13415685.245200485,13415685.245200485
2022-07-22,1.3450399230602004,0.004828,0.004828,207.13,167046.74511510608,1.0,1.00002364,1.00002364,167692.10132373078,22555.257106227415,2714.0,12320.0,0.487628,-13.103191999999996,-158.49900000000014,9606.0,5.229715169950465,0.23629999999999998,0.23629999999999998,4.23,167046.74511510608,1.0,0.999549,0.999549,167771.73061551366,87739.83646887945,11926.0,47923.0,23.8663,-2818.1137999999996,-48955.91999999998,35997.0,13363739.609208485,13363739.609208485
2022-07-23,-0.2728423830015783,0.00517,0.00517,193.42,166986.13745848107,1.0,0.9999813999999999,0.9999813999999999,167049.8522423578,-4557.827976586645,-14809.0,-2489.0,0.51183,-76.56253000000012,421.3440000000001,12320.0,3.5104822276221594,0.23600000000000002,0.23600000000000002,4.24,166986.13745848107,1.0,1.0006400000000002,1.0006400000000002,166939.9035768169,58603.95645873727,-15914.0,32009.0,23.364,-3755.70400000001,-1437.6899999998843,47923.0,13358890.996678485,13358890.996678485
2022-07-24,2.285390032385173,0.00512,0.00512,195.31,167038.24133623106,1.0,0.9999872000000001,0.9999872000000001,166988.27490839988,38163.333900085214,23334.0,20845.0,0.51712,-119.47008000000031,12.445000000000011,-2489.0,2.6747251299825745,0.2379,0.2379,4.2,167038.24133623106,1.0,0.9991800000000001,0.9991800000000001,167123.1784648222,44700.856524242256,-7593.0,24416.0,23.5521,-1806.3746999999983,6081.709999999927,32009.0,13363059.306898484,13363059.306898484
2022-07-25,2.5899785201772128,0.004752,0.004752,210.44,166147.38812223106,1.0,1.00001088,1.00001088,167036.42397993815,43262.07501952537,2785.0,23630.0,0.479952,-13.23431999999994,-767.096,20845.0,2.459116431498737,0.20920000000000002,0.20920000000000002,4.78,166147.38812223106,1.0,0.9999760000000002,0.9999760000000002,167042.25035023942,41077.63425907995,-1979.0,22437.0,20.710800000000003,-414.00679999999835,-70073.91999999994,24416.0,13291791.049778484,13291791.049778484
2022-07-26,-0.9783890501902748,0.004677,0.004677,213.81,165982.81328731857,1.0,0.99998937,0.99998937,166149.15428774114,-16255.851325350048,-32509.0,-8879.0,0.463023,-152.04459299999957,-177.22500000000016,23630.0,-1.851201825567572,0.2071,0.2071,4.83,165982.81328731857,1.0,1.000293,1.000293,166098.72119692035,-30748.225590417813,-39232.0,-16795.0,20.5029,-8124.94720000002,-4711.7700000000195,22437.0,13278625.062985484,13278625.062985484
2022-07-27,-2.9691940753298645,0.005111,0.005111,195.66,165366.03975820605,1.0,1.00001826,1.00001826,165979.78249649017,-49282.61868131182,-18039.0,-26918.0,0.505989,-92.19732899999958,-385.3486,-8879.0,-3.673872612319661,0.2339,0.2339,4.28,165366.03975820605,1.0,1.001092,1.001092,165801.75776783607,-60913.45369377115,-16476.0,-33271.0,23.156100000000002,-3853.7363999999743,-45010.6,-16795.0,13229283.180656483,13229283.180656483
2022-07-28,0.457262134615881,0.00513,0.00513,194.93,164939.05460270605,1.0,0.9999909,0.9999909,165367.54460286195,7561.6316441291565,31048.0,4130.0,0.51813,-159.276239999999,-51.144200000000346,-26918.0,-0.4813064769799873,0.242,0.242,4.13,164939.05460270605,1.0,0.9994599999999999,0.9994599999999999,165455.38566646597,-7963.474877249182,28921.0,-4350.0,24.442,-6998.882000000025,-26949.50999999996,-33271.0,13195124.368216483,13195124.368216483
2022-07-29,1.7224093480556837,0.005218,0.005218,191.64,164864.95613563104,1.0,0.99997752,0.99997752,164942.7625160074,28409.895605169975,11387.0,15517.0,0.5270180000000001,-59.417366000000634,36.34400000000012,4130.0,1.6203677442423827,0.24489999999999998,0.24489999999999998,4.08,164864.95613563104,1.0,0.999192,0.999192,165072.43312867402,26747.804610531108,18960.0,14610.0,24.7349,-4643.304000000024,-1261.4999999999964,-4350.0,13189196.490850482,13189196.490850482
2022-07-30,2.9156069258177384,0.005263,0.005263,190.01,164788.19459899352,1.0,1.00002263,1.00002263,164861.22532610194,48067.05303595815,10737.0,26254.0,0.531563,-56.50883100000019,69.8264999999992,15517.0,2.703963072572896,0.24230000000000002,0.24230000000000002,4.13,164788.19459899352,1.0,1.000699,1.000699,164749.79602820732,44547.73646741894,9722.0,24332.0,24.4723,-2355.6406000000015,-3798.599999999971,14610.0,13183055.567919482,13183055.567919482
2022-07-31,3.667903724423732,0.005161,0.005161,193.76,164627.03527949355,1.0,0.9999953599999999,0.9999953599999999,164788.9592197643,60443.0037266084,6760.0,33014.0,0.521261,-34.88835999999981,-267.79079999999965,26254.0,2.6212652056662225,0.2372,0.2372,4.22,164627.03527949355,1.0,1.0009839999999999,1.0009839999999999,164626.20241581637,43152.89363335441,-762.0,23570.0,23.482799999999997,-180.74640000000107,-12409.320000000038,24332.0,13170162.822359482,13170162.822359482
2022-08-01,2.787776151446425,0.005124,0.005124,195.16,164557.22089539352,1.0,0.99999984,0.99999984,164627.06161982342,45894.33962664448,-7947.0,25067.0,0.507276,-40.72042800000014,-122.1518000000012,33014.0,1.7299466874176015,0.23570000000000002,0.23570000000000002,4.24,164557.22089539352,1.0,0.9993680000000001,0.9993680000000001,164731.14536336318,28497.609923585747,-8005.0,15565.0,23.3343,-1886.7785000000108,-3535.4999999999663,23570.0,13164577.671631481,13164577.671631481
2022-08-02,1.981646820191477,0.004963,0.004963,201.49,164395.02621129353,1.0,0.9999948700000001,0.9999948700000001,164558.06507826736,32609.596639921063,-7256.0,17811.0,0.491337,-36.01152799999996,-403.57869999999866,25067.0,1.085479886704968,0.2285,0.2285,4.38,164395.02621129353,1.0,1.00083,1.00083,164420.75167150615,17847.54188963322,-5817.0,9748.0,22.6215,-1329.1845000000021,-11206.799999999983,15565.0,13151602.09690348,13151602.09690348
2022-08-03,-0.0783778239400904,0.005005,0.005005,199.8,164381.19412410603,1.0,0.9999990000000001,0.9999990000000001,164395.19060648413,-1288.4937305952615,-18515.0,-704.0,0.49549499999999996,-92.66757499999966,74.80619999999868,17811.0,-0.335902095557871,0.2304,0.2304,4.34,164381.19412410603,1.0,0.9999359999999999,0.9999359999999999,164405.5481663762,-5522.416815042625,-12764.0,-3016.0,22.8096,-2940.8255999999938,1852.1199999999778,9748.0,13150495.529928481,13150495.529928481
2022-08-04,-0.4258616663403501,0.004997,0.004997,200.12,164362.03940110604,1.0,0.99999964,0.99999964,164381.2533013572,-7000.367444603116,-3120.0,-3824.0,0.49470299999999995,-15.590640000000091,0.563199999999977,-704.0,-0.5990683125409926,0.2336,0.2336,4.28,164362.03940110604,1.0,0.999808,0.999808,164412.7613742899,-9849.447551670073,-2364.0,-5380.0,23.1264,-552.230399999998,-965.1200000000008,-3016.0,13148963.152088482,13148963.152088482
2022-08-05,-0.6721823099791052,0.005174,0.005174,193.27,164243.32573218105,1.0,0.99997898,0.99997898,164365.49436379757,-11048.357768231504,-2211.0,-6035.0,0.512226,-11.439714000000027,-67.68479999999998,-3824.0,-0.213762658236162,0.2495,0.2495,4.01,164243.32573218105,1.0,1.000495,1.000495,164280.72044448604,-3511.708349916514,3462.0,-1918.0,25.1995,-863.769000000004,-8554.199999999999,-5380.0,13139466.058574483,13139466.058574483
2022-08-06,1.1572525954198445,0.005112,0.005112,195.62,164123.81136463105,1.0,1.0000094400000001,1.0000094400000001,164241.77528982228,19006.922073050973,16417.0,10382.0,0.516312,-83.92370400000009,37.4169999999999,-6035.0,2.423229030020522,0.2663,0.2663,3.76,164123.81136463105,1.0,1.001288,1.001288,164032.05244862722,39748.72313473623,23629.0,21711.0,26.8963,-6292.402700000026,-3222.2399999999993,-1918.0,13129904.909170482,13129904.909170482
2022-08-07,1.0728416297748582,0.0052759999999999994,0.0052759999999999994,189.54,164365.14166038105,1.0,1.0000130399999998,1.0000130399999998,164121.6712180384,17607.656123093373,-765.0,9617.0,0.5223239999999999,-4.036140000000045,170.2647999999997,10382.0,5.7867450531312095,0.27899999999999997,0.27899999999999997,3.58,164365.14166038105,1.0,0.9988199999999999,0.9988199999999999,164317.70625801553,95086.46738304386,30225.0,51936.0,28.179,-8432.774999999998,27572.96999999999,21711.0,13149211.332830483,13149211.332830483
2022-08-08,2.8195330985296523,0.005371,0.005371,186.19,164279.65733231854,1.0,1.00002649,1.00002649,164360.78774311373,46342.068114211594,15695.0,25312.0,0.542471,-84.29784500000024,91.36150000000062,9617.0,8.71737254160055,0.2791,0.2791,3.58,164279.65733231854,1.0,0.9991780000000001,0.9991780000000001,164500.36095708775,143401.09296906958,26389.0,78325.0,28.1891,-7365.169899999992,519.3600000000812,51936.0,13142372.586585483,13142372.586585483
2022-08-09,4.440294702839732,0.005129000000000001,0.005129000000000001,194.97,163764.49437519355,1.0,1.0000011300000002,1.0000011300000002,164279.47169651548,72944.92679593473,14530.0,39842.0,0.5180290000000001,-74.52437000000073,-612.5504,25312.0,9.609554846551134,0.2742,0.2742,3.65,163764.49437519355,1.0,1.0008299999999999,1.0008299999999999,164143.4182951336,157734.51808074713,7829.0,86154.0,27.694200000000002,-2146.7118000000037,-38379.249999999876,78325.0,13101159.550015483,13101159.550015483
2022-08-10,1.9705494787714064,0.005374,0.005374,186.08,165643.54176789356,1.0,0.9999939200000001,0.9999939200000001,163765.49006937316,32270.800109694723,-22216.0,17626.0,0.532026,-119.38878399999977,976.1289999999987,39842.0,8.810372796077312,0.2918,0.2918,3.43,165643.54176789356,1.0,1.000874,1.000874,163621.4891936383,144156.63172452888,-7416.0,78738.0,28.8882,-2163.9887999999887,151631.03999999983,86154.0,13251483.341431484,13251483.341431484
2022-08-11,3.746200507068891,0.005303,0.005303,188.57,164936.82126159355,1.0,0.9999867100000001,0.9999867100000001,165645.7431998207,62054.21671689715,16268.0,33894.0,0.535603,-86.26920400000094,-125.14459999999991,17626.0,10.711616833930846,0.2853,0.2853,3.51,164936.82126159355,1.0,1.001403,1.001403,165411.46947621842,177182.42809666996,18039.0,96777.0,28.8153,-5146.52669999999,-51179.69999999989,78738.0,13194945.700927483,13194945.700927483
2022-08-12,3.476207563837828,0.0054020000000000006,0.0054020000000000006,185.12,165899.11811714355,1.0,1.0000182400000002,1.0000182400000002,164933.81286884678,57334.41678272981,-2578.0,31316.0,0.534798,-13.926356000000046,335.55060000000066,33894.0,10.094029820400428,0.2934,0.2934,3.41,165899.11811714355,1.0,1.000494,1.000494,164855.38270253848,166405.5149052948,-5887.0,90890.0,29.046599999999998,-1727.245800000011,78389.36999999988,96777.0,13271929.449371483,13271929.449371483
2022-08-13,4.402600874943372,0.005593,0.005593,178.79,165674.20970780606,1.0,0.9999724699999999,0.9999724699999999,165903.6854456039,73040.77106991455,8579.0,39895.0,0.564893,-47.98234699999965,598.1356000000002,31316.0,10.85850563390104,0.2916,0.2916,3.43,165674.20970780606,1.0,1.000188,1.000188,165867.9349453738,180107.79060878724,7485.0,98375.0,29.4516,-2182.6259999999925,-16360.199999999973,90890.0,13253936.776624484,13253936.776624484
2022-08-14,6.714348449939555,0.005695,0.005695,175.59,164462.26246311856,1.0,0.99998505,0.99998505,165676.68657427034,111241.10036910736,20865.0,60760.0,0.575195,-118.82617500000012,406.92899999999946,39895.0,10.547394121164189,0.2818,0.2818,3.55,164462.26246311856,1.0,1.00039,1.00039,165609.62195524352,174674.99530189592,-2968.0,95407.0,27.8982,-836.3824000000014,-96407.50000000004,98375.0,13156980.997049484,13156980.997049484
2022-08-15,8.568444599658353,0.005499,0.005499,181.85,164014.04966324358,1.0,0.99999315,0.99999315,164463.38903733346,140919.54376384505,16210.0,76970.0,0.5553990000000001,-89.13879000000051,-1190.895999999997,60760.0,8.250622781666126,0.2788,0.2788,3.59,164014.04966324358,1.0,1.000892,1.000892,164315.69286508294,135570.67989379072,-21359.0,74048.0,27.6012,-5954.889200000008,-28622.100000000068,95407.0,13121123.973059485,13121123.973059485
2022-08-16,6.445675029455289,0.00557,0.00557,179.53,163249.81039049357,1.0,0.9999821000000001,0.9999821000000001,164016.9855672852,105720.01882775789,-19226.0,57744.0,0.5514300000000001,-107.0888199999993,546.4869999999996,76970.0,6.691743241060017,0.271,0.271,3.69,163249.81039049357,1.0,0.99999,0.99999,164015.68982014176,109755.088378173,-14100.0,59948.0,26.829,-3821.1000000000113,-57757.43999999982,74048.0,13059984.831239484,13059984.831239484
2022-08-17,6.421938053621992,0.005384,0.005384,185.74,162010.07468584355,1.0,1.00002416,1.00002416,163245.86637036208,104835.4841340319,-483.0,57261.0,0.5330159999999999,-2.6004720000000265,-1074.0384000000035,57744.0,4.443725447250646,0.2555,0.2555,3.91,162010.07468584355,1.0,0.999005,0.999005,163412.4057341991,72615.9865757508,-20285.0,39663.0,25.2945,-5182.817500000028,-92919.40000000004,59948.0,12960805.974867484,12960805.974867484
2022-08-18,3.8065123059872494,0.005119,0.005119,195.35,161221.17943755607,1.0,0.99999665,0.99999665,162010.6174214119,61669.54089151967,-23577.0,33684.0,0.506781,-120.69066299999965,-1517.4164999999982,57261.0,0.596174208453517,0.2421,0.2421,4.13,161221.17943755607,1.0,0.999873,0.999873,162030.65257872103,9659.849604632582,-34387.0,5276.0,23.9679,-8325.092700000023,-53148.41999999999,39663.0,12897694.355004484,12897694.355004484
2022-08-19,-0.4723118969461506,0.0045000000000000005,0.0045000000000000005,222.22,160984.81327380607,1.0,0.9999900000000002,0.9999900000000002,161222.7916654727,-7614.744256247346,-37843.0,-4159.0,0.4455,-170.29350000000017,-2085.0396000000005,33684.0,-3.105496285318901,0.22440000000000002,0.22440000000000002,4.46,160984.81327380607,1.0,1.0008240000000002,1.0008240000000002,161088.4425608859,-50025.95599806383,-32600.0,-27324.0,22.215600000000002,-7315.439999999976,-9338.519999999999,5276.0,12878785.061904484,12878785.061904484
2022-08-20,-7.45078733110233,0.004508,0.004508,221.83,160934.13611705607,1.0,1.00000964,1.00000964,160983.26139516622,-119945.20445226392,-61355.0,-65514.0,0.44629199999999997,-276.58834000000076,-3.3271999999998645,-4159.0,-6.97648087539747,0.223,0.223,4.48,160934.13611705607,1.0,0.9990400000000002,0.9990400000000002,161139.50720071874,-112418.66902567873,-34079.0,-61403.0,22.077,-7599.616999999965,3825.3600000000156,-27324.0,12874730.889364485,12874730.889364485
2022-08-21,-9.56106451169014,0.004626,0.004626,216.17,160365.67764138107,1.0,1.00000242,1.00000242,160933.74665738916,-153869.79338992952,-18529.0,-84043.0,0.457974,-85.71515400000035,-773.0652000000022,-65514.0,-8.700836039372787,0.2297,0.2297,4.35,160365.67764138107,1.0,0.9991949999999998,0.9991949999999998,161063.79246999446,-140138.9650160987,-15141.0,-76544.0,22.740299999999998,-3477.887700000017,-41140.009999999886,-61403.0,12829254.211310485,12829254.211310485
2022-08-22,-9.136197915055345,0.004615,0.004615,216.68,160745.8991033811,1.0,0.9999782,0.9999782,160369.17368936748,-146516.45102999476,4016.0,-80027.0,0.466115,-18.53383999999992,92.44729999999915,-84043.0,-7.816942650041285,0.2255,0.2255,4.43,160745.8991033811,1.0,0.998965,0.998965,160531.82808344744,-125486.80936345956,8003.0,-68541.0,22.7755,-1804.676500000002,32148.479999999858,-76544.0,12859671.928270485,12859671.928270485
2022-08-23,-8.7885574428267,0.004658,0.004658,214.68,159922.6156414561,1.0,0.9999794399999999,0.9999794399999999,160749.20410701755,-141275.36141831975,2863.0,-77164.0,0.470458,-13.335853999999987,-344.11609999999763,-80027.0,-8.005027273877708,0.23500000000000001,0.23500000000000001,4.26,159922.6156414561,1.0,1.0011,1.0011,160569.27290318758,-128536.14089367294,-1665.0,-70206.0,23.265,-391.27499999999907,-65113.94999999995,-68541.0,12793809.251316486,12793809.251316486
2022-08-24,-7.938230549174898,0.004578,0.004578,218.44,160306.28558208107,1.0,1.00001832,1.00001832,159919.68591281018,-126947.93361275244,7825.0,-69339.0,0.462378,-35.82285000000021,617.3120000000006,-77164.0,-5.909060174730676,0.23010000000000003,0.23010000000000003,4.35,160306.28558208107,1.0,1.0009350000000001,1.0009350000000001,159773.22767358128,-94410.96166341363,18639.0,-51567.0,23.2401,-4288.833900000003,34400.93999999989,-70206.0,12824502.846566485,12824502.846566485
2022-08-25,-8.226698140513296,0.004645000000000001,0.004645000000000001,215.29,160312.72247533107,1.0,1.00002205,1.00002205,160302.75090642355,-131876.23428010408,-2692.0,-72031.0,0.459855,-12.504340000000028,-464.57130000000274,-69339.0,-5.909345061402039,0.2299,0.2299,4.35,160312.72247533107,1.0,1.000065,1.000065,160295.86635076828,-94724.35861830738,-171.0,-51738.0,22.760099999999998,-39.31290000000011,1031.3400000001611,-51567.0,12825017.798026485,12825017.798026485
2022-08-26,-7.33633948780698,0.0043159999999999995,0.0043159999999999995,231.7,161845.6098192311,1.0,1.0000171999999998,1.0000171999999998,160309.96514393063,-117608.83275743788,7793.0,-64238.0,0.43591599999999997,-33.634587999999894,2369.8199000000027,-72031.0,-5.767515838700283,0.2066,0.2066,4.84,161845.6098192311,1.0,0.9999439999999999,0.9999439999999999,160321.70049055855,-92465.79468666593,1233.0,-50505.0,20.866600000000002,-254.73780000000207,120549.5399999999,-51738.0,12947648.785538485,12947648.785538485
2022-08-27,-9.835340983897805,0.004499,0.004499,222.27,162151.62182181858,1.0,0.9999927300000001,0.9999927300000001,161846.78644536852,-159181.83318382886,-22707.0,-86945.0,0.445401,-102.1587930000007,-1175.5554000000025,-64238.0,-9.130794760785184,0.2003,0.2003,4.99,162151.62182181858,1.0,0.9994970000000001,0.9994970000000001,161927.05912997347,-147852.27431333144,-30252.0,-80757.0,19.829700000000003,-6059.475599999957,31818.14999999995,-50505.0,12972129.745745486,12972129.745745486
2022-08-28,-8.494708145291785,0.004293,0.004293,232.94,163640.46525903107,1.0,1.0000114199999999,1.0000114199999999,162149.7700714444,-137741.49725830887,11711.0,-75234.0,0.433593,-50.2753229999999,1791.0670000000007,-86945.0,-11.421668039637291,0.18530000000000002,0.18530000000000002,5.4,163640.46525903107,1.0,1.00062,1.00062,162051.15010875114,-185089.4441983588,-20339.0,-101096.0,18.3447,-3768.816700000032,121135.5,-80757.0,13091237.220722485,13091237.220722485
2022-08-29,-9.859703179355495,0.004504,0.004504,222.02,162560.47385933108,1.0,0.9999780800000001,0.9999780800000001,163644.05233665826,-161348.17831063666,-12894.0,-88128.0,0.445896,-58.0745760000001,-1587.4374000000005,-75234.0,-14.152325122282525,0.1932,0.1932,5.18,162560.47385933108,1.0,1.000776,1.000776,163513.57872194282,-231409.73279808727,-25300.0,-126396.0,19.1268,-4887.960000000024,-79865.83999999991,-101096.0,13004837.908746485,13004837.908746485
2022-08-30,-7.653874859409755,0.004531,0.004531,220.7,162427.25301923108,1.0,0.9999917,0.9999917,162561.82312246299,-124422.78510968348,20168.0,-67960.0,0.457631,-91.38120800000014,-237.94559999999825,-88128.0,-13.38231146055786,0.19390000000000002,0.19390000000000002,5.16,162427.25301923108,1.0,1.0005240000000002,1.0005240000000002,162475.33678285682,-217429.55614872224,7636.0,-118760.0,19.5839,-1480.6203999999946,-8847.720000000036,-126396.0,12994180.241538486,12994180.241538486
2022-08-31,-6.465269783924324,0.004462,0.004462,224.11,162788.9750959561,1.0,0.99997882,0.99997882,162430.6933013152,-105015.8253382872,10601.0,-57359.0,0.450662,-47.30166200000023,468.9240000000012,-67960.0,-12.683649745004306,0.19140000000000001,0.19140000000000001,5.22,162788.9750959561,1.0,0.999108,0.999108,162572.26748182488,-206200.969899062,6133.0,-112627.0,19.331400000000002,-1173.8562000000097,29690.0,-118760.0,13023118.007676486,13023118.007676486
2022-09-01,-6.632924590341822,0.004575,0.004575,218.58,162511.30055001858,1.0,1.0000035,1.0000035,162788.4053365374,-107976.32167792507,-1617.0,-58976.0,0.452925,-7.397774999999993,-648.1567000000018,-57359.0,-12.566068293560988,0.1933,0.1933,5.17,162511.30055001858,1.0,0.9993609999999999,0.9993609999999999,162893.0637637011,-204692.53638020527,824.0,-111803.0,19.5233,-159.27920000000057,-21399.129999999743,-112627.0,13000904.044001486,13000904.044001486
2022-09-02,-5.196138314324256,0.004543,0.004543,220.12,163153.6233934936,1.0,1.00000516,1.00000516,162510.4619960347,-84442.68380561317,12854.0,-46122.0,0.458843,-58.39572200000025,188.72320000000212,-58976.0,-11.81891050553682,0.1886,0.1886,5.3,163153.6233934936,1.0,0.9995799999999999,0.9995799999999999,162579.58397528823,-192151.35530313398,6850.0,-104953.0,19.0486,-1291.9100000000067,52547.40999999987,-111803.0,13052289.871479485,13052289.871479485
2022-09-03,-4.96238023306487,0.004803,0.004803,208.2,163091.13174603108,1.0,0.9999845999999999,0.9999845999999999,163156.13599798796,-80964.2784179659,1899.0,-44223.0,0.485103,-9.120897000000003,-1199.1720000000012,-46122.0,-12.150310773517026,0.1889,0.1889,5.29,163091.13174603108,1.0,0.9992810000000001,0.9992810000000001,163271.01525346082,-198379.35756371875,-3401.0,-108354.0,18.7011,-642.448900000001,-3148.5900000001193,-104953.0,13047290.539682485,13047290.539682485
2022-09-04,-1.5563572711487277,0.0050349999999999995,0.0050349999999999995,198.61,162909.13899521856,1.0,1.00000135,1.00000135,163090.91157330046,-25382.772608538035,30359.0,-13864.0,0.508535,-152.85756500000036,-1025.9735999999975,-44223.0,-11.939436533974538,0.19010000000000002,0.19010000000000002,5.26,162909.13899521856,1.0,0.9999260000000001,0.9999260000000001,163103.20138293342,-194736.03213996015,1989.0,-106365.0,19.200100000000003,-378.1089000000021,-13002.480000000107,-108354.0,13032731.119617485,13032731.119617485
2022-09-05,2.252618105630395,0.004984000000000001,0.004984000000000001,200.64,162322.82376181858,1.0,0.9999897600000001,0.9999897600000001,162910.80720188428,36697.58339058271,33908.0,20044.0,0.503384,-168.9974720000015,70.70639999999914,-13864.0,-11.326259816491644,0.19440000000000002,0.19440000000000002,5.14,162322.82376181858,1.0,0.999216,0.999216,163036.95997183648,-184659.8968331968,5504.0,-100861.0,19.634400000000003,-1069.9776000000093,-45736.94999999997,-106365.0,12985825.900945485,12985825.900945485
2022-09-06,2.9302331934731414,0.004625000000000001,0.004625000000000001,216.22,163833.5262671311,1.0,1.0000175000000002,1.0000175000000002,162319.9831621132,47563.54026256255,5935.0,25979.0,0.467125,-27.449374999999943,-719.5795999999998,20044.0,-9.852377804045384,0.1821,0.1821,5.49,163833.5262671311,1.0,0.9997290000000001,0.9997290000000001,162366.82517144002,-159969.93044324132,13486.0,-87375.0,18.392100000000003,-2455.800600000026,124059.03000000004,-100861.0,13106682.101370485,13106682.101370485
2022-09-07,-1.1318453528250545,0.0047870000000000005,0.0047870000000000005,208.9,162928.02162701858,1.0,1.0000043,1.0000043,163832.8217859974,-18543.34179786965,-36107.0,-10128.0,0.47391300000000003,-172.8442089999995,420.8597999999998,25979.0,-11.402491856392569,0.19010000000000002,0.19010000000000002,5.26,162928.02162701858,1.0,0.9999260000000001,0.9999260000000001,163845.65084529363,-186824.8699468801,-14668.0,-102043.0,18.8199,-2788.3868000000152,-69900.00000000006,-87375.0,13034241.730161486,13034241.730161486
2022-09-08,-0.7139475311917232,0.00479,0.00479,208.77,162741.71778139359,1.0,1.0000083,1.0000083,162926.6693356631,-11632.10933374869,3775.0,-6353.0,0.48379,-18.082250000000062,-3.0383999999996654,-10128.0,-9.92198703677437,0.1913,0.1913,5.23,162741.71778139359,1.0,1.000499,1.000499,162846.76109323304,-161576.3452547751,13790.0,-88253.0,19.3213,-2638.027000000025,-12245.15999999974,-102043.0,13019337.422511486,13019337.422511486
2022-09-09,-0.5807990697528332,0.0050219999999999996,0.0050219999999999996,199.12,161339.5453891436,1.0,0.99998064,0.99998064,162744.86852204817,-9452.206824465273,1190.0,-5163.0,0.507222,-5.976179999999966,-147.3896,-6353.0,-8.993614150745499,0.20379999999999998,0.20379999999999998,4.91,161339.5453891436,1.0,1.000658,1.000658,162634.70414606546,-146267.37766103618,8362.0,-79891.0,20.5838,-1704.1756000000091,-110316.25,-88253.0,12907163.631131487,12907163.631131487
2022-09-10,2.059899710965796,0.005121,0.005121,195.27,161193.9139874436,1.0,0.99997767,0.99997767,161343.1481816425,33235.0704305677,23316.0,18153.0,0.517221,-119.40123600000098,-51.1137000000001,-5163.0,-5.351053906425001,0.20440000000000003,0.20440000000000003,4.89,161193.9139874436,1.0,0.9995160000000001,0.9995160000000001,161417.67154217,-86375.46618717564,32713.0,-47178.0,20.6444,-6686.53719999999,-4793.460000000182,-79891.0,12895513.118995488,12895513.118995488
2022-09-11,4.038639532914329,0.005098,0.005098,196.16,161018.7958337936,1.0,1.00002368,1.00002368,161190.0970059465,65098.86980825112,17404.0,35557.0,0.5148980000000001,-88.72559200000082,-41.75189999999943,18153.0,-3.958138836941396,0.2068,0.2068,4.84,161018.7958337936,1.0,1.000912,1.000912,161047.03908779554,-63744.653998782254,12361.0,-34817.0,20.8868,-2556.2548000000147,-11322.719999999927,-47178.0,12881503.666703489,12881503.666703489
2022-09-12,4.358984648881948,0.005012,0.005012,199.52,160684.02417929363,1.0,0.99999424,0.99999424,161019.72330739987,70188.25020641748,2780.0,38337.0,0.506212,-13.933360000000047,-305.79020000000185,35557.0,-2.84886827291808,0.2138,0.2138,4.68,160684.02417929363,1.0,1.000584,1.000584,160924.81574140064,-45845.36018908643,9776.0,-25041.0,21.593799999999998,-2090.1087999999913,-24371.899999999976,-34817.0,12854721.934343489,12854721.934343489
2022-09-13,3.26872858713257,0.004635,0.004635,215.75,161407.83846910612,1.0,1.00000125,1.00000125,160683.8233245145,52523.18067905997,-9649.0,28688.0,0.458865,-44.723115,-1445.3048999999983,38337.0,-0.7654086577119363,0.1887,0.1887,5.3,161407.83846910612,1.0,1.00011,1.00011,160666.35088069673,-12297.541596706906,18324.0,-6717.0,19.0587,-3457.7388000000137,62852.90999999995,-25041.0,12912627.07752849,12912627.07752849
2022-09-14,-1.7235227641661806,0.004809,0.004809,207.94,161298.09518726863,1.0,0.9999834599999999,0.9999834599999999,161410.50819891173,-27819.468525645632,-43883.0,-15195.0,0.476091,-211.03334700000033,499.17119999999915,28688.0,-5.144884795271167,0.1912,0.1912,5.23,161298.09518726863,1.0,0.9999760000000001,0.9999760000000001,161411.71235020252,-83044.46646492401,-38642.0,-45359.0,18.928800000000003,-7388.350399999941,-1679.25,-6717.0,12903847.61498149,12903847.61498149
2022-09-15,-1.404527003475133,0.004662,0.004662,214.5,161795.40311474365,1.0,0.9999990000000001,0.9999990000000001,161298.2564855251,-22654.7756847378,2821.0,-12374.0,0.470862,-13.151501999999999,223.36649999999986,-15195.0,-6.207928457624826,0.1821,0.1821,5.49,161795.40311474365,1.0,0.9997290000000001,0.9997290000000001,161341.81882016888,-100159.8468458675,-9348.0,-54707.0,18.0279,-1702.270800000018,41276.69000000001,-45359.0,12943632.24917949,12943632.24917949
2022-09-16,-2.956914167740579,0.004746,0.004746,210.7,161860.78735446863,1.0,0.9999822,0.9999822,161798.28312418325,-47842.36356859989,-13757.0,-26131.0,0.469854,-65.29072200000039,-103.94160000000024,-12374.0,-8.292351480985491,0.18050000000000002,0.18050000000000002,5.54,161860.78735446863,1.0,0.9999700000000001,0.9999700000000001,161800.2571224573,-134170.4601773242,-18577.0,-73284.0,17.869500000000002,-3353.148499999973,8753.120000000008,-54707.0,12948862.98835749,12948862.98835749
2022-09-17,-2.4875045960867386,0.0048590000000000005,0.0048590000000000005,205.8,161442.13266820612,1.0,0.9999822000000002,0.9999822000000002,161863.6685277684,-40263.66194022843,4139.0,-21992.0,0.490759,-20.111401000000008,-295.2802999999994,-26131.0,-9.306151312666136,0.18480000000000002,0.18480000000000002,5.41,161442.13266820612,1.0,0.9997680000000001,0.9997680000000001,161898.34777115152,-150665.05216289804,-9009.0,-82293.0,18.2952,-1664.8631999999927,-31512.11999999998,-73284.0,12915370.61345649,12915370.61345649
2022-09-18,-0.917399496060234,0.004477,0.004477,223.36,163267.85137003113,1.0,0.9999827200000001,0.9999827200000001,161444.9224364658,-14810.949048469727,13902.0,-8090.0,0.452177,-62.23925400000012,840.0944000000003,-21992.0,-8.519060282809987,0.167,0.167,5.99,163267.85137003113,1.0,1.0003300000000002,1.0003300000000002,161388.874339674,-137488.15494745286,7197.0,-75096.0,16.867,-1201.8990000000115,146481.5400000001,-82293.0,13061428.10960249,13061428.10960249
2022-09-19,-4.479520209122381,0.004527,0.004527,220.9,162669.49685363114,1.0,1.0000143,1.0000143,163265.51667314273,-73135.11813901499,-31856.0,-39946.0,0.448173,-144.2121120000001,-40.45000000000004,-8090.0,-11.105557172639536,0.1728,0.1728,5.79,162669.49685363114,1.0,1.000512,1.000512,163184.30100791506,-181225.258452062,-23889.0,-98985.0,17.107200000000002,-4128.01919999997,-43555.68000000014,-75096.0,13013559.74829049,13013559.74829049
2022-09-20,-5.136165013345346,0.004422,0.004422,226.14,163446.50420040614,1.0,0.9999910799999999,0.9999910799999999,162670.94787848621,-83550.48311812052,-5689.0,-45635.0,0.437778,-25.156757999999893,419.4330000000004,-39946.0,-10.746189473765066,0.16649999999999998,0.16649999999999998,6.01,163446.50420040614,1.0,1.000665,1.000665,162561.39352693575,-174691.55359597373,3569.0,-95416.0,16.816499999999998,-594.2384999999972,62360.55000000025,-98985.0,13075720.336032491,13075720.336032491
2022-09-21,-6.424984064160728,0.0043890000000000005,0.0043890000000000005,227.84,163548.77533620616,1.0,0.9999897600000002,0.9999897600000002,163448.1779097479,-105015.19383862377,-11724.0,-57359.0,0.434511,-51.45663600000037,150.59549999999862,-45635.0,-11.67108201724443,0.1655,0.1655,6.04,163548.77533620616,1.0,0.9996200000000001,0.9996200000000001,163508.63748264953,-190832.27185878897,-8816.0,-104232.0,16.3845,-1459.0480000000134,9541.599999999797,-95416.0,13083902.026896492,13083902.026896492
2022-09-22,-7.139190151950325,0.0045839999999999995,0.0045839999999999995,218.15,162055.40237045614,1.0,0.9999995999999999,0.9999995999999999,163548.84075574248,-116760.62732862886,-6415.0,-63774.0,0.453816,-29.406359999999854,-1118.5004999999978,-57359.0,-12.01822984203162,0.1768,0.1768,5.66,162055.40237045614,1.0,1.000688,1.000688,163436.33114038158,-196421.53921834956,-3053.0,-107285.0,17.5032,-539.7704000000002,-117782.1599999999,-104232.0,12964432.189636491,12964432.189636491
2022-09-23,-4.727818768585946,0.004618,0.004618,216.54,161600.38920108115,1.0,0.9999817199999999,0.9999817199999999,162058.36479736466,-76618.25786953286,21925.0,-41849.0,0.466418,-101.24965000000024,-216.8316000000009,-63774.0,-8.987960474853143,0.1797,0.1797,5.56,161600.38920108115,1.0,0.9991319999999999,0.9991319999999999,162196.18866221496,-145781.29328678115,27659.0,-79626.0,18.1497,-4970.322300000012,-31112.649999999907,-107285.0,12928031.136086492,12928031.136086492
2022-09-24,-3.3903895601088907,0.004511,0.004511,221.68,161938.02804666865,1.0,0.9999984800000001,0.9999984800000001,161600.63483404607,-54788.910524831896,11923.0,-29926.0,0.455611,-53.78465299999985,447.78429999999946,-41849.0,-7.187739557629337,0.17600000000000002,0.17600000000000002,5.68,161938.02804666865,1.0,0.99968,0.99968,161652.11787880238,-116191.33222520284,16162.0,-63464.0,17.776000000000003,-2844.512000000031,29461.619999999795,-79626.0,12955042.243733492,12955042.243733492
2022-09-25,-4.1017503098602734,0.004464,0.004464,224.01,162160.60299016867,1.0,0.99998064,0.99998064,161941.16322758875,-66424.22164478953,-6355.0,-36281.0,0.441936,-28.36872000000015,140.65219999999945,-29926.0,-7.220200848873735,0.1732,0.1732,5.77,162160.60299016867,1.0,0.9993639999999999,0.9993639999999999,162041.08617747755,-116996.91879710455,-440.0,-63904.0,17.1468,-76.2080000000006,17769.92000000007,-63464.0,12972848.239213493,12972848.239213493
2022-09-26,-4.859159748572979,0.0044729999999999995,0.0044729999999999995,223.56,161949.58595349366,1.0,0.9999838799999999,0.9999838799999999,162163.2170612277,-78797.69770430206,-6758.0,-43039.0,0.44282699999999997,-30.22853400000003,-32.65289999999842,-36281.0,-7.754206411730141,0.1757,0.1757,5.69,161949.58595349366,1.0,0.9997330000000001,0.9997330000000001,162203.91143452167,-125776.26100532757,-4795.0,-68699.0,17.3943,-842.4814999999955,-15976.0,-63904.0,12955966.876279492,12955966.876279492
2022-09-27,-4.916357286568006,0.004411,0.004411,226.71,162174.06444425616,1.0,1.0000178100000001,1.0000178100000001,161946.70168273666,-79618.78468535775,-449.0,-43488.0,0.436689,-1.9805389999999992,266.8417999999993,-43039.0,-7.207021854029314,0.17300000000000001,0.17300000000000001,5.78,162174.06444425616,1.0,0.9999400000000002,0.9999400000000002,161959.30351170435,-116724.42398722199,4944.0,-63755.0,17.473000000000003,-855.312000000009,18548.72999999997,-68699.0,12973925.155540492,12973925.155540492
2022-09-28,-5.640607381036158,0.004361,0.004361,229.31,162201.36198331867,1.0,1.0000209100000002,1.0000209100000002,162170.67345547417,-91474.10976805522,-6475.0,-49963.0,0.431739,-28.237475000000025,217.4400000000002,-43488.0,-7.556004120385019,0.17260000000000003,0.17260000000000003,5.79,162201.36198331867,1.0,0.9993540000000002,0.9993540000000002,162278.89661146715,-122618.00114477803,-3219.0,-66974.0,17.087400000000002,-555.5993999999974,2550.1999999999457,-63755.0,12976108.958665492,12976108.958665492
2022-09-29,-6.458832096446272,0.004381,0.004381,228.26,162122.01442959366,1.0,1.00000706,1.00000706,162200.2168497877,-104762.39666399543,-7258.0,-57221.0,0.43371899999999997,-31.797298000000172,-99.92600000000009,-49963.0,-7.677303453929578,0.17350000000000002,0.17350000000000002,5.76,162122.01442959366,1.0,0.99936,0.99936,162305.2373352132,-124606.6559184492,-1086.0,-68060.0,17.1765,-188.4210000000007,-6027.659999999991,-66974.0,12969761.154367492,12969761.154367492
2022-09-30,-6.343302058635768,0.004347,0.004347,230.04,162246.08926771866,1.0,0.99998388,0.99998388,162124.62787859506,-102840.54857778498,1050.0,-56171.0,0.43904699999999997,-4.5643499999999895,194.5514000000008,-57221.0,-7.370397743673363,0.172,0.172,5.81,162246.08926771866,1.0,0.9993199999999999,0.9993199999999999,162232.3324156363,-119571.68167870729,2750.0,-65310.0,17.372,-473.00000000000165,10209.000000000146,-68060.0,12979687.141417492,12979687.141417492
2022-10-01,-6.649016444549105,0.0043,0.0043,232.56,162449.94943521867,1.0,1.000008,1.000008,162244.79130938818,-107876.82854585597,-2751.0,-58922.0,0.42569999999999997,-11.829300000000071,264.003699999999,-56171.0,-7.550506528328058,0.16949999999999998,0.16949999999999998,5.9,162449.94943521867,1.0,1.0000499999999999,1.0000499999999999,162237.97736885023,-122497.89072662433,-1598.0,-66908.0,16.7805,-270.8609999999989,16327.5,-65310.0,12995995.954817493,12995995.954817493
2022-10-02,-7.296492432072092,0.004194,0.004194,238.44,162797.05042539365,1.0,1.00001736,1.00001736,162447.1293530531,-118529.42499363881,-5819.0,-64741.0,0.41520599999999996,-24.404886000000182,624.5731999999999,-58922.0,-8.177617208662571,0.1653,0.1653,6.05,162797.05042539365,1.0,1.000065,1.000065,162439.39087481183,-132836.7158182527,-5647.0,-72555.0,16.364700000000003,-933.4490999999913,28101.359999999877,-66908.0,13023764.034031492,13023764.034031492
2022-10-03,-8.865190117090611,0.004276,0.004276,233.86,162212.59208584367,1.0,0.9999853600000002,0.9999853600000002,162799.43380910458,-144324.7931672421,-14089.0,-78830.0,0.423324,-60.244564000000025,-530.876199999999,-64741.0,-9.403971967541462,0.1714,0.1714,5.83,162212.59208584367,1.0,0.999262,0.999262,162917.28338052848,-153206.95659384984,-11126.0,-83681.0,16.968600000000002,-1906.9963999999827,-44258.54999999996,-72555.0,12977007.366867492,12977007.366867492
2022-10-04,-7.9541391767603695,0.004355,0.004355,229.62,161859.29869359365,1.0,0.9999951000000001,0.9999951000000001,162213.38693143963,-129026.78559863525,8356.0,-70474.0,0.439855,-36.39037999999998,-622.7570000000014,-78830.0,-7.821459347734693,0.17440000000000003,0.17440000000000003,5.73,161859.29869359365,1.0,0.9993120000000002,0.9993120000000002,162324.27118441853,-126961.26882195915,14335.0,-69346.0,17.6144,-2500.0239999999794,-25104.30000000006,-83681.0,12948743.895487491,12948743.895487491
2022-10-05,-6.192239684561277,0.004309,0.004309,232.07,161875.91892521863,1.0,0.9999896300000001,0.9999896300000001,161860.97719192712,-100228.19663497187,15730.0,-54744.0,0.435209,-67.78057000000011,324.1803999999995,-70474.0,-6.286189765953581,0.1739,0.1739,5.75,161875.91892521863,1.0,0.999925,0.999925,161871.43905152252,-101755.45835658596,13767.0,-55579.0,17.5639,-2394.081299999996,3467.3000000000493,-69346.0,12950073.51401749,12950073.51401749
2022-10-06,-6.15995449500986,0.004288,0.004288,233.21,162111.39332221865,1.0,1.00000448,1.00000448,161875.19372435074,-99714.38272129062,280.0,-54464.0,0.43308800000000003,-1.200640000000004,114.96239999999949,-54744.0,-5.803940831616998,0.1704,0.1704,5.87,162111.39332221865,1.0,1.000248,1.000248,161835.7836508732,-93928.53127480377,4275.0,-51304.0,17.2104,-728.4600000000033,19452.650000000078,-55579.0,12968911.46577749,12968911.46577749
2022-10-07,-6.368345043318308,0.00424,0.00424,235.85,162189.51355271865,1.0,1.000004,1.000004,162110.74487923915,-103237.71586203415,-1924.0,-56388.0,0.41975999999999997,-8.157760000000042,261.42720000000145,-54464.0,-6.589978686576628,0.16899999999999998,0.16899999999999998,5.92,162189.51355271865,1.0,1.0004799999999998,1.0004799999999998,162033.6171859694,-106779.80837644548,-7019.0,-58323.0,16.730999999999998,-1186.2110000000034,7182.5600000000295,-51304.0,12975161.08421749,12975161.08421749
2022-10-08,-7.106522586953764,0.004219,0.004219,237.02,162258.71070781862,1.0,0.99998738,0.99998738,162191.56041021104,-115261.79874684406,-6568.0,-62956.0,0.41768099999999997,-27.710392000000187,118.41479999999947,-56388.0,-7.241077028232095,0.1679,0.1679,5.96,162258.71070781862,1.0,1.000684,1.000684,162078.6517549183,-117362.40019893684,-5780.0,-64103.0,16.6221,-970.461999999997,6415.529999999967,-58323.0,12980696.85662549,12980696.85662549
2022-10-09,-7.607422631948404,0.00423,0.00423,236.41,162160.06044131864,1.0,1.0000143000000001,1.0000143000000001,162256.3904414353,-123435.29368224317,-4464.0,-67420.0,0.41877,-18.882720000000052,-69.25159999999936,-62956.0,-7.73917306528314,0.16899999999999998,0.16899999999999998,5.92,162160.06044131864,1.0,1.0004799999999998,1.0004799999999998,162180.86389314994,-125514.5773546217,-4453.0,-68556.0,16.730999999999998,-752.5570000000022,-7051.329999999964,-64103.0,12972804.83530549,12972804.83530549
2022-10-10,-7.454311398329981,0.004012,0.004012,249.25,162764.43223331863,1.0,0.999991,0.999991,162161.5198949977,-120880.24661237953,1395.0,-66025.0,0.405212,-5.596740000000022,1469.755999999999,-67420.0,-7.450209052643285,0.16210000000000002,0.16210000000000002,6.17,162764.43223331863,1.0,1.0001570000000002,1.0001570000000002,162134.60530828522,-120793.67042145327,2579.0,-65977.0,16.3721,-418.0558999999969,47303.63999999985,-68556.0,13021154.57866549,13021154.57866549
2022-10-11,-10.373731416733316,0.003908,0.003908,255.89,162952.87131726864,1.0,1.00001812,1.00001812,162761.48299524674,-168844.39095818964,-26198.0,-92223.0,0.38689199999999996,-102.3817840000006,686.6600000000013,-66025.0,-9.300053390191511,0.1595,0.1595,6.27,162952.87131726864,1.0,1.000065,1.000065,162753.8532328585,-151361.95245249773,-16697.0,-82674.0,15.7905,-2663.171499999992,17154.020000000102,-65977.0,13036229.70538149,13036229.70538149
2022-10-12,-13.005887866317885,0.003814,0.003814,262.19,162926.55758596864,1.0,0.99999266,0.99999266,162954.06740012337,-211936.23279664112,-23536.0,-115759.0,0.37758600000000003,-89.76630399999962,866.8961999999967,-92223.0,-10.743129270237686,0.15960000000000002,0.15960000000000002,6.27,162926.55758596864,1.0,1.0006920000000001,1.0006920000000001,162840.18590861987,-174941.31676058407,-12879.0,-95553.0,15.800400000000002,-2055.488399999991,-826.7400000001293,-82674.0,13034124.60687749,13034124.60687749
2022-10-13,-15.180806558831152,0.0037680000000000005,0.0037680000000000005,265.39,163284.97540326865,1.0,0.9999895200000001,0.9999895200000001,162928.2650741866,-247338.24750571925,-19337.0,-135096.0,0.37303200000000003,-72.86181599999988,532.4913999999992,-115759.0,-11.069348155761212,0.15660000000000002,0.15660000000000002,6.39,163284.97540326865,1.0,1.000674,1.000674,162816.81904992898,-180227.6055677238,-2887.0,-98440.0,15.5034,-452.1042000000028,28665.900000000067,-95553.0,13062798.03226149,13062798.03226149
2022-10-14,-16.467142366282722,0.003667,0.003667,272.7,163272.59228173114,1.0,0.9999909,0.9999909,163286.46131006657,-268886.1404879382,-11769.0,-146865.0,0.36303300000000005,-43.156922999999715,1364.4695999999997,-135096.0,-11.984466503817927,0.1567,0.1567,6.38,163272.59228173114,1.0,0.999746,0.999746,163326.460324191,-195738.04929424147,-8472.0,-106912.0,15.5133,-1327.5624000000062,-984.3999999999791,-98440.0,13061807.38253849,13061807.38253849
2022-10-15,-18.08908097922114,0.0036409999999999997,0.0036409999999999997,274.65,163595.72513133113,1.0,1.0000006499999998,1.0000006499999998,163272.48615461515,-295344.9223729596,-14452.0,-161317.0,0.360459,-52.61973200000008,381.84900000000687,-146865.0,-12.086706709813482,0.1543,0.1543,6.48,163595.72513133113,1.0,0.999864,0.999864,163294.8003745821,-197369.63593651145,-891.0,-107803.0,15.275699999999999,-137.48130000000089,25658.880000000023,-106912.0,13087658.01050649,13087658.01050649
2022-10-16,-18.824442746951423,0.003703,0.003703,270.05,163139.88353416865,1.0,0.99999515,0.99999515,163596.5185744462,-307961.3297505238,-6891.0,-168208.0,0.366597,-25.51737300000008,-1000.1654000000062,-161317.0,-12.737324375691196,0.1575,0.1575,6.35,163139.88353416865,1.0,1.000125,1.000125,163575.27822155345,-208351.1378551862,-5998.0,-113801.0,15.5925,-944.6850000000038,-34496.96000000003,-107803.0,13051190.682733491,13051190.682733491
2022-10-17,-17.370175515199136,0.003723,0.003723,268.6,162499.15563861863,1.0,0.9999978000000002,0.9999978000000002,163140.242442702,-283377.46448218735,13428.0,-154780.0,0.376023,-49.99244399999968,-336.4160000000003,-168208.0,-11.426647191788543,0.1618,0.1618,6.18,162499.15563861863,1.0,0.9999239999999999,0.9999239999999999,163152.28310768484,-186428.35776063165,11974.0,-101827.0,16.3418,-1937.393199999994,-48934.42999999997,-113801.0,12999932.45108949,12999932.45108949
2022-10-18,-16.091379029753917,0.003624,0.003624,275.94,162855.17303591862,1.0,1.00000656,1.00000656,162498.0896511505,-261481.83521875954,11959.0,-142821.0,0.366024,-43.33941600000019,1532.322000000003,-154780.0,-8.953760008805567,0.15880000000000002,0.15880000000000002,6.3,162855.17303591862,1.0,1.0004400000000002,1.0004400000000002,162427.68745613788,-145433.8532267537,22391.0,-79436.0,16.038800000000002,-3555.6908000000262,30548.099999999893,-101827.0,13028413.84287349,13028413.84287349
2022-10-19,-16.86584550672611,0.003497,0.003497,285.96,163689.25009224363,1.0,1.00000212,1.00000212,162854.82778368372,-274668.43654240965,-7202.0,-150023.0,0.346203,-25.1853940000002,1813.8266999999985,-142821.0,-9.0794345891827,0.1506,0.1506,6.64,163689.25009224363,1.0,0.999984,0.999984,162857.77876037877,-147865.65495944468,-1328.0,-80764.0,14.9094,-199.99680000000097,65137.520000000026,-79436.0,13095140.007379489,13095140.007379489
2022-10-20,-18.7716994729859,0.003402,0.003402,293.94,163582.41383571865,1.0,0.99998388,0.99998388,163691.88880549118,-307277.4942822106,-17811.0,-167834.0,0.336798,-60.59302200000029,1425.2185000000013,-150023.0,-11.59112843774228,0.1514,0.1514,6.61,163582.41383571865,1.0,1.0007540000000001,1.0007540000000001,163565.92138751742,-189591.36028403713,-22790.0,-103554.0,14.9886,-3450.4060000000145,-6461.120000000005,-80764.0,13086593.10685749,13086593.10685749
2022-10-21,-20.73364632834844,0.0034920000000000003,0.0034920000000000003,286.37,162840.34385991865,1.0,1.00000404,1.00000404,163581.75296543664,-339164.6211756627,-17417.0,-185251.0,0.345708,-60.82016399999991,-1510.5060000000014,-167834.0,-12.182123315460087,0.1569,0.1569,6.37,162840.34385991865,1.0,0.999453,0.999453,163671.94238820497,-199387.1785453992,-5351.0,-108905.0,15.5331,-839.5719000000014,-56954.69999999989,-103554.0,13027227.50879349,13027227.50879349
2022-10-22,-18.98625962244148,0.003513,0.003513,284.66,162790.77272643114,1.0,1.00001058,1.00001058,162838.62102730817,-309169.6335384831,16383.0,-168868.0,0.354813,-57.55347899999981,-389.0270999999983,-185251.0,-9.717317865332484,0.1569,0.1569,6.37,162790.77272643114,1.0,0.999453,0.999453,162929.4662779727,-158323.74134520307,22429.0,-86476.0,15.8469,-3519.110100000006,-0.0,-108905.0,13023261.81811449,13023261.81811449
2022-10-23,-17.641541239677675,0.0036209999999999997,0.0036209999999999997,276.17,162080.22558808114,1.0,1.00001157,1.00001157,162788.8892589824,-287184.690322366,12008.0,-156860.0,0.36572099999999996,-43.48096799999983,-1823.774399999996,-168868.0,-8.78506128027666,0.1631,0.1631,6.13,162080.22558808114,1.0,0.999803,0.999803,162822.8488276502,-143040.87047801295,8347.0,-78129.0,16.4731,-1361.3957000000003,-53615.11999999993,-86476.0,12966418.04704649,12966418.04704649
2022-10-24,-14.208215235967923,0.0035730000000000002,0.0035730000000000002,279.88,162577.97568474364,1.0,1.00001124,1.00001124,162078.40382682212,-230284.48466736157,31079.0,-125781.0,0.360873,-111.04526699999978,752.9279999999954,-156860.0,-5.545439144218603,0.1575,0.1575,6.35,162577.97568474364,1.0,1.000125,1.000125,162059.96809206964,-89869.36907685807,29042.0,-49087.0,15.9075,-4574.115000000019,43752.2399999999,-78129.0,13006238.05477949,13006238.05477949
2022-10-25,-13.747679238998233,0.004,0.004,250.0,161946.29970099364,1.0,1.0,1.0,162577.97568474364,-223506.98610395094,3702.0,-122079.0,0.404,-14.808000000000014,-5370.848700000002,-125781.0,-6.517014119157081,0.16640000000000002,0.16640000000000002,6.01,161946.29970099364,1.0,1.000064,1.000064,162567.57136017657,-105945.51578713472,-8780.0,-57867.0,16.4736,-1460.991999999995,-43687.43000000003,-49087.0,12955703.97607949,12955703.97607949
2022-10-26,-3.130563417491218,0.004030000000000001,0.004030000000000001,248.14,161610.10181799365,1.0,1.0000042,1.0000042,161945.6195293916,-50698.103212166476,94388.0,-27691.0,0.40703,-380.3836399999979,-366.2370000000003,-122079.0,-3.004862745541082,0.17,0.17,5.88,161610.10181799365,1.0,0.9996,0.9996,162011.1041426507,-48682.113120222755,31277.0,-26590.0,17.17,-5317.090000000053,-20832.119999999966,-57867.0,12928808.14543949,12928808.14543949
2022-10-27,-0.1399312849527148,0.0038840000000000003,0.0038840000000000003,257.47,161606.86967669363,1.0,1.0000134800000002,1.0000134800000002,161607.92334318694,-2261.4004371951983,26456.0,-1235.0,0.392284,-102.75510399999996,404.28860000000003,-27691.0,-0.4945887932217881,0.1688,0.1688,5.92,161606.86967669363,1.0,0.9992960000000001,0.9992960000000001,161723.95548265343,-7998.685597721975,22221.0,-4369.0,17.0488,-3750.904800000021,3190.8000000000266,-26590.0,12928549.57413549,12928549.57413549
2022-10-28,-1.4468953272055134,0.004044,0.004044,247.28,161519.74848134362,1.0,1.00000032,1.00000032,161606.81796251188,-23382.814975451045,-11537.0,-12772.0,0.400356,-46.65562799999991,-19.75999999999995,-1235.0,-0.1438777192138829,0.1833,0.1833,5.46,161519.74848134362,1.0,1.000818,1.000818,161474.783303951,-2323.262353232845,3100.0,-1269.0,18.513299999999997,-568.2299999999973,-6335.0499999999965,-4369.0,12921579.87850749,12921579.87850749
2022-10-29,0.591631538564453,0.0042,0.0042,238.1,161415.50242884364,1.0,1.00002,1.00002,161516.5181509806,9555.826613723806,17991.0,5219.0,0.42419999999999997,-75.56219999999966,-199.24320000000003,-12772.0,4.888008706693305,0.1829,0.1829,5.47,161415.50242884364,1.0,1.000463,1.000463,161444.99944659983,78914.45629470758,44372.0,43103.0,18.4729,-8115.638800000002,50.75999999999892,-1269.0,12913240.19430749,12913240.19430749
2022-10-30,3.585214686819299,0.004056000000000001,0.004056000000000001,246.55,161367.42086584363,1.0,1.0000068000000002,1.0000068000000002,161414.4048108909,57870.529479220175,26390.0,31609.0,0.409656,-107.0378400000001,-75.15359999999984,5219.0,6.366003315113706,0.1826,0.1826,5.48,161367.42086584363,1.0,1.0006480000000002,1.0006480000000002,161310.97291839248,102690.61883627038,12986.0,56089.0,18.442600000000002,-2371.24360000001,-1293.0899999998958,43103.0,12909393.669267489,12909393.669267489
2022-10-31,2.1251189791963654,0.0040550000000000004,0.0040550000000000004,246.61,162077.9205402811,1.0,1.0000035500000002,1.0000035500000002,161366.84801353313,34292.37513266546,-12879.0,18730.0,0.401445,-52.2243450000004,-3.1608999999996517,31609.0,6.55350875993549,0.19280000000000003,0.19280000000000003,5.19,162077.9205402811,1.0,1.0006320000000002,1.0006320000000002,161265.5010691679,105685.48739321779,1636.0,57725.0,19.472800000000003,-315.42080000000306,57210.77999999998,56089.0,12966233.643222488,12966233.643222488
2022-11-01,1.4572625919076951,0.004011,0.004011,249.31,161540.90391879363,1.0,0.99998241,0.99998241,162080.77154105253,23619.42452343132,-5829.0,12901.0,0.397089,-23.380118999999922,-82.41200000000028,18730.0,9.405505437445132,0.1862,0.1862,5.37,161540.90391879363,1.0,0.9998940000000001,0.9998940000000001,162095.10262115893,152458.63690865372,25548.0,83273.0,18.8062,-4757.037599999987,-38098.50000000001,57725.0,12923272.313503489,12923272.313503489
2022-11-02,0.341236579688881,0.003856,0.003856,259.34,160764.90898454364,1.0,1.0000150399999999,1.0000150399999999,161538.47438013897,5512.283648563855,-9890.0,3011.0,0.38174399999999997,-38.13584000000026,-199.9655000000002,12901.0,7.713308144636381,0.1791,0.1791,5.58,160764.90898454364,1.0,0.9993780000000001,0.9993780000000001,161641.44489751986,124679.02734388327,-15174.0,68099.0,17.7309,-2717.6634000000277,-59123.830000000075,83273.0,12861192.71876349,12861192.71876349
2022-11-03,-2.6965194465301696,0.003895,0.003895,256.74,160796.59302260613,1.0,1.0000023,1.0000023,160764.53922610343,-43350.47063356502,-26689.0,-23678.0,0.38560500000000003,-103.95365499999951,11.742900000000043,3011.0,4.255727176790081,0.18030000000000002,0.18030000000000002,5.55,160796.59302260613,1.0,1.0006650000000001,1.0006650000000001,160658.0713670845,68371.69204875818,-30754.0,37345.0,17.849700000000002,-5544.946199999969,8171.880000000067,68099.0,12863727.44180849,12863727.44180849
2022-11-04,-3.1682990400948805,0.004216,0.004216,237.19,161397.08729800614,1.0,0.99999304,0.99999304,160797.71217468288,-50945.52371325006,-4148.0,-27826.0,0.417384,-17.487967999999988,-760.0637999999991,-23678.0,3.3128945143923167,0.1938,0.1938,5.16,161397.08729800614,1.0,1.000008,1.000008,160795.30666015286,53269.788937445075,-8249.0,29096.0,19.1862,-1598.656199999996,50415.74999999992,37345.0,12911766.98384049,12911766.98384049
2022-11-05,1.8764977293896636,0.004264,0.004264,234.52,161401.32063235613,1.0,0.9999932800000001,0.9999932800000001,161398.17189372124,30286.330308621058,44368.0,16542.0,0.430664,-189.18515199999956,-133.56480000000073,-27826.0,6.78987742398399,0.1961,0.1961,5.1,161401.32063235613,1.0,1.0001099999999998,1.0001099999999998,161379.33557109334,109574.59072917032,30753.0,59849.0,19.8061,-6030.663300000039,6692.080000000013,29096.0,12912105.65058849,12912105.65058849
2022-11-06,4.184338882032782,0.004021,0.004021,248.69,160324.63607626862,1.0,0.9999824900000001,0.9999824900000001,161404.14681896692,67536.96472559312,20347.0,36889.0,0.406121,-81.81528699999994,-401.9705999999998,16542.0,8.69975230125435,0.18230000000000002,0.18230000000000002,5.49,160324.63607626862,1.0,1.0008270000000001,1.0008270000000001,161267.95203602233,140299.12368439612,16782.0,76631.0,18.412300000000002,-3059.3586000000246,-82591.61999999994,59849.0,12825970.88610149,12825970.88610149
2022-11-07,0.994455625340694,0.004041,0.004041,247.46,160087.09108350612,1.0,0.9999858600000001,0.9999858600000001,160326.90309867842,15943.79906799331,-28181.0,8708.0,0.400059,-113.87942100000048,73.77800000000006,36889.0,4.03280769659592,0.1808,0.1808,5.53,160087.09108350612,1.0,0.9998239999999999,0.9998239999999999,160352.85817930818,64667.22406366681,-41310.0,35321.0,17.899199999999997,-7468.848000000058,-11494.650000000163,76631.0,12806967.28668049,12806967.28668049
2022-11-08,0.1657513123190494,0.0037219999999999996,0.0037219999999999996,268.67,159139.1580885311,1.0,0.99998974,0.99998974,160088.7335939128,2653.4917680685735,-7259.0,1449.0,0.36847799999999997,-27.017998000000023,-277.7852000000003,8708.0,2.062271575809966,0.1602,0.1602,6.24,159139.1580885311,1.0,0.9996480000000001,0.9996480000000001,160143.46158198296,33025.93088723387,-17282.0,18039.0,15.8598,-2768.5763999999945,-72761.25999999995,35321.0,12731132.647082489,12731132.647082489
2022-11-09,-4.552859052219855,0.0031750000000000003,0.0031750000000000003,314.96,158345.57281571862,1.0,0.999998,0.999998,159139.47636748385,-72453.96055452265,-41023.0,-39574.0,0.314325,-130.24802499999933,-79.26029999999996,1449.0,-4.321818085422247,0.1291,0.1291,7.75,158345.57281571862,1.0,1.0005249999999999,1.0005249999999999,159055.65387024925,-68740.96014851044,-55585.0,-37546.0,12.7809,-7176.023499999963,-56101.289999999986,18039.0,12667645.82525749,12667645.82525749
2022-11-10,-10.535257068330514,0.003687,0.003687,271.22,157052.76232803112,1.0,0.9999881400000001,0.9999881400000001,158347.45081648527,-166823.1100466495,-51545.0,-91119.0,0.36501300000000003,-190.0464149999998,-2026.1888000000008,-39574.0,-9.573291791283507,0.1542,0.1542,6.49,157052.76232803112,1.0,1.000758,1.000758,158225.63778227966,-151474.01993516955,-45189.0,-82735.0,15.2658,-6968.143799999975,-94240.45999999999,-37546.0,12564220.98624249,12564220.98624249
2022-11-11,-6.422106228145471,0.003556,0.003556,281.21,158365.88115343114,1.0,0.99998276,0.99998276,157055.46996433332,-100862.6911822259,36028.0,-55091.0,0.35915600000000003,-128.11556800000014,1193.6589000000001,-91119.0,-7.383829850713086,0.1413,0.1413,7.08,158365.88115343114,1.0,1.000404,1.000404,156989.3386352225,-115918.2564858461,19421.0,-63314.0,14.2713,-2744.187299999987,106728.14999999994,-82735.0,12669270.49227449,12669270.49227449
2022-11-12,-6.484282347312374,0.0033970000000000003,0.0033970000000000003,294.38,159183.27694331863,1.0,1.00000886,1.00000886,158364.47804415564,-102687.99894230564,-997.0,-56088.0,0.336303,-3.3868089999999835,875.9469000000014,-55091.0,-8.492621627355657,0.1309,0.1309,7.64,159183.27694331863,1.0,1.000076,1.000076,158353.8462611153,-134483.92995321006,-10141.0,-73455.0,12.9591,-1327.4569000000047,65846.56000000006,-63314.0,12734662.15546549,12734662.15546549
2022-11-13,-7.866044372428113,0.0032979999999999997,0.0032979999999999997,303.21,159225.83769969363,1.0,0.9999865799999998,0.9999865799999998,159185.41321156395,-125215.95237654664,-12305.0,-68393.0,0.32650199999999996,-40.581890000000286,555.2712000000012,-56088.0,-10.436718793908351,0.1302,0.1302,7.68,159225.83769969363,1.0,0.999936,0.999936,159193.46532509945,-166145.7431425863,-17294.0,-90749.0,12.8898,-2251.6788000000056,5141.850000000021,-73455.0,12738067.015975488,12738067.015975488
2022-11-14,-9.1736031543544,0.003323,0.003323,300.93,159078.18010381862,1.0,0.99999039,0.99999039,159227.3678746989,-146068.8684194886,-11390.0,-79783.0,0.32897699999999996,-37.84897000000023,-170.98250000000016,-68393.0,-11.058876074221274,0.13140000000000002,0.13140000000000002,7.61,159078.18010381862,1.0,0.9999540000000001,0.9999540000000001,159233.16242516515,-176093.9810166249,-5433.0,-96182.0,13.008600000000001,-713.8961999999962,-10889.88000000009,-90749.0,12726254.408305489,12726254.408305489
2022-11-15,-9.178200211501675,0.003373,0.003373,296.47,158623.8870743811,1.0,0.9999933100000001,0.9999933100000001,159079.24434396328,-146006.11540832903,35.0,-79748.0,0.340673,-0.11805500000000052,-398.91500000000036,-79783.0,-10.762603978934688,0.1351,0.1351,7.4,158623.8870743811,1.0,0.9997400000000001,0.9997400000000001,159119.55118712728,-171254.0714732878,2643.0,-93539.0,13.6451,-357.0692999999988,-35587.339999999924,-96182.0,12689910.965950489,12689910.965950489
2022-11-16,-8.406063886218876,0.00332,0.00332,301.2,159126.68357388114,1.0,0.999984,0.999984,158626.42509718268,-133342.3863409431,6917.0,-72831.0,0.33532,-22.96443999999993,422.6643999999977,-79748.0,-9.617572417261664,0.1307,0.1307,7.65,159126.68357388114,1.0,0.9998550000000002,0.9998550000000002,158646.89087355774,-152579.79617498504,10200.0,-83339.0,13.200700000000001,-1333.1400000000094,41157.15999999995,-93539.0,12730134.68591049,12730134.68591049
2022-11-17,-8.497292291062246,0.0032500000000000003,0.0032500000000000003,307.69,159338.54848263113,1.0,0.9999925000000001,0.9999925000000001,159127.87703295887,-135215.60828052624,-1024.0,-73855.0,0.32175,-3.3280000000000314,509.81700000000046,-72831.0,-9.789808432265696,0.12869999999999998,0.12869999999999998,7.77,159338.54848263113,1.0,0.9999989999999997,0.9999989999999997,159126.84270072388,-155782.13064713636,-1749.0,-85088.0,12.741299999999999,-225.09630000000044,16667.80000000009,-83339.0,12747083.87861049,12747083.87861049
2022-11-18,-9.09829275179387,0.0032600000000000003,0.0032600000000000003,306.75,159195.75209488114,1.0,1.000005,1.000005,159337.75179387216,-144970.15122333178,-5327.0,-79182.0,0.32274,-17.36601999999992,-73.85500000000006,-73855.0,-10.013394193648123,0.13,0.13,7.69,159195.75209488114,1.0,0.9997,0.9997,159386.3643919487,-159599.84957490233,-2085.0,-87173.0,12.87,-271.0500000000016,-11061.440000000066,-85088.0,12735660.16759049,12735660.16759049
2022-11-19,-9.00143214377814,0.0032800000000000004,0.0032800000000000004,304.88,159307.23516063113,1.0,1.0000064000000002,1.0000064000000002,159194.7332485883,-143298.05889840296,913.0,-78269.0,0.33128,-2.994640000000005,-158.36400000000015,-79182.0,-9.573723778185586,0.12890000000000001,0.12890000000000001,7.76,159307.23516063113,1.0,1.000264,1.000264,159153.73550870683,-152369.39020267662,3949.0,-83224.0,13.0189,-509.0260999999992,9589.02999999995,-87173.0,12744578.81285049,12744578.81285049
2022-11-20,-8.523748578486698,0.00312,0.00312,320.51,160049.10598938115,1.0,0.9999912,0.9999912,159308.63707663742,-135790.67688226415,4100.0,-74169.0,0.31512,-12.792000000000048,1252.3040000000012,-78269.0,-9.422261793819148,0.1219,0.1219,8.2,160049.10598938115,1.0,0.9995799999999999,0.9995799999999999,159374.1723130026,-150166.51747063542,1203.0,-82021.0,12.3119,-146.64570000000015,58256.80000000009,-83224.0,12803928.47915049,12803928.47915049
2022-11-21,-9.929059113611403,0.003046,0.003046,328.3,160419.63681020614,1.0,1.0000018000000002,1.0000018000000002,160048.8179015089,-158913.41740077088,-12629.0,-86798.0,0.301554,-38.467933999999914,548.8506000000014,-74169.0,-10.558817127052484,0.1182,0.1182,8.46,160419.63681020614,1.0,0.9999720000000001,0.9999720000000001,160053.58748983085,-168997.6560833819,-10285.0,-92306.0,11.7018,-1215.6869999999985,30347.769999999935,-82021.0,12833570.94481649,12833570.94481649
2022-11-22,-11.158588480662512,0.003126,0.003126,319.9,159773.40783615614,1.0,1.0000073999999999,1.0000073999999999,160418.44971367827,-179004.3465060789,-10974.0,-97772.0,0.30947399999999997,-34.30472400000019,-694.3840000000006,-86798.0,-11.5720400397928,0.1236,0.1236,8.09,159773.40783615614,1.0,0.999924,0.999924,160431.82962925796,-185652.355612699,-9097.0,-101403.0,12.2364,-1124.3891999999973,-49845.23999999992,-92306.0,12781872.62689249,12781872.62689249
2022-11-23,-10.31383143607631,0.0031850000000000003,0.0031850000000000003,313.97,158860.71302709365,1.0,0.9999944500000002,0.9999944500000002,159774.29458349105,-164788.5142152127,7765.0,-90007.0,0.321685,-24.731524999999948,-576.8548000000015,-97772.0,-10.367519154008171,0.1306,0.1306,7.66,158860.71302709365,1.0,1.000396,1.000396,159710.1626117619,-165579.8169967201,10964.0,-90439.0,13.1906,-1431.8983999999932,-70982.10000000011,-101403.0,12708857.04216749,12708857.04216749
2022-11-24,-9.018681775403634,0.0031630000000000004,0.0031630000000000004,316.16,158952.74509160616,1.0,1.0000140800000001,1.0000140800000001,158858.47629974733,-143269.40450729214,11753.0,-78254.0,0.31946300000000005,-37.174739000000315,198.01539999999818,-90007.0,-7.976588440075384,0.1295,0.1295,7.72,158952.74509160616,1.0,0.99974,0.99974,158902.02755425777,-126749.60760938327,21209.0,-69230.0,13.0795,-2746.565500000004,9948.29000000011,-90439.0,12716219.607328491,12716219.607328491
2022-11-25,-8.661245995998406,0.003146,0.003146,317.86,159056.83183190614,1.0,0.99998756,0.99998756,158954.72248835393,-137674.59536972933,3056.0,-75198.0,0.317746,-9.614175999999945,133.03180000000273,-78254.0,-7.258177154818621,0.1282,0.1282,7.8,159056.83183190614,1.0,0.9999600000000001,0.9999600000000001,158959.1034557444,-115375.33332529335,6212.0,-63018.0,12.9482,-796.3783999999978,8999.89999999993,-69230.0,12724546.54655249,12724546.54655249
2022-11-26,-8.589679173750893,0.003138,0.003138,318.67,159087.97764598113,1.0,0.9999864600000001,0.9999864600000001,159058.98549056967,-136626.56550662918,573.0,-74625.0,0.31693800000000005,-1.798074000000017,60.15839999999755,-75198.0,-7.1706463538539005,0.1278,0.1278,7.82,159087.97764598113,1.0,0.9993960000000001,0.9993960000000001,159152.96021987894,-114122.95939057297,684.0,-62334.0,12.9078,-87.4152000000004,2520.720000000058,-63018.0,12727038.21167849,12727038.21167849
2022-11-27,-8.514500010347497,0.003126,0.003126,319.9,159025.86835548113,1.0,1.0000073999999999,1.0000073999999999,159086.80040365816,-135454.45636830974,640.0,-73985.0,0.315726,-2.0006400000000113,89.55000000000257,-74625.0,-7.114936413253345,0.1286,0.1286,7.78,159025.86835548113,1.0,1.000508,1.000508,159007.20198737155,-113132.61313894794,541.0,-61793.0,12.9886,-69.57260000000026,-4986.720000000005,-62334.0,12722069.46843849,12722069.46843849
2022-11-28,-8.506760555765783,0.0030659999999999997,0.0030659999999999997,326.16,159343.50551378113,1.0,1.0000065599999999,1.0000065599999999,159024.82515262815,-135278.61099959275,96.0,-73889.0,0.309666,-0.29433600000000126,443.91000000000037,-73985.0,-6.7722891518735135,0.1245,0.1245,8.03,159343.50551378113,1.0,0.9997349999999999,0.9997349999999999,159068.02138114715,-107725.46356095269,2954.0,-58839.0,12.574499999999999,-367.7729999999982,25335.13000000001,-61793.0,12747480.44110249,12747480.44110249
2022-11-29,-9.20906791786299,0.0030919999999999997,0.0030919999999999997,323.42,159314.99025218113,1.0,1.0000146399999998,1.0000146399999998,159341.17275901197,-146738.36820496814,-6259.0,-80148.0,0.306108,-19.3528279999999,-192.11139999999935,-73889.0,-7.583992044130253,0.1247,0.1247,8.02,159314.99025218113,1.0,1.000094,1.000094,159328.5286320897,-120834.62935487475,-7161.0,-66000.0,12.3453,-892.976700000005,-1176.7800000000793,-58839.0,12745199.22017449,12745199.22017449
2022-11-30,-8.915593423643491,0.0031869999999999997,0.0031869999999999997,313.77,158742.28950649363,1.0,0.9999849899999999,0.9999849899999999,159317.38160607906,-142040.8999719259,2565.0,-77583.0,0.321887,-8.174654999999989,-761.4060000000006,-80148.0,-7.725475586202156,0.1315,0.1315,7.6,158742.28950649363,1.0,0.9994,0.9994,159410.63663416164,-123152.29814981588,-1266.0,-67266.0,13.0185,-166.47900000000107,-44879.99999999998,-66000.0,12699383.16051949,12699383.16051949
2022-12-01,-7.093103147106371,0.0031450000000000002,0.0031450000000000002,317.97,158926.45687605615,1.0,1.0000156500000001,1.0000156500000001,158739.80522854178,-112595.7812037622,16083.0,-61500.0,0.317645,-50.58103500000014,325.84859999999856,-77583.0,-5.648115716728982,0.129,0.129,7.75,158926.45687605615,1.0,0.99975,0.99975,158781.9850027443,-89681.90250274257,18282.0,-48984.0,13.029,-2358.377999999992,16816.5,-67266.0,12714116.55008449,12714116.55008449
2022-12-02,-7.009697831818385,0.003191,0.003191,313.38,158505.40178190614,1.0,0.9999955799999999,0.9999955799999999,158927.15933410043,-111403.13642012989,652.0,-60848.0,0.322291,-2.080532,-282.8999999999996,-61500.0,-5.563483917799234,0.1358,0.1358,7.36,158505.40178190614,1.0,0.999488,0.999488,159007.86890493546,-88463.77214561372,665.0,-48319.0,13.7158,-90.3069999999998,-33309.11999999999,-48984.0,12680432.14255249,12680432.14255249
2022-12-03,-6.114341203745569,0.003196,0.003196,312.89,158582.33175755612,1.0,0.99999644,0.99999644,158505.96606314532,-96915.95593393863,7913.0,-52935.0,0.32279599999999997,-25.289947999999814,-30.424000000000028,-60848.0,-3.435854633569024,0.134,0.134,7.46,158582.33175755612,1.0,0.9996400000000001,0.9996400000000001,158562.48427624558,-54479.76463107539,18562.0,-29757.0,13.534,-2487.3080000000064,8697.419999999986,-48319.0,12686586.540604489,12686586.540604489
2022-12-04,-5.637117868298747,0.003221,0.003221,310.46,158379.89826196863,1.0,0.99999166,0.99999166,158583.65434523337,-89395.47515296272,4107.0,-48828.0,0.325321,-13.228647000000121,-132.33750000000012,-52935.0,-3.205725316499532,0.1393,0.1393,7.18,158379.89826196863,1.0,1.0001740000000001,1.0001740000000001,158554.74323223368,-50828.295443065435,1995.0,-27762.0,14.0693,-277.90350000000086,-15771.209999999981,-29757.0,12670391.860957488,12670391.860957488
2022-12-05,-4.969549780797775,0.0031929999999999997,0.0031929999999999997,313.19,158471.0571428811,1.0,1.0000156699999998,1.0000156699999998,158377.4164878523,-78706.44553905242,5839.0,-42989.0,0.322493,-18.64392700000001,136.7184000000012,-48828.0,-1.519848267533919,0.136,0.136,7.35,158471.0571428811,1.0,0.9996,0.9996,158443.2755721975,-24080.97378808037,14609.0,-13153.0,13.735999999999999,-1986.8239999999887,9161.460000000003,-27762.0,12677684.571430488,12677684.571430488
2022-12-06,-5.175695883963634,0.0031830000000000005,0.0031830000000000005,314.17,158453.7459200061,1.0,1.0000031100000002,1.0000031100000002,158470.5642994261,-82019.54473739341,-1810.0,-44799.0,0.31511700000000004,-5.761229999999984,42.98899999999765,-42989.0,-1.944589222032397,0.13670000000000002,0.13670000000000002,7.32,158453.7459200061,1.0,1.000644,1.000644,158369.06746343462,-30796.278169271653,-3668.0,-16821.0,13.5333,-501.4155999999977,-920.7100000000038,-13153.0,12676299.673600487,12676299.673600487
2022-12-07,-5.392321636436477,0.0031019999999999997,0.0031019999999999997,322.37,158539.8431645061,1.0,0.9999917399999999,0.9999917399999999,158455.05475875843,-85444.06201783798,-1870.0,-46669.0,0.307098,-5.800739999999988,362.8719000000023,-44799.0,-1.917853152271917,0.1328,0.1328,7.53,158539.8431645061,1.0,0.9999840000000001,0.9999840000000001,158456.28122050563,-30389.58784360321,222.0,-16599.0,13.412799999999999,-29.481599999999908,6560.19000000001,-16821.0,12683187.453160487,12683187.453160487
2022-12-08,-6.851837904518877,0.0031450000000000002,0.0031450000000000002,317.97,158489.82597156859,1.0,1.0000156500000001,1.0000156500000001,158537.36205478993,-108627.23066094425,-12663.0,-59332.0,0.311355,-39.82513500000011,-200.6767000000012,-46669.0,-3.1527918658386644,0.1342,0.1342,7.45,158489.82597156859,1.0,0.9997900000000002,0.9997900000000002,158573.14352464626,-49994.81170449719,-10708.0,-27307.0,13.2858,-1437.0135999999986,-2323.860000000009,-16599.0,12679186.077725487,12679186.077725487
2022-12-09,-6.493232431516848,0.003118,0.003118,320.72,158477.9808991186,1.0,1.00000496,1.00000496,158489.03986593086,-102910.61736974289,3122.0,-56210.0,0.31491800000000003,-9.73439600000003,160.19639999999882,-59332.0,-3.1596174908179333,0.13460000000000003,0.13460000000000003,7.43,158477.9808991186,1.0,1.0000780000000002,1.0000780000000002,158477.46472931965,-50072.816945924045,-43.0,-27350.0,13.3254,-5.787800000000031,-1092.2800000000252,-27307.0,12678238.471929487,12678238.471929487
2022-12-10,-6.81251294259469,0.003126,0.003126,319.9,158465.2420224436,1.0,1.0000073999999999,1.0000073999999999,158476.80817073814,-107962.53067642494,-2759.0,-58969.0,0.30947399999999997,-8.624634000000048,-44.96799999999817,-56210.0,-3.034289866396842,0.1349,0.1349,7.41,158465.2420224436,1.0,0.999609,0.999609,158539.9700273993,-48105.62244729968,1075.0,-26275.0,13.6249,-145.0175,-820.4999999999825,-27350.0,12677219.361795487,12677219.361795487
2022-12-11,-6.68683431751932,0.0030740000000000003,0.0030740000000000003,325.31,158634.4545048436,1.0,1.0000029400000001,1.0000029400000001,158464.77613600175,-105962.77031842331,1092.0,-57877.0,0.310474,-3.356808000000023,306.638799999999,-58969.0,-2.885915421465964,0.1298,0.1298,7.7,158634.4545048436,1.0,0.99946,0.99946,158550.85948656633,-45756.43704789649,1283.0,-24992.0,13.1098,-166.53339999999932,13400.249999999995,-26275.0,12690756.360387487,12690756.360387487
2022-12-12,-7.573288314269994,0.003069,0.003069,325.84,158605.0272336186,1.0,1.00000296,1.00000296,158633.98494824814,-120138.09044546497,-7742.0,-65619.0,0.303831,-23.76019799999991,28.938500000000026,-57877.0,-4.533841793803709,0.13,0.13,7.69,158605.0272336186,1.0,0.9997,0.9997,158682.05912258037,-71943.93515767858,-14304.0,-39296.0,12.87,-1859.5200000000111,-499.83999999998935,-24992.0,12688402.178689487,12688402.178689487
2022-12-13,-7.907674088620112,0.003142,0.003142,318.27,158218.15627149362,1.0,1.0000043399999998,1.0000043399999998,158604.33889078785,-125419.14209894063,-2885.0,-68504.0,0.311058,-9.064669999999937,-479.01869999999826,-65619.0,-5.038419800134843,0.1376,0.1376,7.27,158218.15627149362,1.0,1.000352,1.000352,158549.21790891467,-79883.75188081696,-4336.0,-43632.0,13.622399999999999,-596.6336000000036,-29864.959999999992,-39296.0,12657452.501719488,12657452.501719488
2022-12-14,-6.264101733600343,0.003079,0.003079,324.78,158209.5954673686,1.0,0.9999976199999999,0.9999976199999999,158218.53283160177,-99109.69857981395,14370.0,-54134.0,0.310979,-44.24522999999998,431.5751999999981,-68504.0,-2.301389882371923,0.1371,0.1371,7.29,158209.5954673686,1.0,0.999459,0.999459,158303.7986265506,-36431.87605001858,23733.0,-19899.0,13.847100000000001,-3253.7943000000055,2181.5999999999535,-43632.0,12656767.637389489,12656767.637389489
2022-12-15,-6.924976370086506,0.003003,0.003003,333.0,158338.24860210612,1.0,0.999999,0.999999,158209.7536771223,-109559.88057312786,-5707.0,-59841.0,0.29729700000000003,-17.138120999999874,411.4183999999998,-54134.0,-1.557493330851338,0.1317,0.1317,7.59,158338.24860210612,1.0,0.999603,0.999603,158272.42962192852,-24650.825359379138,6435.0,-13464.0,13.3017,-847.4895000000024,10745.46000000002,-19899.0,12667059.888168488,12667059.888168488
2022-12-16,-8.643854937565646,0.002632,0.002632,379.94,158568.1634752561,1.0,1.00000208,1.00000208,158337.91925923407,-136865.0005192801,-14914.0,-74755.0,0.26056799999999997,-39.25364800000035,2220.101100000001,-59841.0,-3.2134780522379978,0.1184,0.1184,8.45,158568.1634752561,1.0,1.00048,1.00048,158262.28270640704,-50857.237197412425,-14314.0,-27778.0,11.7216,-1694.7775999999913,17907.120000000003,-13464.0,12685453.078020487,12685453.078020487
2022-12-17,-13.213884096339724,0.002672,0.002672,374.25,158466.64011675608,1.0,0.999996,0.999996,158568.7977504471,-209530.9714770343,-39690.0,-114445.0,0.264528,-106.0516800000003,-299.02000000000027,-74755.0,-7.712545887175038,0.1195,0.1195,8.37,158466.64011675608,1.0,1.0002149999999999,1.0002149999999999,158534.0786483467,-122270.13562563904,-39006.0,-66784.0,11.830499999999999,-4661.217000000015,-3055.579999999984,-27778.0,12677331.209340487,12677331.209340487
2022-12-18,-14.657636816121528,0.0026590000000000003,0.0026590000000000003,376.08,158468.4194522936,1.0,0.9999967200000001,0.9999967200000001,158467.15988904051,-232275.4076935817,-12423.0,-126868.0,0.263241,-33.03275700000028,148.7784999999963,-114445.0,-8.98127227957234,0.1193,0.1193,8.38,158468.4194522936,1.0,0.9997340000000001,0.9997340000000001,158508.80345847603,-142361.0722569791,-10973.0,-77757.0,11.810699999999999,-1309.0789000000093,1335.6799999999716,-66784.0,12677473.556183487,12677473.556183487
2022-12-19,-15.129713481286275,0.002529,0.002529,395.41,159009.2356162811,1.0,0.9999918900000001,0.9999918900000001,158469.70464159822,-239760.1226691443,-4089.0,-130957.0,0.250371,-10.341081000000013,1649.2840000000015,-126868.0,-9.351552263813804,0.1139,0.1139,8.78,159009.2356162811,1.0,1.0000419999999999,1.0000419999999999,158461.76405820317,-148186.34684064187,-3182.0,-80939.0,11.276100000000001,-362.42979999999756,41988.77999999993,-77757.0,12720738.849302487,12720738.849302487
2022-12-20,-16.846639392254193,0.002587,0.002587,386.55,158411.1168466311,1.0,1.00000485,1.00000485,159008.46442522862,-267875.8260487906,-15356.0,-146313.0,0.256113,-39.72597200000009,-759.5505999999963,-130957.0,-10.98313406112338,0.1195,0.1195,8.37,158411.1168466311,1.0,1.0002149999999999,1.0002149999999999,158975.0559792456,-174604.43521946485,-14430.0,-95369.0,11.830499999999999,-1724.3850000000054,-45325.839999999895,-80939.0,12672889.347730488,12672889.347730488
2022-12-21,-16.094760211026973,0.0025340000000000002,0.0025340000000000002,394.63,158683.54590493112,1.0,0.9999924200000001,0.9999924200000001,158412.3176119986,-254960.82664381625,7054.0,-139259.0,0.255934,-17.874835999999863,775.4588999999958,-146313.0,-9.194895953604483,0.11710000000000001,0.11710000000000001,8.54,158683.54590493112,1.0,1.000034,1.000034,158405.73105177534,-145652.42154757289,15814.0,-79555.0,11.827100000000002,-1851.8194000000103,22888.559999999852,-95369.0,12694683.672394488,12694683.672394488
2022-12-22,-16.399872086360286,0.002566,0.002566,389.71,158537.6737968811,1.0,0.99999586,0.99999586,158684.20285753097,-260240.06289895554,-2884.0,-142143.0,0.254034,-7.400344000000037,-445.6287999999973,-139259.0,-9.257089517880049,0.1185,0.1185,8.44,158537.6737968811,1.0,1.0001399999999998,1.0001399999999998,158661.33331826658,-146874.2165553398,-667.0,-80222.0,11.731499999999999,-79.03950000000063,-11137.699999999904,-79555.0,12683013.903750489,12683013.903750489
2022-12-23,-15.525248131150436,0.0025940000000000004,0.0025940000000000004,385.51,158583.66383490612,1.0,1.0000129400000002,1.0000129400000002,158535.62234592793,-246130.48745468888,7707.0,-134436.0,0.261994,-19.991957999999887,-398.00040000000354,-142143.0,-8.56101595899783,0.11789999999999999,0.11789999999999999,8.48,158583.66383490612,1.0,0.999792,0.999792,158570.65649343174,-135752.5920869032,6074.0,-74148.0,11.9079,-716.1246000000034,4813.32000000004,-80222.0,12686693.106792489,12686693.106792489
2022-12-24,-14.30042743569431,0.002592,0.002592,385.8,158692.2785704561,1.0,0.9999936,0.9999936,158584.67877685028,-226782.8691261239,10568.0,-123868.0,0.26179199999999997,-27.392255999999822,26.8872000000045,-134436.0,-8.355491217445678,0.1167,0.1167,8.57,158692.2785704561,1.0,1.000119,1.000119,158564.79462434584,-132488.67488797993,1783.0,-72365.0,11.7867,-208.07609999999966,8897.759999999942,-74148.0,12695382.285636488,12695382.285636488
2022-12-25,-13.595724382749864,0.002591,0.002591,385.95,158680.4172505436,1.0,0.9999964499999999,0.9999964499999999,158692.84193004496,-215754.41403961825,6023.0,-117845.0,0.261691,-15.60559300000006,12.386799999998637,-123868.0,-8.566484028110608,0.1168,0.1168,8.56,158680.4172505436,1.0,0.999808,0.999808,158722.75333909722,-135969.5931377116,-1901.0,-74266.0,11.5632,-222.03679999999918,-723.6499999999846,-72365.0,12694433.380043488,12694433.380043488
2022-12-26,-13.080121639421828,0.002652,0.002652,377.07,158641.7983979936,1.0,0.9999896399999999,0.9999896399999999,158682.0611966976,-207558.0662446983,4477.0,-113368.0,0.267852,-11.873003999999945,-718.8544999999993,-117845.0,-8.440162946915507,0.11710000000000001,0.11710000000000001,8.54,158641.7983979936,1.0,1.000034,1.000034,158675.0222997854,-133924.30438156406,1117.0,-73149.0,11.827100000000002,-130.80070000000072,-2227.9800000000846,-74266.0,12691343.871839488,12691343.871839488
2022-12-27,-11.235353133742194,0.002603,0.002603,384.17,158708.0957950061,1.0,0.99999451,0.99999451,158642.66934624832,-178240.6412184598,16013.0,-97355.0,0.262903,-41.68183900000035,555.5032000000017,-113368.0,-8.113274335604357,0.1164,0.1164,8.59,158708.0957950061,1.0,0.999876,0.999876,158661.47242057376,-128726.40522390397,2839.0,-70310.0,11.756400000000001,-330.45960000000144,5120.430000000021,-73149.0,12696647.663600488,12696647.663600488
2022-12-28,-11.403048786588446,0.0024820000000000003,0.0024820000000000003,402.9,159100.3249111561,1.0,0.9999978,0.9999978,158708.444953585,-180976.0140649317,-1494.0,-98849.0,0.245718,-3.708108000000018,1177.9954999999973,-97355.0,-8.14041042223845,0.1121,0.1121,8.92,159100.3249111561,1.0,0.999932,0.999932,158718.88867943632,-129203.68956121877,-261.0,-70571.0,11.097900000000001,-29.258099999999963,30233.29999999998,-70310.0,12728025.992892487,12728025.992892487
2022-12-29,-13.465363118498598,0.00244,0.00244,409.84,159289.2890441561,1.0,1.0000095999999998,1.0000095999999998,159098.7975626995,-214232.30808982486,-18164.0,-117013.0,0.24156,-44.32015999999996,415.1658000000009,-98849.0,-9.679938007378784,0.10980000000000001,0.10980000000000001,9.11,159289.2890441561,1.0,1.000278,1.000278,159056.10731332298,-153965.32584879536,-13525.0,-84096.0,10.8702,-1485.0449999999987,16231.33000000003,-70571.0,12743143.123532487,12743143.123532487
2022-12-30,-14.99348503333834,0.002458,0.002458,406.83,159385.3407710811,1.0,0.99998814,0.99998814,159291.17823753,-238832.9896847236,-13437.0,-130450.0,0.24334199999999997,-33.02814600000021,-210.62339999999955,-117013.0,-11.064905020600056,0.10869999999999999,0.10869999999999999,9.2,159385.3407710811,1.0,1.0000399999999998,1.0000399999999998,159282.91772744703,-176245.03560582543,-12169.0,-96265.0,10.761299999999999,-1322.7703000000083,9250.560000000101,-84096.0,12750827.261686487,12750827.261686487
2022-12-31,-14.893922416994984,0.002458,0.002458,406.83,159339.6170097811,1.0,0.99998814,0.99998814,159387.231103642,-237390.10543172937,788.0,-129662.0,0.248258,-1.9369040000000124,-0.0,-130450.0,-11.861583330189385,0.109,0.109,9.17,159339.6170097811,1.0,0.99953,0.99953,159460.28710602093,-189145.1483363991,-7046.0,-103311.0,10.791,-768.0139999999999,-2887.9500000001094,-96265.0,12747169.360782487,12747169.360782487
2023-01-01,-14.600170765629876,0.0024990000000000004,0.0024990000000000004,400.16,159370.7288272186,1.0,0.9999998400000002,0.9999998400000002,159339.64250412385,-232638.59902946246,2595.0,-127067.0,0.25239900000000004,-6.484905000000075,-531.6142000000026,-129662.0,-11.794706853688792,0.10869999999999999,0.10869999999999999,9.2,159370.7288272186,1.0,1.0000399999999998,1.0000399999999998,159333.24368003392,-187928.89012533624,665.0,-102646.0,10.9787,-72.28550000000045,3099.3300000001173,-103311.0,12749658.306177488,12749658.306177488
2023-01-02,-13.190450092638171,0.0025380000000000003,0.0025380000000000003,394.01,158990.75949661862,1.0,0.9999973800000002,0.9999973800000002,159371.1463796221,-210217.7152526938,12246.0,-114821.0,0.256338,-31.080347999999812,-495.56130000000184,-127067.0,-11.684479836491908,0.1116,0.1116,8.96,158990.75949661862,1.0,0.9999360000000002,0.9999360000000002,159380.9292066878,-186228.3253636888,928.0,-101718.0,11.2716,-103.56479999999931,-29767.340000000095,-102646.0,12719260.759729488,12719260.759729488
2023-01-03,-11.473088430742834,0.002529,0.002529,395.41,158689.4308788311,1.0,0.9999918900000001,0.9999918900000001,158992.04892213535,-182412.98370686496,15187.0,-99634.0,0.255429,-38.40792300000005,103.33890000000136,-114821.0,-9.90159676650315,0.11380000000000001,0.11380000000000001,8.79,158689.4308788311,1.0,1.000302,1.000302,158942.758783466,-157378.71064294572,15758.0,-85960.0,11.4938,-1793.2603999999915,-22377.960000000065,-101718.0,12695154.470306488,12695154.470306488
2023-01-04,-10.87072487653628,0.002678,0.002678,373.41,157893.16890658112,1.0,0.99999198,0.99999198,158690.7035782738,-172508.29790633856,5410.0,-94224.0,0.270478,-14.487980000000075,-1484.546599999997,-99634.0,-7.980447191775914,0.1208,0.1208,8.28,157893.16890658112,1.0,1.000224,1.000224,158653.89240693196,-126612.90101232182,16804.0,-69156.0,12.200800000000001,-2029.9232000000152,-60171.99999999994,-85960.0,12631453.512526488,12631453.512526488
2023-01-05,-6.258709486115836,0.002692,0.002692,371.47,158125.7954113811,1.0,0.99999724,0.99999724,157893.60469293006,-98821.02014886653,40248.0,-53976.0,0.271892,-108.34761600000111,-131.91360000000117,-94224.0,-3.414498158232364,0.1174,0.1174,8.52,158125.7954113811,1.0,1.000248,1.000248,157854.021109346,-53899.22643474346,39716.0,-29440.0,11.8574,-4662.6583999999975,23513.03999999999,-69156.0,12650063.632910488,12650063.632910488
2023-01-06,-4.451188592642724,0.0027860000000000003,0.0027860000000000003,358.94,158102.9303969811,1.0,1.0000068400000002,1.0000068400000002,158124.71383833844,-70384.29224521072,15532.0,-38444.0,0.281386,-43.27215200000017,-507.37440000000106,-53976.0,-3.508292662583947,0.1178,0.1178,8.49,158102.9303969811,1.0,1.000122,1.000122,158106.50641759817,-55468.38963716413,-857.0,-30297.0,11.662199999999999,-100.95460000000068,-1177.599999999975,-29440.0,12648234.431758488,12648234.431758488
2023-01-07,-1.3939172585995423,0.002768,0.002768,361.27,158112.2676110311,1.0,0.99999536,0.99999536,158103.66399798205,-22038.34258946103,26407.0,-12037.0,0.279568,-73.0945759999998,69.19920000000091,-38444.0,-3.3523720334669456,0.11750000000000001,0.11750000000000001,8.51,158112.2676110311,1.0,0.9999250000000001,0.9999250000000001,158114.78900615656,-53005.95967417661,1345.0,-28952.0,11.8675,-158.03749999999962,908.9099999999806,-30297.0,12648981.408882488,12648981.408882488
2023-01-08,-0.8617427168287494,0.002974,0.002974,336.25,157984.59265065612,1.0,1.0000075,1.0000075,158111.08177791777,-13625.107317203543,4595.0,-7442.0,0.300374,-13.665529999999892,-247.96220000000008,-12037.0,-3.4560501428453176,0.12090000000000001,0.12090000000000001,8.27,157984.59265065612,1.0,0.999843,0.999843,158137.0951349673,-54652.973023034734,-899.0,-29851.0,11.9691,-108.68910000000061,-9843.679999999997,-28952.0,12638767.412052488,12638767.412052488
2023-01-09,3.96468945561645,0.0031680000000000002,0.0031680000000000002,315.66,157920.9532693561,1.0,1.00001088,1.00001088,157982.8737969892,62635.30339109075,41653.0,34211.0,0.31996800000000003,-131.95670400000017,-144.37480000000022,-7442.0,-1.719119415918432,0.1219,0.1219,8.2,157920.9532693561,1.0,0.9995799999999999,0.9995799999999999,158050.97405976124,-27170.8498210956,15010.0,-14841.0,12.3119,-1829.7190000000019,-2985.0999999999894,-29851.0,12633676.261548487,12633676.261548487
2023-01-10,7.613176266406355,0.003222,0.003222,310.37,157806.9788336811,1.0,1.00001214,1.00001214,157919.03613225746,120226.545789587,31457.0,65668.0,0.325422,-101.35445400000009,184.73939999999865,34211.0,-0.639796918687969,0.1273,0.1273,7.86,157806.9788336811,1.0,1.000578,1.000578,157829.72768675318,-10097.89734513459,9326.0,-5515.0,12.8573,-1187.1997999999996,-8014.140000000014,-14841.0,12624558.306694487,12624558.306694487
2023-01-11,9.99713515616544,0.0032300000000000002,0.0032300000000000002,309.6,157538.2077158061,1.0,1.0000080000000002,1.0000080000000002,157805.71638794994,157760.5075145847,20501.0,86169.0,0.32623,-66.21823000000022,52.534400000001504,65668.0,2.453476918962392,0.1586,0.1586,6.31,157538.2077158061,1.0,1.0007659999999998,1.0007659999999998,157686.19121121333,38687.94305758023,26646.0,21131.0,16.0186,-4226.055599999996,-17261.949999999993,-5515.0,12603056.617264487,12603056.617264487
2023-01-12,11.292363723125405,0.003293,0.003293,303.67,157326.3944308061,1.0,0.99998531,0.99998531,157540.52198607405,177900.4875397783,11000.0,97169.0,0.33259299999999997,-36.22299999999989,542.8646999999976,86169.0,8.755178657217897,0.1543,0.1543,6.48,157326.3944308061,1.0,0.999864,0.999864,157559.63582627848,137946.2760825258,54215.0,75346.0,15.5843,-8365.374500000054,-9086.329999999994,21131.0,12586111.554464487,12586111.554464487
2023-01-13,12.368689131441696,0.0034560000000000003,0.0034560000000000003,289.35,157812.9043219561,1.0,0.9999936000000001,0.9999936000000001,157327.40132617456,194593.3718861021,9118.0,106287.0,0.34905600000000003,-31.511808000000133,1583.8547000000035,97169.0,10.64574944395438,0.15960000000000002,0.15960000000000002,6.27,157812.9043219561,1.0,1.0006920000000001,1.0006920000000001,157217.5998517087,167369.91762011702,16071.0,91417.0,16.119600000000002,-2564.931600000017,39933.380000000085,75346.0,12625032.345756488,12625032.345756488
2023-01-14,13.614053156638096,0.003525,0.003525,283.69,158909.82817539363,1.0,1.00000725,1.00000725,157811.76018669477,214845.76919242862,11061.0,117348.0,0.356025,-38.990025,733.3802999999959,106287.0,12.33098317664253,0.16940000000000002,0.16940000000000002,5.9,158909.82817539363,1.0,0.9994600000000002,0.9994600000000002,157898.1693333961,194703.96696727606,14930.0,106347.0,17.1094,-2529.1419999999935,89588.66000000003,91417.0,12712786.254031489,12712786.254031489
2023-01-15,14.858162567386955,0.003507,0.003507,285.14,158689.86093515612,1.0,0.9999859799999999,0.9999859799999999,158912.05612242047,236114.11637846427,11617.0,128965.0,0.354207,-40.740818999999796,-211.2263999999963,117348.0,13.93175557028139,0.168,0.168,5.95,158689.86093515612,1.0,0.9996,0.9996,158973.41754241058,221477.8795373148,14624.0,120971.0,16.968,-2456.8319999999894,-14888.58000000006,106347.0,12695188.87481249,12695188.87481249
2023-01-16,15.815817917993726,0.003504,0.003504,285.39,158582.54944040615,1.0,1.00000656,1.00000656,158688.8199364973,250979.34817369343,8120.0,137085.0,0.353904,-28.452480000000058,-38.6895000000029,128965.0,14.815560889076057,0.1674,0.1674,5.97,158582.54944040615,1.0,0.9993779999999999,0.9993779999999999,158788.62746143717,235254.25786477368,7524.0,128495.0,16.9074,-1259.517600000005,-7258.260000000275,120971.0,12686603.95523249,12686603.95523249
2023-01-17,16.008762215091977,0.0034549999999999997,0.0034549999999999997,289.44,159181.98796746865,1.0,1.0000152,1.0000152,158580.139022293,253867.17376441168,1577.0,138662.0,0.34895499999999996,-5.4485349999999775,-671.7165000000022,137085.0,14.699909751001185,0.17120000000000002,0.17120000000000002,5.84,159181.98796746865,1.0,0.9998080000000001,0.9998080000000001,158613.00313700843,233159.68314492918,-1144.0,127351.0,16.948800000000002,-195.85279999999875,48828.100000000326,128495.0,12734559.03739749,12734559.03739749
2023-01-18,14.71203271368433,0.0032640000000000004,0.0032640000000000004,306.37,157071.56071986863,1.0,0.9999916800000002,0.9999916800000002,159183.31237262758,234191.00990987284,-10747.0,127915.0,0.32313600000000003,-35.07820799999988,-2648.444199999993,138662.0,15.07678041100605,0.1582,0.1582,6.32,157071.56071986863,1.0,0.999824,0.999824,159210.00892904017,240037.4343857451,3757.0,131108.0,15.978200000000001,-594.3574000000029,-165556.3000000001,127351.0,12565724.85758949,12565724.85758949
2023-01-19,8.687821734468914,0.003379,0.003379,295.95,157608.85225613113,1.0,1.00001505,1.00001505,157069.19682845636,136458.91820218388,-53381.0,74534.0,0.33452099999999996,-180.37439900000112,1471.0224999999941,127915.0,10.379550568083047,0.16190000000000002,0.16190000000000002,6.18,157608.85225613113,1.0,1.000542,1.000542,156986.47405093303,162944.90459167166,-42108.0,89000.0,16.028100000000002,-6817.285199999969,48509.96000000013,131108.0,12608708.18049049,12608708.18049049
2023-01-20,8.76692565401678,0.0036520000000000003,0.0036520000000000003,273.82,159056.72024458114,1.0,0.99999064,0.99999064,157610.3274887964,138175.80233995157,937.0,75471.0,0.368852,-3.421923999999989,2034.7782000000034,74534.0,9.664655489110364,0.1748,0.1748,5.72,159056.72024458114,1.0,0.999856,0.999856,157631.55119950385,152345.46365572663,-5789.0,83211.0,17.3052,-1011.9172000000068,114809.99999999993,89000.0,12724537.61956649,12724537.61956649
2023-01-21,12.440551127093595,0.003687,0.003687,271.22,158391.10366354365,1.0,0.9999881400000001,0.9999881400000001,159058.60667965634,197877.67286025354,32609.0,108080.0,0.372387,-120.22938299999987,264.14850000000024,75471.0,11.933591795459028,0.1688,0.1688,5.92,158391.10366354365,1.0,0.9992960000000001,0.9992960000000001,159168.77506222494,189945.51881758313,20537.0,103748.0,17.0488,-3466.6456000000194,-49926.600000000115,83211.0,12671288.29308349,12671288.29308349
2023-01-22,14.598148725523378,0.0037640000000000004,0.0037640000000000004,265.67,158976.49855529366,1.0,0.9999818800000002,0.9999818800000002,158393.97376234818,231225.87862094064,18215.0,126295.0,0.380164,-68.5612599999998,832.2159999999983,108080.0,10.893801609622066,0.1734,0.1734,5.77,158976.49855529366,1.0,1.000518,1.000518,158309.09954997676,172458.79234953568,-9551.0,94197.0,17.1666,-1656.1434000000086,47724.08000000009,103748.0,12718119.88442349,12718119.88442349
2023-01-23,16.367205027490527,0.00375,0.00375,266.67,159702.78698779363,1.0,1.0000125,1.0000125,158974.51137390148,260196.84218017702,15824.0,142119.0,0.37875000000000003,-59.340000000000494,-176.81300000000155,126295.0,11.482092712967932,0.1797,0.1797,5.56,159702.78698779363,1.0,0.9991319999999999,0.9991319999999999,159114.61003680562,182696.870443034,5592.0,99789.0,18.1497,-1004.8824000000023,59344.109999999906,94197.0,12776222.95902349,12776222.95902349
2023-01-24,16.38966727799906,0.0035870000000000003,0.0035870000000000003,278.78,158434.88042450615,1.0,0.99998386,0.99998386,159705.3646323788,261751.77888362072,849.0,142968.0,0.362287,-3.045363000000006,-2316.5396999999975,142119.0,12.997510884766363,0.17,0.17,5.88,158434.88042450615,1.0,0.9996,0.9996,159766.69366525972,207656.93399373465,13633.0,113422.0,17.17,-2317.6100000000233,-96795.32999999989,99789.0,12674790.43396049,12674790.43396049
2023-01-25,11.90608671248748,0.0037319999999999996,0.0037319999999999996,267.95,159521.55543175613,1.0,0.9999893999999998,0.9999893999999998,158436.5598520406,188635.9420026608,-39935.0,103033.0,0.36946799999999996,-149.0374200000005,2073.0359999999937,142968.0,10.121045744587253,0.1779,0.1779,5.62,159521.55543175613,1.0,0.9997980000000001,0.9997980000000001,158466.8907364349,160385.06501459674,-25820.0,87602.0,17.612099999999998,-4593.378000000027,89603.3799999999,113422.0,12761724.43454049,12761724.43454049
2023-01-26,12.65238865334778,0.003796,0.003796,263.44,159829.40121705612,1.0,1.00001824,1.00001824,159518.64581165655,201829.19042648067,7206.0,110239.0,0.383396,-27.353976000000156,659.4112000000017,103033.0,10.946559056824997,0.1808,0.1808,5.53,159829.40121705612,1.0,0.9998239999999999,0.9998239999999999,159549.63616772165,174651.95148049065,7793.0,95395.0,18.2608,-1408.974400000011,25404.579999999925,87602.0,12786352.097364489,12786352.097364489
2023-01-27,13.93966402943395,0.003898,0.003898,256.54,163541.8174421311,1.0,0.9999929200000001,0.9999929200000001,159830.53281722846,222798.39291175822,11453.0,121692.0,0.393698,-44.64379400000014,1124.4377999999986,110239.0,11.863808173063129,0.212,0.212,4.72,163541.8174421311,1.0,1.00064,1.00064,159727.1758245284,189497.25740073316,8108.0,103503.0,21.412,-1718.895999999998,297632.4000000001,95395.0,13083345.395370489,13083345.395370489
2023-01-28,15.817921436935174,0.0038190000000000003,0.0038190000000000003,261.85,162595.3954164186,1.0,1.0000051500000002,1.0000051500000002,163540.97520610876,258687.82975299918,19603.0,141295.0,0.38571900000000003,-74.86385700000034,-961.3667999999955,121692.0,15.060962904075508,0.2054,0.2054,4.87,162595.3954164186,1.0,1.000298,1.000298,163493.0964993743,246236.34614495136,30991.0,134494.0,20.7454,-6365.5514000000285,-68311.98000000001,103503.0,13007631.633313488,13007631.633313488
2023-01-29,14.450870565601424,0.003975,0.003975,251.57,163369.8308042311,1.0,0.99999075,0.99999075,162596.8994377384,234966.67481428687,-12957.0,128338.0,0.393525,-51.50407500000008,2204.202,141295.0,15.516898452384972,0.20989999999999998,0.20989999999999998,4.76,163369.8308042311,1.0,0.9991239999999998,0.9991239999999998,162737.9538640035,252518.8304456653,3431.0,137925.0,21.1999,-720.1669000000037,60522.2999999999,134494.0,13069586.464338489,13069586.464338489
2023-01-30,16.039139635772436,0.003725,0.003725,268.46,161156.10151641862,1.0,1.0000134999999999,1.0000134999999999,163367.625341289,262027.615481349,14781.0,143119.0,0.376225,-55.05922499999968,-3208.450000000003,128338.0,16.281144486635714,0.1974,0.1974,5.07,161156.10151641862,1.0,1.000818,1.000818,163236.3035079616,265767.3842877443,7237.0,145162.0,19.9374,-1428.583800000013,-172406.25,137925.0,12892488.121313488,12892488.121313488
2023-01-31,10.204418082747662,0.003902,0.003902,256.28,161215.4622339936,1.0,1.0000045599999998,1.0000045599999998,161155.36664794674,164449.6737554137,-53297.0,89822.0,0.386298,-207.9648940000009,2533.206299999999,143119.0,12.883320901188934,0.198,0.198,5.05,161215.4622339936,1.0,0.9999,0.9999,161172.21873829246,207643.3414362038,-31748.0,113414.0,19.602,-6286.104000000013,8709.72000000033,145162.0,12897236.978719488,12897236.978719488
2023-02-01,11.13626614492566,0.0039700000000000004,0.0039700000000000004,251.89,162826.27443736861,1.0,1.0000033000000002,1.0000033000000002,161214.93022472382,179533.23695181444,8239.0,98061.0,0.40097000000000005,-32.70883000000024,610.7896000000026,89822.0,11.712187676269924,0.2095,0.2095,4.77,162826.27443736861,1.0,0.9993149999999998,0.9993149999999998,161325.97052380245,188948.0043831164,-10211.0,103203.0,20.7405,-2139.2044999999844,130426.09999999985,113414.0,13026101.954989487,13026101.954989487
2023-02-02,12.532707833125984,0.003981,0.003981,251.19,163127.0377526061,1.0,0.99998739,0.99998739,162828.32770258095,204067.9858052941,13401.0,111462.0,0.402081,-53.349381000000164,107.86709999999901,98061.0,13.08932067716994,0.2121,0.2121,4.71,163127.0377526061,1.0,0.9989910000000001,0.9989910000000001,162990.73208604343,213343.79596809144,13325.0,116528.0,21.4221,-2826.2324999999937,26832.780000000163,103203.0,13050163.020208487,13050163.020208487
2023-02-03,13.004857508292847,0.004038,0.004038,247.65,163331.2727253561,1.0,1.0000107,1.0000107,163125.29231197835,212142.11825158974,4410.0,115872.0,0.407838,-17.807579999999938,635.333399999998,111462.0,13.99709287307635,0.2136,0.2136,4.68,163331.2727253561,1.0,0.999648,0.999648,163184.47868910467,228410.83036559462,8230.0,124758.0,21.5736,-1757.9279999999965,17479.199999999833,116528.0,13066501.818028487,13066501.818028487
2023-02-04,13.88580226347879,0.003994,0.003994,250.38,162816.3815655811,1.0,1.00001772,1.00001772,163328.37854648827,226794.55685111476,8003.0,123875.0,0.403394,-31.96398199999998,-509.83680000000174,115872.0,14.363168653925008,0.2104,0.2104,4.75,162816.3815655811,1.0,0.9994000000000001,0.9994000000000001,163429.3303235502,234736.30344351722,3455.0,128213.0,21.2504,-726.9319999999997,-39922.560000000034,124758.0,13025310.525246488,13025310.525246488
2023-02-05,13.05413806917255,0.003923,0.003923,254.91,161243.6791333561,1.0,1.00001193,1.00001193,162814.43918932157,212540.21688323017,-7786.0,116089.0,0.388377,-30.544478000000076,-879.5124999999994,123875.0,13.396930619960068,0.20079999999999998,0.20079999999999998,4.98,161243.6791333561,1.0,0.999984,0.999984,162818.98666936782,218127.46680217242,-9072.0,119141.0,19.879199999999997,-1821.6576000000089,-123084.48000000011,128213.0,12899494.330668489,12899494.330668489
2023-02-06,10.997367777705326,0.003823,0.003823,261.57,160411.0248591561,1.0,0.9999821099999999,0.9999821099999999,161246.56383438312,177328.776537795,-19232.0,96857.0,0.37847699999999995,-73.5239360000004,-1160.890000000001,116089.0,10.16561516797759,0.19579999999999997,0.19579999999999997,5.11,160411.0248591561,1.0,1.000538,1.000538,161156.97667990235,163825.9806562626,-29660.0,89481.0,19.3842,-5807.4279999999535,-59570.5,119141.0,12832881.988732489,12832881.988732489
2023-02-07,7.917554138289004,0.0039889999999999995,0.0039889999999999995,250.69,161769.77704111862,1.0,1.0000024099999998,1.0000024099999998,160410.63826951792,127005.99128564021,-27487.0,69370.0,0.39491099999999996,-109.64564300000056,1607.8262000000004,96857.0,7.664184389508434,0.20829999999999999,0.20829999999999999,4.8,161769.77704111862,1.0,0.9998399999999998,0.9998399999999998,160436.694730313,122961.64112563951,-22320.0,67161.0,20.621699999999997,-4649.2560000000285,111851.25,89481.0,12941582.16328949,12941582.16328949
2023-02-08,9.505341771826869,0.003942,0.003942,253.68,161124.59321719361,1.0,1.00000656,1.00000656,161768.7158383427,153766.69320329896,14617.0,83987.0,0.398142,-57.62021400000002,-326.03899999999874,69370.0,9.21409171351461,0.2011,0.2011,4.97,161124.59321719361,1.0,0.999467,0.999467,161856.04631380388,149135.64551222575,14297.0,81458.0,20.3111,-2875.126700000004,-48355.919999999925,67161.0,12889967.45737549,12889967.45737549
2023-02-09,9.11204310283257,0.0036220000000000002,0.0036220000000000002,276.09,158813.80003606863,1.0,0.99999798,0.99999798,161124.91868952938,146817.7204039385,-3795.0,80192.0,0.358578,-13.745490000000053,-2687.5839999999976,83987.0,7.902311500505182,0.179,0.179,5.59,158813.80003606863,1.0,1.00061,1.00061,161026.36713324234,127248.05128815907,-11955.0,69503.0,17.721,-2139.944999999982,-180022.18000000008,81458.0,12705104.002885489,12705104.002885489
2023-02-10,2.051637128460244,0.003581,0.003581,279.25,158590.7588898811,1.0,0.99999425,0.99999425,158814.71322066966,32583.016218929184,-62395.0,17797.0,0.354519,-223.43649500000006,-328.78720000000385,80192.0,1.7614770186354345,0.1779,0.1779,5.62,158590.7588898811,1.0,0.9997980000000001,0.9997980000000001,158845.88690522348,27980.337928831443,-54220.0,15283.0,17.612099999999998,-9645.738000000058,-7645.329999999961,69503.0,12687260.711190488,12687260.711190488
2023-02-11,-0.6599440641968942,0.003684,0.003684,271.44,158593.4709326811,1.0,0.99998496,0.99998496,158593.14413076884,-10466.26040914234,-23514.0,-5717.0,0.364716,-86.62557600000048,183.30910000000057,17797.0,-0.3136355760981615,0.1801,0.1801,5.55,158593.4709326811,1.0,0.999555,0.999555,158661.36319650355,-4976.184805065503,-18001.0,-2718.0,17.829900000000002,-3241.9800999999907,3362.260000000037,15283.0,12687477.67461449,12687477.67461449
2023-02-12,0.2240801696104292,0.0036409999999999997,0.0036409999999999997,274.65,158597.43679420612,1.0,1.0000006499999998,1.0000006499999998,158593.36784699204,3553.7628766243165,7658.0,1941.0,0.367741,-27.88277800000004,24.583100000000147,-5717.0,-0.511137176159043,0.1778,0.1778,5.62,158597.43679420612,1.0,0.9992360000000001,0.9992360000000001,158714.7289856261,-8112.499838856073,-1713.0,-4431.0,17.6022,-304.5714000000022,625.1400000000011,-2718.0,12687794.943536488,12687794.943536488
2023-02-13,-0.1501468884819342,0.0035930000000000003,0.0035930000000000003,278.32,158595.9428191311,1.0,1.00000376,1.00000376,158596.84047008594,-2381.28221196491,-3242.0,-1301.0,0.355707,-11.648506000000042,-9.316799999999944,1941.0,-1.0108462871881572,0.17629999999999998,0.17629999999999998,5.67,158595.9428191311,1.0,0.9996209999999999,0.9996209999999999,158657.56801248287,-16037.841355972083,-4329.0,-8760.0,17.453699999999998,-763.2027000000054,664.6500000000094,-4431.0,12687675.425530488,12687675.425530488
2023-02-14,-1.060321587083231,0.0038669999999999998,0.0038669999999999998,258.6,158531.1466812811,1.0,1.0000062,1.0000062,158594.959530382,-16816.165919265542,-7884.0,-9185.0,0.382833,-30.487428000000072,-35.647399999999976,-1301.0,-1.424239939732722,0.1814,0.1814,5.51,158531.1466812811,1.0,0.999514,0.999514,158673.05792528277,-22598.85064567114,-3583.0,-12343.0,17.9586,-649.9562,-4467.600000000014,-8760.0,12682491.734502487,12682491.734502487
2023-02-15,3.367687896450416,0.00419,0.00419,238.66,158221.7031282811,1.0,0.9999854,0.9999854,158533.46126981563,53389.12187007489,38346.0,29161.0,0.42319,-160.66974000000104,-296.67549999999994,-9185.0,-0.2205179044482085,0.19940000000000002,0.19940000000000002,5.02,158221.7031282811,1.0,1.000988,1.000988,158374.6725048463,-3492.445089844001,10435.0,-1908.0,20.139400000000002,-2080.7390000000073,-22217.40000000001,-12343.0,12657736.250262488,12657736.250262488
2023-02-16,9.036012050426834,0.0038740000000000003,0.0038740000000000003,258.13,158150.0138089561,1.0,0.9999956200000001,0.9999956200000001,158222.3961423762,142969.94781899196,48929.0,78090.0,0.391274,-189.55094599999944,-921.4875999999989,29161.0,4.261372962538606,0.1859,0.1859,5.38,158150.0138089561,1.0,1.000142,1.000142,158199.23883636633,67414.59590714789,38730.0,36822.0,18.7759,-7199.9070000000065,2575.800000000003,-1908.0,12652001.104716487,12652001.104716487
2023-02-17,5.682755727168955,0.004033,0.004033,247.95,158526.3185335436,1.0,0.99998235,0.99998235,158152.80520596798,89874.37595520506,-29001.0,49089.0,0.399267,-116.96103300000026,1241.6309999999976,78090.0,2.6625774522389647,0.1945,0.1945,5.14,158526.3185335436,1.0,0.99973,0.99973,158192.72584493423,42120.038494294204,-13816.0,23006.0,19.255499999999998,-2687.21200000002,31666.91999999998,36822.0,12682105.482683487,12682105.482683487
2023-02-18,6.751818428431784,0.00406,0.00406,246.31,158525.1754182936,1.0,1.0000186,1.0000186,158523.36999886163,107032.10108954243,9372.0,58461.0,0.41006000000000004,-38.05032000000008,132.54030000000176,49089.0,3.9924347532628928,0.1954,0.1954,5.12,158525.1754182936,1.0,1.000448,1.000448,158455.33054545923,63262.256850945065,11548.0,34554.0,19.7354,-2256.4791999999925,2070.539999999997,23006.0,12682014.033463487,12682014.033463487
2023-02-19,7.426811809633626,0.003995,0.003995,250.31,158622.5767461686,1.0,0.99998845,0.99998845,158527.00640521757,117735.02433161353,5846.0,64307.0,0.40349500000000005,-23.354770000000155,-379.9965000000003,58461.0,4.653756340747423,0.1981,0.1981,5.05,158622.5767461686,1.0,1.000405,1.000405,158460.9987138145,73743.88775255835,5725.0,40279.0,20.0081,-1134.1225000000009,9329.579999999985,34554.0,12689806.139693487,12689806.139693487
2023-02-20,6.558141624913658,0.004038,0.004038,247.65,159116.2750681186,1.0,1.0000107,1.0000107,158620.87950275792,104025.81924474504,-7488.0,56819.0,0.399762,-30.236543999999896,276.5200999999981,64307.0,5.439537586893885,0.2082,0.2082,4.8,159116.2750681186,1.0,0.9993599999999999,0.9993599999999999,158724.16020870217,86338.60354034023,6879.0,47158.0,21.028200000000002,-1432.2078000000104,40681.790000000066,40279.0,12729302.005449487,12729302.005449487
2023-02-21,6.7317276028542326,0.0039250000000000005,0.0039250000000000005,254.78,159149.1830240561,1.0,1.0000115,1.0000115,159114.44525199817,107111.51031157146,1685.0,58504.0,0.396425,-6.61362500000002,-642.0546999999987,56819.0,7.770447921665703,0.20980000000000001,0.20980000000000001,4.77,159149.1830240561,1.0,1.000746,1.000746,158997.6628116611,123548.30585445762,20324.0,67482.0,21.1898,-4263.975200000027,7545.280000000007,47158.0,12731934.641924487,12731934.641924487
2023-02-22,4.882210738617199,0.003888,0.003888,257.2,158563.8290836561,1.0,0.9999935999999999,0.9999935999999999,159150.20158534628,77700.48232330696,-16064.0,42440.0,0.384912,-62.45683200000004,-216.46480000000213,58504.0,8.89949246738746,0.20320000000000002,0.20320000000000002,4.92,158563.8290836561,1.0,0.9997440000000001,0.9997440000000001,159189.93564758188,141670.96331795497,9898.0,77380.0,20.5232,-2011.2735999999895,-44538.12000000001,67482.0,12685106.326692488,12685106.326692488
2023-02-23,3.580285987991786,0.003824,0.003824,261.51,157937.93222250612,1.0,1.00001424,1.00001424,158561.57116688267,56769.57714827524,-11433.0,31007.0,0.378576,-43.719791999999934,-271.61599999999834,42440.0,7.432852004784414,0.19710000000000003,0.19710000000000003,5.07,157937.93222250612,1.0,0.9992970000000002,0.9992970000000002,158675.37787430172,117941.06005429282,-12961.0,64419.0,19.512900000000002,-2554.6130999999864,-47201.79999999996,77380.0,12635034.577800488,12635034.577800488
2023-02-24,2.0358349342290447,0.0036580000000000002,0.0036580000000000002,273.37,156823.5995248811,1.0,0.99998746,0.99998746,157939.91278901248,32153.959196496027,-13445.0,17562.0,0.362142,-49.18180999999993,-514.7162000000001,31007.0,5.232204342395367,0.1839,0.1839,5.44,156823.5995248811,1.0,1.0004160000000002,1.0004160000000002,157872.25736344288,82601.99105207648,-19302.0,45117.0,18.2061,-3549.637800000025,-85033.08000000002,64419.0,12545887.961990489,12545887.961990489
2023-02-25,-1.1464523508135571,0.00362,0.00362,276.24,156486.15653438112,1.0,0.9999888,0.9999888,156825.35596886795,-17979.279801768156,-27382.0,-9820.0,0.35838,-99.12284000000034,-66.73560000000045,17562.0,1.0189561667178997,0.1794,0.1794,5.57,156486.15653438112,1.0,0.9992580000000001,0.9992580000000001,156940.04904126973,15991.503077561138,-36382.0,8735.0,17.7606,-6526.93080000004,-20302.64999999997,45117.0,12518892.52275049,12518892.52275049
2023-02-26,-2.810535180435229,0.003691,0.003691,270.93,156488.73923960613,1.0,1.00000263,1.00000263,156485.74497687182,-43980.869149411374,-14202.0,-24022.0,0.365409,-52.419582,-69.72199999999995,-9820.0,-1.4875329786739535,0.1843,0.1843,5.43,156488.73923960613,1.0,1.0007489999999999,1.0007489999999999,156369.03612632252,-23260.40980813636,-21440.0,-12705.0,18.2457,-3951.3920000000076,4280.149999999986,8735.0,12519099.13916849,12519099.13916849
2023-02-27,-2.135984620966032,0.0036470000000000005,0.0036470000000000005,274.2,156562.20670516862,1.0,1.0000074,1.0000074,156487.581231505,-33425.50668826674,5765.0,-18257.0,0.36834700000000004,-21.024955000000066,105.69679999999903,-24022.0,-1.1217675588340603,0.1793,0.1793,5.58,156562.20670516862,1.0,1.000494,1.000494,156411.47197245175,-17545.731508817924,3122.0,-9583.0,18.1093,-559.7746000000042,6352.5,-12705.0,12524976.536413489,12524976.536413489
2023-02-28,-2.5105600250171336,0.003517,0.003517,284.33,156646.7586288686,1.0,0.9999886099999999,0.9999886099999999,156563.98996901436,-39306.329457339096,-3212.0,-21469.0,0.348183,-11.296603999999975,237.3410000000002,-18257.0,-2.154454495442251,0.1709,0.1709,5.85,156646.7586288686,1.0,0.9997649999999999,0.9997649999999999,156599.00747192453,-33738.54356296825,-8845.0,-18428.0,16.9191,-1511.6104999999966,8049.719999999998,-9583.0,12531740.69030949,12531740.69030949
2023-03-01,-4.612735071412522,0.003601,0.003601,277.7,156443.42645639362,1.0,0.9999977,0.9999977,156647.11891724213,-72257.16592652907,-17998.0,-39467.0,0.35649899999999995,-64.81079800000037,-180.3395999999992,-21469.0,-4.451487482107218,0.1777,0.1777,5.63,156443.42645639362,1.0,1.000451,1.000451,156576.142788471,-69699.67396195112,-19642.0,-38070.0,17.592299999999998,-3490.3834000000297,-12531.039999999995,-18428.0,12515474.116511488,12515474.116511488
2023-03-02,-3.75522788240888,0.003504,0.003504,285.39,156569.9338936936,1.0,1.00000656,1.00000656,156442.40019424833,-58747.68632004097,7379.0,-32088.0,0.353904,-25.856016000000054,382.82989999999944,-39467.0,-3.3426813071449657,0.1747,0.1747,5.72,156569.9338936936,1.0,0.999284,0.999284,156555.52020886316,-52331.52109325228,9487.0,-28583.0,17.6447,-1657.3789000000133,11421.000000000027,-38070.0,12525594.711495489,12525594.711495489
2023-03-03,-4.9176140021865065,0.003431,0.003431,291.46,156857.4578414811,1.0,0.99999926,0.99999926,156570.04975553043,-76995.10690008345,-9967.0,-42055.0,0.339669,-34.196777000000175,234.24239999999915,-32088.0,-3.58683277251056,0.1666,0.1666,6.0,156857.4578414811,1.0,0.9996,0.9996,156632.586928465,-56181.48960381275,-2103.0,-30686.0,16.4934,-350.35979999999785,23152.229999999963,-28583.0,12548596.627318488,12548596.627318488
2023-03-04,-6.407328614008471,0.003366,0.003366,297.09,157026.21833223113,1.0,1.00000494,1.00000494,156856.68296946725,-100503.23130887227,-12840.0,-54895.0,0.33323400000000003,-43.21943999999974,273.35750000000024,-42055.0,-5.527812924503449,0.16140000000000002,0.16140000000000002,6.2,157026.21833223113,1.0,1.0006800000000002,1.0006800000000002,156750.86725174988,-86648.94699213473,-16642.0,-47328.0,15.9786,-2686.018800000007,15956.719999999987,-30686.0,12562097.46657849,12562097.46657849
2023-03-05,-7.863219593674258,0.00337,0.00337,296.74,156993.3653941061,1.0,1.0000138,1.0000138,157024.0514003218,-123471.45976491242,-12545.0,-67440.0,0.33363000000000004,-42.2766499999998,-21.958000000000627,-54895.0,-7.375366348238145,0.16140000000000002,0.16140000000000002,6.2,156993.3653941061,1.0,1.0006800000000002,1.0006800000000002,156919.51306334801,-115733.88960293328,-15886.0,-63214.0,15.9786,-2564.0004000000067,-0.0,-47328.0,12559469.231528489,12559469.231528489
2023-03-06,-8.097174795369297,0.003305,0.003305,302.57,156690.14726329362,1.0,0.9999938500000001,0.9999938500000001,156994.3309092412,-127121.05392541748,-1993.0,-69433.0,0.327195,-6.586865000000005,438.3600000000004,-67440.0,-7.839189119038703,0.16519999999999999,0.16519999999999999,6.05,156690.14726329362,1.0,0.9994599999999999,0.9994599999999999,157078.18761541846,-123136.56191931083,-4043.0,-67257.0,16.3548,-667.9035999999946,-24021.319999999938,-63214.0,12535211.78106349,12535211.78106349
2023-03-07,-9.084455990056249,0.003306,0.003306,302.48,156963.44245716862,1.0,0.99999888,0.99999888,156690.3227564551,-142344.63411487255,-8315.0,-77748.0,0.32729400000000003,-27.489389999999798,-6.943299999999235,-69433.0,-6.667566123855488,0.1617,0.1617,6.18,156963.44245716862,1.0,0.999306,0.999306,156798.965745521,-104546.7472260413,10154.0,-57103.0,16.3317,-1641.9017999999974,23539.949999999855,-67257.0,12557075.39657349,12557075.39657349
2023-03-08,-9.17906820110433,0.0031750000000000003,0.0031750000000000003,314.96,157720.13765310613,1.0,0.999998,0.999998,156963.7563846814,-144078.10249565158,-947.0,-78695.0,0.314325,-3.0067249999999843,1018.4988000000001,-77748.0,-6.9944545761908685,0.1512,0.1512,6.61,157720.13765310613,1.0,0.9994320000000001,0.9994320000000001,157052.6483614379,-109849.76150345546,-2897.0,-60000.0,14.9688,-438.0263999999981,59958.15000000014,-57103.0,12617611.01224849,12617611.01224849
2023-03-09,-11.132017470679608,0.003101,0.003101,322.48,158220.58991933113,1.0,1.00001048,1.00001048,157718.4847633858,-175572.49278351263,-17202.0,-95897.0,0.30699899999999997,-53.34340200000035,582.3430000000014,-78695.0,-9.456868492065135,0.1441,0.1441,6.94,158220.58991933113,1.0,1.000054,1.000054,157711.62122555994,-149145.80616005088,-21463.0,-81463.0,14.2659,-3092.8182999999976,42599.99999999994,-60000.0,12657647.19354649,12657647.19354649
2023-03-10,-12.9498930244975,0.0031490000000000003,0.0031490000000000003,317.56,157776.85639453115,1.0,0.9999964400000001,0.9999964400000001,158221.15318663645,-204894.7007979574,-16016.0,-111913.0,0.311751,-50.43438400000021,-460.3056000000025,-95897.0,-11.947721984668853,0.14800000000000002,0.14800000000000002,6.76,157776.85639453115,1.0,1.00048,1.00048,158144.68047270423,-188946.86756421594,-21739.0,-103202.0,14.652000000000001,-3217.371999999993,-31770.570000000047,-81463.0,12622148.51156249,12622148.51156249
2023-03-11,-12.296911100119946,0.003051,0.003051,327.76,158155.82747214366,1.0,0.9999957599999999,0.9999957599999999,157777.52537123873,-194017.6203087042,5941.0,-105972.0,0.308151,-18.125991000000155,1096.7474000000034,-111913.0,-11.421118629867395,0.1451,0.1451,6.89,158155.82747214366,1.0,0.999739,0.999739,157818.04690477328,-180245.86356333926,4752.0,-98450.0,14.6551,-689.5151999999969,29928.580000000096,-103202.0,12652466.197771491,12652466.197771491
2023-03-12,-13.45965000284828,0.0032979999999999997,0.0032979999999999997,303.21,156061.42218714365,1.0,0.9999865799999998,0.9999865799999998,158157.94995183204,-212875.06515196542,-10300.0,-116272.0,0.32650199999999996,-33.969400000000235,-2617.5084,-105972.0,-11.746028078783471,0.1618,0.1618,6.18,156061.42218714365,1.0,0.9999239999999999,0.9999239999999999,158167.84822860904,-185784.39864540045,-3025.0,-101475.0,16.0182,-489.44499999999846,-164411.5,-98450.0,12484913.77497149,12484913.77497149
2023-03-13,-7.575034399236183,0.003433,0.003433,291.29,155564.80427506866,1.0,0.99999857,0.99999857,156061.6453552965,-118217.23319677687,51702.0,-64570.0,0.346733,-177.492966000001,-1569.6720000000014,-116272.0,-5.80957610493209,0.16469999999999999,0.16469999999999999,6.07,155564.80427506866,1.0,0.999729,0.999729,156103.72629697013,-90689.64781857368,51940.0,-49535.0,16.6347,-8554.517999999993,-29427.749999999913,-101475.0,12445184.342005491,12445184.342005491
2023-03-14,-3.164660204319155,0.0034289999999999998,0.0034289999999999998,291.63,155094.27092231865,1.0,0.9999992699999999,0.9999992699999999,155564.9178374587,-49231.01046683846,37680.0,-26890.0,0.346329,-129.20472000000058,25.82800000000074,-64570.0,-3.1834925336347104,0.17149999999999999,0.17149999999999999,5.83,155094.27092231865,1.0,0.999845,0.999845,155588.9205577551,-49531.616691189745,22481.0,-27054.0,17.3215,-3855.4915000000397,-33683.79999999999,-49535.0,12407541.67378549,12407541.67378549
2023-03-15,-1.6208072390179722,0.003241,0.003241,308.55,155592.51985281866,1.0,1.00001055,1.00001055,155092.6346950226,-25137.526503206253,13160.0,-13730.0,0.327341,-42.65155999999992,505.5319999999995,-26890.0,-0.2410777112143406,0.1555,0.1555,6.43,155592.51985281866,1.0,0.999865,0.999865,155115.2114758679,-3739.482015713065,25012.0,-2042.0,15.7055,-3889.365999999999,43286.39999999994,-27054.0,12447401.588225491,12447401.588225491
2023-03-16,-4.307762693981406,0.003249,0.003249,307.79,155533.18339443114,1.0,1.00000971,1.00000971,155591.00906412065,-67024.91443653418,-22879.0,-36609.0,0.321651,-74.33387100000004,-10.984000000000314,-13730.0,-3.2818753435924064,0.1583,0.1583,6.32,155533.18339443114,1.0,1.000456,1.000456,155521.60200230562,-51040.25110073582,-25836.0,-27878.0,15.6717,-4089.838800000014,-571.7599999999987,-2042.0,12442654.67155449,12442654.67155449
2023-03-17,-5.092284962528058,0.003494,0.003494,286.2,154885.07851708116,1.0,0.9999828,0.9999828,155535.85861119925,-79203.29139397001,-6652.0,-43261.0,0.345906,-23.24208799999998,-896.9204999999988,-36609.0,-3.595329339218225,0.1764,0.1764,5.67,154885.07851708116,1.0,1.000188,1.000188,155503.94865208454,-55908.7908953124,-2659.0,-30537.0,17.4636,-469.04760000000266,-50459.180000000015,-27878.0,12390806.281366492,12390806.281366492
2023-03-18,-0.6004633695121651,0.0033710000000000003,0.0033710000000000003,296.65,155058.98301144366,1.0,1.00000715,1.00000715,154883.9710966878,-9300.215116814194,38181.0,-5080.0,0.340471,-128.7081510000005,532.110299999999,-43261.0,1.0167233504650417,0.1698,0.1698,5.89,155058.98301144366,1.0,1.000122,1.000122,154866.18484253038,15745.606632683595,39137.0,8600.0,17.1498,-6645.462599999946,20154.420000000006,-30537.0,12404718.640915493,12404718.640915493
2023-03-19,-1.281138820256999,0.003448,0.003448,290.02,155115.13749069368,1.0,0.9999889599999999,0.9999889599999999,155060.69488151517,-19865.427570873486,-5770.0,-10850.0,0.341352,-19.894960000000037,-39.11599999999992,-5080.0,0.8943795725097344,0.1753,0.1753,5.7,155115.13749069368,1.0,0.99921,0.99921,155181.57645684457,13879.123201285931,-1019.0,7581.0,17.3547,-178.63070000000002,4730.000000000006,8600.0,12409210.999255493,12409210.999255493
2023-03-20,-0.1742965774800851,0.003321,0.003321,301.11,155010.1112465312,1.0,0.99998631,0.99998631,155117.2610459974,-2703.640770840227,9373.0,-1477.0,0.335421,-31.127733000000173,137.79499999999987,-10850.0,2.1445659408971296,0.16640000000000002,0.16640000000000002,6.01,155010.1112465312,1.0,1.000064,1.000064,155105.2107572052,33263.33522455733,10587.0,18168.0,16.8064,-1761.676799999994,-6747.090000000005,7581.0,12400808.899722494,12400808.899722494
2023-03-21,-2.0201906941949046,0.003696,0.003696,270.56,155156.15093538119,1.0,0.9999897600000001,0.9999897600000001,155011.69856632449,-31315.319093503436,-15627.0,-17104.0,0.365904,-57.75739199999964,-55.38749999999997,-1477.0,0.2912652411453894,0.17440000000000003,0.17440000000000003,5.73,155156.15093538119,1.0,0.9993120000000002,0.9993120000000002,155116.8316266903,4518.014136945671,-15700.0,2468.0,17.265600000000003,-2738.079999999977,14534.400000000012,18168.0,12412492.074830495,12412492.074830495
2023-03-22,3.302392493398474,0.003596,0.003596,278.09,155112.1141748812,1.0,1.0000116399999999,1.0000116399999999,155154.3449388061,51238.054404407085,45090.0,27986.0,0.36319599999999996,-162.14363999999946,171.04000000000016,-17104.0,1.5619924754044332,0.1674,0.1674,5.97,155112.1141748812,1.0,0.9993779999999999,0.9993779999999999,155252.7181260556,24250.35774989843,10778.0,13246.0,16.9074,-1804.237200000007,-1727.600000000007,2468.0,12408969.133990495,12408969.133990495
2023-03-23,3.450199881949858,0.003715,0.003715,269.18,155223.23093019368,1.0,1.0000037,1.0000037,155111.54026218224,53516.581790164186,1245.0,29231.0,0.375215,-4.62517500000003,333.0334000000006,27986.0,0.193403071687408,0.1754,0.1754,5.7,155223.23093019368,1.0,0.99978,0.99978,155146.246349078,3000.576060468299,-11607.0,1639.0,17.3646,-2035.8677999999975,10596.80000000001,13246.0,12417858.474415494,12417858.474415494
2023-03-24,5.144552789145128,0.003596,0.003596,278.09,155179.7447256937,1.0,1.0000116399999999,1.0000116399999999,155221.42415281656,79854.48105604513,14385.0,43616.0,0.36319599999999996,-51.72845999999983,-347.84890000000064,29231.0,1.663314237093208,0.16949999999999998,0.16949999999999998,5.9,155179.7447256937,1.0,1.0000499999999999,1.0000499999999999,155215.47015668586,25817.21013287315,12462.0,14101.0,17.1195,-2112.3089999999916,-967.0099999999998,1639.0,12414379.578055494,12414379.578055494
2023-03-25,3.716326111178318,0.0035139999999999998,0.0035139999999999998,284.58,155145.51953646867,1.0,1.00001412,1.00001412,155177.5536186366,57669.03943817127,-12117.0,31499.0,0.347886,-42.579138000000206,-357.65119999999933,43616.0,0.6215975721390514,0.16890000000000002,0.16890000000000002,5.92,155145.51953646867,1.0,0.9998880000000001,0.9998880000000001,155197.1268038957,9647.015722425806,-8832.0,5269.0,16.7211,-1491.7248000000063,-846.059999999982,14101.0,12411641.562917493,12411641.562917493
2023-03-26,1.8041816464027272,0.0035570000000000003,0.0035570000000000003,281.14,155151.43668113116,1.0,1.00001498,1.00001498,155143.1954914002,27990.65058698546,-16211.0,15288.0,0.35214300000000004,-57.66252699999963,135.4457000000008,31499.0,0.0591350571883012,0.17120000000000002,0.17120000000000002,5.84,155151.43668113116,1.0,0.9998080000000001,0.9998080000000001,155175.3131966024,917.6301020093631,-4768.0,501.0,16.948800000000002,-816.2815999999948,1211.8700000000022,5269.0,12412114.934490493,12412114.934490493
2023-03-27,1.713546422041952,0.0034549999999999997,0.0034549999999999997,289.44,155138.80989881867,1.0,1.0000152,1.0000152,155149.07841513926,26585.51482013681,-767.0,14521.0,0.342045,-2.6499849999999894,-155.93760000000066,15288.0,0.4423371650949571,0.1649,0.1649,6.06,155138.80989881867,1.0,0.9992939999999999,0.9992939999999999,155261.05098312526,6867.773314153923,3250.0,3751.0,16.654899999999998,-535.924999999998,-315.6300000000013,501.0,12411104.791905493,12411104.791905493
2023-03-28,-0.062374185584538,0.003681,0.003681,271.67,155124.40355819368,1.0,1.00001727,1.00001727,155136.1306978415,-967.6489807014308,-15050.0,-529.0,0.364419,-55.399049999999846,328.1746000000001,14521.0,-1.145917023695379,0.1671,0.1671,5.98,155124.40355819368,1.0,0.9992580000000001,0.9992580000000001,155254.00837303145,-17790.821119160166,-13468.0,-9717.0,16.5429,-2250.5028000000184,825.220000000009,3751.0,12409952.284655493,12409952.284655493
2023-03-29,2.811013679170754,0.003811,0.003811,262.4,155049.36504686865,1.0,1.0000064,1.0000064,155123.41076836476,43605.402962949716,24346.0,23817.0,0.384911,-92.78260600000021,-6.877000000000006,-529.0,-1.097432496510232,0.1731,0.1731,5.78,155049.36504686865,1.0,1.000518,1.000518,155044.09071920114,-17015.04235471318,423.0,-9294.0,17.4831,-73.22130000000067,-5830.199999999979,-9717.0,12403949.203749493,12403949.203749493
2023-03-30,5.705402423734766,0.003761,0.003761,265.89,155024.62131061868,1.0,1.00001229,1.00001229,155047.45951359125,88460.81513027615,24500.0,48317.0,0.379861,-92.14450000000035,-119.08500000000011,23817.0,0.6235227943213253,0.1723,0.1723,5.8,155024.62131061868,1.0,0.99934,0.99934,155151.76521190853,9674.066218881539,14578.0,5284.0,17.4023,-2511.7893999999983,743.5199999999842,-9294.0,12401969.704849493,12401969.704849493
2023-03-31,5.823949692206504,0.0039889999999999995,0.0039889999999999995,250.69,155062.41828020616,1.0,1.0000024099999998,1.0000024099999998,155024.24770218175,90285.34196896662,997.0,49314.0,0.402889,-3.97703300000002,1101.6275999999993,48317.0,0.9960376632225884,0.177,0.177,5.65,155062.41828020616,1.0,1.00005,1.00005,155016.87046709532,15440.264142012427,3149.0,8433.0,17.877,-557.3729999999988,2483.479999999994,5284.0,12404993.462416492,12404993.462416492
2023-04-01,8.81444946256043,0.003919000000000001,0.003919000000000001,255.17,155039.74873594366,1.0,1.0000112300000001,1.0000112300000001,155060.676948804,136677.4500595642,25339.0,74653.0,0.39581900000000003,-99.30354100000015,-345.1979999999976,49314.0,2.464067650842871,0.17800000000000002,0.17800000000000002,5.62,155039.74873594366,1.0,1.0003600000000001,1.0003600000000001,155006.61589848268,38194.67879020774,12429.0,20862.0,17.978,-2212.36200000001,843.300000000012,8433.0,12403179.898875492,12403179.898875492
2023-04-02,8.667515812887931,0.0038150000000000002,0.0038150000000000002,262.12,154872.46028100615,1.0,0.9999878000000001,0.9999878000000001,155041.64024395464,134382.58684705588,-1253.0,73400.0,0.377685,-4.780195000000016,-776.3912000000015,74653.0,3.23724360004276,0.17250000000000001,0.17250000000000001,5.8,154872.46028100615,1.0,1.0005,1.0005,154962.2676021426,50165.06090431496,6538.0,27400.0,17.4225,-1127.8049999999962,-11474.100000000015,20862.0,12389796.822480492,12389796.822480492
2023-04-03,6.646007261414766,0.003872,0.003872,258.26,154801.35072525617,1.0,0.99998272,0.99998272,154875.13652336528,102930.12819468889,-17180.0,56220.0,0.383328,-66.52095999999977,418.37999999999874,73400.0,1.714596623648181,0.1711,0.1711,5.84,154801.35072525617,1.0,0.999224,0.999224,154992.73464308918,26575.00195090392,-12885.0,14515.0,16.9389,-2204.623499999989,-3836.0000000000155,27400.0,12384108.058020493,12384108.058020493
2023-04-04,6.662947385105303,0.0038940000000000003,0.0038940000000000003,256.81,154881.67741645616,1.0,1.00001814,1.00001814,154798.54267969195,103141.45451657652,116.0,56336.0,0.39329400000000003,-0.451704000000001,123.68400000000199,56220.0,0.6884534898962981,0.1765,0.1765,5.67,154881.67741645616,1.0,1.0007549999999998,1.0007549999999998,154684.56387952715,10649.312783594733,-8698.0,5817.0,17.473499999999998,-1535.1970000000067,7838.099999999988,14515.0,12390534.193316493,12390534.193316493
2023-04-05,6.853795243840581,0.003923,0.003923,254.91,154884.62185380617,1.0,1.00001193,1.00001193,154879.82970008784,106151.46401653012,1644.0,57980.0,0.396223,-6.449412000000017,163.37439999999765,56336.0,1.9745906750789288,0.18,0.18,5.56,154884.62185380617,1.0,1.0008,1.0008,154757.87111956053,30558.34492077509,10874.0,16691.0,18.18,-1957.319999999997,2035.9500000000082,5817.0,12390769.748304494,12390769.748304494
2023-04-06,7.229341457726967,0.0038290000000000004,0.0038290000000000004,261.16,154842.43248230618,1.0,0.9999816400000002,0.9999816400000002,154887.46558767432,111973.43762552328,3180.0,61160.0,0.38672900000000004,-12.176220000000086,-545.0119999999979,57980.0,3.494258473670391,0.1797,0.1797,5.56,154842.43248230618,1.0,0.9991319999999999,0.9991319999999999,155019.17850074483,54167.70780576506,12895.0,29586.0,18.1497,-2317.2315000000053,-500.730000000019,16691.0,12387394.598584494,12387394.598584494
2023-04-07,5.462662918571718,0.0038350000000000003,0.0038350000000000003,260.76,154698.4637873062,1.0,1.0000146,1.0000146,154840.17181579766,84583.96648834315,-14960.0,46200.0,0.37966500000000003,-57.37159999999966,36.69599999999935,61160.0,3.866424219638492,0.17600000000000002,0.17600000000000002,5.68,154698.4637873062,1.0,0.99968,0.99968,154891.9979216411,59887.81721924282,3125.0,32711.0,17.776000000000003,-550.000000000006,-10946.819999999925,29586.0,12375877.102984494,12375877.102984494
2023-04-08,4.828884647814518,0.0038529999999999997,0.0038529999999999997,259.54,154614.97869988118,1.0,1.00000762,1.00000762,154697.28499399452,74701.53445660873,-5398.0,40802.0,0.381447,-20.798493999999973,83.15999999999853,46200.0,2.626759297334921,0.1745,0.1745,5.73,154614.97869988118,1.0,0.999885,0.999885,154716.25615676423,40640.236430863166,-10513.0,22198.0,17.275499999999997,-1834.5185000000197,-4906.65000000007,32711.0,12369198.295990493,12369198.295990493
2023-04-09,4.80855158504557,0.0038940000000000003,0.0038940000000000003,256.81,154622.90573943115,1.0,1.00001814,1.00001814,154612.17403504415,74346.06145235531,-194.0,40608.0,0.385506,-0.7554360000000017,167.28820000000195,40802.0,1.595099880273131,0.1754,0.1754,5.7,154622.90573943115,1.0,0.99978,0.99978,154649.00148020682,24668.06037454372,-8724.0,13474.0,17.3646,-1530.189599999998,1997.8199999999968,22198.0,12369832.459154492,12369832.459154492
2023-04-10,5.448526220669614,0.003971000000000001,0.003971000000000001,251.83,154691.93798446865,1.0,1.0000169300000001,1.0000169300000001,154620.288017955,84245.26935133156,5407.0,46015.0,0.401071,-21.47119700000001,312.6815999999994,40608.0,1.489918780916497,0.1794,0.1794,5.57,154691.93798446865,1.0,0.9992580000000001,0.9992580000000001,154737.7211285085,23054.66368255843,-882.0,12592.0,17.7606,-158.23080000000098,5389.600000000029,13474.0,12375355.038757492,12375355.038757492
2023-04-11,6.973051041713316,0.004014,0.004014,249.13,154699.47833036864,1.0,1.00000782,1.00000782,154690.72830297332,107866.63441364397,12902.0,58917.0,0.405414,-51.78862800000022,197.86449999999866,46015.0,2.833793436498923,0.1814,0.1814,5.51,154699.47833036864,1.0,0.999514,0.999514,154767.154821712,43857.81475193801,11363.0,23955.0,18.3214,-2061.2482,2518.399999999991,12592.0,12375958.266429491,12375958.266429491
2023-04-12,8.217241604755529,0.004047,0.004047,247.1,154715.05713655613,1.0,1.0000137,1.0000137,154697.35897655066,127118.55743279133,10515.0,69432.0,0.408747,-42.55420500000024,194.42610000000147,58917.0,3.991436371744,0.1826,0.1826,5.48,154715.05713655613,1.0,1.0006480000000002,1.0006480000000002,154599.29798527414,61707.32610245121,9749.0,33704.0,18.442600000000002,-1780.1674000000073,2874.600000000024,23955.0,12377204.57092449,12377204.57092449
2023-04-13,9.14785835415996,0.004251,0.004251,235.24,154961.04902315614,1.0,1.00000524,1.00000524,154714.24643390483,141530.4011747959,7872.0,77304.0,0.429351,-33.46387200000004,1416.4127999999982,69432.0,4.776728579697425,0.1884,0.1884,5.31,154961.04902315614,1.0,1.000404,1.000404,154652.57749524806,73873.3386845422,6645.0,40349.0,19.0284,-1251.9180000000097,19548.31999999994,33704.0,12396883.92185249,12396883.92185249
2023-04-14,12.363156497824782,0.004381,0.004381,228.26,155118.0449029561,1.0,1.00000706,1.00000706,154959.9550058738,191579.41746335046,27336.0,104640.0,0.442481,-119.75901600000066,1004.9520000000009,77304.0,7.011997306911743,0.19219999999999998,0.19219999999999998,5.2,155118.0449029561,1.0,0.99944,0.99944,155047.87583362297,108719.52877877506,19033.0,59382.0,19.4122,-3658.142599999994,15332.619999999959,40349.0,12409443.592236489,12409443.592236489
2023-04-15,15.527042074148138,0.004522,0.004522,221.14,154981.74741910613,1.0,0.9999950799999999,0.9999950799999999,155118.80808749193,240853.62596661976,26914.0,131554.0,0.456722,-121.7051080000007,1475.4240000000002,104640.0,9.07568529547576,0.1907,0.1907,5.24,154981.74741910613,1.0,0.999268,0.999268,155231.67448868183,140883.38255490092,17568.0,76950.0,19.2607,-3350.2175999999936,-8907.299999999916,59382.0,12398539.79352849,12398539.79352849
2023-04-16,17.556813295360516,0.004513,0.004513,221.58,156036.01323321863,1.0,0.99999054,0.99999054,154983.2135603064,272101.13443932857,17067.0,148621.0,0.45581299999999997,-77.02337099999981,-118.39860000000157,131554.0,9.030709900344162,0.20170000000000002,0.20170000000000002,4.96,156036.01323321863,1.0,1.000432,1.000432,154914.82421504523,139899.08367488845,-537.0,76413.0,19.968300000000003,-108.3128999999994,84645.00000000012,76950.0,12482881.05865749,12482881.05865749
2023-04-17,18.709411423247754,0.004341,0.004341,230.36,156263.0386170436,1.0,0.9999927600000001,0.9999927600000001,156037.1429421335,291936.31046124955,10834.0,159455.0,0.43844099999999997,-47.03039399999982,-2556.281199999999,148621.0,11.959893517008508,0.20510000000000003,0.20510000000000003,4.88,156263.0386170436,1.0,1.0008880000000002,1.0008880000000002,155897.57618556582,186451.84107390887,25427.0,101840.0,20.715100000000003,-5215.077700000041,25980.419999999987,76413.0,12501043.08936349,12501043.08936349
2023-04-18,14.68562970286456,0.004435000000000001,0.004435000000000001,225.48,157107.17469010613,1.0,1.0000038,1.0000038,156262.4448197533,229481.24010872032,-34113.0,125342.0,0.439065,-151.29115500000077,1498.8770000000031,159455.0,14.199376195259363,0.212,0.212,4.72,157107.17469010613,1.0,1.00064,1.00064,156163.0942367321,221741.85228830986,19275.0,121115.0,21.412,-4086.299999999995,70269.59999999977,101840.0,12568573.97520849,12568573.97520849
2023-04-19,14.62435486795242,0.004163,0.004163,240.21,153662.25415086863,1.0,0.9999942300000001,0.9999942300000001,157108.08120373465,229760.43321465008,153.0,125495.0,0.42046300000000003,-0.6369390000000043,-3409.3024,125342.0,16.149294446298036,0.1898,0.1898,5.27,153662.25415086863,1.0,1.000246,1.000246,157068.5358302919,253654.6033372297,17431.0,138546.0,19.169800000000002,-3308.4038000000305,-268875.2999999999,121115.0,12292980.33206949,12292980.33206949
2023-04-20,8.001348027125918,0.004007,0.004007,249.56,152268.13482120613,1.0,0.99998692,0.99998692,153664.26407944277,122952.12562318056,-58339.0,67156.0,0.396693,-233.76437299999898,-1957.7220000000004,125495.0,6.653217881718668,0.18300000000000002,0.18300000000000002,5.46,152268.13482120613,1.0,0.9991800000000001,0.9991800000000001,153788.360606566,102318.74707878038,-82660.0,55886.0,18.117,-15126.779999999986,-94211.27999999996,138546.0,12181450.78569649,12181450.78569649
2023-04-21,3.2140573358237927,0.003824,0.003824,261.51,151224.18643090615,1.0,1.00001424,1.00001424,152265.9665538424,48939.154679867745,-40426.0,26730.0,0.378576,-154.58902399999977,-1228.9547999999988,67156.0,2.369254681567497,0.16940000000000002,0.16940000000000002,5.9,151224.18643090615,1.0,0.9994600000000002,0.9994600000000002,152350.40403938736,36095.690800901815,-36171.0,19715.0,16.7706,-6127.367399999984,-76004.95999999996,55886.0,12097934.91447249,12097934.91447249
2023-04-22,-1.5495610031733635,0.003956,0.003956,252.78,151198.79635435613,1.0,0.9999976800000001,0.9999976800000001,151224.5372718326,-23433.164567936863,-39529.0,-12799.0,0.391644,-156.3767240000006,352.83599999999973,26730.0,-2.924572534632526,0.1721,0.1721,5.81,151198.79635435613,1.0,0.9999009999999999,0.9999009999999999,151239.15910765782,-44230.98908871748,-43874.0,-24159.0,17.0379,-7550.7154000000155,5323.049999999992,19715.0,12095903.70834849,12095903.70834849
2023-04-23,-0.9208859818759548,0.003886,0.003886,257.33,151293.34896830615,1.0,0.99998438,0.99998438,151201.1581164459,-13923.902695284478,5194.0,-7605.0,0.392486,-20.183884000000003,89.59300000000007,-12799.0,-3.964886533978448,0.1684,0.1684,5.94,151293.34896830615,1.0,1.000296,1.000296,151154.0547541489,-59930.8676250966,-8575.0,-32734.0,16.671599999999998,-1444.0300000000161,8938.830000000024,-24159.0,12103467.917464491,12103467.917464491
2023-04-24,-1.7928799370487256,0.0038350000000000003,0.0038350000000000003,260.76,151238.28016768114,1.0,1.0000146,1.0000146,151291.14011766043,-27124.684977018092,-7210.0,-14815.0,0.37966500000000003,-27.650349999999836,38.78549999999995,-7605.0,-5.246968594112989,0.16920000000000002,0.16920000000000002,5.91,151238.28016768114,1.0,0.9999720000000001,0.9999720000000001,151297.58530069457,-79385.36784378754,-10626.0,-43360.0,16.7508,-1797.9192000000003,-2618.7200000000603,-32734.0,12099062.413414491,12099062.413414491
2023-04-25,-2.854142551863041,0.003945000000000001,0.003945000000000001,253.49,150849.63131530615,1.0,1.0000180500000002,1.0000180500000002,151235.55036599698,-43164.78196540181,-8762.0,-23577.0,0.39055500000000004,-34.56608999999979,-162.96500000000015,-14815.0,-5.32171046832406,0.17629999999999998,0.17629999999999998,5.67,150849.63131530615,1.0,0.9996209999999999,0.9996209999999999,151295.62120811903,-80515.14911948386,-617.0,-43977.0,17.453699999999998,-108.77710000000076,-30785.599999999882,-43360.0,12067970.50522449,12067970.50522449
2023-04-26,-1.1342452520589588,0.004014,0.004014,249.13,151052.65081595615,1.0,1.00000782,1.00000782,150848.451680414,-17109.914009895485,14232.0,-9345.0,0.405414,-57.12724800000025,-162.68129999999908,-23577.0,-2.985836026784494,0.1718,0.1718,5.82,151052.65081595615,1.0,0.9998760000000001,0.9998760000000001,150868.33898934082,-45046.81218555096,19373.0,-24604.0,17.3518,-3328.2814000000208,19789.64999999997,-43977.0,12084212.06527649,12084212.06527649
2023-04-27,0.8013513195239578,0.0041010000000000005,0.0041010000000000005,243.84,150877.96165149365,1.0,0.9999878400000002,0.9999878400000002,151054.4876385258,12104.771298914802,15957.0,6612.0,0.41420100000000004,-65.43965700000034,-81.30150000000039,-9345.0,-3.351034718861235,0.1772,0.1772,5.64,150877.96165149365,1.0,0.999408,0.999408,151142.12695511358,-50648.2514909118,-3060.0,-27664.0,17.5428,-542.2319999999974,-13286.15999999998,-24604.0,12070236.93211949,12070236.93211949
2023-04-28,3.1018163436655777,0.004043,0.004043,247.34,150905.24086461865,1.0,0.99999562,0.99999562,150878.6224998602,46799.77771798153,18950.0,25562.0,0.408343,-76.61485000000036,-38.34960000000018,6612.0,-1.694166955951972,0.17550000000000002,0.17550000000000002,5.7,150905.24086461865,1.0,1.00035,1.00035,150825.1728409993,-25552.30239529658,13707.0,-13957.0,17.7255,-2405.5784999999937,4702.879999999949,-27664.0,12072419.26916949,12072419.26916949
2023-04-29,2.8659013462610674,0.004024,0.004024,248.51,150912.18367261864,1.0,1.00000424,1.00000424,150904.6010291103,43247.76992463165,-1940.0,23622.0,0.39837599999999995,-7.8065600000000535,-48.567800000000325,25562.0,-1.5374243537601378,0.1749,0.1749,5.72,150912.18367261864,1.0,1.0004279999999999,1.0004279999999999,150840.68105312792,-23190.613658884424,1290.0,-12667.0,17.6649,-225.62100000000123,837.4200000000317,-13957.0,12072974.69380949,12072974.69380949
2023-04-30,2.4235721307992195,0.003956,0.003956,252.78,150970.80026986866,1.0,0.9999976800000001,0.9999976800000001,150912.53378969702,36574.74110810053,-3645.0,19977.0,0.391644,-14.419620000000055,-160.62959999999936,23622.0,-1.5909769983149125,0.171,0.171,5.85,150970.80026986866,1.0,1.00035,1.00035,150859.38288860762,-24001.380815575703,-443.0,-13110.0,16.929000000000002,-75.75299999999973,4940.129999999962,-12667.0,12077664.021589492,12077664.021589492
2023-05-01,0.9340746519598356,0.003868,0.003868,258.53,151021.39634736866,1.0,0.9999940399999999,0.9999940399999999,150971.70006120103,14101.883819045106,-12275.0,7702.0,0.382932,-47.47969999999979,-175.7976000000006,19977.0,-2.777816025612074,0.16649999999999998,0.16649999999999998,6.01,151021.39634736866,1.0,1.000665,1.000665,150870.47140638344,-41909.04132643001,-9781.0,-22891.0,16.4835,-1628.5364999999922,5899.500000000037,-13110.0,12081711.707789492,12081711.707789492
2023-05-02,-1.2901776672104317,0.003916,0.003916,255.36,150935.75615356865,1.0,0.9999897600000001,0.9999897600000001,151022.94282230316,-19484.64280657335,-18344.0,-10642.0,0.387684,-71.83510400000056,36.969600000000206,7702.0,-4.552392502018438,0.1684,0.1684,5.94,150935.75615356865,1.0,1.000296,1.000296,150976.707242025,-68730.52300280274,-14650.0,-37541.0,16.671599999999998,-2467.0600000000277,-4349.290000000029,-22891.0,12074860.492285492,12074860.492285492
2023-05-03,-1.0718647860940893,0.00394,0.00394,253.81,150759.73091681866,1.0,1.0000114,1.0000114,150934.0355055639,-16178.087768148893,1806.0,-8836.0,0.39794,-7.115639999999998,-25.54080000000014,-10642.0,-4.441062733622879,0.1721,0.1721,5.81,150759.73091681866,1.0,0.9999009999999999,0.9999009999999999,150950.7002728957,-67038.1529596234,925.0,-36616.0,17.3821,-159.19250000000034,-13890.170000000036,-37541.0,12060778.473345492,12060778.473345492
2023-05-04,-0.4433475125426946,0.0038729999999999997,0.0038729999999999997,258.2,150862.87510050615,1.0,1.0000086,1.0000086,150758.43439428287,-6683.837688353633,5185.0,-3651.0,0.391173,-20.081505000000078,59.20120000000035,-8836.0,-2.9849857085376126,0.1693,0.1693,5.91,150862.87510050615,1.0,1.000563,1.000563,150674.90094758515,-44976.242596386204,12050.0,-24566.0,17.0993,-2040.0649999999973,10252.480000000041,-36616.0,12069030.008040491,12069030.008040491
2023-05-05,-1.5397680195037875,0.003942,0.003942,253.68,150717.52010608115,1.0,1.00000656,1.00000656,150861.8854465376,-23229.230657262247,-9037.0,-12688.0,0.390258,-35.62385400000001,-25.191900000000064,-3651.0,-3.337226136109102,0.17379999999999998,0.17379999999999998,5.75,150717.52010608115,1.0,0.9993499999999998,0.9993499999999998,150960.9997503439,-50379.09939000073,-2951.0,-27517.0,17.2062,-512.8837999999998,-11054.699999999983,-24566.0,12057401.608486492,12057401.608486492
2023-05-06,-0.3891704486475878,0.003787,0.003787,264.06,150967.31551473116,1.0,0.99999522,0.99999522,150718.24053927095,-5865.5085290043135,9484.0,-3204.0,0.38248699999999997,-35.91590799999986,196.6640000000002,-12688.0,-1.7371408743890262,0.16579999999999998,0.16579999999999998,6.03,150967.31551473116,1.0,0.9997739999999999,0.9997739999999999,150751.58996541335,-26187.67488080541,13213.0,-14304.0,16.7458,-2190.715400000011,22013.60000000002,-27517.0,12077385.241178492,12077385.241178492
2023-05-07,-3.086834782872763,0.00376,0.00376,265.96,150961.25039923115,1.0,1.0000095999999998,1.0000095999999998,150965.86624241527,-46600.66869436046,-22249.0,-25453.0,0.37224,-83.65623999999968,8.650799999999936,-3204.0,-3.83244974710076,0.1641,0.1641,6.09,150961.25039923115,1.0,0.999369,0.999369,151062.63603807118,-57893.996128048006,-17318.0,-31622.0,16.2459,-2841.8838000000214,2431.6799999999735,-14304.0,12076900.031938491,12076900.031938491
2023-05-08,-4.521889277158224,0.003653,0.003653,273.75,151335.11893178115,1.0,1.00000875,1.00000875,150959.92949984805,-68262.40864859243,-11832.0,-37285.0,0.361647,-43.222296000000206,272.34709999999967,-25453.0,-5.117391104634313,0.1542,0.1542,6.49,151335.11893178115,1.0,1.000758,1.000758,150846.90844263163,-77194.26274259097,-10541.0,-42163.0,15.2658,-1625.4221999999943,31305.780000000006,-31622.0,12106809.514542492,12106809.514542492
2023-05-09,-7.008228300560788,0.0036330000000000004,0.0036330000000000004,275.25,151339.86242571866,1.0,0.9999832500000001,0.9999832500000001,151337.6538374829,-106060.88285643196,-20645.0,-57930.0,0.359667,-75.00328499999995,74.57000000000006,-37285.0,-8.463347205814566,0.1531,0.1531,6.53,151339.86242571866,1.0,0.9997430000000002,0.9997430000000002,151374.02205544937,-128113.09065959,-27812.0,-69975.0,15.1569,-4258.017200000007,4637.929999999976,-42163.0,12107188.994057491,12107188.994057491
2023-05-10,-8.177036758190594,0.003693,0.003693,270.78,151126.99755248116,1.0,0.9999905399999999,0.9999905399999999,151341.294114361,-123752.33250052636,-9663.0,-67593.0,0.365607,-35.685459000000016,-347.5800000000003,-57930.0,-9.981067614981772,0.1552,0.1552,6.44,151126.99755248116,1.0,0.999488,0.999488,151417.38812844042,-151130.7188993902,-12572.0,-82547.0,15.364799999999999,-1951.1744000000085,-14694.749999999935,-69975.0,12090159.804198492,12090159.804198492
2023-05-11,-6.978338657703878,0.003598,0.003598,277.93,151715.11274598117,1.0,0.99999214,0.99999214,151128.18542001856,-105462.36585851552,9990.0,-57603.0,0.363398,-35.9440199999999,642.1335000000006,-67593.0,-9.508371802124572,0.1495,0.1495,6.69,151715.11274598117,1.0,1.0001550000000001,1.0001550000000001,151103.57649812393,-143674.89859749348,4072.0,-78475.0,15.099499999999999,-608.763999999999,47051.79000000002,-82547.0,12137209.019678492,12137209.019678492
2023-05-12,-8.28993961332964,0.003705,0.003705,269.91,151448.41882148114,1.0,1.00001655,1.00001655,151712.60190241967,-125768.83083521784,-11092.0,-68695.0,0.366795,-41.09586000000015,-616.3520999999993,-57603.0,-10.929559078403008,0.1519,0.1519,6.58,151448.41882148114,1.0,0.9995020000000001,0.9995020000000001,151790.70451683053,-165900.54725691135,-12140.0,-90615.0,15.0381,-1844.0659999999937,-18834.00000000002,-78475.0,12115873.505718492,12115873.505718492
2023-05-13,-5.978765628963376,0.003646,0.003646,274.27,151759.85311088114,1.0,0.9999884199999999,0.9999884199999999,151450.17261448005,-90548.50865280235,19238.0,-49457.0,0.36824599999999996,-70.14174799999967,405.30050000000114,-68695.0,-10.31644146480046,0.1491,0.1491,6.71,151759.85311088114,1.0,1.000461,1.000461,151378.63327154296,-156168.88091673685,5316.0,-85299.0,15.0591,-792.6156000000036,25372.199999999943,-90615.0,12140788.248870492,12140788.248870492
2023-05-14,-6.311045581173893,0.003711,0.003711,269.47,151619.20167693114,1.0,1.00000317,1.00000317,151759.3720336718,-95776.03142748293,-2856.0,-52313.0,0.36738899999999997,-10.598616000000057,-321.4705000000003,-49457.0,-10.834176867925988,0.1503,0.1503,6.65,151619.20167693114,1.0,0.999495,0.999495,151836.53055881333,-164502.38270864327,-4552.0,-89851.0,14.8797,-684.1655999999984,-10235.879999999934,-85299.0,12129536.134154491,12129536.134154491
2023-05-15,-4.714864586935214,0.003669,0.003669,272.55,151556.52874164365,1.0,0.99998595,0.99998595,151621.33195664512,-71487.40486663344,13267.0,-39046.0,0.370569,-48.67662299999971,219.71459999999902,-52313.0,-10.293349346802792,0.15080000000000002,0.15080000000000002,6.63,151556.52874164365,1.0,0.9998040000000001,0.9998040000000001,151648.9248662049,-156097.5361714896,4591.0,-85260.0,15.2308,-692.3228000000013,-4492.550000000064,-89851.0,12124522.299331492,12124522.299331492
2023-05-16,-4.972530684251378,0.0036820000000000004,0.0036820000000000004,271.59,151737.53519671864,1.0,0.99999438,0.99999438,151557.38049412204,-75362.37249317832,-2117.0,-41163.0,0.364518,-7.7947940000000395,-50.759800000000915,-39046.0,-9.642679877028051,0.149,0.149,6.71,151737.53519671864,1.0,0.99979,0.99979,151588.36229772618,-146171.8050719922,5421.0,-79839.0,15.049000000000001,-807.7290000000049,15346.799999999976,-85260.0,12139002.815737491,12139002.815737491
2023-05-17,-4.62316133074297,0.003755,0.003755,266.31,151460.38493940615,1.0,0.9999940500000001,0.9999940500000001,151738.43804042498,-70151.1279135831,2847.0,-38316.0,0.379255,-10.690485000000024,-300.4898999999989,-41163.0,-9.872329719192855,0.1517,0.1517,6.59,151460.38493940615,1.0,0.999703,0.999703,151782.61463326472,-149844.80173007757,-2006.0,-81845.0,15.0183,-304.3101999999999,-21556.529999999966,-79839.0,12116830.795152491,12116830.795152491
2023-05-18,-2.544437952422257,0.0037140000000000003,0.0037140000000000003,269.25,151942.37275535613,1.0,0.9999945000000001,0.9999945000000001,151461.217976105,-38538.36713385017,17266.0,-21050.0,0.375114,-64.12592399999991,157.0955999999997,-38316.0,-8.542100350604484,0.1468,0.1468,6.81,151942.37275535613,1.0,0.999708,0.999708,151504.62428969875,-129416.77042632364,11158.0,-70687.0,14.8268,-1637.994400000008,40104.05000000002,-81845.0,12155389.82042849,12155389.82042849
2023-05-19,-2.74981066910822,0.003681,0.003681,271.67,151924.52887073113,1.0,1.00001727,1.00001727,151939.7487558951,-41780.55421905827,-1770.0,-22820.0,0.364419,-6.515369999999982,69.46500000000053,-21050.0,-9.73806525666011,0.1468,0.1468,6.81,151924.52887073113,1.0,0.999708,0.999708,151986.7528871992,-148005.69177634202,-10153.0,-80840.0,14.533199999999999,-1490.4604000000072,-0.0,-70687.0,12153962.30965849,12153962.30965849
2023-05-20,-3.586696548926072,0.0036620000000000003,0.0036620000000000003,273.07,151970.94572115614,1.0,0.9999823400000001,0.9999823400000001,151927.21190529337,-54491.68066286758,-6943.0,-29763.0,0.362538,-25.42526599999999,43.35799999999902,-22820.0,-10.034387865280268,0.1463,0.1463,6.84,151970.94572115614,1.0,1.0006920000000001,1.0006920000000001,151819.46979763114,-152341.5445450634,-2369.0,-83209.0,14.4837,-346.5847000000002,4041.999999999914,-80840.0,12157675.65769249,12157675.65769249
2023-05-21,-4.307887982982548,0.003602,0.003602,277.62,152303.95522625613,1.0,0.99998724,0.99998724,151972.8848951674,-65468.21645790816,-5996.0,-35759.0,0.356598,-21.597591999999963,178.57800000000015,-29763.0,-10.147626871748995,0.1431,0.1431,6.99,152303.95522625613,1.0,1.000269,1.000269,151930.0765305694,-154172.97272284876,-1000.0,-84209.0,14.1669,-143.10000000000045,26626.880000000023,-83209.0,12184316.41810049,12184316.41810049
2023-05-22,-6.000861727272377,0.003679,0.003679,271.81,151892.53913753113,1.0,0.99998899,0.99998899,152305.63211126567,-91396.5038584521,-14162.0,-49921.0,0.364221,-52.101997999999824,-275.34429999999946,-35759.0,-11.289176602326222,0.1468,0.1468,6.81,151892.53913753113,1.0,0.999708,0.999708,152348.44097101968,-171988.8455210913,-9731.0,-93940.0,14.533199999999999,-1428.5108000000068,-31157.329999999933,-84209.0,12151403.13100249,12151403.13100249
2023-05-23,-4.331156196902898,0.0037040000000000003,0.0037040000000000003,269.98,151829.5802731311,1.0,1.0000059200000002,1.0000059200000002,151891.63993902266,-65786.64175796419,13988.0,-35933.0,0.374104,-51.81155199999979,-124.80250000000011,-49921.0,-9.652563322798414,0.1471,0.1471,6.8,151829.5802731311,1.0,1.00028,1.00028,151850.02113161428,-146574.19445411843,13881.0,-80059.0,14.8571,-2041.8951000000002,-2818.2000000001067,-93940.0,12146366.42185049,12146366.42185049
2023-05-24,-2.9950853920304854,0.003638,0.003638,274.88,152389.78936800614,1.0,1.00001344,1.00001344,151827.5397109974,-45473.64462963367,11095.0,-24838.0,0.36743800000000004,-40.363610000000335,237.1577999999998,-35933.0,-8.786767824215485,0.1414,0.1414,7.07,152389.78936800614,1.0,0.999698,0.999698,151875.44665802183,-133449.42879830612,7169.0,-72890.0,14.281400000000001,-1013.6966000000061,45633.63000000002,-80059.0,12191183.14944049,12191183.14944049
2023-05-25,-4.208099687782151,0.003581,0.003581,279.25,152419.0730951561,1.0,0.99999425,0.99999425,152390.6656143334,-64127.51123925906,-10188.0,-35026.0,0.354519,-36.48322800000001,141.57660000000095,-24838.0,-10.576227636996784,0.1408,0.1408,7.1,152419.0730951561,1.0,0.99968,0.99968,152438.56971031343,-161222.5013914478,-15169.0,-88059.0,13.9392,-2135.7952000000073,4373.400000000036,-72890.0,12193525.847612489,12193525.847612489
2023-05-26,-6.097512464859098,0.003626,0.003626,275.79,152128.6504022061,1.0,1.00001454,1.00001454,152416.856954056,-92936.36851320026,-15736.0,-50762.0,0.35897399999999996,-57.05873600000029,-157.61700000000013,-35026.0,-11.422059212810227,0.1433,0.1433,6.98,152128.6504022061,1.0,1.000234,1.000234,152383.41537595814,-174053.23934744502,-7009.0,-95068.0,14.1867,-1004.3896999999998,-22014.75,-88059.0,12170292.032176489,12170292.032176489
2023-05-27,-5.347876470687036,0.003667,0.003667,272.7,151833.78524751862,1.0,0.9999909,0.9999909,152130.03478552267,-81357.2633514297,6325.0,-44437.0,0.370367,-23.193774999999846,-208.12420000000245,-50762.0,-10.21061726598772,0.1456,0.1456,6.87,151833.78524751862,1.0,1.000272,1.000272,152087.2826613222,-155290.50342788515,10249.0,-84819.0,14.7056,-1492.2543999999996,-21865.64000000004,-95068.0,12146702.819801489,12146702.819801489
2023-05-28,-3.762757621642772,0.003828,0.003828,261.23,151446.16075631863,1.0,0.99998844,0.99998844,151835.54046636642,-57132.03371260698,13232.0,-31205.0,0.38662799999999997,-50.65209599999997,-715.4356999999977,-44437.0,-8.407734261750386,0.1489,0.1489,6.72,151446.16075631863,1.0,1.000608,1.000608,151741.52639946775,-127580.24304391057,15135.0,-69684.0,15.0389,-2253.60149999999,-27990.270000000008,-84819.0,12115692.86050549,12115692.86050549
2023-05-29,1.4820695564138384,0.003786,0.003786,264.13,151764.4969176936,1.0,0.9999961799999999,0.9999961799999999,151446.7392828627,22445.460170927454,43465.0,12260.0,0.382386,-164.5584900000005,131.0609999999994,-31205.0,-5.86438286323743,0.1448,0.1448,6.91,151764.4969176936,1.0,1.0005680000000001,1.0005680000000001,151360.18816943836,-88763.40936772471,21202.0,-48482.0,14.6248,-3070.0496000000007,28570.44000000001,-69684.0,12141159.75341549,12141159.75341549
2023-05-30,2.0453771663752907,0.0037790000000000002,0.0037790000000000002,264.62,151767.87513138112,1.0,0.9999989800000001,0.9999989800000001,151764.65171763836,31041.595328615607,4695.0,16955.0,0.381679,-17.74240499999989,-8.581999999999736,12260.0,-6.815015539273783,0.1445,0.1445,6.92,151767.87513138112,1.0,0.9999399999999999,0.9999399999999999,151773.60333389367,-103433.94651720606,-8013.0,-56495.0,14.305499999999999,-1157.878500000006,1454.460000000055,-48482.0,12141430.01051049,12141430.01051049
2023-05-31,1.996895385013152,0.0037440000000000004,0.0037440000000000004,267.09,152000.77359083112,1.0,0.99998496,0.99998496,151770.15775455374,30306.91276027864,-401.0,16554.0,0.370656,-1.50134400000001,-59.34250000000005,16955.0,-7.258882540321468,0.1411,0.1411,7.09,152000.77359083112,1.0,1.000399,1.000399,151707.34390116454,-110122.57898827079,-3654.0,-60149.0,13.9689,-515.5793999999992,19208.299999999992,-56495.0,12160061.887266489,12160061.887266489
2023-06-01,0.8917036795445569,0.003644,0.003644,274.42,151988.5492590311,1.0,0.9999864800000001,0.9999864800000001,152002.8286690747,13554.148162539475,-9151.0,7403.0,0.360756,-33.34624399999982,-165.54000000000013,16554.0,-8.942765649684592,0.1409,0.1409,7.1,151988.5492590311,1.0,1.00039,1.00039,151941.51639943535,-135877.73736178587,-14067.0,-74216.0,13.9491,-1982.0403000000035,1202.9799999999743,-60149.0,12159083.940722488,12159083.940722488
2023-06-02,-2.3923345110539804,0.0037819999999999998,0.0037819999999999998,264.41,151608.0026932061,1.0,0.9999986200000001,0.9999986200000001,151988.75900351853,-36360.79534563838,-27263.0,-19860.0,0.374418,-103.10866600000021,102.16139999999984,7403.0,-9.56692298506052,0.1449,0.1449,6.9,151608.0026932061,1.0,0.9998100000000001,0.9998100000000001,152017.43257121963,-145433.9069795489,-5220.0,-79436.0,14.3451,-756.377999999999,-29686.400000000027,-74216.0,12128640.215456488,12128640.215456488
2023-06-03,0.3872485730417301,0.003759,0.003759,266.03,151482.8188375436,1.0,1.00000677,1.00000677,151606.97631397645,5870.958524075876,23067.0,3207.0,0.379659,-86.70885300000029,45.67799999999938,-19860.0,-7.254748873739722,0.1458,0.1458,6.86,151482.8188375436,1.0,1.000188,1.000188,151579.50574612583,-109967.124859373,19372.0,-60064.0,14.7258,-2824.43759999999,-7149.239999999989,-79436.0,12118625.507003488,12118625.507003488
2023-06-04,0.6596443079667953,0.0037730000000000003,0.0037730000000000003,265.04,151304.22286350612,1.0,0.9999959200000001,0.9999959200000001,151483.43688996608,9992.518689571338,2251.0,5458.0,0.38107300000000005,-8.49302300000006,4.48980000000004,3207.0,-5.893412104119595,0.1479,0.1479,6.76,151304.22286350612,1.0,0.999804,0.999804,151512.51529054056,-89292.5691538877,11293.0,-48771.0,14.937899999999999,-1670.234699999999,-12613.439999999944,-60064.0,12104337.829080489,12104337.829080489
2023-06-05,1.1165397378578676,0.0035139999999999998,0.0035139999999999998,284.58,151837.4366014311,1.0,1.00001412,1.00001412,151302.08647804506,16893.479197354485,3769.0,9227.0,0.354914,-13.244266000000064,-141.3622000000002,5458.0,-4.10647346753218,0.1387,0.1387,7.21,151837.4366014311,1.0,1.000027,1.000027,151300.1377597866,-62131.00013445275,14835.0,-33936.0,14.0087,-2057.6145000000006,44869.32,-48771.0,12146994.928114489,12146994.928114489
2023-06-06,-4.929450644342852,0.0035310000000000003,0.0035310000000000003,283.21,151464.4179058311,1.0,1.00001451,1.00001451,151835.23347219345,-74846.42894734514,-50108.0,-40881.0,0.349569,-176.93134800000033,15.685900000000322,9227.0,-7.5792896957703615,0.1462,0.1462,6.84,151464.4179058311,1.0,1.000008,1.000008,151836.22191165583,-115081.0712179715,-28921.0,-62857.0,14.473799999999999,-4228.2502000000095,-25452.0,-33936.0,12117153.432466488,12117153.432466488
2023-06-07,-6.544449479224517,0.0032229999999999997,0.0032229999999999997,310.27,151908.94126829362,1.0,1.0000002099999998,1.0000002099999998,151464.38609831003,-99125.10227221463,-13261.0,-54142.0,0.319077,-42.74020299999968,1259.134800000002,-40881.0,-4.691786652419852,0.1402,0.1402,7.13,151908.94126829362,1.0,0.9996259999999999,0.9996259999999999,151521.08679229143,-71090.46125722228,24028.0,-38829.0,14.1602,-3368.7256000000025,37714.199999999975,-62857.0,12152715.301463488,12152715.301463488
2023-06-08,-11.2827155607908,0.003228,0.003228,309.79,151925.6152877436,1.0,1.00000212,1.00000212,151908.61922202088,-171394.17419145393,-39473.0,-93615.0,0.31957199999999997,-127.41884400000035,-27.071000000000023,-54142.0,-6.416581618362366,0.1393,0.1393,7.18,151925.6152877436,1.0,1.0001740000000001,1.0001740000000001,151882.5137109079,-97456.65456280815,-14402.0,-53231.0,13.7907,-2006.198600000006,3494.6099999999947,-38829.0,12154049.223019488,12154049.223019488
2023-06-09,-13.121167232425902,0.0029509999999999996,0.0029509999999999996,338.87,152062.4857944186,1.0,1.0000053699999998,1.0000053699999998,151924.79945157058,-199343.07003568247,-15266.0,-108881.0,0.292149,-45.04996599999971,2593.1355000000003,-93615.0,-7.446157928000888,0.1375,0.1375,7.27,152062.4857944186,1.0,0.999625,0.999625,151982.60876603087,-113168.65071814379,-8582.0,-61813.0,13.6125,-1180.024999999994,9581.579999999985,-53231.0,12164998.863553489,12164998.863553489
2023-06-10,-15.0574965233998,0.002747,0.002747,364.03,153698.8550562436,1.0,0.9999904099999999,0.9999904099999999,152063.94408764242,-228970.23094341374,-16182.0,-125063.0,0.271953,-44.45195399999999,2221.172399999997,-108881.0,-8.549032293485975,0.1165,0.1165,8.58,153698.8550562436,1.0,0.9995700000000001,0.9995700000000001,152127.90079175905,-130054.63366089789,-9223.0,-71036.0,11.5335,-1074.4795000000024,129807.29999999997,-61813.0,12295908.404499488,12295908.404499488
2023-06-11,-16.836700630425863,0.00272,0.00272,367.65,153711.84950499362,1.0,1.000008,1.000008,153697.6254752398,-258776.0907733928,-16280.0,-141343.0,0.26928,-44.281600000000005,337.67009999999755,-125063.0,-12.815751261380226,0.1158,0.1158,8.64,153711.84950499362,1.0,1.000512,1.000512,153620.2015130689,-196875.82913145973,-36497.0,-107533.0,11.4642,-4226.352600000005,4972.52000000002,-71036.0,12296947.960399488,12296947.960399488
2023-06-12,-18.122030488487773,0.002748,0.002748,363.9,153761.2178982436,1.0,0.9999971999999999,0.9999971999999999,153712.27989937735,-278557.86227914825,-10805.0,-152148.0,0.27205199999999996,-29.692140000000304,-395.7603999999956,-141343.0,-14.954654499112369,0.1152,0.1152,8.68,153761.2178982436,1.0,0.9999359999999999,0.9999359999999999,153721.68769300598,-229885.47284693582,-18030.0,-125563.0,11.4048,-2077.0559999999955,6451.980000000053,-107533.0,12300897.431859488,12300897.431859488
2023-06-13,-19.06780231386208,0.002752,0.002752,363.37,153305.14163344362,1.0,0.99999424,0.99999424,153762.10356796015,-293190.53941974515,-7992.0,-160140.0,0.272448,-21.993983999999813,-60.85920000000174,-152148.0,-16.199009053759827,0.11800000000000001,0.11800000000000001,8.47,153305.14163344362,1.0,0.9994600000000001,0.9994600000000001,153844.2938169047,-249212.51084093266,-10556.0,-136119.0,11.682,-1245.6080000000034,-35157.640000000145,-125563.0,12264411.330675488,12264411.330675488
2023-06-14,-19.49961603335065,0.002633,0.002633,379.79,154028.7168248686,1.0,0.99998707,0.99998707,153307.12389455558,-298943.00511211506,-3142.0,-163282.0,0.260667,-8.272885999999989,1905.6660000000036,-160140.0,-15.020769623680408,0.11380000000000001,0.11380000000000001,8.79,154028.7168248686,1.0,1.000302,1.000302,153258.85745849114,-230206.59906724692,10381.0,-125738.0,11.4938,-1181.3577999999943,57169.97999999999,-136119.0,12322297.345989488,12322297.345989488
2023-06-15,-20.07232319117089,0.0026200000000000004,0.0026200000000000004,381.68,153976.0954993686,1.0,1.0000016000000003,1.0000016000000003,154028.47037931596,-309170.92380953225,-5587.0,-168869.0,0.25938,-14.637940000000063,212.26659999999475,-163282.0,-15.599830812680974,0.11410000000000001,0.11410000000000001,8.76,153976.0954993686,1.0,0.9995160000000001,0.9995160000000001,154103.30282343514,-240398.54517209303,-5567.0,-131305.0,11.2959,-635.194700000003,-3772.1399999999194,-125738.0,12318087.639949488,12318087.639949488
2023-06-16,-19.95461840974181,0.002632,0.002632,379.94,153741.03287266858,1.0,1.00000208,1.00000208,153975.7752297561,-307252.78390539583,1048.0,-167821.0,0.265832,-2.7583360000000243,-202.64279999999644,-168869.0,-15.392864562150006,0.1155,0.1155,8.66,153741.03287266858,1.0,1.0002300000000002,1.0002300000000002,153940.68914086616,-236958.81785493888,1878.0,-129427.0,11.665500000000002,-216.90900000000156,-18382.700000000073,-131305.0,12299282.629813487,12299282.629813487
2023-06-17,-19.372272747261093,0.002667,0.002667,374.95,153607.7006224811,1.0,0.99999165,0.99999165,153742.31662101237,-297833.8090378024,5145.0,-162676.0,0.26936699999999997,-13.721714999999872,-587.3735000000005,-167821.0,-14.389331123693482,0.1162,0.1162,8.61,153607.7006224811,1.0,1.0004819999999999,1.0004819999999999,153666.96539534806,-221116.48478468112,8654.0,-120773.0,11.7362,-1005.5948000000084,-9059.889999999807,-129427.0,12288616.049798487,12288616.049798487
2023-06-18,-18.446513187074206,0.0026100000000000003,0.0026100000000000003,383.14,154030.0698963561,1.0,0.9999954000000001,0.9999954000000001,153608.40722115428,-283353.9509450487,7909.0,-154767.0,0.26361,-20.64249000000001,927.2531999999973,-162676.0,-13.41624158975039,0.1134,0.1134,8.82,154030.0698963561,1.0,1.000188,1.000188,153578.82780285415,-206045.06568737654,8232.0,-112541.0,11.4534,-933.5088000000032,33816.43999999992,-120773.0,12322405.591708487,12322405.591708487
2023-06-19,-18.657205587525144,0.0026340000000000005,0.0026340000000000005,379.65,153837.43289345608,1.0,0.9999981000000001,0.9999981000000001,154030.36255404493,-287377.6140891851,-2198.0,-156965.0,0.260766,-5.789532000000055,-371.44080000000207,-154767.0,-13.797503131264078,0.11470000000000001,0.11470000000000001,8.72,153837.43289345608,1.0,1.0001840000000002,1.0001840000000002,154001.73357737783,-212483.9401253967,-3517.0,-116058.0,11.3553,-403.3999000000032,-14630.330000000087,-112541.0,12306994.631476486,12306994.631476486
2023-06-20,-17.762614896961647,0.0027050000000000004,0.0027050000000000004,369.69,152871.40284126857,1.0,1.0000114500000001,1.0000114500000001,153835.67147501768,-273252.3789826247,7715.0,-149250.0,0.27320500000000003,-20.869075000000098,-1114.4514999999992,-156965.0,-13.11433275075259,0.12119999999999999,0.12119999999999999,8.25,152871.40284126857,1.0,0.9998999999999999,0.9998999999999999,153852.81817527363,-201767.70521915745,5853.0,-110205.0,12.2412,-709.3835999999999,-75437.69999999984,-116058.0,12229712.227301486,12229712.227301486
2023-06-21,-15.612982638479204,0.002862,0.002862,349.41,151716.27821961857,1.0,1.00001142,1.00001142,152869.65706978482,-238675.13017808204,18886.0,-130364.0,0.289062,-54.05173199999954,-2343.2249999999985,-149250.0,-9.433533292457025,0.129,0.129,7.75,151716.27821961857,1.0,0.99975,0.99975,152909.63024883077,-144247.80876896388,31417.0,-78788.0,13.029,-4052.792999999986,-85959.90000000013,-110205.0,12137302.257569486,12137302.257569486
2023-06-22,-10.972781428837916,0.002899,0.002899,344.95,151890.3085613311,1.0,1.00001005,1.00001005,151714.75348634605,-166473.28295357004,39437.0,-90927.0,0.292799,-114.32786299999941,-482.34679999999753,-130364.0,-4.571065541725454,0.1265,0.1265,7.91,151890.3085613311,1.0,1.000615,1.000615,151623.03005613404,-69307.8808021597,40932.0,-37856.0,12.7765,-5177.898000000002,19697.0,-78788.0,12151224.684906486,12151224.684906486
2023-06-23,-8.410695865534265,0.002966,0.002966,337.15,151570.4012296561,1.0,0.9999868999999999,0.9999868999999999,151892.2983504395,-127751.99257425386,21149.0,-69778.0,0.299566,-62.72793400000051,-609.2108999999986,-90927.0,-3.9323254497245177,0.1329,0.1329,7.52,151570.4012296561,1.0,0.9994079999999999,0.9994079999999999,151980.2808876166,-59763.592639065544,5213.0,-32643.0,13.422899999999998,-692.8076999999967,-24227.839999999953,-37856.0,12125632.098372487,12125632.098372487
2023-06-24,-5.861552264512481,0.002892,0.002892,345.78,151650.4915935061,1.0,0.9999957599999999,0.9999957599999999,151571.0438908822,-88844.15955531212,21251.0,-48527.0,0.292092,-61.45789200000012,516.3571999999973,-69778.0,-0.983783757942288,0.1301,0.1301,7.69,151650.4915935061,1.0,1.000469,1.000469,151499.34803542748,-14904.259793609943,24502.0,-8141.0,13.1401,-3187.7102000000136,9140.039999999979,-32643.0,12132039.327480488,12132039.327480488
2023-06-25,-6.447487559985316,0.0029210000000000004,0.0029210000000000004,342.35,151602.1908267811,1.0,1.0000043500000002,1.0000043500000002,151649.83191673722,-97776.04047570273,-4878.0,-53405.0,0.289179,-14.248638000000033,-140.72830000000067,-48527.0,-1.1700166402286156,0.1344,0.1344,7.44,151602.1908267811,1.0,0.9999359999999999,0.9999359999999999,151660.19784616827,-17744.495514038095,-1551.0,-9692.0,13.3056,-208.45439999999908,-3500.629999999998,-8141.0,12128175.266142488,12128175.266142488
2023-06-26,-5.9958659051431455,0.002805,0.002805,356.51,151622.37914071858,1.0,1.00001055,1.00001055,151600.59144054138,-90897.68174178779,3757.0,-49648.0,0.28330500000000003,-10.538385000000007,619.4979999999999,-53405.0,0.4865176676466446,0.1315,0.1315,7.6,151622.37914071858,1.0,0.9994,0.9994,151693.2067508316,7380.142514625482,13723.0,4031.0,13.281500000000001,-1804.5745000000115,2810.6799999999917,-9692.0,12129790.331257487,12129790.331257487
2023-06-27,-8.157214673130936,0.002867,0.002867,348.8,151610.1988894436,1.0,1.0000096,1.0000096,151620.9235798522,-123680.44225792347,-17906.0,-67554.0,0.283833,-51.33650200000015,-307.8175999999992,-49648.0,-0.2605622071848574,0.132,0.132,7.58,151610.1988894436,1.0,1.0005600000000001,1.0005600000000001,151537.51813056544,-3948.4950195415477,-6188.0,-2157.0,13.068,-816.815999999998,201.5499999999957,4031.0,12128815.911155486,12128815.911155486
2023-06-28,-7.481182460602668,0.0026690000000000004,0.0026690000000000004,374.67,151647.9480093561,1.0,0.9999942300000002,0.9999942300000002,151611.07368533872,-113423.01052878945,5603.0,-61951.0,0.269569,-14.95440699999987,1337.569199999999,-67554.0,-0.4146755119809178,0.1234,0.1234,8.1,151647.9480093561,1.0,0.9995399999999999,0.9995399999999999,151679.97167641477,-6289.79699121684,-1278.0,-3435.0,12.2166,-157.70520000000022,1855.0199999999988,-2157.0,12131835.840748487,12131835.840748487
2023-06-29,-10.630364830637872,0.002752,0.002752,363.37,151578.6256774561,1.0,0.99999424,0.99999424,151648.82150656797,-161208.22987511003,-26101.0,-88052.0,0.272448,-71.8299519999994,-514.1932999999984,-61951.0,-4.059269108674146,0.1267,0.1267,7.89,151578.6256774561,1.0,0.999663,0.999663,151699.070596147,-61578.7351085518,-30199.0,-33634.0,12.5433,-3826.2132999999876,-1133.5500000000002,-3435.0,12126290.054196486,12126290.054196486
2023-06-30,-9.954421899062623,0.002869,0.002869,348.55,151412.8475680436,1.0,0.99998995,0.99998995,151580.1490579541,-150889.27552456752,5637.0,-82415.0,0.289769,-16.172553000000057,-1030.2083999999988,-88052.0,-3.9603108734137904,0.1303,0.1303,7.67,151412.8475680436,1.0,0.999401,0.999401,151669.47569339644,-60065.82737535265,826.0,-32808.0,13.1603,-107.62780000000006,-12108.239999999982,-33634.0,12113027.805443486,12113027.805443486
2023-07-01,-6.881686340204134,0.002924,0.002924,342.0,151401.0299233936,1.0,1.000008,1.000008,151411.6362749534,-104196.73891013037,25503.0,-56912.0,0.295324,-74.57077199999955,-453.2825000000004,-82415.0,-2.357370447222773,0.12990000000000002,0.12990000000000002,7.7,151401.0299233936,1.0,1.0002300000000002,1.0002300000000002,151378.03062100074,-35685.40957447312,13317.0,-19491.0,13.1199,-1729.8782999999898,1312.319999999972,-32808.0,12112082.393871486,12112082.393871486
2023-07-02,-4.584982945897956,0.002916,0.002916,342.94,151361.68157649357,1.0,1.00001304,1.00001304,151399.05567970753,-69416.2088316514,18997.0,-37915.0,0.29451600000000006,-55.39525200000056,45.52959999999815,-56912.0,-1.9810773533939283,0.1313,0.1313,7.62,151361.68157649357,1.0,1.0005060000000001,1.0005060000000001,151324.4597467617,-29978.546021888073,3117.0,-16374.0,13.2613,-409.26209999999855,-2728.740000000011,-19491.0,12108934.526119485,12108934.526119485
2023-07-03,-3.907044261177292,0.0029670000000000005,0.0029670000000000005,337.04,151324.19175476857,1.0,0.9999976800000002,0.9999976800000002,151362.03273640948,-59137.81613629181,5614.0,-32301.0,0.299667,-16.656737999999986,-193.36649999999975,-37915.0,-1.2285700283485352,0.1325,0.1325,7.55,151324.19175476857,1.0,1.000375,1.000375,151304.9422231599,-18588.871715638103,6221.0,-10153.0,13.3825,-824.2825000000017,-1964.8799999999871,-16374.0,12105935.340381486,12105935.340381486
2023-07-04,-2.4851653377680862,0.002924,0.002924,342.0,151341.4731939686,1.0,1.000008,1.000008,151322.9811709192,-37606.26276137012,11761.0,-20540.0,0.295324,-34.38916399999979,138.89430000000084,-32301.0,-0.43594414135325,0.1304,0.1304,7.67,151341.4731939686,1.0,1.000168,1.000168,151298.77356081037,-6595.781392776727,6550.0,-3603.0,13.170399999999999,-854.119999999999,2132.1300000000087,-10153.0,12107317.855517486,12107317.855517486
2023-07-05,-2.9811888950964023,0.002839,0.002839,352.24,151350.3957662561,1.0,1.00000936,1.00000936,151340.05665103835,-45117.3296271336,-4103.0,-24643.0,0.281061,-11.64841699999992,174.59000000000015,-20540.0,-1.1823420540320486,0.1267,0.1267,7.89,151350.3957662561,1.0,0.999663,0.999663,151392.49246392894,-17899.771050483316,-6174.0,-9777.0,12.5433,-782.2457999999974,1333.1099999999972,-3603.0,12108031.661300486,12108031.661300486
2023-07-06,-5.080936577873095,0.002784,0.002784,359.2,151362.1494355561,1.0,1.0000128,1.0000128,151348.45850598722,-76899.19188277787,-17359.0,-42002.0,0.27561599999999997,-48.327456000000154,135.53650000000013,-24643.0,-3.21518559462191,0.12369999999999999,0.12369999999999999,8.08,151362.1494355561,1.0,0.9994959999999999,0.9994959999999999,151426.7148305307,-48686.49921640422,-16815.0,-26592.0,12.2463,-2080.0154999999913,2933.1000000000067,-9777.0,12108971.954844486,12108971.954844486
2023-07-07,-7.084825425560488,0.0028439999999999997,0.0028439999999999997,351.62,151207.3830745561,1.0,1.00000728,1.00000728,151361.0475271301,-107236.65979596807,-16570.0,-58572.0,0.281556,-47.12508000000022,-252.01200000000023,-42002.0,-5.3466497675814,0.1274,0.1274,7.85,151207.3830745561,1.0,1.0000900000000001,1.0000900000000001,151348.52806802993,-80920.75724187194,-17607.0,-44199.0,12.6126,-2243.1317999999956,-9839.040000000026,-26592.0,12096590.645964487,12096590.645964487
2023-07-08,-6.247141263085199,0.0029070000000000003,0.0029070000000000003,344.0,150688.5419364811,1.0,1.000008,1.000008,151206.1734251687,-94460.6325237588,6978.0,-51594.0,0.293607,-20.28504599999995,-369.00360000000165,-58572.0,-4.162371006676684,0.13640000000000002,0.13640000000000002,7.33,150688.5419364811,1.0,0.9998120000000001,0.9998120000000001,151235.81540785276,-62949.957322475326,9816.0,-34383.0,13.7764,-1338.9024000000009,-39779.10000000001,-44199.0,12055083.354918487,12055083.354918487
2023-07-09,-4.312453905053635,0.0028439999999999997,0.0028439999999999997,351.62,150649.74501648112,1.0,1.00000728,1.00000728,150687.44493188203,-64983.26603390493,16100.0,-35494.0,0.287244,-45.78840000000021,325.04220000000146,-51594.0,0.6946105245860473,0.1358,0.1358,7.36,150649.74501648112,1.0,0.999488,0.999488,150765.73399228515,10472.346557798166,40103.0,5720.0,13.7158,-5445.987399999988,2062.9800000000173,-34383.0,12051979.601318488,12051979.601318488
2023-07-10,-5.108119066303374,0.002878,0.002878,347.46,150616.6578294311,1.0,0.9999898799999999,0.9999898799999999,150651.26960732957,-76954.46226440101,-6538.0,-42032.0,0.284922,-18.816363999999947,-120.6796000000005,-35494.0,1.98501177633054,0.13390000000000002,0.13390000000000002,7.47,150616.6578294311,1.0,1.0002330000000001,1.0002330000000001,150614.65180261107,29897.185751610676,10610.0,16330.0,13.523900000000001,-1420.679000000006,-1086.7999999999972,5720.0,12049332.626354488,12049332.626354488
2023-07-11,-4.492159946969576,0.0029270000000000003,0.0029270000000000003,341.65,150582.3097996936,1.0,1.0000095500000001,1.0000095500000001,150615.21945408528,-67658.76562356748,5077.0,-36955.0,0.29562700000000003,-14.860379000000066,-205.95680000000064,-42032.0,1.4661105000387749,0.13269999999999998,0.13269999999999998,7.54,150582.3097996936,1.0,1.0005579999999998,1.0005579999999998,150532.66060481363,22069.75143114905,-4276.0,12054.0,13.1373,-567.4251999999992,-1959.6000000000163,16330.0,12046584.783975488,12046584.783975488
2023-07-12,-2.9517501819039755,0.0028899999999999998,0.0028899999999999998,346.02,150532.9903780686,1.0,0.9999977999999998,0.9999977999999998,150582.64108150403,-44448.233820391055,12677.0,-24278.0,0.29189,-36.63653000000004,136.73350000000136,-36955.0,0.6139768692719466,0.1301,0.1301,7.69,150532.9903780686,1.0,1.000469,1.000469,150511.71980310595,9241.071451344744,-7007.0,5047.0,12.8799,-911.6107000000038,-3134.0399999999972,12054.0,12042639.230245488,12042639.230245488
2023-07-13,-3.364985146778012,0.0035670000000000003,0.0035670000000000003,280.35,150557.5145422811,1.0,1.0000084500000002,1.0000084500000002,150531.71838504824,-50653.699648465794,-3389.0,-27667.0,0.35313300000000003,-12.088562999999956,-1643.6206000000009,-24278.0,-1.0537312269211807,0.1411,0.1411,7.09,150557.5145422811,1.0,1.000399,1.000399,150472.95167035214,-15855.804798205168,-13707.0,-8660.0,13.9689,-1934.057699999997,5551.699999999998,5047.0,12044601.163382487,12044601.163382487
2023-07-14,6.887546924349065,0.003277,0.003277,305.16,150440.5799152561,1.0,1.00000932,1.00000932,150556.11135932323,103696.2281734862,84306.0,56639.0,0.330977,-276.2707620000025,802.3430000000008,-27667.0,3.341459227823401,0.1464,0.1464,6.83,150440.5799152561,1.0,0.999912,0.999912,150570.76476958083,50312.60713797425,36141.0,27481.0,14.7864,-5291.042399999995,-4589.80000000001,-8660.0,12035246.393220488,12035246.393220488
2023-07-15,5.607750493062322,0.0032600000000000003,0.0032600000000000003,306.75,150453.2005565061,1.0,1.000005,1.000005,150439.82771611752,84362.90180512688,-10560.0,46079.0,0.32274,-34.42559999999985,-96.28629999999883,56639.0,6.917948253959881,0.1484,0.1484,6.74,150453.2005565061,1.0,1.000216,1.000216,150408.09176743432,104051.53958239597,29352.0,56833.0,14.9884,-4355.8368000000155,5496.199999999981,27481.0,12036256.044520488,12036256.044520488
2023-07-16,4.934574720537792,0.003146,0.003146,317.86,150026.42236848111,1.0,0.99998756,0.99998756,150455.0722176045,74243.17959416789,-5527.0,40552.0,0.311454,-17.387941999999903,-525.3006000000009,46079.0,8.912468117478701,0.1429,0.1429,7.0,150026.42236848111,1.0,1.0003,1.0003,150408.07813306618,134050.72009721978,16385.0,73218.0,14.4329,-2341.416500000015,-31258.15000000004,56833.0,12002113.789478488,12002113.789478488
2023-07-17,3.0268068699025696,0.003118,0.003118,320.72,150091.3877812061,1.0,1.00000496,1.00000496,150025.67824111704,45409.87535620055,-15749.0,24803.0,0.308682,-49.105382000000155,-113.54559999999876,40552.0,6.647733866085267,0.14400000000000002,0.14400000000000002,6.94,150091.3877812061,1.0,0.9993600000000001,0.9993600000000001,150122.50076897323,99797.44324233149,-18709.0,54509.0,14.256,-2694.0960000000023,8053.980000000089,73218.0,12007311.022496488,12007311.022496488
2023-07-18,1.853796542360576,0.003095,0.003095,323.1,149675.2721128311,1.0,0.9999945000000001,0.9999945000000001,150092.2132883792,27824.042602924346,-9606.0,15197.0,0.306405,-29.73057000000014,-57.046900000000605,24803.0,6.212784204867447,0.138,0.138,7.25,149675.2721128311,1.0,1.0005000000000002,1.0005000000000002,150016.37959141037,93201.93935969136,-3602.0,50907.0,13.662,-497.0759999999996,-32705.39999999998,54509.0,11974021.769026488,11974021.769026488
2023-07-19,1.0179937355632254,0.003226,0.003226,309.98,149751.1747597061,1.0,0.99999548,0.99999548,149675.94864811897,15236.917808826813,-6875.0,8322.0,0.319374,-22.178750000000047,199.0807,15197.0,2.9254430997154723,0.1399,0.1399,7.15,149751.1747597061,1.0,1.000285,1.000285,149632.62681418905,43774.173560586976,-26998.0,23909.0,13.8501,-3777.0202000000218,9672.329999999974,50907.0,11980093.980776489,11980093.980776489
2023-07-20,2.39705412644664,0.003161,0.003161,316.36,149712.04920315612,1.0,1.0000139600000002,1.0000139600000002,149749.08426248978,35895.666036300674,11284.0,19606.0,0.319261,-35.66872400000028,-54.093000000000046,8322.0,2.560008712883397,0.1388,0.1388,7.2,149712.04920315612,1.0,0.99936,0.99936,149847.076888915,38360.982243573075,-2956.0,20953.0,13.741200000000001,-410.29279999999943,-2629.9899999999866,23909.0,11976963.93625249,11976963.93625249
2023-07-21,1.906260906788623,0.003127,0.003127,319.8,149726.45758458113,1.0,1.0000146,1.0000146,149709.8634391499,28538.606003471476,-4018.0,15588.0,0.309573,-12.564285999999964,-66.66040000000028,19606.0,1.806333924582268,0.1398,0.1398,7.15,149726.45758458113,1.0,0.9995700000000001,0.9995700000000001,149776.45307797965,27054.628829835892,-6176.0,14777.0,13.840200000000001,-863.4047999999955,2095.2999999999925,20953.0,11978116.60676649,11978116.60676649
2023-07-22,1.17837571384246,0.0031,0.0031,322.58,149640.71481458112,1.0,0.9999979999999999,0.9999979999999999,149726.7570380952,17643.437420608203,-5951.0,9637.0,0.3069,-18.44809999999995,-42.08759999999969,15588.0,1.9415324487457115,0.1353,0.1353,7.39,149640.71481458112,1.0,0.999867,0.999867,149746.37385230348,29073.744391625358,1103.0,15880.0,13.6653,-149.23590000000095,-6649.650000000016,14777.0,11971257.18516649,11971257.18516649
2023-07-23,0.469455748547915,0.003171,0.003171,315.36,149612.43538333112,1.0,1.00000656,1.00000656,149639.73317793146,7024.923295155609,-5800.0,3837.0,0.313929,-18.39179999999988,68.42269999999995,9637.0,-0.2903188308208392,0.1354,0.1354,7.39,149612.43538333112,1.0,1.0006059999999999,1.0006059999999999,149550.08746157942,-4341.720654099998,-18251.0,-2371.0,13.404599999999999,-2471.1854000000117,158.7999999999966,15880.0,11968994.83066649,11968994.83066649
2023-07-24,1.2352175319085168,0.003053,0.003053,327.55,149614.38494806862,1.0,1.00001015,1.00001015,149610.91683252525,18480.202743644222,6257.0,10094.0,0.30835300000000004,-19.102621000000173,-45.27659999999991,3837.0,-1.036462958402829,0.1311,0.1311,7.63,149614.38494806862,1.0,1.0002929999999999,1.0002929999999999,149568.61178007958,-15502.23258497855,-6096.0,-8467.0,12.9789,-799.1856,1019.5299999999993,-2371.0,11969150.79584549,11969150.79584549
2023-07-25,-0.3273507394732925,0.003037,0.003037,329.27,149558.42040865612,1.0,0.99999299,0.99999299,149615.43375225924,-4897.672287541947,-12769.0,-2675.0,0.300663,-38.77945300000015,-16.1503999999999,10094.0,-3.384883233255314,0.1333,0.1333,7.5,149558.42040865612,1.0,0.99975,0.99975,149651.797897543,-50655.38615299061,-19201.0,-27668.0,13.1967,-2559.4933000000037,-1862.7400000000055,-8467.0,11964673.63269249,11964673.63269249
2023-07-26,-1.1379406041722295,0.003069,0.003069,325.84,149573.87728804362,1.0,1.00000296,1.00000296,149557.9777170421,-17018.80955221077,-6621.0,-9296.0,0.303831,-20.319848999999923,-8.559999999999949,-2675.0,-3.024680490851108,0.13269999999999998,0.13269999999999998,7.54,149573.87728804362,1.0,1.0005579999999998,1.0005579999999998,149475.01335120617,-45211.41567531022,2974.0,-24694.0,13.4027,-394.64979999999946,1660.0800000000138,-27668.0,11965910.18304349,11965910.18304349
2023-07-27,-0.9068929522426212,0.003077,0.003077,324.99,149609.2602243061,1.0,0.99999423,0.99999423,149574.74033429535,-13564.827784269259,1887.0,-7409.0,0.31077699999999997,-5.806298999999993,-7.436799999999697,-9296.0,-3.131915358158428,0.1315,0.1315,7.6,149609.2602243061,1.0,0.9994,0.9994,149663.67549333963,-46873.39638360295,-908.0,-25602.0,13.0185,-119.40200000000075,2963.2799999999806,-24694.0,11968740.81794449,11968740.81794449
2023-07-28,-0.6760326916144535,0.003099,0.003099,322.68,149578.73563661863,1.0,0.9999853200000001,0.9999853200000001,149611.45652048782,-10114.223564790414,1885.0,-5524.0,0.312999,-5.841615000000035,-16.29980000000026,-7409.0,-3.7119412256442113,0.1322,0.1322,7.56,149578.73563661863,1.0,0.999432,0.999432,149694.28657908304,-55565.63935962973,-4748.0,-30350.0,13.0878,-627.6856000000047,-1792.1400000000074,-25602.0,11966298.85092949,11966298.85092949
2023-07-29,-0.206873455895522,0.00313,0.00313,319.49,149570.76262511863,1.0,1.0000037,1.0000037,149578.18219734452,-3094.3755477734708,3834.0,-1690.0,0.31613,-12.000420000000084,-17.124399999999955,-5524.0,-3.433082618810708,0.1323,0.1323,7.56,149570.76262511863,1.0,1.0001879999999999,1.0001879999999999,149550.6201200361,-51341.96345664589,2307.0,-28043.0,13.362300000000001,-305.21610000000175,-303.4999999999935,-30350.0,11965661.01000949,11965661.01000949
2023-07-30,0.5028832967164429,0.003156,0.003156,316.86,149605.64001401863,1.0,1.00001016,1.00001016,149569.24300160975,7521.587400803228,5798.0,4108.0,0.318756,-18.298487999999953,-4.393999999999985,-1690.0,-3.178230398528626,0.13119999999999998,0.13119999999999998,7.62,149605.64001401863,1.0,0.9997439999999999,0.9997439999999999,149609.0625451302,-47549.207047630334,2072.0,-25971.0,13.251199999999999,-271.8463999999995,3084.7300000000337,-28043.0,11968451.20112149,11968451.20112149
2023-07-31,1.2077301494249637,0.00307,0.00307,325.73,149696.54509064363,1.0,0.9999911,0.9999911,149606.97151606512,18068.485006411363,5761.0,9869.0,0.31007,-17.6862700000001,-35.32879999999999,4108.0,-3.622892540066302,0.1282,0.1282,7.8,149696.54509064363,1.0,0.9999600000000001,0.9999600000000001,149611.62447899778,-54202.683823216204,-3634.0,-29605.0,12.6918,-465.8787999999987,7791.299999999972,-25971.0,11975723.60725149,11975723.60725149
2023-08-01,-0.1267678886094047,0.0031030000000000003,0.0031030000000000003,322.27,149647.5404166686,1.0,1.00000381,1.00000381,149695.97474897985,-1897.6642652254934,-10906.0,-1037.0,0.307197,-33.84131800000024,32.56770000000025,9869.0,-5.374407639581275,0.12890000000000001,0.12890000000000001,7.76,149647.5404166686,1.0,1.000264,1.000264,149657.03563323646,-80431.7915624353,-14327.0,-43932.0,12.7611,-1846.750299999997,-2072.3500000000085,-29605.0,11971803.233333489,11971803.233333489
2023-08-02,-0.0027599116745362,0.002993,0.002993,334.11,149833.05871164362,1.0,0.99999123,0.99999123,149648.852837108,-41.30176160260841,1014.0,-23.0,0.30229300000000003,-3.0349020000000237,11.40700000000001,-1037.0,-5.477295769518338,0.1255,0.1255,7.97,149833.05871164362,1.0,1.000235,1.000235,149612.38150701445,-81947.12642959338,-827.0,-44759.0,12.4245,-103.78850000000051,14936.879999999994,-43932.0,11986644.696931489,11986644.696931489
2023-08-03,-2.003084077897886,0.002922,0.002922,342.23,149870.77320864363,1.0,0.9999960600000001,0.9999960600000001,149833.6490562209,-30012.939675785565,-16370.0,-16393.0,0.28927800000000004,-47.83313999999967,0.1632999999999999,-23.0,-7.296088816661163,0.1244,0.1244,8.04,149870.77320864363,1.0,1.000176,1.000176,149806.6927337225,-109300.29355155079,-14941.0,-59700.0,12.3156,-1858.6603999999943,4923.490000000054,-44759.0,11989661.856691489,11989661.856691489
2023-08-04,-4.003610367801959,0.002935,0.002935,340.72,149877.16869364362,1.0,1.0000132000000002,1.0000132000000002,149868.7949405504,-60001.626123397335,-16380.0,-32773.0,0.29056499999999996,-48.07530000000034,-21.310899999999474,-16393.0,-8.486200984804594,0.1241,0.1241,8.06,149877.16869364362,1.0,1.000246,1.000246,149833.91406578347,-127152.07091021785,-9750.0,-69450.0,12.2859,-1209.975000000003,1790.9999999999618,-59700.0,11990173.49549149,11990173.49549149
2023-08-05,-4.399474368623472,0.002938,0.002938,340.37,149836.74240744364,1.0,1.00000706,1.00000706,149876.110568303,-65937.61069142265,-3242.0,-36015.0,0.290862,-9.524995999999987,-9.831900000000736,-32773.0,-8.909915997201281,0.1245,0.1245,8.03,149836.74240744364,1.0,0.9997349999999999,0.9997349999999999,149916.89667126152,-133574.69559020447,-3508.0,-72958.0,12.3255,-436.7459999999979,-2777.999999999941,-69450.0,11986939.39259549,11986939.39259549
2023-08-06,-4.381673802878905,0.0029230000000000003,0.0029230000000000003,342.11,149705.49899038114,1.0,0.9999875300000002,0.9999875300000002,149838.61089492147,-65654.39160180431,155.0,-35860.0,0.295223,-0.4530650000000014,54.02250000000005,-36015.0,-8.582646534917721,0.1259,0.1259,7.94,149705.49899038114,1.0,0.9996460000000001,0.9996460000000001,149889.80339784647,-128645.12017520254,2692.0,-70266.0,12.7159,-338.92279999999914,-10214.12000000004,-72958.0,11976439.91923049,11976439.91923049
2023-08-07,-4.568766108637139,0.00291,0.00291,343.64,149794.65092175614,1.0,0.9999923999999999,0.9999923999999999,149706.63676082055,-68397.46082708878,-1499.0,-37359.0,0.28808999999999996,-4.362090000000036,46.61800000000084,-35860.0,-7.277831840116307,0.1247,0.1247,8.02,149794.65092175614,1.0,1.000094,1.000094,149691.4279961495,-108942.90408628543,10762.0,-59504.0,12.594700000000001,-1342.0214000000076,8431.919999999946,-70266.0,11983572.073740492,11983572.073740492
2023-08-08,-4.790341711728561,0.002974,0.002974,336.25,149633.39892280614,1.0,1.0000075,1.0000075,149793.52747030012,-71756.21827879368,-1834.0,-39193.0,0.294426,-5.454315999999957,-239.09760000000063,-37359.0,-7.430127204832752,0.1268,0.1268,7.89,149633.39892280614,1.0,1.000452,1.000452,149726.97432935928,-111249.04652618675,-1260.0,-60764.0,12.5532,-159.76799999999918,-12495.839999999946,-59504.0,11970671.913824491,11970671.913824491
2023-08-09,-3.331673920581909,0.003013,0.003013,331.9,149655.21188240615,1.0,1.0000147,1.0000147,149631.19934417578,-49852.23645603833,11964.0,-27229.0,0.304313,-36.047531999999855,-152.85270000000057,-39193.0,-5.772129367625775,0.1262,0.1262,7.92,149655.21188240615,1.0,0.9995040000000001,0.9995040000000001,149707.65391915003,-86413.19457450819,13565.0,-47199.0,12.7462,-1711.9030000000103,3645.84000000003,-60764.0,11972416.950592492,11972416.950592492
2023-08-10,-1.866084781800524,0.0029649999999999998,0.0029649999999999998,337.27,149735.43544896864,1.0,1.0000055499999998,1.0000055499999998,149654.38130058997,-27926.776347480383,11975.0,-15254.0,0.299465,-35.505874999999946,130.69920000000073,-27229.0,-5.492703554413413,0.12480000000000001,0.12480000000000001,8.01,149735.43544896864,1.0,0.9996480000000001,0.9996480000000001,149707.9090663975,-82230.11642528014,2285.0,-44914.0,12.604800000000001,-285.1680000000011,6607.859999999943,-47199.0,11978834.835917491,11978834.835917491
2023-08-11,-2.3532556514087344,0.0029330000000000003,0.0029330000000000003,340.95,149748.56441726864,1.0,1.00000635,1.00000635,149734.4846349912,-35236.352217806736,-3992.0,-19246.0,0.290367,-11.708536000000075,48.812799999999704,-15254.0,-6.262779597125429,0.1244,0.1244,8.04,149748.56441726864,1.0,1.000176,1.000176,149709.0866497183,-93759.50133741387,-6297.0,-51211.0,12.3156,-783.3467999999976,1796.5600000000416,-44914.0,11979885.153381491,11979885.153381491
2023-08-12,-3.208451186397504,0.002919,0.002919,342.58,149774.74741048116,1.0,0.99999102,0.99999102,149749.909171453,-48046.52737440668,-6997.0,-26243.0,0.288981,-20.424243000000036,26.944400000000236,-19246.0,-6.726433382978998,0.12390000000000001,0.12390000000000001,8.07,149774.74741048116,1.0,0.9998730000000001,0.9998730000000001,149767.584900551,-100740.16827632076,-3813.0,-55024.0,12.2661,-472.430700000003,2560.5499999999456,-51211.0,11981979.792838491,11981979.792838491
2023-08-13,-3.786689303630647,0.002894,0.002894,345.54,149852.65611560617,1.0,0.99999276,0.99999276,149775.8317875033,-56715.45401721217,-4735.0,-30978.0,0.286506,-13.703090000000037,65.60750000000006,-26243.0,-7.14659460517763,0.1227,0.1227,8.15,149852.65611560617,1.0,1.000005,1.000005,149773.99854048845,-107037.40499653369,-3440.0,-58464.0,12.1473,-422.0880000000001,6602.880000000055,-55024.0,11988212.489248492,11988212.489248492
2023-08-14,-4.521302269100147,0.002906,0.002906,344.12,149767.08995225615,1.0,1.00001272,1.00001272,149850.750014066,-67752.05360649555,-6028.0,-37006.0,0.287694,-17.51736800000012,-37.173600000001066,-30978.0,-8.07138978904911,0.12369999999999999,0.12369999999999999,8.08,149767.08995225615,1.0,0.9994959999999999,0.9994959999999999,149928.21993845515,-121012.91035015562,-7633.0,-66097.0,12.2463,-944.202099999996,-5846.39999999998,-58464.0,11981367.196180493,11981367.196180493
2023-08-15,-4.399242184424058,0.0028199999999999996,0.0028199999999999996,354.61,150209.34363750616,1.0,1.0000002,1.0000002,149767.05999884417,-65886.15681840843,1019.0,-35987.0,0.28481999999999996,-2.873579999999989,318.25160000000193,-37006.0,-7.428980970828139,0.1183,0.1183,8.45,150209.34363750616,1.0,0.9996349999999999,0.9996349999999999,149821.7749000947,-111302.31147485002,5304.0,-60793.0,11.9483,-627.463199999998,35692.37999999995,-66097.0,12016747.491000492,12016747.491000492
2023-08-16,-6.302389164017652,0.002747,0.002747,364.03,150519.20838641864,1.0,0.9999904099999999,0.9999904099999999,150210.78415892625,-94668.68184018112,-15721.0,-51708.0,0.271953,-43.18558699999999,262.70509999999905,-35987.0,-10.398214391663466,0.11380000000000001,0.11380000000000001,8.79,150519.20838641864,1.0,1.000302,1.000302,150163.99411128456,-156143.7404677627,-24492.0,-85285.0,11.266200000000001,-2787.1895999999865,27356.84999999996,-60793.0,12041536.670913491,12041536.670913491
2023-08-17,-8.60918107623502,0.002553,0.002553,391.7,151354.71881254364,1.0,1.0000101000000001,1.0000101000000001,150517.68815776822,-129583.40325265021,-19070.0,-70778.0,0.252747,-48.685710000000526,1003.1351999999986,-51708.0,-14.048586655988489,0.1057,0.1057,9.46,151354.71881254364,1.0,0.9999220000000001,0.9999220000000001,150530.94980050306,-211474.70926806206,-30222.0,-115507.0,10.4643,-3194.4654000000173,69080.85000000005,-85285.0,12108377.505003491,12108377.505003491
2023-08-18,-12.703629520345467,0.00264,0.00264,378.79,150973.27132529367,1.0,1.0000056,1.0000056,151353.87123086475,-192274.350658698,-34242.0,-105020.0,0.26136000000000004,-90.39887999999917,-615.768599999999,-70778.0,-16.307284236162737,0.1081,0.1081,9.25,150973.27132529367,1.0,0.9999250000000001,0.9999250000000001,151366.0712678887,-246836.95478767267,-19315.0,-134822.0,10.7019,-2087.951500000006,-27721.680000000026,-115507.0,12077861.706023492,12077861.706023492
2023-08-19,-11.937182241975744,0.002688,0.002688,372.02,150954.32284149365,1.0,0.99998976,0.99998976,150974.8173074229,-180221.39081477007,6583.0,-98437.0,0.271488,-17.695104000000157,-504.09599999999693,-105020.0,-17.463632634610242,0.1081,0.1081,9.25,150954.32284149365,1.0,0.9999250000000001,0.9999250000000001,150984.5951699314,-263673.950353303,-9196.0,-144018.0,10.7019,-994.0876000000028,-0.0,-134822.0,12076345.827319492,12076345.827319492
2023-08-20,-10.268493333848916,0.002703,0.002703,369.96,150859.97790129363,1.0,1.00000188,1.00000188,150954.03904790024,-155007.05436809326,13772.0,-84665.0,0.273003,-37.22571600000015,-147.65550000000013,-98437.0,-17.651419735812027,0.1086,0.1086,9.21,150859.97790129363,1.0,1.0002060000000002,1.0002060000000002,150923.23265556656,-266400.9327489018,-1490.0,-145508.0,10.751399999999999,-161.81400000000136,-7200.899999999847,-144018.0,12068798.232103491,12068798.232103491
2023-08-21,-9.063237379182937,0.0026279999999999997,0.0026279999999999997,380.52,151767.50434779364,1.0,1.0000065599999999,1.0000065599999999,150858.98826633062,-136727.08214411276,9985.0,-74680.0,0.265428,-26.240580000000193,634.9875000000005,-84665.0,-16.763447104630274,0.1036,0.1036,9.65,151767.50434779364,1.0,0.99974,0.99974,150899.21169633468,-252959.09534019124,7342.0,-138166.0,10.4636,-760.631200000001,72754.0,-145508.0,12141400.347823491,12141400.347823491
2023-08-22,-10.076710358003194,0.0025879999999999996,0.0025879999999999996,386.4,152116.81794919365,1.0,1.0000031999999999,1.0000031999999999,151767.01869333384,-152931.22892703814,-8851.0,-83531.0,0.256212,-22.906387999999815,298.72000000000025,-74680.0,-18.262739871613025,0.1015,0.1015,9.85,152116.81794919365,1.0,0.9997750000000001,0.9997750000000001,151801.6597212309,-277231.42235679564,-13257.0,-151423.0,10.0485,-1345.585499999996,29014.859999999873,-138166.0,12169345.435935492,12169345.435935492
2023-08-23,-11.206622581673418,0.0026810000000000002,0.0026810000000000002,373.0,151751.29214420615,1.0,1.000013,1.000013,152114.8404562677,-170469.3606064859,-9579.0,-93110.0,0.265419,-25.681298999999893,-776.8383000000025,-83531.0,-19.602554314032087,0.1033,0.1033,9.68,151751.29214420615,1.0,0.9999439999999999,0.9999439999999999,152125.33696806387,-298204.5180456905,-11456.0,-162879.0,10.2267,-1183.4048000000096,-27256.139999999956,-151423.0,12140103.371536491,12140103.371536491
2023-08-24,-8.726185163147777,0.0026590000000000003,0.0026590000000000003,376.08,152171.20397248116,1.0,0.9999967200000001,0.9999967200000001,151751.78989007697,-132421.42174199084,20782.0,-72328.0,0.26855900000000005,-55.25933800000047,204.8419999999981,-93110.0,-18.740699944807343,0.1012,0.1012,9.88,152171.20397248116,1.0,0.9998560000000001,0.9998560000000001,151773.1474774429,-284433.50165537506,7522.0,-155357.0,10.2212,-761.226400000003,34204.59000000014,-162879.0,12173696.317798492,12173696.317798492
2023-08-25,-8.298018237463912,0.0026119999999999997,0.0026119999999999997,382.85,152326.59923113114,1.0,1.0000042,1.0000042,152170.56485610877,-126271.41223811757,3359.0,-68969.0,0.263812,-8.773708000000012,339.9416000000027,-72328.0,-19.084588435703328,0.10039999999999999,0.10039999999999999,9.96,152326.59923113114,1.0,0.999984,0.999984,152173.63875070118,-290417.12663205276,-3268.0,-158625.0,9.939599999999999,-328.1072000000016,12428.56000000001,-155357.0,12186127.938490491,12186127.938490491
2023-08-26,-9.127487606163388,0.0026100000000000003,0.0026100000000000003,383.14,152226.26336450616,1.0,0.9999954000000001,0.9999954000000001,152327.29993671083,-139036.55422526613,-6973.0,-75942.0,0.25839,-18.19953000000001,13.79379999999848,-68969.0,-19.17244353240284,0.1009,0.1009,9.91,152226.26336450616,1.0,0.999919,0.999919,152338.93868516464,-292070.9699727498,-904.0,-159529.0,9.9891,-91.21359999999939,-7931.250000000113,-158625.0,12178101.069160491,12178101.069160491
2023-08-27,-9.31709208815242,0.0026340000000000005,0.0026340000000000005,379.65,151996.21083595612,1.0,0.9999981000000001,0.9999981000000001,152226.55259495607,-141830.88087891834,-1526.0,-77468.0,0.260766,-4.0194840000000385,-182.260800000001,-75942.0,-18.389619598095337,0.102,0.102,9.8,151996.21083595612,1.0,0.9996,0.9996,152287.17823580047,-280050.32774237136,6566.0,-152963.0,10.302,-669.732000000002,-17548.189999999908,-159529.0,12159696.86687649,12159696.86687649
2023-08-28,-8.517703181966748,0.002676,0.002676,373.69,151650.82000590613,1.0,0.99999444,0.99999444,151997.05593958715,-129466.58070261993,6754.0,-70714.0,0.270276,-18.073704000000077,-325.36559999999855,-77468.0,-16.927654614633454,0.1037,0.1037,9.64,151650.82000590613,1.0,0.9996680000000001,0.9996680000000001,152046.69033714803,-257379.38593253674,12383.0,-140580.0,10.4737,-1284.1170999999988,-26003.70999999999,-152963.0,12132065.600472491,12132065.600472491
2023-08-29,-6.829549024949397,0.002726,0.002726,366.84,150849.23288910615,1.0,1.00000584,1.00000584,151649.9343702894,-103570.06614122502,14144.0,-56570.0,0.275326,-38.55654400000009,-353.57000000000033,-70714.0,-14.871490761200713,0.1081,0.1081,9.25,150849.23288910615,1.0,0.9999250000000001,0.9999250000000001,151662.1946705064,-225544.29268658598,17388.0,-123192.0,10.9181,-1879.6428000000053,-61855.20000000018,-140580.0,12067938.631128492,12067938.631128492
2023-08-30,-4.619822467743872,0.002654,0.002654,376.79,151415.02686130613,1.0,1.00000066,1.00000066,150849.13332867814,-69689.62153915183,18506.0,-38064.0,0.268054,-49.11492399999981,407.3039999999991,-56570.0,-9.85896424796388,0.1041,0.1041,9.61,151415.02686130613,1.0,1.0004009999999999,1.0004009999999999,150788.76659370208,-148662.1058841879,41993.0,-81199.0,10.514100000000001,-4371.471300000031,49276.80000000005,-123192.0,12113202.148904491,12113202.148904491
2023-08-31,-5.75597936563448,0.0025540000000000003,0.0025540000000000003,391.54,151847.83737930615,1.0,0.9999931600000002,0.9999931600000002,151416.06254717393,-87154.7731647153,-9540.0,-47604.0,0.252846,-24.365160000000007,380.6400000000003,-38064.0,-10.602001576494038,0.0998,0.0998,10.02,151847.83737930615,1.0,0.999996,0.999996,151415.63252383622,-160530.87747235535,-6483.0,-87682.0,9.8802,-647.0034000000007,34915.56999999998,-81199.0,12147826.99034449,12147826.99034449
2023-09-01,-8.679471830360088,0.002551,0.002551,392.0,151885.28712139363,1.0,0.999992,0.999992,151849.0521717235,-131796.95707913535,-24383.0,-71987.0,0.25254899999999997,-62.20103300000062,14.28120000000107,-47604.0,-13.265594620643055,0.0992,0.0992,10.08,151885.28712139363,1.0,0.9999359999999999,0.9999359999999999,151857.556262907,-201448.0781465219,-22349.0,-110031.0,9.8208,-2217.020799999994,5260.920000000044,-87682.0,12150822.96971149,12150822.96971149
2023-09-02,-9.77963980968934,0.002562,0.002562,390.32,151869.97758354363,1.0,0.99999984,0.99999984,151885.31142304346,-148538.3638099859,-9144.0,-81131.0,0.253638,-23.42692800000008,-79.18569999999927,-71987.0,-14.625893577005137,0.0992,0.0992,10.08,151869.97758354363,1.0,0.9999359999999999,0.9999359999999999,151895.00840193135,-222160.0227764949,-11312.0,-121343.0,9.8208,-1122.150399999997,-0.0,-110031.0,12149598.20668349,12149598.20668349
2023-09-03,-9.678951297998804,0.002559,0.002559,390.78,151928.31186433113,1.0,1.00000602,1.00000602,151869.06333178235,-146993.32676610173,843.0,-80288.0,0.258459,-2.1572369999999816,24.33929999999732,-81131.0,-14.881376964998973,0.09880000000000001,0.09880000000000001,10.12,151928.31186433113,1.0,0.9998560000000001,0.9998560000000001,151891.85000994505,-226035.9877909075,-2117.0,-123460.0,9.7812,-209.1596000000014,4853.719999999897,-121343.0,12154264.94914649,12154264.94914649
2023-09-04,-9.560324813697422,0.002561,0.002561,390.47,152034.73105766866,1.0,0.9999936700000001,0.9999936700000001,151929.27357663287,-145249.32041017074,953.0,-79335.0,0.258661,-2.440632999999981,-16.05759999999823,-80288.0,-15.007632455834122,0.0981,0.0981,10.19,152034.73105766866,1.0,0.999639,0.999639,151983.17779151385,-228090.7671764731,-1123.0,-124583.0,9.7119,-110.16630000000059,8642.200000000035,-123460.0,12162778.484613491,12162778.484613491
2023-09-05,-9.274261821772363,0.002578,0.002578,387.9,151874.30456844365,1.0,1.0000061999999998,1.0000061999999998,152033.7884481803,-141000.11598243748,2321.0,-77014.0,0.260378,-5.983538000000057,-134.86949999999837,-79335.0,-15.286902668442776,0.09910000000000001,0.09910000000000001,10.09,151874.30456844365,1.0,0.9999190000000001,0.9999190000000001,152047.046868465,-232432.84065023815,-2371.0,-126954.0,9.8109,-234.96609999999993,-12458.299999999956,-124583.0,12149944.36547549,12149944.36547549
2023-09-06,-8.431474274716185,0.002577,0.002577,388.05,151799.16149164364,1.0,1.00000485,1.00000485,151873.56798163895,-128051.80814465485,7072.0,-69942.0,0.260277,-18.224543999999973,7.701399999999152,-77014.0,-14.185929148834472,0.09949999999999999,0.09949999999999999,10.05,151799.16149164364,1.0,0.999975,0.999975,151878.1015209817,-215453.19874361352,9274.0,-117680.0,10.0495,-922.7630000000075,-5078.159999999892,-126954.0,12143932.919331491,12143932.919331491
2023-09-07,-8.010723698752587,0.002579,0.002579,387.75,151567.50440669365,1.0,1.0000072500000001,1.0000072500000001,151798.0609557017,-121601.23243225293,3524.0,-66418.0,0.260479,-9.088395999999992,-13.988400000002342,-69942.0,-13.16796318462214,0.10099999999999999,0.10099999999999999,9.9,151567.50440669365,1.0,0.9999,0.9999,151814.34292593622,-199908.56785463289,8490.0,-109190.0,10.201,-857.4900000000074,-17652.00000000004,-117680.0,12125400.352535492,12125400.352535492
2023-09-08,-7.650195216446796,0.0025440000000000003,0.0025440000000000003,393.08,151782.67447619364,1.0,0.99999552,0.99999552,151568.18343215543,-115952.6191858206,3085.0,-63333.0,0.256944,-7.848239999999971,232.4630000000002,-66418.0,-11.27505904205266,0.0993,0.0993,10.07,151782.67447619364,1.0,0.999951,0.999951,151574.931578341,-170901.63028408872,15844.0,-93346.0,10.0293,-1573.309199999992,18562.299999999992,-109190.0,12142613.958095491,12142613.958095491
2023-09-09,-8.556305557184826,0.002533,0.002533,394.79,151883.55998661864,1.0,1.00000307,1.00000307,151782.20850481352,-129869.49541115218,-7602.0,-70935.0,0.250767,-19.255866000000058,69.66629999999935,-63333.0,-11.72327779978998,0.0984,0.0984,10.16,151883.55998661864,1.0,0.9997440000000001,0.9997440000000001,151821.54079063603,-177984.6098680772,-3869.0,-97215.0,9.7416,-380.7095999999993,8401.139999999987,-93346.0,12150684.79892949,12150684.79892949
2023-09-10,-9.155634192985156,0.00249,0.00249,401.61,152330.09921136862,1.0,1.0000089,1.0000089,151882.20823496534,-139057.79390221403,-5018.0,-75953.0,0.24651,-12.494819999999962,305.02050000000185,-70935.0,-12.404871437287746,0.0947,0.0947,10.56,152330.09921136862,1.0,1.000032,1.000032,151878.69986822284,-188403.57459277156,-5691.0,-102906.0,9.375300000000001,-538.9376999999976,35969.54999999992,-97215.0,12186407.93690949,12186407.93690949
2023-09-11,-10.66858099533694,0.002421,0.002421,413.05,152619.87711170613,1.0,0.99999405,0.99999405,152331.00558085184,-162515.56711404413,-12813.0,-88766.0,0.239679,-31.02027300000008,524.0756999999992,-75953.0,-14.977336745382516,0.09230000000000001,0.09230000000000001,10.83,152619.87711170613,1.0,0.9996090000000001,0.9996090000000001,152389.68357764746,-228239.1607464714,-21758.0,-124664.0,9.1377,-2008.2633999999962,24697.44000000002,-102906.0,12209590.16893649,12209590.16893649
2023-09-12,-13.193778290244843,0.002455,0.002455,407.33,152607.82274364363,1.0,0.99999515,0.99999515,152620.61732170012,-201364.25874628132,-21219.0,-109985.0,0.24304499999999998,-52.09264500000027,-301.8043999999988,-88766.0,-17.377431644225904,0.0922,0.0922,10.85,152607.82274364363,1.0,1.00037,1.00037,152563.42864310817,-265116.0552654349,-20142.0,-144806.0,9.1278,-1857.0924000000011,1246.6399999999735,-124664.0,12208625.819491489,12208625.819491489
2023-09-13,-12.627582449353117,0.002487,0.002487,402.09,152470.80199085613,1.0,0.99999783,0.99999783,152608.1539033376,-192707.2045857965,4729.0,-105256.0,0.251187,-11.761022999999948,-351.9520000000009,-109985.0,-17.961284087870887,0.0929,0.0929,10.76,152470.80199085613,1.0,0.9996039999999999,0.9996039999999999,152668.27938227903,-274211.8337191555,-4968.0,-149774.0,9.197099999999999,-461.527200000001,-10136.419999999784,-144806.0,12197664.15926849,12197664.15926849
2023-09-14,-10.925574035350191,0.0025130000000000005,0.0025130000000000005,397.93,152252.17652730612,1.0,0.9999980900000002,0.9999980900000002,152471.09321064412,-166583.4217123672,14268.0,-90988.0,0.253813,-35.85548399999982,-273.665600000002,-105256.0,-17.086193843932502,0.094,0.094,10.64,152252.17652730612,1.0,1.0001600000000002,1.0001600000000002,152446.4105651657,-260472.89217281406,7504.0,-142270.0,9.494,-705.3759999999957,-16475.14000000018,-149774.0,12180174.122184489,12180174.122184489
2023-09-15,-9.079211056780192,0.002505,0.002505,399.2,152181.86372074363,1.0,0.9999959999999999,0.9999959999999999,152252.78553844828,-138233.5173886263,15485.0,-75503.0,0.253005,-38.789924999999684,72.79040000000208,-90988.0,-15.327875468991662,0.0943,0.0943,10.6,152181.86372074363,1.0,0.9995799999999999,0.9995799999999999,152316.14931001634,-233468.29685402708,14750.0,-127520.0,9.5243,-1390.9250000000072,-4268.099999999909,-142270.0,12174549.09765949,12174549.09765949
2023-09-16,-8.573309629932876,0.0025030000000000005,0.0025030000000000005,399.52,152249.25697924363,1.0,0.9999985600000001,0.9999985600000001,152182.08286294295,-130470.41165121117,4240.0,-71263.0,0.252803,-10.612719999999904,15.100599999998337,-75503.0,-14.071590619487475,0.09380000000000001,0.09380000000000001,10.66,152249.25697924363,1.0,0.9999080000000001,0.9999080000000001,152195.86574039172,-214163.79166772714,10544.0,-116976.0,9.4738,-989.0271999999987,6375.9999999998645,-127520.0,12179940.55833949,12179940.55833949
2023-09-17,-8.325948125908344,0.002471,0.002471,404.69,152658.33282705615,1.0,0.9999889900000001,0.9999889900000001,152250.93326201884,-126763.3372460702,2025.0,-69238.0,0.249571,-5.003775000000002,228.04160000000257,-71263.0,-13.737215380647545,0.091,0.091,10.99,152658.33282705615,1.0,1.00009,1.00009,152235.5557792235,-209129.26183317762,2750.0,-114226.0,9.190999999999999,-250.2499999999981,32753.280000000133,-116976.0,12212666.62616449,12212666.62616449
2023-09-18,-9.354129768312191,0.002516,0.002516,397.46,152622.75428420614,1.0,1.00000936,1.00000936,152656.9039584351,-142797.2489655973,-8758.0,-77996.0,0.249084,-22.035127999999915,-311.57100000000025,-69238.0,-15.507591123789185,0.0911,0.0911,10.98,152622.75428420614,1.0,1.000278,1.000278,152615.90560529788,-236670.50631137658,-15043.0,-129269.0,9.018899999999999,-1370.4173000000128,-1142.2599999999757,-114226.0,12209820.34273649,12209820.34273649
2023-09-19,-7.554463691539901,0.0025480000000000004,0.0025480000000000004,392.46,152454.8827897061,1.0,0.9999880800000001,0.9999880800000001,152624.57356912308,-115299.67994647007,15020.0,-62976.0,0.257348,-38.27095999999992,-249.5872000000028,-77996.0,-15.790086189580304,0.09210000000000002,0.09210000000000002,10.86,152454.8827897061,1.0,1.0002060000000002,1.0002060000000002,152591.32047218885,-240943.01020377316,-2334.0,-131603.0,9.1179,-214.96140000000068,-12926.900000000183,-129269.0,12196390.623176489,12196390.623176489
2023-09-20,-5.440155249255513,0.0025169999999999997,0.0025169999999999997,397.3,152707.77923480613,1.0,1.0000041,1.0000041,152454.25772724944,-82937.48304462488,17676.0,-45300.0,0.25421699999999997,-44.49049199999985,195.22560000000297,-62976.0,-14.510156583393224,0.09050000000000001,0.09050000000000001,11.05,152707.77923480613,1.0,1.0000250000000002,1.0000250000000002,152451.07151291828,-221208.89189585223,10779.0,-120824.0,9.140500000000001,-975.499500000005,21056.480000000018,-131603.0,12216622.33878449,12216622.33878449
2023-09-21,-5.942003606353893,0.0024490000000000002,0.0024490000000000002,408.33,153037.69246244364,1.0,1.00000017,1.00000017,152707.75327448806,-90739.00206752085,-4261.0,-49561.0,0.242451,-10.435189000000028,308.03999999999877,-45300.0,-15.152107583681188,0.0883,0.0883,11.33,153037.69246244364,1.0,1.000439,1.000439,152640.76993680387,-231282.93677383816,-5502.0,-126326.0,8.7417,-485.82660000000146,26581.28000000008,-120824.0,12243015.39699549,12243015.39699549
2023-09-22,-8.692310751496752,0.0024490000000000002,0.0024490000000000002,408.33,152957.18561178114,1.0,1.00000017,1.00000017,153037.66644604033,-133025.09534328902,-23097.0,-72658.0,0.242451,-56.56455300000015,-0.0,-49561.0,-16.901949911918294,0.08869999999999999,0.08869999999999999,11.27,152957.18561178114,1.0,0.9996489999999998,0.9996489999999998,153091.42755351495,-258754.3640453578,-15005.0,-141331.0,8.7813,-1330.94349999999,-5053.039999999893,-126326.0,12236574.84894249,12236574.84894249
2023-09-23,-9.677130632889488,0.002461,0.002461,406.34,152901.63096516865,1.0,1.00000274,1.00000274,152956.7665102409,-148018.26107039774,-8189.0,-80847.0,0.24363900000000002,-20.153128999999925,-87.18960000000048,-72658.0,-16.792154766450007,0.08900000000000001,0.08900000000000001,11.24,152901.63096516865,1.0,1.0003600000000001,1.0003600000000001,152902.14084107833,-256755.6413124924,1091.0,-140240.0,8.989,-97.09900000000044,-4239.93000000016,-141331.0,12232130.47721349,12232130.47721349
2023-09-24,-9.346324186576526,0.002427,0.002427,412.03,153108.32487570614,1.0,0.9999968099999998,0.9999968099999998,152902.1187229274,-142907.2770398892,2791.0,-78056.0,0.245127,-6.7737570000000344,274.8798000000011,-80847.0,-16.02730581642869,0.08779999999999999,0.08779999999999999,11.39,153108.32487570614,1.0,1.0000419999999999,1.0000419999999999,152895.2093663753,-245049.8278381789,6394.0,-133846.0,8.867799999999999,-561.3931999999978,16828.80000000014,-140240.0,12248665.99005649,12248665.99005649
2023-09-25,-10.518750496265442,0.0024590000000000002,0.0024590000000000002,406.67,152815.80449583114,1.0,1.0000015300000002,1.0000015300000002,153108.09062032745,-161050.58041948237,-9910.0,-87966.0,0.24344100000000002,-24.36868999999989,-249.77920000000066,-78056.0,-16.499571198925416,0.0895,0.0895,11.17,152815.80449583114,1.0,0.9997149999999999,0.9997149999999999,153151.97318806476,-252694.1885872391,-4175.0,-138021.0,8.8605,-373.66249999999684,-22753.81999999999,-133846.0,12225264.35966649,12225264.35966649
2023-09-26,-9.210790676815163,0.002455,0.002455,407.33,152639.65433989363,1.0,0.99999515,0.99999515,152816.54565607756,-140756.12139920978,11085.0,-76881.0,0.247955,-27.21367500000014,35.18640000000101,-87966.0,-14.309301007891868,0.0904,0.0904,11.06,152639.65433989363,1.0,0.9998239999999999,0.9998239999999999,152842.70481187804,-218707.22700135256,18563.0,-119458.0,9.1304,-1678.095200000013,-12421.889999999981,-138021.0,12211172.34719149,12211172.34719149
2023-09-27,-8.821276596391316,0.0024460000000000003,0.0024460000000000003,408.83,152800.55444736863,1.0,0.9999981800000001,0.9999981800000001,152639.93214457014,-134647.9061101655,3337.0,-73544.0,0.24704600000000002,-8.162302000000013,69.19289999999879,-76881.0,-12.278265583363446,0.0892,0.0892,11.21,152800.55444736863,1.0,0.999932,0.999932,152650.0345422425,-187427.76654192572,17085.0,-102373.0,9.0092,-1523.981999999999,14334.959999999906,-119458.0,12224044.35578949,12224044.35578949
2023-09-28,-8.969241749517131,0.0024890000000000003,0.0024890000000000003,401.77,152345.92325526863,1.0,1.0000055300000001,1.0000055300000001,152799.70946497525,-137049.7533447344,-1312.0,-74856.0,0.24641100000000002,-3.2655679999999885,-316.23919999999987,-73544.0,-12.553999863780993,0.09269999999999999,0.09269999999999999,10.79,152345.92325526863,1.0,1.000233,1.000233,152764.96021163932,-191781.12896874288,-2378.0,-104751.0,9.177299999999999,-220.4406000000016,-35830.54999999997,-102373.0,12187673.86042149,12187673.86042149
2023-09-29,-6.570988505795078,0.002494,0.002494,400.96,152434.65370361865,1.0,0.99999424,0.99999424,152346.8007728411,-100106.90767729914,20178.0,-54678.0,0.251894,-50.32393199999992,-37.42800000000003,-74856.0,-8.282014425884952,0.0917,0.0917,10.91,152434.65370361865,1.0,1.000447,1.000447,152277.85505405944,-126116.7392300538,35866.0,-68885.0,9.2617,-3288.91219999998,10475.099999999962,-104751.0,12194772.29628949,12194772.29628949
2023-09-30,-5.441720507407793,0.00254,0.00254,393.7,152367.55023111866,1.0,0.999998,0.999998,152434.95857353578,-82950.84401154671,9370.0,-45308.0,0.25654,-23.799799999999877,-251.51879999999963,-54678.0,-7.919390347588791,0.09240000000000001,0.09240000000000001,10.82,152367.55023111866,1.0,0.9997680000000001,0.9997680000000001,152470.02674982458,-120746.96581391655,2933.0,-65952.0,9.3324,-271.0091999999988,-4821.95000000002,-68885.0,12189404.018489491,12189404.018489491
2023-10-01,-2.5272406946511543,0.0026590000000000003,0.0026590000000000003,376.08,151929.93413830615,1.0,0.9999967200000001,0.9999967200000001,152368.04999832265,-38507.07365204027,24275.0,-21033.0,0.26855900000000005,-64.54722500000055,-539.1652000000009,-45308.0,-6.978190089087093,0.0975,0.0975,10.26,151929.93413830615,1.0,1.00035,1.00035,152314.2402470322,-106287.77217186705,7898.0,-58054.0,9.8475,-770.0550000000011,-33635.51999999999,-65952.0,12154394.731064491,12154394.731064491
2023-10-02,3.875300609477651,0.002591,0.002591,385.95,152195.82303865615,1.0,0.9999964499999999,0.9999964499999999,151930.47349148706,58877.62565197879,53192.0,32159.0,0.261691,-137.82047200000054,143.02440000000058,-21033.0,-1.4585862008366708,0.0931,0.0931,10.74,152195.82303865615,1.0,0.9998940000000001,0.9998940000000001,151946.0404185905,-22162.639782632716,45949.0,-12105.0,9.4031,-4277.851899999988,25543.759999999973,-58054.0,12175665.843092492,12175665.843092492
2023-10-03,2.722265455636166,0.0026100000000000003,0.0026100000000000003,383.14,152158.37532628115,1.0,0.9999954000000001,0.9999954000000001,152196.5231426626,41431.93374192006,-9529.0,22630.0,0.25839,-24.87069000000001,61.10210000000041,32159.0,-3.629167318197627,0.0942,0.0942,10.62,152158.37532628115,1.0,1.000404,1.000404,152134.36075691035,-55212.10500338666,-18052.0,-30157.0,9.3258,-1700.4984000000131,-1331.5499999999931,-12105.0,12172670.026102493,12172670.026102493
2023-10-04,3.0448889212343286,0.002589,0.002589,386.25,151899.64823673115,1.0,1.00000125,1.00000125,152158.18512854975,46330.47721730431,2676.0,25306.0,0.261489,-6.928164000000021,-47.52299999999979,22630.0,-3.465141833281801,0.10099999999999999,0.10099999999999999,9.9,151899.64823673115,1.0,0.9999,0.9999,152173.5926855497,-52730.30819354837,1356.0,-28801.0,10.201,-136.95600000000118,-20506.75999999999,-30157.0,12151971.858938493,12151971.858938493
2023-10-05,2.0388357932139867,0.0026019999999999997,0.0026019999999999997,384.32,151823.14295198116,1.0,1.0000006399999999,1.0000006399999999,151899.55102101853,30969.824159478674,-8390.0,16916.0,0.257598,-21.830779999999944,32.89779999999919,25306.0,2.447016758128095,0.1014,0.1014,9.86,151823.14295198116,1.0,0.999804,0.999804,151929.4264043064,37177.38524641268,49107.0,20306.0,10.2414,-4979.449799999997,-1152.0400000000266,-28801.0,12145851.436158493,12145851.436158493
2023-10-06,2.120063641569117,0.002646,0.002646,377.93,151933.0293946062,1.0,1.00000278,1.00000278,151822.7208848171,32187.3830511997,665.0,17581.0,0.267246,-1.7595899999999878,74.43040000000025,16916.0,4.530741945945454,0.1066,0.1066,9.38,151933.0293946062,1.0,0.9999080000000001,0.9999080000000001,151837.11196628204,68793.47721368505,17269.0,37575.0,10.7666,-1840.8754000000042,10559.119999999992,20306.0,12154642.351568494,12154642.351568494
2023-10-07,3.986288708569945,0.002587,0.002587,386.55,151748.77341569366,1.0,1.00000485,1.00000485,151932.29252298744,60564.59821515307,15499.0,33080.0,0.261287,-40.095913000000095,-103.72790000000029,17581.0,7.959139753643317,0.1035,0.1035,9.66,151748.77341569366,1.0,0.99981,0.99981,151961.90215601583,120948.60164892017,28487.0,66062.0,10.4535,-2948.4045000000106,-11648.250000000018,37575.0,12139901.873255493,12139901.873255493
2023-10-08,1.6322843514267495,0.0025629999999999997,0.0025629999999999997,390.17,151524.29412428118,1.0,1.00000571,1.00000571,151747.90693514506,24769.5733852,-19551.0,13529.0,0.253737,-50.10921299999965,-79.39200000000044,33080.0,7.189304674087927,0.1009,0.1009,9.91,151524.29412428118,1.0,0.999919,0.999919,151761.0660620447,109105.65415844247,-6469.0,59593.0,9.9891,-652.7220999999956,-17176.119999999984,66062.0,12121943.529942494,12121943.529942494
2023-10-09,-0.4078267516995078,0.0025130000000000005,0.0025130000000000005,397.93,151085.90982488118,1.0,0.9999980900000002,0.9999980900000002,151524.5835362357,-6179.577870620373,-16904.0,-3375.0,0.248787,-42.47975200000026,-67.64499999999931,13529.0,4.432839071080206,0.0954,0.0954,10.48,151085.90982488118,1.0,0.999792,0.999792,151555.81773436992,67182.25503024254,-22898.0,36695.0,9.4446,-2184.469199999993,-32776.150000000045,59593.0,12086872.785990493,12086872.785990493
2023-10-10,-3.503261395977728,0.00249,0.00249,401.61,151028.16493675616,1.0,1.0000089,1.0000089,151084.56517225114,-52928.87246960285,-25535.0,-28910.0,0.24651,-63.5821499999998,7.762500000000082,-3375.0,-0.8895914787420268,0.0953,0.0953,10.49,151028.16493675616,1.0,0.999697,0.999697,151131.7027308086,-13444.547491710046,-44038.0,-7343.0,9.4347,-4196.821399999997,-366.9499999999922,36695.0,12082253.194940493,12082253.194940493
2023-10-11,-5.681070856333275,0.002481,0.002481,403.06,151030.33871333115,1.0,0.9999918600000001,0.9999918600000001,151029.3943160259,-85800.8690498441,-17954.0,-46864.0,0.24561899999999998,-44.543874000000194,26.019000000000343,-28910.0,-2.840049245483226,0.09300000000000001,0.09300000000000001,10.75,151030.33871333115,1.0,0.9997500000000001,0.9997500000000001,151065.93141961104,-42903.468454648704,-16091.0,-23434.0,9.207,-1496.4629999999995,1688.88999999999,-7343.0,12082427.097066492,12082427.097066492
2023-10-12,-6.833633979432512,0.00246,0.00246,406.5,151061.84595158114,1.0,0.9999899999999999,0.9999899999999999,151031.84903182148,-103209.63755203766,-9509.0,-56373.0,0.24354,-23.392139999999905,98.41439999999957,-46864.0,-5.194542185574635,0.09119999999999999,0.09119999999999999,10.96,151061.84595158114,1.0,0.999552,0.999552,151098.03063105387,-78488.50942702577,-19436.0,-42870.0,9.028799999999999,-1772.5632000000119,4218.120000000035,-23434.0,12084947.676126491,12084947.676126491
2023-10-13,-8.134437452555774,0.002458,0.002458,406.83,151025.87825645614,1.0,0.99998814,0.99998814,151063.63756632266,-122881.77111388065,-10745.0,-67118.0,0.24334199999999997,-26.411210000000167,11.274600000000323,-56373.0,-7.284229588117877,0.09150000000000001,0.09150000000000001,10.93,151025.87825645614,1.0,1.0000950000000002,1.0000950000000002,151047.49643941937,-110026.46427751481,-17226.0,-60096.0,9.0585,-1576.1789999999985,-1286.1000000000488,-42870.0,12082070.26051649,12082070.26051649
2023-10-14,-8.554313804677935,0.00247,0.00247,404.86,151020.82029745614,1.0,1.0000042,1.0000042,151025.24395043156,-129191.73291800295,-3446.0,-70564.0,0.24453,-8.51162,-80.54160000000044,-67118.0,-7.704076419100335,0.09150000000000001,0.09150000000000001,10.93,151020.82029745614,1.0,1.0000950000000002,1.0000950000000002,151011.53216090082,-116340.43839330078,-3449.0,-63545.0,9.0585,-315.58349999999973,-0.0,-60096.0,12081665.623796491,12081665.623796491
2023-10-15,-7.869687953746477,0.002473,0.002473,404.37,151004.44434183114,1.0,1.00000701,1.00000701,151019.76164892697,-118847.83990262248,5650.0,-64914.0,0.249773,-13.972450000000016,-21.169199999999627,-70564.0,-7.701704906695104,0.0917,0.0917,10.91,151004.44434183114,1.0,1.000447,1.000447,150953.34415261992,-116259.81113422677,44.0,-63501.0,9.2617,-4.034799999999976,-1270.8999999999728,-63545.0,12080355.547346491,12080355.547346491
2023-10-16,-7.285561010988525,0.0025130000000000005,0.0025130000000000005,397.93,150815.27398293113,1.0,0.9999980900000002,0.9999980900000002,151004.73276087068,-110015.4193477341,4824.0,-60090.0,0.253813,-12.12271199999994,-259.65600000000205,-64914.0,-7.3692496411592785,0.094,0.094,10.64,150815.27398293113,1.0,1.0001600000000002,1.0001600000000002,150980.28749583178,-111261.14294507832,2730.0,-60771.0,9.494,-256.6199999999984,-14605.230000000027,-63501.0,12065221.918634491,12065221.918634491
2023-10-17,-4.566845494823823,0.002463,0.002463,406.01,151024.60060701866,1.0,1.00000263,1.00000263,150814.87733980373,-68874.82431316901,22471.0,-37619.0,0.24876299999999998,-55.34607299999984,300.4500000000019,-60090.0,-5.069605536867354,0.091,0.091,10.99,151024.60060701866,1.0,1.00009,1.00009,150801.70182976648,-76450.5142565204,19014.0,-41757.0,9.190999999999999,-1730.2739999999867,18231.300000000043,-60771.0,12081968.048561491,12081968.048561491
2023-10-18,-6.083522310135074,0.00243,0.00243,411.52,151112.13439551866,1.0,0.9999935999999999,0.9999935999999999,151025.56717064854,-91876.74072834438,-12564.0,-50183.0,0.24056999999999998,-30.530520000000195,124.1426999999999,-37619.0,-6.454367930947515,0.0891,0.0891,11.22,151112.13439551866,1.0,0.9997020000000001,0.9997020000000001,151069.61935358602,-97505.89064962337,-11501.0,-53258.0,8.8209,-1024.739100000002,7933.829999999979,-41757.0,12088970.751641491,12088970.751641491
2023-10-19,-8.246947320120434,0.0024690000000000003,0.0024690000000000003,405.02,150991.62950095613,1.0,0.9999943800000001,0.9999943800000001,151112.98365048677,-124622.08155517848,-17885.0,-68068.0,0.244431,-44.15806499999998,-195.71370000000073,-50183.0,-8.34245678894415,0.0906,0.0906,11.04,150991.62950095613,1.0,1.000224,1.000224,151078.29285791848,-126036.41299146344,-15583.0,-68841.0,8.9694,-1411.8198000000036,-7988.700000000019,-53258.0,12079330.36007649,12079330.36007649
2023-10-20,-6.580778248998006,0.002512,0.002512,398.09,150842.35979155614,1.0,1.0000020799999998,1.0000020799999998,150991.31543902005,-99364.03644287,13796.0,-54272.0,0.253712,-34.6555520000002,-292.692399999998,-68068.0,-7.561436348283894,0.0922,0.0922,10.85,150842.35979155614,1.0,1.00037,1.00037,150935.7832611495,-114129.13178075556,6504.0,-62337.0,9.3122,-599.6688000000004,-11014.56000000001,-68841.0,12067388.783324491,12067388.783324491
2023-10-21,-3.4247237740700336,0.002586,0.002586,386.7,150498.74371010615,1.0,1.0000062,1.0000062,150841.42457472376,-51659.02128556483,26056.0,-28216.0,0.261186,-67.38081599999941,-401.61280000000096,-54272.0,-5.720931706355692,0.09630000000000001,0.09630000000000001,10.38,150498.74371010615,1.0,0.9995940000000002,0.9995940000000002,150903.62666398167,-86330.9342386035,15183.0,-47154.0,9.7263,-1462.1228999999908,-25558.17000000001,-62337.0,12039899.496808492,12039899.496808492
2023-10-22,1.6771913848933866,0.0026390000000000003,0.0026390000000000003,378.93,150178.37319614366,1.0,0.9999962700000001,0.9999962700000001,150499.30507251405,25241.61379000621,42003.0,13787.0,0.266539,-110.8459170000001,-149.54480000000075,-28216.0,-1.3013739174746035,0.1009,0.1009,9.91,150178.37319614366,1.0,0.999919,0.999919,150510.93509584892,-19587.10052284507,36456.0,-10698.0,10.1909,-3678.410399999975,-21690.839999999956,-47154.0,12014269.855691493,12014269.855691493
2023-10-23,5.913899393470122,0.002807,0.002807,356.25,150059.97703788115,1.0,0.99999375,0.99999375,150179.3118168425,88814.53410653851,34723.0,48510.0,0.283507,-97.46746100000014,231.62159999999975,13787.0,3.723432471084955,0.1058,0.1058,9.45,150059.97703788115,1.0,0.99981,0.99981,150206.91250952048,55928.52954193655,41246.0,30548.0,10.6858,-4363.826800000014,-5242.020000000002,-10698.0,12004798.163030492,12004798.163030492
2023-10-24,10.049510880853934,0.002792,0.002792,358.17,149915.17701608114,1.0,1.0000106400000002,1.0000106400000002,150058.38041671348,150801.33267610808,33857.0,82367.0,0.281992,-94.52874400000057,-72.76500000000007,48510.0,7.834457259971842,0.1032,0.1032,9.69,149915.17701608114,1.0,1.000008,1.000008,150058.7765676686,117562.90715030636,33665.0,64213.0,10.4232,-3474.227999999976,-7942.479999999993,30548.0,11993214.161286492,11993214.161286492
2023-10-25,12.175697722136997,0.002808,0.002808,356.13,150074.32108308116,1.0,1.00001304,1.00001304,149913.22214766435,182529.80774215344,17330.0,99697.0,0.28360799999999997,-48.662639999999605,131.7871999999992,82367.0,8.071094477613626,0.1052,0.1052,9.51,150074.32108308116,1.0,1.000452,1.000452,149847.44597050248,120943.28936570286,1846.0,66059.0,10.6252,-194.19919999999993,12842.599999999955,64213.0,12005945.686646491,12005945.686646491
2023-10-26,13.730988651582964,0.002872,0.002872,348.19,150507.70241268116,1.0,1.00000168,1.00000168,150074.0689586453,206066.5337768038,12856.0,112553.0,0.290072,-36.922431999999816,638.0608000000017,99697.0,9.098951291121066,0.11050000000000001,0.11050000000000001,9.05,150507.70241268116,1.0,1.0000250000000002,1.0000250000000002,150070.56931884817,136548.4800463007,8524.0,74583.0,11.1605,-941.9020000000004,35011.27000000008,66059.0,12040616.193014491,12040616.193014491
2023-10-27,14.982718825008591,0.002893,0.002893,345.66,150051.68141033113,1.0,0.9999943800000002,0.9999943800000002,150508.54827072241,225502.72595004673,10616.0,123169.0,0.292193,-30.712087999999778,236.36129999999895,112553.0,11.801878690551767,0.1059,0.1059,9.44,150051.68141033113,1.0,0.9996959999999999,0.9996959999999999,150553.47066776417,177681.37972624967,22466.0,97049.0,10.6959,-2379.1494000000025,-34308.180000000066,74583.0,12004134.512826491,12004134.512826491
2023-10-28,16.035637898920594,0.002909,0.002909,343.76,150486.22579903115,1.0,0.99999784,0.99999784,150052.00552266306,240617.96265682584,8256.0,131425.0,0.293809,-24.016703999999958,197.0703999999988,123169.0,9.300651021167164,0.1097,0.1097,9.12,150486.22579903115,1.0,1.000464,1.000464,149982.08972070072,139493.10759176203,-20858.0,76191.0,10.8603,-2288.122600000003,36878.620000000075,97049.0,12038898.06392249,12038898.06392249
2023-10-29,16.974282270756206,0.002954,0.002954,338.52,150860.35332980615,1.0,0.99998808,0.99998808,150488.01961622498,255442.61233328996,8097.0,139522.0,0.298354,-23.918538000000098,591.4125000000005,131425.0,10.46706398480298,0.1137,0.1137,8.8,150860.35332980615,1.0,1.0005600000000001,1.0005600000000001,150402.0006786511,157426.73645458222,9795.0,85986.0,11.483699999999999,-1113.691499999997,30476.399999999892,76191.0,12068828.266384492,12068828.266384492
2023-10-30,17.883755587144453,0.003031,0.003031,329.92,150940.98217141867,1.0,0.99998752,0.99998752,150862.23609051257,269798.335757281,7841.0,147363.0,0.306131,-23.766071000000046,1074.3193999999978,139522.0,12.918067783540746,0.11460000000000001,0.11460000000000001,8.73,150940.98217141867,1.0,1.000458,1.000458,150791.29091856544,194793.21172536403,20410.0,106396.0,11.5746,-2338.985999999987,7738.740000000141,85986.0,12075278.573713493,12075278.573713493
2023-10-31,18.74866081327772,0.00293,0.00293,341.3,150734.32826754366,1.0,1.000009,1.000009,150939.62371480526,282991.5808312654,7207.0,154570.0,0.29592999999999997,-21.116509999999916,-1488.3662999999997,147363.0,14.186978708830134,0.1133,0.1133,8.83,150734.32826754366,1.0,1.000439,1.000439,150874.74815697773,214045.68398031517,10515.0,116911.0,11.4433,-1191.3495000000066,-13831.480000000083,106396.0,12058746.261403492,12058746.261403492
2023-11-01,16.271295226277854,0.003071,0.003071,325.63,152064.51281669366,1.0,1.00000973,1.00000973,150732.86163679993,245261.8891994063,-20608.0,133962.0,0.304029,-63.2871679999998,2179.4370000000004,154570.0,13.290622135856552,0.1223,0.1223,8.18,152064.51281669366,1.0,1.000414,1.000414,150671.95008021046,200252.39549887186,-7533.0,109378.0,12.1077,-921.2859000000072,105219.90000000004,116911.0,12165161.025335493,12165161.025335493
2023-11-02,17.54284605518898,0.0032300000000000002,0.0032300000000000002,309.6,151582.03839556867,1.0,1.0000080000000002,1.0000080000000002,152063.29631032315,266762.29978165857,11743.0,145705.0,0.32623,-37.92989000000013,2129.9958000000033,133962.0,15.61369289569853,0.11880000000000002,0.11880000000000002,8.42,151582.03839556867,1.0,1.000296,1.000296,152019.51504024173,237358.6021991358,20267.0,129645.0,11.998800000000001,-2407.719600000005,-38282.29999999996,109378.0,12126563.071645493,12126563.071645493
2023-11-03,18.742125567305138,0.003292,0.003292,303.77,151951.22462476869,1.0,1.0000108399999998,1.0000108399999998,151580.39526408404,284093.8801581208,9467.0,155172.0,0.332492,-31.165364000000164,903.3709999999976,145705.0,14.51030234493688,0.1211,0.1211,8.26,151951.22462476869,1.0,1.000286,1.000286,151538.6983278469,219887.23296952396,-9543.0,120102.0,11.9889,-1155.657300000002,29818.349999999824,129645.0,12156097.969981493,12156097.969981493
2023-11-04,19.72370988212561,0.0032779999999999997,0.0032779999999999997,305.06,152105.52648246867,1.0,0.9999866799999999,0.9999866799999999,151953.24864204062,299708.1791862107,8528.0,163700.0,0.331078,-27.954784000000025,-217.2408000000019,155172.0,15.077942386664583,0.1222,0.1222,8.18,152105.52648246867,1.0,0.999596,0.999596,152012.63773041178,229203.77937440635,5089.0,125191.0,12.3422,-621.8757999999971,13211.220000000145,120102.0,12168442.118597494,12168442.118597494
2023-11-05,20.177091225754545,0.0034189999999999997,0.0034189999999999997,292.48,152331.07878338118,1.0,0.99998912,0.99998912,152107.1814086024,306908.04753737664,3933.0,167633.0,0.345319,-13.446927000000022,2308.17,163700.0,15.586232891308049,0.1235,0.1235,8.1,152331.07878338118,1.0,1.0003499999999999,1.0003499999999999,152052.30817460758,236992.2686870376,4254.0,129445.0,12.4735,-525.3689999999998,16274.829999999876,125191.0,12186486.302670494,12186486.302670494
2023-11-06,20.387625975939063,0.003624,0.003624,275.94,153547.25901053118,1.0,1.00000656,1.00000656,152330.07949805967,310564.8685691504,1997.0,169630.0,0.366024,-7.237128000000032,3436.476500000003,167633.0,16.146326810278488,0.1308,0.1308,7.65,153547.25901053118,1.0,1.00062,1.00062,152236.6920343199,245806.33821018488,4814.0,134259.0,13.2108,-629.6712000000033,94494.85000000005,129445.0,12283780.720842494,12283780.720842494
2023-11-07,20.43519137728358,0.0035120000000000004,0.0035120000000000004,284.74,153039.81072008118,1.0,1.0000068800000002,1.0000068800000002,153546.2026126572,313774.60356448096,1753.0,171383.0,0.354712,-6.156536000000027,-1899.855999999998,169630.0,18.288065090152525,0.12810000000000002,0.12810000000000002,7.81,153039.81072008118,1.0,1.000461,1.000461,153476.50634110792,280678.83377753885,19047.0,153306.0,12.9381,-2439.920699999998,-36249.92999999994,134259.0,12243184.857606493,12243184.857606493
2023-11-08,20.69939329385791,0.0035770000000000003,0.0035770000000000003,279.56,153388.43419330617,1.0,0.9999861200000001,0.9999861200000001,153041.93494213815,316787.5201820333,1646.0,173029.0,0.361277,-5.887741999999995,1113.989500000001,171383.0,17.595279663639207,0.12990000000000002,0.12990000000000002,7.7,153388.43419330617,1.0,1.0002300000000002,1.0002300000000002,153004.6196575599,269215.90727035154,-6261.0,147045.0,12.860100000000001,-813.3038999999952,27595.079999999958,153306.0,12271074.735464493,12271074.735464493
2023-11-09,21.08395408383672,0.003684,0.003684,271.44,153351.55909025617,1.0,0.99998496,0.99998496,153390.74119005367,323408.33441367734,3616.0,176645.0,0.372084,-13.321344000000074,1851.4102999999977,173029.0,17.907355967405376,0.12960000000000002,0.12960000000000002,7.72,153351.55909025617,1.0,1.000512,1.000512,153309.93950427996,274537.56600445247,2907.0,149952.0,13.0896,-376.7471999999998,-4411.349999999906,147045.0,12268124.727220492,12268124.727220492
2023-11-10,21.40539957652456,0.0038590000000000005,0.0038590000000000005,259.13,156717.94957889366,1.0,0.9999826700000001,0.9999826700000001,153354.21671883189,328260.82856115396,2651.0,179296.0,0.389759,-10.230209000000004,3091.2875000000026,176645.0,17.337296913662147,0.1474,0.1474,6.78,156717.94957889366,1.0,0.999372,0.999372,153447.92438677105,266037.2225878628,-4643.0,145309.0,14.592600000000001,-684.3781999999968,266914.5599999999,149952.0,12537435.966311492,12537435.966311492
2023-11-11,21.53473407310117,0.003844,0.003844,260.15,160429.58417034367,1.0,1.0000166,1.0000166,156715.34810411514,337482.33465955994,5036.0,184332.0,0.38824400000000003,-19.358384000000072,-268.94400000000024,179296.0,17.449771374792473,0.1679,0.1679,5.96,160429.58417034367,1.0,1.000684,1.000684,156610.82777269714,273282.31394505646,3957.0,149266.0,16.9579,-664.380299999998,297883.44999999984,145309.0,12834366.733627493,12834366.733627493
2023-11-12,22.027918901427658,0.003834,0.003834,260.82,164500.0638878937,1.0,0.99998388,0.99998388,160432.1703369295,353398.6837361911,8694.0,193026.0,0.387234,-33.33279600000004,-184.33200000000016,184332.0,17.661921379566646,0.1898,0.1898,5.27,164500.0638878937,1.0,1.000246,1.000246,160390.12819880678,283279.7834305941,5461.0,154727.0,19.169800000000002,-1036.4978000000094,326892.5400000002,149266.0,13160005.111031493,13160005.111031493
2023-11-13,22.39326444018746,0.003568,0.003568,280.27,158885.90896329368,1.0,1.00000336,1.00000336,164499.51116953616,368368.10539009934,8176.0,201202.0,0.360368,-29.171968000000128,-5134.491600000002,193026.0,18.21120904006423,0.1612,0.1612,6.2,158885.90896329368,1.0,0.9994400000000001,0.9994400000000001,164592.23553979595,299742.3607786713,8992.0,163719.0,16.281200000000002,-1449.510400000008,-442519.2199999999,154727.0,12710872.717063494,12710872.717063494
2023-11-14,15.642777811520324,0.003579,0.003579,279.41,160715.11167141868,1.0,1.00000839,1.00000839,158884.57592170167,248539.6118820811,-65450.0,135752.0,0.354321,-234.24554999999992,221.32219999999796,201202.0,14.88378900911127,0.1705,0.1705,5.87,160715.11167141868,1.0,1.0008350000000001,1.0008350000000001,158753.34991611372,236285.1364641049,-34660.0,129059.0,16.8795,-5909.530000000019,152258.66999999995,163719.0,12857208.933713494,12857208.933713494
2023-11-15,13.561532085776747,0.003788,0.003788,263.99,166636.60202466868,1.0,0.9999941200000001,0.9999941200000001,160716.05668183195,217955.59593901783,-16705.0,119047.0,0.375012,-63.27854000000023,2837.2168000000042,135752.0,14.633348212278936,0.207,0.207,4.83,166636.60202466868,1.0,0.99981,0.99981,160745.65334555434,235224.7119015777,-580.0,128479.0,20.493,-120.06000000000043,471065.3499999998,129059.0,13330928.161973493,13330928.161973493
2023-11-16,15.636476220819103,0.003706,0.003706,269.83,168184.45888801868,1.0,0.99998998,0.99998998,166638.27174015154,260563.53735432719,23272.0,142319.0,0.37430599999999997,-86.2460319999997,-976.1854000000048,119047.0,16.59577161364437,0.21710000000000002,0.21710000000000002,4.61,168184.45888801868,1.0,1.0008310000000002,1.0008310000000002,166498.2419855786,276316.67980659567,22445.0,150924.0,21.9271,-4872.809499999967,129763.7900000002,128479.0,13454756.711041493,13454756.711041493
2023-11-17,14.54089649293882,0.003671,0.003671,272.41,168570.1722696937,1.0,1.00001711,1.00001711,168181.58130116263,244551.0965718981,-8746.0,133573.0,0.363429,-32.10656599999982,-498.1165000000004,142319.0,18.087639781017497,0.2194,0.2194,4.56,168570.1722696937,1.0,1.000464,1.000464,168106.4574917425,304064.90479735687,15156.0,166080.0,22.1594,-3325.226400000004,34712.52000000006,150924.0,13485613.781575494,13485613.781575494
2023-11-18,13.193223775731594,0.0037719999999999997,0.0037719999999999997,265.11,168664.29245434367,1.0,0.99999492,0.99999492,168571.02861051905,222399.53025638306,-12099.0,121474.0,0.373428,-45.63742799999997,1349.0872999999997,133573.0,19.07451150496886,0.21989999999999998,0.21989999999999998,4.55,168664.29245434367,1.0,1.0005449999999998,1.0005449999999998,168478.35156808913,321364.2255323705,9449.0,175529.0,22.209899999999998,-2077.8350999999916,8303.999999999527,166080.0,13493143.396347493,13493143.396347493
2023-11-19,14.269478743532405,0.00384,0.00384,260.42,170543.50375634368,1.0,1.0000128000000001,1.0000128000000001,168662.13357903383,240672.07299448462,9981.0,131455.0,0.38784,-38.3270400000001,826.0232000000034,121474.0,19.73772538202681,0.2285,0.2285,4.38,170543.50375634368,1.0,1.00083,1.00083,168524.41718807755,332628.8666624393,6152.0,181681.0,23.078500000000002,-1405.7320000000022,150954.94000000053,175529.0,13643480.300507493,13643480.300507493
2023-11-20,15.785102128444684,0.003804,0.003804,262.88,165983.13839584368,1.0,0.99999552,0.99999552,170544.2677946634,269205.8684559582,15585.0,147040.0,0.38420400000000005,-59.28534000000046,-473.237999999999,131455.0,20.001216433059863,0.20850000000000002,0.20850000000000002,4.8,165983.13839584368,1.0,1.0008000000000001,1.0008000000000001,170407.1780139325,340835.08492036245,4483.0,186164.0,21.058500000000002,-934.7055000000036,-363362.0,181681.0,13278651.071667492,13278651.071667492
2023-11-21,15.28268807260164,0.0035659999999999997,0.0035659999999999997,280.43,161596.88078116867,1.0,1.00001338,1.00001338,165980.9175711666,253663.45892443438,-8489.0,138551.0,0.35303399999999996,-30.271774000000114,-3499.5520000000065,147040.0,16.661808201018925,0.1902,0.1902,5.26,161596.88078116867,1.0,1.000452,1.000452,165908.147912987,276432.97395124676,-35177.0,150987.0,18.8298,-6690.665400000029,-340680.12000000034,186164.0,12927750.462493492,12927750.462493492
2023-11-22,8.406441062673771,0.0038050000000000002,0.0038050000000000002,262.81,164821.37821041865,1.0,0.99999205,0.99999205,161598.16548658427,135846.54539991735,-64352.0,74199.0,0.376695,-244.85936000000018,3311.3689000000045,138551.0,11.188692299317488,0.2078,0.2078,4.81,164821.37821041865,1.0,0.999518,0.999518,161674.8080386433,180892.96796956012,-52184.0,98803.0,20.572200000000002,-10843.835199999941,265737.1200000002,150987.0,13185710.256833492,13185710.256833492
2023-11-23,10.068308095270352,0.0038729999999999997,0.0038729999999999997,258.2,164638.38787391866,1.0,1.0000086,1.0000086,164819.96075875615,165945.8145169526,16440.0,90639.0,0.391173,-63.67212000000025,504.55319999999796,74199.0,11.634575668162602,0.2064,0.2064,4.84,164638.38787391866,1.0,0.998976,0.998976,164990.3283066046,191959.24591981815,6045.0,104848.0,20.8464,-1247.6879999999915,-13832.420000000056,98803.0,13171071.029913493,13171071.029913493
2023-11-24,11.972451910258403,0.003862,0.003862,258.93,164959.91965704365,1.0,0.9999876600000001,0.9999876600000001,164640.41953669573,197114.95053878578,17025.0,107664.0,0.39006199999999996,-65.7505499999996,-99.70289999999908,90639.0,11.494254234154798,0.2089,0.2089,4.79,164959.91965704365,1.0,1.000631,1.000631,164534.56656241778,189120.21383748951,-1551.0,103297.0,20.6811,-324.0038999999998,26212.0,104848.0,13196793.572563492,13196793.572563492
2023-11-25,12.290173974522803,0.003941,0.003941,253.74,165573.19821838115,1.0,0.9999893400000001,0.9999893400000001,164961.6781485327,202740.77235747036,3073.0,110737.0,0.39804100000000003,-12.110693000000085,850.545600000002,107664.0,11.629751242403003,0.2136,0.2136,4.68,165573.19821838115,1.0,0.999648,0.999648,165018.00599515394,191911.83602410078,1525.0,104822.0,21.5736,-325.7399999999993,48549.58999999988,103297.0,13245855.857470492,13245855.857470492
2023-11-26,13.557491932879609,0.0038729999999999997,0.0038729999999999997,258.2,165154.80726700614,1.0,1.0000086,1.0000086,165571.77430112218,224473.7994400027,11870.0,122607.0,0.391173,-45.972510000000185,-753.0116000000031,110737.0,12.238594717468184,0.21059999999999998,0.21059999999999998,4.75,165154.80726700614,1.0,1.0003499999999999,1.0003499999999999,165515.26787462505,202567.42830707174,5820.0,110642.0,21.270599999999998,-1225.6919999999968,-31446.600000000075,104822.0,13212384.581360491,13212384.581360491
2023-11-27,12.38289540327862,0.003777,0.003777,264.76,164144.81645940617,1.0,0.99999852,0.99999852,165155.05169648264,204509.7730480618,-10904.0,111703.0,0.37392299999999995,-41.18440800000033,-1177.0271999999998,122607.0,11.697252513672456,0.20350000000000001,0.20350000000000001,4.91,164144.81645940617,1.0,0.9991850000000001,0.9991850000000001,165289.51822435897,193343.32325335924,-5038.0,105604.0,20.1465,-1025.233000000009,-78555.8199999997,110642.0,13131585.316752492,13131585.316752492
2023-11-28,9.68012398189207,0.003858,0.003858,259.2,164546.83935228115,1.0,0.9999935999999999,0.9999935999999999,164145.86699295492,158895.2343606969,-24915.0,86788.0,0.38194199999999995,-96.1220700000007,904.7942999999996,111703.0,9.902182472924688,0.2068,0.2068,4.84,164546.83935228115,1.0,1.000912,1.000912,163995.2527888627,162391.091780873,-16906.0,88698.0,20.4732,-3496.1608000000206,34849.31999999982,105604.0,13163747.14818249,13163747.14818249
2023-11-29,10.10952422054921,0.003816,0.003816,262.05,165026.66202018116,1.0,0.9999828000000001,0.9999828000000001,164549.66960659839,166351.88703712766,4073.0,90861.0,0.385416,-15.542567999999942,-364.5095999999984,86788.0,9.721420393041791,0.21120000000000003,0.21120000000000003,4.73,165026.66202018116,1.0,0.9989760000000002,0.9989760000000002,164715.50803250642,160126.8698837447,-1237.0,87461.0,20.9088,-261.25440000000197,39027.12000000011,88698.0,13202132.961614491,13202132.961614491
2023-11-30,9.255959557647572,0.003759,0.003759,266.03,165300.66452106865,1.0,1.00000677,1.00000677,165025.54479724288,152746.97686220377,-7431.0,83430.0,0.372141,-27.933129000000093,-517.9076999999985,90861.0,10.30953351149276,0.2139,0.2139,4.68,165300.66452106865,1.0,1.001052,1.001052,164853.23641547209,169955.99653033479,5369.0,92830.0,21.6039,-1148.429099999994,23614.46999999996,87461.0,13224053.161685491,13224053.161685491
2023-12-01,7.576392479619034,0.003844,0.003844,260.15,165850.63104926865,1.0,1.0000166,1.0000166,165297.9205755871,125236.19223455426,-15026.0,68404.0,0.380556,-57.75994400000021,709.1550000000007,83430.0,10.889856888091122,0.2187,0.2187,4.57,165850.63104926865,1.0,0.9994590000000001,0.9994590000000001,165390.14058712628,180107.49616950762,5544.0,98374.0,22.088700000000003,-1212.4728000000105,44558.40000000004,92830.0,13268050.483941492,13268050.483941492
2023-12-02,8.560429767807939,0.003976,0.003976,251.51,166291.95408186864,1.0,1.00000376,1.00000376,165850.00745324063,141974.73407938896,9142.0,77546.0,0.401576,-36.34859199999981,902.9327999999992,68404.0,11.841518221638436,0.2224,0.2224,4.5,166291.95408186864,1.0,1.0008,1.0008,165718.05660398546,196235.33869306036,8809.0,107183.0,22.4624,-1959.1216000000034,36398.37999999975,98374.0,13303356.32654949,13303356.32654949
2023-12-03,11.221352511154551,0.003948999999999999,0.003948999999999999,253.23,165862.99863593117,1.0,1.0000052699999997,1.0000052699999997,166291.07772788906,186601.08026444446,24375.0,101921.0,0.39884899999999995,-96.25687499999952,-209.37420000000276,77546.0,12.737818133335534,0.2194,0.2194,4.56,165862.99863593117,1.0,1.000464,1.000464,166214.83040056276,211721.42807055786,8459.0,115642.0,22.1594,-1855.9046000000021,-32154.899999999696,107183.0,13269039.890874492,13269039.890874492
2023-12-04,11.554454101651777,0.0040680000000000004,0.0040680000000000004,245.82,166933.22656208114,1.0,0.9999957600000001,0.9999957600000001,165863.7018980272,191646.4530710808,2756.0,104677.0,0.410868,-11.211408000000045,1212.8599000000022,101921.0,12.203307728675924,0.2268,0.2268,4.41,166933.22656208114,1.0,1.000188,1.000188,165831.82225334752,202369.67581646878,-5108.0,110534.0,22.4532,-1158.494400000004,85575.07999999981,115642.0,13354658.124966491,13354658.124966491
2023-12-05,13.61558674437951,0.004257,0.004257,234.91,169495.59669559365,1.0,1.00001187,1.00001187,166931.24508820195,227286.68478456893,19467.0,124144.0,0.42995700000000003,-82.8710190000002,1978.3953000000029,104677.0,13.22353184003642,0.2454,0.2454,4.07,169495.59669559365,1.0,0.998778,0.998778,167137.46854864756,221014.76370161268,10184.0,120718.0,24.7854,-2499.1536000000006,205593.23999999993,110534.0,13559647.73564749,13559647.73564749
2023-12-06,16.903702224615746,0.004429000000000001,0.004429000000000001,225.78,171934.92979835614,1.0,0.9999796200000002,0.9999796200000002,169499.05108625477,286516.14869169827,32351.0,156495.0,0.44732900000000003,-143.28257900000054,2135.276799999999,124144.0,16.036801588075647,0.262,0.262,3.82,171934.92979835614,1.0,1.00084,1.00084,169353.33989008598,271588.59100952453,27623.0,148341.0,26.462,-7237.226000000012,200391.88,120718.0,13754794.38386849,13754794.38386849
2023-12-07,19.44426706854661,0.004555,0.004555,219.54,172004.79445048113,1.0,1.0000046999999999,1.0000046999999999,171934.12170798413,334313.298068604,26106.0,182601.0,0.46005500000000005,-118.91283000000081,1971.837,156495.0,19.11485330142158,0.26280000000000003,0.26280000000000003,3.81,172004.79445048113,1.0,1.001268,1.001268,171717.19239839498,328234.8942027305,30940.0,179281.0,26.5428,-8131.0319999999565,11867.280000000274,148341.0,13760383.55603849,13760383.55603849
2023-12-08,21.19129459398308,0.005454,0.005454,183.35,181479.96422348113,1.0,0.9999908999999999,0.9999908999999999,172006.3597083545,364503.74406183616,16490.0,199091.0,0.550854,-89.93645999999933,16415.829899999997,182601.0,20.55423515079408,0.3044,0.3044,3.29,181479.96422348113,1.0,1.001476,1.001476,171751.2895471096,353021.6392803412,13539.0,192820.0,30.744400000000002,-4121.2716000000155,745808.9600000001,179281.0,14518397.137878489,14518397.137878489
2023-12-09,17.3252638750002,0.005790999999999999,0.005790999999999999,172.68,185095.13431580612,1.0,0.9999898799999999,0.9999898799999999,181481.80081930544,314422.00877046946,-27354.0,171737.0,0.573309,-158.40701399999975,6709.3666999999905,199091.0,19.67590325145711,0.3191,0.3191,3.13,185095.13431580612,1.0,0.998783,0.998783,181701.0944554334,357513.3155188978,2453.0,195273.0,32.2291,-782.7523000000058,283445.3999999998,192820.0,14807610.74526449,14807610.74526449
2023-12-10,19.0294395328257,0.005948,0.005948,168.12,197822.51825835614,1.0,0.99997776,0.99997776,185099.25092314664,352233.5003013351,20652.0,192389.0,0.600748,-122.83809599999904,2696.270900000008,171737.0,20.803166935486217,0.3714,0.3714,2.69,197822.51825835614,1.0,0.999066,0.999066,185268.17479106097,385416.47680112807,15241.0,210514.0,37.5114,-5660.5074000000195,1021277.79,195273.0,15825801.46066849,15825801.46066849
2023-12-11,20.534964706713403,0.005507,0.005507,181.59,200052.06571190612,1.0,1.00001613,1.00001613,197819.32743260468,406221.29071343195,29488.0,221877.0,0.556207,-162.39041600000118,-8484.354900000006,192389.0,20.088616216209328,0.3804,0.3804,2.63,200052.06571190612,1.0,1.000452,1.000452,197733.14287777542,397218.52204965154,6446.0,216960.0,38.4204,-2452.0584000000104,189462.59999999971,210514.0,16004165.256952489,16004165.256952489
2023-12-12,20.274669702522782,0.005784,0.005784,172.89,198590.23959470613,1.0,0.9999957599999999,0.9999957599999999,200052.91393626123,405600.67530849134,-339.0,221538.0,0.572616,-1.9607760000000038,6145.992900000013,221877.0,20.79456250961463,0.3749,0.3749,2.67,198590.23959470613,1.0,1.000983,1.000983,199855.6076495866,415590.9926166344,10035.0,226995.0,37.864900000000006,-3762.121500000038,-119327.99999999939,216960.0,15887219.16757649,15887219.16757649
2023-12-13,20.39265267372989,0.006675,0.006675,149.81,203072.74322970613,1.0,0.9999817500000001,0.9999817500000001,198593.8639327229,404985.56903139915,-336.0,221202.0,0.660825,-2.2427999999999955,19739.03579999999,221538.0,21.27262688761013,0.3899,0.3899,2.56,203072.74322970613,1.0,0.998144,0.998144,198959.50844237517,423239.1388836965,4178.0,231173.0,39.3799,-1629.0021999999885,340492.5,226995.0,16245819.45837649,16245819.45837649
2023-12-14,19.945549906578496,0.006433,0.006433,155.45,203859.25243565612,1.0,1.00000985,1.00000985,203070.74298288772,405035.76387311623,28.0,221230.0,0.649733,-0.18012400000000062,-5353.0884,221202.0,21.580927309924824,0.39299999999999996,0.39299999999999996,2.54,203859.25243565612,1.0,0.9982199999999999,0.9982199999999999,203434.85727565683,439031.28671708814,8625.0,239798.0,39.693,-3389.625000000006,71663.62999999888,231173.0,16308740.194852488,16308740.194852488
2023-12-15,20.642726394019245,0.006004000000000001,0.006004000000000001,166.56,204967.27807485612,1.0,1.0000262400000002,1.0000262400000002,203853.90330923325,420810.03503653564,8616.0,229846.0,0.606404,-51.73046400000008,-9490.766999999987,221230.0,21.580915964839296,0.3971,0.3971,2.52,204967.27807485612,1.0,1.0006920000000001,1.0006920000000001,203718.27938632076,439642.70679378416,334.0,240132.0,40.1071,-132.6314000000006,98317.18000000088,239798.0,16397382.245988488,16397382.245988488
2023-12-16,17.363818498999386,0.006078,0.006078,164.53,212512.99915025613,1.0,1.00001334,1.00001334,204964.54384784118,355896.7138104116,-35456.0,194390.0,0.601722,-215.501568000001,1700.8603999999914,229846.0,21.58088238502974,0.4222,0.4222,2.37,212512.99915025613,1.0,1.0006140000000001,1.0006140000000001,204841.5053905463,442066.0435405815,1324.0,241456.0,42.6422,-558.9928000000049,602731.3199999995,240132.0,17001039.93202049,17001039.93202049
2023-12-17,16.18107942470776,0.005804,0.005804,172.29,207570.13166705612,1.0,0.99997116,0.99997116,212519.12820191347,343878.8892704813,-6564.0,187826.0,0.574596,-38.09745600000021,-5326.285999999996,194390.0,21.577919651922123,0.4062,0.4062,2.46,207570.13166705612,1.0,0.999252,0.999252,212672.07786449877,458902.10083674797,9196.0,250652.0,41.026199999999996,-3735.415199999985,-386329.6000000003,241456.0,16605610.53336449,16605610.53336449
2023-12-18,13.131584391829042,0.0060209999999999994,0.0060209999999999994,166.09,209222.30086965614,1.0,1.00002789,1.00002789,207564.3426975383,272564.8682867248,-38952.0,148874.0,0.5960789999999999,-234.5299920000021,4075.824199999989,187826.0,20.60786709304305,0.41159999999999997,0.41159999999999997,2.43,209222.30086965614,1.0,1.000188,1.000188,207531.11581728247,427677.3652433482,-17055.0,233597.0,40.7484,-7019.838,135352.07999999978,250652.0,16737784.06957249,16737784.06957249
2023-12-19,13.238104788853375,0.005761,0.005761,173.58,204997.76055855615,1.0,0.99999438,0.99999438,209223.47670559524,276972.2308916893,2408.0,151282.0,0.581861,-13.87248800000004,-3870.7240000000033,148874.0,19.948086358550373,0.39740000000000003,0.39740000000000003,2.52,204997.76055855615,1.0,1.0014480000000001,1.0014480000000001,208919.7850209458,416754.9913607605,-5966.0,227631.0,39.342600000000004,-2370.8883999999853,-331707.7399999987,233597.0,16399820.844684491,16399820.844684491
2023-12-20,10.941101109637929,0.005894000000000001,0.005894000000000001,169.66,215471.94452145614,1.0,0.9999760400000001,0.9999760400000001,205002.67242258738,224295.49667215114,-28772.0,122510.0,0.5835060000000001,-169.5821679999987,2012.0506000000134,151282.0,18.12429310790679,0.43460000000000004,0.43460000000000004,2.3,215471.94452145614,1.0,0.99958,0.99958,205083.89579478995,371700.0639096186,-24609.0,203022.0,43.0254,-10695.071400000079,846787.3199999997,227631.0,17237755.56171649,17237755.56171649
2023-12-21,10.919797784844327,0.006351,0.006351,157.46,221739.8277564311,1.0,1.00002846,1.00002846,215465.81236443625,235284.3100566854,6002.0,128512.0,0.641451,-38.11870199999997,5598.706999999996,122510.0,19.828039368559452,0.4597,0.4597,2.18,221739.8277564311,1.0,1.002146,1.002146,215010.53191995592,426323.7291563795,29835.0,232857.0,46.4297,-13715.14949999994,509585.2199999996,203022.0,17739186.220514487,17739186.220514487
2023-12-22,13.354078883129144,0.006226000000000001,0.006226000000000001,160.62,219766.8960633561,1.0,1.00002012,1.00002012,221735.36644085828,296107.1574630769,33221.0,161733.0,0.628826,-206.83394599999846,-1606.3999999999942,128512.0,21.395078308202567,0.4535,0.4535,2.21,219766.8960633561,1.0,1.002235,1.002235,221245.34441167102,473356.1469012949,25689.0,258546.0,45.8035,-11649.961499999954,-144371.3399999994,232857.0,17581351.685068488,17581351.685068488
2023-12-23,13.264420755986457,0.00613,0.00613,163.13,228416.5482996061,1.0,0.9999869,0.9999869,219769.77504740923,291511.87656773295,-2510.0,159223.0,0.60687,-15.386299999999922,-1552.6368000000086,161733.0,20.74125922604588,0.4805,0.4805,2.08,228416.5482996061,1.0,0.99944,0.99944,219890.0344826664,456079.6206429151,-9436.0,249110.0,47.5695,-4533.997999999993,698074.1999999989,258546.0,18273323.863968488,18273323.863968488
2023-12-24,12.271857064252137,0.005919,0.005919,168.95,227105.0254458686,1.0,1.0000150499999998,1.0000150499999998,228413.1106822904,280305.3045894271,-6121.0,153102.0,0.585981,-36.23019900000005,-3359.605300000001,159223.0,21.567313332156814,0.4768,0.4768,2.1,227105.0254458686,1.0,1.00128,1.00128,228124.5488770435,492003.3624388119,19621.0,268731.0,48.1568,-9355.292799999945,-92170.69999999936,249110.0,18168402.035669487,18168402.035669487
2023-12-25,9.95169226336808,0.006242,0.006242,160.21,228783.2615563436,1.0,1.00003082,1.00003082,227098.02628469848,226000.9671203595,-29661.0,123441.0,0.617958,-185.1439619999991,4945.194599999999,153102.0,20.89446487209765,0.4818,0.4818,2.08,228783.2615563436,1.0,1.0021440000000001,1.0021440000000001,226619.15397973603,473508.5952174083,-10101.0,258630.0,47.6982,-4866.661799999998,134365.5,268731.0,18302660.924507488,18302660.924507488
2023-12-26,11.144792049033867,0.006087,0.006087,164.28,216553.3092698061,1.0,0.9999723600000001,0.9999723600000001,228789.5853004813,254981.235115856,15829.0,139270.0,0.614787,-96.35112299999926,-1913.335499999995,123441.0,20.43749265151201,0.4441,0.4441,2.25,216553.3092698061,1.0,0.999225,0.999225,228960.70610357387,467938.2748476792,-3043.0,255587.0,43.9659,-1351.3962999999965,-975035.1000000008,258630.0,17324264.741584487,17324264.741584487
2023-12-27,10.233545935153206,0.006333999999999999,0.006333999999999999,157.88,209788.1799316561,1.0,1.00001192,1.00001192,216550.72798512853,221608.18221266795,-18228.0,121042.0,0.627066,-115.45615199999911,3439.9689999999923,139270.0,15.980774579637298,0.4239,0.4239,2.36,209788.1799316561,1.0,1.0004039999999998,1.0004039999999998,216465.85706355245,345929.20659206196,-66641.0,188946.0,41.9661,-28249.11990000022,-516285.739999999,255587.0,16783054.394532487,16783054.394532487
2023-12-28,11.491846093804485,0.006158,0.006158,162.39,203395.6709046311,1.0,0.9999976199999999,0.9999976199999999,209788.6792287127,241085.92139188838,10639.0,131681.0,0.621958,-65.51496199999997,-2130.339199999994,121042.0,12.127865833721154,0.39799999999999996,0.39799999999999996,2.51,203395.6709046311,1.0,0.9989799999999999,0.9989799999999999,210002.38236166505,254688.07180440836,-49836.0,139110.0,39.401999999999994,-19834.728000000163,-489370.14000000065,188946.0,16271653.672370486,16271653.672370486
2023-12-29,10.330746024329478,0.006083,0.006083,164.39,203797.4885042561,1.0,0.9999843699999998,0.9999843699999998,203398.85002865706,210126.18612867367,-16910.0,114771.0,0.602217,-102.86352999999914,-987.6075000000081,131681.0,8.128959711769951,0.4018,0.4018,2.49,203797.4885042561,1.0,1.000482,1.000482,203297.68142218556,165259.8661777189,-48845.0,90265.0,39.7782,-19625.92100000007,52861.80000000036,139110.0,16303799.080340486,16303799.080340486
2023-12-30,9.171655961287575,0.006011,0.006011,166.36,202759.90633616858,1.0,0.9999899600000001,0.9999899600000001,203799.534651584,186917.9216894834,-12677.0,102094.0,0.595089,-76.20144699999986,-826.3511999999981,114771.0,6.873447241846019,0.3933,0.3933,2.54,202759.90633616858,1.0,0.9989819999999999,0.9989819999999999,204005.16576300285,140221.8743936052,-13676.0,76589.0,38.936699999999995,-5378.770800000048,-76725.25000000013,90265.0,16220792.506893486,16220792.506893486
2023-12-31,8.013199212612868,0.00594,0.00594,168.35,201926.66203741857,1.0,0.999999,0.999999,202760.10909627768,162475.71465595913,-13350.0,88744.0,0.5880599999999999,-79.29900000000075,-724.8673999999995,102094.0,5.474573876745302,0.38549999999999995,0.38549999999999995,2.59,201926.66203741857,1.0,0.9984449999999998,0.9984449999999998,203075.68903261435,111175.2862180003,-15865.0,60724.0,38.1645,-6115.957500000006,-59739.420000000086,76589.0,16154132.962993486,16154132.962993486
2024-01-01,6.878980623907459,0.006232,0.006232,160.46,204454.4276657186,1.0,0.99998672,0.99998672,201929.34365910236,138906.8042429316,-12873.0,75871.0,0.616968,-80.2245360000002,2591.3248000000003,88744.0,4.169839145617493,0.4194,0.4194,2.38,204454.4276657186,1.0,0.998172,0.998172,202296.45996623687,84354.36977870564,-14650.0,46074.0,41.520599999999995,-6144.2100000000455,205854.36000000004,60724.0,16356354.213257486,16356354.213257486
2024-01-02,8.65400025687482,0.00605,0.00605,165.29,203475.74896821857,1.0,1.0000045,1.0000045,204453.50762493428,176934.07075051393,20770.0,96641.0,0.61105,-125.65849999999999,-1380.8521999999996,75871.0,7.5381721945174816,0.4061,0.4061,2.46,203475.74896821857,1.0,0.9990060000000001,0.9990060000000001,204657.85757614928,154274.61713700474,38191.0,84265.0,41.0161,-15509.365100000081,-61278.41999999992,46074.0,16278059.917457486,16278059.917457486
2024-01-03,7.595638668421424,0.005568999999999999,0.005568999999999999,179.57,199385.28098993108,1.0,1.00002533,1.00002533,203470.59505804576,154548.91197096097,-12227.0,84414.0,0.5513309999999999,-68.09216300000057,-4648.432100000003,96641.0,7.229237830661939,0.368,0.368,2.72,199385.28098993108,1.0,1.00096,1.00096,203280.59959260965,146956.38008145354,-3998.0,80267.0,36.431999999999995,-1471.2640000000083,-321049.6500000002,84265.0,15950822.479194485,15950822.479194485
2024-01-04,2.687663877751563,0.005699,0.005699,175.47,201066.11470423106,1.0,1.00000353,1.00000353,199384.5771623737,53587.87258200811,-55144.0,29270.0,0.564201,-314.26565600000055,1097.382000000001,84414.0,2.5231520903089333,0.3872,0.3872,2.58,201066.11470423106,1.0,0.998976,0.998976,199589.66080259293,50359.50698581133,-52761.0,27506.0,38.3328,-20429.0592,154112.64000000013,80267.0,16085289.176338485,16085289.176338485
2024-01-05,2.224309066716985,0.005414,0.005414,184.71,200248.60923170607,1.0,1.00001994,1.00001994,201062.10552584686,44722.42642943484,-4843.0,24427.0,0.535986,-26.220002000000143,-834.1949999999991,29270.0,3.095045531426145,0.36460000000000004,0.36460000000000004,2.74,200248.60923170607,1.0,0.9990040000000002,0.9990040000000002,201266.5762141403,62292.92173370146,6518.0,34024.0,36.824600000000004,-2376.462800000019,-62163.55999999995,27506.0,16019888.738536485,16019888.738536485
2024-01-06,-0.304638305987276,0.005227000000000001,0.005227000000000001,191.31,199350.82277429357,1.0,0.9999773700000002,0.9999773700000002,200253.14096028596,-6100.4777630772705,-27759.0,-3332.0,0.5174730000000001,-145.0962929999995,-456.7848999999985,24427.0,0.9245758083359858,0.3461,0.3461,2.89,199350.82277429357,1.0,1.000229,1.000229,200202.76279902508,18510.263124600624,-23914.0,10110.0,34.2639,-8276.635399999996,-62944.400000000045,34024.0,15948065.821943484,15948065.821943484
2024-01-07,-2.6385750390717,0.004945,0.004945,202.22,199109.27519360607,1.0,0.9999779,0.9999779,199355.228524844,-52601.37298940879,-25399.0,-28731.0,0.489555,-125.59805499999942,93.9624000000002,-3332.0,-1.6596025611571998,0.33640000000000003,0.33640000000000003,2.97,199109.27519360607,1.0,0.9991080000000001,0.9991080000000001,199528.8024660933,-33113.85115973574,-28197.0,-18087.0,33.3036,-9485.470799999932,-9806.699999999988,10110.0,15928742.015488485,15928742.015488485
2024-01-08,-5.568072885954877,0.005412,0.005412,184.77,198450.94594110607,1.0,0.99997524,0.99997524,199114.20526132832,-110868.24075240563,-31825.0,-60556.0,0.535788,-172.2368999999991,-1341.7377000000006,-28731.0,-3.450176363615989,0.3608,0.3608,2.77,198450.94594110607,1.0,0.9994160000000001,0.9994160000000001,199225.62295741317,-68736.3535354338,-19457.0,-37544.0,35.7192,-7020.085599999953,-44132.27999999996,-18087.0,15876075.675288485,15876075.675288485
2024-01-09,-2.254567762041864,0.005124,0.005124,195.16,199034.03444945608,1.0,0.99999984,0.99999984,198450.9776932625,-44742.11766529187,36118.0,-24438.0,0.517524,-185.06863200000063,1744.012800000003,-60556.0,-1.1756212691989711,0.3465,0.3465,2.89,199034.03444945608,1.0,1.001385,1.001385,198176.47152803975,-23298.047498316788,24819.0,-12725.0,34.9965,-8599.783499999974,53687.91999999999,-37544.0,15922722.755956486,15922722.755956486
2024-01-10,-3.28447909003113,0.005659999999999999,0.005659999999999999,176.68,198368.5979359561,1.0,1.0000087999999998,1.0000087999999998,199032.28296536603,-65371.73716409037,-11268.0,-35706.0,0.56034,-63.776879999999984,-1309.8767999999995,-24438.0,-1.7676808311734704,0.38530000000000003,0.38530000000000003,2.6,198368.5979359561,1.0,1.0017800000000001,1.0017800000000001,198680.3833670627,-35120.35052081531,-6458.0,-19183.0,38.1447,-2488.2674000000056,-49373.00000000003,-12725.0,15869487.834876485,15869487.834876485
2024-01-11,0.7734669101931478,0.00582,0.00582,171.82,197963.5355707061,1.0,0.9999923999999999,0.9999923999999999,198370.1055487583,15343.27126134867,44086.0,8380.0,0.58782,-256.5805200000021,-571.2960000000005,-35706.0,2.22664075380424,0.3929,0.3929,2.55,197963.5355707061,1.0,1.001895,1.001895,197993.4004421183,44086.0174408703,43263.0,24080.0,39.6829,-16998.032699999887,-14579.079999999962,-19183.0,15837082.845656486,15837082.845656486
2024-01-12,3.405966193617262,0.005476,0.005476,182.62,196838.67328855608,1.0,1.00002712,1.00002712,197958.16694521855,67423.88243658564,28447.0,36827.0,0.553076,-155.77577200000104,-288.2719999999999,8380.0,4.444882613661906,0.3593,0.3593,2.78,196838.67328855608,1.0,0.9988539999999999,0.9988539999999999,198190.66206943768,88093.42280225857,24036.0,48116.0,36.2893,-8636.13479999994,-80908.79999999999,24080.0,15747093.863084486,15747093.863084486
2024-01-13,1.6441387237107317,0.005491,0.005491,182.12,197033.8593967936,1.0,1.00002092,1.00002092,196834.5555096548,32362.331487781303,-19151.0,17676.0,0.543609,-105.15814100000046,55.24050000000209,36827.0,1.5997709988365667,0.3649,0.3649,2.74,197033.8593967936,1.0,0.9998260000000001,0.9998260000000001,196872.92917823308,31495.16025553426,-30913.0,17203.0,36.1251,-11280.153699999959,26944.96000000011,48116.0,15762708.751743486,15762708.751743486
2024-01-14,1.187935108564439,0.0052510000000000005,0.0052510000000000005,190.44,196754.7953012811,1.0,1.00000044,1.00000044,197033.7727019336,23406.333616553246,-4891.0,12785.0,0.519849,-25.68264100000003,-424.2240000000004,17676.0,1.2725765718397,0.3529,0.3529,2.83,196754.7953012811,1.0,0.998707,0.998707,197288.95401433413,25106.530076140152,-3490.0,13713.0,34.9371,-1231.6209999999937,-20643.60000000005,17203.0,15740383.624102486,15740383.624102486
2024-01-15,-0.8382785840939752,0.0052759999999999994,0.0052759999999999994,189.54,196744.5738357311,1.0,1.0000130399999998,1.0000130399999998,196752.22965220647,-16493.318049018428,-21794.0,-9009.0,0.5223239999999999,-114.98514400000127,31.96249999999932,12785.0,-0.0627063406877776,0.3561,0.3561,2.81,196744.5738357311,1.0,1.0006410000000001,1.0006410000000001,196628.75626851295,-1232.9869779587357,-14386.0,-673.0,35.2539,-5122.85459999997,4388.1600000000035,13713.0,15739565.906858487,15739565.906858487
2024-01-16,-1.3077964587589344,0.005356,0.005356,186.71,196739.7322954811,1.0,1.00001876,1.00001876,196740.88297676647,-25729.70300501211,-5045.0,-14054.0,0.5302439999999999,-27.02102000000014,-72.07200000000006,-9009.0,-0.1450372953896246,0.3557,0.3557,2.81,196739.7322954811,1.0,0.9995170000000001,0.9995170000000001,196839.64738541824,-2854.9090082228454,-886.0,-1559.0,35.2143,-315.1501999999989,26.919999999999426,-673.0,15739178.583638487,15739178.583638487
2024-01-17,-0.7507752903143289,0.005282,0.005282,189.32,196730.5833498311,1.0,0.99998824,0.99998824,196742.04598194186,-14770.906668912745,5986.0,-8068.0,0.533482,-31.618052000000052,103.99959999999948,-14054.0,-0.1553417266090308,0.36060000000000003,0.36060000000000003,2.77,196730.5833498311,1.0,0.9988620000000001,0.9988620000000001,196963.8771877207,-3059.670876194963,-112.0,-1671.0,35.699400000000004,-40.38719999999978,-763.9100000000032,-1559.0,15738446.667986488,15738446.667986488
2024-01-18,-1.1033914651693606,0.005026000000000001,0.005026000000000001,198.97,196756.9670562311,1.0,1.00002322,1.00002322,196726.01537175415,-21706.580633796995,-3788.0,-11856.0,0.497574,-19.038488000000115,206.54079999999965,-8068.0,0.4556597122154279,0.33590000000000003,0.33590000000000003,2.98,196756.9670562311,1.0,1.000982,1.000982,196537.58344289017,8955.4258711103,6562.0,4891.0,33.925900000000006,-2204.175800000015,4127.369999999998,-1671.0,15740557.364498489,15740557.364498489
2024-01-19,-3.276444981506353,0.005044,0.005044,198.26,196594.1822934811,1.0,1.0000234399999999,1.0000234399999999,196752.3551810257,-64464.826673242715,-23355.0,-35211.0,0.49935599999999997,-117.80261999999983,-21.340799999998964,-11856.0,-2.0149718070417757,0.3273,0.3273,3.06,196594.1822934811,1.0,1.001538,1.001538,196454.81954377278,-39585.092273818176,-26512.0,-21621.0,32.402699999999996,-8677.377600000027,-4206.260000000032,4891.0,15727534.583478488,15727534.583478488
2024-01-20,-3.799145950117449,0.0051600000000000005,0.0051600000000000005,193.8,196468.68871423113,1.0,1.0000080000000002,1.0000080000000002,196592.60955260464,-74688.40164047989,-5584.0,-40795.0,0.51084,-28.8134400000003,-408.4476000000019,-35211.0,-3.7522877744180265,0.3289,0.3289,3.04,196468.68871423113,1.0,0.9998560000000001,0.9998560000000001,196622.49593289543,-73778.41876645616,-18677.0,-40298.0,32.5611,-6142.8652999999495,-3459.3600000000797,-21621.0,15717495.097138489,15717495.097138489
2024-01-21,-2.810104445378116,0.005032,0.005032,198.73,196637.36664573112,1.0,1.00000936,1.00000936,196466.84978451717,-55209.236794890625,10640.0,-30155.0,0.508232,-53.540480000000386,522.1760000000014,-40795.0,-4.060044304511077,0.3254,0.3254,3.07,196637.36664573112,1.0,0.998978,0.998978,196669.68513243648,-79848.76349919356,-3315.0,-43613.0,32.2146,-1078.7010000000064,14104.300000000057,-40298.0,15730989.331658488,15730989.331658488
2024-01-22,-3.477590683665438,0.004786,0.004786,208.94,198272.7557487811,1.0,0.99998684,0.99998684,196639.95442753137,-68383.32735535795,-7196.0,-37351.0,0.473814,-34.44005600000009,741.8129999999986,-30155.0,-4.428457401321936,0.2953,0.2953,3.39,198272.7557487811,1.0,1.0010670000000002,1.0010670000000002,196427.7782063849,-86987.2048223289,-3899.0,-47512.0,29.2347,-1151.374700000004,131275.12999999992,-43613.0,15861820.459902488,15861820.459902488
2024-01-23,-5.7145335868234985,0.004773,0.004773,209.51,197488.8103696811,1.0,0.99999123,0.99999123,198274.4946160989,-113304.62588941523,-24536.0,-61887.0,0.472527,-117.11032800000066,48.556300000000874,-37351.0,-7.506654963024849,0.3063,0.3063,3.26,197488.8103696811,1.0,0.998538,0.998538,198563.0549350962,-149054.43418019157,-33901.0,-81413.0,30.3237,-10383.876300000009,-52263.199999999895,-47512.0,15799104.829574488,15799104.829574488
2024-01-24,-6.504630628125199,0.004765,0.004765,209.86,196891.73195630612,1.0,0.9999829000000001,0.9999829000000001,197492.1874860871,-128461.37315374461,-8278.0,-70165.0,0.47173499999999996,-39.44467000000016,49.50960000000142,-61887.0,-7.150953466378022,0.312,0.312,3.21,196891.73195630612,1.0,1.00152,1.00152,197189.08296357648,-141008.99563502907,4394.0,-77019.0,31.512,-1370.928000000005,-46405.410000000025,-81413.0,15751338.556504488,15751338.556504488
2024-01-25,-6.673510760911443,0.004666,0.004666,214.32,197521.93445090612,1.0,1.0000171199999999,1.0000171199999999,196888.36122756192,-131393.65973503538,-1602.0,-71767.0,0.461934,-7.474932000000005,694.6334999999975,-70165.0,-6.1257390974156,0.30510000000000004,0.30510000000000004,3.28,197521.93445090612,1.0,1.000728,1.000728,196748.49904899843,-120522.99729822858,11190.0,-65829.0,30.8151,-3414.068999999994,53143.109999999826,-77019.0,15801754.756072488,15801754.756072488
2024-01-26,-7.463331157646301,0.004849,0.004849,206.23,196053.5579146686,1.0,1.00000927,1.00000927,197520.1034395472,-147415.7942261893,-8751.0,-80518.0,0.480051,-42.43359899999993,-1313.3360999999989,-71767.0,-6.36458085148624,0.3226,0.3226,3.1,196053.5579146686,1.0,1.00006,1.00006,197510.08384587537,-125706.88976209001,-2832.0,-68661.0,31.937399999999997,-913.6032000000038,-115200.74999999977,-65829.0,15684284.633173488,15684284.633173488
2024-01-27,-5.606359664579943,0.004862,0.004862,205.68,195066.4101120686,1.0,1.00001616,1.00001616,196050.38974037042,-109912.89972655903,20484.0,-60034.0,0.491062,-99.59320799999954,-104.67340000000188,-80518.0,-3.9549813467656794,0.33280000000000004,0.33280000000000004,3.0,195066.4101120686,1.0,0.9984000000000002,0.9984000000000002,196367.74630876258,-77663.07737575712,26242.0,-42419.0,33.6128,-8733.33759999997,-70034.22000000022,-68661.0,15605312.808965487,15605312.808965487
2024-01-28,-4.670075263799635,0.004903,0.004903,203.96,194140.4155429311,1.0,1.00001588,1.00001588,195063.312506666,-91096.0350612199,10277.0,-49757.0,0.495203,-50.3881309999999,-246.13939999999954,-60034.0,-1.700365588021043,0.3482,0.3482,2.87,194140.4155429311,1.0,0.9993340000000001,0.9993340000000001,195196.41092174247,-33190.52600365458,24290.0,-18129.0,35.1682,-8457.777999999964,-65325.259999999966,-42419.0,15531233.243434487,15531233.243434487
2024-01-29,-3.746825491082813,0.00526,0.00526,190.11,193700.70129543112,1.0,0.9999786,0.9999786,194144.57023673414,-72742.58247183131,10025.0,-39732.0,0.5312600000000001,-52.73150000000042,-1776.3249000000005,-49757.0,1.1313442636964612,0.36060000000000003,0.36060000000000003,2.77,193700.70129543112,1.0,0.9988620000000001,0.9988620000000001,194361.59904264158,21988.988015976418,30139.0,12010.0,36.4206,-10868.12339999994,-22479.960000000036,-18129.0,15496056.103634488,15496056.103634488
2024-01-30,0.4850552854080639,0.005136,0.005136,194.7,193458.81327663112,1.0,0.9999792,0.9999792,193704.7303538225,9395.750326666543,44864.0,5132.0,0.518736,-230.42150400000133,492.6768000000031,-39732.0,3.692212753013315,0.3522,0.3522,2.84,193458.81327663112,1.0,1.000248,1.000248,193652.675431924,71500.6877884898,27044.0,39054.0,35.5722,-9524.896800000091,-10088.400000000041,12010.0,15476705.062130488,15476705.062130488
2024-01-31,0.668336765555127,0.004976,0.004976,200.96,192446.2978268811,1.0,0.9999769600000001,0.9999769600000001,193463.27067038734,12929.861657356274,1930.0,7062.0,0.502576,-9.60368000000007,-82.11199999999978,5132.0,3.4483532799983374,0.33170000000000005,0.33170000000000005,3.01,192446.2978268811,1.0,0.9984170000000001,0.9984170000000001,193765.54413299361,66817.20496616712,-2559.0,36495.0,32.838300000000004,-848.8202999999946,-80060.6999999999,39054.0,15395703.826150488,15395703.826150488
2024-02-01,-0.918312386096048,0.005078,0.005078,196.93,192626.3438222561,1.0,1.0000105400000001,1.0000105400000001,192444.26946428095,-17672.39562822547,-16715.0,-9653.0,0.502722,-84.87877000000044,72.0324000000003,7062.0,0.5481955979910593,0.3385,0.3385,2.95,192626.3438222561,1.0,0.9985750000000001,0.9985750000000001,192720.92514521303,10564.876280537024,-30724.0,5771.0,33.5115,-10400.074000000102,24816.59999999999,36495.0,15410107.505780488,15410107.505780488
2024-02-02,-0.3997002283812332,0.0051459999999999995,0.0051459999999999995,194.33,192828.1499546561,1.0,1.00002218,1.00002218,192622.071464711,-7699.108595571121,5448.0,-4205.0,0.5197459999999999,-28.03540799999991,-65.6403999999992,-9653.0,0.4048241243466042,0.3676,0.3676,2.72,192828.1499546561,1.0,0.999872,0.999872,192651.0031506594,7798.977365496057,-1511.0,4260.0,36.392399999999995,-555.4436000000046,16793.60999999998,5771.0,15426251.996372487,15426251.996372487
2024-02-03,0.5133088345849484,0.005124,0.005124,195.16,192618.98573260612,1.0,0.99999984,0.99999984,192828.18080716504,9898.04087652616,9611.0,5406.0,0.517524,-49.24676400000017,9.250999999999914,-4205.0,3.899617950558533,0.35950000000000004,0.35950000000000004,2.78,192618.98573260612,1.0,0.99941,0.99941,192941.9857262346,75240.00309544327,36836.0,41096.0,36.3095,-13242.54199999989,-3450.5999999999794,4260.0,15409518.858608488,15409518.858608488
2024-02-04,0.5790131532077125,0.004934,0.004934,202.68,192057.1840473061,1.0,1.00002312,1.00002312,192614.53248461508,11152.634780754635,686.0,6092.0,0.498334,-3.384723999999996,-102.71399999999979,5406.0,4.0330995119407085,0.34869999999999995,0.34869999999999995,2.87,192057.1840473061,1.0,1.0007689999999998,1.0007689999999998,192470.97555240637,77625.45975631621,1303.0,42399.0,35.2187,-454.35610000000116,-44383.68000000022,41096.0,15364574.723784488,15364574.723784488
2024-02-05,-1.5393806970516966,0.0049440000000000005,0.0049440000000000005,202.27,191819.5348465561,1.0,1.0000228800000002,1.0000228800000002,192052.78987947362,-29564.235755538713,-22240.0,-16148.0,0.489456,-109.95456000000009,6.092000000000006,6092.0,2.5644901931664057,0.3455,0.3455,2.89,191819.5348465561,1.0,0.998495,0.998495,192346.66577930396,49327.11380792813,-15457.0,26942.0,34.204499999999996,-5340.393500000019,-13567.680000000011,42399.0,15345562.787724487,15345562.787724487
2024-02-06,-2.168338120357799,0.0049830000000000004,0.0049830000000000004,200.68,191641.4309826811,1.0,0.9999884400000001,0.9999884400000001,191821.75230601276,-41593.441783895905,-6570.0,-22718.0,0.493317,-32.7383100000001,-62.97720000000024,-16148.0,1.554329930709096,0.34159999999999996,0.34159999999999996,2.93,191641.4309826811,1.0,1.000888,1.000888,191649.3502235576,29788.632125342556,-10671.0,16271.0,33.8184,-3645.2135999999964,-10507.380000000016,26942.0,15331314.478614487,15331314.478614487
2024-02-07,-1.900421197385159,0.0050219999999999996,0.0050219999999999996,199.12,191824.4663608061,1.0,0.99998064,0.99998064,191645.14123261537,-36420.64887743348,2825.0,-19893.0,0.507222,-14.187149999999917,-88.60019999999906,-22718.0,0.6117210102925131,0.3528,0.3528,2.83,191824.4663608061,1.0,0.998424,0.998424,191943.93462364798,11741.613760749804,-9858.0,6413.0,34.9272,-3477.90240000002,18223.520000000073,16271.0,15345957.308864487,15345957.308864487
2024-02-08,-1.2931890569559774,0.005304,0.005304,188.54,191773.6872836061,1.0,1.00001616,1.00001616,191821.36652752303,-24806.12920837344,6344.0,-13549.0,0.535704,-33.64857599999984,-560.9826,-19893.0,1.7863434449979536,0.3542,0.3542,2.82,191773.6872836061,1.0,0.998844,0.998844,192046.47208253352,34306.09565396163,12325.0,18738.0,35.7742,-4365.514999999985,897.8200000000037,6413.0,15341894.982688487,15341894.982688487
2024-02-09,2.294144026647485,0.0054069999999999995,0.0054069999999999995,184.95,192344.3674791936,1.0,1.0000246499999998,1.0000246499999998,191768.9601787377,43994.561449045046,37579.0,24030.0,0.546107,-203.1896530000019,-139.55469999999968,-13549.0,2.3770352712230194,0.38,0.38,2.63,192344.3674791936,1.0,0.9994,0.9994,191888.8205759517,45612.64946624226,6176.0,24914.0,38.38,-2346.8800000000156,48344.039999999964,18738.0,15387549.398335487,15387549.398335487
2024-02-10,4.71267909963724,0.005515,0.005515,181.32,192848.18538881862,1.0,0.9999798,0.9999798,192348.25291390248,90647.55913590861,25482.0,49512.0,0.557015,-140.53323000000123,259.52400000000074,24030.0,5.839931448175594,0.402,0.402,2.49,192848.18538881862,1.0,1.0009800000000002,1.0009800000000002,192156.05454573873,112217.81858990046,36379.0,61293.0,40.602000000000004,-14624.358000000037,54810.80000000007,24914.0,15427854.831105487,15427854.831105487
2024-02-11,6.7432435652006495,0.005414,0.005414,184.71,192276.1809461936,1.0,1.00001994,1.00001994,192844.34007267756,130039.63552804486,21515.0,71027.0,0.546814,-116.48221000000065,-500.0711999999999,49512.0,9.586099599428875,0.3972,0.3972,2.52,192276.1809461936,1.0,1.000944,1.000944,192666.30839369496,184691.84217162392,39585.0,100878.0,40.1172,-15723.16199999992,-29420.640000000243,61293.0,15382094.475695487,15382094.475695487
2024-02-12,6.0277679051632544,0.005592000000000001,0.005592000000000001,178.83,193837.2840410936,1.0,1.0000173600000002,1.0000173600000002,192272.84308963752,115897.60726102076,-7724.0,63303.0,0.553608,-43.19260800000032,1264.2806000000028,71027.0,10.166934296235416,0.4097,0.4097,2.44,193837.2840410936,1.0,0.999668,0.999668,192340.03783875608,195550.8527242067,5932.0,106810.0,41.3797,-2430.340400000005,126097.5,100878.0,15506982.723287487,15506982.723287487
2024-02-13,7.666678188997855,0.005449000000000001,0.005449000000000001,183.52,192099.6005988061,1.0,1.0000004800000002,1.0000004800000002,193837.1909992419,148608.73644504993,17867.0,81170.0,0.5503490000000001,-97.35728300000066,-905.2328999999987,63303.0,11.682469655626225,0.39740000000000003,0.39740000000000003,2.52,192099.6005988061,1.0,1.0014480000000001,1.0014480000000001,193557.01348556648,226122.39366787663,16698.0,123508.0,40.1374,-6635.785199999958,-131376.29999999967,106810.0,15367968.047904488,15367968.047904488
2024-02-14,6.193518788587942,0.005768,0.005768,173.37,195867.1866703061,1.0,0.99999816,0.99999816,192099.95406272158,118977.46747743466,-16185.0,64985.0,0.571032,-93.35507999999993,2589.3229999999944,81170.0,10.109350209274144,0.4222,0.4222,2.37,195867.1866703061,1.0,1.0006140000000001,1.0006140000000001,191981.72382038037,194081.04798803732,-17501.0,106007.0,41.797799999999995,-7388.922200000065,306299.8399999996,123508.0,15669374.933624487,15669374.933624487
2024-02-15,8.844232042039513,0.006087,0.006087,164.28,194885.5793047436,1.0,0.9999723600000001,0.9999723600000001,195872.60058898636,173234.27302867206,29635.0,94620.0,0.614787,-180.38824499999862,2073.0215000000026,64985.0,12.03897797557454,0.4155,0.4155,2.41,194885.5793047436,1.0,1.001355,1.001355,195602.14576279753,235484.992481344,22615.0,128622.0,41.9655,-9396.532500000034,-71024.69000000018,106007.0,15590846.344379487,15590846.344379487
2024-02-16,12.630926493900024,0.005986,0.005986,167.06,192777.30883981858,1.0,1.00002116,1.00002116,194881.4556131428,246153.3340873847,39829.0,134449.0,0.6045860000000001,-238.41639400000187,-955.6619999999998,94620.0,11.70449228015396,0.4026,0.4026,2.48,192777.30883981858,1.0,0.998448,0.998448,195188.51187517386,228458.24304177123,-3838.0,124784.0,39.8574,-1545.1787999999985,-165922.3799999999,128622.0,15422184.707185486,15422184.707185486
2024-02-17,12.670227837826715,0.006096000000000001,0.006096000000000001,164.04,191883.52509791858,1.0,0.9999878400000001,0.9999878400000001,192779.65304039954,244256.21265190459,-1037.0,133412.0,0.603504,-6.32155199999999,1478.9390000000012,134449.0,9.341156681267863,0.3976,0.3976,2.52,191883.52509791858,1.0,1.001952,1.001952,192401.74064208523,179725.4805086381,-26618.0,98166.0,39.3624,-10583.316799999922,-62392.0,124784.0,15350682.007833486,15350682.007833486
2024-02-18,13.572413051183869,0.006193,0.006193,161.47,192456.3674887436,1.0,0.99998371,0.99998371,191886.65093146227,260436.4885450142,8838.0,142250.0,0.625493,-54.733734000000034,1294.0963999999908,133412.0,7.598388916058688,0.4029,0.4029,2.48,192456.3674887436,1.0,0.999192,0.999192,192038.69236134656,145918.467149286,-18466.0,79700.0,39.8871,-7439.951400000045,52027.98000000011,98166.0,15396509.399099486,15396509.399099486
2024-02-19,14.648684745300596,0.006308,0.006308,158.53,191696.1536352436,1.0,1.00000724,1.00000724,192454.974114731,281921.2243471681,11735.0,153985.0,0.637108,-74.02437999999977,1635.8750000000093,142250.0,7.527628766931446,0.3951,0.3951,2.53,191696.1536352436,1.0,0.9996029999999999,0.9996029999999999,192532.8030115392,144931.54665276076,-539.0,79161.0,39.1149,-212.95889999999963,-62166.00000000009,79700.0,15335692.290819487,15335692.290819487
2024-02-20,15.938984898201124,0.006216,0.006216,160.88,190596.2988506436,1.0,1.00003008,1.00003008,191690.38758838494,305535.01929015876,12898.0,166883.0,0.627816,-80.17396799999999,-1416.6619999999978,153985.0,6.138856029629793,0.3849,0.3849,2.6,190596.2988506436,1.0,1.0007400000000002,1.0007400000000002,191554.40337674477,117592.49041714674,-14932.0,64229.0,38.1051,-5747.326800000027,-80744.21999999968,79161.0,15247703.908051487,15247703.908051487
2024-02-21,14.81127910129766,0.005988,0.005988,167.0,189731.9030206936,1.0,0.999996,0.999996,190597.06123888856,282298.62698963005,-12692.0,154191.0,0.592812,-75.99969599999991,-3804.932400000007,166883.0,3.93680970757264,0.3761,0.3761,2.66,189731.9030206936,1.0,1.000426,1.000426,190515.13940125864,75002.18502344297,-23263.0,40966.0,37.2339,-8749.214300000023,-56521.520000000164,64229.0,15178552.241655488,15178552.241655488
2024-02-22,10.69070950689274,0.005858,0.005858,170.71,189172.9867302936,1.0,1.00001918,1.00001918,189728.26403258945,202832.97560194597,-43404.0,110787.0,0.579942,-254.2606320000013,-2004.4830000000018,154191.0,1.736105727646221,0.3678,0.3678,2.72,189172.9867302936,1.0,1.0004160000000002,1.0004160000000002,189653.0073696278,32925.767235974185,-22982.0,17984.0,36.4122,-8452.77960000006,-34001.77999999993,40966.0,15133838.938423488,15133838.938423488
2024-02-23,7.415797746878401,0.005824,0.005824,171.7,188875.8116219936,1.0,0.9999808,0.9999808,189176.61892137688,140289.55443592207,-34161.0,76626.0,0.576576,-198.95366400000177,-376.67579999999543,110787.0,-0.3423308539909217,0.3592,0.3592,2.78,188875.8116219936,1.0,0.998576,0.998576,189442.75321086586,-6485.209948906714,-21526.0,-3542.0,35.5608,-7732.139200000028,-15466.23999999999,17984.0,15110064.929759488,15110064.929759488
2024-02-24,5.656697328690765,0.005969,0.005969,167.53,188754.8669537311,1.0,0.99998657,0.99998657,188878.3482582107,106842.76480397445,-18269.0,58357.0,0.590931,-109.04766100000003,1111.0769999999968,76626.0,-2.374106265356329,0.3676,0.3676,2.72,188754.8669537311,1.0,0.999872,0.999872,188899.99082081867,-44846.86517334587,-20953.0,-24495.0,36.392399999999995,-7702.322800000064,-2975.279999999987,-3542.0,15100389.356298488,15100389.356298488
2024-02-25,6.659881760472485,0.005914000000000001,0.005914000000000001,169.09,188499.34606035613,1.0,0.9999982600000001,0.9999982600000001,188755.19538777106,125708.72829574367,10305.0,68662.0,0.597314,-60.94376999999974,-320.96349999999705,58357.0,-1.621906825419979,0.37460000000000004,0.37460000000000004,2.67,188499.34606035613,1.0,1.0001820000000001,1.0001820000000001,188720.519819124,-30608.709919144363,7777.0,-16718.0,37.8346,-2913.2642000000073,-17146.50000000007,-24495.0,15079947.684828488,15079947.684828488
2024-02-26,6.201923708817277,0.006191,0.006191,161.52,188062.96209353112,1.0,0.9999703200000001,0.9999703200000001,188504.94088700163,116909.32621162946,-4806.0,63856.0,0.6129089999999999,-29.753946000000276,1901.9373999999964,68662.0,-0.0939977579044746,0.3929,0.3929,2.55,188062.96209353112,1.0,1.001895,1.001895,188142.8154251255,-1768.5002815797193,15752.0,-966.0,39.6829,-6188.960799999959,-30593.939999999973,-16718.0,15045036.967482489,15045036.967482489
2024-02-27,9.024622055922462,0.006239000000000001,0.006239000000000001,160.28,187887.4067086061,1.0,0.9999869200000001,0.9999869200000001,188065.42198925072,169721.93552405573,28846.0,92702.0,0.630139,-179.97019399999985,306.5088000000017,63856.0,3.4309184356156845,0.3926,0.3926,2.55,187887.4067086061,1.0,1.0011299999999999,1.0011299999999999,187850.69081291257,64450.039825316366,36169.0,35203.0,39.6526,-14199.949400000058,28.980000000001098,-966.0,15030992.536688488,15030992.536688488
2024-02-28,10.646631345869832,0.006287000000000001,0.006287000000000001,159.06,188298.9880303686,1.0,1.00001022,1.00001022,187885.48651893387,200034.75102064852,16557.0,109259.0,0.6349870000000001,-104.0938590000007,444.96960000000246,92702.0,4.658968175464889,0.4033,0.4033,2.48,188298.9880303686,1.0,1.000184,1.000184,187852.84178571755,87520.04115502989,12600.0,47803.0,40.7333,-5081.58000000002,37667.21000000001,35203.0,15063919.042429488,15063919.042429488
2024-02-29,11.662617097375854,0.006547,0.006547,152.74,188605.65261565612,1.0,0.99998878,0.99998878,188301.10076871922,219608.36372799583,10691.0,119950.0,0.6612469999999999,-69.99397699999967,2840.7339999999904,109259.0,6.741572893949892,0.4097,0.4097,2.44,188605.65261565612,1.0,0.999668,0.999668,188361.52405635532,126985.29448414154,21556.0,69359.0,41.3797,-8831.493200000019,30593.920000000027,47803.0,15088452.209252488,15088452.209252488
2024-03-01,14.404461246917885,0.007195,0.007195,138.99,190078.96348153113,1.0,1.00003305,1.00003305,188599.41940484478,271667.30280082993,28434.0,148384.0,0.726695,-204.58262999999863,7772.760000000009,119950.0,8.452032564250139,0.4267,0.4267,2.34,190078.96348153113,1.0,0.998478,0.998478,188893.14798689217,159653.1037948933,17843.0,87202.0,43.096700000000006,-7613.608100000069,117910.30000000019,69359.0,15206317.078522488,15206317.078522488
2024-03-02,16.619407806967722,0.007416000000000001,0.007416000000000001,134.84,191779.06824728113,1.0,0.9999734400000001,0.9999734400000001,190084.01211289281,315908.3714888758,24165.0,172549.0,0.749016,-179.2076399999995,3279.2864000000013,148384.0,11.326904232701477,0.4435,0.4435,2.25,191779.06824728113,1.0,0.9978750000000001,0.9978750000000001,190483.74143207428,215759.10970877757,30645.0,117847.0,44.7935,-13591.057500000006,146499.36,87202.0,15342325.459782489,15342325.459782489
2024-03-03,18.7595309847592,0.007279,0.007279,137.38,188970.1814050061,1.0,0.9999890199999999,0.9999890199999999,191781.17400457172,359772.48760322586,23958.0,196507.0,0.735179,-174.39028200000084,-2363.9213000000077,172549.0,14.30485550400054,0.4258,0.4258,2.35,188970.1814050061,1.0,1.0006300000000001,1.0006300000000001,191658.32350347392,274164.4623856185,31901.0,149748.0,43.0058,-13583.445800000076,-208589.19000000038,117847.0,15117614.512400487,15117614.512400487
2024-03-04,19.593645412263125,0.007701,0.007701,129.85,189865.6693183311,1.0,0.99997485,0.99997485,188974.93412459933,370270.7851043182,5734.0,202241.0,0.777801,-44.15753399999976,8292.595400000004,196507.0,11.919240849026044,0.4308,0.4308,2.32,189865.6693183311,1.0,0.999456,0.999456,189073.03713720874,225360.70676952368,-26656.0,123092.0,42.6492,-11483.404799999942,74874.0,149748.0,15189253.545466488,15189253.545466488
2024-03-05,20.07653225957999,0.006923,0.006923,144.45,184044.5850309811,1.0,1.0000273499999999,1.0000273499999999,189860.4766342952,381173.998396766,5956.0,208197.0,0.699223,-41.233388000000076,-15734.349799999996,202241.0,11.73441713654894,0.3943,0.3943,2.54,184044.5850309811,1.0,1.001522,1.001522,189577.1329220238,222457.71572580124,-1586.0,121506.0,39.0357,-625.3598000000019,-449285.7999999998,123092.0,14723566.802478489,14723566.802478489
2024-03-06,12.489680809521523,0.0073490000000000005,0.0073490000000000005,136.07,186981.19496275613,1.0,0.99997843,0.99997843,184048.55495831155,229870.7704882991,-82642.0,125555.0,0.727551,-607.3360580000041,8869.192199999994,208197.0,4.400993823084419,0.4156,0.4156,2.41,186981.19496275613,1.0,1.0015960000000002,1.0015960000000002,183751.31792756869,80868.8415182851,-77336.0,44170.0,41.144400000000005,-32140.841599999825,258807.78000000032,121506.0,14958495.597020488,14958495.597020488
2024-03-07,12.802122201365538,0.0074270000000000004,0.0074270000000000004,134.64,187853.60848444363,1.0,0.9999712799999999,0.9999712799999999,186986.56521690916,239382.4857920478,5195.0,130750.0,0.750127,-38.5832649999998,979.3290000000037,125555.0,5.127166602082309,0.43200000000000005,0.43200000000000005,2.31,187853.60848444363,1.0,0.9979200000000001,0.9979200000000001,187370.926489855,96068.19565000039,8302.0,52472.0,43.632000000000005,-3586.464000000018,72438.80000000003,44170.0,15028288.678755488,15028288.678755488
2024-03-08,13.41620469851552,0.007228,0.007228,138.35,187306.90095289363,1.0,0.9999937999999999,0.9999937999999999,187854.7731840374,252029.80906302496,6908.0,137658.0,0.730028,-49.931024000000086,-2601.925000000004,130750.0,7.440047364015621,0.4261,0.4261,2.35,187306.90095289363,1.0,1.001335,1.001335,187603.15826815562,139577.63831539967,23765.0,76237.0,43.0361,-10126.266499999956,-30958.480000000178,52472.0,14984552.076231489,14984552.076231489
2024-03-09,11.64305559660078,0.007416000000000001,0.007416000000000001,134.84,187626.2280475936,1.0,0.9999734400000001,0.9999734400000001,187311.875956319,218088.25856630114,-18539.0,119119.0,0.7341840000000001,-137.4852239999996,2587.970400000005,137658.0,7.329577669327176,0.4292,0.4292,2.33,187626.2280475936,1.0,1.0000360000000001,1.0000360000000001,187300.1581472003,137283.1056617168,-1253.0,74984.0,42.4908,-537.7876000000019,23633.470000000172,76237.0,15010098.243807489,15010098.243807489
2024-03-10,12.142790395788436,0.0071660000000000005,0.0071660000000000005,139.55,186758.16909609362,1.0,1.0000153,1.0000153,187623.35741022523,227827.1102386464,5320.0,124439.0,0.723766,-38.12312000000003,-2977.9750000000026,119119.0,7.599624676510473,0.4205,0.4205,2.38,186758.16909609362,1.0,1.0007899999999998,1.0007899999999998,187478.12033253093,142476.3349584902,2836.0,77820.0,42.470499999999994,-1192.5379999999914,-65236.080000000344,74984.0,14940653.527687488,14940653.527687488
2024-03-11,9.89704155681097,0.007754,0.007754,128.97,193606.03044679362,1.0,1.0000333799999999,1.0000333799999999,186751.93531649277,184829.16646422032,-23486.0,100953.0,0.7676459999999999,-182.1104440000009,7317.013199999996,124439.0,6.208209283658336,0.49090000000000006,0.49090000000000006,2.04,193606.03044679362,1.0,1.0014360000000002,1.0014360000000002,186490.3689263154,115777.12396812192,-14583.0,63237.0,48.5991,-7158.79470000005,547852.8000000005,77820.0,15488482.435743488,15488482.435743488
2024-03-12,12.296170644410443,0.007481,0.007481,133.67,198272.0845940686,1.0,0.9999852699999999,0.9999852699999999,193608.88230563,238064.7855103604,29078.0,130031.0,0.755581,-217.53251799999884,-2756.016899999999,100953.0,10.708409361949489,0.5548,0.5548,1.8,198272.0845940686,1.0,0.99864,0.99864,193869.69322958586,207603.60379779726,50156.0,113393.0,56.0348,-27826.548800000008,404084.4299999996,63237.0,15861766.767525489,15861766.767525489
2024-03-13,11.020807392425224,0.007638000000000001,0.007638000000000001,130.92,197035.2227767186,1.0,0.99996696,0.99996696,198278.6357201928,218519.06543050887,-10676.0,119355.0,0.756162,-81.54328800000036,2041.486700000006,130031.0,14.328933250746058,0.5479,0.5479,1.83,197035.2227767186,1.0,1.0026570000000001,1.0026570000000001,197746.67168739517,283349.8859165881,41372.0,154765.0,55.3379,-22667.718799999937,-78241.16999999974,113393.0,15762817.822137488,15762817.822137488
2024-03-14,11.531271025101008,0.007509,0.007509,133.17,195252.64288631862,1.0,0.9999735299999999,0.9999735299999999,197040.43843712407,227212.66985232075,4748.0,124103.0,0.758409,-35.65273199999994,-1539.6795000000027,119355.0,16.24876012352986,0.5395000000000001,0.5395000000000001,1.85,195252.64288631862,1.0,0.9980750000000003,0.9980750000000003,197415.24712743887,320775.2995301121,20442.0,175207.0,54.48950000000001,-11028.459000000079,-130002.59999999942,154765.0,15620211.43090549,15620211.43090549
2024-03-15,10.481328508496103,0.007274000000000001,0.007274000000000001,137.48,204832.27461851863,1.0,1.00002952,1.00002952,195246.8791984447,204644.66811375532,-12326.0,111777.0,0.720126,-89.65932400000003,-2916.4204999999956,124103.0,16.922077925541547,0.5836,0.5836,1.71,204832.27461851863,1.0,0.997956,0.997956,195652.55671223844,331084.7811015936,5631.0,180838.0,58.943599999999996,-3286.2515999999832,772662.8699999994,175207.0,16386581.969481489,16386581.969481489
2024-03-16,7.944664257235335,0.0065910000000000005,0.0065910000000000005,151.72,193487.86471011862,1.0,0.9999865200000001,0.9999865200000001,204835.0357948011,162734.55875084767,-22892.0,88885.0,0.652509,-150.8811720000003,-7634.369100000003,111777.0,17.83174877059366,0.5344,0.5344,1.87,193487.86471011862,1.0,0.999328,0.999328,204970.01446824128,365497.38035026257,18796.0,199634.0,53.974399999999996,-10044.582399999963,-889722.9600000003,180838.0,15479029.176809488,15479029.176809488
2024-03-17,1.3684363655368623,0.006814000000000001,0.006814000000000001,146.76,205613.7564998436,1.0,1.00002264,1.00002264,193483.48424403532,26476.98359703165,-74423.0,14462.0,0.674586,-507.118321999999,1982.1354999999987,88885.0,13.772237849380064,0.5845,0.5845,1.71,205613.7564998436,1.0,0.999495,0.999495,193585.62545097136,266610.72779317806,-54012.0,145622.0,57.865500000000004,-31570.013999999916,1000166.340000001,199634.0,16449100.519987488,16449100.519987488
2024-03-18,0.921853505897154,0.006603,0.006603,151.45,209447.3750132561,1.0,1.00002435,1.00002435,205608.7499267829,18954.114696313605,-4109.0,10353.0,0.653697,-27.131727000000105,-305.1482000000001,14462.0,14.93680035144526,0.6065,0.6065,1.65,209447.3750132561,1.0,1.000725,1.000725,205464.79452381382,306898.66150529304,22006.0,167628.0,61.2565,-13346.639000000088,320368.3999999994,145622.0,16755790.001060488,16755790.001060488
2024-03-19,-0.702327654753227,0.005864,0.005864,170.53,194559.40557910613,1.0,0.99998792,0.99998792,209449.90516811053,-14710.246068500486,-18388.0,-8035.0,0.580536,-107.82723199999964,-765.0866999999996,10353.0,16.797779655599598,0.5363,0.5363,1.86,194559.40557910613,1.0,0.997518,0.997518,209968.51687213272,352700.4881031132,25016.0,192644.0,54.1663,-13416.080799999927,-1176748.5599999994,167628.0,15564752.44632849,15564752.44632849
2024-03-20,-5.737986138963095,0.006396,0.006396,156.35,202209.83329365612,1.0,1.0000145999999999,1.0000145999999999,194556.56505325637,-111636.28735198567,-52941.0,-60976.0,0.633204,-338.6106359999977,-427.4619999999993,-8035.0,10.202463550922062,0.5706,0.5706,1.75,202209.83329365612,1.0,0.99855,0.99855,194841.92637234603,198786.76520053003,-84067.0,108577.0,56.4894,-47968.630199999905,660768.9199999999,192644.0,16176786.66349249,16176786.66349249
2024-03-21,-3.686004078876762,0.006318000000000001,0.006318000000000001,158.28,197775.52277880613,1.0,1.00001304,1.00001304,202207.1965118136,-74533.65511207799,20266.0,-40710.0,0.6381180000000001,-128.04058800000092,475.612799999995,-60976.0,10.397258744103864,0.5382,0.5382,1.86,197775.52277880613,1.0,1.001052,1.001052,201997.3321002866,210021.8527465357,6137.0,114714.0,54.358200000000004,-3302.9334000000204,-351789.4800000002,108577.0,15822041.82230449,15822041.82230449
2024-03-22,-3.3855639197381926,0.0061470000000000006,0.0061470000000000006,162.68,197044.21300456862,1.0,0.9999939600000002,0.9999939600000002,197776.7173501789,-66958.57184250242,4137.0,-36573.0,0.620847,-25.430139000000057,696.1410000000002,-40710.0,7.914322892380405,0.5344,0.5344,1.87,197044.21300456862,1.0,0.999328,0.999328,197908.51730243338,156631.1909083712,-29162.0,85552.0,52.9056,-15584.172799999942,-43591.32000000029,114714.0,15763537.04036549,15763537.04036549
2024-03-23,-4.1872021717389085,0.006232,0.006232,160.46,196959.58813401862,1.0,0.99998672,0.99998672,197046.82978646818,-82507.49136161666,-8492.0,-45065.0,0.616968,-52.92214400000013,-310.87049999999823,-36573.0,6.683471163335477,0.5345000000000001,0.5345000000000001,1.87,196959.58813401862,1.0,0.9995150000000003,0.9995150000000003,197139.82582009133,131757.8341013559,-13586.0,71966.0,52.9155,-7261.717000000018,855.5200000004377,85552.0,15756767.050721489,15756767.050721489
2024-03-24,-3.7302733308078233,0.006468000000000001,0.006468000000000001,154.61,198907.9181734186,1.0,1.0000174800000001,1.0000174800000001,196956.14534059804,-73470.02563027423,4936.0,-40129.0,0.6532680000000001,-31.926048000000144,-1063.5340000000028,-45065.0,6.115190839544598,0.5568,0.5568,1.8,198907.9181734186,1.0,1.00224,1.00224,196519.38471226316,120175.35411853725,-6326.0,65640.0,55.1232,-3522.3168000000164,160484.1799999998,71966.0,15912633.453873489,15912633.453873489
2024-03-25,-1.767123121626816,0.006567,0.006567,152.28,200508.41131620613,1.0,1.00002276,1.00002276,198903.39113223643,-35148.67814397572,20931.0,-19198.0,0.6632669999999999,-137.45387699999978,-397.2770999999963,-40129.0,7.304338073710083,0.5776,0.5776,1.73,200508.41131620613,1.0,0.999248,0.999248,199057.60949575942,145398.40759015892,13776.0,79416.0,58.3376,-7957.017600000054,136531.1999999999,65640.0,16040672.90529649,16040672.90529649
2024-03-26,-0.2697250865732777,0.0066500000000000005,0.0066500000000000005,150.38,198401.14003370612,1.0,1.000027,1.000027,200502.99773526727,-5408.068842234667,16244.0,-2954.0,0.6716500000000001,-108.02260000000072,-159.34340000000162,-19198.0,9.049730228714486,0.5578000000000001,0.5578000000000001,1.79,198401.14003370612,1.0,0.9984620000000002,0.9984620000000002,200817.26827481276,181734.21031544395,19847.0,99263.0,56.3378,-11070.656600000006,-157243.67999999976,79416.0,15872091.20269649,15872091.20269649
2024-03-27,0.9337203725712466,0.006478,0.006478,154.37,196231.19577600612,1.0,1.00000886,1.00000886,198399.38221517968,18524.954507986273,13072.0,10118.0,0.654278,-84.68041599999978,50.80879999999998,-2954.0,8.00684480419193,0.541,0.541,1.85,196231.19577600612,1.0,1.00085,1.00085,198232.64228776153,158721.80019230008,-12569.0,86694.0,53.559,-6799.82900000005,-166761.83999999997,99263.0,15698495.66208049,15698495.66208049
2024-03-28,0.1537124467399294,0.006511,0.006511,153.59,196668.68280249363,1.0,1.0000244900000002,1.0000244900000002,196226.3901917103,3016.243855131187,-8471.0,1647.0,0.644589,-55.15468100000038,33.38939999999969,10118.0,6.2206786119941775,0.5463,0.5463,1.83,196668.68280249363,1.0,0.9997290000000001,0.9997290000000001,196284.3888453832,122102.20995588237,-20002.0,66692.0,54.0837,-10927.092600000045,45947.8200000001,86694.0,15733494.62419949,15733494.62419949
2024-03-29,0.1534465311577618,0.0066430000000000005,0.0066430000000000005,150.53,195562.3175719561,1.0,0.9999707900000001,0.9999707900000001,196674.42766252562,3017.900869225271,1.0,1648.0,0.670943,-0.0066429999999999545,21.740399999999983,1647.0,5.904218223614469,0.5333,0.5333,1.88,195562.3175719561,1.0,1.0026039999999998,1.0026039999999998,196157.88766301915,115815.89750457175,-3434.0,63258.0,52.7967,-1831.3521999999898,-86699.60000000028,66692.0,15644985.405756488,15644985.405756488
2024-03-30,1.1769599400468165,0.006436,0.006436,155.38,195155.2376153561,1.0,1.00002568,1.00002568,195557.29566060353,23016.31029764215,10923.0,12571.0,0.650036,-70.30042799999997,-34.11360000000008,1648.0,4.657666759810316,0.5293,0.5293,1.89,195155.2376153561,1.0,1.0003769999999998,1.0003769999999998,195488.61836283334,91052.08396698134,-13525.0,49733.0,52.4007,-7158.782499999989,-25303.19999999991,63258.0,15612419.009228488,15612419.009228488
2024-03-31,-0.0620759269319752,0.006501,0.006501,153.82,195798.5138899436,1.0,0.99998382,0.99998382,195158.39527819172,-1211.4638285450562,-13233.0,-662.0,0.643599,-86.02773299999973,81.71150000000077,12571.0,3.8449148387790912,0.5406000000000001,0.5406000000000001,1.85,195798.5138899436,1.0,1.0001100000000003,1.0001100000000003,195133.772900337,75027.2738971455,-8753.0,40980.0,53.519400000000005,-4731.87179999998,56198.290000000125,49733.0,15663881.111195488,15663881.111195488
2024-04-01,0.0303345565067049,0.006212,0.006212,160.98,194384.92872704362,1.0,1.00000776,1.00000776,195796.99450526625,593.9414993662988,986.0,324.0,0.627412,-6.125031999999996,19.131800000000023,-662.0,4.436103598820999,0.5138,0.5138,1.95,194384.92872704362,1.0,1.00191,1.00191,195425.25165927436,86692.66621862064,6371.0,47351.0,51.893800000000006,-3273.4198000000215,-109826.4,40980.0,15550794.298163489,15550794.298163489
2024-04-02,-2.1950862290199704,0.005807,0.005807,172.21,191573.36455450612,1.0,1.00002347,1.00002347,194380.36661983907,-42668.16659590619,-23629.0,-23305.0,0.574893,-137.21360300000015,-13.121999999999993,324.0,2.295147836038671,0.4686,0.4686,2.13,191573.36455450612,1.0,0.998118,0.998118,194751.4509577461,44698.33712310623,-22937.0,24414.0,46.3914,-10748.278200000048,-214026.52000000014,47351.0,15325869.164360488,15325869.164360488
2024-04-03,-5.878664868117051,0.005693,0.005693,175.65,191013.8325602936,1.0,0.9999754500000001,0.9999754500000001,191578.06779607048,-112622.32566545061,-38209.0,-61514.0,0.563607,-217.52383700000226,265.6769999999992,-23305.0,-2.0679024222051825,0.45890000000000003,0.45890000000000003,2.18,191013.8325602936,1.0,1.0004020000000002,1.0004020000000002,191496.38300853665,-39599.583426688434,-46043.0,-21629.0,45.4311,-21129.132699999995,-23681.579999999973,24414.0,15281106.604823489,15281106.604823489
2024-04-04,-7.969244080853146,0.005830999999999999,0.005830999999999999,171.5,190704.98347405612,1.0,1.0000164999999999,1.0000164999999999,191010.68088405905,-152221.07380150168,-21629.0,-83143.0,0.5772689999999999,-126.11869900000066,-848.8931999999953,-61514.0,-4.24440482978798,0.465,0.465,2.15,190704.98347405612,1.0,0.99975,0.99975,191061.59795978354,-81094.27691675145,-22665.0,-44294.0,46.035,-10539.225000000077,-13193.689999999988,-21629.0,15256398.67792449,15256398.67792449
2024-04-05,-7.365510615772861,0.0057410000000000004,0.0057410000000000004,174.19,191372.13658425614,1.0,1.00002479,1.00002479,190700.2560147095,-140460.47601069452,6424.0,-76719.0,0.579841,-36.88018399999997,748.2869999999914,-83143.0,-4.361524292205336,0.45299999999999996,0.45299999999999996,2.21,191372.13658425614,1.0,1.0011299999999999,1.0011299999999999,190489.7300790668,-83082.55851554874,-1086.0,-45380.0,44.846999999999994,-491.9580000000032,53152.80000000013,-44294.0,15309770.92674049,15309770.92674049
2024-04-06,-7.670902261208861,0.005836,0.005836,171.35,189669.93620090614,1.0,0.9999986,0.9999986,191372.40450562246,-146799.9010455156,-3463.0,-80182.0,0.577764,-20.210067999999836,-728.8304999999964,-76719.0,-5.203122245863259,0.4819,0.4819,2.08,189669.93620090614,1.0,1.0023520000000001,1.0023520000000001,190923.08548719023,-99339.61533472521,-8879.0,-54259.0,47.708099999999995,-4278.790100000027,-131148.2,-45380.0,15173594.89607249,15173594.89607249
2024-04-07,-6.735146294078179,0.005892,0.005892,169.72,188735.66876535615,1.0,0.9999902399999999,0.9999902399999999,189671.78739755115,-127746.72359818008,10407.0,-69775.0,0.595092,-61.318044000000086,-449.01919999999507,-80182.0,-2.7124292396314877,0.4932,0.4932,2.03,188735.66876535615,1.0,1.001196,1.001196,189443.36194002588,-51385.17141802171,26193.0,-28066.0,49.8132,-12918.387600000044,-61312.67000000014,-54259.0,15098853.50122849,15098853.50122849
2024-04-08,-5.706104365136231,0.006137,0.006137,162.95,188396.64076038112,1.0,1.00002415,1.00002415,188731.1109090277,-107691.9415795013,10954.0,-58821.0,0.6198370000000001,-67.22469800000064,-1709.4875000000054,-69775.0,-0.741680571196255,0.4986,0.4986,2.01,188396.64076038112,1.0,1.0021859999999998,1.0021859999999998,188323.99251771247,-13967.624634049624,20437.0,-7629.0,50.3586,-10189.888200000067,-15155.639999999976,-28066.0,15071731.26083049,15071731.26083049
2024-04-09,-2.9061925624872416,0.005912,0.005912,169.15,188657.11043548113,1.0,1.0000148,1.0000148,188393.85253136366,-54750.881304496725,28916.0,-29905.0,0.597112,-170.95139200000082,1323.4725000000044,-58821.0,0.5499383476417753,0.4647,0.4647,2.15,188657.11043548113,1.0,0.9991049999999999,0.9991049999999999,188565.40679946667,10369.934823769789,13293.0,5664.0,46.9347,-6177.257100000007,25862.310000000005,-7629.0,15092568.83483849,15092568.83483849
2024-04-10,-3.7574243732643264,0.005862000000000001,0.005862000000000001,170.59,188569.26748790612,1.0,0.9999985800000002,0.9999985800000002,188657.37832895832,-70886.58315293772,-8813.0,-38718.0,0.580338,-51.6618060000003,149.52499999999682,-29905.0,-1.8730682980540871,0.473,0.473,2.11,188569.26748790612,1.0,0.9980299999999999,0.9980299999999999,189029.49854761997,-35406.51611266081,-25003.0,-19339.0,46.827,-11826.418999999974,4701.11999999999,5664.0,15085541.399032488,15085541.399032488
2024-04-11,-4.421195572432408,0.005858,0.005858,170.71,188878.76151110613,1.0,1.00001918,1.00001918,188565.6507987238,-83368.56204241533,-6818.0,-45536.0,0.579942,-39.93984400000021,15.487200000002593,-38718.0,-1.9090840172112464,0.4601,0.4601,2.17,188878.76151110613,1.0,0.998417,0.998417,188868.24592119938,-36056.53496468849,-355.0,-19694.0,45.5499,-163.33549999999894,24947.309999999983,-19339.0,15110300.92088849,15110300.92088849
2024-04-12,-4.589540841974077,0.005027,0.005027,198.93,190513.62661239362,1.0,1.00002111,1.00002111,188874.77436461928,-86684.84909650586,-1811.0,-47347.0,0.49767300000000003,-9.103897000000007,3784.0415999999977,-45536.0,-2.9772329820715,0.3934,0.3934,2.54,190513.62661239362,1.0,0.9992360000000001,0.9992360000000001,189023.17521697187,-56276.603163184875,-11044.0,-30738.0,38.946600000000004,-4344.709599999997,131358.9799999999,-19694.0,15241090.128991488,15241090.128991488
2024-04-13,-9.59756209097006,0.004449000000000001,0.004449000000000001,224.77,192423.01847205614,1.0,1.0000017300000001,1.0000017300000001,190513.29702438973,-182846.3197347002,-52523.0,-99870.0,0.44045100000000004,-233.674826999999,2736.6566000000007,-47347.0,-7.850176959818103,0.33890000000000003,0.33890000000000003,2.95,192423.01847205614,1.0,0.9997550000000002,0.9997550000000002,190560.31388929646,-149593.21855494607,-50970.0,-81708.0,33.5511,-17273.733000000124,167522.1000000001,-30738.0,15393841.47776449,15393841.47776449
2024-04-14,-13.635574731133891,0.004673,0.004673,214.0,188749.12217988112,1.0,1.000022,1.000022,192418.78525878044,-262374.0726070105,-43438.0,-143308.0,0.462627,-202.98577399999925,-2237.0879999999975,-99870.0,-11.6662449940927,0.37270000000000003,0.37270000000000003,2.68,188749.12217988112,1.0,0.9988360000000002,0.9988360000000002,192647.25988255942,-224747.01312305842,-41048.0,-122756.0,36.8973,-15298.589600000074,-276173.0400000002,-81708.0,15099929.774390489,15099929.774390489
2024-04-15,-14.492912507017705,0.00461,0.00461,216.92,191975.30885163113,1.0,1.0000012,1.0000012,188748.89568120628,-273552.1230903935,-6106.0,-149414.0,0.45639,-28.148660000000017,902.8403999999961,-143308.0,-11.395324249223751,0.35159999999999997,0.35159999999999997,2.84,191975.30885163113,1.0,0.9985439999999999,0.9985439999999999,189024.34162128172,-215399.36637705463,5105.0,-117651.0,35.511599999999994,-1794.9179999999883,259015.1600000008,-122756.0,15358024.70813049,15358024.70813049
2024-04-16,-14.637900164516145,0.004583,0.004583,218.2,192525.46207943113,1.0,1.0000106,1.0000106,191973.27393492742,-281008.5618114777,-4072.0,-153486.0,0.453717,-18.661976000000017,403.41780000000534,-149414.0,-12.17531327880554,0.34759999999999996,0.34759999999999996,2.88,192525.46207943113,1.0,1.0010879999999998,1.0010879999999998,191766.66671824173,-233481.9243726885,-9876.0,-127527.0,34.4124,-3432.8975999999993,47060.399999999834,-117651.0,15402036.96635449,15402036.96635449
2024-04-17,-14.51110771709647,0.00444,0.00444,225.23,194419.67113693114,1.0,1.0000212,1.0000212,192521.38062616187,-279369.84921103646,895.0,-152591.0,0.44844,-3.9737999999999998,2194.849799999997,-153486.0,-12.457534959092534,0.3358,0.3358,2.98,194419.67113693114,1.0,1.000684,1.000684,192393.86467599278,-239675.3295116098,-3383.0,-130910.0,33.2442,-1136.0113999999967,150481.85999999996,-127527.0,15553573.69095449,15553573.69095449
2024-04-18,-15.067911238244578,0.00458,0.00458,218.34,192281.1521564311,1.0,0.9999972,0.9999972,194420.21551353458,-292950.655027832,-7418.0,-160009.0,0.45342,-33.974440000000214,-2136.2740000000017,-152591.0,-13.047815221365706,0.34850000000000003,0.34850000000000003,2.87,192281.1521564311,1.0,1.0001950000000002,1.0001950000000002,194381.76669242608,-253625.73742053946,-7620.0,-138530.0,34.5015,-2655.5700000000106,-166255.70000000042,-130910.0,15382492.172514489,15382492.172514489
2024-04-19,-13.744899151032882,0.004682,0.004682,213.58,192511.6523856311,1.0,0.9999815600000002,0.9999815600000002,192284.6978862601,-264293.3780733471,15652.0,-144357.0,0.472882,-73.28266400000031,-1632.0917999999979,-160009.0,-11.856964136469184,0.3467,0.3467,2.88,192511.6523856311,1.0,0.9984959999999999,0.9984959999999999,192570.77860745674,-228330.48156805616,13816.0,-124714.0,35.0167,-4790.007199999978,24935.39999999996,-138530.0,15400932.190850489,15400932.190850489
2024-04-20,-12.099301467557332,0.005072,0.005072,197.16,186735.58387843112,1.0,0.99999552,0.99999552,192512.5148416976,-232926.69533473044,17133.0,-127224.0,0.512272,-86.89857599999941,-5629.922999999997,-144357.0,-11.261178207696418,0.38310000000000005,0.38310000000000005,2.61,186735.58387843112,1.0,0.9998910000000001,0.9998910000000001,192532.6384432214,-216814.43523070985,6290.0,-118424.0,38.6931,-2409.698999999993,-453958.9600000001,-124714.0,14938846.71027449,14938846.71027449
2024-04-21,-7.660217757159621,0.004993,0.004993,200.28,188261.68618165614,1.0,0.99999804,0.99999804,186735.94988089288,-143043.80391776847,49094.0,-78130.0,0.504293,-245.12634199999852,1005.0695999999953,-127224.0,-7.371723228456254,0.3715,0.3715,2.69,188261.68618165614,1.0,0.999335,0.999335,186859.84567580553,-137747.90648340865,43186.0,-75238.0,37.521499999999996,-16043.598999999893,137371.84000000043,-118424.0,15060934.89453249,15060934.89453249
2024-04-22,-6.685657076872993,0.005167000000000001,0.005167000000000001,193.54,186302.03810880613,1.0,1.00002118,1.00002118,188257.69888359378,-125862.64168169237,9384.0,-68746.0,0.5218670000000001,-48.487128000000304,-1359.462000000002,-78130.0,-6.84625863160246,0.39189999999999997,0.39189999999999997,2.55,186302.03810880613,1.0,0.9993449999999998,0.9993449999999998,188385.07840801342,-128973.29691159682,4793.0,-70445.0,39.5819,-1878.3766999999984,-153485.51999999993,-75238.0,14904163.04870449,14904163.04870449
2024-04-23,-4.729316994942033,0.005,0.005,200.0,186992.20217380614,1.0,1.0,1.0,186302.03810880613,-88108.13950203151,20621.0,-48125.0,0.505,-103.10500000000009,1148.0582000000034,-68746.0,-4.732895990278657,0.383,0.383,2.61,186992.20217380614,1.0,0.99963,0.99963,186370.99537709565,-88207.45367244982,22266.0,-48179.0,38.683,-8527.878000000059,62696.05000000004,-70445.0,14959376.17390449,14959376.17390449
2024-04-24,-5.284612175199549,0.004746,0.004746,210.7,188164.92057380613,1.0,0.9999822,0.9999822,186995.5306942525,-98819.88582147477,-5850.0,-53975.0,0.469854,-27.764100000000163,1222.3749999999989,-48125.0,-4.620399725407061,0.36369999999999997,0.36369999999999997,2.75,188164.92057380613,1.0,1.0001749999999998,1.0001749999999998,186959.48426405998,-86382.75497559084,997.0,-47182.0,36.7337,-362.6089000000015,92985.46999999999,-48179.0,15053193.645904489,15053193.645904489
2024-04-25,-7.377090473881971,0.004705,0.004705,212.54,188559.89114611864,1.0,1.0000007,1.0000007,188164.78885845395,-138810.8671407713,-21843.0,-75818.0,0.46579499999999996,-102.77131500000033,221.2975000000026,-53975.0,-6.046456291284906,0.35590000000000005,0.35590000000000005,2.81,188559.89114611864,1.0,1.0000790000000002,1.0000790000000002,188150.05671932528,-113764.10941561761,-14956.0,-62138.0,35.234100000000005,-5322.840399999975,36801.959999999715,-47182.0,15084791.291689489,15084791.291689489
2024-04-26,-8.410019248767986,0.004631000000000001,0.004631000000000001,215.94,189426.76495266863,1.0,1.00001814,1.00001814,188556.47073173954,-158576.35483336868,-10796.0,-86614.0,0.458469,-49.99627599999996,561.0531999999971,-75818.0,-7.1345131371653245,0.3442,0.3442,2.91,189426.76495266863,1.0,1.001622,1.001622,188254.54227854282,-134310.45050173087,-11222.0,-73360.0,34.0758,-3862.612400000008,72701.46000000011,-62138.0,15154141.19621349,15154141.19621349
2024-04-27,-9.272124571826076,0.004675,0.004675,213.9,189317.49006673112,1.0,0.9999825000000001,0.9999825000000001,189430.07997906825,-175641.92992168973,-9321.0,-95935.0,0.46282500000000004,-43.575674999999855,-381.1016000000013,-86614.0,-8.39091014415699,0.3447,0.3447,2.9,189317.49006673112,1.0,0.99963,0.99963,189496.87879782383,-159005.12825907476,-13488.0,-86848.0,34.125299999999996,-4649.313600000042,-3667.9999999997917,-73360.0,15145399.20533849,15145399.20533849
2024-04-28,-9.033447039424544,0.004603,0.004603,217.25,189879.77546579362,1.0,1.00000175,1.00000175,189317.1587617033,-171018.6527328175,2525.0,-93410.0,0.464903,-11.62257500000006,690.7320000000038,-95935.0,-8.656237167765056,0.3395,0.3395,2.95,189879.77546579362,1.0,1.0015250000000002,1.0015250000000002,189029.22050546025,-163628.17643330217,-2525.0,-89373.0,33.6105,-857.2375000000026,45160.95999999966,-86848.0,15190382.037263488,15190382.037263488
2024-04-29,-9.421080674547172,0.004571,0.004571,218.77,188376.90279381862,1.0,0.9999976700000002,0.9999976700000002,189880.21788670126,-178887.68512112074,-4298.0,-97708.0,0.452529,-19.646157999999964,298.9119999999982,-93410.0,-9.05215470089894,0.3528,0.3528,2.83,188376.90279381862,1.0,0.998424,0.998424,190179.49835520142,-172153.4240050639,-4657.0,-94030.0,34.9272,-1642.9896000000094,-118866.08999999985,-89373.0,15070152.223505488,15070152.223505488
2024-04-30,-9.68801895247011,0.004412,0.004412,226.65,191354.81897506863,1.0,0.9999798000000001,0.9999798000000001,188380.7080841219,-182503.58701987122,-1975.0,-99683.0,0.43678799999999995,-8.713700000000053,1553.5572000000025,-97708.0,-7.669599756408371,0.3271,0.3271,3.06,191354.81897506863,1.0,1.000926,1.000926,188202.62716106747,-144343.88234299386,15190.0,-78840.0,33.0371,-4968.649000000023,241657.10000000003,-94030.0,15308385.518005488,15308385.518005488
2024-05-01,-10.99327031692217,0.004501,0.004501,222.17,190658.91200109362,1.0,0.9999871699999999,0.9999871699999999,191357.2740888952,-210364.22411685917,-15218.0,-114901.0,0.445599,-68.49621799999966,-887.1787000000019,-99683.0,-9.217604557390652,0.3333,0.3333,3.0,190658.91200109362,1.0,0.9999,0.9999,191373.9563707057,-176400.9452408497,-17510.0,-96350.0,32.9967,-5836.083000000022,-48880.7999999998,-78840.0,15252712.96008749,15252712.96008749
2024-05-02,-10.388456705807284,0.004578,0.004578,218.44,190337.88293534363,1.0,1.00001832,1.00001832,190655.419193814,-198061.5568022476,6720.0,-108181.0,0.462378,-30.764160000000178,-884.7376999999982,-114901.0,-9.064119783244845,0.3358,0.3358,2.98,190337.88293534363,1.0,1.000684,1.000684,190528.59044522909,-172697.39659283558,2023.0,-94327.0,33.9158,-679.323399999998,-24087.5,-96350.0,15227030.634827489,15227030.634827489
2024-05-03,-9.187233162394964,0.004673,0.004673,214.0,187990.9967743061,1.0,1.000022,1.000022,190333.69559404056,-174864.00400827575,12671.0,-95510.0,0.471973,-59.211582999999784,-1027.7195000000008,-108181.0,-8.579258371626045,0.3554,0.3554,2.81,187990.9967743061,1.0,0.998674,0.998674,190590.6060790044,-163512.60527565802,5017.0,-89310.0,35.8954,-1783.0418000000152,-184880.92000000007,-94327.0,15039279.741944488,15039279.741944488
2024-05-04,-7.577445028431205,0.004633,0.004633,215.84,185837.5316993186,1.0,0.99998672,0.99998672,187993.4933278975,-142451.0361394892,17703.0,-77807.0,0.467933,-82.01799899999997,382.04000000000036,-95510.0,-6.090074900054932,0.3736,0.3736,2.68,185837.5316993186,1.0,1.001248,1.001248,187756.67644210637,-114345.22225178072,26855.0,-62455.0,37.7336,-10033.028000000088,-162544.2,-89310.0,14867002.535945488,14867002.535945488
2024-05-05,-7.287383835943698,0.00458,0.00458,218.34,185710.4912448186,1.0,0.9999972,0.9999972,185838.05204586434,-135427.32165822954,3837.0,-73970.0,0.46258000000000005,-17.57346000000011,412.37709999999777,-77807.0,-3.206470905316782,0.3735,0.3735,2.68,185710.4912448186,1.0,1.00098,1.00098,185655.58922188118,-59529.924524940594,29940.0,-32515.0,37.7235,-11182.589999999998,624.5499999998757,-62455.0,14856839.299585488,14856839.299585488
2024-05-06,-7.622378487625149,0.004541,0.004541,220.22,185762.6805374936,1.0,1.0000190199999999,1.0000190199999999,185706.95909845657,-141552.87300343587,-3346.0,-77316.0,0.449559,-15.194186000000057,288.4830000000011,-73970.0,-2.16522435360126,0.3711,0.3711,2.69,185762.6805374936,1.0,0.9982589999999999,0.9982589999999999,186034.37709534162,-40280.61638938742,10514.0,-22001.0,37.4811,-3901.7453999999834,7803.600000000065,-32515.0,14861014.442999488,14861014.442999488
2024-05-07,-8.054879655578997,0.004414,0.004414,226.55,186263.6646141436,1.0,0.9999917000000001,0.9999917000000001,185764.22238053934,-149630.8455587459,-4412.0,-81728.0,0.436986,-19.47456800000013,981.9131999999992,-77316.0,-2.031349702247718,0.3531,0.3531,2.83,186263.6646141436,1.0,0.9992730000000001,0.9992730000000001,185897.82825863763,-37762.34980816809,1375.0,-20626.0,35.6631,-485.5124999999969,39601.79999999994,-22001.0,14901093.169131488,14901093.169131488
2024-05-08,-9.42923865521516,0.004518,0.004518,221.34,186504.9702726686,1.0,1.0000141200000001,1.0000141200000001,186261.0346083349,-175629.97474892804,-14201.0,-95929.0,0.44728199999999996,-64.16011800000031,-849.9711999999971,-81728.0,-3.874020231423573,0.34020000000000006,0.34020000000000006,2.94,186504.9702726686,1.0,1.000188,1.000188,186228.65362726166,-72145.35718227846,-18780.0,-39406.0,33.6798,-6388.956000000056,26607.539999999983,-20626.0,14920397.621813487,14920397.621813487
2024-05-09,-8.545179225316943,0.004635,0.004635,215.75,185883.00484641863,1.0,1.00000125,1.00000125,186504.7371417472,-159371.64052468556,8880.0,-87049.0,0.468135,-41.1588,-1122.3693000000042,-95929.0,-5.885537409827983,0.3507,0.3507,2.85,185883.00484641863,1.0,0.999495,0.999495,186599.20287011802,-109823.65891361609,-20580.0,-59986.0,34.7193,-7217.406000000069,-41376.29999999989,-39406.0,14870640.387713488,14870640.387713488
2024-05-10,-6.67344562559684,0.004479,0.004479,223.26,186894.3647520811,1.0,0.9999815400000001,0.9999815400000001,185886.4363100329,-124050.30252509748,19293.0,-67756.0,0.45237900000000003,-86.4133470000002,1357.9644000000003,-87049.0,-5.346662132845653,0.3371,0.3371,2.97,186894.3647520811,1.0,1.001187,1.001187,185662.6233125466,-99267.53175499795,5766.0,-54220.0,34.0471,-1943.7185999999972,81580.95999999996,-59986.0,14951549.180166489,14951549.180166489
2024-05-11,-7.654651093867361,0.00439,0.00439,227.79,186997.36869383111,1.0,0.9999980999999999,0.9999980999999999,186894.71985204885,-143061.38717535196,-10384.0,-78140.0,0.43461,-45.58576000000005,603.0284000000013,-67756.0,-6.562124016718633,0.33490000000000003,0.33490000000000003,2.99,186997.36869383111,1.0,1.001351,1.001351,186642.21112485143,-122476.93361558572,-12677.0,-66897.0,33.155100000000004,-4245.527299999969,11928.399999999938,-54220.0,14959789.495506488,14959789.495506488
2024-05-12,-8.960774167166347,0.004377,0.004377,228.47,187264.2758061561,1.0,1.00001319,1.00001319,186994.90223107068,-167561.9089303975,-13382.0,-91522.0,0.43332299999999996,-58.57301400000026,101.58200000000183,-78140.0,-7.1773702062123,0.33140000000000003,0.33140000000000003,3.02,187264.2758061561,1.0,1.000828,1.000828,186842.66296889287,-134103.8962442298,-6350.0,-73247.0,32.8086,-2104.3900000000135,23413.950000000095,-66897.0,14981142.064492488,14981142.064492488
2024-05-13,-9.473910457160535,0.004368,0.004368,228.94,187865.6926202561,1.0,1.00000992,1.00000992,187262.4181629679,-177410.73816673103,-5379.0,-96901.0,0.43243200000000004,-23.495471999999907,82.369799999996,-91522.0,-7.6875462977040625,0.3246,0.3246,3.08,187865.6926202561,1.0,0.999768,0.999768,187307.73119979445,-143993.68555163275,-5402.0,-78649.0,32.1354,-1753.4892000000204,49807.95999999998,-73247.0,15029255.409620488,15029255.409620488
2024-05-14,-9.623613335844103,0.004285,0.004285,233.37,188706.02827088113,1.0,0.99999045,0.99999045,187867.48675475462,-180796.4050904572,-1850.0,-98751.0,0.424215,-7.927249999999969,804.2783000000029,-96901.0,-8.532024758055389,0.31579999999999997,0.31579999999999997,3.17,188706.02827088113,1.0,1.001086,1.001086,187661.89180575506,-160113.5907030214,-8805.0,-87454.0,31.2642,-2780.6189999999947,69211.1200000002,-78649.0,15096482.261670489,15096482.261670489
2024-05-15,-10.535950056909613,0.004524,0.004524,221.04,185254.5700858311,1.0,0.99998496,0.99998496,188708.86645223256,-198822.7192236748,-9846.0,-108597.0,0.447876,-44.543304000000276,-2360.1489000000033,-98751.0,-9.719783224624589,0.34659999999999996,0.34659999999999996,2.89,185254.5700858311,1.0,1.001674,1.001674,188390.66230218727,-183111.63991207158,-12561.0,-100015.0,34.313399999999994,-4353.642600000028,-269358.31999999983,-87454.0,14820365.606866488,14820365.606866488
2024-05-16,-7.137657023598564,0.004597,0.004597,217.53,185304.7881035686,1.0,0.9999854100000001,0.9999854100000001,185257.272989444,-132230.28757258217,36373.0,-72224.0,0.464297,-167.20668100000066,-792.7580999999971,-108597.0,-5.571421894874383,0.3446,0.3446,2.9,185304.7881035686,1.0,0.99934,0.99934,185376.9188522736,-103281.3024497909,43603.0,-56412.0,34.8046,-15025.593799999991,20002.999999999574,-100015.0,14824383.048285488,14824383.048285488
2024-05-17,-5.014068167342287,0.004824,0.004824,207.3,183843.72180701862,1.0,1.0000152,1.0000152,185301.9715136016,-92911.67167121169,21476.0,-50748.0,0.487224,-103.6002239999999,-1639.4848,-72224.0,-4.477678496846689,0.3643,0.3643,2.74,183843.72180701862,1.0,0.9981820000000001,0.9981820000000001,185642.28577911502,-83124.64711386112,11009.0,-45403.0,36.7943,-4010.578700000001,-111131.63999999994,-56412.0,14707497.744561488,14707497.744561488
2024-05-18,-1.1180258071045497,0.00482,0.00482,207.47,183240.5818517686,1.0,1.0000053999999998,1.0000053999999998,183842.72905628174,-20554.091553345243,39521.0,-11227.0,0.48682,-190.49121999999963,20.29920000000058,-50748.0,-1.501068785079535,0.3724,0.3724,2.69,183240.5818517686,1.0,1.001756,1.001756,183521.4581265484,-27547.833218604275,30356.0,-15047.0,37.6124,-11304.574399999969,-36776.4300000001,-45403.0,14659246.548141487,14659246.548141487
2024-05-19,0.1263060678657918,0.004672,0.004672,214.04,183459.9911223686,1.0,0.9999948799999999,0.9999948799999999,183241.52004835126,2314.45158670579,12491.0,1264.0,0.471872,-58.35795200000012,166.15959999999978,-11227.0,0.5265598841307134,0.35600000000000004,0.35600000000000004,2.81,183459.9911223686,1.0,1.0003600000000001,1.0003600000000001,183174.63898173516,9645.241667790771,20315.0,5268.0,35.956,-7232.140000000033,24677.08000000001,-15047.0,14676799.289789487,14676799.289789487
2024-05-20,-1.4555818051111846,0.00502,0.00502,199.2,183688.70790111859,1.0,0.999984,0.999984,183462.92652919306,-26704.529776834348,-15850.0,-14586.0,0.49698,-79.56700000000039,43.987199999999994,1264.0,-0.8491351554474937,0.40130000000000005,0.40130000000000005,2.49,183688.70790111859,1.0,0.9992370000000002,0.9992370000000002,183600.07798186876,-15590.128075730612,-13783.0,-8515.0,39.7287,-5531.1178999999875,23864.040000000005,5268.0,14695096.632089486,14695096.632089486
2024-05-21,2.350358088222301,0.004946,0.004946,202.18,183338.18129451858,1.0,0.99998228,0.99998228,183691.96292270158,43174.18907968027,38168.0,23582.0,0.499546,-188.77892800000023,107.93640000000026,-14586.0,3.715879728240816,0.41200000000000003,0.41200000000000003,2.43,183338.18129451858,1.0,1.00116,1.00116,183475.87588509187,68177.42878226409,45753.0,37238.0,41.612,-18850.235999999957,-9111.050000000003,-8515.0,14667054.503561486,14667054.503561486
2024-05-22,2.602572551632518,0.004835,0.004835,206.83,182645.7194674561,1.0,1.00002305,1.00002305,183333.95544684553,47713.99202281792,2479.0,26061.0,0.48833499999999996,-11.985964999999945,-261.7602,23582.0,6.324403498081932,0.4,0.4,2.5,182645.7194674561,1.0,1.0,1.0,183338.18129451858,115950.46351110327,26094.0,63332.0,40.4,-10437.599999999962,-44685.60000000011,37238.0,14611657.557396486,14611657.557396486
2024-05-23,1.12184200902653,0.004656,0.004656,214.78,181433.9407097061,1.0,1.0000156800000002,1.0000156800000002,182642.85562747982,20489.642809147444,-14870.0,11191.0,0.460944,-69.2347199999999,-466.49189999999925,26061.0,5.660819119820987,0.38520000000000004,0.38520000000000004,2.6,181433.9407097061,1.0,1.0015200000000002,1.0015200000000002,182368.51931809256,103235.52010093014,-6945.0,56387.0,38.134800000000006,-2675.213999999983,-93731.3599999998,63332.0,14514715.256776487,14514715.256776487
2024-05-24,-1.7997827770528037,0.004601,0.004601,217.34,180967.9729106186,1.0,0.99998134,0.99998134,181437.3263302154,-32654.777504363086,-29027.0,-17836.0,0.455499,-133.55322700000062,-61.550500000000056,11191.0,3.478686081670844,0.3801,0.3801,2.63,180967.9729106186,1.0,0.999663,0.999663,181495.10455994282,63136.44941240676,-21902.0,34485.0,37.6299,-8324.950199999974,-28757.37000000029,56387.0,14477437.832849488,14477437.832849488
2024-05-25,-3.6044500624469897,0.004623,0.004623,216.31,181010.63070541862,1.0,1.00000113,1.00000113,180967.7684170403,-65228.92841716933,-17792.0,-35628.0,0.457677,-82.25241599999978,-39.23919999999964,-17836.0,1.960348902787634,0.38280000000000003,0.38280000000000003,2.61,181010.63070541862,1.0,0.999108,0.999108,181129.54046070957,35507.709590458035,-15091.0,19394.0,37.8972,-5776.834800000047,9310.950000000108,34485.0,14480850.456433488,14480850.456433488
2024-05-26,-3.965673504627447,0.004581,0.004581,218.29,180627.9068806686,1.0,0.99998649,0.99998649,181013.07619207798,-71783.87602460329,-3580.0,-39208.0,0.453519,-16.399980000000006,149.63759999999934,-35628.0,1.6113238770052196,0.3676,0.3676,2.72,180627.9068806686,1.0,0.999872,0.999872,181033.80303220675,29170.408937085467,-3461.0,15933.0,36.392399999999995,-1272.2636000000105,-29478.88000000006,19394.0,14450232.550453488,14450232.550453488
2024-05-27,-4.636624577673927,0.004683,0.004683,213.54,180822.6347295686,1.0,1.00000782,1.00000782,180626.49438148254,-83749.72432282634,-6536.0,-45744.0,0.463617,-30.608087999999952,-399.9215999999995,-39208.0,-0.4748291533246868,0.3826,0.3826,2.61,180822.6347295686,1.0,0.998586,0.998586,180883.67639909693,-8588.884291483982,-20624.0,-4691.0,37.877399999999994,-7890.742400000075,23899.5,15933.0,14465810.778365487,14465810.778365487
2024-05-28,-3.355337845207368,0.004576,0.004576,218.53,180852.1352235686,1.0,0.9999932800000001,0.9999932800000001,180823.8498658397,-60672.510677094724,12605.0,-33139.0,0.46217600000000003,-57.68048000000031,489.46079999999944,-45744.0,0.5882965208517071,0.37020000000000003,0.37020000000000003,2.7,180852.1352235686,1.0,0.9995400000000001,0.9995400000000001,180905.85142122235,10642.628299282096,10504.0,5813.0,37.3902,-3888.5807999999683,5816.839999999976,-4691.0,14468170.817885486,14468170.817885486
2024-05-29,-4.343767428340379,0.004512,0.004512,221.63,180740.63267196857,1.0,0.9999945600000001,0.9999945600000001,180853.1190645363,-78558.38879062972,-9769.0,-42908.0,0.446688,-44.07772800000016,212.08960000000056,-33139.0,-0.6194697517554465,0.36200000000000004,0.36200000000000004,2.76,180740.63267196857,1.0,0.99912,0.99912,181011.42527781308,-11213.110268174642,-11938.0,-6125.0,35.838,-4321.556000000022,-4766.660000000002,5813.0,14459250.613757486,14459250.613757486
2024-05-30,-5.555233200799078,0.004465,0.004465,223.96,180694.00951059358,1.0,0.9999814000000001,0.9999814000000001,180743.99451026644,-100407.50391484784,-11934.0,-54842.0,0.442035,-53.28530999999996,201.66759999999923,-42908.0,-2.092200133885985,0.35979999999999995,0.35979999999999995,2.78,180694.00951059358,1.0,1.0002439999999997,1.0002439999999997,180696.54271554603,-37805.33308622,-14524.0,-20649.0,35.6202,-5225.735199999998,1347.5000000000366,-6125.0,14455520.760847485,14455520.760847485
2024-05-31,-6.591820355946155,0.00447,0.00447,223.71,180647.70590321856,1.0,0.9999837,0.9999837,180696.95487095797,-119112.18653758643,-10217.0,-65059.0,0.44253,-45.669990000000304,-27.421000000000024,-54842.0,-2.8852430901683555,0.3602,0.3602,2.78,180647.70590321856,1.0,1.001356,1.001356,180449.3202323585,-52064.01543259892,-7788.0,-28437.0,35.659800000000004,-2805.2375999999917,-825.9600000001291,-20649.0,14451816.472257484,14451816.472257484
2024-06-01,-6.7800779147620505,0.004499,0.004499,222.27,180729.61381746855,1.0,0.9999927300000001,0.9999927300000001,180649.0192215883,-122481.4425547716,-1840.0,-66899.0,0.445401,-8.278160000000057,-188.67110000000088,-65059.0,-3.0684496161667902,0.3576,0.3576,2.8,180729.61381746855,1.0,1.00128,1.00128,180416.7724345024,-55359.97761267,-1801.0,-30238.0,35.4024,-644.0375999999962,7393.620000000145,-28437.0,14458369.105397483,14458369.105397483
2024-06-02,-6.261339613742693,0.004465,0.004465,223.96,181037.66364184357,1.0,0.9999814000000001,0.9999814000000001,180732.9754508119,-113163.05386997543,5090.0,-61809.0,0.450965,-22.726849999999985,227.45660000000095,-66899.0,-3.424299604737043,0.34909999999999997,0.34909999999999997,2.86,181037.66364184357,1.0,0.9984259999999998,0.9984259999999998,181014.5306887727,-61984.798588922575,-3618.0,-33856.0,34.5609,-1263.0438,25702.300000000043,-30238.0,14483013.091347484,14483013.091347484
2024-06-03,-6.492999456261589,0.004573,0.004573,218.67,180925.64760708107,1.0,0.9999779099999999,0.9999779099999999,181041.662852176,-117550.34184598728,-2397.0,-64206.0,0.452727,-10.961480999999985,-667.5371999999985,-61809.0,-4.634585897000316,0.3503,0.3503,2.85,180925.64760708107,1.0,0.998355,0.998355,181335.96129817909,-84041.7088851536,-12047.0,-45903.0,34.679700000000004,-4220.064099999966,-4062.720000000154,-33856.0,14474051.808566485,14474051.808566485
2024-06-04,-4.596675436895106,0.004615,0.004615,216.68,180322.82253333108,1.0,0.9999782,0.9999782,180929.59187218387,-83167.4610766324,18780.0,-45426.0,0.466115,-86.66969999999962,-269.66520000000236,-64206.0,-4.805075284032768,0.36060000000000003,0.36060000000000003,2.77,180322.82253333108,1.0,0.9988620000000001,0.9988620000000001,181131.77556767708,-87035.18179332155,-1635.0,-47538.0,35.699400000000004,-589.5809999999968,-47280.090000000055,-45903.0,14425825.802666485,14425825.802666485
2024-06-05,-3.1599955382802665,0.004613,0.004613,216.78,179945.82974784359,1.0,1.00000614,1.00000614,180321.7153579988,-56981.58159863204,14303.0,-31123.0,0.46591299999999997,-65.97973899999968,9.085200000001521,-45426.0,-3.194907036156231,0.3657,0.3657,2.73,179945.82974784359,1.0,0.998361,0.998361,180618.85683969132,-57706.04565796248,16019.0,-31519.0,36.9357,-5858.148299999949,-24244.379999999906,-47538.0,14395666.379827486,14395666.379827486
2024-06-06,-2.634753440796434,0.004582,0.004582,218.25,180151.8672478936,1.0,1.0000215000000001,1.0000215000000001,179941.96099568217,-47410.27008770313,5228.0,-25895.0,0.462782,-23.95469600000016,96.48129999999973,-31123.0,-1.7854135598131688,0.3589,0.3589,2.79,180151.8672478936,1.0,1.001331,1.001331,179706.64020972446,-32085.06722189085,13994.0,-17525.0,36.2489,-5022.446599999978,21432.91999999999,-31519.0,14412149.379831485,14412149.379831485
2024-06-07,-2.9642052138342425,0.004492,0.004492,222.62,180656.04376759357,1.0,1.0000090400000001,1.0000090400000001,180150.23868973582,-53400.227679759824,-3272.0,-29167.0,0.444708,-14.697823999999986,233.0550000000002,-25895.0,-2.26123155191632,0.3351,0.3351,2.98,180656.04376759357,1.0,0.998598,0.998598,180404.79477016136,-40793.70140512772,-4756.0,-22281.0,33.1749,-1593.735599999986,41709.500000000044,-17525.0,14452483.501407485,14452483.501407485
2024-06-08,-4.6267874292956055,0.004368,0.004368,228.94,180868.75988739356,1.0,1.00000992,1.00000992,180654.2516774169,-83584.8820709877,-16487.0,-45654.0,0.43243200000000004,-72.01521599999973,361.670799999999,-29167.0,-5.6835851711095655,0.32270000000000004,0.32270000000000004,3.1,180868.75988739356,1.0,1.0003700000000002,1.0003700000000002,180589.22575406454,-102639.42455579588,-33780.0,-56061.0,31.947300000000002,-10900.806000000037,27628.439999999886,-22281.0,14469500.790991485,14469500.790991485
2024-06-09,-7.265236184318232,0.004442,0.004442,225.12,180247.88487636857,1.0,0.9999830399999999,0.9999830399999999,180871.82747358753,-131407.65456848725,-26121.0,-71775.0,0.439758,-116.02948200000004,-337.83959999999826,-45654.0,-8.557751622343613,0.3298,0.3298,3.03,180247.88487636857,1.0,0.9992939999999999,0.9992939999999999,180996.5434470672,-154892.34633227257,-28541.0,-84602.0,32.6502,-9412.821799999965,-39803.30999999965,-56061.0,14419830.790109485,14419830.790109485
2024-06-10,-6.735721199774764,0.004406,0.004406,226.96,180980.61071686857,1.0,0.9999857600000001,0.9999857600000001,180250.45164279995,-121411.67883993834,5460.0,-66315.0,0.445006,-24.056760000000114,258.3899999999994,-71775.0,-8.33536979211336,0.32280000000000003,0.32280000000000003,3.1,180980.61071686857,1.0,1.0006800000000002,1.0006800000000002,180125.39960463738,-150141.1814656842,2595.0,-82007.0,32.6028,-837.6660000000022,59221.39999999964,-84602.0,14478448.857349485,14478448.857349485
2024-06-11,-7.115299067201322,0.00422,0.00422,236.97,181712.6320431186,1.0,1.0000134,1.0000134,180978.1856091814,-128771.39152487964,-4020.0,-70335.0,0.41778,-16.964400000000005,1233.4590000000003,-66315.0,-9.105232738672033,0.3155,0.3155,3.17,181712.6320431186,1.0,1.000135,1.000135,180956.1816323482,-164764.81492639397,-7987.0,-89994.0,31.2345,-2519.8985000000007,59865.11000000004,-82007.0,14537010.563449485,14537010.563449485
2024-06-12,-10.023864185006088,0.004378,0.004378,228.41,179713.65858574357,1.0,0.99997898,0.99997898,181716.45172293382,-182150.10322519043,-29155.0,-99490.0,0.43342200000000003,-127.64058999999979,-1111.2930000000026,-70335.0,-10.259715655738972,0.33270000000000005,0.33270000000000005,3.01,179713.65858574357,1.0,1.001427,1.001427,181453.69761661967,-186166.33422289585,-11690.0,-101684.0,32.9373,-3889.2630000000313,-154789.68000000023,-89994.0,14377092.686859485,14377092.686859485
2024-06-13,-7.781270149113936,0.00421,0.00421,237.53,182517.76646699358,1.0,1.0000013,1.0000013,179713.4249582911,-139839.87090229781,23110.0,-76380.0,0.42521,-97.29309999999981,1671.4320000000037,-99490.0,-7.37970922298956,0.3099,0.3099,3.23,182517.76646699358,1.0,1.000977,1.000977,179538.24971577126,-132494.007730688,29316.0,-72368.0,31.299899999999997,-9085.02839999997,231839.52000000048,-101684.0,14601421.317359485,14601421.317359485
2024-06-14,-9.550566135601084,0.0041199999999999995,0.0041199999999999995,242.72,183083.38804324355,1.0,1.0000064,1.0000064,182516.59836076407,-174313.68434894175,-18830.0,-95210.0,0.40787999999999996,-77.57960000000024,687.4200000000006,-76380.0,-9.248085162388138,0.3029,0.3029,3.3,183083.38804324355,1.0,0.99957,0.99957,182596.28286862708,-168866.59743045777,-19867.0,-92235.0,29.987099999999998,-6017.714300000021,50657.59999999995,-72368.0,14646671.043459484,14646671.043459484
2024-06-15,-11.567594552514056,0.00414,0.00414,241.55,183340.34297874357,1.0,1.000017,1.000017,183080.27567855702,-211779.83996120477,-20464.0,-115674.0,0.40986,-84.72095999999954,-190.42000000000016,-95210.0,-10.88044314497467,0.30010000000000003,0.30010000000000003,3.33,183340.34297874357,1.0,0.9993330000000001,0.9993330000000001,183205.5861692184,-199335.79641559388,-16642.0,-108877.0,29.7099,-4994.264200000008,25825.799999999777,-92235.0,14667227.438299485,14667227.438299485
2024-06-16,-11.736821045309116,0.004168,0.004168,239.92,183210.32746774357,1.0,0.9999865599999999,0.9999865599999999,183342.8071060711,-215186.17169485847,-1860.0,-117534.0,0.412632,-7.752480000000009,-323.88720000000285,-115674.0,-11.669499653008522,0.3008,0.3008,3.32,183210.32746774357,1.0,0.998656,0.998656,183587.084019666,-214236.94132643388,-8139.0,-117016.0,29.7792,-2448.2111999999906,-7621.389999999644,-108877.0,14656826.197419485,14656826.197419485
2024-06-17,-11.016336420433966,0.004013,0.004013,249.19,185583.99392996856,1.0,0.99999947,0.99999947,183210.4245692686,-201830.76727856035,7294.0,-110240.0,0.405313,-29.270821999999917,1821.7770000000016,-117534.0,-11.581844201124426,0.2847,0.2847,3.51,185583.99392996856,1.0,0.999297,0.999297,183339.21493584345,-212340.6223343403,1036.0,-115980.0,28.7547,-294.94920000000087,188395.75999999992,-117016.0,14846719.514397485,14846719.514397485
2024-06-18,-12.876552066122157,0.003837,0.003837,260.62,188252.53453361857,1.0,0.99999894,0.99999894,185584.19064921065,-238968.44935437018,-20284.0,-130524.0,0.379863,-77.82970799999958,1940.2240000000004,-110240.0,-13.39531909969869,0.266,0.266,3.76,188252.53453361857,1.0,1.00016,1.00016,185554.30524113,-248555.91290278296,-19781.0,-135761.0,26.334,-5261.746000000036,216882.59999999971,-115980.0,15060202.762689484,15060202.762689484
2024-06-19,-15.835008072165971,0.003844,0.003844,260.15,187572.00994941857,1.0,1.0000166,1.0000166,188249.40959341935,-298093.0920492274,-32294.0,-162818.0,0.380556,-124.13813600000046,-91.36680000000443,-130524.0,-16.107327517698298,0.26940000000000003,0.26940000000000003,3.71,187572.00994941857,1.0,0.9994740000000001,0.9994740000000001,188351.6074791526,-303384.1030151663,-29947.0,-165708.0,26.6706,-8067.721800000029,-46158.73999999998,-135761.0,15005760.795953484,15005760.795953484
2024-06-20,-16.691500973962853,0.003844,0.003844,260.15,186238.66114961857,1.0,1.0000166,1.0000166,187568.8963057399,-313080.6415372395,-8186.0,-171004.0,0.380556,-31.466984000000114,-0.0,-162818.0,-16.399585336900103,0.2758,0.2758,3.63,186238.66114961857,1.0,1.0011539999999999,1.0011539999999999,187355.80135465533,-307255.7452678974,-2115.0,-167823.0,27.304199999999998,-583.3170000000006,-106053.1199999995,-165708.0,14899092.891969485,14899092.891969485
2024-06-21,-16.637185658422045,0.00376,0.00376,265.96,186414.01439561858,1.0,1.0000095999999998,1.0000095999999998,186236.87327563515,-309845.7437130761,1767.0,-169237.0,0.37976,-6.643919999999975,1436.4336000000033,-171004.0,-15.005342275350095,0.2748,0.2748,3.64,186414.01439561858,1.0,1.000272,1.000272,186188.0180087202,-279381.49377898936,15225.0,-152598.0,27.7548,-4183.829999999985,16782.299999999643,-167823.0,14913121.151649484,14913121.151649484
2024-06-22,-17.610666992824758,0.003846,0.003846,260.01,189942.04509364357,1.0,0.9999984599999999,0.9999984599999999,186414.30147364287,-328288.01859523664,-10073.0,-179310.0,0.380754,-38.74075800000016,-1455.4381999999994,-169237.0,-14.347904061407858,0.2561,0.2561,3.9,189942.04509364357,1.0,0.99879,0.99879,186639.84861243964,-267789.06419269706,6332.0,-146266.0,25.8661,-1621.6252,285358.2600000001,-152598.0,15195363.607491484,15195363.607491484
2024-06-23,-15.737096300944977,0.0038,0.0038,263.16,190839.23033989358,1.0,1.000008,1.000008,189940.52556943902,-298911.23423383635,16045.0,-163265.0,0.38380000000000003,-60.97100000000041,824.8259999999988,-179310.0,-16.055043721790472,0.2509,0.2509,3.99,190839.23033989358,1.0,1.0010910000000002,1.0010910000000002,189735.04416046446,-304620.4429552103,-20117.0,-166383.0,24.8391,-5047.355300000029,76058.31999999993,-146266.0,15267138.427191485,15267138.427191485
2024-06-24,-15.6398083131751,0.003777,0.003777,264.76,191400.74025821858,1.0,0.99999852,0.99999852,190839.5127823725,-298469.33984960354,242.0,-163023.0,0.381477,-0.9140340000000073,375.509500000004,-163265.0,-17.38556629803317,0.24800000000000003,0.24800000000000003,4.03,191400.74025821858,1.0,0.9994400000000002,0.9994400000000002,190946.1601895997,-331970.7127331147,-14939.0,-181322.0,24.552,-3704.8720000000167,48251.06999999986,-166383.0,15312059.220657485,15312059.220657485
2024-06-25,-15.733999534341688,0.003918,0.003918,255.23,189991.34188211858,1.0,0.9999911399999999,0.9999911399999999,191402.4360838023,-301152.58402144106,-1466.0,-164489.0,0.387882,-5.743787999999967,-2298.6243000000004,-163023.0,-17.98097719410633,0.254,0.254,3.94,189991.34188211858,1.0,1.00076,1.00076,191255.38616473335,-343895.873687807,-6513.0,-187835.0,25.145999999999997,-1654.3020000000088,-108793.19999999962,-181322.0,15199307.350569485,15199307.350569485
2024-06-26,-11.974036920182884,0.00385,0.00385,259.74,188969.39298274356,1.0,0.9999990000000001,0.9999990000000001,189991.53187365044,-227496.56171771936,40231.0,-124258.0,0.38885000000000003,-154.8893500000008,1118.5251999999955,-164489.0,-16.65885931113128,0.2582,0.2582,3.87,188969.39298274356,1.0,0.999234,0.999234,190136.98681401814,-316746.5313177152,14829.0,-173006.0,26.0782,-3828.84779999998,-78890.70000000032,-187835.0,15117551.438619485,15117551.438619485
2024-06-27,-11.883248662592193,0.003913,0.003913,255.56,184378.8233205186,1.0,1.00000628,1.00000628,188968.20626240823,-224555.61843402084,1606.0,-122652.0,0.395213,-6.284278,-782.8253999999965,-124258.0,-15.057448694993878,0.2791,0.2791,3.58,184378.8233205186,1.0,0.9991780000000001,0.9991780000000001,189124.85361241293,-284773.77802171354,17463.0,-155543.0,28.1891,-4873.923299999994,-361582.54,-173006.0,14750305.865641486,14750305.865641486
2024-06-28,-10.267668092752162,0.003858,0.003858,259.2,184082.2160257186,1.0,0.9999935999999999,0.9999935999999999,184380.00335254008,-189315.26773644125,19248.0,-103404.0,0.389658,-74.25878400000055,674.5860000000006,-122652.0,-9.576062392879235,0.2796,0.2796,3.58,184082.2160257186,1.0,1.000968,1.000968,184200.51721984977,-176391.56456979073,59198.0,-96345.0,28.2396,-16551.760799999913,-7777.150000000111,-155543.0,14726577.282057486,14726577.282057486
2024-06-29,-10.635037531010584,0.0038410000000000002,0.0038410000000000002,260.35,184260.18286864358,1.0,1.0000043500000002,1.0000043500000002,184081.41527156215,-195771.27601746083,-3526.0,-106930.0,0.380259,-13.543365999999942,175.78679999999787,-103404.0,-7.716484385634586,0.2776,0.2776,3.6,184260.18286864358,1.0,0.99936,0.99936,184200.1040923377,-142137.72270607893,18710.0,-77635.0,28.0376,-5193.895999999993,19268.99999999993,-96345.0,14740814.629491486,14740814.629491486
2024-06-30,-10.986401967230291,0.003924,0.003924,254.84,182679.2622300936,1.0,0.9999921600000001,0.9999921600000001,184261.627479803,-202437.23066291626,-3641.0,-110571.0,0.38847600000000004,-14.287283999999937,-887.5190000000032,-106930.0,-7.26365594024891,0.2936,0.2936,3.41,182679.2622300936,1.0,1.001176,1.001176,184043.74742167568,-133683.04592251245,4618.0,-73017.0,29.6536,-1355.8448000000064,-124215.99999999984,-77635.0,14614340.978407485,14614340.978407485
2024-07-01,-8.946924076070992,0.004032,0.004032,248.02,183023.24642469359,1.0,1.0000166400000001,1.0000166400000001,182676.2224977512,-163439.02931908317,21301.0,-89270.0,0.407232,-85.88563199999957,-1194.1667999999975,-110571.0,-3.877790762098978,0.2883,0.2883,3.47,183023.24642469359,1.0,1.000401,1.000401,182606.0372091727,-70810.80041932322,34340.0,-38677.0,29.118299999999998,-9900.221999999985,38699.01000000008,-73017.0,14641859.713975485,14641859.713975485
2024-07-02,-5.566709301526017,0.004184,0.004184,239.01,183056.65305534357,1.0,1.00001784,1.00001784,183019.98134822634,-101881.90325362896,33622.0,-55648.0,0.422584,-140.6744480000007,-1356.9039999999993,-89270.0,-3.70154786973694,0.2871,0.2871,3.48,183056.65305534357,1.0,0.9991080000000001,0.9991080000000001,183186.64891552622,-67807.41500575148,1641.0,-37036.0,28.9971,-471.131099999998,4641.239999999901,-38677.0,14644532.244427485,14644532.244427485
2024-07-03,-0.9436822044782328,0.004069,0.004069,245.76,184075.02270788106,1.0,0.9999974399999999,0.9999974399999999,183057.12168157508,-17274.774813390886,46213.0,-9435.0,0.410969,-188.0406969999995,639.9520000000006,-55648.0,-3.8760474702970016,0.2651,0.2651,3.77,184075.02270788106,1.0,0.9994270000000001,0.9994270000000001,183161.60465481077,-70994.30743778188,-1741.0,-38777.0,26.2449,-461.5391000000006,81479.19999999997,-37036.0,14726001.816630485,14726001.816630485
2024-07-04,-1.8752502933612665,0.0036230000000000004,0.0036230000000000004,276.01,184973.55180741858,1.0,0.99998423,0.99998423,184077.925616768,-34519.21840141776,-9419.0,-18854.0,0.358677,-34.12503699999988,420.80099999999976,-9435.0,-7.42398612806956,0.2444,0.2444,4.09,184973.55180741858,1.0,0.999596,0.999596,184149.4190731866,-136712.27326914054,-35895.0,-74672.0,24.195600000000002,-8772.737999999958,80268.39000000001,-38777.0,14797884.144593485,14797884.144593485
2024-07-05,-8.41839193352098,0.003501,0.003501,285.63,184196.45202741856,1.0,0.99999063,0.99999063,184975.2850258393,-155719.44473622696,-66200.0,-85054.0,0.34659900000000005,-231.76619999999843,230.01879999999977,-18854.0,-11.584625318792536,0.25129999999999997,0.25129999999999997,3.98,184196.45202741856,1.0,1.000174,1.000174,184941.3720086891,-214247.65006640888,-42350.0,-117022.0,24.8787,-10642.555000000022,-51523.67999999983,-74672.0,14735716.162193485,14735716.162193485
2024-07-06,-12.55649106157886,0.003707,0.003707,269.76,180830.31253719356,1.0,1.0000003199999998,1.0000003199999998,184196.3930845728,-231286.03633415047,-41274.0,-126328.0,0.36699299999999996,-153.00271800000064,-1752.112399999996,-85054.0,-11.84584524240343,0.2741,0.2741,3.65,180830.31253719356,1.0,1.000465,1.000465,184110.84048659232,-218094.85238529966,-2101.0,-119123.0,27.1359,-575.8841000000015,-266810.16000000015,-117022.0,14466425.002975484,14466425.002975484
2024-07-07,-10.091393425974234,0.0034660000000000003,0.0034660000000000003,288.52,183184.60952641856,1.0,1.0000103200000001,1.0000103200000001,180828.4463876268,-182481.09951052314,26657.0,-99671.0,0.35006600000000004,-92.39316200000066,3044.5047999999942,-126328.0,-7.197412119055618,0.2575,0.2575,3.88,183184.60952641856,1.0,0.9991,0.9991,180993.20642297424,-130268.26973754498,47971.0,-71152.0,26.0075,-12352.532500000014,197744.18000000002,-119123.0,14654768.762113484,14654768.762113484
2024-07-08,-12.09666358576849,0.003691,0.003691,270.93,183604.24152339355,1.0,1.00000263,1.00000263,183184.12775216257,-221591.67676703478,-21362.0,-121033.0,0.365409,-78.84714199999999,-2242.5974999999967,-99671.0,-8.121125995206924,0.2521,0.2521,3.97,183604.24152339355,1.0,1.000837,1.000837,183031.4122343784,-148642.1159836045,-10036.0,-81188.0,24.957900000000002,-2530.0755999999865,38422.079999999936,-71152.0,14688339.321871484,14688339.321871484
2024-07-09,-8.977278379293958,0.0037540000000000004,0.0037540000000000004,266.38,182316.56042319356,1.0,0.9999905200000001,0.9999905200000001,183605.98210810393,-164828.20134881145,31004.0,-90029.0,0.379154,-116.38901599999937,-762.5079000000034,-121033.0,-9.251414825802032,0.2643,0.2643,3.78,182316.56042319356,1.0,0.9990539999999999,0.9990539999999999,183778.0956018329,-170020.73983084603,-11677.0,-92865.0,26.1657,-3086.231099999984,-99049.35999999991,-81188.0,14585324.833855484,14585324.833855484
2024-07-10,-6.966796146184804,0.003885,0.003885,257.4,183025.99227563106,1.0,0.9999989999999999,0.9999989999999999,182316.74273993634,-127016.35807055549,20653.0,-69376.0,0.39238500000000004,-80.23690500000056,-1179.3799000000001,-90029.0,-7.316753177852,0.2575,0.2575,3.88,183025.99227563106,1.0,0.9991,0.9991,182480.79313701688,-133516.69230822218,19938.0,-72927.0,26.0075,-5134.035000000005,63148.199999999975,-92865.0,14642079.382050484,14642079.382050484
2024-07-11,-4.10212348114228,0.003959,0.003959,252.59,183499.46518548107,1.0,1.00000381,1.00000381,183025.2949492573,-75079.236005434,28368.0,-41008.0,0.39985899999999996,-112.30891199999972,-513.3823999999973,-69376.0,-7.649400525602139,0.2521,0.2521,3.97,183499.46518548107,1.0,1.000837,1.000837,182872.9276352004,-139886.82687711038,-3479.0,-76406.0,24.957900000000002,-877.0558999999953,39380.579999999936,-72927.0,14679957.214838484,14679957.214838484
2024-07-12,-1.9334433049182675,0.004165,0.004165,240.1,182741.47323860606,1.0,1.0000165,1.0000165,183496.43749426238,-35477.9958549635,21630.0,-19378.0,0.420665,-90.08895000000065,-844.7648000000003,-41008.0,-8.54105406541341,0.2596,0.2596,3.85,182741.47323860606,1.0,0.99946,0.99946,183598.60843403544,-156812.56409697633,-9245.0,-85651.0,25.700400000000002,-2400.0019999999904,-57304.5,-76406.0,14619317.859088484,14619317.859088484
2024-07-13,1.8707244473645004,0.004416,0.004416,226.45,182800.73926110606,1.0,1.0000031999999999,1.0000031999999999,182740.888467763,34185.78475897537,38050.0,18672.0,0.446016,-168.02880000000118,-486.3878000000002,-19378.0,-7.359022293119854,0.2586,0.2586,3.87,182800.73926110606,1.0,1.000782,1.000782,182598.6810700093,-134374.77646884808,12256.0,-73395.0,26.1186,-3169.4016000000156,8565.100000000122,-85651.0,14624059.140888484,14624059.140888484
2024-07-14,6.379746855711838,0.004317,0.004317,231.64,182335.36105265608,1.0,0.9999898799999999,0.9999898799999999,182802.589223309,116623.42438133885,45028.0,63700.0,0.436017,-194.38587600000068,-184.85280000000037,18672.0,-7.02269859786464,0.2635,0.2635,3.8,182335.36105265608,1.0,1.0013,1.0013,182563.40683222417,-128208.77811820523,3368.0,-70027.0,26.613500000000002,-887.4680000000017,-35963.55000000015,-73395.0,14586828.884212485,14586828.884212485
2024-07-15,6.381480802504228,0.004449000000000001,0.004449000000000001,224.77,181019.33470823106,1.0,1.0000017300000001,1.0000017300000001,182335.04561302715,116356.75932032654,-146.0,63554.0,0.44045100000000004,-0.6495539999999972,840.8400000000029,63700.0,-5.875368003859415,0.2782,0.2782,3.59,181019.33470823106,1.0,0.998738,0.998738,182565.75904056526,-107264.10192672447,11440.0,-58587.0,28.098200000000002,-3182.60800000002,-102939.68999999992,-70027.0,14481546.776658485,14481546.776658485
2024-07-16,7.931005237910565,0.004381,0.004381,228.26,180756.91387521857,1.0,1.00000706,1.00000706,181018.05672075064,143565.5156008665,14861.0,78415.0,0.442481,-65.10604100000036,-432.1672000000018,63554.0,-2.5438319865077434,0.2801,0.2801,3.57,180756.91387521857,1.0,0.999957,0.999957,181027.11887434268,-46050.25754178925,33434.0,-25153.0,28.290100000000002,-9364.863400000031,-11131.530000000075,-58587.0,14460553.110017484,14460553.110017484
2024-07-17,7.229565834481477,0.004359,0.004359,229.41,180946.86075469357,1.0,0.99999819,0.99999819,180757.24104582486,130679.63742000284,-7038.0,71377.0,0.431541,-30.67864200000001,-172.5129999999984,78415.0,-1.0716107405061113,0.2724,0.2724,3.67,180946.86075469357,1.0,0.9997079999999999,0.9997079999999999,180809.71031062928,-19375.762755666892,14570.0,-10583.0,27.5124,-3968.868000000016,19367.810000000078,-25153.0,14475748.860375484,14475748.860375484
2024-07-18,6.389915157227607,0.004234,0.004234,236.18,180916.80891116857,1.0,0.99998612,0.99998612,180949.37233198155,115625.11369549506,-8223.0,63154.0,0.419166,-34.816182000000126,-892.2125000000008,71377.0,-2.013509355200845,0.27140000000000003,0.27140000000000003,3.68,180916.80891116857,1.0,0.9987520000000002,0.9987520000000002,181172.96461453248,-36479.345916083286,-9342.0,-19925.0,26.8686,-2535.4187999999986,1058.2999999999774,-10583.0,14473344.712893484,14473344.712893484
2024-07-19,3.847098749849774,0.00439,0.00439,227.79,180653.80570341856,1.0,0.9999980999999999,0.9999980999999999,180917.15265375862,69600.61518006555,-25138.0,38016.0,0.43461,-110.35582000000012,985.2024000000001,63154.0,-2.5874922612329025,0.2816,0.2816,3.55,180653.80570341856,1.0,0.99968,0.99968,180974.72082183155,-46827.06896052742,-5652.0,-25577.0,27.8784,-1591.6032000000055,-20323.499999999993,-19925.0,14452304.456273485,14452304.456273485
2024-07-20,5.03861127721756,0.004373,0.004373,228.68,180284.00718250606,1.0,1.00001764,1.00001764,180650.61902649893,91022.82462632508,11701.0,49717.0,0.44167300000000004,-51.16847300000018,-64.62719999999922,38016.0,-0.7932845225819811,0.2911,0.2911,3.44,180284.00718250606,1.0,1.001384,1.001384,180404.12639249134,-14311.180127708687,17760.0,-7817.0,29.4011,-5169.936000000002,-24298.149999999983,-25577.0,14422720.574600484,14422720.574600484
2024-07-21,5.057261187864383,0.004469,0.004469,223.76,179847.82114091856,1.0,0.99998344,0.99998344,180286.99273510577,91175.84110360385,83.0,49800.0,0.451369,-0.37092700000000006,477.28319999999985,49717.0,1.6241243399386496,0.3264,0.3264,3.06,179847.82114091856,1.0,0.9987840000000001,0.9987840000000001,180503.49943782244,29316.01268810698,23829.0,16012.0,32.9664,-7777.78559999999,-27594.01000000001,-7817.0,14387825.691273484,14387825.691273484
2024-07-22,6.329513199907035,0.004262,0.004262,234.63,179450.35788749356,1.0,0.99999306,0.99999306,179849.06929345947,113835.70580839468,12377.0,62177.0,0.430462,-52.75077399999985,-1030.86,49800.0,7.507687702348217,0.31870000000000004,0.31870000000000004,3.14,179450.35788749356,1.0,1.0007180000000002,1.0007180000000002,179718.78305468525,134927.24974206474,57685.0,73697.0,32.188700000000004,-18384.20950000019,-12329.239999999993,16012.0,14356028.630999485,14356028.630999485
2024-07-23,3.109312593070777,0.0040999999999999995,0.0040999999999999995,243.9,177521.49342124356,1.0,0.9999899999999999,0.9999899999999999,179452.15240901767,55797.283733901495,-31701.0,30476.0,0.4059,-129.97409999999977,-1007.267400000003,62177.0,8.226521246054519,0.2982,0.2982,3.35,177521.49342124356,1.0,0.9989700000000001,0.9989700000000001,179635.38233129476,147777.4289291523,7019.0,80716.0,30.1182,-2093.0658000000094,-151078.85000000006,73697.0,14201719.473699484,14201719.473699484
2024-07-24,-0.5621930153408536,0.004063,0.004063,246.12,175934.61396123108,1.0,0.9999855599999999,0.9999855599999999,177524.05686862476,-9980.278482651334,-35927.0,-5451.0,0.402237,-145.9714009999994,-112.76119999999942,30476.0,4.518498490190976,0.2838,0.2838,3.52,175934.61396123108,1.0,0.998976,0.998976,177703.46176609205,80295.28236917968,-36859.0,43857.0,28.0962,-10460.584199999977,-116231.04000000011,80716.0,14074769.116898485,14074769.116898485
2024-07-25,-2.457831922504168,0.003948,0.003948,253.29,175186.77823668107,1.0,0.99998892,0.99998892,175936.5633383529,-43242.25017086802,-18168.0,-23619.0,0.390852,-71.72726400000013,62.68650000000006,-5451.0,0.8118420077888798,0.2724,0.2724,3.67,175186.77823668107,1.0,0.9997079999999999,0.9997079999999999,175986.00187377824,14287.28291039457,-36053.0,7804.0,26.967599999999997,-9820.83720000004,-49996.980000000025,43857.0,14014942.258934485,14014942.258934485
2024-07-26,-4.862840914489463,0.004172,0.004172,239.69,175213.30332373106,1.0,0.9999866800000001,0.9999866800000001,175189.11175564965,-85191.67804184402,-22913.0,-46532.0,0.413028,-95.59303600000021,-529.0656000000007,-23619.0,-2.386490655400166,0.2872,0.2872,3.48,175213.30332373106,1.0,0.999456,0.999456,175282.13171633476,-41830.9169399654,-30652.0,-22848.0,28.4328,-8803.254399999956,11549.920000000004,7804.0,14017064.265898485,14017064.265898485
2024-07-27,-1.911544805102324,0.004176,0.004176,239.46,175363.29249513106,1.0,0.99998496,0.99998496,175215.93857144716,-33493.31171473778,28238.0,-18294.0,0.42177600000000004,-117.92188800000037,-18.612800000000533,-46532.0,-1.121168073401814,0.2804,0.2804,3.57,175363.29249513106,1.0,1.0010279999999998,1.0010279999999998,175033.36902037813,-19624.18251256061,12129.0,-10719.0,28.3204,-3400.9716000000026,15536.639999999994,-22848.0,14029063.399610484,14029063.399610484
2024-07-28,-0.8355261642139236,0.004073,0.004073,245.52,175428.56203209356,1.0,1.00000296,1.00000296,175362.77342132173,-14652.018542263231,10291.0,-8003.0,0.411373,-41.91524299999993,188.42820000000057,-18294.0,-1.7994281896046211,0.27399999999999997,0.27399999999999997,3.65,175428.56203209356,1.0,1.0000999999999998,1.0000999999999998,175345.75791933917,-31552.209972764664,-6515.0,-17234.0,27.125999999999998,-1785.110000000006,6860.160000000006,-10719.0,14034284.962567484,14034284.962567484
2024-07-29,-2.017578177234006,0.004031,0.004031,248.08,175471.11868085607,1.0,1.00001048,1.00001048,175426.72356003063,-35393.71291583804,-11329.0,-19332.0,0.399069,-45.667199000000075,33.61259999999985,-8003.0,-3.0735038305114006,0.2701,0.2701,3.7,175471.11868085607,1.0,0.9993700000000001,0.9993700000000001,175539.15169766307,-53952.02551474892,-12235.0,-29469.0,26.739900000000002,-3304.673499999992,6721.259999999948,-17234.0,14037689.494468484,14037689.494468484
2024-07-30,-3.063198762283587,0.004015,0.004015,249.07,175687.95080348104,1.0,1.0000160500000002,1.0000160500000002,175468.30241460228,-53749.42867764118,-10026.0,-29358.0,0.39748500000000003,-40.25438999999991,30.931199999999812,-19332.0,-4.140172969020068,0.2633,0.2633,3.8,175687.95080348104,1.0,1.0005399999999998,1.0005399999999998,175376.41541653118,-72608.86945111568,-10190.0,-39659.0,26.066699999999997,-2683.02700000001,20038.920000000096,-29469.0,14055036.064278483,14055036.064278483
2024-07-31,-3.63303652856324,0.003882,0.003882,257.6,175960.06147835604,1.0,1.0000032,1.0000032,175687.3886038375,-63827.870040562666,-5505.0,-34863.0,0.384318,-21.370409999999982,390.461400000001,-29358.0,-5.585193582795229,0.257,0.257,3.89,175960.06147835604,1.0,0.99973,0.99973,175735.3993613086,-98151.62247827377,-13951.0,-53610.0,25.442999999999998,-3585.40700000002,24985.169999999962,-39659.0,14076804.918268483,14076804.918268483
2024-08-01,-5.8568515146311295,0.0039250000000000005,0.0039250000000000005,254.78,175904.46886273104,1.0,1.0000115,1.0000115,175958.0379609195,-103056.01011429331,-21426.0,-56289.0,0.388575,-84.09705000000025,-149.9109000000009,-34863.0,-7.067116297369092,0.2571,0.2571,3.89,175904.46886273104,1.0,1.000119,1.000119,175939.12472251407,-124338.22556713325,-14303.0,-67913.0,25.4529,-3677.3013000000174,-536.1000000000838,-53610.0,14072357.509018483,14072357.509018483
2024-08-02,-5.810483888382348,0.003636,0.003636,275.03,177705.46199563105,1.0,1.0000090799999999,1.0000090799999999,175902.87166465636,-102208.08017276735,463.0,-55826.0,0.367236,-1.683468000000013,1626.752100000002,-56289.0,-7.444644430668953,0.23600000000000002,0.23600000000000002,4.24,177705.46199563105,1.0,1.0006400000000002,1.0006400000000002,175791.9620070465,-130870.8650912127,-3568.0,-71481.0,23.364,-842.0480000000023,143296.42999999996,-67913.0,14216436.959650483,14216436.959650483
2024-08-03,-9.48054498839314,0.003646,0.003646,274.27,178449.33503543105,1.0,0.9999884199999999,0.9999884199999999,177707.51984871092,-168476.41367014707,-36196.0,-92022.0,0.360954,-131.97061599999938,-55.82600000000005,-55826.0,-10.44286259362892,0.2267,0.2267,4.41,178449.33503543105,1.0,0.999747,0.999747,177750.4328551434,-185622.33462643257,-29906.0,-101387.0,22.4433,-6779.69020000003,66477.32999999997,-71481.0,14275946.802834483,14275946.802834483
2024-08-04,-10.667568556741037,0.003442,0.003442,290.53,180206.56452385604,1.0,1.0000042599999999,1.0000042599999999,178448.57484450223,-190361.24060064615,-11953.0,-103975.0,0.340758,-41.14222600000001,1877.2487999999976,-92022.0,-12.937134585051284,0.2125,0.2125,4.71,180206.56452385604,1.0,1.000875,1.000875,178293.3283731046,-230660.4784779597,-24599.0,-125986.0,21.0375,-5227.287499999965,143969.54000000018,-101387.0,14416525.161908483,14416525.161908483
2024-08-05,-13.393996603840076,0.0031190000000000002,0.0031190000000000002,320.62,182883.66246383105,1.0,1.0000137800000002,1.0000137800000002,180204.08131161553,-241365.28530858993,-27858.0,-131833.0,0.308781,-86.88910199999953,3358.3924999999995,-103975.0,-15.166893440412489,0.1954,0.1954,5.12,182883.66246383105,1.0,1.000448,1.000448,180125.8681349316,-273194.9847864299,-23233.0,-149219.0,19.3446,-4539.728199999985,215436.0600000001,-125986.0,14630692.997106483,14630692.997106483
2024-08-06,-15.697929749175836,0.0033100000000000004,0.0033100000000000004,302.11,180280.05402170605,1.0,0.9999841000000002,0.9999841000000002,182886.57036029975,-287094.0533583689,-24977.0,-156810.0,0.32769000000000004,-82.6738699999995,-2518.010300000001,-131833.0,-16.981991109362273,0.2089,0.2089,4.79,180280.05402170605,1.0,1.000631,1.000631,182768.33564403965,-310377.0250980021,-20308.0,-169527.0,20.6811,-4242.341199999997,-201445.6500000002,-149219.0,14422404.321736483,14422404.321736483
2024-08-07,-15.257470363753232,0.003241,0.003241,308.55,182477.38058929355,1.0,1.00001055,1.00001055,180278.1520872015,-275058.8562702675,6573.0,-150237.0,0.327341,-21.30309299999996,1081.9890000000028,-156810.0,-16.413886960351455,0.1985,0.1985,5.04,182477.38058929355,1.0,1.00044,1.00044,180200.76568480473,-295779.49981191644,7973.0,-161554.0,20.0485,-1582.6404999999938,176308.07999999984,-169527.0,14598190.447143482,14598190.447143482
2024-08-08,-15.340923184696887,0.0035160000000000005,0.0035160000000000005,284.41,176588.24105984354,1.0,0.9999855600000003,0.9999855600000003,182480.01560071876,-279941.1902072916,-2666.0,-152903.0,0.348084,-9.37365600000005,-4131.517500000004,-150237.0,-16.96805067804406,0.2273,0.2273,4.4,176588.24105984354,1.0,1.0001200000000001,1.0001200000000001,182455.4859309818,-309591.39317640546,-7544.0,-169098.0,22.5027,-1714.751199999997,-465275.51999999984,-161554.0,14127059.284787482,14127059.284787482
2024-08-09,-10.146811196275442,0.003483,0.003483,287.11,178498.40099728105,1.0,1.00000413,1.00000413,176587.51175342,-179180.01413820233,55035.0,-97868.0,0.351783,-191.68690500000076,504.5799000000038,-152903.0,-10.422973865053674,0.21739999999999998,0.21739999999999998,4.6,178498.40099728105,1.0,1.0000399999999998,1.0000399999999998,176581.17781273107,-184050.10014024915,68570.0,-100528.0,21.9574,-14907.118000000093,167407.02000000034,-169098.0,14279872.079782482,14279872.079782482
2024-08-10,-8.861455366682613,0.003457,0.003457,289.27,178679.80645526852,1.0,1.00000639,1.00000639,178497.26039978708,-158174.55061078368,11473.0,-86395.0,0.349157,-39.66216099999986,254.45679999999913,-97868.0,-9.93590167318425,0.2159,0.2159,4.63,178679.80645526852,1.0,0.999617,0.999617,178566.79207864718,-177422.20881893748,3620.0,-96908.0,21.8059,-781.5580000000048,15079.199999999857,-100528.0,14294384.516421482,14294384.516421482
2024-08-11,-8.527975668141854,0.0032760000000000003,0.0032760000000000003,305.25,180137.66762631852,1.0,0.9999990000000001,0.9999990000000001,178679.98513525364,-152377.8565617391,3166.0,-83229.0,0.330876,-10.371816000000004,1563.7495000000004,-86395.0,-9.802706345250195,0.204,0.204,4.9,180137.66762631852,1.0,0.9996,0.9996,178751.30697805973,-175224.65711355917,1201.0,-95707.0,20.604,-245.00400000000076,115320.52000000012,-96908.0,14411013.410105482,14411013.410105482
2024-08-12,-10.460159240942486,0.0033900000000000002,0.0033900000000000002,294.99,179056.09304231853,1.0,1.0000161,1.0000161,180134.76745656246,-188423.83524257876,-19688.0,-102917.0,0.33561,-66.74232000000008,-948.8106000000017,-83229.0,-11.2494236170672,0.2126,0.2126,4.7,179056.09304231853,1.0,0.9992200000000001,0.9992200000000001,180278.28468837542,-202802.67934177746,-15063.0,-110770.0,21.0474,-3202.3938000000285,-82308.02000000028,-95707.0,14324487.443385482,14324487.443385482
2024-08-13,-9.262894389060188,0.0034000000000000002,0.0034000000000000002,294.12,178869.33931356855,1.0,1.000008,1.000008,179054.66060503368,-165856.44110534427,12326.0,-90591.0,0.34340000000000004,-41.90840000000017,-102.91700000000009,-102917.0,-10.078174254249369,0.2137,0.2137,4.68,178869.33931356855,1.0,1.000116,1.000116,179035.32494462497,-180434.92024580893,12217.0,-98553.0,21.5837,-2610.7728999999918,-12184.699999999937,-110770.0,14309547.145085482,14309547.145085482
2024-08-14,-8.545918349661509,0.003352,0.003352,298.33,179372.24518796854,1.0,1.00000216,1.00000216,178868.95295663018,-152859.9467256807,7099.0,-83492.0,0.338552,-23.795848000000152,434.83680000000237,-90591.0,-9.31361090863836,0.2095,0.2095,4.77,179372.24518796854,1.0,0.9993149999999998,0.9993149999999998,178991.94879849555,-166706.1366888107,7498.0,-91055.0,21.159499999999998,-1570.8309999999885,41392.26000000017,-98553.0,14349779.615037482,14349779.615037482
2024-08-15,-8.812422462953378,0.003248,0.003248,307.88,180298.71487286853,1.0,0.99999424,0.99999424,179373.278378052,-158071.31076323352,-2846.0,-86338.0,0.32155199999999995,-9.243808000000081,868.3168000000016,-83492.0,-9.554402992136966,0.20140000000000002,0.20140000000000002,4.97,180298.71487286853,1.0,1.000958,1.000958,179200.57104091134,-171215.44721459362,-2463.0,-93518.0,19.9386,-496.048199999999,73754.54999999989,-91055.0,14423897.189829482,14423897.189829482
2024-08-16,-10.2118780741654,0.003301,0.003301,302.94,180002.89412378104,1.0,1.00000494,1.00000494,180297.82420161698,-184117.93977842203,-14227.0,-100565.0,0.326799,-46.96332699999998,-457.5914000000023,-86338.0,-10.78311576456444,0.2036,0.2036,4.91,180002.89412378104,1.0,0.999676,0.999676,180357.15058965958,-194481.2033775281,-12707.0,-106225.0,20.156399999999998,-2587.14520000002,-20573.959999999894,-93518.0,14400231.529902482,14400231.529902482
2024-08-17,-9.702070101227186,0.003373,0.003373,296.47,179538.71447818103,1.0,0.9999933100000001,0.9999933100000001,180004.09835119898,-174641.23807115253,5176.0,-95389.0,0.340673,-17.45864800000008,-724.0679999999984,-100565.0,-10.666485392311536,0.207,0.207,4.83,179538.71447818103,1.0,0.99981,0.99981,180037.1011730039,-192036.310973596,1335.0,-104890.0,20.907,-276.345000000001,-36116.499999999985,-106225.0,14363097.158254482,14363097.158254482
2024-08-18,-8.134883886030847,0.003342,0.003342,299.22,179361.32109280603,1.0,0.9999932400000001,0.9999932400000001,179539.92816809544,-146053.64685537753,15615.0,-79774.0,0.337542,-52.18533000000018,295.7058999999992,-95389.0,-9.784573591544474,0.2082,0.2082,4.8,179361.32109280603,1.0,0.9993599999999999,0.9993599999999999,179653.69284159967,-175783.47786013587,8877.0,-96013.0,21.028200000000002,-1848.1914000000133,-12586.800000000105,-104890.0,14348905.68742448,14348905.68742448
2024-08-19,-7.939146564766437,0.003367,0.003367,297.0,178871.92313781852,1.0,0.9999990000000001,0.9999990000000001,179361.50045430646,-142397.72401831608,1997.0,-77777.0,0.340067,-6.723899000000018,-199.43500000000017,-79774.0,-9.069197448981129,0.2121,0.2121,4.71,178871.92313781852,1.0,0.9989910000000001,0.9989910000000001,179542.4794545757,-162830.61966531846,7075.0,-88938.0,21.4221,-1500.6074999999964,-37445.07000000006,-96013.0,14309753.85102548,14309753.85102548
2024-08-20,-7.304998217502543,0.003434,0.003434,291.21,177664.38565524353,1.0,1.00001514,1.00001514,178869.21505790256,-130663.92971640574,6409.0,-71368.0,0.346834,-22.008505999999954,-521.1058999999988,-77777.0,-7.869120975249379,0.22260000000000002,0.22260000000000002,4.49,177664.38565524353,1.0,0.9994740000000001,0.9994740000000001,178966.0592850024,-140830.55709773363,12017.0,-76921.0,22.4826,-2674.984199999999,-93384.90000000007,-88938.0,14213150.85241948,14213150.85241948
2024-08-21,-5.760903846930432,0.003689,0.003689,271.08,176339.039316681,1.0,1.00001412,1.00001412,177661.87706953933,-102349.29910627907,15465.0,-55903.0,0.372589,-57.05038499999996,-1819.8840000000016,-71368.0,-5.097202860579182,0.2353,0.2353,4.25,176339.039316681,1.0,1.000025,1.000025,177659.94415663963,-90556.87755655612,27459.0,-49462.0,23.7653,-6461.102699999965,-97689.66999999997,-76921.0,14107123.14533448,14107123.14533448
2024-08-22,-0.584400139307733,0.0037630000000000003,0.0037630000000000003,265.75,175176.33802090603,1.0,1.00001725,1.00001725,176335.9975207238,-10305.078151607904,50274.0,-5629.0,0.38006300000000004,-189.18106200000082,-413.682200000001,-55903.0,-1.5052844111842707,0.2522,0.2522,3.97,175176.33802090603,1.0,1.001234,1.001234,176121.70513254745,-26511.32572072164,34982.0,-14480.0,25.4722,-8822.460400000069,-83590.77999999988,-49462.0,14014107.041672481,14014107.041672481
2024-08-23,2.2572254780263443,0.003912,0.003912,255.62,174804.98922935603,1.0,0.9999854399999999,0.9999854399999999,175178.88862552444,39541.82506178731,27227.0,21598.0,0.395112,-106.51202400000072,-83.87209999999982,-5629.0,2.8809035393186924,0.26489999999999997,0.26489999999999997,3.78,174804.98922935603,1.0,1.0013219999999998,1.0013219999999998,174945.0606507258,50399.984441499924,42008.0,27528.0,26.7549,-11127.919200000033,-18389.599999999995,-14480.0,13984399.13834848,13984399.13834848
2024-08-24,5.489033640548652,0.003935,0.003935,254.13,174916.56378373102,1.0,1.00000155,1.00000155,174804.7182820427,95950.89791767625,30810.0,52408.0,0.39743500000000004,-121.23735000000067,49.67540000000052,21598.0,6.003031304377482,0.2711,0.2711,3.69,174916.56378373102,1.0,1.000359,1.000359,174742.2567591795,104898.32375229223,29767.0,57295.0,27.3811,-8069.8337000000165,17067.360000000026,27528.0,13993325.10269848,13993325.10269848
2024-08-25,6.863324688696852,0.0038490000000000004,0.0038490000000000004,259.81,174708.76164889353,1.0,1.00000869,1.00000869,174915.04377200064,120049.87383448626,13163.0,65571.0,0.388749,-50.664386999999884,-450.7087999999998,52408.0,8.022937198377292,0.26920000000000005,0.26920000000000005,3.71,174708.76164889353,1.0,0.9987320000000002,0.9987320000000002,175138.6395787168,140512.63063492806,19453.0,76748.0,27.189200000000003,-5236.747600000028,-10886.04999999987,57295.0,13976700.931911482,13976700.931911482
2024-08-26,5.573636431205955,0.0036609999999999998,0.0036609999999999998,273.15,173726.31309609354,1.0,1.0000021499999998,1.0000021499999998,174708.3860258636,97376.10251909468,-12384.0,53187.0,0.36243899999999996,-45.33782400000031,-1232.7348000000025,65571.0,8.904387131267733,0.2594,0.2594,3.86,173726.31309609354,1.0,1.001284,1.001284,174484.72326422227,155367.95244367523,8114.0,84862.0,26.1994,-2104.771599999995,-75213.04000000004,76748.0,13898105.047687482,13898105.047687482
2024-08-27,1.5370529351322233,0.003503,0.003503,285.47,171682.53127226853,1.0,1.00000141,1.00000141,173726.06814233743,26702.616294716037,-38602.0,14585.0,0.346797,-135.22280599999917,-840.354599999999,53187.0,6.52140394299256,0.2409,0.2409,4.15,171682.53127226853,1.0,0.9997350000000002,0.9997350000000002,173772.36277222814,113323.9771765942,-22965.0,61897.0,23.8491,-5532.268499999997,-156994.70000000013,84862.0,13734602.501781482,13734602.501781482
2024-08-28,-2.546862453087387,0.0035020000000000003,0.0035020000000000003,285.55,171047.90487306856,1.0,0.9999961000000002,0.9999961000000002,171683.20083675176,-43725.34980369841,-38468.0,-23883.0,0.346698,-134.7149360000002,-1.4584999999998394,14585.0,1.5877686103890396,0.2345,0.2345,4.26,171047.90487306856,1.0,0.9989699999999999,0.9989699999999999,171859.546605272,27287.31934955431,-46993.0,14904.0,23.2155,-11019.858500000028,-39614.08000000004,61897.0,13683832.389845483,13683832.389845483
2024-08-29,-4.064254285623916,0.003578,0.003578,279.49,170860.27682199355,1.0,1.00001522,1.00001522,171045.30156357875,-69517.159991561,-14087.0,-37970.0,0.354222,-50.403286000000364,-181.5107999999999,-23883.0,-1.4128750726775394,0.22890000000000002,0.22890000000000002,4.37,170860.27682199355,1.0,1.000293,1.000293,170997.8025169311,-24159.853265880854,-28100.0,-13196.0,22.6611,-6432.089999999984,-8346.239999999982,14904.0,13668822.145759484,13668822.145759484
2024-08-30,-3.2526017684796558,0.003469,0.003469,288.27,170738.53358319355,1.0,1.00000863,1.00000863,170858.80231052963,-55573.56425555446,7616.0,-30354.0,0.350369,-26.419904,413.8730000000008,-37970.0,-3.641552881291693,0.2329,0.2329,4.29,170738.53358319355,1.0,0.999141,0.999141,171007.17198272672,-62273.16598552426,-20818.0,-34014.0,23.0571,-4848.5122000000165,-5278.399999999981,-13196.0,13659082.686655484,13659082.686655484
2024-08-31,-4.764550626781645,0.00345,0.00345,289.86,170942.28943319357,1.0,1.000017,1.000017,170735.63107746525,-81347.85580640969,-14078.0,-44432.0,0.34154999999999996,-48.56910000000012,57.672600000000386,-30354.0,-3.627378846365034,0.2281,0.2281,4.38,170942.28943319357,1.0,0.9990779999999999,0.9990779999999999,170896.09978719737,-61990.48972943677,155.0,-33859.0,23.0381,-35.355500000000205,16326.720000000014,-34014.0,13675383.154655484,13675383.154655484
2024-09-01,-5.589013207886432,0.003311,0.003311,302.02,171514.94889479358,1.0,0.99998822,0.99998822,170944.30315708477,-95540.99681578891,-7752.0,-52184.0,0.327789,-25.666872000000065,617.6047999999986,-44432.0,-4.549416469223544,0.21420000000000003,0.21420000000000003,4.67,171514.94889479358,1.0,1.0003140000000001,1.0003140000000001,170888.63040324693,-77744.3549559587,-8605.0,-42464.0,21.2058,-1843.1910000000148,47064.0099999999,-33859.0,13721195.911583485,13721195.911583485
2024-09-02,-8.042351063517632,0.003362,0.003362,297.44,170931.77101859357,1.0,0.99999328,0.99999328,171516.10148299555,-137939.27011721674,-23158.0,-75342.0,0.332838,-77.85719599999945,-266.13839999999965,-52184.0,-7.380828911660585,0.2237,0.2237,4.47,170931.77101859357,1.0,0.999939,0.999939,171525.4119449222,-126599.97195675736,-26685.0,-69149.0,22.1463,-5969.434500000024,-40340.79999999997,-42464.0,13674541.681487486,13674541.681487486
2024-09-03,-7.871653868387889,0.0031850000000000003,0.0031850000000000003,313.97,171774.83247296858,1.0,0.9999944500000002,0.9999944500000002,170932.71969518784,-134552.3204222688,1850.0,-73492.0,0.321685,-5.892249999999988,1333.5533999999996,-75342.0,-6.23775801127998,0.2138,0.2138,4.68,171774.83247296858,1.0,1.000584,1.000584,170832.00512759906,-106560.87085677036,10946.0,-58203.0,21.593799999999998,-2340.25479999999,68457.51000000014,-69149.0,13741986.597837485,13741986.597837485
2024-09-04,-10.347812536829672,0.003231,0.003231,309.5,171355.20197740608,1.0,0.9999945,0.9999945,171775.7772397434,-177750.35412450775,-23595.0,-97087.0,0.319869,-76.23544499999961,-338.0631999999995,-73492.0,-7.616594006400515,0.219,0.219,4.57,171355.20197740608,1.0,1.00083,1.00083,171632.37759956092,-130725.41385290858,-13199.0,-71402.0,21.680999999999997,-2890.5810000000156,-30265.559999999976,-58203.0,13708416.158192486,13708416.158192486
2024-09-05,-10.297743969224204,0.003251,0.003251,307.6,171797.67052169357,1.0,1.0000076,1.0000076,171353.89968776845,-176455.85871127667,707.0,-96380.0,0.328351,-2.2984570000000026,-194.17400000000018,-97087.0,-6.865805497017921,0.2138,0.2138,4.68,171797.67052169357,1.0,1.000584,1.000584,171255.18894706102,-117580.48176655741,7180.0,-64222.0,21.593799999999998,-1535.0839999999935,37129.03999999997,-71402.0,13743813.641735485,13743813.641735485
2024-09-06,-9.680242795780089,0.003148,0.003148,317.66,171961.82559029356,1.0,0.9999936800000001,0.9999936800000001,171798.7562898333,-166305.36728986382,5544.0,-90836.0,0.317948,-17.452511999999913,992.7139999999977,-96380.0,-7.507499353924354,0.21170000000000003,0.21170000000000003,4.72,171961.82559029356,1.0,0.9992240000000001,0.9992240000000001,171931.08904679387,-129077.25399383155,-6280.0,-70502.0,20.9583,-1329.4760000000028,13486.619999999826,-64222.0,13756946.047223484,13756946.047223484
2024-09-07,-10.961357392402244,0.003253,0.003253,307.41,171380.88484211857,1.0,1.0000047300000001,1.0000047300000001,171961.01221470576,-188492.61124446374,-12118.0,-102954.0,0.32204699999999997,-39.41985400000007,-953.7779999999958,-90836.0,-8.031698514167262,0.218,0.218,4.59,171380.88484211857,1.0,1.00062,1.00062,171855.2753195954,-138028.97594362003,-4889.0,-75391.0,21.582,-1065.802,-44416.25999999993,-70502.0,13710470.787369484,13710470.787369484
2024-09-08,-9.037792672463414,0.0033900000000000002,0.0033900000000000002,294.99,169955.5622501186,1.0,1.0000161,1.0000161,171378.12565429552,-154887.99682589064,18354.0,-84600.0,0.34239,-62.220060000000075,-1410.4698000000046,-102954.0,-6.565301585084838,0.2325,0.2325,4.3,169955.5622501186,1.0,0.99975,0.99975,171423.7407773129,-112544.85570464647,13919.0,-61472.0,23.4825,-3236.1675000000237,-109316.94999999995,-75391.0,13596444.980009485,13596444.980009485
2024-09-09,-5.379561456828362,0.0034350000000000006,0.0034350000000000006,291.12,169381.48548049357,1.0,0.9999972000000001,0.9999972000000001,169956.03812702533,-91428.89520633969,34662.0,-49938.0,0.34693500000000005,-119.06397000000074,-380.70000000000033,-84600.0,-2.481143143201689,0.2384,0.2384,4.19,169381.48548049357,1.0,0.9988960000000001,0.9988960000000001,170143.4005643416,-42215.013167123456,38414.0,-23058.0,24.0784,-9157.897599999947,-36268.47999999999,-61472.0,13550518.838439485,13550518.838439485
2024-09-10,-3.1747824760755154,0.003431,0.003431,291.46,169154.7689311686,1.0,0.99999926,0.99999926,169381.6108228856,-53774.976980994004,20566.0,-29372.0,0.34653100000000003,-70.56194600000036,19.975200000000573,-49938.0,0.2131165575133075,0.2436,0.2436,4.11,169154.7689311686,1.0,1.0011960000000002,1.0011960000000002,169179.14722041792,3605.487745865251,25027.0,1969.0,24.6036,-6096.577200000018,-11990.15999999999,-23058.0,13532381.514493486,13532381.514493486
2024-09-11,-2.401309736805292,0.0035320000000000004,0.0035320000000000004,283.13,169067.88837426857,1.0,1.00001516,1.00001516,169152.2045837471,-40618.683586903266,7186.0,-22186.0,0.356732,-25.380951999999855,-296.65719999999993,-29372.0,2.3085989984968207,0.2328,0.2328,4.3,169067.88837426857,1.0,1.00104,1.00104,168979.03073919984,39010.48211314802,19338.0,21307.0,23.512800000000002,-4501.886400000019,-2126.519999999997,1969.0,13525431.069941485,13525431.069941485
2024-09-12,-0.0677638306625014,0.003564,0.003564,280.58,169212.91037126858,1.0,0.9999871199999999,0.9999871199999999,169070.06599671862,-1145.6835322299576,21560.0,-626.0,0.359964,-76.83984000000025,-70.99519999999957,-22186.0,0.4957208235764656,0.2402,0.2402,4.16,169212.91037126858,1.0,0.999232,0.999232,169197.83230948224,8387.488877980924,-16726.0,4581.0,23.779799999999998,-4017.5852000000255,15767.179999999968,21307.0,13537032.829701485,13537032.829701485
2024-09-13,1.3574371097361142,0.003606,0.003606,277.32,169235.50389086857,1.0,1.0000159199999998,1.0000159199999998,169210.21654462122,22969.222728415265,13172.0,12546.0,0.364206,-47.49823199999997,-2.6291999999999884,-626.0,1.4580403020159638,0.24910000000000002,0.24910000000000002,4.01,169235.50389086857,1.0,0.998891,0.998891,169400.7758316659,24699.315835534075,8910.0,13491.0,25.1591,-2219.480999999987,4077.0900000000024,4581.0,13538840.311269484,13538840.311269484
2024-09-14,2.6442175487901327,0.003539,0.003539,282.57,169238.30922406857,1.0,1.00001523,1.00001523,169232.92647339837,44748.86740140702,11896.0,24442.0,0.357439,-42.09994400000017,-84.0581999999998,12546.0,3.6735858331454794,0.2532,0.2532,3.95,169238.30922406857,1.0,1.00014,1.00014,169211.8142368754,62161.412358142996,20461.0,33952.0,25.5732,-5180.725199999993,5531.310000000002,13491.0,13539064.737925485,13539064.737925485
2024-09-15,1.541514429686754,0.0033850000000000004,0.0033850000000000004,295.42,168544.1738477561,1.0,0.9999967000000002,0.9999967000000002,169238.867712332,26088.415664240747,-10193.0,14249.0,0.335115,-34.503305000000275,-376.40679999999924,24442.0,5.267565938295989,0.23800000000000002,0.23800000000000002,4.2,168544.1738477561,1.0,0.9996000000000002,0.9996000000000002,169306.03163672323,89183.06853976662,14760.0,48712.0,24.038,-3512.8799999999933,-51607.039999999986,33952.0,13483533.907820486,13483533.907820486
2024-09-16,-2.1654784132863165,0.003303,0.003303,302.76,168280.21385335608,1.0,1.0000162799999999,1.0000162799999999,168541.42999327581,-36497.28283948457,-34184.0,-19935.0,0.326997,-112.90975200000001,-116.84180000000057,14249.0,1.943262034025957,0.2352,0.2352,4.25,168280.21385335608,1.0,0.9995999999999999,0.9995999999999999,168611.61849515417,32765.655671730194,-30815.0,17897.0,23.2848,-7247.687999999968,-13639.360000000055,48712.0,13462417.108268486,13462417.108268486
2024-09-17,-5.151771681767617,0.003338,0.003338,299.58,168284.22667528107,1.0,0.9999980399999999,0.9999980399999999,168280.5436832217,-86694.29395396801,-27417.0,-47352.0,0.330462,-91.51794600000021,-69.77250000000006,-19935.0,0.1201239328889048,0.2377,0.2377,4.21,168284.22667528107,1.0,1.000717,1.000717,168159.64338904613,2019.9997717087942,-16794.0,1103.0,23.5323,-3991.933800000004,4474.25,17897.0,13462738.134022485,13462738.134022485
2024-09-18,-5.442814581188952,0.003441,0.003441,290.61,168286.4122608186,1.0,0.9999890100000001,0.9999890100000001,168286.0761392578,-91594.99090218268,-2677.0,-50029.0,0.340659,-9.211557000000074,-487.72560000000146,-47352.0,-0.0263266824408086,0.2468,0.2468,4.05,168286.4122608186,1.0,0.9995399999999999,0.9995399999999999,168361.67304488173,-443.2404301455846,-1345.0,-242.0,24.4332,-331.9460000000005,1003.7300000000001,1103.0,13462912.980865486,13462912.980865486
2024-09-19,-3.153109775240186,0.0035099999999999997,0.0035099999999999997,284.9,168213.4331413186,1.0,0.9999989999999999,0.9999989999999999,168286.58054739915,-53062.60621657492,21046.0,-28983.0,0.35451,-73.87146000000027,-345.2000999999981,-50029.0,1.9891347807979345,0.2666,0.2666,3.75,168213.4331413186,1.0,0.99975,0.99975,168328.4943844147,33482.80627793891,18530.0,18288.0,26.9266,-4940.098000000007,-479.1600000000001,-242.0,13457074.651305486,13457074.651305486
2024-09-20,-0.8169930591290651,0.0035220000000000004,0.0035220000000000004,283.93,168296.92774014358,1.0,1.0000014600000002,1.0000014600000002,168213.18755006473,-13742.900668237853,21477.0,-7506.0,0.35572200000000004,-75.64199400000054,-34.779600000001,-28983.0,6.577828534400685,0.2767,0.2767,3.61,168296.92774014358,1.0,0.998887,0.998887,168400.8633021739,110771.20038467487,42215.0,60503.0,27.946700000000003,-11680.890500000072,18470.88000000003,18288.0,13463754.219211485,13463754.219211485
2024-09-21,0.2793399690352603,0.003584,0.003584,279.02,168274.96814744358,1.0,1.00000768,1.00000768,168295.63522966503,4701.16975338241,10074.0,2568.0,0.361984,-36.10521599999976,-46.53719999999988,-7506.0,10.083786859255992,0.2779,0.2779,3.6,168274.96814744358,1.0,1.00044,1.00044,168222.90965989322,169632.3965854239,32150.0,92653.0,28.067899999999998,-8934.484999999966,7260.359999999845,60503.0,13461997.451795485,13461997.451795485
2024-09-22,2.032552325977095,0.003517,0.003517,284.33,167652.48653071857,1.0,0.9999886099999999,0.9999886099999999,168276.88482116172,34203.1573651432,16114.0,18682.0,0.355217,-56.672937999999874,-17.205599999999958,2568.0,11.421926098537986,0.2729,0.2729,3.66,167652.48653071857,1.0,0.998814,0.998814,168474.77923561702,192430.64778967196,12452.0,105105.0,27.5629,-3398.150799999999,-46326.5,92653.0,13412198.922457485,13412198.922457485
2024-09-23,1.0202487967863612,0.0036370000000000005,0.0036370000000000005,274.95,167752.53868768108,1.0,0.9999931500000001,0.9999931500000001,167653.63495811803,17104.84193428797,-9339.0,9343.0,0.360063,-33.96594300000001,224.1840000000002,18682.0,10.399988034994635,0.27390000000000003,0.27390000000000003,3.65,167752.53868768108,1.0,0.999735,0.999735,167696.92621616586,174404.6026153503,-9845.0,95260.0,27.1161,-2696.545500000011,10510.50000000015,105105.0,13420203.095014485,13420203.095014485
2024-09-24,3.2751088734128966,0.003878,0.003878,257.86,169015.40151458106,1.0,0.9999810800000001,0.9999810800000001,167755.71262576396,54941.822298634346,20666.0,30009.0,0.39167799999999997,-80.14274799999984,225.16629999999958,9343.0,9.985610735275946,0.2846,0.2846,3.51,169015.40151458106,1.0,0.998946,0.998946,167929.53641906678,167687.89816361462,-3669.0,91591.0,28.1754,-1044.1974000000039,101928.20000000003,95260.0,13521232.121166484,13521232.121166484
2024-09-25,8.27895560937619,0.0038090000000000003,0.0038090000000000003,262.54,167605.60446130607,1.0,1.00001486,1.00001486,169012.8899830359,139925.0213581936,46418.0,76427.0,0.384709,-176.8061620000003,-207.06209999999885,30009.0,11.651496894053452,0.27280000000000004,0.27280000000000004,3.67,167605.60446130607,1.0,1.001176,1.001176,168816.87287208348,196696.9269932897,15845.0,107436.0,27.5528,-4322.516000000002,-108077.37999999998,91591.0,13408448.356904484,13408448.356904484
2024-09-26,8.510975236092314,0.004014,0.004014,249.13,170055.34177483106,1.0,1.00000782,1.00000782,167604.2937957286,142647.59939581866,1487.0,77914.0,0.405414,-5.968818000000026,1566.753499999997,76427.0,8.904896352675642,0.2916,0.2916,3.43,170055.34177483106,1.0,1.000188,1.000188,167574.10053040634,149222.99966161168,-25931.0,81505.0,28.8684,-7561.479599999973,201979.6799999999,107436.0,13604427.341986485,13604427.341986485
2024-09-27,11.579932419926877,0.004017,0.004017,248.94,171268.41332880605,1.0,0.9999919799999999,0.9999919799999999,170056.70562961022,196924.5158746285,29646.0,107560.0,0.405717,-119.08798199999978,23.37420000000175,77914.0,11.041246402169229,0.3043,0.3043,3.29,171268.41332880605,1.0,1.001147,1.001147,169860.51176783335,187547.1764427214,20933.0,102438.0,30.7343,-6369.911900000028,103511.34999999996,81505.0,13701473.066304484,13701473.066304484
2024-09-28,12.698094900833956,0.004006,0.004006,249.63,169690.7824470061,1.0,1.00001778,1.00001778,171265.3682305589,217474.389901791,11224.0,118784.0,0.404606,-44.963344000000106,-118.31599999999891,107560.0,13.979366221635177,0.2928,0.2928,3.42,169690.7824470061,1.0,1.001376,1.001376,171033.071821979,239093.39470106765,28154.0,130592.0,29.5728,-8243.491199999993,-117803.69999999985,102438.0,13575262.595760485,13575262.595760485
2024-09-29,12.521286789710446,0.003975,0.003975,251.57,169224.69534013106,1.0,0.99999075,0.99999075,169692.352101263,212476.66066804383,-2730.0,116054.0,0.393525,-10.851750000000017,-368.230399999999,118784.0,12.009707113364083,0.2904,0.2904,3.44,169224.69534013106,1.0,0.998976,0.998976,169864.7239243046,204002.55832233472,-19166.0,111426.0,28.749599999999997,-5565.806400000034,-31342.08000000026,130592.0,13537975.627210485,13537975.627210485
2024-09-30,11.424211537049407,0.003733,0.003733,267.88,167290.96377704357,1.0,0.9999960400000001,0.9999960400000001,169225.36547257833,193326.63725932318,-10459.0,105595.0,0.36956700000000003,-39.04344699999986,-2808.5068,116054.0,10.63189075076298,0.2771,0.2771,3.61,167290.96377704357,1.0,1.000331,1.000331,169168.70050026546,179858.3142167365,-13188.0,98238.0,27.4329,-3654.3948000000105,-148196.5799999998,111426.0,13383277.102163484,13383277.102163484
2024-10-01,4.871071385608689,0.0035199999999999997,0.0035199999999999997,284.09,164818.71885679357,1.0,0.9999967999999998,0.9999967999999998,167291.49910984075,81488.88343695267,-61086.0,44509.0,0.34847999999999996,-215.0227200000014,-2249.1735000000044,105595.0,6.657714486072718,0.2582,0.2582,3.87,164818.71885679357,1.0,0.999234,0.999234,167419.20688952095,111462.9278955169,-37357.0,60881.0,25.5618,-9645.57739999995,-185669.82000000007,98238.0,13185497.508543484,13185497.508543484
2024-10-02,-1.2054309564423544,0.003432,0.003432,291.38,164276.45875239355,1.0,1.00001616,1.00001616,164816.05542933784,-19867.437533324282,-55361.0,-10852.0,0.339768,-189.9989519999995,-391.67919999999884,44509.0,1.0766125819809944,0.25329999999999997,0.25329999999999997,3.95,164276.45875239355,1.0,1.000535,1.000535,164730.58799221774,17735.102366954896,-51194.0,9687.0,25.0767,-12967.44019999997,-29831.690000000122,60881.0,13142116.700191483,13142116.700191483
2024-10-03,-4.831144036724833,0.003453,0.003453,289.6,164114.93713813103,1.0,0.9999888,0.9999888,164278.29866933863,-79365.21229796765,-32497.0,-43349.0,0.341847,-112.21214099999948,-22.7891999999999,-10852.0,-1.7681055998420383,0.2466,0.2466,4.06,164114.93713813103,1.0,1.001196,1.001196,164080.21881069595,-29011.11537024985,-25533.0,-15846.0,24.4134,-6296.437800000021,-6490.289999999982,9687.0,13129194.971050482,13129194.971050482
2024-10-04,-5.667402548102677,0.003517,0.003517,284.33,163724.11281040602,1.0,0.9999886099999999,0.9999886099999999,164116.80642855627,-93011.60069396737,-7454.0,-50803.0,0.348183,-26.215717999999942,-277.43360000000075,-43349.0,-4.085871691827017,0.2627,0.2627,3.81,163724.11281040602,1.0,1.000887,1.000887,163969.49619500604,-66995.8322826313,-20747.0,-36593.0,26.0073,-5450.236899999975,-25512.05999999999,-15846.0,13097929.024832482,13097929.024832482
2024-10-05,-4.570348322370149,0.0035099999999999997,0.0035099999999999997,284.9,163919.71083015602,1.0,0.9999989999999999,0.9999989999999999,163724.27653468258,-74827.69725915529,9932.0,-40871.0,0.35451,-34.86132000000013,35.56210000000172,-50803.0,-1.3453618335869006,0.25670000000000004,0.25670000000000004,3.9,163919.71083015602,1.0,1.00113,1.00113,163539.3133862795,-22001.955052090776,24576.0,-12017.0,25.9267,-6308.6591999999655,21955.799999999923,-36593.0,13113576.866412481,13113576.866412481
2024-10-06,-4.175648859944949,0.003575,0.003575,279.72,163719.07967046852,1.0,0.9999990000000001,0.9999990000000001,163919.87475003075,-68447.18381222847,3485.0,-37386.0,0.361075,-12.458874999999981,-265.6615000000002,-40871.0,-1.553191662997362,0.26940000000000003,0.26940000000000003,3.71,163719.07967046852,1.0,0.9994740000000001,0.9994740000000001,164005.97797457062,-25473.271767183207,-1896.0,-13913.0,26.6706,-510.78240000000187,-15261.589999999995,-12017.0,13097526.37363748,13097526.37363748
2024-10-07,-2.5619058018752097,0.0035120000000000004,0.0035120000000000004,284.74,163710.04598766853,1.0,1.0000068800000002,1.0000068800000002,163717.95329094987,-41942.997440721905,14477.0,-22909.0,0.354712,-50.84322400000022,235.53179999999895,-37386.0,1.0535727720015728,0.2656,0.2656,3.77,163710.04598766853,1.0,1.001312,1.001312,163504.5616855371,17226.39542899335,23322.0,9409.0,26.825599999999998,-6194.323199999981,5286.940000000036,-13913.0,13096803.679013481,13096803.679013481
2024-10-08,-3.134501352517145,0.003448,0.003448,290.02,163680.47581876852,1.0,0.9999889599999999,0.9999889599999999,163711.8533665297,-51315.50258004759,-5119.0,-28028.0,0.341352,-17.650312000000035,146.61760000000038,-22909.0,1.2336359402253434,0.2634,0.2634,3.8,163680.47581876852,1.0,1.00092,1.00092,163559.57118218092,20177.296537818376,1612.0,11021.0,26.6034,-424.6008000000012,-2069.979999999989,9409.0,13094438.065501481,13094438.065501481
2024-10-09,-4.521883609681487,0.003396,0.003396,294.46,163591.20441121852,1.0,0.99998616,0.99998616,163682.74118790656,-74015.43045653315,-12399.0,-40427.0,0.336204,-42.107004000000124,145.7455999999995,-28028.0,0.8618811424263946,0.2576,0.2576,3.88,163591.20441121852,1.0,0.9994879999999999,0.9994879999999999,163764.32315222247,14114.538192712276,-3312.0,7709.0,25.5024,-853.1712000000002,-6392.179999999981,11021.0,13087296.352897482,13087296.352897482
2024-10-10,-5.963384721058531,0.003396,0.003396,294.46,163560.98759666854,1.0,0.99998616,0.99998616,163593.4685448232,-97557.0790785168,-12859.0,-53286.0,0.336204,-43.66916400000013,-0.0,-40427.0,-0.4984831476307346,0.2586,0.2586,3.87,163560.98759666854,1.0,1.000782,1.000782,163463.3760511465,-8148.373821632194,-12160.0,-4451.0,25.601399999999998,-3144.5760000000155,770.8999999999836,7709.0,13084879.007733483,13084879.007733483
2024-10-11,-6.337292885945843,0.003517,0.003517,284.33,163457.19479404355,1.0,0.9999886099999999,0.9999886099999999,163562.85057753662,-103654.56893700457,-3330.0,-56616.0,0.348183,-11.711609999999975,-644.7606,-53286.0,-0.7299564960857008,0.2745,0.2745,3.64,163457.19479404355,1.0,0.9991800000000001,0.9991800000000001,163695.21767516216,-11949.038752014745,-2076.0,-6527.0,27.1755,-569.8619999999995,-7077.089999999999,-4451.0,13076575.583523482,13076575.583523482
2024-10-12,-3.485572039717594,0.0035320000000000004,0.0035320000000000004,283.13,163250.51842649354,1.0,1.00001516,1.00001516,163454.71682053656,-56973.31907096193,25497.0,-31119.0,0.356732,-90.05540399999948,-84.92400000000008,-56616.0,2.627919427035943,0.2864,0.2864,3.49,163250.51842649354,1.0,0.999536,0.999536,163533.07414044472,42975.17424965838,30000.0,23473.0,28.9264,-8592.000000000013,-7767.130000000008,-6527.0,13060041.474119483,13060041.474119483
2024-10-13,-2.0968609845021478,0.0034860000000000004,0.0034860000000000004,286.86,163261.15354784354,1.0,0.9999939600000002,0.9999939600000002,163251.50446558048,-34231.57103751539,12422.0,-18697.0,0.352086,-43.303091999999864,143.14739999999978,-31119.0,6.145292179656542,0.29059999999999997,0.29059999999999997,3.44,163261.15354784354,1.0,0.9996639999999999,0.9996639999999999,163305.38903721006,100355.9330146136,31341.0,54814.0,29.3506,-9107.69460000004,9858.659999999956,23473.0,13060892.283827482,13060892.283827482
2024-10-14,-2.5453166138467958,0.0036430000000000004,0.0036430000000000004,274.5,163197.42731034354,1.0,1.0000035,1.0000035,163260.58213580606,-41554.987209656654,-4000.0,-22697.0,0.360657,-14.57200000000003,-293.54289999999986,-18697.0,8.206227223105413,0.2907,0.2907,3.44,163197.42731034354,1.0,1.000008,1.000008,163259.8474690638,133974.74047406687,18363.0,73177.0,29.3607,-5338.12410000002,548.1400000000857,54814.0,13055794.184827482,13055794.184827482
2024-10-15,0.916777480903498,0.003591,0.003591,278.47,162391.54743560604,1.0,0.9999857700000001,0.9999857700000001,163199.74964278095,14961.785536159028,30869.0,8172.0,0.362691,-110.85057900000034,118.02440000000087,-22697.0,8.811858361908687,0.2821,0.2821,3.54,162391.54743560604,1.0,0.998634,0.998634,163420.6599318104,144003.97087287594,5478.0,78655.0,28.4921,-1545.343799999999,-62932.21999999996,73177.0,12991323.794848483,12991323.794848483
2024-10-16,0.9327771082545164,0.0035210000000000003,0.0035210000000000003,284.01,162137.81801633106,1.0,0.99999921,0.99999921,162391.67572502987,15147.523768739851,102.0,8274.0,0.355621,-0.35914199999999963,-57.203999999999596,8172.0,6.738743903387975,0.2802,0.2802,3.57,162137.81801633106,1.0,1.000314,1.000314,162340.57249584235,109397.15431788712,-18902.0,59753.0,27.7398,-5296.340400000013,-14944.4500000001,78655.0,12971025.441306483,12971025.441306483
2024-10-17,-0.6661326662016418,0.003432,0.003432,291.38,161566.58354838105,1.0,1.00001616,1.00001616,162135.19791153283,-10800.355166994023,-14173.0,-5899.0,0.339768,-48.64173599999987,-73.63860000000015,8274.0,5.441517940380313,0.2731,0.2731,3.66,161566.58354838105,1.0,0.999546,0.999546,162211.46202008816,88267.65807176295,-11541.0,48212.0,27.0369,-3151.8470999999936,-42424.63000000005,59753.0,12925326.683870483,12925326.683870483
2024-10-18,-3.223653845202288,0.003507,0.003507,285.14,161968.47243784356,1.0,0.9999859799999999,0.9999859799999999,161568.84874364044,-52084.204051734334,-22549.0,-28448.0,0.34719300000000003,-79.0793429999996,-44.24250000000004,-5899.0,3.1201412857058823,0.281,0.281,3.56,161968.47243784356,1.0,1.0003600000000001,1.0003600000000001,161508.4405097975,50392.915322459165,-20687.0,27525.0,27.819000000000003,-5813.046999999975,38087.48000000013,48212.0,12957477.795027483,12957477.795027483
2024-10-19,-2.337579492956299,0.003513,0.003513,284.66,161940.03574054354,1.0,1.00001058,1.00001058,161966.75882953513,-37861.01739805199,7768.0,-20680.0,0.354813,-27.28898399999991,-17.068799999999698,-28448.0,4.010081957282488,0.281,0.281,3.56,161940.03574054354,1.0,1.0003600000000001,1.0003600000000001,161910.18477132588,64927.31106517678,7938.0,35463.0,28.381,-2230.5779999999904,0.0,27525.0,12955202.859243482,12955202.859243482
2024-10-20,-1.8589785420214215,0.003649,0.003649,274.05,162309.29691038106,1.0,1.00000845,1.00000845,161938.66735880438,-30104.050774356212,4237.0,-16443.0,0.368549,-15.460813000000057,-281.24800000000005,-20680.0,4.263485474970252,0.2896,0.2896,3.45,162309.29691038106,1.0,0.9991200000000001,0.9991200000000001,162082.66848881368,69103.71028464756,2281.0,37744.0,29.2496,-660.5776000000002,30498.17999999998,35463.0,12984743.752830483,12984743.752830483
2024-10-21,1.5346855461823437,0.0036090000000000002,0.0036090000000000002,277.09,161677.27951998104,1.0,1.00001781,1.00001781,162306.40623328608,24908.9295699024,30048.0,13605.0,0.364509,-108.44323200000086,65.77200000000006,-16443.0,6.222093247193245,0.2775,0.2775,3.6,161677.27951998104,1.0,0.9990000000000001,0.9990000000000001,162471.7686790601,101091.44947575228,17472.0,55216.0,28.0275,-4848.479999999998,-45670.240000000034,37744.0,12934182.361598482,12934182.361598482
2024-10-22,1.7455731499311913,0.003645,0.003645,274.35,161523.67298685605,1.0,1.0000057500000001,1.0000057500000001,161676.3498809692,28221.78953311008,1810.0,15415.0,0.368145,-6.597450000000017,48.977999999999895,13605.0,3.691224127673866,0.27640000000000003,0.27640000000000003,3.62,161523.67298685605,1.0,1.0005680000000001,1.0005680000000001,161585.4989565737,59644.82924307252,-22638.0,32578.0,27.3636,-6257.143199999974,-6073.759999999968,55216.0,12921893.838948483,12921893.838948483
2024-10-23,2.6272225193795298,0.003497,0.003497,285.96,161124.12259046853,1.0,1.00000212,1.00000212,161523.33055739527,42435.77314455726,7763.0,23178.0,0.35319700000000004,-27.147211000000215,-228.14199999999968,15415.0,2.54366612927439,0.2675,0.2675,3.74,161124.12259046853,1.0,1.00045,1.00045,161451.0200278435,41067.74911816267,-10147.0,22431.0,26.482499999999998,-2714.322500000019,-28994.42000000002,32578.0,12889929.807237482,12889929.807237482
2024-10-24,-0.7149321421770077,0.0034649999999999998,0.0034649999999999998,288.6,161065.66101484353,1.0,0.999999,0.999999,161124.28371475224,-11519.292931292377,-29470.0,-6292.0,0.343035,-102.11354999999988,-74.16960000000084,23178.0,-0.1173942241468557,0.2683,0.2683,3.73,161065.66101484353,1.0,1.000759,1.000759,161001.92213157067,-1890.0695734788212,-23463.0,-1032.0,26.5617,-6295.122899999999,1794.4799999999618,22431.0,12885252.881187482,12885252.881187482
2024-10-25,-2.6255193014575195,0.003261,0.003261,306.65,161071.26795401855,1.0,0.99998565,0.99998565,161067.97234024663,-42288.70702259434,-16806.0,-23098.0,0.322839,-54.804366000000236,128.35679999999982,-6292.0,-0.8401525228239999,0.2493,0.2493,4.01,161071.26795401855,1.0,0.9996929999999999,0.9996929999999999,161115.12335771436,-13536.127735408367,-6361.0,-7393.0,24.680699999999998,-1585.7973000000104,1960.7999999999986,-1032.0,12885701.436321482,12885701.436321482
2024-10-26,-7.318555209737727,0.003337,0.003337,299.67,160900.39652081853,1.0,0.9999987900000001,0.9999987900000001,161071.46285048858,-117881.03935845199,-41288.0,-64386.0,0.330363,-137.77805599999914,-175.5447999999999,-23098.0,-5.233697817992928,0.2541,0.2541,3.94,160900.39652081853,1.0,1.0011539999999999,1.0011539999999999,160885.60596473527,-84202.66448841049,-38598.0,-45991.0,25.1559,-9807.751800000042,-3548.640000000003,-7393.0,12872031.721665481,12872031.721665481
2024-10-27,-7.185992616661298,0.0033989999999999997,0.0033989999999999997,294.2,160679.24318996852,1.0,0.9999857999999998,0.9999857999999998,160902.68133889357,-115624.54801022948,1232.0,-63154.0,0.34329899999999997,-4.187567999999982,-399.1931999999989,-64386.0,-5.555794226374987,0.2577,0.2577,3.88,160679.24318996852,1.0,0.9998759999999999,0.9998759999999999,160920.35064429845,-89404.03550158317,-2841.0,-48832.0,25.5123,-732.1256999999995,-16556.759999999973,-45991.0,12854339.455197481,12854339.455197481
2024-10-28,-5.566449582708033,0.003437,0.003437,290.95,160356.08509325603,1.0,0.9999951499999999,0.9999951499999999,160680.0224880776,-89441.72441282771,14301.0,-48853.0,0.34713700000000003,-49.152537000000336,-239.9852000000016,-63154.0,-4.642692661017727,0.2625,0.2625,3.81,160356.08509325603,1.0,1.0001250000000002,1.0001250000000002,160659.16079486912,-74589.11067476058,8092.0,-40740.0,26.5125,-2124.149999999994,-23439.360000000022,-48832.0,12828486.807460481,12828486.807460481
2024-10-29,-3.9754113768577217,0.0035610000000000004,0.0035610000000000004,280.82,159977.45028983103,1.0,1.00000002,1.00000002,160356.08188613437,-63748.13922784671,14034.0,-34819.0,0.359661,-49.97507399999973,-605.7772000000011,-48853.0,-2.9654210873350366,0.2688,0.2688,3.72,159977.45028983103,1.0,0.9999359999999999,0.9999359999999999,160366.34853956258,-47555.37516581391,14765.0,-25975.0,27.148799999999998,-3968.8319999999826,-25666.19999999996,-40740.0,12798196.02318648,12798196.02318648
2024-10-30,-0.376262222023847,0.0035499999999999998,0.0035499999999999998,281.69,160137.90296295602,1.0,0.9999994999999999,0.9999994999999999,159977.53027859618,-6019.350101651186,31531.0,-3288.0,0.35855,-111.93504999999992,38.30090000000158,-34819.0,-0.6678717760658451,0.2618,0.2618,3.82,160137.90296295602,1.0,1.000076,1.000076,159965.29292756855,-10683.630429642839,20140.0,-5835.0,26.4418,-5272.652000000018,18182.49999999998,-25975.0,12811032.237036481,12811032.237036481
2024-10-31,0.643254048619595,0.003418,0.003418,292.57,160198.91828605602,1.0,1.00000426,1.00000426,160137.22077839548,10300.891560039283,8914.0,5626.0,0.34521799999999997,-30.46805199999979,43.401599999999966,-3288.0,-1.510298984434134,0.2503,0.2503,4.0,160198.91828605602,1.0,1.0012,1.0012,159945.9678015941,-24156.623273508223,-7359.0,-13194.0,24.779700000000002,-1841.957699999995,6710.249999999992,-5835.0,12815913.462884482,12815913.462884482
2024-11-01,-2.0139290810496657,0.003575,0.003575,279.72,160160.50367855604,1.0,0.9999990000000001,0.9999990000000001,160199.0784851345,-32262.95829185702,-23248.0,-17622.0,0.353925,-83.11159999999988,88.32819999999995,5626.0,-4.453852808484726,0.24780000000000002,0.24780000000000002,4.04,160160.50367855604,1.0,1.001112,1.001112,160020.9749618984,-71270.98687505152,-25734.0,-38928.0,24.5322,-6376.885200000041,3298.5,-13194.0,12812840.294284482,12812840.294284482
2024-11-02,0.6501208566313463,0.0034820000000000003,0.0034820000000000003,287.19,160441.12892183103,1.0,0.9999955800000001,0.9999955800000001,160161.21159111126,10412.414407872757,23309.0,5687.0,0.351682,-81.16193799999965,163.88459999999955,-17622.0,-6.031809202427242,0.24120000000000003,0.24120000000000003,4.15,160441.12892183103,1.0,1.0009800000000002,1.0009800000000002,160003.70005250454,-96511.17903991051,-13786.0,-52714.0,23.878800000000002,-3325.183199999989,25692.480000000007,-38928.0,12835290.313746482,12835290.313746482
2024-11-03,-0.5207143020355474,0.0033410000000000002,0.0033410000000000002,299.31,160770.58430495602,1.0,0.9999947100000001,0.9999947100000001,160441.97765989284,-8354.443241437399,-10250.0,-4563.0,0.330759,-34.24524999999982,-80.1867,5687.0,-8.008048378847988,0.2354,0.2354,4.25,160770.58430495602,1.0,1.00045,1.00045,160368.96288853118,-128424.24132770354,-17431.0,-70145.0,23.3046,-4103.257399999974,30574.120000000097,-52714.0,12861646.744396482,12861646.744396482
2024-11-04,-3.8964200017338153,0.003263,0.003263,306.47,161440.43797650604,1.0,1.00001161,1.00001161,160768.7177801426,-62642.24476116465,-29652.0,-34215.0,0.32303699999999996,-96.75447600000047,35.591400000000135,-4563.0,-9.924300482471644,0.22719999999999999,0.22719999999999999,4.4,161440.43797650604,1.0,0.99968,0.99968,160822.04736011126,-159604.63222080297,-17031.0,-87176.0,22.4928,-3869.4431999999974,57518.90000000002,-70145.0,12915235.038120482,12915235.038120482
2024-11-05,-6.667248084914127,0.003336,0.003336,299.76,159990.50782605604,1.0,0.99999936,0.99999936,161440.54129845247,-107636.41397996072,-24576.0,-58791.0,0.330264,-81.98553600000014,-249.769500000001,-34215.0,-12.230563696572434,0.2399,0.2399,4.17,159990.50782605604,1.0,1.000383,1.000383,161378.62996123088,-197375.16130064268,-20630.0,-107806.0,23.7501,-4949.136999999972,-110713.51999999996,-87176.0,12799240.626084482,12799240.626084482
2024-11-06,-5.86590115312497,0.00363,0.00363,275.48,155798.95029068104,1.0,0.9999924000000001,0.9999924000000001,159991.72376315662,-93849.56369127521,7531.0,-51260.0,0.36663,-27.337530000000168,-1728.455399999999,-58791.0,-8.943919022309007,0.2701,0.2701,3.7,155798.95029068104,1.0,0.9993700000000001,0.9993700000000001,160091.36538624935,-143184.42081854976,29599.0,-78207.0,27.2801,-7994.68989999998,-325574.12000000034,-107806.0,12463916.023254482,12463916.023254482
2024-11-07,0.9205697990614196,0.004065,0.004065,246.0,155140.13130180605,1.0,0.99999,0.99999,155800.50829576398,14342.524261549848,59094.0,7834.0,0.41056499999999996,-240.21710999999914,-2229.809999999999,-51260.0,-0.0490094615182325,0.2738,0.2738,3.65,155140.13130180605,1.0,0.99937,0.99937,155897.16550494917,-764.043613361633,77790.0,-417.0,27.6538,-21298.902000000107,-28936.5899999998,-78207.0,12411210.504144482,12411210.504144482
2024-11-08,8.394716154466877,0.0044469999999999996,0.0044469999999999996,224.87,155033.22156996853,1.0,0.9999968899999999,0.9999968899999999,155140.61378911496,130236.14167893902,63301.0,71135.0,0.44914699999999996,-281.49954699999864,299.25880000000006,7834.0,3.2214221974443307,0.2878,0.2878,3.47,155033.22156996853,1.0,0.998666,0.998666,155347.36468629757,50043.944891491854,27751.0,27334.0,29.067800000000002,-7986.73780000002,-583.8000000000009,-417.0,12402657.725597482,12402657.725597482
2024-11-09,11.967444982556223,0.004967,0.004967,201.33,155497.93363120602,1.0,1.0000061100000002,1.0000061100000002,155032.2743227724,185534.02134783426,30203.0,101338.0,0.501667,-150.01830099999998,3699.0199999999995,71135.0,6.93846025340711,0.3036,0.3036,3.29,155497.93363120602,1.0,0.998844,0.998844,155212.64739035178,107693.67847440485,31488.0,58822.0,30.6636,-9559.756799999981,43187.71999999995,27334.0,12439834.690496482,12439834.690496482
2024-11-10,14.7331258383431,0.005901,0.005901,169.46,156638.96780749352,1.0,0.99998346,0.99998346,155500.5056095688,229100.85170717543,23797.0,125135.0,0.596001,-140.42609700000108,9464.969199999998,101338.0,9.90731918144846,0.3189,0.3189,3.14,156638.96780749352,1.0,1.001346,1.001346,155288.9147519499,153849.68437883077,25210.0,84032.0,32.2089,-8039.468999999982,89997.66000000006,58822.0,12531117.424599482,12531117.424599482
2024-11-11,15.690195415609622,0.006131999999999999,0.006131999999999999,163.08,160586.2419850435,1.0,1.0000065599999999,1.0000065599999999,156637.9402626054,245767.98922188656,9103.0,134238.0,0.619332,-55.81959600000024,2890.6185000000014,125135.0,12.456862851194884,0.35710000000000003,0.35710000000000003,2.8,160586.2419850435,1.0,0.99988,0.99988,156657.76673950226,195146.43148484593,22557.0,106589.0,36.0671,-8055.10470000006,321002.24000000005,84032.0,12846899.35880348,12846899.35880348
2024-11-12,17.51331405262624,0.005709,0.005709,175.16,158096.42538274353,1.0,0.9999884399999999,0.9999884399999999,160588.09838346083,281242.98001035897,19376.0,153614.0,0.5766089999999999,-110.61758399999931,-5678.267400000001,134238.0,14.434309893594804,0.3396,0.3396,2.94,158096.42538274353,1.0,0.998424,0.998424,160839.72539226172,232161.04395125952,20217.0,126806.0,34.2996,-6865.693199999944,-186530.75,106589.0,12647714.030619482,12647714.030619482
2024-11-13,18.141808187958915,0.005783000000000001,0.005783000000000001,172.92,156760.27188230603,1.0,0.99999636,0.99999636,158097.00085582666,286816.54646179837,3045.0,156659.0,0.584083,-17.60923499999995,1136.7436000000112,153614.0,15.210723621884178,0.3312,0.3312,3.02,156760.27188230603,1.0,1.000224,1.000224,158061.01971432753,240422.24862678224,4512.0,131318.0,33.4512,-1494.3744000000117,-106517.04000000043,126806.0,12540821.750584481,12540821.750584481
2024-11-14,18.98685272148198,0.005792,0.005792,172.65,153592.76414350604,1.0,0.9999888000000001,0.9999888000000001,156762.02761701532,297641.7530685161,5912.0,162571.0,0.5849920000000001,-34.24230400000012,140.99310000000187,156659.0,14.31194288348427,0.3121,0.3121,3.2,153592.76414350604,1.0,0.99872,0.99872,156961.18219551627,224641.94745063974,-8619.0,122699.0,30.8979,-2689.989900000008,-250817.37999999954,131318.0,12287421.131480481,12287421.131480481
2024-11-15,18.87454156558987,0.007071,0.007071,141.42,156625.56308256852,1.0,0.9999808199999999,0.9999808199999999,153595.71010922594,289904.8614752877,-4225.0,158346.0,0.7000289999999999,-29.87497500000021,20792.830899999983,162571.0,9.694080841349368,0.33130000000000004,0.33130000000000004,3.02,156625.56308256852,1.0,1.000526,1.000526,153512.01682265732,148815.79011974242,-41416.0,81283.0,32.798700000000004,-13721.120799999951,235582.08000000022,122699.0,12530045.04660548,12530045.04660548
2024-11-16,18.35058564293077,0.007416000000000001,0.007416000000000001,134.84,158702.44478656852,1.0,0.9999734400000001,0.9999734400000001,156629.72316801586,287424.7149223213,-1355.0,156991.0,0.7341840000000001,-10.04867999999997,5462.9370000000135,158346.0,10.408784301499802,0.3514,0.3514,2.85,158702.44478656852,1.0,1.00149,1.00149,156392.53820064955,162785.61964946293,7630.0,88913.0,35.4914,-2681.181999999986,163378.82999999984,81283.0,12696195.58292548,12696195.58292548
2024-11-17,19.58312969692336,0.007026,0.007026,142.33,158047.1010795685,1.0,1.00001058,1.00001058,158700.76573246706,310785.7678339953,12760.0,169751.0,0.709626,-89.6517599999997,-6122.649000000006,156991.0,12.905866152012528,0.3471,0.3471,2.88,158047.1010795685,1.0,0.999648,0.999648,158758.32771792525,204891.37280448838,22998.0,111911.0,35.0571,-7982.605799999943,-38232.589999999975,88913.0,12643768.08636548,12643768.08636548
2024-11-18,20.019491113280548,0.007325000000000001,0.007325000000000001,136.52,159185.90469519352,1.0,1.0000090000000001,1.0000090000000001,158045.67866846046,316399.4059595637,3066.0,172817.0,0.7398250000000001,-22.45845000000008,5075.5549000000065,169751.0,13.010152380896816,0.35479999999999995,0.35479999999999995,2.82,159185.90469519352,1.0,1.0005359999999999,1.0005359999999999,157962.43321536508,205511.5326589136,339.0,112250.0,35.834799999999994,-120.2771999999991,86171.46999999955,111911.0,12734872.37561548,12734872.37561548
2024-11-19,20.076444676100305,0.007387,0.007387,135.37,157369.3514664185,1.0,0.9999781900000001,0.9999781900000001,159189.3766154975,319595.67126439314,1746.0,174563.0,0.7460870000000001,-12.897702000000056,1071.465399999997,172817.0,13.800358006336348,0.342,0.342,2.92,157369.3514664185,1.0,0.9986400000000001,0.9986400000000001,159402.69235679874,219981.4221697717,7903.0,120153.0,34.542,-2702.82599999999,-143679.99999999933,112250.0,12589548.11731348,12589548.11731348
2024-11-20,19.887322333981437,0.008003,0.008003,124.95,156499.570814531,1.0,0.99997485,0.99997485,157373.30940515004,312973.37309056113,-3617.0,170946.0,0.792297,-28.946850999999935,10753.080799999998,174563.0,11.560850348801456,0.33590000000000003,0.33590000000000003,2.98,156499.570814531,1.0,1.000982,1.000982,157214.96636944372,181753.86987889925,-20879.0,99274.0,33.2541,-7013.256100000048,-73293.32999999993,120153.0,12519965.66516248,12519965.66516248
2024-11-21,20.92845318894348,0.008218,0.008218,121.68,159258.958921931,1.0,0.99996624,0.99996624,156504.85441841616,327540.4519538237,7956.0,178902.0,0.830018,-65.38240800000047,3675.3389999999936,170946.0,9.581091243185757,0.35840000000000005,0.35840000000000005,2.79,159258.958921931,1.0,0.9999360000000002,0.9999360000000002,156509.58742812637,149953.2637582237,-17370.0,81904.0,35.4816,-6225.408000000055,223366.5,99274.0,12740716.713754479,12740716.713754479
2024-11-22,21.35037019747499,0.010175000000000002,0.010175000000000002,98.28,167106.8565041185,1.0,0.9999990000000002,0.9999990000000002,159259.11818104913,340024.1130488819,6819.0,185721.0,1.0276750000000001,-69.38332500000031,35011.12140000002,178902.0,11.421547754929682,0.43170000000000003,0.43170000000000003,2.32,167106.8565041185,1.0,1.001544,1.001544,159013.4421672248,181617.9623388707,17295.0,99199.0,43.6017,-7466.251499999988,600356.3199999998,81904.0,13368548.52032948,13368548.52032948
2024-11-23,20.087147732563672,0.010658,0.010658,93.83,164892.19448801852,1.0,1.00004014,1.00004014,167100.14910413345,335656.5381188146,-2386.0,183335.0,1.055142,-25.429988000000133,8970.324300000002,185721.0,14.68383159953108,0.4144,0.4144,2.41,164892.19448801852,1.0,0.998704,0.998704,167323.70802972504,245695.3151317589,34999.0,134198.0,41.8544,-14503.585600000019,-171614.2700000004,99199.0,13191375.55904148,13191375.55904148
2024-11-24,20.677118451337904,0.010225999999999999,0.010225999999999999,97.79,165813.0745734435,1.0,1.00000054,1.00000054,164892.10544628158,340949.3596003264,2891.0,186226.0,1.032826,-29.563366000000197,-7920.072000000024,183335.0,15.333913428102129,0.42060000000000003,0.42060000000000003,2.38,165813.0745734435,1.0,1.001028,1.001028,164722.85938856707,252584.60654937275,3763.0,137961.0,42.4806,-1582.7178000000013,83202.7600000006,134198.0,13265045.96587548,13265045.96587548
2024-11-25,21.053847355786093,0.009435,0.009435,105.99,164306.75784200602,1.0,1.00001565,1.00001565,165810.47963943717,349094.85283183877,4449.0,190675.0,0.952935,-41.97631499999987,-14730.47659999999,186226.0,15.832940141980137,0.4131,0.4131,2.42,164306.75784200602,1.0,0.999702,0.999702,165862.50159891997,262609.10596147843,5476.0,143437.0,41.7231,-2262.1356,-103470.75,137961.0,13144540.62736048,13144540.62736048
2024-11-26,18.895605211381127,0.009603,0.009603,104.13,166816.77696609352,1.0,0.99996039,0.99996039,164313.26629048376,310479.861081752,-21091.0,169584.0,0.950697,-202.53687300000058,3203.340000000007,190675.0,14.818193543880245,0.4272,0.4272,2.34,166816.77696609352,1.0,0.999648,0.999648,164364.61418619956,243558.66647763093,-10406.0,133031.0,42.2928,-4445.443199999991,202246.16999999952,143437.0,13345342.15728748,13345342.15728748
2024-11-27,18.240336455946917,0.010116,0.010116,98.85,168645.62302469352,1.0,0.9999665999999999,0.9999665999999999,166822.34883254452,304289.5771076955,-3382.0,166202.0,1.001484,-34.21231200000005,8699.659200000002,169584.0,15.417299847998738,0.4378,0.4378,2.28,168645.62302469352,1.0,0.998184,0.998184,167120.26737164042,257654.32727463002,7699.0,140730.0,44.217800000000004,-3370.622200000022,141012.8600000003,133031.0,13491649.84197548,13491649.84197548
2024-11-28,18.941194359294883,0.010321,0.010321,96.89,166857.84834803102,1.0,1.00000169,1.00000169,168645.33801407227,319434.41251135245,8273.0,174475.0,1.042421,-85.3856330000002,3407.1409999999937,166202.0,16.358881997264863,0.4277,0.4277,2.34,166857.84834803102,1.0,1.000818,1.000818,168507.78365766155,275659.8948476322,9835.0,150565.0,43.197700000000005,-4206.429500000015,-142137.29999999973,140730.0,13348627.86784248,13348627.86784248
2024-11-29,19.453071498484363,0.010754999999999999,0.010754999999999999,92.98,170814.4740439685,1.0,0.9999998999999999,0.9999998999999999,166857.86503381754,324589.79785873066,2815.0,177290.0,1.086255,-30.275325000000198,7572.214999999979,174475.0,15.134012874315356,0.4486,0.4486,2.23,170814.4740439685,1.0,1.000378,1.000378,166794.79991366365,252427.46492622397,-12690.0,137875.0,44.4114,-5692.733999999988,314680.84999999945,150565.0,13665157.92351748,13665157.92351748
2024-11-30,20.380378782772524,0.01079,0.01079,92.68,170657.66074934351,1.0,1.0000172,1.0000172,170811.53608554782,348120.3805890682,12853.0,190143.0,1.08979,-138.68387000000098,620.5150000000104,177290.0,16.232816088016506,0.44810000000000005,0.44810000000000005,2.23,170657.66074934351,1.0,0.9992630000000001,0.9992630000000001,170940.45716089607,277484.500309429,13687.0,151562.0,45.258100000000006,-6133.144700000051,-6893.749999999608,137875.0,13652612.85994748,13652612.85994748
2024-12-01,20.22055550442167,0.011496,0.011496,86.99,171350.4531789935,1.0,1.0000370399999998,1.0000370399999998,170651.33982371647,345066.4888809383,-1668.0,188475.0,1.138104,-19.17532799999992,13424.0958,190143.0,16.37576849501753,0.4509,0.4509,2.22,171350.4531789935,1.0,1.000998,1.000998,170487.51421016175,279186.406399662,929.0,152491.0,45.5409,-418.8860999999974,42437.360000000175,151562.0,13708036.25431948,13708036.25431948
2024-12-02,21.203997809081145,0.012022,0.012022,83.18,185151.9064487935,1.0,0.9999899600000001,0.9999899600000001,171352.173554816,363335.111263761,9978.0,198453.0,1.214222,-119.95551599999978,9913.784999999996,188475.0,16.381443374990006,0.5227,0.5227,1.91,185151.9064487935,1.0,0.998357,0.998357,171632.4452865994,281158.71837734984,1077.0,153568.0,52.7927,-562.9479000000005,1094885.38,152491.0,14812152.51590348,14812152.51590348
2024-12-03,22.049503430852308,0.011914000000000001,0.011914000000000001,83.93,182299.21214324352,1.0,0.9999420200000002,0.9999420200000002,185162.642178787,408274.4313986843,24546.0,222999.0,1.203314,-292.4410439999995,-2143.2923999999844,198453.0,18.13247470739333,0.509,0.509,1.96,182299.21214324352,1.0,0.99764,0.99764,185589.89860951196,336520.41424846684,30239.0,183807.0,51.409,-15391.65100000001,-210388.1600000007,153568.0,14583936.97145948,14583936.97145948
2024-12-04,21.32914087602333,0.011871000000000001,0.011871000000000001,84.24,186557.08480319352,1.0,1.00001304,1.00001304,182296.8349925152,388823.4874808536,-10624.0,212375.0,1.175229,-126.11750399999963,-958.8956999999934,222999.0,18.536514790316925,0.5276,0.5276,1.9,186557.08480319352,1.0,1.0024399999999998,1.0024399999999998,181855.4847604281,337096.68829619297,315.0,184122.0,53.2876,-166.19399999999987,341881.0199999999,183807.0,14924566.78425548,14924566.78425548
2024-12-05,20.40385496769193,0.011597,0.011597,86.23,180717.392480706,1.0,1.00000931,1.00000931,186555.3479729039,380644.82634864317,-4467.0,207908.0,1.1481029999999999,-51.80379900000035,-5819.075000000019,212375.0,19.72041259632209,0.503,0.503,1.99,180717.392480706,1.0,1.00097,1.00097,186376.29979239492,367541.7530081847,16629.0,200751.0,50.803,-8364.387000000002,-452940.12000000017,184122.0,14457391.39845648,14457391.39845648
2024-12-06,18.84889148884129,0.012278,0.012278,81.45,186119.45896053102,1.0,1.0000431,1.0000431,180709.60389677805,340617.57148418605,-21863.0,186045.0,1.215522,-268.43391400000024,14158.53480000001,207908.0,17.02414233073977,0.5246999999999999,0.5246999999999999,1.91,186119.45896053102,1.0,1.0021769999999999,1.0021769999999999,180324.82533594966,306987.5492284996,-33075.0,167676.0,51.945299999999996,-17354.452500000094,435629.67000000033,200751.0,14889556.71684248,14889556.71684248
2024-12-07,19.729961220619234,0.012103,0.012103,82.62,184189.759901681,1.0,0.99994986,0.99994986,186128.79145813474,367231.3837509723,14536.0,200581.0,1.222403,-175.92920799999965,-3255.787500000013,186045.0,17.47804421582414,0.516,0.516,1.94,184189.759901681,1.0,1.00104,1.00104,185926.09582087732,324962.452363285,9818.0,177494.0,52.116,-5066.0879999999825,-145878.11999999956,167676.0,14735180.79213448,14735180.79213448
2024-12-08,18.83840734986338,0.011936,0.011936,83.78,189351.55185183103,1.0,0.99999808,0.99999808,184190.11354669902,346984.83888103056,-11058.0,189523.0,1.181664,-131.98828799999941,-3349.7026999999875,200581.0,16.513303918862487,0.5398,0.5398,1.85,189351.55185183103,1.0,0.9986299999999999,0.9986299999999999,184442.44605277333,304575.41672078444,-11135.0,166359.0,53.4402,-6010.672999999996,422435.7199999992,177494.0,15148124.14814648,15148124.14814648
2024-12-09,17.337700455276213,0.010034000000000001,0.010034000000000001,99.66,170179.44159843103,1.0,0.9999884400000001,0.9999884400000001,189353.74078107445,328295.8437748288,-10208.0,179315.0,0.9933660000000001,-102.42707199999987,-36047.27459999998,189523.0,17.58797564892998,0.45020000000000004,0.45020000000000004,2.22,170179.44159843103,1.0,0.9994440000000002,0.9994440000000002,189456.88988260573,333216.3165777278,15643.0,182002.0,45.470200000000006,-7042.478600000037,-1490576.639999999,166359.0,13614355.327874482,13614355.327874482
2024-12-10,8.346359724556086,0.010215,0.010215,97.9,168588.96629630603,1.0,1.0000485000000001,1.0000485000000001,170171.18829579867,142030.9952271904,-101738.0,77577.0,1.011285,-1039.2536700000087,3245.6015000000007,179315.0,6.78843842269221,0.446,0.446,2.24,168588.96629630603,1.0,0.9990400000000002,0.9990400000000002,170342.97085044743,115636.27683567166,-118842.0,63160.0,44.154,-53003.53199999976,-76440.84000000032,182002.0,13487117.303704482,13487117.303704482
2024-12-11,6.258475068112784,0.010868000000000001,0.010868000000000001,92.01,171551.88179305603,1.0,0.9999646800000002,0.9999646800000002,168594.92106891816,105514.71101202669,-19945.0,57632.0,1.0759319999999999,-216.762260000002,5065.778099999993,77577.0,4.109252949050474,0.4847,0.4847,2.06,171551.88179305603,1.0,0.9984820000000001,0.9984820000000001,168845.27342135963,69382.79377399557,-25263.0,37897.0,47.985299999999995,-12244.976100000093,244429.19999999984,63160.0,13724150.54344448,13724150.54344448
2024-12-12,7.55689920810344,0.011231,0.011231,89.04,173685.53411946853,1.0,1.00000824,1.00000824,171550.4682171979,129638.95974203171,13177.0,70809.0,1.134331,-147.99088699999987,2092.0416,57632.0,5.691997388618973,0.5314,0.5314,1.88,173685.53411946853,1.0,0.9990319999999999,0.9990319999999999,171718.10491861726,97741.90047753682,15489.0,53386.0,53.6714,-8230.854599999968,176978.99000000008,37897.0,13894842.72955748,13894842.72955748
2024-12-13,9.241030858590555,0.011212999999999999,0.011212999999999999,89.18,173223.3263897185,1.0,0.99997534,0.99997534,173689.8173103634,160507.2961588024,16860.0,87669.0,1.1325129999999999,-189.0511799999986,-127.45620000000169,70809.0,9.088353320910302,0.5278,0.5278,1.89,173223.3263897185,1.0,0.997542,0.997542,174113.5051150413,158240.50524276186,33045.0,86431.0,53.3078,-17441.150999999973,-19218.95999999997,53386.0,13857866.11117748,13857866.11117748
2024-12-14,9.728710204282594,0.01061,0.01061,94.25,169938.0768785935,1.0,0.9999925,0.9999925,173224.62557441034,168525.21824587975,4379.0,92048.0,1.07161,-46.46119000000004,-5286.440700000002,87669.0,10.05488318481116,0.4985,0.4985,2.01,169938.0768785935,1.0,1.001985,1.001985,172880.1592735605,173828.98064671987,8514.0,94945.0,50.3485,-4244.228999999999,-253242.83,86431.0,13595046.15028748,13595046.15028748
2024-12-15,7.357356655308927,0.010995999999999999,0.010995999999999999,90.94,170923.2509388435,1.0,0.9999762399999998,0.9999762399999998,169942.11470323888,125032.47486291477,-23755.0,68293.0,1.088604,-261.20998000000014,3553.052799999997,92048.0,7.919937775379167,0.5075999999999999,0.5075999999999999,1.97,170923.2509388435,1.0,0.9999719999999999,0.9999719999999999,169942.83527798133,134593.66807731235,-21430.0,73515.0,50.252399999999994,-10877.868000000077,86399.94999999968,94945.0,13673860.07510748,13673860.07510748
2024-12-16,7.892455422266061,0.010775,0.010775,92.81,169261.399611031,1.0,1.00002775,1.00002775,170918.50795024785,134896.67048375585,5387.0,73680.0,1.0882749999999999,-58.044924999999886,-1509.2753000000005,68293.0,7.753664446798674,0.48979999999999996,0.48979999999999996,2.04,169261.399611031,1.0,0.999192,0.999192,171061.46860547672,132635.32273434525,-1070.0,72445.0,48.490199999999994,-524.0860000000026,-130856.70000000008,73515.0,13540911.968882479,13540911.968882479
2024-12-17,7.180061993414609,0.010522,0.010522,95.04,168185.175497006,1.0,1.00001088,1.00001088,169259.5580670392,121529.41198993013,-7301.0,66379.0,1.041678,-76.82112199999942,-1864.103999999991,73680.0,6.183069320326319,0.4792,0.4792,2.09,168185.175497006,1.0,1.001528,1.001528,169003.16277830576,104495.82708126573,-15370.0,57075.0,47.4408,-7365.303999999981,-76791.69999999965,72445.0,13454814.03976048,13454814.03976048
2024-12-18,5.865360404095269,0.009681,0.009681,103.3,164373.69133099352,1.0,1.0000473,1.0000473,168177.2207144662,98642.00112494208,-12501.0,53878.0,0.9584189999999999,-121.02218100000063,-5582.4739000000045,66379.0,4.729506498520284,0.4278,0.4278,2.34,164373.69133099352,1.0,1.001052,1.001052,168008.43062798536,79459.69644612512,-13674.0,43401.0,42.3522,-5849.737199999969,-293365.50000000006,57075.0,13149895.30647948,13149895.30647948
2024-12-19,1.9157122635610884,0.008806000000000001,0.008806000000000001,113.56,161963.49155381852,1.0,1.0000093600000002,1.0000093600000002,164372.1528076432,31488.97489215393,-36679.0,17199.0,0.8717940000000001,-322.9952739999993,-4714.324999999995,53878.0,0.1459897634725331,0.3883,0.3883,2.58,161963.49155381852,1.0,1.001814,1.001814,164076.05736293716,2395.3424805920968,-42093.0,1308.0,38.4417,-16344.71190000004,-171433.95000000013,43401.0,12957079.32430548,12957079.32430548
2024-12-20,-2.5665850378143853,0.009500999999999999,0.009500999999999999,105.25,161805.92786000602,1.0,0.9999802499999999,0.9999802499999999,161966.69039595386,-41570.12841945701,-39905.0,-22706.0,0.940599,-379.13740499999926,1195.3304999999982,17199.0,-4.042390409122167,0.3986,0.3986,2.51,161805.92786000602,1.0,1.000486,1.000486,161884.81553346926,-65440.16256950074,-37051.0,-35743.0,39.4614,-14768.528600000069,1347.2400000000016,1308.0,12944474.228800481,12944474.228800481
2024-12-21,-1.3417801200725394,0.009052000000000001,0.009052000000000001,110.47,162882.53904195604,1.0,0.9999744400000001,0.9999744400000001,161810.06372523482,-21711.352673419085,10847.0,-11859.0,0.9142520000000001,-98.18704400000065,1019.4993999999987,-22706.0,-4.646589032536563,0.37420000000000003,0.37420000000000003,2.67,162882.53904195604,1.0,0.9991140000000001,0.9991140000000001,161949.41504173298,-75251.23757586283,-5359.0,-41102.0,37.0458,-2005.33780000001,87212.91999999993,-35743.0,13030603.123356482,13030603.123356482
2024-12-22,-2.419316347212248,0.008834,0.008834,113.2,163249.75319683104,1.0,1.0000088,1.0000088,162881.10568822597,-39406.092164353104,-9665.0,-21524.0,0.874566,-85.38061000000008,258.5262000000005,-11859.0,-6.371482434883693,0.3657,0.3657,2.73,163249.75319683104,1.0,0.998361,0.998361,163149.9417965606,-103950.69884090827,-15676.0,-56778.0,36.2043,-5732.71319999995,34936.700000000055,-41102.0,13059980.255746482,13059980.255746482
2024-12-23,-3.4464859689594864,0.009264,0.009264,107.94,161389.67919338105,1.0,0.99995616,0.99995616,163256.9103797821,-56266.265095959534,-9209.0,-30733.0,0.917136,-85.31217600000046,-925.5320000000008,-21524.0,-7.402864787644416,0.3911,0.3911,2.56,161389.67919338105,1.0,1.001216,1.001216,163051.4825939967,-120704.80790683145,-9151.0,-65929.0,38.7189,-3578.9561000000144,-144216.11999999994,-56778.0,12911174.335470483,12911174.335470483
2024-12-24,-1.9308486051053677,0.009358,0.009358,106.86,159528.81913593106,1.0,0.99999588,0.99999588,161390.34412159884,-31162.032082466438,13712.0,-17021.0,0.9451579999999999,-128.3168959999997,-288.8901999999989,-30733.0,-5.444566332167353,0.41250000000000003,0.41250000000000003,2.42,159528.81913593106,1.0,0.9982500000000001,0.9982500000000001,161672.6062543261,-88023.72288460529,17851.0,-48078.0,41.6625,-7363.537500000025,-141088.06000000003,-65929.0,12762305.530874483,12762305.530874483
2024-12-25,-0.8636322132022407,0.009176,0.009176,108.98,160016.32515973106,1.0,1.00000048,1.00000048,159528.74256213463,-13777.416100830684,9496.0,-7525.0,0.9267759999999999,-87.13529599999964,309.7821999999999,-17021.0,-2.8607122369657767,0.4025,0.4025,2.48,160016.32515973106,1.0,0.9982000000000001,0.9982000000000001,159816.48881579947,-45718.89852242618,23106.0,-24972.0,40.6525,-9300.165000000079,48078.0,-48078.0,12801306.012778483,12801306.012778483
2024-12-26,-1.0663543759645848,0.008611,0.008611,116.13,160920.56825166856,1.0,0.99999543,0.99999543,160017.05643767898,-17063.48883612909,-1795.0,-9320.0,0.8524889999999999,-15.456745000000064,425.16249999999997,-7525.0,-2.55536233869666,0.37329999999999997,0.37329999999999997,2.68,160920.56825166856,1.0,1.0004439999999999,1.0004439999999999,159945.30944233868,-40871.82200001356,2648.0,-22324.0,37.7033,-988.4984000000011,72918.24000000005,-24972.0,12873645.460133484,12873645.460133484
2024-12-27,-3.2441665299857747,0.008771,0.008771,114.01,161053.01049985606,1.0,0.9999817099999999,0.9999817099999999,160923.5115426947,-52206.26700345897,-19195.0,-28515.0,0.868329,-168.35934499999948,-149.12000000000012,-9320.0,-4.500961494903709,0.36560000000000004,0.36560000000000004,2.74,161053.01049985606,1.0,1.0017440000000002,1.0017440000000002,160640.41137423186,-72303.63061209094,-17168.0,-39492.0,36.1944,-6276.62080000001,17189.479999999912,-22324.0,12884240.839988483,12884240.839988483
2024-12-28,-3.21517138009413,0.008895,0.008895,112.42,160417.15166804355,1.0,0.9999759,0.9999759,161056.89197095257,-51782.55096319188,231.0,-28284.0,0.8983949999999999,-2.054744999999997,-353.58599999999905,-28515.0,-5.668550197134516,0.3774,0.3774,2.65,160417.15166804355,1.0,1.00011,1.00011,161035.29661722816,-91283.66623852038,-10367.0,-49859.0,37.3626,-3912.505800000016,-46600.55999999999,-39492.0,12833372.133443482,12833372.133443482
2024-12-29,-2.5220555442598624,0.00859,0.00859,116.41,161581.10143866856,1.0,0.9999619000000001,0.9999619000000001,160423.2637943941,-40459.63818809141,6185.0,-22099.0,0.86759,-53.12914999999992,862.6619999999992,-28284.0,-4.917613510587159,0.35840000000000005,0.35840000000000005,2.79,161581.10143866856,1.0,0.9999360000000002,0.9999360000000002,160427.419022861,-78892.00432554485,6768.0,-43091.0,36.19840000000001,-2425.651200000021,94732.09999999993,-49859.0,12926488.115093483,12926488.115093483
2024-12-30,-3.4194846435312987,0.008615000000000001,0.008615000000000001,116.08,161465.35129885605,1.0,1.0000292000000002,1.0000292000000002,161576.38340827302,-55250.79618219149,-8079.0,-30178.0,0.852885,-69.60058500000032,-55.247500000001274,-22099.0,-5.995306879213398,0.3597,0.3597,2.78,161465.35129885605,1.0,0.999966,0.999966,161586.59538291156,-96876.12268878416,-9823.0,-52914.0,35.610299999999995,-3533.333100000036,-5601.829999999804,-43091.0,12917228.103908483,12917228.103908483
2024-12-31,-3.4852884920049254,0.008451,0.008451,118.33,161639.01673374354,1.0,1.00000683,1.00000683,161464.2484980388,-56274.94871604382,-559.0,-30737.0,0.836649,-4.724108999999992,494.91920000000243,-30178.0,-6.111684849308361,0.35710000000000003,0.35710000000000003,2.8,161639.01673374354,1.0,0.99988,0.99988,161484.72946639202,-98694.37744744075,-993.0,-53907.0,35.3529,-354.6003000000026,13757.639999999894,-52914.0,12931121.338699482,12931121.338699482
2025-01-01,-4.087992999714022,0.009222000000000001,0.009222000000000001,108.44,160210.65112041854,1.0,1.00003368,1.00003368,161633.57291500777,-66075.69145953176,-5353.0,-36090.0,0.912978,-49.36536600000034,-2369.822700000002,-30737.0,-6.191788682823487,0.3778,0.3778,2.65,160210.65112041854,1.0,1.0011700000000001,1.0011700000000001,161450.12009323444,-99966.50264337819,-695.0,-54602.0,37.4022,-262.5710000000004,-111587.49000000002,-53907.0,12816852.089633482,12816852.089633482
2025-01-02,-0.5225823628447117,0.009612,0.009612,104.04,159073.04240786855,1.0,1.0000324800000002,1.0000324800000002,160205.4476474789,-8372.054137221428,31517.0,-4573.0,0.970812,-302.94140399999856,-1407.5100000000014,-36090.0,-4.094906481004811,0.39280000000000004,0.39280000000000004,2.55,159073.04240786855,1.0,1.00164,1.00164,159948.33584962515,-65497.34770965642,18827.0,-35775.0,39.6728,-7395.245600000022,-81903.0,-54602.0,12725843.392629482,12725843.392629482
2025-01-03,2.4619938519555724,0.010894,0.010894,91.79,157770.07964399352,1.0,0.99996026,0.99996026,159079.3642218027,39165.24166870795,25965.0,21392.0,1.1002939999999999,-282.86270999999897,-586.2585999999994,-4573.0,-1.8620178999869823,0.4194,0.4194,2.38,157770.07964399352,1.0,0.998172,0.998172,159364.3604587872,-29673.929179423943,19567.0,-16208.0,42.3594,-8206.399800000061,-95161.49999999988,-35775.0,12621606.371519482,12621606.371519482
2025-01-04,8.00050801804629,0.010707,0.010707,93.4,157467.62222595603,1.0,1.0000338,1.0000338,157764.7471955383,126219.81249029501,47549.0,68941.0,1.081407,-509.10714300000103,-400.0303999999987,21392.0,1.4165541485117736,0.4263,0.4263,2.35,157467.62222595603,1.0,1.001805,1.001805,157485.81774296745,22308.718845556963,28393.0,12185.0,43.0563,-12103.935899999935,-11183.520000000079,-16208.0,12597409.778076481,12597409.778076481
2025-01-05,9.224981555306924,0.010911,0.010911,91.65,157474.143833181,1.0,0.9999931500000001,0.9999931500000001,157468.70088655708,145264.58612166322,10402.0,79343.0,1.102011,-113.4962220000012,1406.3963999999983,68941.0,3.2026421467491426,0.4311,0.4311,2.32,157474.143833181,1.0,1.000152,1.000152,157443.69078495674,50423.579984764205,15356.0,27541.0,43.5411,-6619.971600000011,5848.799999999962,12185.0,12597931.50665448,12597931.50665448
2025-01-06,10.28092617915677,0.010934,0.010934,91.46,157749.883762906,1.0,1.0000236399999998,1.0000236399999998,157470.4212324231,161894.1776091263,9083.0,88426.0,1.104334,-99.31352199999999,182.48889999999753,79343.0,4.234344714355886,0.4405,0.4405,2.27,157749.883762906,1.0,0.999935,0.999935,157484.38031790167,66684.3153392719,8882.0,36423.0,44.4905,-3912.521000000001,25888.53999999994,27541.0,12619990.70103248,12619990.70103248
2025-01-07,10.530835633964967,0.009892,0.009892,101.09,155381.85332785602,1.0,0.99998228,0.99998228,157752.67914038038,166126.75348449597,2312.0,90738.0,0.999092,-22.870304000000026,-9213.989199999996,88426.0,5.386226411639,0.3921,0.3921,2.55,155381.85332785602,1.0,0.9998549999999999,0.9998549999999999,157772.76081322395,84979.98113293895,9993.0,46416.0,39.6021,-3918.255299999992,-176287.31999999986,36423.0,12430548.26622848,12430548.26622848
2025-01-08,5.322799986741078,0.009468,0.009468,105.62,154109.712914706,1.0,1.0000101600000002,1.0000101600000002,155380.2746642654,82705.81239227769,-45564.0,45174.0,0.9373319999999999,-431.39995200000146,-3847.291199999999,90738.0,0.7869138366513526,0.3743,0.3743,2.67,154109.712914706,1.0,0.9993810000000001,0.9993810000000001,155478.09426820802,12234.786367583625,-39733.0,6683.0,37.0557,-14872.061899999924,-82620.48000000005,46416.0,12328777.03317648,12328777.03317648
2025-01-09,1.918079109912852,0.009045,0.009045,110.56,153862.1484708935,1.0,1.0000152,1.0000152,154107.37048267465,29559.01280064187,-29029.0,16145.0,0.895455,-262.5673049999991,-1910.8602000000003,45174.0,-2.2927203306784114,0.36200000000000004,0.36200000000000004,2.76,153862.1484708935,1.0,0.99912,0.99912,154245.44890974657,-35364.16766299942,-25999.0,-19316.0,35.838,-9411.638000000048,-8220.089999999978,6683.0,12308971.87767148,12308971.87767148
2025-01-10,-1.0507226944037098,0.009303,0.009303,107.49,153667.155584331,1.0,0.99997947,0.99997947,153865.3073256529,-16166.977028846488,-24975.0,-8830.0,0.920997,-232.34242500000153,416.54100000000074,16145.0,-4.4790950430704495,0.3667,0.3667,2.73,153667.155584331,1.0,1.0010910000000002,1.0010910000000002,153694.46780651656,-68841.21288995192,-18285.0,-37601.0,36.3033,-6705.109500000029,-9078.519999999979,-19316.0,12293372.44674648,12293372.44674648
2025-01-11,-1.0278570784779433,0.009955,0.009955,100.45,153433.1924860185,1.0,0.9999797500000001,0.9999797500000001,153670.267407246,-15795.107210613618,203.0,-8627.0,1.005455,-2.0208649999999873,-575.7160000000003,-8830.0,-4.744623021897215,0.3713,0.3713,2.69,153433.1924860185,1.0,0.998797,0.998797,153852.23982884508,-72997.087906239,-2270.0,-39871.0,36.758700000000005,-842.8509999999953,-17296.460000000032,-37601.0,12274655.39888148,12274655.39888148
2025-01-12,1.6945019845245266,0.009677,0.009677,103.34,153698.942122531,1.0,1.00002118,1.00002118,153429.94283982913,25998.734262757516,22827.0,14200.0,0.977377,-220.89687900000106,239.8306000000004,-8627.0,-4.280283070658102,0.36560000000000004,0.36560000000000004,2.74,153698.942122531,1.0,1.0017440000000002,1.0017440000000002,153166.07085844135,-65559.41400946058,4063.0,-35808.0,36.9256,-1485.4328000000023,22726.470000000012,-39871.0,12295915.36980248,12295915.36980248
2025-01-13,1.5124724599162762,0.009444000000000001,0.009444000000000001,105.89,154252.427774631,1.0,1.00002516,1.00002516,153695.0751544401,23245.956839585295,-1503.0,12697.0,0.934956,-14.194332000000012,-330.85999999999984,14200.0,-4.547149343713167,0.3529,0.3529,2.83,154252.427774631,1.0,0.998707,0.998707,153897.93214879942,-69979.68811692268,-2415.0,-38223.0,34.9371,-852.2534999999957,45476.16000000011,-35808.0,12340194.22197048,12340194.22197048
2025-01-14,0.4776768511749791,0.009972,0.009972,100.28,153601.184664831,1.0,0.99999216,0.99999216,154253.63712314607,7368.339166327227,-8672.0,4025.0,0.987228,-86.47718399999984,670.4015999999995,12697.0,-5.746989685139005,0.3657,0.3657,2.73,153601.184664831,1.0,0.998361,0.998361,154505.66255555957,-88794.24490023687,-10276.0,-48499.0,36.2043,-3757.933199999967,-48925.440000000046,-38223.0,12288094.77318648,12288094.77318648
2025-01-15,2.356190756231008,0.010754999999999999,0.010754999999999999,92.98,151586.5894065185,1.0,0.9999998999999999,0.9999998999999999,153601.20002495102,36191.372764477965,15743.0,19768.0,1.086255,-169.3159650000011,315.1574999999997,4025.0,-4.673317725207294,0.3982,0.3982,2.51,151586.5894065185,1.0,0.9994819999999999,0.9994819999999999,153680.79131473205,-71819.91660750205,9271.0,-39228.0,40.2182,-3691.712200000026,-157621.75,-48499.0,12126927.15252148,12126927.15252148
2025-01-16,6.051546974100053,0.010891999999999999,0.010891999999999999,91.81,151301.16517646852,1.0,0.9999945199999999,0.9999945199999999,151587.4201055807,91733.83934515606,30337.0,50105.0,1.1000919999999998,-330.430603999997,270.8216000000009,19768.0,-0.7111775924362563,0.4006,0.4006,2.5,151301.16517646852,1.0,1.0015,1.0015,151359.5500813964,-10764.352041912245,33349.0,-5879.0,40.4606,-13359.609399999907,-9414.720000000078,-39228.0,12104093.21411748,12104093.21411748
2025-01-17,7.904280043314804,0.01133,0.01133,88.26,151160.1482463435,1.0,0.9999858,0.9999858,151303.31368352284,119594.37628360694,15217.0,65322.0,1.14433,-172.40861000000095,2194.599000000003,50105.0,0.910841943663846,0.41380000000000006,0.41380000000000006,2.42,151160.1482463435,1.0,1.0013960000000002,1.0013960000000002,151090.24319696554,13761.933078216727,13396.0,7517.0,41.793800000000005,-5543.264800000026,-7760.280000000002,-5879.0,12092811.85970748,12092811.85970748
2025-01-18,10.122030260287248,0.011045000000000001,0.011045000000000001,90.54,150856.0317943435,1.0,1.0000143000000001,1.0000143000000001,151157.98668713387,153002.5715331266,18248.0,83570.0,1.115545,-201.5491599999995,-1861.676999999998,65322.0,2.843033863601584,0.3925,0.3925,2.55,150856.0317943435,1.0,1.000875,1.000875,151027.9987474395,42937.771479094816,15936.0,23453.0,39.6425,-6254.879999999973,-16011.21000000002,7517.0,12068482.54354748,12068482.54354748
2025-01-19,9.447229976016594,0.00993,0.00993,100.7,149631.4701503435,1.0,0.999951,0.999951,150863.4241021245,142524.14624620948,-5724.0,77846.0,0.98307,-56.839319999999965,-9318.055000000004,83570.0,1.1911209910639275,0.3568,0.3568,2.8,149631.4701503435,1.0,0.9990399999999999,0.9990399999999999,151000.99274738098,17986.045213289737,-13629.0,9824.0,35.3232,-4862.827199999997,-83727.21,23453.0,11970517.61202748,11970517.61202748
2025-01-20,3.6227238264234742,0.010094,0.010094,99.07,149530.8658769435,1.0,1.00001258,1.00001258,149629.58781012884,54206.66728976772,-48238.0,29608.0,0.999306,-486.9143720000023,1276.6744000000062,77846.0,-2.9719141801768503,0.3603,0.3603,2.78,149530.8658769435,1.0,1.001634,1.001634,149387.37118582588,-44396.644676649856,-34073.0,-24249.0,35.6697,-12276.501900000078,3438.400000000014,9824.0,11962469.27015548,11962469.27015548
2025-01-21,2.453969543910861,0.010058000000000001,0.010058000000000001,99.42,149208.8224573185,1.0,0.9999663600000002,0.9999663600000002,149535.89626449381,36695.65351544817,-9565.0,20043.0,0.995742,-96.20477000000011,-106.58880000000141,29608.0,-4.05190292377907,0.36950000000000005,0.36950000000000005,2.71,149208.8224573185,1.0,1.0013450000000002,1.0013450000000002,149330.01700407302,-60507.07325067817,-8800.0,-33049.0,36.5805,-3251.600000000019,-22309.08000000004,-24249.0,11936705.79658548,11936705.79658548
2025-01-22,1.8218925387751508,0.009827,0.009827,101.76,149239.601975256,1.0,0.9999955200000001,0.9999955200000001,149209.49091583778,27184.365821400348,-5195.0,14848.0,0.972873,-51.05126500000016,-462.9933000000002,20043.0,-3.3980059752029685,0.368,0.368,2.72,149239.601975256,1.0,1.00096,1.00096,149065.71936672644,-50652.62051060653,5383.0,-27666.0,37.168,-1980.9440000000113,4957.350000000188,-33049.0,11939168.15802048,11939168.15802048
2025-01-23,0.5773240783724547,0.009867,0.009867,101.35,149662.81807133098,1.0,1.00002045,1.00002045,149236.55008780668,8615.785373892766,-10142.0,4706.0,0.9768330000000001,-100.07111399999958,59.39200000000005,14848.0,-3.2507954768016027,0.3556,0.3556,2.81,149662.81807133098,1.0,0.9992360000000001,0.9992360000000001,149353.70820832715,-48551.835908717636,1147.0,-26519.0,35.915600000000005,-407.87320000000295,34305.83999999986,-27666.0,11973025.44570648,11973025.44570648
2025-01-24,0.3195075799617825,0.009712,0.009712,102.97,149692.038797231,1.0,1.00004464,1.00004464,149656.13742135648,4781.627029392556,-2094.0,2612.0,0.9614879999999999,-20.336928000000114,-72.94300000000032,4706.0,-4.422651157990996,0.35340000000000005,0.35340000000000005,2.83,149692.038797231,1.0,1.0001220000000002,1.0001220000000002,149644.5614348359,-66182.56929168318,-9630.0,-36149.0,34.9866,-3403.2420000000056,5834.17999999997,-26519.0,11975363.10377848,11975363.10377848
2025-01-25,-0.4363216545082007,0.009766,0.009766,102.4,149096.082479556,1.0,1.0000384,1.0000384,149686.29084366263,-6531.137007810261,-6179.0,-3567.0,0.966834,-60.344114000000324,14.104800000000186,2612.0,-4.99348868383264,0.3661,0.3661,2.73,149096.082479556,1.0,0.9994529999999999,0.9994529999999999,149773.96515617144,-74789.46001400863,-4701.0,-40850.0,36.2439,-1721.036100000014,-45909.22999999986,-36149.0,11927686.59836448,11927686.59836448
2025-01-26,-0.4052298298330152,0.00953,0.00953,104.93,149484.067781931,1.0,0.9999829000000001,0.9999829000000001,149098.6320661643,-6041.921330050711,267.0,-3300.0,0.96253,-2.5445100000000105,84.18120000000023,-3567.0,-3.586098380915585,0.3575,0.3575,2.8,149484.067781931,1.0,1.001,1.001,148947.1353442118,-53413.90808998925,11675.0,-29175.0,36.1075,-4173.81250000002,35130.99999999998,-40850.0,11958725.42255448,11958725.42255448
2025-01-27,-1.440418628529745,0.009345000000000001,0.009345000000000001,107.01,150034.79548136852,1.0,1.0000084500000002,1.0000084500000002,149482.80465223166,-21531.78164659473,-8461.0,-11761.0,0.925155,-79.06804500000041,61.04999999999987,-3300.0,-3.97784866064428,0.342,0.342,2.92,150034.79548136852,1.0,0.9986400000000001,0.9986400000000001,149687.64297637885,-59543.47901285878,-3348.0,-32523.0,33.858000000000004,-1145.0159999999958,45221.24999999992,-29175.0,12002783.63850948,12002783.63850948
2025-01-28,-2.6145835751096187,0.009169,0.009169,109.06,150839.64068694352,1.0,0.99997114,0.99997114,150039.12561053364,-39228.98334451102,-9666.0,-21427.0,0.9077310000000001,-88.62755399999983,206.9935999999994,-11761.0,-5.753859026188715,0.3208,0.3208,3.12,150839.64068694352,1.0,1.000896,1.000896,149900.4846471247,-86250.62566169212,-14587.0,-47110.0,31.759199999999996,-4679.5096000000285,68948.76000000015,-32523.0,12067171.25495548,12067171.25495548
2025-01-29,-3.786773866593129,0.009399,0.009399,106.39,150313.84541910602,1.0,0.9999596099999999,0.9999596099999999,150845.73334611338,-57121.86809221378,-9773.0,-31200.0,0.9305009999999999,-91.85642700000045,-492.82099999999804,-21427.0,-8.518927485456246,0.32799999999999996,0.32799999999999996,3.05,150313.84541910602,1.0,1.0003999999999997,1.0003999999999997,150779.32895536142,-128447.81696764771,-23048.0,-70158.0,32.471999999999994,-7559.744000000068,-33919.199999999946,-47110.0,12025107.63352848,12025107.63352848
2025-01-30,-2.8912904214584905,0.009595000000000001,0.009595000000000001,104.22,148996.963489231,1.0,0.9999909000000001,0.9999909000000001,150315.2132875469,-43460.49363777744,7462.0,-23738.0,0.969095,-71.59789000000015,-611.5200000000019,-31200.0,-8.509182866863183,0.3429,0.3429,2.92,148996.963489231,1.0,1.0012679999999998,1.0012679999999998,150123.48883526292,-127742.82191107457,385.0,-69773.0,34.6329,-132.01650000000006,-104535.42000000014,-70158.0,11919757.07913848,11919757.07913848
2025-01-31,-1.432963277048662,0.009429,0.009429,106.06,148810.1214538185,1.0,1.00003974,1.00003974,148991.04258519868,-21349.869263378307,12077.0,-11661.0,0.952329,-113.87403300000025,394.0508000000014,-23738.0,-6.38577876547058,0.3442,0.3442,2.91,148810.1214538185,1.0,1.001622,1.001622,148755.68177339458,-94992.08739116421,17888.0,-51885.0,34.7642,-6157.049600000013,-9070.490000000178,-69773.0,11904809.71630548,11904809.71630548
2025-02-01,-1.6884608324543942,0.008948000000000001,0.008948000000000001,111.76,150281.4983241185,1.0,1.00002848,1.00002848,148805.88346225748,-25125.29058647948,-2062.0,-13723.0,0.8858520000000001,-18.45077599999991,560.8940999999991,-11661.0,-5.346768802660596,0.3211,0.3211,3.11,150281.4983241185,1.0,0.998621,0.998621,149015.6139855045,-79675.20359670094,8367.0,-43518.0,32.4311,-2686.6437000000105,119854.35000000012,-51885.0,12022519.865929479,12022519.865929479
2025-02-02,-4.14540654211212,0.008052,0.008052,124.19,152672.5694896185,1.0,0.99997788,0.99997788,150284.82262439496,-62299.16868873264,-20305.0,-34028.0,0.797148,-163.4958600000012,1229.5808000000002,-13723.0,-7.393677042041689,0.2763,0.2763,3.62,152672.5694896185,1.0,1.000206,1.000206,150250.54671149593,-111090.40177749998,-17159.0,-60677.0,27.3537,-4741.031699999985,194960.64,-43518.0,12213805.559169479,12213805.559169479
2025-02-03,-8.699418112337833,0.00812,0.00812,123.15,151958.3481213685,1.0,0.9999780000000001,0.9999780000000001,152675.9283600424,-132819.17364933464,-38518.0,-72546.0,0.80388,-312.76616000000064,-231.39040000000097,-34028.0,-11.694856668478549,0.2839,0.2839,3.52,151958.3481213685,1.0,0.999328,0.999328,152775.234447167,-178668.44693528247,-36911.0,-97588.0,28.1061,-10479.03289999997,-46114.52000000009,-60677.0,12156667.84970948,12156667.84970948
2025-02-04,-9.943417978500667,0.007439,0.007439,134.43,154353.48475014349,1.0,1.00002477,1.00002477,151954.5842063177,-151094.7944512693,-9982.0,-82528.0,0.736461,-74.25609799999974,4940.382600000004,-72546.0,-12.488595983138532,0.2646,0.2646,3.78,154353.48475014349,1.0,1.0001879999999999,1.0001879999999999,151929.78532172804,-189738.97066880323,-6047.0,-103635.0,26.1954,-1600.036200000009,188344.83999999997,-97588.0,12348278.780011479,12348278.780011479
2025-02-05,-12.779360444725471,0.007325000000000001,0.007325000000000001,136.52,155111.640367956,1.0,1.0000090000000001,1.0000090000000001,154352.09558128324,-197252.10648319364,-25211.0,-107739.0,0.725175,-184.67057500000067,940.8191999999972,-82528.0,-14.29271967057114,0.2584,0.2584,3.87,155111.640367956,1.0,1.000008,1.000008,154352.24993214404,-220611.3438802068,-16863.0,-120498.0,25.581599999999998,-4357.399200000029,64253.700000000106,-103635.0,12408931.22943648,12408931.22943648
2025-02-06,-14.215868242425593,0.007052000000000001,0.007052000000000001,141.8,157135.554282256,1.0,0.9999736000000002,0.9999736000000002,155115.73542337114,-220510.48571055924,-12703.0,-120442.0,0.698148,-89.58155600000075,2941.274699999999,-107739.0,-15.375720216327712,0.245,0.245,4.08,157135.554282256,1.0,0.9996,0.9996,155173.70985189674,-238590.75476123794,-9820.0,-130318.0,24.255,-2405.9000000000096,161467.31999999998,-120498.0,12570844.342580479,12570844.342580479
2025-02-07,-15.57595627592199,0.007072000000000001,0.007072000000000001,141.4,157156.261041756,1.0,0.9999808000000002,0.9999808000000002,157138.57134282574,-244758.35164967022,-13245.0,-133687.0,0.7001280000000001,-93.66863999999957,-240.8840000000002,-120442.0,-16.72524781958073,0.2446,0.2446,4.09,157156.261041756,1.0,1.000414,1.000414,157070.52708404322,-262704.349063279,-13171.0,-143489.0,24.2154,-3221.6266000000255,5212.719999999889,-130318.0,12572500.883340478,12572500.883340478
2025-02-08,-15.594992837528466,0.007005,0.007005,142.76,156946.83786213098,1.0,1.0000338,1.0000338,157150.94933966832,-245076.79293629262,-174.0,-133861.0,0.693495,-1.2188700000000068,895.7029000000052,-133687.0,-16.92664532024393,0.2458,0.2458,4.07,156946.83786213098,1.0,1.0004060000000001,1.0004060000000001,157092.4814942693,-265904.871673048,-1748.0,-145237.0,24.3342,-429.6583999999985,-17218.679999999633,-143489.0,12555747.028970478,12555747.028970478
2025-02-09,-15.516250009264391,0.006814000000000001,0.006814000000000001,146.76,156438.89461803096,1.0,1.00002264,1.00002264,156943.28466616612,-243517.12421553838,852.0,-133009.0,0.688214,-5.805527999999988,2556.745100000001,-133861.0,-16.437846091082108,0.2487,0.2487,4.02,156438.89461803096,1.0,0.9997739999999999,0.9997739999999999,156982.3158655166,-258045.1147218999,4293.0,-140944.0,25.1187,-1067.6690999999978,-42118.73000000039,-145237.0,12515111.569442477,12515111.569442477
2025-02-10,-16.00653584265158,0.007121,0.007121,140.43,154949.98182326846,1.0,1.00000203,1.00000203,156438.57704771953,-250403.96906877338,-3761.0,-136770.0,0.7049789999999999,-26.782081000000165,-4083.376299999993,-133009.0,-15.487668111197138,0.25670000000000004,0.25670000000000004,3.9,154949.98182326846,1.0,1.00113,1.00113,156262.31819846667,-242013.89225441325,8756.0,-132188.0,25.9267,-2247.6651999999876,-112755.2000000001,-140944.0,12395998.545861477,12395998.545861477
2025-02-11,-13.874952269933871,0.007781000000000001,0.007781000000000001,128.52,155245.60078223096,1.0,1.0000141200000001,1.0000141200000001,154947.79396041774,-214989.32455323442,19343.0,-117427.0,0.785881,-150.50788300000073,-9026.820000000009,-136770.0,-13.67599704682388,0.2539,0.2539,3.94,155245.60078223096,1.0,1.000366,1.000366,154893.29087880682,-211832.01886313944,16486.0,-115702.0,25.643900000000002,-4185.795400000025,37012.64000000015,-132188.0,12419648.062578477,12419648.062578477
2025-02-12,-8.514333782537573,0.007997,0.007997,125.05,153602.17351593098,1.0,1.00002485,1.00002485,155241.7430249168,-132178.00170970656,45232.0,-72195.0,0.807697,-361.7203040000014,-2536.4231999999943,-117427.0,-13.08170254079902,0.26489999999999997,0.26489999999999997,3.78,153602.17351593098,1.0,1.0013219999999998,1.0013219999999998,155040.6370600376,-202819.54957553925,4922.0,-110780.0,26.7549,-1303.8378000000039,-127272.19999999975,-115702.0,12288173.881274477,12288173.881274477
2025-02-13,-5.472907439026937,0.008107,0.008107,123.35,155053.38653401847,1.0,0.9999984499999999,0.9999984499999999,153602.41159966897,-84065.17810963056,26279.0,-45916.0,0.818807,-213.04385299999936,-794.1450000000007,-72195.0,-10.976607348856133,0.2539,0.2539,3.94,155053.38653401847,1.0,1.000366,1.000366,153545.97568882885,-168541.3885133284,18723.0,-92057.0,25.643900000000002,-4753.769700000029,121857.99999999977,-110780.0,12404270.922721477,12404270.922721477
2025-02-14,-3.6362508732706025,0.007998,0.007998,125.03,153893.0458132685,1.0,0.99998994,0.99998994,155054.94638677913,-56381.86842038521,15120.0,-30796.0,0.807798,-120.92976000000091,500.48440000000096,-45916.0,-11.386466506521234,0.2639,0.2639,3.79,153893.0458132685,1.0,1.0001810000000002,1.0001810000000002,155025.32694984053,-176519.06929768628,-4357.0,-96414.0,26.1261,-1149.8122999999982,-92057.0,-92057.0,12311443.665061478,12311443.665061478
2025-02-15,-3.505116343023269,0.007811,0.007811,128.02,154954.61595511847,1.0,0.9999642200000001,0.9999642200000001,153898.55230346989,-53943.233084651365,1332.0,-29464.0,0.788911,-10.404252000000017,575.8851999999981,-30796.0,-9.881898005373998,0.2548,0.2548,3.92,154954.61595511847,1.0,0.998816,0.998816,154075.4711711351,-152255.8091243099,13252.0,-83162.0,25.7348,-3376.609599999993,87736.74000000002,-96414.0,12396369.276409477,12396369.276409477
2025-02-16,-4.466211051739157,0.0077139999999999995,0.0077139999999999995,129.63,155597.39706364347,1.0,0.9999658199999999,0.9999658199999999,154959.91248492722,-69208.36737167145,-8337.0,-37801.0,0.763686,-64.31161799999998,285.80080000000123,-29464.0,-10.38148826103584,0.24850000000000003,0.24850000000000003,4.02,155597.39706364347,1.0,0.99897,0.99897,155114.38377040197,-161031.8154230236,-4793.0,-87955.0,24.6015,-1191.0604999999998,52392.05999999992,-83162.0,12447791.765091477,12447791.765091477
2025-02-17,-5.33650636285044,0.008088999999999999,0.008088999999999999,123.62,155357.06470981846,1.0,0.9999621799999999,0.9999621799999999,155603.28197976795,-83037.7904365443,-7554.0,-45355.0,0.8008109999999999,-61.10430600000009,-1417.5374999999992,-37801.0,-11.263459505454582,0.2503,0.2503,4.0,155357.06470981846,1.0,1.0012,1.0012,155410.90397886882,-175046.44236720793,-7655.0,-95610.0,24.779700000000002,-1916.0464999999947,-15831.899999999974,-87955.0,12428565.176785477,12428565.176785477
2025-02-18,-3.234130094047808,0.007541,0.007541,132.61,157188.13732491847,1.0,1.00001201,1.00001201,155355.19889387974,-50243.89240094792,17912.0,-27443.0,0.761641,-135.07439200000036,2485.4539999999984,-45355.0,-11.14481658914376,0.2352,0.2352,4.25,157188.13732491847,1.0,0.9995999999999999,0.9995999999999999,155419.23240277957,-173211.88395544872,1002.0,-94608.0,23.7552,-235.67039999999895,144371.10000000015,-95610.0,12575050.985993477,12575050.985993477
2025-02-19,-5.500638779187808,0.007738000000000001,0.007738000000000001,129.23,156873.45193876847,1.0,0.9999817400000001,0.9999817400000001,157191.00763271784,-86465.09523241344,-19784.0,-47227.0,0.766062,-153.08859200000046,-540.6271000000014,-27443.0,-12.811703178259132,0.2374,0.2374,4.21,156873.45193876847,1.0,0.999454,0.999454,157274.0089337963,-201494.79201146733,-15448.0,-110056.0,23.502599999999997,-3667.3552000000145,-20813.759999999893,-94608.0,12549876.155101476,12549876.155101476
2025-02-20,-5.116989491532408,0.008036,0.008036,124.44,154912.77763391845,1.0,0.99999984,0.99999984,156873.4770385248,-80271.9933506282,3383.0,-43844.0,0.811636,-27.185788000000144,-1407.3645999999972,-47227.0,-12.968596009333456,0.2515,0.2515,3.98,154912.77763391845,1.0,1.00097,1.00097,156721.4321495834,-203245.6939552111,-956.0,-111012.0,24.8985,-240.43400000000005,-155178.96000000002,-110056.0,12393022.210713476,12393022.210713476
2025-02-21,-3.082954195382226,0.007621,0.007621,131.22,155708.85743468095,1.0,1.00002762,1.00002762,154908.49906117437,-47757.580708101115,17759.0,-26085.0,0.769721,-135.3413389999998,1819.5259999999992,-43844.0,-10.3548738223973,0.2454,0.2454,4.07,155708.85743468095,1.0,0.998778,0.998778,155102.31265998894,-160606.48771562008,23289.0,-87723.0,24.7854,-5715.120600000001,67717.31999999993,-111012.0,12456708.594774475,12456708.594774475
2025-02-22,-4.705185877207208,0.0077339999999999996,0.0077339999999999996,129.3,154287.32000775594,1.0,1.0000062,1.0000062,155707.89204575025,-73263.45746233687,-13931.0,-40016.0,0.765666,-107.74235400000026,-294.7604999999994,-26085.0,-10.238862924104051,0.2583,0.2583,3.87,154287.32000775594,1.0,0.999621,0.999621,155767.89346630467,-159488.61091779365,611.0,-87112.0,26.0883,-157.8213000000012,-113162.66999999993,-87723.0,12342985.600620475,12342985.600620475
2025-02-23,-4.570652829840354,0.007697000000000001,0.007697000000000001,129.92,155290.63159643093,1.0,0.99999424,0.99999424,154288.2087078381,-70519.78377414793,1498.0,-38518.0,0.777397,-11.53010599999993,148.05919999999702,-40016.0,-7.826078997157594,0.24850000000000003,0.24850000000000003,4.02,155290.63159643093,1.0,0.99897,0.99897,154446.3997995495,-120870.97256578591,21092.0,-66020.0,25.0985,-5241.361999999999,85369.75999999973,-87112.0,12423250.527714474,12423250.527714474
2025-02-24,-4.692541585678836,0.006816,0.006816,146.71,157770.52012193095,1.0,0.9999753600000001,0.9999753600000001,155294.45805187733,-72872.5702433892,-1285.0,-39803.0,0.6747839999999999,-8.758560000000056,3393.4358000000025,-38518.0,-8.361004074444237,0.2188,0.2188,4.57,157770.52012193095,1.0,0.999916,0.999916,155303.67710530778,-129849.46770536507,-4904.0,-70924.0,21.661199999999997,-1072.995200000008,196079.40000000017,-66020.0,12621641.609754475,12621641.609754475
2025-02-25,-8.86681028739898,0.006832,0.006832,146.37,157629.07303453094,1.0,0.9999998400000001,0.9999998400000001,157770.5453652182,-139892.1494692864,-36606.0,-76409.0,0.676368,-250.0921920000022,-63.68480000000182,-39803.0,-11.80413360957674,0.2194,0.2194,4.56,157629.07303453094,1.0,1.000464,1.000464,157697.34855220272,-186148.0572186194,-30750.0,-101674.0,21.7206,-6746.550000000008,-4255.4400000001615,-70924.0,12610325.842762474,12610325.842762474
2025-02-26,-10.358137798492898,0.006474,0.006474,154.46,157720.55447233096,1.0,0.99997404,0.99997404,157633.1651914993,-163278.60466661438,-12774.0,-89183.0,0.640926,-82.69887599999974,2735.442200000004,-76409.0,-13.104104581328404,0.2187,0.2187,4.57,157720.55447233096,1.0,0.9994590000000001,0.9994590000000001,157714.3965230499,-206670.59460191423,-11209.0,-112883.0,21.6513,-2451.4083000000214,7117.1800000000285,-101674.0,12617644.357786475,12617644.357786475
2025-02-27,-12.479940401727164,0.006451,0.006451,155.01,156795.84641256844,1.0,0.99996951,0.99996951,157725.36351866464,-196840.31365536866,-18331.0,-107514.0,0.638649,-118.25328099999972,205.12089999999722,-89183.0,-13.45745579807547,0.2252,0.2252,4.44,156795.84641256844,1.0,0.9998880000000001,0.9998880000000001,157738.22115310008,-212275.51388348974,-3062.0,-115945.0,22.2948,-689.562400000003,-73373.94999999984,-112883.0,12543667.713005476,12543667.713005476
2025-02-28,-13.1977210756899,0.006328,0.006328,158.03,156998.66829586844,1.0,1.00001384,1.00001384,156793.67638808722,-206931.92074019607,-5512.0,-113026.0,0.626472,-34.879936,1322.4221999999977,-107514.0,-12.25696869326484,0.2237,0.2237,4.47,156998.66829586844,1.0,0.999939,0.999939,156805.41154267255,-192195.90202130465,10968.0,-104977.0,22.593700000000002,-2453.54160000001,17391.749999999836,-115945.0,12559893.463669475,12559893.463669475
2025-03-01,-13.855617580142004,0.006593,0.006593,151.68,157621.20044714346,1.0,1.00002624,1.00002624,156994.54875890902,-217525.6429770401,-5786.0,-118812.0,0.652707,-38.147097999999765,-2995.188999999996,-113026.0,-11.855309402794768,0.2186,0.2186,4.57,157621.20044714346,1.0,0.9990020000000001,0.9990020000000001,157155.50949434377,-186312.71894092963,3213.0,-101764.0,22.078599999999998,-702.3617999999955,53538.270000000164,-104977.0,12609696.035771476,12609696.035771476
2025-03-02,-11.9838195534306,0.01135,0.01135,88.11,152969.81584526846,1.0,1.0000485000000001,1.0000485000000001,157613.55618966825,-188881.2416551479,15645.0,-103167.0,1.14635,-177.57074999999955,-56518.8684,-118812.0,-12.27494215212865,0.2495,0.2495,4.01,152969.81584526846,1.0,1.000495,1.000495,157543.21655494877,-193383.38696722727,-3862.0,-105626.0,24.700499999999998,-963.5690000000045,-314450.76,-101764.0,12237585.267621476,12237585.267621476
2025-03-03,5.643043302216732,0.008578,0.008578,116.58,158450.89449314345,1.0,1.00002324,1.00002324,152966.26090936494,86319.52340897289,150315.0,47148.0,0.866378,-1289.4020699999962,28597.8924,-103167.0,-6.167130703709065,0.2095,0.2095,4.77,158450.89449314345,1.0,0.9993149999999998,0.9993149999999998,153074.67199558546,-94403.15096241693,54063.0,-51563.0,21.159499999999998,-11326.198499999917,422504.0,-105626.0,12676071.559451476,12676071.559451476
2025-03-04,3.041058415430748,0.009408999999999999,0.009408999999999999,106.28,159048.57285238095,1.0,0.9999885199999999,0.9999885199999999,158452.7135302948,48186.39579291405,-20829.0,26319.0,0.931491,-195.980061,3917.9987999999976,47148.0,-8.78450537362483,0.2,0.2,5.0,159048.57285238095,1.0,1.0,1.0,158450.89449314345,-139191.27341306797,-24463.0,-76026.0,19.8,-4892.599999999982,48984.84999999996,-51563.0,12723885.828190476,12723885.828190476
2025-03-05,3.6928189843087305,0.009741,0.009741,102.66,157359.59707111845,1.0,1.0000110599999998,1.0000110599999998,159046.81379462042,58733.10933745899,5761.0,32080.0,0.983841,-56.117900999999996,873.7908000000002,26319.0,-11.083428517678568,0.21730000000000002,0.21730000000000002,4.6,157359.59707111845,1.0,0.99958,0.99958,159115.40132093575,-176354.41766023292,-20298.0,-96324.0,21.5127,-4410.755400000033,-131524.98000000004,-76026.0,12588767.765689475,12588767.765689475
2025-03-06,4.406295358492382,0.009065,0.009065,110.31,158177.44180055594,1.0,0.99996015,0.99996015,157365.86810096225,69340.04941983943,5793.0,37873.0,0.915565,-52.513544999999944,-2168.6079999999997,32080.0,-9.186251991656231,0.20989999999999998,0.20989999999999998,4.76,158177.44180055594,1.0,0.9991239999999998,0.9991239999999998,157497.5649380042,-144681.23195927477,17299.0,-79025.0,21.1999,-3631.060100000019,71279.7600000002,-96324.0,12654195.344044475,12654195.344044475
2025-03-07,3.272146136853443,0.008181,0.008181,122.23,158969.19317853096,1.0,0.9999636300000001,0.9999636300000001,158183.1949233553,51759.85301835922,-9602.0,28271.0,0.8099190000000001,-78.55396199999994,-3347.973199999997,37873.0,-9.388288471820813,0.20140000000000002,0.20140000000000002,4.97,158969.19317853096,1.0,1.000958,1.000958,158026.05284193336,-148359.41701432696,-2009.0,-81034.0,19.9386,-404.61259999999913,67171.24999999983,-79025.0,12717535.454282476,12717535.454282476
2025-03-08,1.1011031514411511,0.008052,0.008052,124.19,158584.74858953094,1.0,0.99997788,0.99997788,158972.70965486852,17504.535159411484,-18710.0,9561.0,0.797148,-150.6529200000011,-364.6959000000006,28271.0,-10.387442585498528,0.2049,0.2049,4.88,158584.74858953094,1.0,0.999912,0.999912,158983.18369869643,-165142.86927299746,-9167.0,-90201.0,20.2851,-1878.3182999999865,-28361.899999999827,-81034.0,12686779.887162475,12686779.887162475
2025-03-09,0.0222945913079884,0.007215,0.007215,138.6,161409.14018678095,1.0,0.999999,0.999999,158584.90717443812,353.55856930693756,-9368.0,193.0,0.7142850000000001,-67.59011999999973,-800.2556999999999,9561.0,-10.091711869005428,0.1797,0.1797,5.56,161409.14018678095,1.0,0.9991319999999999,0.9991319999999999,158722.51973666236,-160178.19363049237,2712.0,-87489.0,18.1497,-487.34640000000115,227306.51999999996,-90201.0,12912731.214942476,12912731.214942476
2025-03-10,-1.991473885208808,0.006712,0.006712,148.99,163231.30460553095,1.0,1.0000208800000001,1.0000208800000001,161405.7700343026,-32143.537594533205,-17750.0,-17557.0,0.664488,-119.13800000000091,-9.707900000000002,193.0,-12.50761211998441,0.16260000000000002,0.16260000000000002,6.15,163231.30460553095,1.0,0.9999900000000002,0.9999900000000002,161410.75429432385,-201886.31067075106,-22781.0,-110270.0,16.0974,-3704.190600000027,149606.18999999977,-87489.0,13058504.368442476,13058504.368442476
2025-03-11,-3.66281450117248,0.007241,0.007241,138.1,161438.94889678096,1.0,0.9999821,0.9999821,163234.22649818528,-59789.66919052261,-15100.0,-32657.0,0.7168589999999999,-109.3391000000008,-928.7652999999991,-17557.0,-15.256130115687892,0.1751,0.1751,5.71,161438.94889678096,1.0,0.9998210000000001,0.9998210000000001,163260.52824008593,-249072.38615866884,-25773.0,-136043.0,17.3349,-4512.852300000012,-137837.5,-110270.0,12915115.911742475,12915115.911742475
2025-03-12,-3.1182508714556554,0.00736,0.00736,135.87,159026.22912103095,1.0,1.0000032,1.0000032,161438.4322937976,-50340.553218656925,5161.0,-27496.0,0.74336,-37.98496000000017,-388.6183000000007,-32657.0,-14.155160771883862,0.18910000000000002,0.18910000000000002,5.29,159026.22912103095,1.0,1.000339,1.000339,161384.23963954314,-228441.98581459658,11268.0,-124775.0,19.0991,-2130.7787999999982,-190460.1999999998,-136043.0,12722098.329682475,12722098.329682475
2025-03-13,-2.6071133528288923,0.00703,0.00703,142.25,159616.70687690596,1.0,1.0000175,1.0000175,159023.44621072226,-41459.21500288411,4851.0,-22645.0,0.7100299999999999,-34.10252999999991,907.3680000000008,-27496.0,-11.392142699308986,0.185,0.185,5.41,159616.70687690596,1.0,1.00085,1.00085,158891.17162514958,-181011.09008140987,25907.0,-98868.0,18.685,-4792.794999999966,51157.750000000015,-124775.0,12769336.550152475,12769336.550152475
2025-03-14,-3.0336836185808607,0.007372999999999999,0.007372999999999999,135.63,159497.12603166845,1.0,0.9999999899999998,0.9999999899999998,159616.70847307306,-48422.65937465586,-3803.0,-26448.0,0.729927,-28.03951899999986,-776.7235,-22645.0,-10.809970899171702,0.1858,0.1858,5.38,159497.12603166845,1.0,0.9996039999999999,0.9996039999999999,159679.94013319872,-172613.55060213577,4587.0,-94281.0,18.7658,-852.2646000000019,-7909.439999999831,-98868.0,12759770.082533475,12759770.082533475
2025-03-15,-2.35878143193914,0.007468000000000001,0.007468000000000001,133.9,158515.71035336843,1.0,0.9999652000000001,0.9999652000000001,159502.67672481845,-37623.195220309295,5898.0,-20550.0,0.754268,-44.04626400000018,-251.25600000000168,-26448.0,-10.276118201577058,0.19399999999999998,0.19399999999999998,5.15,158515.71035336843,1.0,0.9991,0.9991,159640.80275414718,-164048.77588962647,4678.0,-89603.0,19.593999999999998,-907.5319999999956,-77310.42000000003,-94281.0,12681256.828269474,12681256.828269474
2025-03-16,-1.8392498561094688,0.007049,0.007049,141.86,159779.99520805595,1.0,0.9999711400000001,0.9999711400000001,158520.2852488007,-29155.841183428864,4625.0,-15925.0,0.7119489999999999,-32.60162499999987,861.045000000001,-20550.0,-8.62275872541111,0.1825,0.1825,5.48,159779.99520805595,1.0,1.0001,1.0001,158499.86036733168,-136670.60539588518,14954.0,-74649.0,18.4325,-2729.105000000015,103043.44999999987,-89603.0,12782399.616644474,12782399.616644474
2025-03-17,-2.538010628736062,0.007175000000000001,0.007175000000000001,139.37,159226.13813836843,1.0,0.9999797500000002,0.9999797500000002,159783.23081848,-40553.153811108976,-6225.0,-22150.0,0.710325,-44.66437500000026,-200.65500000000088,-15925.0,-9.468815993083538,0.1882,0.1882,5.31,159226.13813836843,1.0,0.999342,0.999342,159885.19966943844,-151392.35356873338,-8041.0,-82690.0,18.6318,-1513.3162000000154,-42549.93000000002,-74649.0,12738091.051069474,12738091.051069474
2025-03-18,-2.43718825434338,0.007017,0.007017,142.51,159060.40140689342,1.0,0.9999926699999999,0.9999926699999999,159227.3052745161,-38806.69181857984,954.0,-21196.0,0.708717,-6.694218000000049,349.9700000000008,-22150.0,-8.778893715943283,0.18969999999999998,0.18969999999999998,5.27,159060.40140689342,1.0,0.9997189999999998,0.9997189999999998,159270.89325937434,-139822.22439673948,6319.0,-76371.0,19.159699999999997,-1198.71429999999,-12403.499999999882,-82690.0,12724832.112551473,12724832.112551473
2025-03-19,-2.7196458733580644,0.007436000000000001,0.007436000000000001,134.48,158300.80688249343,1.0,0.99999328,0.99999328,159061.47029997385,-43259.087131159016,-2432.0,-23628.0,0.736164,-18.084351999999996,-888.112400000001,-21196.0,-8.181650900325476,0.1974,0.1974,5.07,158300.80688249343,1.0,1.000818,1.000818,158930.3963426851,-130031.30203262142,5348.0,-71023.0,19.9374,-1055.6952000000097,-58805.66999999997,-76371.0,12664064.550599473,12664064.550599473
2025-03-20,-1.721021913086726,0.00718,0.00718,139.28,159162.1113944934,1.0,1.0000304,1.0000304,158295.99468425504,-27243.087560546282,8748.0,-14880.0,0.7251799999999999,-62.81063999999969,604.8768000000016,-23628.0,-6.576850726163642,0.18739999999999998,0.18739999999999998,5.34,159162.1113944934,1.0,1.000716,1.000716,158187.54460055943,-104037.58675762328,14198.0,-56825.0,18.9274,-2660.7052000000035,71023.0,-71023.0,12732968.911559472,12732968.911559472
2025-03-21,-1.9638178722270687,0.00705,0.00705,141.84,158832.5083513684,1.0,0.999972,0.999972,159166.56805839905,-31257.415101413015,-2193.0,-17073.0,0.69795,-15.460650000000001,193.44000000000017,-14880.0,-7.456712254957118,0.1918,0.1918,5.21,158832.5083513684,1.0,0.999278,0.999278,159277.10946752896,-118768.35741006696,-8046.0,-64871.0,18.9882,-1543.222800000005,-25003.000000000073,-56825.0,12706600.668109471,12706600.668109471
2025-03-22,-2.3445560069663736,0.007014,0.007014,142.57,158619.74698214338,1.0,0.9999859799999999,0.9999859799999999,158834.7352143561,-37239.693256173196,-3267.0,-20340.0,0.6943860000000001,-22.914737999999886,61.462799999998914,-17073.0,-6.982784095636155,0.1943,0.1943,5.15,158619.74698214338,1.0,1.000645,1.000645,158730.12741918303,-110837.82092409716,4332.0,-60539.0,19.6243,-841.7076000000083,-16217.75,-64871.0,12689579.75857147,12689579.75857147
2025-03-23,-2.5317419630909126,0.0071070000000000005,0.0071070000000000005,140.71,158307.7040851684,1.0,1.00002597,1.00002597,158615.6277342911,-40157.38407369116,-1594.0,-21934.0,0.703593,-11.328557999999958,-189.1619999999995,-20340.0,-6.322087646577432,0.19820000000000002,0.19820000000000002,5.05,158307.7040851684,1.0,1.00091,1.00091,158475.53424597954,-100189.6217341266,5816.0,-54723.0,20.0182,-1152.7311999999997,-23610.210000000036,-60539.0,12664616.32681347,12664616.32681347
2025-03-24,-2.2962252217465084,0.00732,0.00732,136.61,157143.14243416837,1.0,0.9999852000000001,0.9999852000000001,158310.04707386508,-36351.552294688605,2079.0,-19855.0,0.73932,-15.218279999999986,-467.1941999999997,-21934.0,-5.3420200379345735,0.21480000000000002,0.21480000000000002,4.66,157143.14243416837,1.0,1.000968,1.000968,158154.61042227963,-84486.50979675539,8577.0,-46146.0,21.6948,-1842.3396000000027,-90840.18000000001,-54723.0,12571451.39473347,12571451.39473347
2025-03-25,-1.5674884703809142,0.007448000000000001,0.007448000000000001,134.26,156235.4995385684,1.0,0.99996848,0.99996848,157148.09574214616,-24632.782821813016,6401.0,-13454.0,0.752248,-47.67464800000006,-254.14400000000066,-19855.0,-1.9271864925768305,0.22899999999999998,0.22899999999999998,4.37,156235.4995385684,1.0,1.00073,1.00073,157028.51162068528,-30262.322654482858,29617.0,-16529.0,23.128999999999998,-6782.292999999976,-65527.31999999991,-46146.0,12498839.96308547,12498839.96308547
2025-03-26,-0.9081256090056884,0.007287,0.007287,137.23,156332.36894796838,1.0,0.9999950099999999,0.9999950099999999,156236.2791576014,-14188.216615877953,5704.0,-7750.0,0.7359870000000001,-41.565048000000246,216.60940000000005,-13454.0,1.5946846053194148,0.22039999999999998,0.22039999999999998,4.54,156332.36894796838,1.0,1.000616,1.000616,156139.3177188536,24899.296625133276,30129.0,13600.0,22.2604,-6640.431600000044,14214.939999999991,-16529.0,12506589.51583747,12506589.51583747
2025-03-27,-1.1310550629791876,0.0073809999999999995,0.0073809999999999995,135.48,156319.24494111838,1.0,0.9999778799999999,0.9999778799999999,156335.82709646376,-17682.44287624942,-1908.0,-9658.0,0.730719,-14.082947999999945,-72.84999999999972,-7750.0,1.224833444605183,0.2202,0.2202,4.54,156319.24494111838,1.0,0.999708,0.999708,156378.03133311766,19153.704277831974,-3138.0,10462.0,21.799799999999998,-690.9876000000061,-271.9999999999942,13600.0,12505539.59528947,12505539.59528947
2025-03-28,-0.9150054744073222,0.007062000000000001,0.007062000000000001,141.6,156099.5096512434,1.0,0.9999792000000001,0.9999792000000001,156322.4964490445,-14303.59400238949,1845.0,-7813.0,0.7132620000000001,-13.029390000000024,308.0901999999993,-9658.0,0.9334257461839056,0.2036,0.2036,4.91,156099.5096512434,1.0,0.999676,0.999676,156369.90879156685,14595.969879447755,-2490.0,7972.0,20.156399999999998,-506.96400000000386,-17366.920000000002,10462.0,12487960.77209947,12487960.77209947
2025-03-29,-1.815808848142474,0.006732,0.006732,148.54,155960.9773673934,1.0,0.99997128,0.99997128,156103.99295792115,-28345.50116433636,-7669.0,-15482.0,0.6664680000000001,-51.62770799999969,257.82900000000024,-7813.0,-2.1937463867937925,0.196,0.196,5.1,155960.9773673934,1.0,0.9995999999999999,0.9995999999999999,156161.97444101982,-34257.97671845718,-26684.0,-18712.0,19.404,-5230.06400000004,-6058.719999999984,7972.0,12476878.189391471,12476878.189391471
2025-03-30,-3.152869976111392,0.006612,0.006612,151.24,156085.7375534934,1.0,0.99999888,0.99999888,155961.1520438837,-49172.52337189048,-11376.0,-26858.0,0.6545880000000001,-75.21811199999945,185.78400000000016,-15482.0,-4.669792260967671,0.1886,0.1886,5.3,156085.7375534934,1.0,0.9995799999999999,0.9995799999999999,156026.50850096383,-72861.13819036074,-21085.0,-39797.0,18.6714,-3976.631000000021,13846.880000000037,-18712.0,12486859.004279472,12486859.004279472
2025-03-31,-3.976310659907053,0.006618000000000001,0.006618000000000001,151.1,156086.4110727934,1.0,0.9999798000000001,0.9999798000000001,156088.89054908248,-62065.791938338196,-7042.0,-33900.0,0.655182,-46.60395600000009,-16.114800000001207,-26858.0,-6.836483745964509,0.1877,0.1877,5.33,156086.4110727934,1.0,1.0004410000000001,1.0004410000000001,156016.93408556166,-106660.72339711586,-18461.0,-58258.0,18.5823,-3465.1296999999913,3581.7299999999946,-39797.0,12486912.885823471,12486912.885823471
2025-04-01,-4.180480693210158,0.006770000000000001,0.006770000000000001,147.71,155296.3253677934,1.0,0.9999967000000002,0.9999967000000002,156086.92615964968,-65251.83812729351,-1740.0,-35640.0,0.67023,-11.779800000000094,-515.2799999999997,-33900.0,-7.733513116782538,0.19820000000000002,0.19820000000000002,5.05,155296.3253677934,1.0,1.00091,1.00091,155944.50157635892,-120599.88484308869,-7613.0,-65871.0,19.6218,-1508.8965999999996,-61170.90000000004,-58258.0,12423706.029423472,12423706.029423472
2025-04-02,-3.6400737012936095,0.0064,0.0064,156.25,156782.5587552934,1.0,1.0,1.0,155296.3253677934,-56529.006987884044,4764.0,-30876.0,0.6464,-30.489599999999815,1318.6800000000012,-35640.0,-5.844794978900712,0.17989999999999998,0.17989999999999998,5.56,156782.5587552934,1.0,1.0002439999999997,1.0002439999999997,155258.44230787034,-90745.37640329864,16306.0,-49565.0,18.1699,-2933.449399999999,120543.93000000012,-65871.0,12542604.700423472,12542604.700423472
2025-04-03,-4.628208208274324,0.006508000000000001,0.006508000000000001,153.66,156634.3097570934,1.0,1.00001928,1.00001928,156779.53604583844,-72560.83356167897,-8757.0,-39633.0,0.6442920000000001,-56.990555999999636,-333.460800000001,-30876.0,-8.06547992970668,0.1815,0.1815,5.51,156634.3097570934,1.0,1.000065,1.000065,156772.36855133757,-126444.43920833917,-19499.0,-69064.0,17.9685,-3539.0684999999958,-7930.400000000007,-49565.0,12530744.780567471,12530744.780567471
2025-04-04,-4.505113818229295,0.006603,0.006603,151.45,156585.5088474309,1.0,1.00002435,1.00002435,156630.4958045206,-70563.82110050513,1091.0,-38542.0,0.666903,-7.203873000000028,-376.51349999999815,-39633.0,-8.563456696452802,0.1819,0.1819,5.5,156585.5088474309,1.0,1.00045,1.00045,156563.85602188355,-134072.7801273071,-4166.0,-73230.0,18.008100000000002,-757.7953999999952,-2762.5600000001864,-69064.0,12526840.70779447,12526840.70779447
2025-04-05,-4.010025471798942,0.006547,0.006547,152.74,156879.7719659934,1.0,0.99998878,0.99998878,156587.2657565527,-62791.89242431265,4245.0,-34297.0,0.6612469999999999,-27.79201499999987,215.8352000000019,-38542.0,-8.515573032711403,0.17870000000000003,0.17870000000000003,5.6,156879.7719659934,1.0,1.00072,1.00072,156472.84839658535,-133245.59681575018,451.0,-72779.0,18.0487,-80.59369999999964,23433.60000000002,-73230.0,12550381.75727947,12550381.75727947
2025-04-06,-3.954561942592417,0.005737,0.005737,174.31,158571.5705129434,1.0,1.00001647,1.00001647,156877.18819870375,-62038.05581115021,412.0,-33885.0,0.579437,-2.3636439999999967,2778.056999999999,-34297.0,-8.936419371682696,0.1604,0.1604,6.23,158571.5705129434,1.0,0.999292,0.999292,156990.9215384426,-140293.67124144567,-3849.0,-76628.0,15.879599999999998,-617.3796000000038,133185.57000000012,-72779.0,12685725.641035471,12685725.641035471
2025-04-07,-6.649987724349898,0.005864,0.005864,170.53,157900.04435459338,1.0,0.99998792,0.99998792,158573.48608065525,-105451.17358437266,-23712.0,-57597.0,0.580536,-139.04716799999954,-430.3395000000015,-33885.0,-11.70219593601737,0.1668,0.1668,6.0,157900.04435459338,1.0,1.0008,1.0008,158444.81466121445,-185415.22662114893,-24645.0,-101273.0,16.5132,-4110.785999999963,-49041.92000000004,-76628.0,12632003.54836747,12632003.54836747
2025-04-08,-7.068497569288289,0.005583,0.005583,179.12,158584.74840548087,1.0,1.00002696,1.00002696,157895.7874841628,-111608.5990032665,-3363.0,-60960.0,0.552717,-18.775629000000016,1618.4757000000009,-57597.0,-11.381308919662086,0.16149999999999998,0.16149999999999998,6.19,158584.74840548087,1.0,0.9996849999999999,0.9996849999999999,157949.79854113384,-179767.54509950362,3084.0,-98189.0,16.3115,-498.0660000000006,53674.69000000012,-101273.0,12686779.87243847,12686779.87243847
2025-04-09,-8.116089784195468,0.006314999999999999,0.006314999999999999,158.35,155703.66868635587,1.0,0.9999802499999999,0.9999802499999999,158587.88051612108,-128711.34769541018,-9342.0,-70302.0,0.625185,-58.99472999999962,-4462.271999999995,-60960.0,-12.025500171933189,0.1844,0.1844,5.42,155703.66868635587,1.0,0.999448,0.999448,158672.33553469603,-190811.4198253528,-6032.0,-104221.0,18.2556,-1112.3008000000007,-224852.81000000026,-98189.0,12456293.494908469,12456293.494908469
2025-04-10,-5.172189868551578,0.0060940000000000005,0.0060940000000000005,164.1,155783.40843505587,1.0,1.0000254,1.0000254,155699.7139136225,-80530.84828404173,26316.0,-43986.0,0.6154940000000001,-160.36970400000115,1553.6741999999929,-70302.0,-6.753993325343996,0.18309999999999998,0.18309999999999998,5.46,155783.40843505587,1.0,0.9997259999999999,0.9997259999999999,155746.34318438842,-105190.97623140947,46766.0,-57455.0,18.4931,-8562.85459999998,13548.730000000267,-104221.0,12462672.67480447,12462672.67480447
2025-04-11,-4.9597491277262495,0.006239000000000001,0.006239000000000001,160.28,155165.61630785587,1.0,0.9999869200000001,0.9999869200000001,155785.44610869096,-77265.67304500246,1784.0,-42202.0,0.630139,-11.130375999999991,-637.7969999999981,-43986.0,-5.377930563007261,0.1912,0.1912,5.23,155165.61630785587,1.0,0.9999760000000001,0.9999760000000001,155787.1473265917,-83781.24609313924,11694.0,-45761.0,19.3112,-2235.8927999999823,-46538.550000000134,-57455.0,12413249.304628469,12413249.304628469
2025-04-12,-4.186445957377626,0.006595,0.006595,151.63,154315.21649291838,1.0,0.99999985,0.99999985,155165.6395827018,-64959.25645549157,6721.0,-35481.0,0.666095,-44.324995000000115,-1502.3911999999984,-42202.0,-3.2150890475791423,0.2049,0.2049,4.88,154315.21649291838,1.0,0.999912,0.999912,155179.27208379924,-49891.51780879266,18510.0,-27251.0,20.694899999999997,-3792.698999999973,-62692.56999999988,-45761.0,12345217.31943347,12345217.31943347
2025-04-13,-2.3284196778803694,0.006383,0.006383,156.67,154559.37176356837,1.0,1.0000246099999999,1.0000246099999999,154311.41888889956,-35930.17442625543,15856.0,-19625.0,0.644683,-101.20884800000044,752.1971999999998,-35481.0,0.1851618689656867,0.1959,0.1959,5.1,154559.37176356837,1.0,0.9990899999999999,0.9990899999999999,154455.77124475111,2859.9319276214687,28813.0,1562.0,19.7859,-5644.46670000005,24525.89999999996,-27251.0,12364749.74108547,12364749.74108547
2025-04-14,-2.5103642018236125,0.006353,0.006353,157.41,154558.20097668088,1.0,1.00002573,1.00002573,154555.39505325365,-38799.03309403942,-1567.0,-21192.0,0.6289469999999999,-9.955151000000082,58.87500000000005,-19625.0,-0.3771506228228408,0.2011,0.2011,4.97,154558.20097668088,1.0,0.999467,0.999467,154641.7958407515,-5832.3249615782015,-4748.0,-3186.0,19.9089,-954.8228000000013,812.2399999999993,1562.0,12364656.07813447,12364656.07813447
2025-04-15,-2.675552875030104,0.006091,0.006091,164.18,154594.22878350588,1.0,1.00002038,1.00002038,154555.05114473854,-41352.021144073,-1394.0,-22586.0,0.603009,-8.49085399999994,555.2304,-21192.0,0.3511104918524425,0.19010000000000002,0.19010000000000002,5.26,154594.22878350588,1.0,0.9999260000000001,0.9999260000000001,154569.63912997648,5427.102202038058,6150.0,2964.0,19.200100000000003,-1169.1150000000064,3504.599999999993,-3186.0,12367538.30268047,12367538.30268047
2025-04-16,-3.8345794603826473,0.006105,0.006105,163.8,154545.43605019338,1.0,0.9999990000000001,0.9999990000000001,154594.38337788926,-59280.44471913747,-9793.0,-32379.0,0.604395,-59.78626500000026,-31.62040000000153,-22586.0,-1.5875587437261387,0.18760000000000002,0.18760000000000002,5.33,154545.43605019338,1.0,0.9999080000000001,0.9999080000000001,154608.4527611599,-24545.000103494905,-16370.0,-13406.0,18.572400000000002,-3071.011999999996,-741.0,2964.0,12363634.88401547,12363634.88401547
2025-04-17,-4.149723851638984,0.006167000000000001,0.006167000000000001,162.15,154469.27722498088,1.0,0.9999790500000001,0.9999790500000001,154548.67384491043,-64133.43180933988,-2651.0,-35030.0,0.610533,-16.34871700000009,-200.74979999999945,-32379.0,-2.824757719475042,0.1905,0.1905,5.25,154469.27722498088,1.0,1.000125,1.000125,154526.12028515775,-43649.88511360283,-10435.0,-23841.0,18.8595,-1987.8675000000012,-3887.7399999999884,-13406.0,12357542.17799847,12357542.17799847
2025-04-18,-3.9182983951619104,0.006274999999999999,0.006274999999999999,159.36,154456.0877931059,1.0,0.999984,0.999984,154471.74877296123,-60526.640531494784,1970.0,-33060.0,0.633775,-12.361750000000061,-378.3239999999972,-35030.0,-2.707167871380118,0.1907,0.1907,5.24,154456.0877931059,1.0,0.999268,0.999268,154582.43156488636,-41848.05922122761,984.0,-22857.0,19.2607,-187.64879999999965,-476.8199999999898,-23841.0,12356487.023448471,12356487.023448471
2025-04-19,-3.2604097905537803,0.006282,0.006282,159.18,154219.57155128088,1.0,0.9999687600000001,0.9999687600000001,154460.91315203274,-50360.58734987647,5553.0,-27507.0,0.634482,-34.88394600000005,-23.142000000001122,-33060.0,-2.638786821914481,0.19890000000000002,0.19890000000000002,5.03,154219.57155128088,1.0,1.0004670000000002,1.0004670000000002,154383.99046955656,-40738.64395656367,606.0,-22251.0,20.088900000000002,-120.53340000000112,-18742.740000000005,-22857.0,12337565.724102471,12337565.724102471
2025-04-20,-2.94481736895657,0.006202,0.006202,161.24,154291.2579212309,1.0,1.00001048,1.00001048,154217.95534710883,-45414.371351113485,2702.0,-24805.0,0.626402,-16.75780400000011,220.05600000000018,-27507.0,-0.8631814807092738,0.19510000000000002,0.19510000000000002,5.13,154291.2579212309,1.0,1.000863,1.000863,154086.59481995125,-13300.469507413543,14986.0,-7265.0,19.7051,-2923.768600000001,8455.379999999977,-22251.0,12343300.63369847,12343300.63369847
2025-04-21,-3.1915506262497413,0.006242,0.006242,160.21,154247.95015595588,1.0,1.00003082,1.00003082,154286.50281121425,-49241.31846690133,-2091.0,-26896.0,0.617958,-13.052021999999937,-99.22000000000008,-24805.0,-1.0846530765759,0.19920000000000002,0.19920000000000002,5.02,154247.95015595588,1.0,0.999984,0.999984,154293.72662085682,-16735.516527567317,-1876.0,-9141.0,19.7208,-373.6992000000022,-2978.650000000001,-7265.0,12339836.01247647,12339836.01247647
2025-04-22,-3.035415607611597,0.0067940000000000006,0.0067940000000000006,147.19,153960.67127518088,1.0,1.00000886,1.00000886,154246.58353122577,-46820.24870714486,1323.0,-25573.0,0.686194,-8.988461999999956,-1484.6592000000007,-26896.0,-0.2956627768366187,0.2211,0.2211,4.52,153960.67127518088,1.0,0.9993719999999998,0.9993719999999998,154344.87873980452,-4563.403543872179,6648.0,-2493.0,22.3311,-1469.872799999999,-20018.78999999998,-9141.0,12316853.70201447,12316853.70201447
2025-04-23,-0.0201379894496398,0.006977,0.006977,143.33,153837.76506633087,1.0,1.00001341,1.00001341,153958.60669026518,-310.04167972098037,25404.0,-169.0,0.704677,-177.24370800000028,-467.98589999999956,-25573.0,4.305676314474319,0.2233,0.2233,4.48,153837.76506633087,1.0,1.0003840000000002,1.0003840000000002,153901.57307112156,66265.03579326667,38687.0,36194.0,22.5533,-8638.807100000071,-548.4599999999972,-2493.0,12307021.20530647,12307021.20530647
2025-04-24,1.9375438155711668,0.007219,0.007219,138.52,153808.47083320588,1.0,0.99997588,0.99997588,153841.4757227253,29807.45998649082,16450.0,16281.0,0.729119,-118.7525499999996,-4.0898,-169.0,6.258782713333588,0.2237,0.2237,4.47,153808.47083320588,1.0,0.999939,0.999939,153847.14974246518,96289.5881303785,16399.0,52593.0,22.593700000000002,-3668.456300000015,1447.7600000000978,36194.0,12304677.66665647,12304677.66665647
2025-04-25,3.82367831546005,0.007135000000000001,0.007135000000000001,140.15,153659.9929531434,1.0,0.9999702500000002,0.9999702500000002,153813.0467713473,58813.161157444316,15843.0,32124.0,0.720635,-113.03980500000004,-136.7603999999994,16281.0,6.855353090768679,0.2217,0.2217,4.51,153659.9929531434,1.0,0.999867,0.999867,153828.93008090666,105455.16312797825,5006.0,57599.0,22.3917,-1109.8301999999921,-10518.599999999962,52593.0,12292799.43625147,12292799.43625147
2025-04-26,3.923336853091018,0.00707,0.00707,141.44,153826.5554187684,1.0,0.9999808,0.9999808,153662.9432816544,60287.14883313497,805.0,32929.0,0.71407,-5.691350000000017,-208.80600000000197,32124.0,6.405260191988191,0.2242,0.2242,4.46,153826.5554187684,1.0,0.999932,0.999932,153670.44254323634,98429.91683074003,-3837.0,53762.0,22.195800000000002,-860.255399999999,14399.75,57599.0,12306124.43350147,12306124.43350147
2025-04-27,3.451572059508097,0.007032000000000001,0.007032000000000001,142.21,153343.93951301838,1.0,1.0000207200000002,1.0000207200000002,153823.3681985793,53093.24397736427,-3930.0,28999.0,0.696168,-27.63576000000015,-125.13019999999719,32929.0,6.560730134486591,0.21710000000000002,0.21710000000000002,4.61,153343.93951301838,1.0,1.0008310000000002,1.0008310000000002,153698.83168963427,100837.65567015662,1315.0,55077.0,21.9271,-285.48649999999805,-38171.02000000005,53762.0,12267515.16104147,12267515.16104147
2025-04-28,2.920568174466061,0.007056,0.007056,141.72,153391.0129546184,1.0,0.9999763199999999,0.9999763199999999,153347.57078349454,44786.20348619557,-4537.0,24462.0,0.698544,-32.01307199999978,69.59759999999878,28999.0,4.70113655814671,0.2184,0.2184,4.58,153391.0129546184,1.0,1.000272,1.000272,153302.24130338387,72069.47710371665,-15713.0,39364.0,21.6216,-3431.719199999985,7160.009999999946,55077.0,12271281.03636947,12271281.03636947
2025-04-29,2.738282274773753,0.006958,0.006958,143.72,153243.11592886838,1.0,1.00000376,1.00000376,153390.43620657828,42002.631258428744,-1520.0,22942.0,0.688842,-10.57616000000003,-239.72760000000076,24462.0,4.1744250072760805,0.2157,0.2157,4.64,153243.11592886838,1.0,1.000848,1.000848,153261.04758626525,63977.674968543506,-4419.0,34945.0,21.3543,-953.1783000000079,-10628.279999999982,39364.0,12259449.274309471,12259449.274309471
2025-04-30,1.95430995008522,0.006816,0.006816,146.71,152932.5991020684,1.0,0.9999753600000001,0.9999753600000001,153246.8919322856,29949.192572290012,-6584.0,16358.0,0.6747839999999999,-44.876544000000294,-325.7763999999998,22942.0,3.171763630420159,0.20920000000000002,0.20920000000000002,4.78,152932.5991020684,1.0,0.9999760000000002,0.9999760000000002,153246.7938519208,48606.26072180181,-8396.0,26549.0,20.710800000000003,-1756.4431999999929,-22714.24999999995,34945.0,12234607.928165471,12234607.928165471
2025-05-01,0.6907568131178433,0.00705,0.00705,141.84,153128.1029395684,1.0,0.999972,0.999972,152936.8813347458,10564.219275897078,-10588.0,5770.0,0.69795,-74.64540000000001,382.7771999999996,16358.0,1.0852655185625455,0.2164,0.2164,4.62,153128.1029395684,1.0,0.9997680000000001,0.9997680000000001,152968.08769841443,16601.099101954067,-17482.0,9067.0,21.4236,-3783.104800000003,19115.27999999997,26549.0,12250248.235165471,12250248.235165471
2025-05-02,1.641648652358928,0.006981000000000001,0.006981000000000001,143.25,153062.0460738184,1.0,1.0000282500000002,1.0000282500000002,153123.77719286268,25137.544247277176,7960.0,13730.0,0.7050810000000001,-55.56876000000012,-39.81299999999946,5770.0,2.015867280342516,0.2125,0.2125,4.71,153062.0460738184,1.0,1.000875,1.000875,152994.23298570592,30841.606835698425,7779.0,16846.0,21.4625,-1653.037499999989,-3536.130000000005,9067.0,12244963.685905471,12244963.685905471
2025-05-03,1.471080392601645,0.006995,0.006995,142.96,152893.2360683184,1.0,1.0000052000000001,1.0000052000000001,153061.25015531757,22516.540397058314,-1432.0,12298.0,0.692505,-10.016839999999963,19.221999999999408,13730.0,1.30503133136649,0.2052,0.2052,4.87,152893.2360683184,1.0,0.999324,0.999324,153165.58600996115,19988.588863010824,-5928.0,10918.0,20.314799999999998,-1216.4256000000082,-12297.580000000007,16846.0,12231458.885465471,12231458.885465471
2025-05-04,1.442836039664428,0.006762000000000001,0.006762000000000001,147.89,152761.68801784338,1.0,1.00003218,1.00003218,152888.31612230558,22059.27725448705,-249.0,12049.0,0.669438,-1.6837380000000115,-286.54339999999985,12298.0,-0.8426872411659925,0.1991,0.1991,5.02,152761.68801784338,1.0,0.9994819999999999,0.9994819999999999,152972.4758107884,-12890.795361532479,-17959.0,-7041.0,19.7109,-3575.636900000025,-6659.979999999994,10918.0,12220935.04142747,12220935.04142747
2025-05-05,-0.2095324502445883,0.006622,0.006622,151.01,152730.7681199184,1.0,0.99998822,0.99998822,152763.487571727,-3200.8907858812668,-13797.0,-1748.0,0.655578,-91.36373400000024,-168.68600000000015,12049.0,-3.134842592836236,0.19690000000000002,0.19690000000000002,5.08,152730.7681199184,1.0,1.0002520000000001,1.0002520000000001,152723.20177099705,-47876.319782604405,-19109.0,-26150.0,19.493100000000002,-3762.5620999999887,1549.019999999992,-7041.0,12218461.449593471,12218461.449593471
2025-05-06,-1.7780851074089197,0.006789,0.006789,147.3,152596.7638416059,1.0,1.0000197,1.0000197,152727.75938305855,-27156.29544469493,-13085.0,-14833.0,0.6721109999999999,-88.83406500000059,-29.19159999999989,-1748.0,-4.475397869077297,0.20010000000000003,0.20010000000000003,5.0,152596.7638416059,1.0,1.0005000000000002,1.0005000000000002,152654.44089946864,-68318.93595066681,-11166.0,-37316.0,19.809900000000003,-2234.3165999999896,-8368.000000000007,-26150.0,12207741.10732847,12207741.10732847
2025-05-07,-1.1365232431235293,0.006715,0.006715,148.92,152802.2311703559,1.0,0.9999977999999998,0.9999977999999998,152597.09955522494,-17343.015047774832,5360.0,-9473.0,0.678215,-35.992400000000146,109.76419999999943,-14833.0,-3.9889456465722506,0.1955,0.1955,5.12,152802.2311703559,1.0,1.00096,1.00096,152450.41144661713,-60811.64050581318,4101.0,-33215.0,19.7455,-801.7454999999964,17165.360000000033,-37316.0,12224178.49362847,12224178.49362847
2025-05-08,-1.4237449197649086,0.007693,0.007693,129.99,151684.70803739337,1.0,1.00001307,1.00001307,152800.23407129658,-21754.85569978974,-2409.0,-11882.0,0.7616069999999999,-18.532437000000147,-926.4594,-9473.0,-4.931571826979954,0.22160000000000002,0.22160000000000002,4.51,151684.70803739337,1.0,0.9994160000000001,0.9994160000000001,152891.51981792954,-75399.55117182486,-7968.0,-41183.0,21.9384,-1765.7087999999894,-86691.14999999998,-33215.0,12134776.64299147,12134776.64299147
2025-05-09,4.569327721709561,0.007774,0.007774,128.63,150946.94452789339,1.0,0.9999696199999999,0.9999696199999999,151689.31635882438,69311.81983255479,49740.0,37858.0,0.785174,-386.6787600000029,-96.24419999999995,-11882.0,1.68246787589381,0.2327,0.2327,4.3,150946.94452789339,1.0,1.00061,1.00061,151592.23677296186,25504.906860539668,55114.0,13931.0,23.5027,-12825.027800000069,-45713.129999999976,-41183.0,12075755.56223147,12075755.56223147
2025-05-10,7.019336036252539,0.008406,0.008406,118.96,151304.2590441934,1.0,0.9999777599999999,0.9999777599999999,150950.30166260237,105957.08921434963,20016.0,57874.0,0.849006,-168.2544960000005,2392.625600000001,37858.0,5.989528011383505,0.2582,0.2582,3.87,151304.2590441934,1.0,0.999234,0.999234,151062.65852432302,90479.4024705494,35489.0,49420.0,26.0782,-9163.259799999953,35524.05000000001,13931.0,12104340.72353547,12104340.72353547
2025-05-11,10.793692896216294,0.008053000000000001,0.008053000000000001,124.18,150519.4925888809,1.0,1.00002154,1.00002154,151301.00002065295,163309.65291133433,31325.0,89199.0,0.813353,-252.26022499999928,-2042.9522,57874.0,10.430012046127963,0.24780000000000002,0.24780000000000002,4.04,150519.4925888809,1.0,1.001112,1.001112,151136.1955946921,157635.23406585905,36680.0,86100.0,25.027800000000003,-9089.304000000058,-51396.79999999996,49420.0,12041559.407110471,12041559.407110471
2025-05-12,9.773796379395632,0.00817,0.00817,122.4,150574.57150488088,1.0,1.000008,1.000008,150518.28844257336,147113.5102612851,-8846.0,80353.0,0.8088299999999999,-72.27182000000009,1043.628299999994,89199.0,10.905998333423378,0.2483,0.2483,4.03,150574.57150488088,1.0,1.0006490000000001,1.0006490000000001,150421.86879603227,164050.0650399958,3504.0,89604.0,25.0783,-870.0432000000014,4304.999999999755,86100.0,12045965.72039047,12045965.72039047
2025-05-13,9.9021137755418,0.008298999999999999,0.008298999999999999,120.5,151578.80150841837,1.0,1.0000295,1.0000295,150570.12968605515,149096.2555349402,1083.0,81436.0,0.838199,-8.98781700000006,1036.5537000000018,80353.0,10.693863901254522,0.2572,0.2572,3.89,151578.80150841837,1.0,1.000508,1.000508,150498.11846070286,160940.6396213637,-1698.0,87906.0,25.462799999999998,-436.7256000000017,79747.56000000006,89604.0,12126304.12067347,12126304.12067347
2025-05-14,10.42892026913258,0.007986,0.007986,125.22,150678.2864321434,1.0,1.00000692,1.00000692,151577.75259037045,158079.22963392778,4907.0,86343.0,0.806586,-39.18730200000024,-2548.9467999999997,81436.0,11.90811097011152,0.24960000000000002,0.24960000000000002,4.01,150678.2864321434,1.0,1.000896,1.000896,151443.1084832174,180340.13414767903,10595.0,98501.0,25.209600000000002,-2644.5120000000097,-66808.55999999982,87906.0,12054262.91457147,12054262.91457147
2025-05-15,8.21850328636998,0.007624,0.007624,131.16,148801.10086154338,1.0,0.9999638399999999,0.9999638399999999,150683.73515600665,123839.47725821442,-18702.0,67641.0,0.754776,-142.58404799999934,-3125.6166000000007,86343.0,10.379525869711989,0.23500000000000001,0.23500000000000001,4.26,148801.10086154338,1.0,1.0011,1.0011,150512.72243746216,156225.06962604186,-13171.0,85330.0,23.265,-3095.1849999999927,-143811.46000000008,98501.0,11904088.06892347,11904088.06892347
2025-05-16,4.846782042890071,0.007588,0.007588,131.79,148225.71691404338,1.0,1.00002252,1.00002252,148797.74993621482,72119.02624132932,-28250.0,39391.0,0.751212,-214.3610000000011,-243.5075999999957,67641.0,6.220722542953084,0.2306,0.2306,4.34,148225.71691404338,1.0,1.000804,1.000804,148681.56088659057,92490.67375286654,-34812.0,50518.0,22.8294,-8027.647199999966,-37545.200000000106,85330.0,11858057.35312347,11858057.35312347
2025-05-17,3.324968467470122,0.0074270000000000004,0.0074270000000000004,134.64,147599.52095633087,1.0,0.9999712799999999,0.9999712799999999,148229.97407889893,49285.99897462525,-12471.0,26920.0,0.7352730000000001,-92.62211699999952,-634.1951000000001,39391.0,3.7835649705513545,0.2217,0.2217,4.51,147599.52095633087,1.0,0.999867,0.999867,148245.43355670644,56089.62294493528,-19882.0,30636.0,21.948300000000003,-4407.839399999969,-44961.01999999985,50518.0,11807961.676506469,11807961.676506469
2025-05-18,1.622455026730186,0.007596,0.007596,131.65,147877.45029583087,1.0,1.0000134,1.0000134,147597.54314925265,23947.03758155305,-13840.0,13080.0,0.752004,-105.12864000000066,454.9480000000007,26920.0,0.9060525426059314,0.2306,0.2306,4.34,147877.45029583087,1.0,1.000804,1.000804,147480.94627552535,13362.548635886851,-23337.0,7299.0,22.8294,-5381.512199999977,27266.03999999991,30636.0,11830196.02366647,11830196.02366647
2025-05-19,2.0704404373931258,0.007425000000000001,0.007425000000000001,134.68,147782.72520489336,1.0,0.9999990000000002,0.9999990000000002,147877.59817342903,30617.17590428393,3643.0,16723.0,0.7499250000000001,-27.049275000000055,-223.66800000000006,13080.0,1.689477453680711,0.2225,0.2225,4.49,147782.72520489336,1.0,0.999025,0.999025,148021.77152306587,25007.944564209727,6360.0,13659.0,22.4725,-1415.1000000000008,-5912.1899999999905,7299.0,11822618.01639147,11822618.01639147
2025-05-20,1.0433450417776555,0.0074600000000000005,0.0074600000000000005,134.05,147808.97876789336,1.0,1.000013,1.000013,147780.80405444064,15418.63691801159,-8301.0,8422.0,0.73854,-61.925460000000186,58.53049999999912,16723.0,0.2245118042948986,0.226,0.226,4.42,147808.97876789336,1.0,0.99892,0.99892,147942.50310825027,3321.4838304736913,-11845.0,1814.0,22.374000000000002,-2676.9699999999893,4780.65000000002,13659.0,11824718.30143147,11824718.30143147
2025-05-21,0.9175755489989492,0.007693,0.007693,129.99,147818.52723786837,1.0,1.00001307,1.00001307,147807.04692978997,13562.41322325155,-1014.0,7408.0,0.7616069999999999,-7.8007020000000615,196.2325999999999,8422.0,0.4702616134200899,0.23170000000000002,0.23170000000000002,4.32,147818.52723786837,1.0,1.000944,1.000944,147669.57868561413,6944.333432576181,1979.0,3793.0,23.4017,-458.53430000000003,1033.9800000000005,1814.0,11825482.17902947,11825482.17902947
2025-05-22,2.491157408734267,0.008093,0.008093,123.56,147885.70649464338,1.0,0.9999710799999999,0.9999710799999999,147822.80227331014,36824.986906301725,12706.0,20114.0,0.817393,-102.82965800000021,296.3200000000003,7408.0,1.8169670631427397,0.25260000000000005,0.25260000000000005,3.96,147885.70649464338,1.0,1.000296,1.000296,147774.7859012416,26850.191874552605,10873.0,14666.0,25.512600000000003,-2746.5198000000114,7927.37,3793.0,11830856.51957147,11830856.51957147
2025-05-23,5.658716183138824,0.007471,0.007471,133.85,147362.7297903309,1.0,0.99999335,0.99999335,147886.68994113148,83684.88056407143,25595.0,45709.0,0.754571,-191.22024500000015,-1251.0908000000006,20114.0,6.250791019258199,0.23070000000000002,0.23070000000000002,4.33,147362.7297903309,1.0,0.9989310000000001,0.9989310000000001,148043.9654937562,92539.1889963742,35879.0,50545.0,23.3007,-8277.285299999956,-32118.54000000002,14666.0,11789018.383226471,11789018.383226471
2025-05-24,2.1502522355883977,0.0074670000000000005,0.0074670000000000005,133.92,147214.0147319934,1.0,0.99998064,0.99998064,147365.58278801368,31687.31738387135,-28401.0,17308.0,0.739233,-212.07026700000003,-18.283599999997985,45709.0,2.9783510642182685,0.22960000000000003,0.22960000000000003,4.36,147214.0147319934,1.0,1.0010560000000002,1.0010560000000002,147207.27890380844,43843.495578383336,-26598.0,23947.0,22.7304,-6106.900800000036,-5559.949999999972,50545.0,11777121.17855947,11777121.17855947
2025-05-25,1.011119818261267,0.007598000000000001,0.007598000000000001,131.61,147333.89998019338,1.0,0.9999727800000002,0.9999727800000002,147218.02200655238,14885.505965604845,-9178.0,8130.0,0.752202,-69.73444399999994,226.7348,17308.0,1.7564304308282392,0.2345,0.2345,4.26,147333.89998019338,1.0,0.9989699999999999,0.9989699999999999,147365.8015075462,25883.777823124816,-9809.0,14138.0,23.2155,-2300.210500000006,11734.029999999962,23947.0,11786711.99841547,11786711.99841547
2025-05-26,1.4659989034906111,0.007604,0.007604,131.51,147255.44386559338,1.0,1.0000020399999998,1.0000020399999998,147333.5994196506,21599.089519653273,3667.0,11797.0,0.768004,-27.883868000000202,4.877999999999463,8130.0,2.2290388745360907,0.23070000000000002,0.23070000000000002,4.33,147255.44386559338,1.0,0.9989310000000001,0.9989310000000001,147491.56846688446,32876.44397789869,3819.0,17957.0,23.3007,-881.0432999999954,-5372.439999999986,14138.0,11780435.50924747,11780435.50924747
2025-05-27,1.6585334972793535,0.007583,0.007583,131.87,147309.54381723088,1.0,0.9999702100000001,0.9999702100000001,147259.830735951,24423.536207926245,1543.0,13340.0,0.765883,-11.70056900000001,-24.77369999999989,11797.0,1.5944153291564132,0.2338,0.2338,4.28,147309.54381723088,1.0,1.000664,1.000664,147157.73113212164,23463.054232093265,-5142.0,12815.0,23.1462,-1202.199599999993,5566.669999999977,17957.0,11784763.50537847,11784763.50537847
2025-05-28,1.5639555623622887,0.007476000000000001,0.007476000000000001,133.76,147333.82354403086,1.0,0.9999897600000001,0.9999897600000001,147311.05228240625,23038.79396145112,-756.0,12584.0,0.740124,-5.651856000000029,-142.7379999999991,13340.0,1.9776852366787725,0.23600000000000002,0.23600000000000002,4.24,147333.82354403086,1.0,1.0006400000000002,1.0006400000000002,147215.32600858537,29114.55768600318,3087.0,15902.0,23.836000000000002,-728.532000000002,2819.300000000031,12815.0,11786705.88352247,11786705.88352247
2025-05-29,0.7315493933933046,0.007221,0.007221,138.48,147047.95387481837,1.0,0.9999640799999999,0.9999640799999999,147339.11596507634,10778.584090735736,-6697.0,5887.0,0.7148789999999999,-48.35903700000022,-320.89200000000096,12584.0,2.550326768802897,0.2225,0.2225,4.49,147047.95387481837,1.0,0.999025,0.999025,147477.6142178933,37611.610733908004,4641.0,20543.0,22.4725,-1032.6225000000006,-21467.700000000023,15902.0,11763836.30998547,11763836.30998547
2025-05-30,-1.4475322792271803,0.006888999999999999,0.006888999999999999,145.16,146553.15513660587,1.0,1.00000724,1.00000724,147046.88925534015,-21285.511875704928,-17513.0,-11626.0,0.6820109999999999,-120.6470570000006,-195.44840000000005,5887.0,-0.1976089463097749,0.2056,0.2056,4.86,146553.15513660587,1.0,0.9992160000000001,0.9992160000000001,147163.32992547992,-2908.0790562011853,-22131.0,-1588.0,20.3544,-4550.13360000001,-34717.67000000003,20543.0,11724252.41092847,11724252.41092847
2025-05-31,-4.53499898854367,0.0068579999999999995,0.0068579999999999995,145.82,146459.0050654559,1.0,1.0000335599999999,1.0000335599999999,146548.2369777729,-66459.61064670581,-24674.0,-36300.0,0.6789419999999999,-169.21429200000077,36.040599999999905,-11626.0,-4.415417938187176,0.20800000000000002,0.20800000000000002,4.81,146459.0050654559,1.0,1.00048,1.00048,146482.8433717874,-64678.297426045254,-33739.0,-35327.0,20.592,-7017.712000000066,-381.1200000000032,-1588.0,11716720.40523647,11716720.40523647
2025-06-01,-5.778701383927605,0.006855,0.006855,145.88,146403.66784064338,1.0,1.0000073999999999,1.0000073999999999,146457.92127683846,-84633.65923696266,-9927.0,-46227.0,0.6786449999999999,-68.04958500000055,10.8899999999988,-36300.0,-5.341106435605282,0.20879999999999999,0.20879999999999999,4.79,146403.66784064338,1.0,1.000152,1.000152,146436.74667996055,-78213.42501014378,-7393.0,-42720.0,20.6712,-1543.6584000000007,-2826.15999999994,-35327.0,11712293.42725147,11712293.42725147
2025-06-02,-6.089683909120436,0.006896,0.006896,145.01,146256.46957414338,1.0,0.9999889599999999,0.9999889599999999,146405.28415498047,-89156.19031287897,-2470.0,-48697.0,0.682704,-17.033120000000032,-189.53069999999965,-46227.0,-5.365118279850732,0.2115,0.2115,4.73,146256.46957414338,1.0,1.0003950000000001,1.0003950000000001,146345.8612254593,-78516.285524121,-165.0,-42885.0,20.938499999999998,-34.89750000000015,-11534.399999999981,-42720.0,11700517.56593147,11700517.56593147
2025-06-03,-5.689253210638734,0.006837,0.006837,146.26,146249.35252615585,1.0,0.99997962,0.99997962,146259.45034174135,-83210.70474430083,3247.0,-45450.0,0.690537,-22.19973899999994,287.3123000000008,-48697.0,-4.619961554891673,0.2114,0.2114,4.73,146249.35252615585,1.0,0.9999220000000001,0.9999220000000001,146267.87846866393,-67575.19752407949,5976.0,-36909.0,21.3514,-1263.3264000000067,428.8499999999147,-42885.0,11699948.202092469,11699948.202092469
2025-06-04,-5.837398226393615,0.006654,0.006654,150.29,146736.02827975588,1.0,1.00002966,1.00002966,146245.01489901394,-85369.03905904118,-1178.0,-46628.0,0.6587459999999999,-7.838412000000058,831.7349999999992,-45450.0,-4.221054920297621,0.2009,0.2009,4.98,146736.02827975588,1.0,1.000482,1.000482,146178.89429910367,-61702.91410248975,3207.0,-33702.0,20.2909,-644.2863000000024,38754.450000000026,-36909.0,11738882.26238047,11738882.26238047
2025-06-05,-7.150793194118928,0.006256,0.006256,159.85,147286.7746586059,1.0,1.0000216,1.0000216,146732.85885000473,-104925.63284182272,-10682.0,-57310.0,0.619344,-66.82659200000042,1855.7943999999975,-46628.0,-6.124290854130944,0.1875,0.1875,5.33,147286.7746586059,1.0,0.999375,0.999375,146827.7956520384,-89921.61260439859,-15413.0,-49115.0,18.5625,-2889.9375,45160.67999999999,-33702.0,11782941.97268847,11782941.97268847
2025-06-06,-10.205166667678876,0.006554,0.006554,152.58,146654.87268670587,1.0,1.00000932,1.00000932,147285.40195865964,-150307.20747041985,-24788.0,-82098.0,0.6488459999999999,-162.46055200000148,-1707.8379999999963,-57310.0,-9.247517972823776,0.19640000000000002,0.19640000000000002,5.09,146654.87268670587,1.0,0.9996760000000001,0.9996760000000001,147334.5110401829,-136247.85388612942,-25303.0,-74418.0,19.4436,-4969.509200000015,-43712.35000000003,-49115.0,11732389.81493647,11732389.81493647
2025-06-07,-8.461645156699436,0.006645,0.006645,150.49,145680.2620690809,1.0,1.00000605,1.00000605,146653.985430094,-124093.39855252246,14318.0,-67780.0,0.671145,-95.14311000000018,-747.0917999999998,-82098.0,-8.098398225078872,0.2065,0.2065,4.84,145680.2620690809,1.0,0.9994599999999999,0.9994599999999999,146734.10910562292,-118831.12487395064,9513.0,-64905.0,20.8565,-1964.434500000018,-75162.17999999985,-74418.0,11654420.96552647,11654420.96552647
2025-06-08,-6.946963871906335,0.006703000000000001,0.006703000000000001,149.19,145294.7184951809,1.0,1.00002057,1.00002057,145677.2654877298,-101201.47003013665,12504.0,-55276.0,0.677003,-83.81431200000019,-393.12400000000184,-67780.0,-5.135214140340616,0.2104,0.2104,4.75,145294.7184951809,1.0,0.9994000000000001,0.9994000000000001,145767.7227027025,-74854.84708281678,24019.0,-40886.0,21.2504,-5053.597599999998,-25312.950000000037,-64905.0,11623577.47961447,11623577.47961447
2025-06-09,-5.708667744004399,0.007049,0.007049,141.86,144760.0932679434,1.0,0.9999711400000001,0.9999711400000001,145298.91182177604,-82946.32111559123,9971.0,-45305.0,0.7119489999999999,-70.28557899999971,-1912.549599999998,-55276.0,-3.0990703834996896,0.2195,0.2195,4.56,144760.0932679434,1.0,1.0009199999999998,1.0009199999999998,145161.17021857982,-44986.468345855785,16314.0,-24572.0,22.1695,-3580.9230000000007,-37206.26000000001,-40886.0,11580807.46143547,11580807.46143547
2025-06-10,-2.010535535707489,0.007167,0.007167,139.53,144495.0312537434,1.0,1.00001151,1.00001151,144758.4270984475,-29104.196177455062,29408.0,-15897.0,0.723867,-210.76713600000102,-534.5990000000015,-45305.0,-0.1797928291931881,0.2257,0.2257,4.43,144495.0312537434,1.0,0.9998509999999999,0.9998509999999999,144781.6657361381,-2603.070529800273,23150.0,-1422.0,22.7957,-5224.954999999995,-15234.640000000025,-24572.0,11559602.50029947,11559602.50029947
2025-06-11,0.3048657685036501,0.00698,0.00698,143.27,144462.7743732434,1.0,1.0000246000000002,1.0000246000000002,144491.476763415,4405.0505105705815,18303.0,2406.0,0.7049799999999999,-127.75493999999975,297.2739000000008,-15897.0,2.272496061791873,0.2157,0.2157,4.64,144462.7743732434,1.0,1.000848,1.000848,144372.60328615675,32808.617239843166,19342.0,17920.0,21.785700000000002,-4172.069400000034,1422.0,-1422.0,11557021.94985947,11557021.94985947
2025-06-12,-0.4687621975592556,0.006613,0.006613,151.22,144142.0039761809,1.0,1.00001786,1.00001786,144460.19431417293,-6771.747814654877,-6105.0,-3699.0,0.654687,-40.37236499999988,-88.30019999999989,2406.0,0.7610069180522578,0.2028,0.2028,4.93,144142.0039761809,1.0,0.999804,0.999804,144491.09462779044,10995.872260869195,-11914.0,6006.0,20.0772,-2416.1591999999982,-23116.799999999985,17920.0,11531360.31809447,11531360.31809447
2025-06-13,-3.761361400588529,0.00642,0.00642,155.76,144010.02907493088,1.0,0.9999792,0.9999792,144145.0021922265,-54218.14473335897,-25915.0,-29614.0,0.63558,-166.37429999999952,71.39069999999994,-3699.0,-2.663603023353287,0.1941,0.1941,5.15,144010.02907493088,1.0,0.999615,0.999615,144197.52002138912,-38408.49502890182,-26985.0,-20979.0,19.2159,-5237.788499999969,-5225.220000000006,6006.0,11520802.32599447,11520802.32599447
2025-06-14,-6.461465107702337,0.006247000000000001,0.006247000000000001,160.08,144083.80407655585,1.0,1.0000197600000003,1.0000197600000003,144007.18349298503,-93049.73913984108,-21210.0,-50824.0,0.618453,-132.49887000000007,512.3221999999995,-29614.0,-5.718512865345165,0.1893,0.1893,5.28,144083.80407655585,1.0,0.9995040000000001,0.9995040000000001,144081.49349570475,-82393.18742133334,-24024.0,-45003.0,18.7407,-4547.743199999984,10069.92000000001,-20979.0,11526704.326124469,11526704.326124469
2025-06-15,-8.734081352937613,0.006333999999999999,0.006333999999999999,157.88,143942.37092563088,1.0,1.00001192,1.00001192,144082.08661808338,-125842.4666023344,-17911.0,-68735.0,0.627066,-113.44827399999912,-442.16879999999645,-50824.0,-7.792931082954088,0.19100000000000003,0.19100000000000003,5.24,143942.37092563088,1.0,1.0008400000000002,1.0008400000000002,143962.8752613363,-112189.276541551,-16275.0,-61278.0,18.909000000000002,-3108.524999999983,-7650.510000000077,-45003.0,11515389.674050469,11515389.674050469
2025-06-16,-8.612733142624293,0.006303,0.006303,158.65,143971.97410491836,1.0,0.9999709499999999,0.9999709499999999,143946.55257298314,-123977.32441118422,1019.0,-67716.0,0.636603,-6.422757000000059,213.07849999999942,-68735.0,-7.992472515894047,0.1906,0.1906,5.25,143971.97410491836,1.0,1.00065,1.00065,143848.86916067643,-114970.81332091452,-1519.0,-62797.0,18.8694,-289.5213999999998,2451.1200000001654,-61278.0,11517757.928393468,11517757.928393468
2025-06-17,-8.659328564449886,0.00609,0.00609,164.2,144366.66598491836,1.0,0.9999779999999999,0.9999779999999999,143975.14155803266,-124672.8055864188,-380.0,-68096.0,0.60291,-2.314200000000015,1442.350799999999,-67716.0,-7.97751552733965,0.1858,0.1858,5.38,144366.66598491836,1.0,0.9996039999999999,0.9996039999999999,144029.00959271708,-114899.36604132518,39.0,-62758.0,18.7658,-7.246200000000016,30142.560000000027,-62797.0,11549333.27879347,11549333.27879347
2025-06-18,-10.2246087378559,0.006039,0.006039,165.59,144682.99259751837,1.0,0.99999801,0.99999801,144366.9532751554,-147609.56119147883,-12528.0,-80624.0,0.597861,-75.6565920000002,347.28959999999955,-68096.0,-8.888834274182626,0.1816,0.1816,5.51,144682.99259751837,1.0,1.000616,1.000616,144277.79086574508,-128246.13724507877,-7290.0,-70048.0,17.9784,-1323.8639999999966,26358.359999999884,-62758.0,11574639.40780147,11574639.40780147
2025-06-19,-11.075661553313804,0.00602,0.00602,166.11,144751.49494151838,1.0,0.9999822000000002,0.9999822000000002,144685.56800062876,-160248.83828239338,-6904.0,-87528.0,0.59598,-41.56208000000017,153.18560000000105,-80624.0,-10.015635804723544,0.18059999999999998,0.18059999999999998,5.54,144751.49494151838,1.0,1.000524,1.000524,144607.21841506887,-144833.32343794417,-9060.0,-79108.0,17.879399999999997,-1636.236000000017,7004.800000000099,-70048.0,11580119.595321469,11580119.595321469
2025-06-20,-11.305704664270111,0.0057740000000000005,0.0057740000000000005,173.19,145452.99368161836,1.0,0.99999906,0.99999906,144751.6310080515,-163651.9189848434,-1858.0,-89386.0,0.571626,-10.728092000000105,2153.1887999999963,-87528.0,-10.453142201418393,0.17370000000000002,0.17370000000000002,5.76,145452.99368161836,1.0,1.000512,1.000512,144677.42010242594,-151233.36456650062,-3495.0,-82603.0,17.1963,-607.0815000000007,54584.51999999982,-79108.0,11636239.494529469,11636239.494529469
2025-06-21,-13.121339428047524,0.005561000000000001,0.005561000000000001,179.82,146017.73785586838,1.0,0.9999790200000002,0.9999790200000002,145456.04534944976,-190857.81428916036,-14860.0,-104246.0,0.550539,-82.63646000000057,1903.9217999999987,-89386.0,-11.958355181739906,0.16820000000000002,0.16820000000000002,5.95,146017.73785586838,1.0,1.00079,1.00079,145338.17652216583,-173800.55363184708,-12327.0,-94930.0,16.6518,-2073.401399999985,45431.65000000006,-82603.0,11681419.02846947,11681419.02846947
2025-06-22,-15.320514604539396,0.005419,0.005419,184.54,146351.37716011837,1.0,1.00002226,1.00002226,146014.48757337502,-223701.7089342228,-17940.0,-122186.0,0.5364810000000001,-97.21685999999913,1480.293199999999,-104246.0,-13.588817768559071,0.1653,0.1653,6.05,146351.37716011837,1.0,1.000065,1.000065,146008.2473197926,-198407.94655353652,-13440.0,-108370.0,16.364700000000003,-2221.631999999979,27529.69999999992,-94930.0,11708110.172809469,11708110.172809469
2025-06-23,-17.086945523039375,0.005823000000000001,0.005823000000000001,171.73,144196.56180896837,1.0,0.9999837900000002,0.9999837900000002,146353.74955439862,-250073.85457285572,-14404.0,-136590.0,0.576477,-83.87449200000033,-4936.314399999999,-122186.0,-14.644484382080794,0.18059999999999998,0.18059999999999998,5.54,144196.56180896837,1.0,1.000524,1.000524,146274.72920201652,-214211.79872920286,-8632.0,-117002.0,17.879399999999997,-1558.9392000000162,-165806.09999999974,-108370.0,11535724.944717469,11535724.944717469
2025-06-24,-12.270240721824782,0.005875,0.005875,170.21,143840.07121521837,1.0,0.9999837500000001,0.9999837500000001,144198.90504117528,-176935.52766787738,39948.0,-96642.0,0.593375,-234.69449999999856,-710.2679999999976,-136590.0,-9.511681905468585,0.18230000000000002,0.18230000000000002,5.49,143840.07121521837,1.0,1.0008270000000001,1.0008270000000001,144077.40979107114,-137041.84916965137,42150.0,-74852.0,18.412300000000002,-7683.945000000062,-19890.3400000002,-117002.0,11507205.697217468,11507205.697217468
2025-06-25,-10.214504029327903,0.005671000000000001,0.005671000000000001,176.34,144445.05897393086,1.0,1.00002414,1.00002414,143836.5989997185,-146921.95200474464,16393.0,-80249.0,0.572771,-92.9647029999997,1971.4967999999974,-96642.0,-7.437713701565995,0.1757,0.1757,5.69,144445.05897393086,1.0,0.9997330000000001,0.9997330000000001,143878.48677118626,-107012.69924186337,16402.0,-58450.0,17.7457,-2881.831399999985,49402.320000000014,-74852.0,11555604.717914468,11555604.717914468
2025-06-26,-10.972103886955791,0.005543,0.005543,180.41,144693.60169586836,1.0,1.00001263,1.00001263,144443.23465587714,-158484.6176412217,-6315.0,-86564.0,0.548757,-35.00404499999978,1027.1872000000028,-80249.0,-8.125395974694914,0.1723,0.1723,5.8,144693.60169586836,1.0,0.99934,0.99934,144540.45567467614,-117444.84367195822,-5698.0,-64148.0,17.0577,-981.7653999999994,19872.999999999993,-58450.0,11575488.135669468,11575488.135669468
2025-06-27,-12.224660488682185,0.005587,0.005587,178.99,144390.16855616836,1.0,1.00001713,1.00001713,144691.12313692903,-176879.9856075065,-10048.0,-96612.0,0.553113,-56.13817600000009,-380.88159999999647,-86564.0,-9.116952717223285,0.17579999999999998,0.17579999999999998,5.69,144390.16855616836,1.0,1.000302,1.000302,144649.91742080727,-131876.64576757525,-7883.0,-72031.0,17.4042,-1385.831399999991,-22451.799999999865,-64148.0,11551213.484493468,11551213.484493468
2025-06-28,-12.002221849698596,0.005654,0.005654,176.87,144016.08608826835,1.0,1.00002298,1.00002298,144386.8505463428,-173296.3012436481,1958.0,-94654.0,0.5710540000000001,-11.070532000000094,-647.3004000000038,-96612.0,-8.296220362086974,0.1797,0.1797,5.56,144016.08608826835,1.0,0.9991319999999999,0.9991319999999999,144515.60810400263,-119893.33305918079,6545.0,-65486.0,18.1497,-1176.1365000000028,-28092.09000000004,-72031.0,11521286.887061467,11521286.887061467
2025-06-29,-10.962635578704043,0.005773,0.005773,173.22,143349.47992626834,1.0,0.99999906,0.99999906,144016.22146351653,-157879.7353326467,8420.0,-86234.0,0.5830730000000001,-48.608660000000235,-1126.382600000002,-94654.0,-6.708035222617326,0.18730000000000002,0.18730000000000002,5.34,143349.47992626834,1.0,1.0001820000000001,1.0001820000000001,143989.87993012104,-96588.91862716916,12729.0,-52757.0,18.9173,-2384.141700000006,-49769.3600000001,-65486.0,11467958.394101467,11467958.394101467
2025-06-30,-9.044658176558018,0.0057220000000000005,0.0057220000000000005,174.76,143808.87871589334,1.0,0.99997672,0.99997672,143352.81717985228,-129657.72300383777,15415.0,-70819.0,0.577922,-88.20463000000008,439.79339999999945,-86234.0,-3.7366949825364895,0.1796,0.1796,5.57,143808.87871589334,1.0,1.000372,1.000372,143296.17374963345,-53545.40934669323,23511.0,-29246.0,18.1396,-4222.575600000016,40622.88999999998,-52757.0,11504710.297271468,11504710.297271468
2025-07-01,-8.739888016141638,0.00542,0.00542,184.5,144132.43133139337,1.0,0.99999,0.99999,143810.31681906153,-125688.6064564448,2168.0,-68651.0,0.54742,-11.750559999999957,2138.7338000000004,-70819.0,-4.763092511603751,0.171,0.171,5.85,144132.43133139337,1.0,1.00035,1.00035,143758.56321876677,-68473.53359462225,-8154.0,-37400.0,16.929000000000002,-1394.3339999999948,25151.559999999983,-29246.0,11530594.506511468,11530594.506511468
2025-07-02,-11.138551869354412,0.00584,0.00584,171.23,143388.58256189336,1.0,0.9999831999999998,0.9999831999999998,144134.85279692037,-160545.35340602606,-19039.0,-87690.0,0.57816,-111.18775999999917,-2883.341999999995,-68651.0,-7.3408722553221635,0.18510000000000001,0.18510000000000001,5.4,143388.58256189336,1.0,0.9995400000000001,0.9995400000000001,144198.762762264,-105854.46968132866,-20418.0,-57818.0,18.324900000000003,-3779.371799999969,-52734.00000000001,-37400.0,11471086.60495147,11471086.60495147
2025-07-03,-6.783161733529045,0.005992,0.005992,166.89,143283.28223089335,1.0,1.0000048799999999,1.0000048799999999,143387.88282902518,-97262.31998575901,34565.0,-53125.0,0.605192,-207.1134799999999,-1332.8879999999992,-87690.0,-3.833297645854119,0.18539999999999998,0.18539999999999998,5.39,143283.28223089335,1.0,0.9993059999999998,0.9993059999999998,143488.16334725637,-55003.283876696914,27775.0,-30043.0,18.7254,-5149.485000000037,-1734.5399999998604,-57818.0,11462662.578471469,11462662.578471469
2025-07-04,-3.92486780785497,0.005724,0.005724,174.7,143556.81011349335,1.0,0.9999828,0.9999828,143285.7467457374,-56237.76147268047,22408.0,-30717.0,0.578124,-128.2633919999989,1423.7499999999966,-53125.0,-2.658833129668535,0.17800000000000002,0.17800000000000002,5.62,143556.81011349335,1.0,1.0003600000000001,1.0003600000000001,143231.71881212096,-38082.92391970351,9242.0,-20801.0,17.978,-1645.0760000000075,22231.819999999952,-30043.0,11484544.809079468,11484544.809079468
2025-07-05,-5.363145871043256,0.005755000000000001,0.005755000000000001,173.76,143496.81244624336,1.0,0.9999888,0.9999888,143558.41796777459,-76992.47365773722,-11336.0,-42053.0,0.5697450000000001,-65.23867999999949,-95.22269999999975,-30717.0,-4.177884667536564,0.17920000000000003,0.17920000000000003,5.58,143496.81244624336,1.0,0.9999360000000002,0.9999360000000002,143565.99833738693,-59980.21832333488,-11960.0,-32761.0,17.7408,-2143.232000000019,-2496.120000000021,-20801.0,11479744.995699469,11479744.995699469
2025-07-06,-5.562552028531582,0.005858,0.005858,170.71,143336.40693684338,1.0,1.00001918,1.00001918,143494.06023016814,-79819.31758155547,-1544.0,-43597.0,0.579942,-9.044752000000045,-433.14589999999896,-42053.0,-4.369302348604022,0.1829,0.1829,5.47,143336.40693684338,1.0,1.000463,1.000463,143430.40416911306,-62669.08017973298,-1469.0,-34230.0,18.1071,-268.6801000000001,-12121.569999999916,-32761.0,11466912.55494747,11466912.55494747
2025-07-07,-4.494835743183885,0.005805,0.005805,172.27,143448.34028134338,1.0,1.00002735,1.00002735,143332.48679332956,-64425.59847980899,8408.0,-35189.0,0.5863050000000001,-48.8084400000005,231.06409999999875,-43597.0,-3.3104727879548275,0.17989999999999998,0.17989999999999998,5.56,143448.34028134338,1.0,1.0002439999999997,1.0002439999999997,143301.44138514544,-47439.55221802277,8319.0,-25911.0,18.1699,-1496.5880999999995,10269.000000000024,-34230.0,11475867.22250747,11475867.22250747
2025-07-08,-4.6313504335849,0.005884,0.005884,169.95,143316.55564114338,1.0,0.9999858,0.9999858,143450.3772767007,-66436.89669983652,-1099.0,-36288.0,0.582516,-6.466516,-277.99310000000065,-35189.0,-3.775938507843275,0.18359999999999999,0.18359999999999999,5.45,143316.55564114338,1.0,1.0006199999999998,1.0006199999999998,143359.4574177444,-54131.64957271792,-3656.0,-29567.0,18.1764,-671.2415999999943,-9587.070000000025,-25911.0,11465324.45129147,11465324.45129147
2025-07-09,-3.781053360556281,0.006227000000000001,0.006227000000000001,160.59,142860.13174076838,1.0,0.9999939300000001,0.9999939300000001,143317.4255779166,-54189.08336076563,6690.0,-29598.0,0.628927,-41.65862999999988,-1244.6783999999998,-36288.0,-2.7814836512342898,0.195,0.195,5.13,142860.13174076838,1.0,1.00035,1.00035,143266.4123968045,-39849.318385270126,7801.0,-21766.0,19.695,-1521.1950000000022,-33706.38000000002,-29567.0,11428810.53926147,11428810.53926147
2025-07-10,0.2920304946250866,0.006775,0.006775,147.6,142433.84982733088,1.0,0.9999899999999999,0.9999899999999999,142861.56035637195,4171.993213378297,31877.0,2279.0,0.684275,-215.9666749999992,-1621.9703999999988,-29598.0,1.0150309549856225,0.207,0.207,4.83,142433.84982733088,1.0,0.99981,0.99981,142887.28032402994,14503.501260259847,29688.0,7922.0,20.907,-6145.416000000022,-26119.199999999986,-21766.0,11394707.986186469,11394707.986186469
2025-07-11,6.303348810906087,0.0070940000000000005,0.0070940000000000005,140.96,142339.91434690586,1.0,0.9999702400000001,0.9999702400000001,142438.0887848531,89783.69575697396,46761.0,49040.0,0.7164940000000001,-331.7225340000021,72.70010000000009,2279.0,5.434726968778354,0.2068,0.2068,4.84,142339.91434690586,1.0,1.000912,1.000912,142304.06851684352,77338.37589353722,34320.0,42242.0,20.8868,-7097.376000000041,-158.43999999999662,7922.0,11387193.14775247,11387193.14775247
2025-07-12,9.28988101586292,0.007089,0.007089,141.06,142314.49331136837,1.0,0.99997434,0.99997434,142343.5668828321,132235.47997150355,23187.0,72227.0,0.715989,-164.37264300000027,-24.520000000002746,49040.0,6.838144045675625,0.20690000000000003,0.20690000000000003,4.83,142314.49331136837,1.0,0.9993270000000002,0.9993270000000002,142435.77362255382,97399.63372882677,10958.0,53200.0,20.896900000000002,-2267.2102000000104,422.420000000066,42242.0,11385159.46490947,11385159.46490947
2025-07-13,11.110074716342693,0.007367,0.007367,135.74,142670.99847914337,1.0,0.9999965800000001,0.9999965800000001,142314.98002860005,158113.00613725645,14134.0,86361.0,0.744067,-104.12517800000018,2007.9106000000033,72227.0,7.161332337544764,0.212,0.212,4.72,142670.99847914337,1.0,1.00064,1.00064,142223.47029038254,101850.95369483535,2431.0,55631.0,21.412,-515.3719999999994,27131.999999999894,53200.0,11413679.87833147,11413679.87833147
2025-07-14,12.900631421504208,0.007352,0.007352,136.02,142682.35385309337,1.0,1.00001904,1.00001904,142668.28207505267,184051.09225894502,14167.0,100528.0,0.742552,-104.15578400000035,-129.5415000000049,86361.0,8.457641772613531,0.2126,0.2126,4.7,142682.35385309337,1.0,0.9992200000000001,0.9992200000000001,142782.36872675022,120760.21261360706,10328.0,65959.0,21.472600000000003,-2195.73280000002,3337.8600000001265,55631.0,11414588.30824747,11414588.30824747
2025-07-15,13.856642460239824,0.007466,0.007466,133.94,143717.66414151838,1.0,0.9999960400000001,0.9999960400000001,142682.91887745212,197710.61920682574,7461.0,107989.0,0.754066,-55.70382599999979,1146.0192000000077,100528.0,8.865762718815375,0.22510000000000002,0.22510000000000002,4.44,143717.66414151838,1.0,0.9994440000000002,0.9994440000000002,142761.72937462563,126569.16179631658,3173.0,69132.0,22.735100000000003,-714.2423000000038,82448.75,65959.0,11497413.13132147,11497413.13132147
2025-07-16,14.76063539292855,0.007644,0.007644,130.82,143806.77892946836,1.0,0.99998808,0.99998808,143719.37727649554,212138.9326877091,7881.0,115870.0,0.772044,-60.242363999999874,1922.2041999999922,107989.0,11.667294784804332,0.2266,0.2266,4.41,143806.77892946836,1.0,0.999306,0.999306,143817.47346810525,167796.08581581598,22518.0,91650.0,22.8866,-5102.578800000028,10369.799999999901,69132.0,11504542.314357469,11504542.314357469
2025-07-17,15.67861815258435,0.008216,0.008216,121.71,145288.94437871836,1.0,0.9999693599999999,0.9999693599999999,143811.1853041861,225476.0660454884,7285.0,123155.0,0.829816,-59.85356000000001,6627.764000000004,115870.0,13.022476800324345,0.2391,0.2391,4.18,145288.94437871836,1.0,0.9994379999999999,0.9994379999999999,143887.6437852757,187377.3503047086,10695.0,102345.0,24.1491,-2557.1745000000055,114562.5,91650.0,11623115.550297469,11623115.550297469
2025-07-18,16.419726086246065,0.008158,0.008158,122.58,144720.77125234337,1.0,1.00000764,1.00000764,145287.8343796637,238558.6444177962,7145.0,130300.0,0.823958,-58.28890999999999,-714.2990000000034,123155.0,14.890917790060412,0.23510000000000003,0.23510000000000003,4.25,144720.77125234337,1.0,0.9991750000000001,0.9991750000000001,145408.90672676792,216527.20760108632,15922.0,118267.0,23.7451,-3743.2621999999874,-40937.999999999854,102345.0,11577661.700187469,11577661.700187469
2025-07-19,17.445910445313984,0.008298,0.008298,120.51,146200.88790244338,1.0,0.99999198,0.99999198,144721.9319222374,252480.58637881806,7604.0,137904.0,0.838098,-63.09799200000021,1824.2000000000016,130300.0,15.180818458421667,0.245,0.245,4.08,146200.88790244338,1.0,0.9996,0.9996,144778.68272543355,219785.88991042358,1780.0,120047.0,24.745,-436.1000000000018,117084.32999999981,118267.0,11696071.03219547,11696071.03219547
2025-07-20,18.3901352803735,0.00858,0.00858,116.55,147024.86149494335,1.0,0.9999990000000001,0.9999990000000001,146201.0341034775,268865.679529345,8950.0,146854.0,0.86658,-76.79100000000028,3888.8928000000005,137904.0,16.378459058788117,0.2504,0.2504,3.99,147024.86149494335,1.0,0.9990960000000001,0.9990960000000001,146333.17309091755,239671.1884412148,10861.0,130908.0,25.290399999999998,-2719.59439999999,64825.379999999896,120047.0,11761988.919595469,11761988.919595469
2025-07-21,18.944854948220108,0.008891,0.008891,112.47,147693.66487848086,1.0,0.9999707699999999,0.9999707699999999,147029.15915726553,278544.6093393164,5287.0,152141.0,0.897991,-47.00671699999991,4567.159400000002,146854.0,17.304677897399845,0.2543,0.2543,3.93,147693.66487848086,1.0,0.9993990000000001,0.9993990000000001,147113.2765741644,254574.7865547013,8140.0,139048.0,25.6843,-2070.002000000005,51054.120000000075,130908.0,11815493.190278469,11815493.190278469
2025-07-22,19.380103378839674,0.009034,0.009034,110.69,148476.47900345587,1.0,0.99997346,0.99997346,147697.58477238074,286239.4461693675,4203.0,156344.0,0.912434,-37.96990199999994,2175.616299999997,152141.0,18.21606839016624,0.2588,0.2588,3.86,148476.47900345587,1.0,0.9989679999999999,0.9989679999999999,147846.24220043173,269317.7259152146,8053.0,147101.0,26.1388,-2084.1164000000067,62571.599999999904,139048.0,11878118.320276469,11878118.320276469
2025-07-23,19.883894783473785,0.008159999999999999,0.008159999999999999,122.55,144739.08700495586,1.0,1.0000079999999998,1.0000079999999998,148475.2912011263,295226.70681888267,4908.0,161252.0,0.82416,-40.04928000000027,-13664.465600000005,156344.0,18.871154125393723,0.2395,0.2395,4.18,144739.08700495586,1.0,1.00111,1.00111,148311.85284679593,279881.58336945996,5770.0,152871.0,24.1895,-1381.9149999999977,-283904.92999999993,147101.0,11579126.960396469,11579126.960396469
2025-07-24,13.676910043547476,0.008060000000000001,0.008060000000000001,124.07,144022.27185395587,1.0,1.0000042,1.0000042,144738.47910334362,197957.51585363067,-53128.0,108124.0,0.7979400000000001,-428.21167999999767,-1612.5199999999836,161252.0,12.642424797589625,0.23670000000000002,0.23670000000000002,4.22,144022.27185395587,1.0,0.998874,0.998874,144902.24693500466,183191.57598775582,-52812.0,100059.0,23.433300000000003,-12500.600399999948,-42803.87999999963,152871.0,11521781.748316469,11521781.748316469
2025-07-25,10.343448032765698,0.008158,0.008158,122.58,144386.69643315588,1.0,1.00000764,1.00000764,144021.17153220536,148967.55033614006,-26758.0,81366.0,0.807642,-218.29176399999997,1059.6151999999913,108124.0,9.686407672925618,0.2401,0.2401,4.16,144386.69643315588,1.0,0.998816,0.998816,144192.99636164805,139671.21463396034,-23771.0,76288.0,23.7699,-5707.4171000000415,34020.05999999998,100059.0,11550935.71465247,11550935.71465247
2025-07-26,9.560859121911008,0.008198,0.008198,121.98,145266.47990728085,1.0,0.9999920400000001,0.9999920400000001,144387.84576040812,138047.18522314777,-5965.0,75401.0,0.8116019999999999,-48.90107000000023,325.4640000000003,81366.0,9.24634429650775,0.2494,0.2494,4.01,145266.47990728085,1.0,1.000094,1.000094,144373.1253593721,133492.36242356285,-3375.0,72913.0,24.6906,-841.7250000000047,70947.83999999998,76288.0,11621318.392582469,11621318.392582469
2025-07-27,9.355834181344562,0.00832,0.00832,120.19,146250.48041578088,1.0,0.9999807999999999,0.9999807999999999,145269.26907724715,135911.51931318495,-1166.0,74235.0,0.82368,-9.701119999999992,919.8921999999991,75401.0,11.06050462989634,0.2606,0.2606,3.84,146250.48041578088,1.0,1.000704,1.000704,145164.28425116802,160559.02380556322,14784.0,87697.0,26.3206,-3852.7104000000027,81662.55999999981,72913.0,11700038.43326247,11700038.43326247
2025-07-28,9.985113277583514,0.007932,0.007932,126.07,145207.40311668089,1.0,0.9999872399999999,0.9999872399999999,146252.34659572344,146034.6247870704,5529.0,79764.0,0.8011320000000001,-43.85602800000028,-2880.317999999996,74235.0,13.959300807639146,0.2521,0.2521,3.97,145207.40311668089,1.0,1.000837,1.000837,146128.1711365396,203984.70973651286,23719.0,111416.0,25.4621,-5979.559899999968,-74542.44999999981,87697.0,11616592.24933447,11616592.24933447
2025-07-29,6.629623021156613,0.007828,0.007828,127.75,143981.6206369309,1.0,1.000027,1.000027,145203.48262265007,96264.43511472351,-27185.0,52579.0,0.774972,-212.80418000000157,-829.5455999999972,79764.0,12.26261955782427,0.24370000000000003,0.24370000000000003,4.1,143981.6206369309,1.0,0.99917,0.99917,145328.0253777444,178210.22862971103,-14078.0,97338.0,24.1263,-3430.8086000000067,-93589.43999999999,111416.0,11518529.65095447,11518529.65095447
2025-07-30,4.657924797222794,0.007634,0.007634,130.99,142600.42600820586,1.0,0.9999776600000001,0.9999776600000001,143984.8372581952,67067.05438890359,-15947.0,36632.0,0.7557659999999999,-121.73939800000048,-1020.0326000000044,52579.0,9.008465150100845,0.2331,0.2331,4.29,142600.42600820586,1.0,0.999999,0.999999,143981.7646186955,129705.47088175414,-26493.0,70845.0,23.0769,-6175.518300000008,-103178.28000000022,97338.0,11408034.080656469,11408034.080656469
2025-07-31,2.323824635122347,0.007392,0.007392,135.28,141747.34401015585,1.0,0.9999897600000001,0.9999897600000001,142601.88625152106,33138.17762861993,-18532.0,18100.0,0.731808,-136.98854399999914,-886.4943999999999,36632.0,4.688085632028165,0.22469999999999998,0.22469999999999998,4.45,141747.34401015585,1.0,0.999915,0.999915,142612.54807479223,66857.98375763594,-34327.0,36518.0,22.2453,-7713.276899999951,-59509.79999999999,70845.0,11339787.520812469,11339787.520812469
2025-08-01,-0.4345092820584281,0.007141,0.007141,140.04,141222.47319985586,1.0,1.0000256399999998,1.0000256399999998,141743.70970143913,-6158.895753867057,-21464.0,-3364.0,0.706959,-153.274423999999,-454.31000000000023,18100.0,0.9190064460280396,0.2151,0.2151,4.65,141222.47319985586,1.0,1.000215,1.000215,141716.8748820562,13023.872152755883,-29404.0,7114.0,21.294900000000002,-6324.800399999989,-35057.279999999904,36518.0,11297797.855988469,11297797.855988469
2025-08-02,-3.2996463952544146,0.006975,0.006975,143.37,141087.80060735586,1.0,1.0000057500000001,1.0000057500000001,141221.6611753041,-46598.154522893245,-22088.0,-25452.0,0.690525,-154.06379999999896,55.84239999999983,-3364.0,-2.8363073924388416,0.2086,0.2086,4.79,141087.80060735586,1.0,0.999194,0.999194,141336.3903304622,-40087.34487149115,-29010.0,-21896.0,20.6514,-6051.486000000016,-4624.100000000015,7114.0,11287024.04858847,11287024.04858847
2025-08-03,-5.485593399384252,0.0072699999999999996,0.0072699999999999996,137.55,140880.30569310588,1.0,0.9999885000000001,0.9999885000000001,141089.4231357219,-77395.92082762478,-16822.0,-42274.0,0.71973,-122.29593999999997,-750.8339999999993,-25452.0,-5.610738159611499,0.2137,0.2137,4.68,140880.30569310588,1.0,1.000116,1.000116,141071.43632074265,-79151.48909959944,-21336.0,-43232.0,21.1563,-4559.503199999986,-11166.960000000034,-21896.0,11270424.45544847,11270424.45544847
2025-08-04,-3.5072268859158653,0.007549,0.007549,132.47,139912.80353481838,1.0,1.00001603,1.00001603,140878.04741800576,-49409.127553975995,15287.0,-26987.0,0.762449,-115.40156300000042,-1179.4446000000016,-42274.0,-5.125901432035084,0.2311,0.2311,4.33,139912.80353481838,1.0,1.000663,1.000663,140786.96393601628,-72166.01000514976,3815.0,-39417.0,23.3411,-881.6465000000054,-75223.67999999993,-43232.0,11193024.28278547,11193024.28278547
2025-08-05,-0.3491919238838628,0.0072580000000000006,0.0072580000000000006,137.78,140399.03228051838,1.0,1.0000072400000002,1.0000072400000002,139911.7905734546,-4885.606732438071,24318.0,-2669.0,0.733058,-176.5000439999997,785.3217000000004,-26987.0,-0.0140356839302674,0.21920000000000003,0.21920000000000003,4.56,140399.03228051838,1.0,0.9995520000000001,0.9995520000000001,139975.51256444724,-196.46520523317548,39310.0,-107.0,22.139200000000002,-8616.75200000003,46906.22999999991,-39417.0,11231922.58244147,11231922.58244147
2025-08-06,-1.4818392299650809,0.0074129999999999995,0.0074129999999999995,134.9,140372.79746899338,1.0,1.0000137,1.0000137,140397.10884012727,-20804.594365297784,-8694.0,-11363.0,0.733887,-64.44862200000003,-41.36949999999989,-2669.0,-1.163949139572659,0.2223,0.2223,4.5,140372.79746899338,1.0,1.00035,1.00035,140349.90981208414,-16336.015676487563,-8816.0,-8923.0,22.0077,-1959.7968000000053,-33.16999999999986,-107.0,11229823.79751947,11229823.79751947
2025-08-07,-0.4901272022685802,0.007874,0.007874,127.0,140229.30204311837,1.0,0.999998,0.999998,140373.0782151498,-6880.0664099419955,7605.0,-3758.0,0.795274,-59.881770000000365,-523.8343000000003,-11363.0,-0.7097646773060575,0.2336,0.2336,4.28,140229.30204311837,1.0,0.999808,0.999808,140399.75422180395,-9965.078624908845,3480.0,-5443.0,23.5936,-812.927999999997,-10082.98999999999,-8923.0,11218344.16344947,11218344.16344947
2025-08-08,3.5396523467170407,0.007911,0.007911,126.41,140129.01815126836,1.0,1.0000295099999998,1.0000295099999998,140225.1639985288,49634.833081617435,30868.0,27110.0,0.799011,-244.19674800000004,-13.904600000000137,-3758.0,2.2643117154865298,0.2379,0.2379,4.2,140129.01815126836,1.0,0.9991800000000001,0.9991800000000001,140344.3844383578,31778.343388651898,22800.0,17357.0,24.0279,-5424.119999999995,-2340.4899999999984,-5443.0,11210321.452101469,11210321.452101469
2025-08-09,5.2651411682026605,0.008029,0.008029,124.55,140178.46963936836,1.0,1.00001195,1.00001195,140127.343629512,73779.02457346245,13188.0,40298.0,0.8109289999999999,-105.88645199999938,319.89799999999786,27110.0,4.371007245571966,0.24230000000000002,0.24230000000000002,4.13,140178.46963936836,1.0,1.000699,1.000699,140031.13638693388,61207.71117529642,16075.0,33432.0,24.4723,-3894.972500000003,7637.080000000022,17357.0,11214277.571149468,11214277.571149468
2025-08-10,6.756912079274924,0.008014,0.008014,124.78,139968.76628539336,1.0,0.99998692,0.99998692,140180.30319773417,94718.59839531913,11437.0,51735.0,0.809414,-91.65611799999961,-60.446999999997814,40298.0,6.153781142639185,0.23829999999999998,0.23829999999999998,4.2,139968.76628539336,1.0,1.00086,1.00086,140058.01974238988,86188.64007661055,13644.0,47076.0,24.068299999999997,-3251.3651999999843,-13372.800000000072,33432.0,11197501.30283147,11197501.30283147
2025-08-11,7.057419713776649,0.0077280000000000005,0.0077280000000000005,129.4,139326.76767624338,1.0,1.0000032,1.0000032,139968.3183867745,98781.5169486989,2219.0,53954.0,0.780528,-17.148431999999904,-1479.6209999999978,51735.0,5.641539834435964,0.2279,0.2279,4.39,139326.76767624338,1.0,1.000481,1.000481,139901.47367655495,78925.97366425791,-3967.0,43109.0,22.562099999999997,-904.079300000007,-48959.03999999996,47076.0,11146141.41409947,11146141.41409947
2025-08-12,4.401953091561062,0.008411,0.008411,118.89,140309.9754324309,1.0,0.99998379,0.99998379,139329.02619975808,61331.983762421725,-20455.0,33499.0,0.8326889999999999,-172.04700500000118,3685.0581999999954,53954.0,2.5192049163492367,0.24670000000000003,0.24670000000000003,4.05,140309.9754324309,1.0,0.9991350000000001,0.9991350000000001,139447.38966830645,35129.65496244653,-23921.0,19188.0,24.4233,-5901.310700000014,81044.92000000011,43109.0,11224798.03459447,11224798.03459447
2025-08-13,7.908136964808254,0.009042,0.009042,110.6,140450.36756033087,1.0,1.0000452,1.0000452,140303.6337081873,110954.03520246332,27104.0,60603.0,0.913242,-245.07436799999985,2113.7869000000014,33499.0,5.5767572208160585,0.2547,0.2547,3.93,140450.36756033087,1.0,1.000971,1.000971,140173.86660795455,78171.56227756175,23509.0,42697.0,25.7247,-5987.742299999993,15350.399999999945,19188.0,11236029.40482647,11236029.40482647
2025-08-14,12.51666646958544,0.009258,0.009258,108.01,139437.6107563559,1.0,0.9999565800000001,0.9999565800000001,140456.4661800924,175804.67406728238,35421.0,96024.0,0.935058,-327.9276179999996,1309.0247999999972,60603.0,8.390895503729318,0.23670000000000002,0.23670000000000002,4.22,139437.6107563559,1.0,0.998874,0.998874,140608.69294859096,117983.28494475882,21745.0,64442.0,23.9067,-5147.041499999978,-76854.59999999987,42697.0,11155008.86050847,11155008.86050847
2025-08-15,14.804820105431224,0.009453000000000001,0.009453000000000001,105.79,139450.5888084684,1.0,1.0000328700000003,1.0000328700000003,139433.0275927389,206428.08902661272,16727.0,112751.0,0.9547530000000001,-158.12033100000076,1872.468000000007,96024.0,4.531489656567952,0.2377,0.2377,4.21,139450.5888084684,1.0,1.000717,1.000717,139337.70562142532,63140.7371793399,-29955.0,34487.0,23.5323,-7120.303500000007,6444.1999999998625,64442.0,11156047.10467747,11156047.10467747
2025-08-16,16.614770408553824,0.009211,0.009211,108.57,139620.10243415588,1.0,1.00003827,1.00003827,139445.25223866524,231685.08505082992,13795.0,126546.0,0.930311,-127.06574499999958,-2728.5742,112751.0,3.5262198004313867,0.24300000000000002,0.24300000000000002,4.12,139620.10243415588,1.0,1.00116,1.00116,139289.0135527472,49116.36775722529,-7660.0,26827.0,24.057000000000002,-1861.379999999989,18278.11000000004,34487.0,11169608.19473247,11169608.19473247
2025-08-17,15.862113746129868,0.009609,0.009609,104.07,139919.6279211809,1.0,1.00000863,1.00000863,139618.89752307025,221465.083362019,-5582.0,120964.0,0.951291,-53.63743799999988,5036.530799999993,126546.0,4.254846092883393,0.2506,0.2506,3.99,139919.6279211809,1.0,0.9998940000000001,0.9998940000000001,139634.90373395168,59412.50245825531,5624.0,32451.0,25.310599999999997,-1409.3743999999922,20388.519999999946,26827.0,11193570.23369447,11193570.23369447
2025-08-18,17.082679677685526,0.009236,0.009236,108.27,139268.39260023087,1.0,0.9999817199999999,0.9999817199999999,139922.18569873547,239024.58780931286,9591.0,130555.0,0.932836,-88.58247600000021,-4511.9572,120964.0,6.104833463814616,0.237,0.237,4.22,139268.39260023087,1.0,1.0001399999999998,1.0001399999999998,139900.04191531276,85406.64574736687,14198.0,46649.0,23.937,-3364.9260000000268,-44133.35999999998,32451.0,11141471.40801847,11141471.40801847
2025-08-19,14.146125971476057,0.008464000000000001,0.008464000000000001,118.15,138303.82497898088,1.0,1.0000216000000002,1.0000216000000002,139265.38446792634,197006.5672149331,-22950.0,107605.0,0.837936,-194.2488000000006,-10078.845999999992,130555.0,3.2826376592657645,0.2237,0.2237,4.47,138303.82497898088,1.0,0.999939,0.999939,139276.8884904288,45719.555922404004,-21677.0,24972.0,22.1463,-4849.144900000019,-62043.16999999992,46649.0,11064305.99831847,11064305.99831847
2025-08-20,6.516974572953431,0.008808,0.008808,113.53,138595.13021408088,1.0,0.99997224,0.99997224,138307.66439974462,90134.75321377121,-58374.0,49231.0,0.871992,-514.1581920000023,3701.6119999999987,107605.0,-0.7016248213910379,0.2346,0.2346,4.26,138595.13021408088,1.0,0.999396,0.999396,138387.4109752099,-9709.60425082498,-30275.0,-5303.0,23.2254,-7102.515000000011,27219.479999999996,24972.0,11087610.41712647,11087610.41712647
2025-08-21,6.255284664491578,0.008519,0.008519,117.38,138599.84657228086,1.0,0.9999602200000001,0.9999602200000001,138600.64374768914,86698.64813235804,-1876.0,47355.0,0.8433809999999999,-15.981644000000102,-1422.775900000002,49231.0,0.3684903323679961,0.2277,0.2277,4.39,138599.84657228086,1.0,0.999603,0.999603,138650.1743332912,5109.124882295508,8094.0,2791.0,22.9977,-1843.0037999999893,3659.070000000007,-5303.0,11087987.725782469,11087987.725782469
2025-08-22,4.173153956565372,0.009314000000000001,0.009314000000000001,107.37,138704.40018608086,1.0,1.0000441800000002,1.0000441800000002,138593.72350157655,57837.29455857313,-15764.0,31591.0,0.922086,-146.8258960000007,3764.7225000000008,47355.0,-0.7691900282243918,0.2525,0.2525,3.96,138704.40018608086,1.0,0.9999,0.9999,138613.70794307516,-10662.028192502159,-8615.0,-5824.0,24.9975,-2175.287500000011,6921.680000000001,2791.0,11096352.014886469,11096352.014886469
2025-08-23,7.457789783694476,0.009143,0.009143,109.37,138506.44417891835,1.0,0.99996991,0.99996991,138708.57392707033,103445.93855441351,24911.0,56502.0,0.923443,-227.7612730000003,-540.2061000000001,31591.0,3.8506698500649374,0.2626,0.2626,3.81,138506.44417891835,1.0,1.0005060000000001,1.0005060000000001,138634.25125494585,53383.473149374724,34982.0,29158.0,26.5226,-9186.273199999967,-5882.240000000009,-5824.0,11080515.534313468,11080515.534313468
2025-08-24,7.665976414692057,0.00909,0.00909,110.01,138261.88535929337,1.0,0.9999909000000001,0.9999909000000001,138507.70459903017,106179.67967092998,1493.0,57995.0,0.9180900000000001,-13.571370000000064,-299.4605999999984,56502.0,7.287174151197299,0.2583,0.2583,3.87,138261.88535929337,1.0,0.999621,0.999621,138558.95802400945,100970.32573293932,25992.0,55150.0,26.0883,-6713.733600000051,-12537.940000000095,29158.0,11060950.828743469,11060950.828743469
2025-08-25,7.309911591979412,0.008371,0.008371,119.46,136494.50516139338,1.0,0.99999966,0.99999966,138261.9323683504,101068.2502148878,-2792.0,55203.0,0.8287289999999999,-23.371832000000047,-4169.840500000005,57995.0,7.539296998652708,0.2335,0.2335,4.28,136494.50516139338,1.0,0.9993800000000002,0.9993800000000002,138347.66090905695,104304.41046622758,1821.0,56971.0,23.5835,-425.2034999999989,-136771.99999999983,55150.0,10919560.41291147,10919560.41291147
2025-08-26,2.441502914505345,0.008663,0.008663,115.43,136969.68376639337,1.0,0.9999700900000001,0.9999700900000001,136498.58783415548,33326.17000229545,-37000.0,18203.0,0.857637,-320.5309999999991,1611.9276000000002,55203.0,2.097225873937678,0.24170000000000003,0.24170000000000003,4.14,136969.68376639337,1.0,1.0006380000000001,1.0006380000000001,136407.47719094553,28607.729056341464,-41346.0,15625.0,23.9283,-9993.328200000065,46716.220000000016,56971.0,10957574.70131147,10957574.70131147
2025-08-27,2.5100445002544487,0.008509000000000001,0.008509000000000001,117.52,137010.59673659338,1.0,0.9999776800000001,0.9999776800000001,136972.74099797243,34380.76752267378,576.0,18779.0,0.859409,-4.9011839999999935,-280.32619999999946,18203.0,1.900396943369656,0.24420000000000003,0.24420000000000003,4.1,137010.59673659338,1.0,1.00122,1.00122,136802.78436946264,25997.959326018492,-1425.0,14200.0,24.175800000000002,-347.984999999999,3906.25,15625.0,10960847.738927469,10960847.738927469
2025-08-28,1.6339038639335135,0.008576,0.008576,116.6,137093.53159189338,1.0,0.9999616,0.9999616,137015.85814554617,22387.074004417405,-6551.0,12228.0,0.849024,-56.181376000000185,125.81930000000074,18779.0,2.2595576589606545,0.2493,0.2493,4.01,137093.53159189338,1.0,0.9996929999999999,0.9996929999999999,137052.67190686878,30967.841448818705,2715.0,16915.0,25.1793,-676.8495000000045,7241.999999999972,14200.0,10967482.527351469,10967482.527351469
2025-08-29,1.7244387725123675,0.008266,0.008266,120.98,136773.64786759336,1.0,1.0000206800000002,1.0000206800000002,137090.69655628857,23640.451249239173,684.0,12912.0,0.834866,-5.653943999999997,-379.0680000000003,12228.0,3.318466679161527,0.23550000000000001,0.23550000000000001,4.25,136773.64786759336,1.0,1.000875,1.000875,136973.67962222395,45454.25917484964,7912.0,24827.0,23.785500000000003,-1863.2760000000144,-23342.699999999983,16915.0,10941891.829407468,10941891.829407468
2025-08-30,-0.0979959659751815,0.008224,0.008224,121.6,136788.71769189337,1.0,1.0000384,1.0000384,136768.39596118845,-1340.2751077092773,-13644.0,-732.0,0.814176,-112.20825600000012,-54.23039999999976,12912.0,0.8823867033406967,0.2378,0.2378,4.21,136788.71769189337,1.0,1.001138,1.001138,136618.17638286966,12055.00622748982,-18243.0,6584.0,23.5422,-4338.1854,5710.210000000011,24827.0,10943097.41535147,10943097.41535147
2025-08-31,-0.9437261612675478,0.008113,0.008113,123.26,136748.41315630588,1.0,1.0000083800000001,1.0000083800000001,136787.57141204493,-12909.000967779972,-6319.0,-7051.0,0.803187,-51.266047000000235,8.1252,-732.0,0.4923143329628916,0.23399999999999999,0.23399999999999999,4.27,136748.41315630588,1.0,0.9991799999999998,0.9991799999999998,136900.97649261734,6739.831292393142,-2903.0,3681.0,23.165999999999997,-679.3020000000051,-2501.920000000017,6584.0,10939873.052504469,10939873.052504469
2025-09-01,-1.8607540527011772,0.008014,0.008014,124.78,136720.44518058086,1.0,0.99998692,0.99998692,136750.20184894605,-25445.849229813037,-6847.0,-13898.0,0.793386,-54.87185799999976,69.80490000000015,-7051.0,-0.4030718312013623,0.2321,0.2321,4.31,136720.44518058086,1.0,1.000351,1.000351,136700.43130491785,-5510.009317208927,-6691.0,-3010.0,22.9779,-1552.9810999999938,-699.3899999999917,3681.0,10937635.614446469,10937635.614446469
2025-09-02,-2.7186967454409467,0.008349,0.008349,119.77,136651.40888876838,1.0,0.99995973,0.99995973,136725.95113463304,-37171.639836704475,-6405.0,-20303.0,0.8265509999999999,-53.475345000000324,-465.58299999999963,-13898.0,-1.083144443698454,0.2446,0.2446,4.09,136651.40888876838,1.0,1.000414,1.000414,136663.86633991616,-14802.670748042836,-5075.0,-8085.0,24.2154,-1241.3450000000098,-3762.5,-3010.0,10932112.711101469,10932112.711101469
2025-09-03,-0.6760747422163034,0.008366,0.008366,119.53,136518.26109924336,1.0,0.99998798,0.99998798,136653.05145844692,-9238.767653784074,15257.0,-5046.0,0.844966,-127.64006199999976,-34.51510000000071,-20303.0,1.3133986645916311,0.252,0.252,3.97,136518.26109924336,1.0,1.00044,1.00044,136591.3087129347,17939.884245839166,17884.0,9799.0,25.451999999999998,-4506.76799999998,-5982.899999999988,-8085.0,10921460.887939468,10921460.887939468
2025-09-04,0.2360585373567701,0.008093,0.008093,123.56,136344.84253976835,1.0,0.9999710799999999,0.9999710799999999,136522.20932153697,3222.723304915682,6806.0,1760.0,0.817393,-55.080958000000116,137.75579999999997,-5046.0,3.670783496620495,0.2421,0.2421,4.13,136344.84253976835,1.0,0.999873,0.999873,136535.60112058566,50119.263129460465,17576.0,27375.0,24.4521,-4255.149600000012,-9701.009999999984,9799.0,10907587.403181467,10907587.403181467
2025-09-05,-1.202273023979871,0.008307,0.008307,120.38,136402.41384354336,1.0,0.99999666,0.99999666,136345.29793306344,-16392.427365142063,-10714.0,-8954.0,0.822393,-89.0011979999995,37.66399999999996,1760.0,2.3275955755698354,0.2447,0.2447,4.09,136402.41384354336,1.0,1.000823,1.000823,136232.72300873217,31709.46833229559,-10055.0,17320.0,24.225299999999997,-2460.458500000017,7117.499999999945,27375.0,10912193.107483467,10912193.107483467
2025-09-06,-0.1724327720788842,0.008184,0.008184,122.19,136381.98199484334,1.0,1.00000296,1.00000296,136402.01009359348,-2352.017671757026,7669.0,-1285.0,0.826584,-62.76309599999976,110.1341999999998,-8954.0,2.3915698338001343,0.2438,0.2438,4.1,136381.98199484334,1.0,0.9995799999999999,0.9995799999999999,136459.7269288535,32635.296645164985,505.0,17825.0,24.6238,-123.11900000000011,-1558.7999999999975,17320.0,10910558.559587467,10910558.559587467
2025-09-07,-0.606721679911006,0.008350999999999999,0.008350999999999999,119.75,136443.30859191835,1.0,1.0000322499999998,1.0000322499999998,136377.58381776523,-8274.323675611855,-3234.0,-4519.0,0.826749,-27.00713399999999,-21.45949999999992,-1285.0,2.178164965623983,0.2468,0.2468,4.05,136443.30859191835,1.0,0.9995399999999999,0.9995399999999999,136444.74657826938,29719.916674022923,-1592.0,16233.0,24.4332,-392.90560000000056,5347.500000000013,17825.0,10915464.687353468,10915464.687353468
2025-09-08,0.4803499083792995,0.008651,0.008651,115.59,136551.43985630583,1.0,0.9999690900000001,0.9999690900000001,136447.5261849527,6554.25567015241,8099.0,3580.0,0.8737509999999999,-70.06444899999971,-135.5700000000001,-4519.0,2.7303107804930504,0.2529,0.2529,3.95,136551.43985630583,1.0,0.9989550000000001,0.9989550000000001,136586.0410047683,37292.23402201848,4136.0,20369.0,25.5429,-1045.9944000000014,9902.12999999999,16233.0,10924115.188504467,10924115.188504467
2025-09-09,3.006142072383071,0.008652,0.008652,115.58,136675.94971590585,1.0,0.99999816,0.99999816,136551.6911114175,41049.37837050896,18841.0,22421.0,0.873852,-163.01233199999987,0.35799999999996057,3580.0,4.240904009780297,0.2593,0.2593,3.86,136675.94971590585,1.0,1.0008979999999998,1.0008979999999998,136428.9266801471,57858.1982207858,11233.0,31602.0,26.1893,-2912.716899999996,13036.16000000001,20369.0,10934075.977272468,10934075.977272468
2025-09-10,3.9028477994105177,0.008853999999999999,0.008853999999999999,112.94,138030.68428078084,1.0,0.9999707599999998,0.9999707599999998,136679.94623753385,53344.102739670685,6715.0,29136.0,0.894254,-59.454610000000194,452.9041999999999,22421.0,6.138650952852401,0.2948,0.2948,3.39,138030.68428078084,1.0,0.999372,0.999372,136761.83614900743,83953.31757899483,14253.0,45855.0,29.7748,-4201.78439999998,112187.10000000002,31602.0,11042454.742462467,11042454.742462467
2025-09-11,5.611332933949533,0.008939,0.008939,111.87,137700.66414714334,1.0,1.0000059300000002,1.0000059300000002,138029.86576367685,77453.1531628353,13169.0,42305.0,0.9028390000000001,-117.7176910000004,247.65600000000182,29136.0,11.267445003211456,0.2915,0.2915,3.43,137700.66414714334,1.0,0.999845,0.999845,138052.08235354564,155549.42454973943,39106.0,84961.0,29.441499999999998,-11399.398999999969,-15132.150000000085,45855.0,11016053.131771468,11016053.131771468
2025-09-12,6.769601537459787,0.009169,0.009169,109.06,137500.22654804334,1.0,0.99997114,0.99997114,137704.63830300476,93220.55311713649,8612.0,50917.0,0.926069,-78.96342799999985,973.0150000000009,42305.0,12.827918134331128,0.2899,0.2899,3.45,137500.22654804334,1.0,1.0001550000000001,1.0001550000000001,137679.32385194628,176613.909516283,11505.0,96466.0,29.279899999999998,-3335.299499999993,-13593.760000000013,84961.0,11000018.123843467,11000018.123843467
2025-09-13,8.6908654283148,0.009294,0.009294,107.6,138820.15371186833,1.0,1.0000343999999999,1.0000343999999999,137495.49670295676,119495.48588446985,14351.0,65268.0,0.938694,-133.37819400000035,636.4624999999977,50917.0,12.802250201468668,0.3008,0.3008,3.32,138820.15371186833,1.0,0.998656,0.998656,137685.27555839383,176268.13467567164,-189.0,96277.0,29.7792,-56.85119999999978,105147.93999999999,96466.0,11105612.296949467,11105612.296949467
2025-09-14,10.165002002976422,0.008879,0.008879,112.63,137972.79219140584,1.0,1.00004177,1.00004177,138814.35543624178,141104.82010512787,11803.0,77071.0,0.896779,-104.79883699999965,-2708.621999999999,65268.0,14.215648315684009,0.2944,0.2944,3.4,137972.79219140584,1.0,1.0009599999999998,1.0009599999999998,138687.01417825723,197152.58195103865,11407.0,107684.0,29.7344,-3358.220799999995,-61617.279999999715,96277.0,11037823.375312466,11037823.375312466
2025-09-15,6.7268954403246735,0.008631999999999999,0.008631999999999999,115.85,138412.33312270584,1.0,1.0000171999999998,1.0000171999999998,137970.41910019735,92811.25831448018,-26378.0,50693.0,0.854568,-227.6948959999993,-1903.6537000000042,77071.0,13.136745439184674,0.2981,0.2981,3.35,138412.33312270584,1.0,0.9986349999999999,0.9986349999999999,138161.382478489,181499.09111457394,-8549.0,99135.0,29.511899999999997,-2548.456900000014,39843.079999999725,107684.0,11072986.649816466,11072986.649816466
2025-09-16,3.516009152771537,0.008803,0.008803,113.6,138753.88543225583,1.0,1.0000208,1.0000208,138409.45420605835,48664.89078186141,-24112.0,26581.0,0.871497,-212.25793600000011,866.8503000000002,50693.0,13.137843484841063,0.3008,0.3008,3.32,138753.88543225583,1.0,0.998656,0.998656,138598.60965408094,182088.68408518968,322.0,99457.0,30.380799999999997,-96.85759999999962,26766.449999999957,99135.0,11100310.834580466,11100310.834580466
2025-09-17,3.614567638152804,0.009138,0.009138,109.43,140921.30351685584,1.0,0.9999713400000001,0.9999713400000001,138757.86223258742,50154.967836517564,814.0,27395.0,0.9229379999999999,-7.438331999999983,890.4634999999993,26581.0,13.337747440301063,0.3182,0.3182,3.14,140921.30351685584,1.0,0.999148,0.999148,138872.2045505329,185224.23907728356,1712.0,101169.0,32.1382,-544.7583999999955,173055.1800000002,99457.0,11273704.281348467,11273704.281348467
2025-09-18,6.0315490649014105,0.009244,0.009244,108.18,145101.84364535584,1.0,1.00001592,1.00001592,140919.06008541927,84996.02250849963,19030.0,46425.0,0.933644,-175.91332000000057,290.3870000000015,27395.0,15.575067144562048,0.3519,0.3519,2.84,145101.84364535584,1.0,0.999396,0.999396,141006.47142559692,219618.52602714417,18786.0,119955.0,35.5419,-6610.7934000000105,340939.52999999974,101169.0,11608147.491628466,11608147.491628466
2025-09-19,7.650620066969888,0.008904,0.008904,112.31,142837.28718365583,1.0,1.00000824,1.00000824,145100.64801601617,111010.99294416679,14209.0,60634.0,0.899304,-126.51693600000033,-1578.4500000000014,46425.0,17.631756147237947,0.3375,0.3375,2.96,142837.28718365583,1.0,0.999,0.999,145247.09073609192,256096.12849545167,19924.0,139879.0,34.0875,-6724.349999999971,-172735.19999999972,119955.0,11426982.974692466,11426982.974692466
2025-09-20,5.12032040466076,0.008931,0.008931,111.97,141812.07138119332,1.0,1.00000407,1.00000407,142836.7058382631,73136.96994381853,-20687.0,39947.0,0.884169,-184.75559700000045,163.71180000000217,60634.0,17.566557549258015,0.33170000000000005,0.33170000000000005,3.01,141812.07138119332,1.0,0.9984170000000001,0.9984170000000001,143063.7571111628,251313.77225063118,-2612.0,137267.0,32.838300000000004,-866.4003999999945,-81129.81999999976,139879.0,11344965.710495466,11344965.710495466
2025-09-21,4.427959897203661,0.00884,0.00884,113.12,141524.90520094332,1.0,0.9999808000000001,0.9999808000000001,141814.79422524243,62795.02216595628,-5648.0,34299.0,0.87516,-49.92831999999977,-363.5176999999999,39947.0,15.896860055223202,0.33039999999999997,0.33039999999999997,3.03,141524.90520094332,1.0,1.0011119999999998,1.0011119999999998,141654.5515199032,225186.25816973066,-14271.0,122996.0,32.7096,-4715.1383999999625,-17844.710000000352,137267.0,11321992.416075466,11321992.416075466
2025-09-22,3.328772851412216,0.008256,0.008256,121.12,142721.00253404333,1.0,0.99996672,0.99996672,141529.6153065407,47111.994110322754,-8567.0,25732.0,0.817344,-70.72915200000035,-2003.0616000000002,34299.0,14.712143942051892,0.3386,0.3386,2.95,142721.00253404333,1.0,0.9988700000000001,0.9988700000000001,141685.0092614087,208449.02506848003,-9141.0,113855.0,33.5214,-3095.142599999996,100856.72000000003,122996.0,11417680.202723466,11417680.202723466
2025-09-23,-1.8281353308988328,0.008060000000000001,0.008060000000000001,124.07,142336.96730429333,1.0,1.0000042,1.0000042,142720.4031083503,-26091.22113624988,-39983.0,-14251.0,0.7979400000000001,-322.26297999999827,-504.34719999999874,25732.0,15.176031802105385,0.3361,0.3361,2.98,142336.96730429333,1.0,1.001578,1.001578,142496.1436194119,216252.6007245571,4262.0,118117.0,33.9461,-1432.4582000000078,-28463.75,113855.0,11386957.384343466,11386957.384343466
2025-09-24,-4.950718545504033,0.008127,0.008127,123.05,140394.35876805583,1.0,1.00002735,1.00002735,142333.07449470588,-70465.09915395475,-24237.0,-38488.0,0.804573,-196.97409899999988,-95.48169999999898,-14251.0,14.59380447371566,0.32310000000000005,0.32310000000000005,3.1,140394.35876805583,1.0,1.0016100000000001,1.0016100000000001,142108.173145529,207389.88930027807,-4841.0,113276.0,31.986900000000002,-1564.1271000000008,-153552.09999999966,118117.0,11231548.701444466,11231548.701444466
2025-09-25,-5.414167814266615,0.0076370000000000006,0.0076370000000000006,130.94,135127.34313668084,1.0,0.99998878,0.99998878,140395.93401043542,-76012.7147173199,-3030.0,-41518.0,0.756063,-23.140110000000014,1885.9119999999973,-38488.0,11.35121597379796,0.2864,0.2864,3.49,135127.34313668084,1.0,0.999536,0.999536,140459.53199089962,159438.6483207285,-26191.0,87085.0,28.3536,-7501.102400000012,-415722.9200000002,113276.0,10810187.450934466,10810187.450934466
2025-09-26,-8.638307211399008,0.007919,0.007919,126.28,135359.30569664334,1.0,1.00001132,1.00001132,135125.81351247188,-116725.82893109434,-22237.0,-63755.0,0.783981,-176.0948030000002,-1170.8076,-41518.0,2.819187764384788,0.2909,0.2909,3.44,135359.30569664334,1.0,1.000696,1.000696,135033.35991817777,38068.4396065094,-66292.0,20793.0,28.7991,-19284.34280000004,39188.249999999935,87085.0,10828744.455731466,10828744.455731466
2025-09-27,-7.357263216288427,0.007809000000000001,0.007809000000000001,128.06,135231.08494841834,1.0,1.0000205400000002,1.0000205400000002,135356.5254736101,-99585.3585951599,9362.0,-54393.0,0.788709,-73.10785799999958,701.3050000000006,-63755.0,1.1144552464790698,0.2874,0.2874,3.48,135231.08494841834,1.0,1.000152,1.000152,135338.73420904358,15082.896239110498,-12555.0,8238.0,28.452599999999997,-3608.3070000000207,-7277.550000000029,20793.0,10818486.795873467,10818486.795873467
2025-09-28,-7.544277472672161,0.008086,0.008086,123.67,135311.13690776835,1.0,0.99999562,0.99999562,135231.67726316475,-102022.52963681659,-1332.0,-55725.0,0.800514,-10.77055200000005,-1506.6860999999972,-54393.0,-0.0308909608130365,0.30010000000000003,0.30010000000000003,3.33,135311.13690776835,1.0,0.9993330000000001,0.9993330000000001,135321.34428505646,-418.02063434771,-8466.0,-228.0,29.7099,-2540.646600000004,10462.260000000026,8238.0,10824890.952621467,10824890.952621467
2025-09-29,-5.067198405486359,0.008061,0.008061,124.05,135263.61676134335,1.0,0.9999670500000001,0.9999670500000001,135315.59555664193,-68567.09700420531,18274.0,-37451.0,0.814161,-147.30671399999972,139.31249999999704,-55725.0,1.6173465961192324,0.3041,0.3041,3.29,135263.61676134335,1.0,1.000489,1.000489,135245.0021017406,21873.804379138855,12175.0,11947.0,30.714100000000002,-3702.4175000000223,-91.19999999999968,-228.0,10821089.340907468,10821089.340907468
2025-09-30,-4.2431273478717495,0.008072000000000001,0.008072000000000001,123.89,135167.05402149336,1.0,1.0000400800000002,1.0000400800000002,135258.19561286314,-57391.774882872625,6104.0,-31347.0,0.815272,-49.271487999999806,-41.19609999999962,-37451.0,2.903181506961068,0.30010000000000003,0.30010000000000003,3.33,135167.05402149336,1.0,0.9993330000000001,0.9993330000000001,135353.8978111834,39295.693302052576,9516.0,21463.0,30.310100000000002,-2855.7516000000046,-4778.799999999983,11947.0,10813364.321719468,10813364.321719468
2025-10-01,-3.693477826396869,0.008508,0.008508,117.54,135337.95521349335,1.0,1.00003032,1.00003032,135162.95588067104,-49922.13804955168,4080.0,-27267.0,0.859308,-34.71263999999984,-1366.729199999999,-31347.0,2.736207683856104,0.3073,0.3073,3.25,135337.95521349335,1.0,0.9987250000000001,0.9987250000000001,135339.61202682756,37031.728635790954,-1236.0,20227.0,30.4227,-379.8228000000018,15453.359999999975,21463.0,10827036.417079467,10827036.417079467
2025-10-02,0.247152477772474,0.008706,0.008706,114.86,135358.32585644335,1.0,0.99997116,0.99997116,135341.8584726917,3345.007566785726,29094.0,1827.0,0.879306,-253.29236399999976,-539.8866000000011,-27267.0,3.889004393186189,0.3098,0.3098,3.23,135358.32585644335,1.0,1.0006540000000002,1.0006540000000002,135249.5020391597,52598.59076065365,8502.0,28729.0,31.2898,-2633.919599999993,5056.75,20227.0,10828666.068515467,10828666.068515467
2025-10-03,3.157860558104564,0.008655000000000001,0.008655000000000001,115.54,135449.70820769333,1.0,0.9999987000000002,0.9999987000000002,135358.5018224957,42744.327410938386,21520.0,23347.0,0.874155,-186.2555999999993,-9.317699999999988,1827.0,4.733110388830788,0.3131,0.3131,3.19,135449.70820769333,1.0,0.9987889999999999,0.9987889999999999,135522.44353556493,64144.26854179163,6306.0,35035.0,31.623099999999997,-1974.408599999991,9480.56999999995,28729.0,10835976.656615466,10835976.656615466
2025-10-04,3.749545120425164,0.008395,0.008395,119.12,134897.00515725583,1.0,1.0000124,1.0000124,135448.02865213805,50786.8494903832,4393.0,27740.0,0.8478950000000001,-36.87923500000018,-607.0220000000005,23347.0,5.579475821207748,0.3012,0.3012,3.32,134897.00515725583,1.0,0.999984,0.999984,135451.87543770034,75575.04639418927,6244.0,41279.0,30.421200000000002,-1880.6928000000091,-41691.64999999992,35035.0,10791760.412580466,10791760.412580466
2025-10-05,1.6746518053371588,0.008371,0.008371,119.46,134812.44095011833,1.0,0.99999966,0.99999966,134897.05102225317,22590.55900290751,-15401.0,12339.0,0.8287289999999999,-128.92177100000026,-66.57600000000191,27740.0,3.573555115049867,0.3007,0.3007,3.33,134812.44095011833,1.0,1.0013310000000002,1.0013310000000002,134717.69590400756,48142.11112854987,-14984.0,26295.0,29.7693,-4505.688799999986,-2063.9500000000294,41279.0,10784995.276009466,10784995.276009466
2025-10-06,0.6990006861700951,0.008715,0.008715,114.74,134972.02501411835,1.0,0.9999591,0.9999591,134817.95500447802,9423.784305617915,-7192.0,5147.0,0.862785,-62.6782800000002,424.4616000000012,12339.0,2.777533179042953,0.3061,0.3061,3.27,134972.02501411835,1.0,1.000947,1.000947,134684.89435516397,37409.17627873628,-5862.0,20433.0,30.3039,-1794.3582000000042,14199.299999999977,26295.0,10797762.001129467,10797762.001129467
2025-10-07,3.109631425291527,0.008198,0.008198,121.98,134264.55910731835,1.0,0.9999920400000001,0.9999920400000001,134973.09939998956,41971.659146320446,17778.0,22925.0,0.827998,-145.74404400000068,-266.0999000000004,5147.0,3.4633138769803806,0.2793,0.2793,3.58,134264.55910731835,1.0,0.999894,0.999894,134986.3335654763,46750.004224001656,5102.0,25535.0,28.2093,-1424.988599999996,-54760.439999999995,20433.0,10741164.728585467,10741164.728585467
2025-10-08,-0.4040502074849874,0.008387,0.008387,119.23,134426.17272036834,1.0,0.9999820100000001,0.9999820100000001,134266.97457019085,-5425.059893346714,-25888.0,-2963.0,0.830313,-217.12265600000086,433.28250000000065,22925.0,-1.255830145273208,0.2882,0.2882,3.47,134426.17272036834,1.0,1.000054,1.000054,134257.30921262086,-16860.437613247566,-34744.0,-9209.0,28.5318,-10013.220799999992,22726.150000000016,25535.0,10754093.817629468,10754093.817629468
2025-10-09,-0.0906095706650659,0.008152000000000001,0.008152000000000001,122.67,134475.80884791835,1.0,1.0000058400000003,1.0000058400000003,134425.38767610426,-1218.022666381685,2298.0,-665.0,0.8233520000000001,-18.73329600000011,69.6304999999999,-2963.0,-1.1897260240159249,0.2838,0.2838,3.52,134475.80884791835,1.0,0.998976,0.998976,134563.96622177944,-16009.425250885086,465.0,-8744.0,28.6638,-131.9669999999997,4051.960000000012,-9209.0,10758064.707833467,10758064.707833467
2025-10-10,-1.831597418601657,0.006353,0.006353,157.41,135305.23999461834,1.0,1.00002573,1.00002573,134472.34887438183,-24629.92070716192,-12788.0,-13453.0,0.6289469999999999,-81.24216400000068,119.63350000000004,-665.0,-1.8588802784829,0.2068,0.2068,4.84,135305.23999461834,1.0,1.000912,1.000912,134353.27865778244,-24974.666004646926,-4897.0,-13641.0,20.4732,-1012.699600000006,67328.79999999999,-8744.0,10824419.199569467,10824419.199569467
2025-10-11,-9.285533481337003,0.006316,0.006316,158.33,135031.05815686836,1.0,1.0000122800000002,1.0000122800000002,135303.57846667475,-125636.59079970168,-55170.0,-68623.0,0.6252840000000001,-348.45371999999935,49.776099999999,-13453.0,-8.779359494149794,0.2146,0.2146,4.66,135031.05815686836,1.0,1.0000360000000001,1.0000360000000001,135300.36918132778,-118785.05807340622,-51239.0,-64880.0,21.2454,-10995.88940000004,-10639.980000000016,-13641.0,10802484.652549468,10802484.652549468
2025-10-12,-11.684635801458308,0.006999999999999999,0.006999999999999999,142.86,134082.57445186836,1.0,1.00002,1.00002,135028.3575897166,-157775.7181304917,-17554.0,-86177.0,0.693,-122.87800000000011,-4693.813199999993,-68623.0,-10.560583045001936,0.22510000000000002,0.22510000000000002,4.44,134082.57445186836,1.0,0.9994440000000002,0.9994440000000002,135106.17719138673,-142680.0004122386,-13052.0,-77932.0,22.2849,-2938.0052000000155,-68124.00000000004,-64880.0,10726605.956149468,10726605.956149468
2025-10-13,-9.328760803980025,0.0072840000000000005,0.0072840000000000005,137.29,132776.33995491834,1.0,1.00002036,1.00002036,134079.8445862326,-125079.87987797798,17859.0,-68318.0,0.735684,-130.08495599999924,-2447.426800000008,-86177.0,-9.8404837501618,0.23800000000000002,0.23800000000000002,4.2,132776.33995491834,1.0,0.9996000000000002,0.9996000000000002,134136.22894344572,-131996.53812259604,5836.0,-72096.0,24.038,-1388.9679999999973,-100532.27999999994,-77932.0,10622107.196393467,10622107.196393467
2025-10-14,-6.888869794706545,0.0069889999999999996,0.0069889999999999996,143.08,133710.87447164333,1.0,0.99998612,0.99998612,132778.18291609723,-91469.16136867227,18358.0,-49960.0,0.705889,-128.3040620000004,2015.3810000000055,-68318.0,-7.795370212885739,0.2274,0.2274,4.4,133710.87447164333,1.0,1.0005600000000001,1.0005600000000001,132702.02681989918,-103446.14270614066,15594.0,-56502.0,22.967399999999998,-3546.07559999999,76421.76000000017,-72096.0,10696869.957731467,10696869.957731467
2025-10-15,-7.117047724162561,0.006684,0.006684,149.61,134319.00820524336,1.0,0.9999932400000001,0.9999932400000001,133711.77836326504,-95163.31078940042,-2018.0,-51978.0,0.661716,-13.488312000000047,1523.7799999999986,-49960.0,-7.943946280033131,0.219,0.219,4.57,134319.00820524336,1.0,1.00083,1.00083,133599.98648286253,-106131.11156330125,-1467.0,-57969.0,21.680999999999997,-321.27300000000173,47461.67999999999,-56502.0,10745520.656419467,10745520.656419467
2025-10-16,-8.361250652070035,0.006453,0.006453,154.97,134985.27942725582,1.0,1.00002141,1.00002141,134316.1324968466,-112305.0850422784,-9363.0,-61341.0,0.6388469999999999,-60.419439000000395,1200.6918000000005,-51978.0,-8.66809447255854,0.20980000000000001,0.20980000000000001,4.77,134985.27942725582,1.0,1.000746,1.000746,134218.880920077,-116342.19398163124,-5577.0,-63546.0,20.7702,-1170.0546000000074,53331.479999999894,-57969.0,10798822.354180466,10798822.354180466
2025-10-17,-9.663677935972052,0.0062450000000000006,0.0062450000000000006,160.13,135791.00063206835,1.0,1.0000118500000001,1.0000118500000001,134983.67987064933,-130443.88088823087,-9907.0,-71248.0,0.618255,-61.86921500000056,1275.8927999999958,-61341.0,-9.68785762069929,0.1996,0.1996,5.01,135791.00063206835,1.0,0.999996,0.999996,134985.8193705333,-130772.3398875159,-7882.0,-71428.0,19.7604,-1573.2472000000018,64816.91999999998,-63546.0,10863280.050565466,10863280.050565466
2025-10-18,-10.871856320057397,0.006343,0.006343,157.65,135534.22044923084,1.0,0.99997395,0.99997395,135794.53807978533,-147633.8707051989,-9389.0,-80637.0,0.627957,-59.55442699999988,-698.2303999999943,-71248.0,-10.920816933731746,0.2021,0.2021,4.95,135534.22044923084,1.0,1.0003950000000001,1.0003950000000001,135737.38436524404,-148236.3125716412,-9538.0,-80966.0,20.0079,-1927.6298000000143,-17857.0,-71428.0,10842737.635938466,10842737.635938466
2025-10-19,-10.55740950884679,0.006528000000000001,0.006528000000000001,153.19,135128.0666423308,1.0,1.00002432,1.00002432,135530.92433715094,-143085.54693398322,2484.0,-78153.0,0.659328,-16.215551999999946,-1491.784500000006,-80637.0,-10.801839087382266,0.2059,0.2059,4.86,135128.0666423308,1.0,1.000674,1.000674,135442.93191312137,-146303.27560488094,1055.0,-79911.0,20.7959,-217.22449999999975,-30767.079999999918,-80966.0,10810245.331386466,10810245.331386466
2025-10-20,-9.188647340281744,0.006625,0.006625,150.94,135351.71106201832,1.0,0.9999775,0.9999775,135131.1070922404,-124167.2087772442,10333.0,-67820.0,0.669125,-68.45612499999991,-758.0840999999946,-78153.0,-9.995190711729892,0.2034,0.2034,4.92,135351.71106201832,1.0,1.000728,1.000728,135029.76497343014,-134964.82526694992,6193.0,-73718.0,20.5434,-1259.6561999999906,19977.75,-79911.0,10828136.884961465,10828136.884961465
2025-10-21,-7.958063270083999,0.0064280000000000006,0.0064280000000000006,155.57,136100.85904656834,1.0,1.0000039600000001,1.0000039600000001,135351.17507136503,-107713.3214898139,8987.0,-58833.0,0.649228,-57.7684359999999,1336.053999999996,-67820.0,-9.7536725935807,0.1954,0.1954,5.12,136100.85904656834,1.0,1.000448,1.000448,135291.1006489276,-131958.51005548128,1642.0,-72076.0,19.7354,-320.84679999999895,58974.40000000005,-73718.0,10888068.723725466,10888068.723725466
2025-10-22,-8.33320611158261,0.0062380000000000005,0.0062380000000000005,160.31,136570.84369991833,1.0,1.0000137800000002,1.0000137800000002,136098.98360257427,-113414.08819371535,-3114.0,-61947.0,0.617562,-19.425131999999895,1117.827000000001,-58833.0,-10.39290883447101,0.1902,0.1902,5.26,136570.84369991833,1.0,1.000452,1.000452,136039.3692516666,-141384.47625315096,-5148.0,-77224.0,18.8298,-979.1496000000042,37479.51999999997,-72076.0,10925667.495993465,10925667.495993465
2025-10-23,-9.288554139875233,0.0064280000000000006,0.0064280000000000006,155.57,136427.04919341832,1.0,1.0000039600000001,1.0000039600000001,136570.3028815189,-126854.0652214147,-7340.0,-69287.0,0.636372,-47.18151999999992,-1176.993000000001,-61947.0,-11.051799392876454,0.19140000000000001,0.19140000000000001,5.22,136427.04919341832,1.0,0.999108,0.999108,136692.7736540177,-151070.11128800717,-5290.0,-82514.0,18.9486,-1012.5060000000083,-9266.880000000077,-77224.0,10914163.935473464,10914163.935473464
2025-10-24,-8.325871595574728,0.006560000000000001,0.006560000000000001,152.44,136050.4304476683,1.0,1.0000064000000002,1.0000064000000002,136426.1760658915,-113586.68241998828,7246.0,-62041.0,0.66256,-47.53376000000007,-914.5883999999993,-69287.0,-10.873576710043295,0.1949,0.1949,5.13,136050.4304476683,1.0,0.999837,0.999837,136449.29042775804,-148369.18264972034,1475.0,-81039.0,19.6849,-287.47750000000076,-28879.899999999823,-82514.0,10884034.435813464,10884034.435813464
2025-10-25,-7.038064171778337,0.006542,0.006542,152.86,135812.6657073933,1.0,1.00001012,1.00001012,136049.05363124557,-95752.19699664188,9741.0,-52300.0,0.660742,-63.72562200000046,111.67380000000148,-62041.0,-10.051356076383096,0.19710000000000003,0.19710000000000003,5.07,135812.6657073933,1.0,0.9992970000000002,0.9992970000000002,136146.14118492126,-136845.3343475169,6294.0,-74745.0,19.9071,-1240.5473999999933,-17828.580000000195,-81039.0,10865013.256591463,10865013.256591463
2025-10-26,-6.542149307326854,0.006812,0.006812,146.8,134740.8959143933,1.0,1.0000016,1.0000016,135812.44840747584,-88850.53152753323,3770.0,-48530.0,0.6880120000000001,-25.68124000000015,-1412.1000000000013,-52300.0,-9.204593792558736,0.2082,0.2082,4.8,134740.8959143933,1.0,0.9993599999999999,0.9993599999999999,135899.64147793918,-125090.09963587967,6421.0,-68324.0,21.028200000000002,-1336.8522000000096,-82966.94999999995,-74745.0,10779271.673151463,10779271.673151463
2025-10-27,-4.528402238330175,0.006670000000000001,0.006670000000000001,149.93,135122.9792371433,1.0,1.0000331000000002,1.0000331000000002,134736.4361383571,-61014.0778993567,15204.0,-33326.0,0.67367,-101.4106799999993,689.1259999999995,-48530.0,-6.946208296594444,0.20329999999999998,0.20329999999999998,4.92,135122.9792371433,1.0,1.000236,1.000236,134709.1045657158,-93571.74997611836,17215.0,-51109.0,20.533299999999997,-3499.8094999999776,33478.76000000013,-68324.0,10809838.338971464,10809838.338971464
2025-10-28,-4.61497644069594,0.006459,0.006459,154.82,135677.7606338308,1.0,0.9999823800000001,0.9999823800000001,135125.36014598908,-62360.03536142936,-735.0,-34061.0,0.639441,-4.747364999999995,703.1786000000003,-33326.0,-6.742385303734199,0.19469999999999998,0.19469999999999998,5.14,135677.7606338308,1.0,1.0007579999999998,1.0007579999999998,135020.6335968769,-91036.11356644628,1385.0,-49724.0,19.6647,-269.65950000000134,43953.73999999997,-51109.0,10854220.850706464,10854220.850706464
2025-10-29,-5.861714764639046,0.0064010000000000004,0.0064010000000000004,156.23,135541.83340911832,1.0,1.00002823,1.00002823,135673.9305587711,-79528.18819329613,-9377.0,-43438.0,0.633699,-60.02217699999991,197.55380000000093,-34061.0,-7.788689081121155,0.1966,0.1966,5.09,135541.83340911832,1.0,1.000694,1.000694,135583.66556992527,-105601.90156028591,-7956.0,-57680.0,19.4634,-1564.1496000000009,-9447.560000000063,-49724.0,10843346.672729464,10843346.672729464
2025-10-30,-6.6141023518351725,0.0060160000000000005,0.0060160000000000005,166.22,136679.2292608183,1.0,0.9999795200000001,0.9999795200000001,135544.60936271804,-89650.59195645331,-5529.0,-48967.0,0.595584,-33.262464000000115,1672.3629999999991,-43438.0,-7.750193462757045,0.1811,0.1811,5.52,136679.2292608183,1.0,0.999672,0.999672,135586.30571739364,-105082.01002103223,284.0,-57396.0,18.2911,-51.4324000000002,89404.00000000004,-57680.0,10934338.340865465,10934338.340865465
2025-10-31,-9.01504309037933,0.006091,0.006091,164.18,136580.82875203082,1.0,1.00002038,1.00002038,136676.44379489377,-123214.40302507758,-18333.0,-67300.0,0.603009,-111.66630299999922,-367.2524999999976,-48967.0,-9.755664471754772,0.1819,0.1819,5.5,136580.82875203082,1.0,1.00045,1.00045,136617.75127274555,-133279.69423025538,-15401.0,-72797.0,18.008100000000002,-2801.441899999982,-4591.680000000106,-57396.0,10926466.300162464,10926466.300162464
2025-11-01,-9.307134876400674,0.006128000000000001,0.006128000000000001,163.19,136077.28356938082,1.0,1.0000283200000002,1.0000283200000002,136576.96089249832,-127114.01960353821,-2129.0,-69429.0,0.606672,-13.046512000000048,-249.01000000000246,-67300.0,-10.269067045756174,0.18730000000000002,0.18730000000000002,5.34,136077.28356938082,1.0,1.0001820000000001,1.0001820000000001,136555.97556447808,-140230.2468570267,-3797.0,-76594.0,18.5427,-711.1781000000018,-39310.37999999994,-72797.0,10886182.685550464,10886182.685550464
2025-11-02,-8.995203775123317,0.006106,0.006106,163.77,135994.9981353058,1.0,0.9999796200000001,0.9999796200000001,136080.05688094004,-122406.78413744275,2571.0,-66858.0,0.6167060000000001,-15.698526000000143,152.7437999999986,-69429.0,-9.334721684627896,0.188,0.188,5.32,135994.9981353058,1.0,1.0001600000000002,1.0001600000000002,136055.51468703087,-127004.0363262236,7225.0,-69369.0,18.988,-1358.2999999999915,-5361.580000000022,-76594.0,10879599.850824464,10879599.850824464
2025-11-03,-8.860740107787526,0.005528,0.005528,180.9,137897.7764884558,1.0,1.0000152,1.0000152,135992.93104275395,-120499.80184661131,1041.0,-65817.0,0.5583279999999999,-5.7546479999999764,3864.3924000000047,-66858.0,-8.714212239210333,0.16649999999999998,0.16649999999999998,6.01,137897.7764884558,1.0,1.000665,1.000665,135904.6215619671,-118430.17165805423,4683.0,-64686.0,16.816499999999998,-779.7194999999963,149143.35000000015,-69369.0,11031822.119076464,11031822.119076464
2025-11-04,-11.702661964622209,0.005208000000000001,0.005208000000000001,192.01,138425.2859331558,1.0,0.9999880800000001,0.9999880800000001,137899.42024954516,-161379.03002978058,-22328.0,-88145.0,0.515592,-116.28422399999978,2106.143999999995,-65817.0,-11.19151587498303,0.1598,0.1598,6.26,138425.2859331558,1.0,1.000348,1.000348,137849.80475640058,-154274.82782945683,-19579.0,-84265.0,15.8202,-3128.724200000012,43339.61999999988,-64686.0,11074022.874652464,11074022.874652464
2025-11-05,-14.541909669061315,0.005453,0.005453,183.39,137702.3884731558,1.0,1.00002567,1.00002567,138421.73264727872,-201291.63323916827,-21800.0,-109945.0,0.539847,-118.8754000000009,-2159.552499999997,-88145.0,-13.10791945589768,0.1661,0.1661,6.02,137702.3884731558,1.0,0.9999219999999999,0.9999219999999999,138436.08394770374,-181460.90381763905,-14849.0,-99114.0,16.4439,-2466.418900000002,-53086.94999999992,-84265.0,11016191.077852463,11016191.077852463
2025-11-06,-13.523462559852,0.005318000000000001,0.005318000000000001,188.04,138303.7008374308,1.0,0.9999967200000001,0.9999967200000001,137702.84013847142,-186221.92029979033,8231.0,-101714.0,0.5371180000000001,-43.77245800000037,1484.2574999999952,-109945.0,-12.428244109855202,0.1613,0.1613,6.2,138303.7008374308,1.0,1.00006,1.00006,137694.12682554626,-171129.62206812506,5643.0,-93471.0,16.2913,-910.2159000000038,47574.720000000045,-99114.0,11064296.066994464,11064296.066994464
2025-11-07,-13.795978128916452,0.005763000000000001,0.005763000000000001,173.52,136359.9130800683,1.0,0.9999957600000002,0.9999957600000002,138304.2872476087,-190804.29220033885,-2503.0,-104217.0,0.5705370000000001,-14.424788999999906,-4526.272999999998,-101714.0,-12.734090419912304,0.17739999999999997,0.17739999999999997,5.64,136359.9130800683,1.0,1.0005359999999999,1.0005359999999999,138229.60976659594,-176022.83494770256,-2672.0,-96143.0,17.5626,-474.01279999999645,-150488.30999999994,-93471.0,10908793.046405464,10908793.046405464
2025-11-08,-9.98518852216442,0.0056879999999999995,0.0056879999999999995,175.81,136597.88148101832,1.0,1.00000728,1.00000728,136358.9203871279,-136156.95267442815,29848.0,-74369.0,0.574488,-169.77542400000078,781.6275000000065,-104217.0,-9.335011193655198,0.17500000000000002,0.17500000000000002,5.71,136597.88148101832,1.0,0.9992500000000001,0.9992500000000001,136462.25977489946,-127387.672251017,26564.0,-69579.0,17.675,-4648.700000000019,23074.31999999985,-96143.0,10927830.518481465,10927830.518481465
2025-11-09,-9.127369343216555,0.00579,0.00579,172.71,136339.6380446433,1.0,0.9999909,0.9999909,136599.12453305157,-124679.06615731954,6269.0,-68100.0,0.5847899999999999,-36.29750999999976,-758.563799999999,-74369.0,-8.516312700339363,0.1777,0.1777,5.63,136339.6380446433,1.0,1.000451,1.000451,136536.30360809108,-116278.58564749772,6068.0,-63511.0,17.9477,-1078.2836000000093,-18786.32999999997,-69579.0,10907171.043571465,10907171.043571465
2025-11-10,-7.891218702502565,0.005928,0.005928,168.69,135985.3977361433,1.0,0.99999432,0.99999432,136340.41245818607,-107589.20126969516,9335.0,-58765.0,0.598728,-55.33788000000041,-939.7800000000024,-68100.0,-7.564166988186574,0.1818,0.1818,5.5,135985.3977361433,1.0,0.9998999999999999,0.9998999999999999,136353.27337198053,-103139.89291715145,7176.0,-56335.0,18.3618,-1304.5967999999934,-26039.51000000001,-63511.0,10878831.818891464,10878831.818891464
2025-11-11,-6.278136000300713,0.005564,0.005564,179.73,136822.3239468933,1.0,1.00001772,1.00001772,135982.98811759384,-85371.96931295299,12135.0,-46630.0,0.561964,-67.51914000000016,2139.0459999999994,-58765.0,-6.320672664306161,0.17,0.17,5.88,136822.3239468933,1.0,0.9996,0.9996,136039.81366160794,-85986.31314682293,9369.0,-46966.0,17.17,-1592.730000000016,66475.29999999999,-56335.0,10945785.915751465,10945785.915751465
2025-11-12,-7.972701102462655,0.005457999999999999,0.005457999999999999,183.22,136909.7716724183,1.0,1.0000147599999998,1.0000147599999998,136820.30447919923,-109082.73923605878,-12951.0,-59581.0,0.540342,-70.68655799999952,494.2780000000025,-46630.0,-7.78770125305873,0.16820000000000002,0.16820000000000002,5.95,136909.7716724183,1.0,1.00079,1.00079,136714.31963438212,-106469.02783277494,-11187.0,-58153.0,16.6518,-1881.6533999999865,8453.879999999986,-46966.0,10952781.733793465,10952781.733793465
2025-11-13,-9.287165768106052,0.005298000000000001,0.005298000000000001,188.75,137432.01027289333,1.0,0.9999975000000001,0.9999975000000001,136910.11394770315,-127150.69235626076,-9869.0,-69450.0,0.524502,-52.28596200000025,953.2959999999943,-59581.0,-8.598925685030103,0.161,0.161,6.21,137432.01027289333,1.0,0.99981,0.99981,136935.78947241808,-117750.06772942506,-6162.0,-64315.0,15.939000000000002,-992.0819999999975,41870.15999999993,-58153.0,10994560.821831465,10994560.821831465
2025-11-14,-10.735175103194123,0.004984000000000001,0.004984000000000001,200.64,138217.3870573933,1.0,0.9999897600000001,0.9999897600000001,137433.41759108944,-147537.18028707447,-11135.0,-80585.0,0.493416,-55.49683999999987,2180.7300000000027,-69450.0,-10.048606475167308,0.15130000000000002,0.15130000000000002,6.61,138217.3870573933,1.0,1.0000930000000001,1.0000930000000001,137419.23028447686,-138087.17672491015,-11108.0,-75423.0,14.9787,-1680.6404000000098,62385.55000000004,-64315.0,11057390.964591464,11057390.964591464
2025-11-15,-13.085100811712804,0.0050360000000000005,0.0050360000000000005,198.57,137802.94287614332,1.0,0.9999985200000001,0.9999985200000001,138217.5916194289,-180859.1120292378,-18200.0,-98785.0,0.49856400000000006,-91.65519999999972,-419.04200000000304,-80585.0,-12.103715939317434,0.1553,0.1553,6.44,137802.94287614332,1.0,1.000132,1.000132,138199.1447702836,-167272.31913561194,-15941.0,-91364.0,15.374699999999999,-2475.637300000007,-30169.19999999989,-75423.0,11024235.430091465,11024235.430091465
2025-11-16,-13.40830702463781,0.004845,0.004845,206.4,138256.64112520582,1.0,1.000008,1.000008,137801.84046141963,-184768.9385466872,-2135.0,-100920.0,0.479655,-10.344074999999975,1886.7935000000061,-98785.0,-11.875243809157174,0.1515,0.1515,6.6,138256.64112520582,1.0,0.9998999999999999,0.9998999999999999,137816.7245485982,-163660.72049940604,1973.0,-89391.0,15.3015,-298.90950000000083,34718.31999999991,-91364.0,11060531.290016465,11060531.290016465
2025-11-17,-14.5810010779249,0.004663,0.004663,214.45,138965.1847660433,1.0,0.9999803499999999,0.9999803499999999,138259.357921589,-201595.98468878938,-9191.0,-110111.0,0.46163699999999996,-42.85763300000026,1836.7439999999995,-100920.0,-12.318846665393703,0.14529999999999998,0.14529999999999998,6.88,138965.1847660433,1.0,0.9996639999999999,0.9996639999999999,138303.11097049192,-170373.48173924198,-3667.0,-93058.0,14.384699999999999,-532.8151000000024,55422.420000000086,-89391.0,11117214.781283464,11117214.781283464
2025-11-18,-16.027233415491438,0.004752,0.004752,210.44,138878.0776475933,1.0,1.00001088,1.00001088,138963.67284128277,-222720.3220901227,-11538.0,-121649.0,0.47044800000000003,-54.82857599999975,-979.9879000000021,-110111.0,-13.420163870226364,0.1458,0.1458,6.86,138878.0776475933,1.0,1.000188,1.000188,138939.06422196954,-186458.5009834736,-8785.0,-101843.0,14.4342,-1280.8529999999955,-4652.900000000066,-93058.0,11110246.211807463,11110246.211807463
2025-11-19,-15.522424008033052,0.00464,0.00464,215.52,139275.8150875933,1.0,1.0000128000000001,1.0000128000000001,138876.3000309529,-215569.68137472644,3905.0,-117744.0,0.46864,-18.11919999999991,1362.4687999999985,-121649.0,-13.492882830696542,0.1428,0.1428,7.0,139275.8150875933,1.0,0.9996,0.9996,138933.65110803652,-187461.54756416095,-548.0,-102391.0,14.1372,-78.25439999999966,30552.90000000007,-101843.0,11142065.207007464,11142065.207007464
2025-11-20,-15.880815981951972,0.004324000000000001,0.004324000000000001,231.27,139918.2349971433,1.0,1.0000114800000002,1.0000114800000002,139274.2162195911,-221178.81988139165,-3064.0,-120808.0,0.428076,-13.248735999999983,3720.710400000002,-117744.0,-13.874132110462943,0.1381,0.1381,7.24,139918.2349971433,1.0,0.9998440000000001,0.9998440000000001,139297.54550469204,-193263.2548995321,-3169.0,-105560.0,13.6719,-437.63889999999896,48123.76999999988,-102391.0,11193458.799771463,11193458.799771463
2025-11-21,-17.68612575511084,0.004091,0.004091,244.44,140640.6652394683,1.0,1.00000404,1.00000404,139917.6697297576,-247460.15022025577,-14354.0,-135162.0,0.405009,-58.722214000000164,2814.8263999999986,-120808.0,-14.70747489613579,0.1328,0.1328,7.53,140640.6652394683,1.0,0.9999840000000001,0.9999840000000001,139920.4737247229,-205787.68547617894,-6841.0,-112401.0,13.1472,-908.4847999999971,55946.80000000012,-105560.0,11251253.219157463,11251253.219157463
2025-11-22,-19.721799145955437,0.004046,0.004046,247.16,140702.53596559327,1.0,1.00000936,1.00000936,140639.34885516303,-277366.0990139483,-16335.0,-151497.0,0.400554,-66.0914099999999,608.2290000000005,-135162.0,-15.82828893143329,0.1323,0.1323,7.56,140702.53596559327,1.0,1.0001879999999999,1.0001879999999999,140614.22976427263,-222568.2656579854,-9165.0,-121566.0,13.0977,-1212.529500000007,5620.04999999988,-112401.0,11256202.877247462,11256202.877247462
2025-11-23,-20.5420624334618,0.004085,0.004085,244.8,140630.81092265577,1.0,1.000008,1.000008,140701.41035431044,-289029.71559743735,-6371.0,-157868.0,0.40441499999999997,-26.025535000000033,-590.8382999999938,-151497.0,-16.080758330157508,0.13269999999999998,0.13269999999999998,7.54,140630.81092265577,1.0,1.0005579999999998,1.0005579999999998,140624.0677357967,-226134.16486630464,-1948.0,-123514.0,13.1373,-258.49959999999965,-4862.639999999897,-121566.0,11250464.873812461,11250464.873812461
2025-11-24,-19.86601611579796,0.004276,0.004276,233.86,139631.2953836558,1.0,0.9999853600000002,0.9999853600000002,140632.86978786945,-279381.4857616731,5270.0,-152598.0,0.431876,-22.53452000000001,-3015.278800000001,-157868.0,-15.75805175151202,0.1389,0.1389,7.2,139631.2953836558,1.0,1.00008,1.00008,140619.56135774715,-221589.03251502995,2482.0,-121032.0,14.0289,-344.74979999999897,-76578.68000000012,-123514.0,11170503.630692462,11170503.630692462
2025-11-25,-17.33753147987013,0.004218,0.004218,237.08,139172.3012826808,1.0,1.0000034400000002,1.0000034400000002,139630.81505365198,-242085.36515526153,20371.0,-132227.0,0.426018,-85.92487799999999,885.0683999999957,-152598.0,-13.62830193283602,0.1418,0.1418,7.05,139172.3012826808,1.0,0.9996900000000001,0.9996900000000001,139674.59450795324,-190352.75463008267,17062.0,-103970.0,14.3218,-2419.3915999999986,-35099.2799999999,-121032.0,11133784.102614462,11133784.102614462
2025-11-26,-16.48015967071375,0.004356,0.004356,229.57,138123.2694655808,1.0,1.00000692,1.00000692,139171.33821702035,-229356.5875403402,6953.0,-125274.0,0.439956,-30.287268000000186,-1824.7325999999973,-132227.0,-11.910007058453596,0.1495,0.1495,6.69,138123.2694655808,1.0,1.0001550000000001,1.0001550000000001,139150.73291907832,-165728.6211255214,13449.0,-90521.0,15.099499999999999,-2010.6254999999965,-80056.89999999995,-103970.0,11049861.557246462,11049861.557246462
2025-11-27,-14.440261439956998,0.004331,0.004331,230.89,138003.51750856827,1.0,0.9999845899999998,0.9999845899999998,138125.39797796364,-199456.68582999025,16331.0,-108943.0,0.437431,-70.72956100000047,313.1850000000003,-125274.0,-8.925057138319099,0.1502,0.1502,6.66,138003.51750856827,1.0,1.000332,1.000332,138077.4277595646,-123234.89322662416,23210.0,-67311.0,15.1702,-3486.1419999999976,-6336.470000000026,-90521.0,11040281.400685461,11040281.400685461
2025-11-28,-13.623273557992045,0.0041990000000000005,0.0041990000000000005,238.15,138154.23711174328,1.0,0.9999918500000001,0.9999918500000001,138004.64224640257,-188007.4993595568,6254.0,-102689.0,0.424099,-26.26054600000005,1438.047599999999,-108943.0,-7.617221451179228,0.1484,0.1484,6.74,138154.23711174328,1.0,1.000216,1.000216,137973.71518608808,-105097.63430143634,9907.0,-57404.0,14.9884,-1470.1988000000053,12115.979999999981,-67311.0,11052338.96893946,11052338.96893946
2025-11-29,-14.172691032888508,0.0041470000000000005,0.0041470000000000005,241.14,138582.84516200577,1.0,1.0000075800000001,1.0000075800000001,138153.18991056373,-195800.24758103897,-4257.0,-106946.0,0.410553,-17.65377900000005,533.9827999999982,-102689.0,-7.520618804580633,0.14250000000000002,0.14250000000000002,7.02,138582.84516200577,1.0,1.00035,1.00035,138105.90004672692,-103864.18289149478,674.0,-56730.0,14.3925,-96.04500000000004,33868.35999999999,-57404.0,11086627.612960462,11086627.612960462
2025-11-30,-14.556094451791534,0.004143,0.004143,241.37,138947.92269694328,1.0,0.99999591,0.99999591,138583.41196816074,-201723.32340600848,-3235.0,-110181.0,0.410157,-13.402605000000026,42.77840000000123,-106946.0,-8.8942625120392,0.1371,0.1371,7.29,138947.92269694328,1.0,0.999459,0.999459,138657.85906375927,-123325.93978704089,-10630.0,-67360.0,13.5729,-1457.3730000000023,30634.199999999953,-56730.0,11115833.815755462,11115833.815755462
2025-12-01,-14.414895291427335,0.003856,0.003856,259.34,139765.32691009328,1.0,1.0000150399999999,1.0000150399999999,138945.8329516157,-200288.96331776943,783.0,-109398.0,0.389456,-3.0192480000000206,3162.1947000000005,-110181.0,-10.695984841514072,0.1276,0.1276,7.84,139765.32691009328,1.0,1.000384,1.000384,138894.5871754679,-148561.43989971594,-13784.0,-81144.0,12.6324,-1758.8383999999899,63992.00000000007,-67360.0,11181226.152807463,11181226.152807463
2025-12-02,-16.390898595777017,0.004335,0.004335,230.68,138790.7091757183,1.0,0.9999978,0.9999978,139765.63439448894,-229088.4340534513,-15730.0,-125128.0,0.429165,-68.18954999999966,-5240.1642,-109398.0,-13.392644205899437,0.1362,0.1362,7.34,138790.7091757183,1.0,0.9997079999999999,0.9997079999999999,139806.15030598265,-187237.40288445243,-21125.0,-102269.0,13.483799999999999,-2877.2250000000113,-69783.83999999995,-81144.0,11103256.734057464,11103256.734057464
2025-12-03,-11.424731814740875,0.004499,0.004499,222.27,137253.0804822183,1.0,0.9999927300000001,0.9999927300000001,138791.71819150954,-158565.81584450888,38520.0,-86608.0,0.45439900000000005,-173.3014800000012,-2052.0992000000033,-125128.0,-11.576177709457866,0.1478,0.1478,6.77,137253.0804822183,1.0,1.0006059999999999,1.0006059999999999,138706.65294403423,-160569.28639642373,14566.0,-87703.0,14.9278,-2152.8548000000023,-118632.04000000001,-102269.0,10980246.438577464,10980246.438577464
2025-12-04,-8.320378579984304,0.004394,0.004394,227.58,137609.1435095433,1.0,0.9999865200000001,0.9999865200000001,137254.93067868383,-114201.29852161514,24231.0,-62377.0,0.443794,-106.47101400000022,909.3840000000008,-86608.0,-7.285542163361406,0.1441,0.1441,6.94,137609.1435095433,1.0,1.000054,1.000054,137245.66921608063,-99990.9109812508,33088.0,-54615.0,14.5541,-4767.980799999997,32450.10999999993,-87703.0,11008731.480763463,11008731.480763463
2025-12-05,-8.066048285429147,0.004157,0.004157,240.56,138441.1424074933,1.0,1.00000792,1.00000792,137608.05365375834,-110995.32052351395,1752.0,-60625.0,0.41985700000000004,-7.283064000000039,1478.3348999999998,-62377.0,-6.813936518305936,0.13210000000000002,0.13210000000000002,7.57,138441.1424074933,1.0,0.9999970000000002,0.9999970000000002,137609.55633821228,-93766.27812008226,3400.0,-51215.0,13.3421,-449.1399999999981,65537.99999999996,-54615.0,11075291.392599463,11075291.392599463
2025-12-06,-9.91587659386678,0.004138,0.004138,241.66,138287.94523714329,1.0,0.9999890800000001,0.9999890800000001,138442.65420127715,-137278.02743872366,-14356.0,-74981.0,0.40966199999999997,-59.40512800000044,115.18750000000078,-60625.0,-9.316556985554596,0.134,0.134,7.46,138287.94523714329,1.0,0.9996400000000001,0.9996400000000001,138490.99916719345,-129025.92857275519,-19259.0,-70474.0,13.266,-2580.7060000000065,-9730.849999999975,-51215.0,11063035.618971463,11063035.618971463
2025-12-07,-10.737933971256792,0.0041730000000000005,0.0041730000000000005,239.64,138200.0573352433,1.0,1.00001772,1.00001772,138285.4948181751,-148490.05125401373,-6124.0,-81105.0,0.413127,-25.555451999999892,-262.4335000000002,-74981.0,-9.719389305982697,0.1349,0.1349,7.41,138200.0573352433,1.0,0.999609,0.999609,138342.03697359996,-134460.01147290703,-2968.0,-73442.0,13.3551,-400.38320000000004,-6342.65999999999,-70474.0,11056004.586819462,11056004.586819462
2025-12-08,-10.555794024304896,0.004328,0.004328,231.05,138043.5190280933,1.0,0.9999844000000001,0.9999844000000001,138202.21328977062,-145883.40971898712,1424.0,-79681.0,0.437128,-6.163071999999998,-1257.1275000000012,-81105.0,-9.49107959539404,0.13640000000000002,0.13640000000000002,7.33,138043.5190280933,1.0,0.9998120000000001,0.9998120000000001,138226.0438314836,-131191.43841610366,1785.0,-71657.0,13.7764,-243.47400000000013,-11016.300000000027,-73442.0,11043481.522247462,11043481.522247462
2025-12-09,-8.66172350136605,0.004697,0.004697,212.9,137136.9881757933,1.0,0.9999913,0.9999913,138044.72001715744,-119570.51956121088,14372.0,-65309.0,0.474397,-67.5052840000001,-2940.228899999999,-79681.0,-8.846928218092312,0.146,0.146,6.85,137136.9881757933,1.0,1.0001,1.0001,138029.71605648764,-122113.898991541,4959.0,-66698.0,14.746,-724.014000000004,-68790.71999999993,-71657.0,10970959.054063462,10970959.054063462
2025-12-10,-3.814345955664476,0.004536,0.004536,220.46,137511.45532869326,1.0,1.00000656,1.00000656,137136.0885630523,-52308.448478612394,36738.0,-28571.0,0.458136,-166.64356799999942,1051.4749000000002,-65309.0,-5.491538422940902,0.1411,0.1411,7.09,137511.45532869326,1.0,1.000399,1.000399,137082.29234114918,-75279.26754962381,25581.0,-41117.0,14.2511,-3609.4790999999946,32682.020000000015,-66698.0,11000916.426295461,11000916.426295461
2025-12-11,-3.8280866452186126,0.004255,0.004255,235.02,137873.42468050576,1.0,1.0000101000000001,1.0000101000000001,137510.06647702184,-52640.044906381096,-181.0,-28752.0,0.421245,-0.7701550000000016,802.8451000000003,-28571.0,-5.686724261566203,0.1342,0.1342,7.45,137873.42468050576,1.0,0.9997900000000002,0.9997900000000002,137540.3387998412,-78215.39815970924,-1604.0,-42721.0,13.2858,-215.2567999999998,28370.729999999978,-41117.0,11029873.974440461,11029873.974440461
2025-12-12,-6.412266936926492,0.004091,0.004091,244.44,138025.90383080576,1.0,1.00000404,1.00000404,137872.86767412035,-88407.76308860033,-19536.0,-48288.0,0.405009,-79.92177600000022,471.53279999999916,-28752.0,-7.558892676657406,0.131,0.131,7.63,138025.90383080576,1.0,0.99953,0.99953,137938.25566066627,-104266.04705443073,-14229.0,-56950.0,12.969,-1863.9990000000032,13670.720000000012,-42721.0,11042072.306464462,11042072.306464462
2025-12-13,-8.87083027158167,0.004105,0.004105,243.61,137812.56076161828,1.0,1.0000190500000001,1.0000190500000001,138023.27448742677,-122438.10415058913,-18587.0,-66875.0,0.40639499999999995,-76.29963500000046,-67.60319999999791,-48288.0,-9.089576646172276,0.13369999999999999,0.13369999999999999,7.48,137812.56076161828,1.0,1.000076,1.000076,138015.41465929165,-125450.16898988801,-11571.0,-68521.0,13.2363,-1547.0426999999916,-15376.499999999976,-56950.0,11025004.860929461,11025004.860929461
2025-12-14,-9.56945783764704,0.0039629999999999995,0.0039629999999999995,252.33,138239.14294469327,1.0,0.9999837899999999,0.9999837899999999,137814.79473944101,-131881.28676630618,-5158.0,-72033.0,0.392337,-20.44115399999997,949.6249999999993,-66875.0,-8.708732637269456,0.1288,0.1288,7.76,138239.14294469327,1.0,0.9994879999999999,0.9994879999999999,137883.15693797055,-120078.75489554505,2934.0,-65587.0,13.0088,-377.89920000000006,33575.28999999989,-68521.0,11059131.435575461,11059131.435575461
2025-12-15,-11.043555932368248,0.003882,0.003882,257.6,138675.10389014328,1.0,1.0000032,1.0000032,138238.7005808514,-152664.68218825394,-11352.0,-83385.0,0.384318,-44.06846399999996,583.4672999999997,-72033.0,-9.840383889440698,0.1234,0.1234,8.1,138675.10389014328,1.0,0.9995399999999999,0.9995399999999999,138302.76221531234,-136095.22731687073,-8748.0,-74335.0,12.2166,-1079.5032000000015,35416.98000000006,-65587.0,11094008.311211461,11094008.311211461
2025-12-16,-12.257198480848064,0.0038590000000000005,0.0038590000000000005,259.13,138646.52036611826,1.0,0.9999826700000001,0.9999826700000001,138677.50717134256,-169979.77302283765,-9458.0,-92843.0,0.382041,-36.49842200000001,191.7854999999974,-83385.0,-11.633876392158069,0.1235,0.1235,8.1,138646.52036611826,1.0,1.0003499999999999,1.0003499999999999,138626.58458553837,-161276.45497351984,-13754.0,-88089.0,12.2265,-1698.6189999999992,-743.3499999999841,-74335.0,11091721.629289461,11091721.629289461
2025-12-17,-12.757186409050677,0.003673,0.003673,272.26,139190.92871021826,1.0,1.0000109799999999,1.0000109799999999,138644.99804403976,-176872.00847302817,-3764.0,-96607.0,0.36362700000000003,-13.825171999999931,1726.8798000000006,-92843.0,-12.118517415461612,0.1187,0.1187,8.42,139190.92871021826,1.0,0.999454,0.999454,138722.26272156424,-168110.81567035176,-3733.0,-91822.0,11.751299999999999,-443.10710000000176,42282.72000000004,-88089.0,11135274.296817461,11135274.296817461
2025-12-18,-14.438981249617491,0.0035139999999999998,0.0035139999999999998,284.58,139688.11793884326,1.0,1.00001412,1.00001412,139188.9633620556,-200974.6832138417,-13165.0,-109772.0,0.347886,-46.261810000000224,1536.0513000000024,-96607.0,-13.45339731702235,0.1144,0.1144,8.74,139688.11793884326,1.0,0.9998560000000001,0.9998560000000001,139210.97509063128,-187286.05587843643,-10473.0,-102295.0,11.3256,-1198.1111999999982,39483.45999999998,-91822.0,11175049.43510746,11175049.43510746
2025-12-19,-16.37159312421064,0.003767,0.003767,265.46,138585.72067200576,1.0,0.9999878199999999,0.9999878199999999,139689.8193608431,-228694.4886170205,-15141.0,-124913.0,0.37293299999999996,-57.036147000000305,-2777.2315999999987,-109772.0,-14.991141043607165,0.1226,0.1226,8.16,138585.72067200576,1.0,1.000416,1.000416,139630.0318455955,-209321.35013206824,-12036.0,-114331.0,12.1374,-1475.613600000003,-83881.90000000002,-102295.0,11086857.653760461,11086857.653760461
2025-12-20,-13.429759091441522,0.0037300000000000002,0.0037300000000000002,268.1,138627.07649438077,1.0,1.000013,1.000013,138583.9190810577,-186114.8647206431,23257.0,-101656.0,0.37673,-86.74861000000026,462.17809999999764,-124913.0,-12.09238311178671,0.12210000000000001,0.12210000000000001,8.19,138627.07649438077,1.0,0.9999990000000001,0.9999990000000001,138585.859257865,-167583.33040222566,22797.0,-91534.0,12.3321,-2783.5136999999922,5716.549999999878,-114331.0,11090166.119550461,11090166.119550461
2025-12-21,-12.751035289143864,0.0036620000000000003,0.0036620000000000003,273.07,138705.23856723076,1.0,0.9999823400000001,0.9999823400000001,138629.52469178682,-176766.99614622144,5106.0,-96550.0,0.369862,-18.698171999999992,691.2607999999972,-101656.0,-11.192939060924516,0.12140000000000001,0.12140000000000001,8.24,138705.23856723076,1.0,1.0003360000000001,1.0003360000000001,138580.51344186428,-155112.32419864176,6812.0,-84722.0,12.2614,-826.9767999999966,6407.380000000026,-91534.0,11096419.08537846,11096419.08537846
2025-12-22,-12.994378595373597,0.003711,0.003711,269.47,138399.33013653077,1.0,1.00000317,1.00000317,138704.79887301833,-180238.26695511493,-1896.0,-98446.0,0.36738899999999997,-7.036056000000038,-473.0949999999961,-96550.0,-10.893470149589536,0.1242,0.1242,8.05,138399.33013653077,1.0,0.9998100000000001,0.9998100000000001,138731.5975707692,-151126.85169420423,2177.0,-82545.0,12.5442,-270.38340000000017,-23722.159999999945,-84722.0,11071946.41092246,11071946.41092246
2025-12-23,-12.268499506031626,0.003628,0.003628,275.63,138641.44102048076,1.0,0.99998564,0.99998564,138401.31757945122,-169797.64963576235,5703.0,-92743.0,0.36642800000000003,-20.690484000000115,817.1017999999974,-98446.0,-9.574420635047987,0.1218,0.1218,8.21,138641.44102048076,1.0,0.9999780000000001,0.9999780000000001,138402.3749887805,-132512.25550322296,10167.0,-72378.0,12.3018,-1238.3406000000036,19810.800000000017,-82545.0,11091315.28163846,11091315.28163846
2025-12-24,-12.721576366618743,0.0035659999999999997,0.0035659999999999997,280.43,138718.25713415575,1.0,1.00001338,1.00001338,138639.5860228198,-176371.40810257106,-3591.0,-96334.0,0.35303399999999996,-12.80550600000005,575.0066000000036,-92743.0,-9.778680117233874,0.121,0.121,8.26,138718.25713415575,1.0,0.9994599999999999,0.9994599999999999,138716.34784831887,-135646.27926396535,-1712.0,-74090.0,11.979,-207.15200000000075,5790.240000000005,-72378.0,11097460.57073246,11097460.57073246
2025-12-25,-13.294740042682948,0.003434,0.003434,291.21,138740.57859710575,1.0,1.00001514,1.00001514,138716.15697153923,-184419.5246656616,-4396.0,-100730.0,0.339966,-15.095863999999967,1271.608799999999,-96334.0,-10.008075622771443,0.12090000000000001,0.12090000000000001,8.27,138740.57859710575,1.0,0.999843,0.999843,138740.03932032903,-138852.08054241366,-1751.0,-75841.0,11.9691,-211.6959000000012,740.8999999999842,-74090.0,11099246.287768459,11099246.287768459
2025-12-26,-14.657362913734532,0.0034960000000000004,0.0034960000000000004,286.04,138495.15181680574,1.0,0.9999958400000002,0.9999958400000002,138741.15576031368,-203357.9471049888,-10344.0,-111074.0,0.346104,-36.162623999999994,-624.5260000000039,-100730.0,-9.989401622815404,0.1234,0.1234,8.1,138495.15181680574,1.0,0.9995399999999999,0.9995399999999999,138804.42863427754,-138657.3184653217,107.0,-75734.0,12.4634,-13.203800000000019,-18960.25,-75841.0,11079612.145344459,11079612.145344459
2025-12-27,-14.05770555496861,0.0037,0.0037,270.27,138121.22179305574,1.0,0.999999,0.999999,138495.29031209604,-194692.60119573429,4733.0,-106341.0,0.3737,-17.51209999999991,-2265.909599999997,-111074.0,-8.840443216888898,0.12689999999999999,0.12689999999999999,7.88,138121.22179305574,1.0,0.9999719999999999,0.9999719999999999,138499.02978963987,-122439.28084495154,8858.0,-66876.0,12.8169,-1124.080200000008,-26506.899999999972,-75734.0,11049697.743444458,11049697.743444458
2025-12-28,-10.796434322106435,0.0036880000000000003,0.0036880000000000003,271.15,138139.88543295572,1.0,1.0000012,1.0000012,138121.05604778847,-149121.491011993,24891.0,-81450.0,0.37248800000000004,-91.7980080000006,127.60919999999776,-106341.0,-6.885052852559594,0.1264,0.1264,7.91,138139.88543295572,1.0,0.9998240000000002,0.9998240000000002,138145.5354072874,-95113.93126243165,14925.0,-51951.0,12.7664,-1886.5200000000043,3343.799999999929,-66876.0,11051190.834636457,11051190.834636457
2025-12-29,-9.696282960993596,0.0035320000000000004,0.0035320000000000004,283.13,138317.89194530572,1.0,1.00001516,1.00001516,138137.79126404016,-133942.31117028027,8291.0,-73159.0,0.356732,-29.28381199999983,1270.6200000000001,-81450.0,-6.3433441693165245,0.12380000000000001,0.12380000000000001,8.08,138317.89194530572,1.0,1.000304,1.000304,138097.90367023996,-87600.25320414516,4104.0,-47847.0,12.5038,-508.0751999999969,13507.25999999999,-51951.0,11065431.355624458,11065431.355624458
2025-12-30,-10.999075373053408,0.0035139999999999998,0.0035139999999999998,284.58,138190.0930700807,1.0,1.00001412,1.00001412,138315.93892424813,-152134.7437522457,-9937.0,-83096.0,0.347886,-34.91861800000017,131.68620000000175,-73159.0,-7.1244469538612325,0.1258,0.1258,7.95,138190.0930700807,1.0,1.00011,1.00011,138302.67865065412,-98533.00976235016,-5972.0,-53819.0,12.4542,-751.2775999999994,-9569.399999999967,-47847.0,11055207.445606457,11055207.445606457
2025-12-31,-11.527189299198191,0.0033350000000000003,0.0033350000000000003,299.85,138376.1257119557,1.0,0.9999997500000002,0.9999997500000002,138190.1276176126,-159294.37603285763,-3910.0,-87006.0,0.33016500000000004,-13.039849999999909,1487.4183999999975,-83096.0,-6.503965373101445,0.1232,0.1232,8.12,138376.1257119557,1.0,1.000384,1.000384,138137.04844347842,-89843.85798188204,4746.0,-49073.0,12.443200000000001,-584.707200000003,13992.939999999988,-53819.0,11070090.056956457,11070090.056956457
2026-01-01,-13.590349501808724,0.003565,0.003565,280.5,137560.80268264323,1.0,0.9999825,0.9999825,138378.5473365341,-188061.2821856081,-15713.0,-102719.0,0.352935,-56.01684499999976,-2001.137999999997,-87006.0,-7.318002249885567,0.1359,0.1359,7.36,137560.80268264323,1.0,1.000224,1.000224,138345.1364014018,-101241.0019446184,-6225.0,-55298.0,13.4541,-845.9774999999967,-62322.70999999998,-49073.0,11004864.214611458,11004864.214611458
2026-01-02,-10.766676562582532,0.003948999999999999,0.003948999999999999,253.23,137278.25649230572,1.0,1.0000052699999997,1.0000052699999997,137560.07774103357,-148106.4864961417,21823.0,-80896.0,0.39884899999999995,-86.17902699999956,-3944.409599999999,-102719.0,-1.7225054974059444,0.13820000000000002,0.13820000000000002,7.24,137278.25649230572,1.0,1.0005680000000001,1.0005680000000001,137482.71250194212,-23681.472808287628,42363.0,-12935.0,13.9582,-5854.5665999999765,-12718.540000000023,-55298.0,10982260.519384457,10982260.519384457
2026-01-03,-4.117953807373291,0.0038929999999999998,0.0038929999999999998,256.87,137221.22671271823,1.0,0.99999491,0.99999491,137278.95524218792,-56530.839641179526,50019.0,-30877.0,0.39319299999999996,-194.723966999999,453.0175999999995,-80896.0,0.7744601934657018,0.1399,0.1399,7.15,137221.22671271823,1.0,1.000285,1.000285,137239.1433364548,10628.625349941798,18740.0,5805.0,14.129900000000001,-2621.726000000015,-2198.949999999999,-12935.0,10977698.137017457,10977698.137017457
2026-01-04,-2.8139869884119766,0.004007,0.004007,249.56,137215.67320894322,1.0,0.99998692,0.99998692,137223.02158984062,-38614.379726438725,9786.0,-21091.0,0.404707,-39.21250199999983,-351.99780000000067,-30877.0,2.238159494983286,0.14250000000000002,0.14250000000000002,7.02,137215.67320894322,1.0,1.00035,1.00035,137173.21608708773,30701.553604270943,10964.0,16769.0,14.3925,-1562.3700000000008,1509.2999999999988,5805.0,10977253.856715458,10977253.856715458
2026-01-05,-0.948561614086202,0.0042109999999999995,0.0042109999999999995,237.47,137232.36959516825,1.0,0.9999861699999999,0.9999861699999999,137217.57092794916,-13015.932056040336,13982.0,-7109.0,0.425311,-58.878202000000286,-430.2563999999995,-21091.0,3.6490615933613455,0.1445,0.1445,6.92,137232.36959516825,1.0,0.9999399999999999,0.9999399999999999,137223.90664334182,50073.84874232214,10581.0,27350.0,14.5945,-1528.9545000000078,3353.799999999988,16769.0,10978589.567613458,10978589.567613458
2026-01-06,2.1195863306619898,0.004194,0.004194,238.44,137263.68666361822,1.0,1.00001736,1.00001736,137229.98728258902,29087.080520109437,22996.0,15887.0,0.423594,-96.4452240000007,12.085299999999853,-7109.0,4.779157641184626,0.1459,0.1459,6.85,137263.68666361822,1.0,0.9994149999999999,0.9994149999999999,137312.69752321934,65623.9027599767,8494.0,35844.0,14.735899999999999,-1239.2745999999936,3829.0000000000155,27350.0,10981094.933089457,10981094.933089457
2026-01-07,2.8475277334382256,0.004022,0.004022,248.63,137034.83488781823,1.0,0.9999898600000001,0.9999898600000001,137265.0785315145,39086.61179510636,5462.0,21349.0,0.406222,-21.96816400000014,-273.25639999999987,15887.0,5.546759547813686,0.1411,0.1411,7.09,137034.83488781823,1.0,1.000399,1.000399,137208.94029643995,76106.49996346762,5725.0,41569.0,14.2511,-807.7974999999988,-17205.120000000014,35844.0,10962786.791025458,10962786.791025458
2026-01-08,0.7001389050360768,0.003956,0.003956,252.78,136889.86104901822,1.0,0.9999976800000001,0.9999976800000001,137035.15280937272,9594.364183940568,-16109.0,5240.0,0.391644,-63.72720400000024,-140.9033999999999,21349.0,3.3917293960970465,0.1389,0.1389,7.2,136889.86104901822,1.0,1.00008,1.00008,137023.87297797998,46474.78979464824,-16185.0,25384.0,13.751100000000001,-2248.0964999999933,-9145.179999999953,41569.0,10951188.883921457,10951188.883921457
2026-01-09,-1.0458342969125456,0.003914,0.003914,255.49,136832.5415072682,1.0,0.9999878600000001,0.9999878600000001,136891.52291210636,-14316.584961807039,-13060.0,-7820.0,0.387486,-51.11684000000037,-22.007999999999903,5240.0,1.4801094277637024,0.1379,0.1379,7.25,136832.5415072682,1.0,0.999775,0.999775,136920.66819936308,20265.757185758303,-14315.0,11069.0,13.652099999999999,-1974.038500000002,-2538.400000000036,25384.0,10946603.320581457,10946603.320581457
2026-01-10,-2.337110781388893,0.003886,0.003886,257.33,136808.8254067432,1.0,0.99998438,0.99998438,136834.6788649521,-31979.78032431664,-9647.0,-17467.0,0.384714,-37.48824200000001,21.896000000000193,-7820.0,0.187676088863317,0.1374,0.1374,7.28,136808.8254067432,1.0,1.000272,1.000272,136795.33317664414,2567.321310534692,-9667.0,1402.0,13.6026,-1328.2457999999954,-553.4499999999882,11069.0,10944706.032539457,10944706.032539457
2026-01-11,-3.2502087161205684,0.00391,0.00391,255.75,136796.89954536821,1.0,0.9999825000000001,0.9999825000000001,136811.21960308624,-44466.501841703604,-6821.0,-24288.0,0.38709,-26.670110000000168,-41.920800000000234,-17467.0,-0.6225523323799216,0.13699999999999998,0.13699999999999998,7.3,136796.89954536821,1.0,1.0000999999999998,1.0000999999999998,136795.14589215402,-8516.213713341214,-6054.0,-4652.0,13.562999999999999,-829.3980000000028,-56.08000000000129,1402.0,10943751.963629456,10943751.963629456
2026-01-12,-3.2794449661027185,0.003862,0.003862,258.93,136801.17262046822,1.0,0.9999876600000001,0.9999876600000001,136798.58763993968,-44862.343960576174,-216.0,-24504.0,0.382338,-0.8341919999999949,116.58240000000065,-24288.0,-1.1810578038067174,0.1353,0.1353,7.39,136801.17262046822,1.0,0.999867,0.999867,136815.09595313,-16158.653675400903,-4174.0,-8826.0,13.394699999999998,-564.7422000000035,790.8399999999997,-4652.0,10944093.809637457,10944093.809637457
2026-01-13,-3.9801012269915206,0.004218,0.004218,237.08,136640.67348134323,1.0,1.0000034400000002,1.0000034400000002,136800.70202605322,-54448.064198719585,-5235.0,-29739.0,0.417582,-22.081229999999998,-872.3424000000005,-24504.0,-2.249989746470748,0.1475,0.1475,6.78,136640.67348134323,1.0,1.0000499999999999,1.0000499999999999,136794.33290382306,-30778.584640890796,-7985.0,-16811.0,14.6025,-1177.7875000000067,-10767.720000000005,-8826.0,10931253.878507458,10931253.878507458
2026-01-14,0.8543768869521137,0.004143,0.004143,241.37,136603.1541070307,1.0,0.99999591,0.99999591,136641.23234398352,11674.31107193531,36115.0,6376.0,0.418443,-149.6244450000003,223.0425000000002,-29739.0,2.8839858254845945,0.146,0.146,6.85,136603.1541070307,1.0,1.0001,1.0001,136627.0107802652,39403.03624686158,38333.0,21522.0,14.746,-5596.61800000003,2521.650000000006,-16811.0,10928252.328562457,10928252.328562457
2026-01-15,1.3566616809774483,0.003936,0.003936,254.07,136379.00105383073,1.0,1.00001952,1.00001952,136600.4876655115,18532.0647218632,3746.0,10122.0,0.397536,-14.744255999999982,-131.98319999999998,6376.0,3.854915077361068,0.13820000000000002,0.13820000000000002,7.24,136379.00105383073,1.0,1.0005680000000001,1.0005680000000001,136525.60756193553,52629.46230363855,7224.0,28746.0,13.9582,-998.3567999999959,-16787.159999999985,21522.0,10910320.084306458,10910320.084306458
2026-01-16,-1.2869360302298247,0.003955,0.003955,252.84,136254.36309764322,1.0,0.9999822,0.9999822,136381.42864326056,-17551.417437522985,-19709.0,-9587.0,0.39154500000000003,-77.94909499999973,19.231800000000128,10122.0,0.598616835772646,0.1359,0.1359,7.36,136254.36309764322,1.0,1.000224,1.000224,136348.45899901495,8162.048308846669,-24288.0,4458.0,13.4541,-3300.7391999999872,-6611.580000000013,28746.0,10900349.047811458,10900349.047811458
2026-01-17,-2.015270384325284,0.003973,0.003973,251.7,136235.47685385574,1.0,1.0000041,1.0000041,136253.80445704496,-27458.82568739311,-5411.0,-14998.0,0.393327,-21.497903000000022,-17.256599999999697,-9587.0,-1.5360988853666555,0.1375,0.1375,7.27,136235.47685385574,1.0,0.999625,0.999625,136305.47765176263,-20937.869229024214,-15894.0,-11436.0,13.6125,-2185.424999999989,713.2800000000007,4458.0,10898838.148308458,10898838.148308458
2026-01-18,-2.060622200264824,0.0037580000000000005,0.0037580000000000005,266.1,136348.43893723073,1.0,1.0000038000000002,1.0000038000000002,136234.9591610109,-28072.878129935067,-335.0,-15333.0,0.37204200000000004,-1.2589299999999946,322.4569999999995,-14998.0,-1.629133757774312,0.1298,0.1298,7.7,136348.43893723073,1.0,0.99946,0.99946,136309.08375908565,-22206.572984321265,-693.0,-12129.0,12.850200000000001,-89.95139999999964,8805.719999999996,-11436.0,10907875.114978459,10907875.114978459
2026-01-19,-4.8763834948435445,0.003703,0.003703,270.05,136347.27327786825,1.0,0.99999515,0.99999515,136349.10023036684,-66489.0501900129,-20983.0,-36316.0,0.366597,-77.70004900000025,84.33150000000008,-15333.0,-4.80241455282807,0.1274,0.1274,7.85,136347.27327786825,1.0,1.0000900000000001,1.0000900000000001,136336.16868204932,-65474.28005554962,-23633.0,-35762.0,12.6126,-3010.8441999999936,2910.9600000000028,-12129.0,10907781.862229459,10907781.862229459
2026-01-20,-6.615265784543078,0.003507,0.003507,285.14,136622.45622849325,1.0,0.9999859799999999,0.9999859799999999,136349.18489344046,-90198.60975759145,-12950.0,-49266.0,0.34719300000000003,-45.41564999999977,711.7936000000002,-36316.0,-6.907901753089167,0.12090000000000001,0.12090000000000001,8.27,136622.45622849325,1.0,0.999843,0.999843,136368.68316112456,-94202.14654751934,-15691.0,-51453.0,11.9691,-1897.0419000000106,23245.300000000014,-35762.0,10929796.49827946,10929796.49827946
2026-01-21,-9.523575717490475,0.003659,0.003659,273.3,136364.28406025574,1.0,1.0000047,1.0000047,136621.81410596694,-130112.81912990843,-21801.0,-71067.0,0.362241,-79.76985900000051,-748.8431999999996,-49266.0,-9.963583433756757,0.1242,0.1242,8.05,136364.28406025574,1.0,0.9998100000000001,0.9998100000000001,136648.4194281846,-136150.7928063705,-22912.0,-74365.0,12.2958,-2845.670400000002,-16979.490000000005,-51453.0,10909142.72482046,10909142.72482046
2026-01-22,-8.176198986839857,0.003594,0.003594,278.24,136567.71998668075,1.0,0.99999456,0.99999456,136365.02588599655,-111494.75864894761,10169.0,-60898.0,0.362994,-36.54738599999986,461.9355000000004,-71067.0,-9.425880114668123,0.122,0.122,8.2,136567.71998668075,1.0,1.0004,1.0004,136309.76015619328,-128483.94576914437,4187.0,-70178.0,12.322,-510.8139999999995,16360.300000000048,-74365.0,10925417.598934459,10925417.598934459
2026-01-23,-8.475890671417488,0.003602,0.003602,277.62,136621.99521350575,1.0,0.99998724,0.99998724,136569.46261302367,-115754.7834162227,-2327.0,-63225.0,0.356598,-8.381853999999986,-48.718400000001395,-60898.0,-9.97062830398214,0.1213,0.1213,8.24,136621.99521350575,1.0,0.9995120000000001,0.9995120000000001,136634.3975726962,-136233.07917358735,-4232.0,-74410.0,12.008700000000001,-513.341599999999,4912.459999999895,-70178.0,10929759.61708046,10929759.61708046
2026-01-24,-8.301229013706669,0.0035830000000000002,0.0035830000000000002,279.1,136694.68786050574,1.0,1.0000153,1.0000153,136619.90492896034,-113411.31186461324,1280.0,-61945.0,0.361883,-4.586240000000004,120.12750000000081,-63225.0,-10.254250572552706,0.12050000000000001,0.12050000000000001,8.3,136694.68786050574,1.0,1.00015,1.00015,136601.50498775757,-140074.60607322742,-2099.0,-76509.0,11.9295,-252.92949999999965,5952.800000000006,-74410.0,10935575.02884046,10935575.02884046
2026-01-25,-8.337158648500026,0.0033910000000000004,0.0033910000000000004,294.9,137242.64312698075,1.0,1.0000059000000001,1.0000059000000001,136693.88136660567,-113963.85752326329,-302.0,-62247.0,0.33570900000000004,-1.0240819999999933,1189.3439999999996,-61945.0,-10.472948978936191,0.1149,0.1149,8.7,137242.64312698075,1.0,0.9996299999999999,0.9996299999999999,136745.28361544348,-143212.63784146987,-1714.0,-78223.0,11.3751,-196.93860000000078,42845.04000000004,-76509.0,10979411.45015846,10979411.45015846
2026-01-26,-10.59857315527092,0.0035210000000000003,0.0035210000000000003,284.01,136984.41252145576,1.0,0.99999921,0.99999921,137242.75154875446,-145457.73423201454,-17202.0,-79449.0,0.348579,-60.568241999999934,-809.2110000000007,-62247.0,-12.477409402751732,0.11720000000000001,0.11720000000000001,8.53,136984.41252145576,1.0,0.999716,0.999716,137281.63111021605,-171291.91148397044,-15336.0,-93559.0,11.6028,-1797.3792000000064,-17991.290000000034,-78223.0,10958753.00171646,10958753.00171646
2026-01-27,-9.209092952649552,0.003608,0.003608,277.16,136477.17562070576,1.0,0.9999932800000001,0.9999932800000001,136985.33306289391,-126151.06653258481,10545.0,-68904.0,0.364408,-38.04636,-691.2062999999988,-79449.0,-11.897445968744494,0.12140000000000001,0.12140000000000001,8.24,136477.17562070576,1.0,1.0003360000000001,1.0003360000000001,136938.40121864626,-162921.7229545099,4571.0,-88988.0,12.2614,-554.9193999999977,-39294.77999999999,-93559.0,10918174.04965646,10918174.04965646
2026-01-28,-7.222428726162401,0.0035830000000000002,0.0035830000000000002,279.1,136525.79894348077,1.0,1.0000153,1.0000153,136475.08755186622,-98568.15927401274,15066.0,-53838.0,0.361883,-53.981478000000045,172.26000000000016,-68904.0,-9.211828117213187,0.1207,0.1207,8.29,136525.79894348077,1.0,1.000603,1.000603,136394.9294782304,-125644.66464128725,20361.0,-68627.0,12.1907,-2457.572699999987,6229.160000000025,-88988.0,10922063.91547846,10922063.91547846
2026-01-29,-6.762394077017505,0.003347,0.003347,298.78,137417.36094893076,1.0,1.00001666,1.00001666,136523.52446156324,-92322.58731924297,3412.0,-50426.0,0.338047,-11.419963999999961,1270.5768000000005,-53838.0,-8.451799964233546,0.1104,0.1104,9.06,137417.36094893076,1.0,1.000224,1.000224,136495.22401330178,-115363.03294336738,5616.0,-63011.0,11.1504,-620.0064000000016,70685.81000000008,-68627.0,10993388.87591446,10993388.87591446
2026-01-30,-9.47989184657392,0.003208,0.003208,311.72,137527.42343238075,1.0,0.9999977600000001,0.9999977600000001,137417.66876450877,-130270.46376958625,-20728.0,-71154.0,0.317592,-66.49542399999976,700.9214000000012,-50426.0,-11.510331304761957,0.10869999999999999,0.10869999999999999,9.2,137527.42343238075,1.0,1.0000399999999998,1.0000399999999998,137411.8644743518,-158165.6085304839,-23379.0,-86390.0,10.761299999999999,-2541.297300000016,10711.869999999995,-63011.0,11002193.87459046,11002193.87459046
2026-01-31,-12.25252287229818,0.0029360000000000002,0.0029360000000000002,340.6,138342.02098628075,1.0,1.0000016,1.0000016,137527.20338885533,-168505.52050851536,-20883.0,-92037.0,0.29066400000000003,-61.31248799999988,1935.388799999996,-71154.0,-13.4703671445092,0.1012,0.1012,9.88,138342.02098628075,1.0,0.9998560000000001,0.9998560000000001,137547.23023353436,-185281.1690956044,-14810.0,-101200.0,10.018799999999999,-1498.7720000000058,64792.5,-86390.0,11067361.67890246,11067361.67890246
2026-02-01,-15.799321712949585,0.002858,0.002858,349.9,138588.44372063075,1.0,1.0000141999999999,1.0000141999999999,138340.05655747766,-218567.90593392303,-27344.0,-119381.0,0.28294199999999997,-78.14915200000074,717.8886000000027,-92037.0,-16.30013040053865,0.09910000000000001,0.09910000000000001,10.09,138588.44372063075,1.0,0.9999190000000001,0.9999190000000001,138353.22759771615,-225517.56511781755,-21977.0,-123177.0,9.8109,-2177.920699999999,21251.999999999905,-101200.0,11087075.49765046,11087075.49765046
2026-02-02,-17.71617610230067,0.0029909999999999997,0.0029909999999999997,334.34,138196.16603071825,1.0,1.00001094,1.00001094,138586.92757964303,-245523.0414477745,-14723.0,-134104.0,0.29610899999999996,-44.03649300000031,-1587.7672999999975,-119381.0,-18.11851956922488,0.1014,0.1014,9.86,138196.16603071825,1.0,0.999804,0.999804,138615.61238065735,-251150.9685519031,-14001.0,-137178.0,10.0386,-1419.701399999999,-28330.710000000054,-123177.0,11055693.28245746,11055693.28245746
2026-02-03,-16.33045869788602,0.0029170000000000003,0.0029170000000000003,342.82,138559.67454639325,1.0,1.00000594,1.00000594,138195.34515036803,-225679.33762181882,10838.0,-123266.0,0.294617,-31.614446000000033,992.3695999999949,-134104.0,-17.255528906765438,0.0993,0.0993,10.07,138559.67454639325,1.0,0.999951,0.999951,138202.937974679,-238476.47912219842,6923.0,-130255.0,10.0293,-687.4538999999966,28807.380000000117,-137178.0,11084773.96371146,11084773.96371146
2026-02-04,-16.423803577471038,0.002864,0.002864,349.16,138907.38690329326,1.0,0.99999424,0.99999424,138560.47265471573,-227568.99864825985,-1032.0,-124298.0,0.283536,-2.955647999999977,653.3098000000033,-123266.0,-17.468358161243444,0.09720000000000001,0.09720000000000001,10.29,138907.38690329326,1.0,1.000188,1.000188,138533.63022391114,-241995.50701285395,-1923.0,-132178.0,9.6228,-186.91560000000163,27353.54999999988,-130255.0,11112590.95226346,11112590.95226346
2026-02-05,-16.851741992263623,0.002455,0.002455,407.33,141278.82638966825,1.0,0.99999515,0.99999515,138908.0606073872,-234084.2798001407,-3558.0,-127856.0,0.24304499999999998,-8.734890000000044,5083.788199999999,-124298.0,-18.070591200520404,0.08320000000000001,0.08320000000000001,12.02,141278.82638966825,1.0,1.000064,1.000064,138898.49739945968,-250997.79648721823,-4917.0,-137095.0,8.2368,-409.09439999999864,185049.20000000004,-132178.0,11302306.11117346,11302306.11117346
2026-02-06,-19.02728886179725,0.002762,0.002762,362.06,139568.01442494325,1.0,1.00000972,1.00000972,141277.4531728234,-268812.69111783453,-18969.0,-146825.0,0.273438,-52.392377999999745,-3925.1792000000005,-127856.0,-19.55578100668672,0.0928,0.0928,10.78,139568.01442494325,1.0,1.000384,1.000384,141224.59614474868,-276175.72749644786,-13752.0,-150847.0,9.187199999999999,-1276.185600000006,-131611.19999999987,-137095.0,11165441.15399546,11165441.15399546
2026-02-07,-15.170117718884423,0.0027210000000000003,0.0027210000000000003,367.51,139638.12831644327,1.0,0.9999947100000001,0.9999947100000001,139568.75274364525,-211727.4408998972,31180.0,-115645.0,0.27482100000000004,-84.8407800000009,601.9824999999989,-146825.0,-16.29895698419614,0.09230000000000001,0.09230000000000001,10.83,139638.12831644327,1.0,0.9996090000000001,0.9996090000000001,139622.60686422716,-227570.2863301367,26548.0,-124299.0,9.3223,-2450.3803999999955,7542.349999999839,-150847.0,11171050.26531546,11171050.26531546
2026-02-08,-14.447106894571569,0.0027010000000000003,0.0027010000000000003,370.23,139865.55133824327,1.0,0.9999912300000001,0.9999912300000001,139639.35295356865,-201738.46588090144,5456.0,-110189.0,0.272801,-14.73665600000005,231.29000000000022,-115645.0,-15.328821578000312,0.0908,0.0908,11.01,139865.55133824327,1.0,0.999708,0.999708,139678.91455949465,-214111.31594912434,7352.0,-116947.0,9.1708,-667.5615999999983,18644.850000000046,-124299.0,11189244.10705946,11189244.10705946
2026-02-09,-14.11881851193149,0.0026989999999999996,0.0026989999999999996,370.51,139893.94758236824,1.0,1.0000064899999999,1.0000064899999999,139864.64361670622,-197472.3519460252,2330.0,-107859.0,0.272599,-6.288670000000016,22.03780000000369,-110189.0,-15.191890697492031,0.0906,0.0906,11.04,139893.94758236824,1.0,1.000224,1.000224,139834.22847106576,-212434.63147005593,916.0,-116031.0,9.1506,-82.98960000000022,2338.93999999995,-116947.0,11191515.80658946,11191515.80658946
2026-02-10,-13.721957463517118,0.0026200000000000004,0.0026200000000000004,381.68,140337.17667111824,1.0,1.0000016000000003,1.0000016000000003,139893.7237524102,-191961.5726743587,3010.0,-104849.0,0.26462,-7.886200000000033,852.086099999996,-107859.0,-14.899542855708448,0.0876,0.0876,11.42,140337.17667111824,1.0,1.000392,1.000392,139839.13064315612,-208353.91199227172,2228.0,-113803.0,8.8476,-195.17280000000028,34809.30000000008,-116031.0,11226974.13368946,11226974.13368946
2026-02-11,-14.270293962451396,0.002559,0.002559,390.78,140523.83539155577,1.0,1.00000602,1.00000602,140336.3318464005,-200264.07090602646,-4535.0,-109384.0,0.25334100000000004,-11.6050649999999,639.5788999999994,-104849.0,-15.590355214805394,0.08630000000000002,0.08630000000000002,11.59,140523.83539155577,1.0,1.0002170000000001,1.0002170000000001,140306.7301106842,-218743.17614533985,-5674.0,-119477.0,8.543700000000001,-489.66619999999773,14794.389999999887,-113803.0,11241906.83132446,11241906.83132446
2026-02-12,-14.997910237394512,0.002643,0.002643,378.36,140104.47366668074,1.0,1.00000548,1.00000548,140523.06532515778,-210755.23200302417,-5730.0,-115114.0,0.261657,-15.144390000000037,-918.8255999999959,-109384.0,-16.093438710454308,0.08900000000000001,0.08900000000000001,11.24,140104.47366668074,1.0,1.0003600000000001,1.0003600000000001,140473.26501614993,-226069.7880994814,-4002.0,-123479.0,8.811,-356.17800000000165,-32258.78999999995,-119477.0,11208357.89333446,11208357.89333446
2026-02-13,-13.696561337139586,0.002728,0.002728,366.57,139708.68935348076,1.0,1.00000296,1.00000296,140104.05895866622,-191894.3837109593,10302.0,-104812.0,0.275528,-28.103856000000086,-978.4690000000008,-115114.0,-14.674574609943724,0.09140000000000001,0.09140000000000001,10.94,139708.68935348076,1.0,0.999916,0.999916,140116.24343112897,-205614.62682951393,11173.0,-112306.0,9.2314,-1021.2122000000016,-29634.960000000025,-123479.0,11176695.14827846,11176695.14827846
2026-02-14,-11.685337083240036,0.00295,0.00295,338.98,139029.48295973075,1.0,0.9999910000000001,0.9999910000000001,139709.94674300143,-163255.78215734853,15642.0,-89170.0,0.29795,-46.14390000000013,-2326.8264,-104812.0,-12.771947166216432,0.0959,0.0959,10.43,139029.48295973075,1.0,1.000237,1.000237,139675.586239542,-178392.92078617372,14868.0,-97438.0,9.6859,-1425.8412000000048,-50537.69999999992,-112306.0,11122358.63677846,11122358.63677846
2026-02-15,-7.115837616125627,0.002818,0.002818,354.86,139379.99435083076,1.0,0.9999954800000002,0.9999954800000002,139030.11137583415,-98931.56963022961,35134.0,-54036.0,0.284618,-99.00761199999955,1177.043999999999,-89170.0,-9.611821448439049,0.0929,0.0929,10.76,139379.99435083076,1.0,0.9996039999999999,0.9996039999999999,139084.56044566724,-133685.59612383816,24419.0,-73019.0,9.3829,-2268.525100000005,29231.40000000007,-97438.0,11150399.548066461,11150399.548066461
2026-02-16,-7.329873326965578,0.002858,0.002858,349.9,139403.83609620578,1.0,1.0000141999999999,1.0000141999999999,139378.01518301517,-102162.31958553863,-1765.0,-55801.0,0.28294199999999997,-5.044370000000048,-216.1440000000002,-54036.0,-9.680260290307338,0.0926,0.0926,10.8,139403.83609620578,1.0,1.00008,1.00008,139368.84484324328,-134912.66944420524,-670.0,-73689.0,9.167399999999999,-62.042000000000606,2190.5699999999533,-73019.0,11152306.887696462,11152306.887696462
2026-02-17,-6.776909340526652,0.002811,0.002811,355.75,139516.97359981827,1.0,1.00001325,1.00001325,139401.98901985126,-94471.46414766238,4201.0,-51600.0,0.283911,-11.809011000000034,262.264699999999,-55801.0,-9.737538709922829,0.09140000000000001,0.09140000000000001,10.94,139516.97359981827,1.0,0.999916,0.999916,139415.54700215397,-135756.42856985398,-461.0,-74150.0,9.0486,-42.13540000000007,8842.679999999942,-73689.0,11161357.887985462,11161357.887985462
2026-02-18,-7.1973456378968,0.0027350000000000005,0.0027350000000000005,365.63,139777.4753630058,1.0,0.9999980500000002,0.9999980500000002,139517.24565844727,-100415.38394512016,-3247.0,-54847.0,0.27076500000000003,-8.880544999999959,392.1599999999998,-51600.0,-10.185352258875582,0.0886,0.0886,11.29,139777.4753630058,1.0,1.0002939999999998,1.0002939999999998,139475.9676653247,-142061.18623188726,-3444.0,-77594.0,8.7714,-305.1383999999985,20762.000000000084,-74150.0,11182198.029040463,11182198.029040463
2026-02-19,-8.386615337352504,0.0027289999999999997,0.0027289999999999997,366.43,139717.9052182808,1.0,0.9999874699999999,0.9999874699999999,139779.2267967176,-117227.46072966259,-9182.0,-64029.0,0.270171,-25.05767799999983,32.908200000002466,-54847.0,-11.473896717954831,0.0891,0.0891,11.22,139717.9052182808,1.0,0.9997020000000001,0.9997020000000001,139819.141467163,-160427.03883873436,-10031.0,-87625.0,8.8209,-893.7621000000019,-3879.7000000000553,-77594.0,11177432.417462463,11177432.417462463
2026-02-20,-8.844499979807187,0.002849,0.002849,351.0,139422.66942724327,1.0,0.999999,0.999999,139718.04493632572,-123573.62456180326,-3467.0,-67496.0,0.282051,-9.877482999999966,-768.3480000000006,-64029.0,-11.570499530943108,0.0917,0.0917,10.91,139422.66942724327,1.0,1.000447,1.000447,139655.47921906985,-161588.36567978826,-634.0,-88259.0,9.0783,-58.13779999999965,-22782.49999999998,-87625.0,11153813.554179462,11153813.554179462
2026-02-21,-6.865053005505055,0.0028000000000000004,0.0028000000000000004,357.14,139467.80071724328,1.0,0.9999920000000001,0.9999920000000001,139423.78481752178,-95715.1673000418,15217.0,-52279.0,0.28280000000000005,-42.607600000000375,330.7303999999973,-67496.0,-10.015003253891944,0.09119999999999999,0.09119999999999999,10.96,139467.80071724328,1.0,0.999552,0.999552,139485.15877837598,-139694.43190350698,11958.0,-76301.0,9.2112,-1090.5696000000073,4412.950000000063,-88259.0,11157424.057379462,11157424.057379462
2026-02-22,-6.910333314354206,0.0027170000000000002,0.0027170000000000002,368.05,139708.30124281827,1.0,0.9999918500000001,0.9999918500000001,139468.93738908297,-96377.6844357361,-362.0,-52641.0,0.26898299999999997,-0.983554000000009,433.91570000000155,-52279.0,-9.616027883339342,0.08869999999999999,0.08869999999999999,11.27,139708.30124281827,1.0,0.9996489999999998,0.9996489999999998,139516.77110390077,-134159.71611285824,3023.0,-73278.0,8.958699999999999,-268.140099999998,19075.25,-76301.0,11176664.099425461,11176664.099425461
2026-02-23,-8.1514097919181,0.002623,0.002623,381.24,140173.51310124327,1.0,0.9999925199999999,0.9999925199999999,139709.34626872838,-113882.81331973891,-9562.0,-62203.0,0.259677,-25.08112599999987,494.825400000001,-52641.0,-10.580405850954694,0.0836,0.0836,11.96,140173.51310124327,1.0,0.999856,0.999856,139728.4221356058,-147838.34151082308,-7471.0,-80749.0,8.276399999999999,-624.5756000000042,37371.779999999984,-73278.0,11213881.048099462,11213881.048099462
2026-02-24,-9.97497243673036,0.002587,0.002587,386.55,140226.66733854328,1.0,1.00000485,1.00000485,140172.83326300193,-139822.01481768448,-14168.0,-76371.0,0.256113,-36.65261600000009,223.93079999999952,-62203.0,-13.044756342794424,0.08289999999999999,0.08289999999999999,12.06,140226.66733854328,1.0,0.9997739999999999,0.9997739999999999,140205.19947632492,-182894.2665161547,-19148.0,-99897.0,8.207099999999999,-1587.369200000008,5652.430000000023,-80749.0,11218133.387083462,11218133.387083462
2026-02-25,-11.132312129475627,0.0029709999999999997,0.0029709999999999997,336.59,138655.18608564328,1.0,1.00000889,1.00000889,140225.42073455296,-156103.3152104087,-8892.0,-85263.0,0.294129,-26.418132000000014,-2932.646399999999,-76371.0,-14.26436885099148,0.0951,0.0951,10.52,138655.18608564328,1.0,1.000452,1.000452,140163.31352083187,-199934.1203438307,-9307.0,-109204.0,9.4149,-885.0957000000038,-121874.34000000007,-99897.0,11092414.886851462,11092414.886851462
2026-02-26,-3.8466121885682334,0.0028699999999999997,0.0028699999999999997,348.43,138865.32151851826,1.0,0.9999940999999999,0.9999940999999999,138656.00415606782,-53335.58756048981,56131.0,-29132.0,0.28986999999999996,-161.09596999999908,861.1562999999999,-85263.0,-6.292101527652657,0.0931,0.0931,10.74,138865.32151851826,1.0,0.9998940000000001,0.9998940000000001,138669.88509346318,-87252.49958359981,61547.0,-47657.0,9.4031,-5730.025699999984,21840.799999999923,-109204.0,11109225.721481461,11109225.721481461
2026-02-27,-3.351092117562513,0.0027760000000000003,0.0027760000000000003,360.23,139073.79320551828,1.0,0.9999984800000001,0.9999984800000001,138865.53259412778,-46535.11916773018,3715.0,-25417.0,0.280376,-10.312840000000003,273.8407999999989,-29132.0,-5.188176761091386,0.0895,0.0895,11.17,139073.79320551828,1.0,0.9997149999999999,0.9997149999999999,138904.90941770232,-72066.32230424273,8294.0,-39363.0,9.039499999999999,-742.3129999999937,17156.52000000006,-47657.0,11125903.456441462,11125903.456441462
2026-02-28,-4.522634540347201,0.0028100000000000004,0.0028100000000000004,355.87,138959.00432076826,1.0,0.9999947000000001,0.9999947000000001,139074.53030052886,-62898.32744197352,-8938.0,-34355.0,0.27819000000000005,-25.115779999999813,-86.41780000000035,-25417.0,-6.341053141716658,0.0916,0.0916,10.92,138959.00432076826,1.0,1.000272,1.000272,139035.97542020396,-88163.45087499244,-8792.0,-48155.0,9.0684,-805.3471999999972,-8266.230000000034,-39363.0,11116720.345661461,11116720.345661461
2026-03-01,-4.413737915314943,0.0027350000000000005,0.0027350000000000005,365.63,139028.84052170577,1.0,0.9999980500000002,0.9999980500000002,138959.27529135506,-61332.982203814085,855.0,-33500.0,0.276235,-2.3384249999999893,257.66250000000025,-34355.0,-5.692127416393915,0.0904,0.0904,11.06,139028.84052170577,1.0,0.9998239999999999,0.9998239999999999,138983.46541068054,-79111.159388957,4945.0,-43210.0,9.1304,-447.0280000000035,5778.600000000048,-48155.0,11122307.24173646,11122307.24173646
2026-03-02,-5.483901018533482,0.002771,0.002771,360.88,138954.12383729327,1.0,0.99999848,0.99999848,139029.05184586457,-76242.1559023281,-8143.0,-41643.0,0.274329,-22.564253000000193,-120.59999999999974,-33500.0,-6.004404103001771,0.0917,0.0917,10.91,138954.12383729327,1.0,1.000447,1.000447,138966.7223967944,-83441.23581400202,-2365.0,-45575.0,9.0783,-216.87049999999869,-5617.300000000034,-43210.0,11116329.906983461,11116329.906983461
2026-03-03,-5.260926824718032,0.002625,0.002625,380.95,138950.82173666827,1.0,0.99999375,0.99999375,138954.99230599517,-73103.20464510977,1714.0,-39929.0,0.265125,-4.49924999999998,607.9878000000001,-41643.0,-5.412098261264132,0.09179999999999999,0.09179999999999999,10.89,138950.82173666827,1.0,0.999702,0.999702,138995.54450955713,-75225.75447636355,4487.0,-41088.0,9.271799999999999,-411.9065999999965,-455.7499999999903,-45575.0,11116065.73893346,11116065.73893346
2026-03-04,-7.295053524337568,0.002763,0.002763,361.93,138776.37698831825,1.0,1.0000125899999999,1.0000125899999999,138949.07236784717,-101364.09200804992,-15436.0,-55365.0,0.273537,-42.64966800000024,-551.0201999999991,-39929.0,-5.11915079515631,0.095,0.095,10.53,138776.37698831825,1.0,1.0003499999999999,1.0003499999999999,138902.20596458067,-71106.13381125487,2250.0,-38838.0,9.595,-213.75000000000145,-13148.16000000001,-41088.0,11102110.15906546,11102110.15906546
2026-03-05,-5.603434304393264,0.002692,0.002692,371.47,138817.53668366827,1.0,0.99999724,0.99999724,138776.7600121759,-77762.64577047779,12891.0,-42474.0,0.271892,-34.70257200000036,393.0914999999997,-55365.0,-3.2443969325897304,0.09390000000000001,0.09390000000000001,10.65,138817.53668366827,1.0,1.0000350000000002,1.0000350000000002,138771.51998511874,-45022.98937705337,14247.0,-24591.0,9.4839,-1337.793299999995,4272.179999999978,-38838.0,11105402.934693461,11105402.934693461
2026-03-06,-6.107313264641999,0.0025900000000000003,0.0025900000000000003,386.1,138939.17801779328,1.0,0.9999990000000002,0.9999990000000002,138817.67550134374,-84780.30309561253,-3833.0,-46307.0,0.25641,-9.927469999999929,433.23479999999944,-42474.0,-3.1900487293234128,0.0901,0.0901,11.1,138939.17801779328,1.0,1.00011,1.00011,138802.2684341405,-44278.60000455372,406.0,-24185.0,9.1001,-36.58059999999985,9344.58000000002,-24591.0,11115134.241423462,11115134.241423462
2026-03-07,-7.795149719586464,0.0025440000000000003,0.0025440000000000003,393.08,138955.05396834327,1.0,0.99999552,0.99999552,138939.80046809936,-108305.6546658304,-12849.0,-59156.0,0.251856,-32.68785599999988,213.01219999999967,-46307.0,-5.150513259189302,0.0891,0.0891,11.22,138955.05396834327,1.0,0.9997020000000001,0.9997020000000001,138980.59423487526,-71582.13933767333,-14913.0,-39098.0,8.8209,-1328.7483000000027,2418.4999999999914,-24185.0,11116404.317467462,11116404.317467462
2026-03-08,-9.068346817836709,0.002493,0.002493,401.12,138992.01103580577,1.0,0.99999216,0.99999216,138956.1433845074,-126010.25006797591,-9671.0,-68827.0,0.246807,-24.109802999999953,301.69560000000126,-59156.0,-6.407215330365131,0.0882,0.0882,11.34,138992.01103580577,1.0,1.000188,1.000188,138928.9353285015,-89014.76042680806,-9522.0,-48620.0,8.7318,-839.8404000000048,3518.8199999999943,-39098.0,11119360.882864462,11119360.882864462
2026-03-09,-10.226567876426522,0.002552,0.002552,391.85,138711.26651555576,1.0,1.0000012,1.0000012,138991.84424559269,-142140.95294472566,-8810.0,-77637.0,0.252648,-22.48311999999999,-406.0792999999992,-68827.0,-7.312696888559013,0.0926,0.0926,10.8,138711.26651555576,1.0,1.00008,1.00008,138980.89256440062,-101632.5140624847,-6892.0,-55512.0,9.167399999999999,-638.1992000000063,-21392.799999999977,-48620.0,11096901.321244461,11096901.321244461
2026-03-10,-9.385606418529356,0.002621,0.002621,381.53,138494.52340471826,1.0,0.9999901299999999,0.9999901299999999,138712.63560926923,-130190.22031054812,6527.0,-71110.0,0.264721,-17.107266999999897,-535.6953000000013,-77637.0,-4.83468126504918,0.0953,0.0953,10.49,138494.52340471826,1.0,0.999697,0.999697,138753.3087681125,-67082.80223647776,18871.0,-36641.0,9.6253,-1798.406299999999,-14988.239999999976,-55512.0,11079561.87237746,11079561.87237746
2026-03-11,-7.626678060198662,0.002626,0.002626,380.81,138462.43329011826,1.0,1.00000706,1.00000706,138493.54564028606,-105624.56860138918,13418.0,-57692.0,0.265226,-35.23566800000023,-35.55500000000003,-71110.0,-2.4022077582475534,0.09550000000000002,0.09550000000000002,10.47,138462.43329011826,1.0,0.9998850000000002,0.9998850000000002,138510.4521067105,-33273.08826491161,18467.0,-18174.0,9.6455,-1763.5984999999903,-732.8200000000495,-36641.0,11076994.66320946,11076994.66320946
2026-03-12,-6.791671526339873,0.002636,0.002636,379.36,138425.40425251826,1.0,0.99999296,0.99999296,138463.40807251108,-94039.79860460521,6328.0,-51364.0,0.26623600000000003,-16.680608000000174,-57.69200000000005,-57692.0,-1.4360546897734514,0.09670000000000001,0.09670000000000001,10.34,138425.40425251826,1.0,0.999878,0.999878,138479.32776810596,-19886.38880780635,7312.0,-10862.0,9.7667,-707.0704000000017,-2180.879999999986,-18174.0,11074032.34020146,11074032.34020146
2026-03-13,-6.189279151577046,0.002656,0.002656,376.51,138407.68327171827,1.0,1.00001056,1.00001056,138423.9424956855,-85674.44213676461,4569.0,-46795.0,0.268256,-12.135263999999962,-102.7280000000001,-51364.0,-0.402923996550117,0.09720000000000001,0.09720000000000001,10.29,138407.68327171827,1.0,1.000188,1.000188,138399.38516810664,-5576.4433392012525,7816.0,-3046.0,9.817200000000001,-759.7152000000066,-543.1000000000078,-10862.0,11072614.66173746,11072614.66173746
2026-03-14,-5.492577316752291,0.0026340000000000005,0.0026340000000000005,379.65,138402.82105361827,1.0,0.9999981000000001,0.9999981000000001,138407.94624681614,-76021.63460135327,5272.0,-41523.0,0.26603400000000005,-13.886448000000133,102.94899999999905,-46795.0,0.2055995822854971,0.09730000000000001,0.09730000000000001,10.28,138402.82105361827,1.0,1.0002440000000001,1.0002440000000001,138373.92003522965,2844.9620158449993,4600.0,1554.0,9.827300000000001,-447.58000000000277,-30.45999999999935,-3046.0,11072225.684289461,11072225.684289461
2026-03-15,-5.612571117552189,0.002702,0.002702,370.1,138401.74353224327,1.0,1.0000102,1.0000102,138401.40935924283,-77678.77527982034,-905.0,-42428.0,0.267498,-2.445309999999984,-282.35639999999887,-41523.0,0.3960306224016586,0.09949999999999999,0.09949999999999999,10.05,138401.74353224327,1.0,0.999975,0.999975,138406.28121064854,5481.3125692152125,1440.0,2994.0,10.0495,-143.28000000000117,341.87999999999823,1554.0,11072139.48257946,11072139.48257946
2026-03-16,-4.165241714953515,0.002904,0.002904,344.35,138397.19400269326,1.0,0.9999924,0.9999924,138402.79539348825,-57648.10968391334,10941.0,-31487.0,0.293304,-31.772664000000194,-857.0455999999998,-42428.0,1.7724715901632178,0.10490000000000001,0.10490000000000001,9.53,138397.19400269326,1.0,0.999697,0.999697,138443.69197091047,24538.75108557464,10409.0,13403.0,10.5949,-1091.9041000000068,1616.7600000000027,2994.0,11071775.520215461,11071775.520215461
2026-03-17,0.5169914298145234,0.0028910000000000003,0.0028910000000000003,345.9,138313.47052963075,1.0,0.9999969000000001,0.9999969000000001,138397.62303532465,7155.038501596391,35395.0,3908.0,0.291991,-102.32694499999918,40.93309999999899,-31487.0,5.337022821442106,0.102,0.102,9.8,138313.47052963075,1.0,0.9996,0.9996,138452.57503270634,73892.45526369792,26957.0,40360.0,10.302,-2749.614000000008,-3886.870000000012,13403.0,11065077.64237046,11065077.64237046
2026-03-18,1.751764332582605,0.002742,0.002742,364.7,138047.76119348078,1.0,1.0000074,1.0000074,138312.44701752282,24229.081143751777,9326.0,13234.0,0.276942,-25.571892000000208,-58.2292000000001,3908.0,4.537350432199166,0.0969,0.0969,10.32,138047.76119348078,1.0,1.000008,1.000008,138312.3640307185,62757.16647132691,-6082.0,34278.0,9.5931,-589.3457999999986,-20583.59999999999,40360.0,11043820.895478461,11043820.895478461
2026-03-19,-0.8743324104492517,0.0026750000000000003,0.0026750000000000003,373.83,137922.32058066825,1.0,0.9999952500000001,0.9999952500000001,138048.41692346116,-12070.020512739307,-19827.0,-6593.0,0.26482500000000003,-53.037224999999665,-88.66779999999979,13234.0,0.775694185128706,0.09480000000000001,0.09480000000000001,10.55,137922.32058066825,1.0,1.0001400000000003,1.0001400000000003,138028.43721227103,10706.785612796135,-28430.0,5848.0,9.385200000000001,-2695.163999999981,-7198.379999999968,34278.0,11033785.64645346,11033785.64645346
2026-03-20,-3.162327441801198,0.002661,0.002661,375.8,137903.62323029325,1.0,1.0000038,1.0000038,137921.79647784165,-43615.38818243985,-17230.0,-23823.0,0.263439,-45.84903000000042,9.230200000000082,-6593.0,-1.8993480490709655,0.0956,0.0956,10.46,137903.62323029325,1.0,0.9999760000000001,0.9999760000000001,137925.63079580734,-26196.877776889894,-20157.0,-14309.0,9.464400000000001,-1927.0091999999847,467.84000000000043,5848.0,11032289.85842346,11032289.85842346
2026-03-21,-4.300554007530359,0.0025740000000000003,0.0025740000000000003,388.5,137964.18493804327,1.0,0.9999990000000001,0.9999990000000001,137903.76113405437,-59306.25725985669,-8570.0,-32393.0,0.254826,-22.05918000000018,207.26009999999965,-23823.0,-2.4024183721719874,0.09210000000000002,0.09210000000000002,10.86,137964.18493804327,1.0,1.0002060000000002,1.0002060000000002,137875.22093478066,-33123.39638409889,-3783.0,-18092.0,9.1179,-348.4143000000011,5008.149999999995,-14309.0,11037134.795043461,11037134.795043461
2026-03-22,-6.387502629864313,0.002506,0.002506,399.04,137987.23320496827,1.0,0.99999424,0.99999424,137964.97961632584,-88125.16701284578,-15741.0,-48134.0,0.24809399999999998,-39.44694600000013,220.2724000000009,-32393.0,-4.740920792598256,0.09029999999999999,0.09029999999999999,11.07,137987.23320496827,1.0,0.999621,0.999621,138016.49318896187,-65432.5262281045,-17647.0,-35739.0,8.939699999999998,-1593.5241000000165,3256.560000000027,-18092.0,11038978.656397462,11038978.656397462
2026-03-23,-8.424822447041743,0.002616,0.002616,382.26,137725.92440986828,1.0,0.9999921599999999,0.9999921599999999,137988.31503335814,-116252.70539225033,-15363.0,-63497.0,0.258984,-40.18960800000011,-529.4740000000005,-48134.0,-6.67560718458048,0.0956,0.0956,10.46,137725.92440986828,1.0,0.9999760000000001,0.9999760000000001,137990.54497804772,-92117.06734596312,-14575.0,-50314.0,9.464400000000001,-1393.369999999989,-18941.670000000042,-35739.0,11018073.952789461,11018073.952789461
2026-03-24,-6.528554302772018,0.002664,0.002664,375.38,137655.23844856827,1.0,1.00001232,1.00001232,137724.22764738367,-89914.00990032796,14386.0,-49111.0,0.269064,-38.324304,-304.7856000000017,-63497.0,-3.521620007740641,0.0962,0.0962,10.4,137655.23844856827,1.0,1.00048,1.00048,137659.84768298044,-48478.5673862913,23835.0,-26479.0,9.716199999999999,-2292.926999999991,-3018.8399999999356,-50314.0,11012419.075885462,11012419.075885462
2026-03-25,-4.777404558680031,0.0027050000000000004,0.0027050000000000004,369.69,137619.34699531828,1.0,1.0000114500000001,1.0000114500000001,137653.66231413477,-65762.7233858549,13192.0,-35919.0,0.27320500000000003,-35.68436000000017,-201.35509999999962,-49111.0,-2.085029516349306,0.0968,0.0968,10.33,137619.34699531828,1.0,0.9999439999999999,0.9999439999999999,137662.9475736324,-28703.130899867065,10801.0,-15678.0,9.7768,-1045.5367999999999,-1588.7400000000132,-26479.0,11009547.759625461,11009547.759625461
2026-03-26,-3.176150939324834,0.002547,0.002547,392.62,137729.61892513078,1.0,1.00000314,1.00000314,137618.91487192558,-43709.84457393308,12045.0,-23874.0,0.257247,-30.67861500000026,567.5202000000013,-35919.0,-1.134621088397084,0.0911,0.0911,10.98,137729.61892513078,1.0,1.000278,1.000278,137581.09944967128,-15610.241680045347,7152.0,-8526.0,9.2011,-651.5472000000061,8936.460000000005,-15678.0,11018369.514010461,11018369.514010461
2026-03-27,-5.695460505858847,0.002461,0.002461,406.34,137739.68405773077,1.0,1.00000274,1.00000274,137729.24154700895,-78443.14557328829,-18972.0,-42846.0,0.24363900000000002,-46.69009199999983,205.31639999999925,-23874.0,-4.282886385016875,0.08789999999999999,0.08789999999999999,11.38,137739.68405773077,1.0,1.000302,1.000302,137688.03713791512,-58970.22196376745,-23683.0,-32209.0,8.7021,-2081.7356999999865,2728.3200000000024,-8526.0,11019174.724618461,11019174.724618461
2026-03-28,-8.282558749421758,0.00246,0.00246,406.5,137730.65272373075,1.0,0.9999899999999999,0.9999899999999999,137741.06146834546,-114084.84338192848,-19467.0,-62313.0,0.24354,-47.888819999999804,4.284600000000717,-42846.0,-7.270555433425055,0.08750000000000001,0.08750000000000001,11.43,137730.65272373075,1.0,1.0001250000000002,1.0001250000000002,137722.4687491371,-100131.8843468751,-22483.0,-54692.0,8.6625,-1967.262500000008,1288.3599999999726,-32209.0,11018452.21789846,11018452.21789846
2026-03-29,-9.143651858451706,0.0023980000000000004,0.0023980000000000004,417.01,137827.78202308074,1.0,0.9999899800000002,0.9999899800000002,137732.03279869937,-125937.37576681588,-6474.0,-68787.0,0.237402,-15.524652000000073,386.340599999999,-62313.0,-8.514830593514942,0.086,0.086,11.63,137827.78202308074,1.0,1.00018,1.00018,137705.86566791052,-117254.21178955834,-9352.0,-64044.0,8.514,-804.2720000000028,8203.80000000002,-54692.0,11026222.56184646,11026222.56184646
2026-03-30,-10.558983976472888,0.002434,0.002434,410.85,137646.03911473075,1.0,1.0000089,1.0000089,137826.55536673797,-145530.83896498397,-10702.0,-79489.0,0.240966,-26.04866799999991,-247.63319999999945,-68787.0,-9.737715250579662,0.08810000000000001,0.08810000000000001,11.35,137646.03911473075,1.0,0.9999350000000001,0.9999350000000001,137836.74141127247,-134221.49389307533,-9268.0,-73312.0,8.7219,-816.5108000000068,-13449.240000000054,-64044.0,11011683.129178459,11011683.129178459
2026-03-31,-10.050240674795484,0.002418,0.002418,413.56,137545.16591968073,1.0,0.9999880800000001,0.9999880800000001,137647.67987507486,-138339.23110717052,3928.0,-75561.0,0.244218,-9.497904000000014,127.18240000000144,-79489.0,-8.470329925656314,0.0891,0.0891,11.22,137545.16591968073,1.0,0.9997020000000001,0.9997020000000001,137687.06986154948,-116625.49082242142,9611.0,-63701.0,8.9991,-856.3401000000017,-7331.199999999974,-73312.0,11003613.273574458,11003613.273574458
2026-04-01,-10.039969696165894,0.002484,0.002484,402.58,137352.39022398074,1.0,1.00000872,1.00000872,137543.96653629252,-138093.72559148326,134.0,-75427.0,0.250884,-0.33285599999999815,-498.7026000000017,-75561.0,-7.152240980426212,0.0913,0.0913,10.95,137352.39022398074,1.0,0.999735,0.999735,137581.62505031907,-98401.69368385256,9954.0,-53747.0,9.221300000000001,-908.8002000000038,-14014.220000000041,-63701.0,10988191.217918457,10988191.217918457
2026-04-02,-8.15267951278905,0.002394,0.002394,417.71,137597.1534112807,1.0,0.9999977399999999,0.9999977399999999,137352.7006410842,-111979.25485428146,14264.0,-61163.0,0.241794,-34.148016000000105,678.8430000000006,-75427.0,-4.898772701403105,0.08750000000000001,0.08750000000000001,11.43,137597.1534112807,1.0,1.0001250000000002,1.0001250000000002,137335.22332106557,-67277.40429463351,17000.0,-36747.0,8.8375,-1487.5000000000061,20423.86000000004,-53747.0,11007772.272902457,11007772.272902457
2026-04-03,-9.28698316627123,0.002463,0.002463,406.01,137504.91814904322,1.0,1.00000263,1.00000263,137596.79153171898,-127785.9086688006,-8633.0,-69796.0,0.243837,-21.26307899999994,-422.02469999999937,-61163.0,-6.464605459275084,0.0891,0.0891,11.22,137504.91814904322,1.0,0.9997020000000001,0.9997020000000001,137638.16958581726,-88977.64625091042,-11852.0,-48599.0,8.8209,-1056.0132000000021,-5879.520000000005,-36747.0,11000393.451923458,11000393.451923458
2026-04-04,-7.804140822032755,0.0024790000000000003,0.0024790000000000003,403.39,137448.93996583074,1.0,1.0000038100000002,1.0000038100000002,137504.3942573011,-107310.36564322896,11183.0,-58613.0,0.250379,-27.7226570000001,-111.67360000000126,-69796.0,-5.80108457506495,0.08990000000000001,0.08990000000000001,11.12,137448.93996583074,1.0,0.999688,0.999688,137547.83307296198,-79792.66127731683,5016.0,-43583.0,9.0799,-450.93840000000046,-3887.9200000000033,-48599.0,10995915.197266458,10995915.197266458
2026-04-05,-6.779337426682916,0.0025080000000000002,0.0025080000000000002,398.72,137400.62620663072,1.0,0.9999897600000002,0.9999897600000002,137450.34745738868,-93182.2284828446,7717.0,-50896.0,0.25330800000000003,-19.35423600000008,-169.9777000000008,-58613.0,-4.887537176437669,0.0906,0.0906,11.04,137400.62620663072,1.0,1.000224,1.000224,137418.1582983719,-67163.63574008892,6898.0,-36685.0,9.1506,-624.9588000000016,-3050.810000000012,-43583.0,10992050.096530458,10992050.096530458
2026-04-06,-5.550962573147503,0.002461,0.002461,406.34,137464.32922841824,1.0,1.00000274,1.00000274,137400.24972994646,-76270.3643792053,9237.0,-41659.0,0.248561,-22.732256999999915,239.2112000000005,-50896.0,-3.955296582209032,0.0891,0.0891,11.22,137464.32922841824,1.0,0.9997020000000001,0.9997020000000001,137441.5837986027,-54362.22266520094,6992.0,-29693.0,8.9991,-622.9872000000013,5502.750000000013,-36685.0,10997146.338273458,10997146.338273458
2026-04-07,-6.197650733356225,0.002627,0.002627,380.66,137256.15279560574,1.0,0.99999382,0.99999382,137465.178763223,-85196.11659728336,-4875.0,-46534.0,0.260073,-12.806624999999954,-691.539399999999,-41659.0,-4.672156388122798,0.0943,0.0943,10.6,137256.15279560574,1.0,0.9995799999999999,0.9995799999999999,137522.0885055906,-64252.470431938396,-5402.0,-35095.0,9.3357,-509.40860000000265,-15440.359999999988,-29693.0,10980492.223648459,10980492.223648459
2026-04-08,-1.8172428840378525,0.0025080000000000002,0.0025080000000000002,398.72,137395.61333085573,1.0,0.9999897600000002,0.9999897600000002,137257.55831300284,-24943.0321124715,32910.0,-13624.0,0.25330800000000003,-82.53828000000034,553.7545999999984,-46534.0,-0.7746954921965005,0.09050000000000001,0.09050000000000001,11.05,137395.61333085573,1.0,1.0000250000000002,1.0000250000000002,137252.7214775688,-10632.906462037434,29287.0,-5808.0,9.140500000000001,-2650.4735000000137,13336.099999999966,-35095.0,10991649.066468459,10991649.066468459
2026-04-09,-3.2255693465911275,0.002541,0.002541,393.55,137358.82318883072,1.0,1.00001055,1.00001055,137394.1638224274,-44317.440322614144,-10582.0,-24206.0,0.251559,-26.888862000000163,-44.95919999999958,-13624.0,-2.2138139304189406,0.09369999999999999,0.09369999999999999,10.67,137358.82318883072,1.0,0.9997789999999999,0.9997789999999999,137425.98447342438,-30423.555882880395,-10809.0,-16617.0,9.276299999999999,-1012.8033000000013,-1858.5599999999913,-5808.0,10988705.855106458,10988705.855106458
2026-04-10,-2.9476631445217696,0.002542,0.002542,393.39,137338.75243730572,1.0,0.9999973799999999,0.9999973799999999,137359.18306989037,-40488.86014967344,2091.0,-22115.0,0.25674199999999997,-5.315321999999976,-2.4205999999997334,-24206.0,-0.4183466365367647,0.09390000000000001,0.09390000000000001,10.65,137338.75243730572,1.0,1.0000350000000002,1.0000350000000002,137354.01579827775,-5746.159052402713,13478.0,-3139.0,9.4839,-1265.5841999999952,-332.3400000000224,-16617.0,10987100.194984458,10987100.194984458
2026-04-11,-2.831874144540481,0.0024950000000000003,0.0024950000000000003,400.8,137334.00095305574,1.0,0.9999960000000001,0.9999960000000001,137339.3017945129,-38892.76177811231,872.0,-21243.0,0.251995,-2.175640000000022,103.9404999999996,-22115.0,0.310917617720593,0.09380000000000001,0.09380000000000001,10.66,137334.00095305574,1.0,0.9999080000000001,0.9999080000000001,137351.3887650721,4270.496658545124,5472.0,2333.0,9.4738,-513.2735999999993,31.389999999999333,-3139.0,10986720.076244459,10986720.076244459
2026-04-12,-3.962959475167592,0.0023610000000000003,0.0023610000000000003,423.55,137326.00475150574,1.0,1.0000015500000001,1.0000015500000001,137333.78808568418,-54424.82367548203,-8484.0,-29727.0,0.233739,-20.030724000000017,284.6561999999999,-21243.0,0.4404599535328424,0.09029999999999999,0.09029999999999999,11.07,137326.00475150574,1.0,0.999621,0.999621,137386.07027368946,6051.306212880908,972.0,3305.0,9.1203,-87.77160000000092,-816.5500000000034,2333.0,10986080.380120458,10986080.380120458
2026-04-13,-7.365587384112674,0.002486,0.002486,402.25,137322.98709268073,1.0,0.9999935,0.9999935,137326.8973763387,-101149.32628144961,-25521.0,-55248.0,0.246114,-63.4452059999997,-371.5874999999995,-29727.0,-2.165380648619774,0.0966,0.0966,10.35,137322.98709268073,1.0,0.99981,0.99981,137352.1016508194,-29741.958296194043,-19550.0,-16245.0,9.5634,-1888.530000000009,2082.1500000000024,3305.0,10985838.967414457,10985838.967414457
2026-04-14,-5.180739108691505,0.002396,0.002396,417.36,137368.13882713072,1.0,0.9999945600000001,0.9999945600000001,137323.7341337944,-71143.84399785032,16389.0,-38859.0,0.24199600000000002,-39.26804400000015,497.2319999999989,-55248.0,1.4593165890559947,0.0931,0.0931,10.74,137368.13882713072,1.0,0.9998940000000001,0.9998940000000001,137337.5448724372,20041.89575325697,27192.0,10947.0,9.4031,-2531.575199999993,5685.7499999999945,-16245.0,10989451.106170457,10989451.106170457
2026-04-15,-6.489700282886762,0.00246,0.00246,406.5,137369.83692663073,1.0,0.9999899999999999,0.9999899999999999,137369.51252225594,-89148.6964275701,-9834.0,-48693.0,0.24354,-24.1916399999999,-248.69759999999957,-38859.0,0.179923244636557,0.0943,0.0943,10.6,137369.83692663073,1.0,0.9995799999999999,0.9995799999999999,137425.8576873594,2472.6106212071436,-9596.0,1351.0,9.3357,-904.9028000000047,1313.6399999999915,10947.0,10989586.954130458,10989586.954130458
2026-04-16,-5.267544312475216,0.002591,0.002591,385.95,137363.6273507557,1.0,0.9999964499999999,0.9999964499999999,137370.32459128305,-72360.42720036874,9170.0,-39523.0,0.261691,-23.759470000000093,-637.8783000000001,-48693.0,0.5095165248186639,0.09730000000000001,0.09730000000000001,10.28,137363.6273507557,1.0,1.0002440000000001,1.0002440000000001,137336.32686287616,6997.512799453279,2471.0,3822.0,9.827300000000001,-240.4283000000015,405.300000000001,1351.0,10989090.188060457,10989090.188060457
2026-04-17,-1.4347266507565315,0.002586,0.002586,386.7,137343.2140948307,1.0,1.0000062,1.0000062,137362.77570154634,-19707.803512090024,28759.0,-10764.0,0.261186,-74.37077399999934,19.761500000000016,-39523.0,2.6219628090632408,0.09720000000000001,0.09720000000000001,10.29,137343.2140948307,1.0,1.000188,1.000188,137337.80784288124,36009.46244423085,15846.0,19668.0,9.817200000000001,-1540.2312000000134,-38.21999999999919,3822.0,10987457.127586456,10987457.127586456
2026-04-18,-0.2683563985114377,0.0024909999999999997,0.0024909999999999997,401.45,137243.1042055682,1.0,1.0000119499999998,1.0000119499999998,137341.57286303502,-3685.648985942029,8751.0,-2013.0,0.251591,-21.798741000000184,102.2580000000001,-10764.0,3.2206683802699807,0.09330000000000001,0.09330000000000001,10.72,137243.1042055682,1.0,1.0001760000000002,1.0001760000000002,137319.04594274476,44225.910927663885,4488.0,24156.0,9.4233,-418.73039999999673,-7670.520000000011,19668.0,10979448.336445456,10979448.336445456
2026-04-19,-2.176203018696663,0.002424,0.002424,412.54,137119.92650431822,1.0,0.99999696,0.99999696,137243.52142587333,-29866.976562354568,-14300.0,-16313.0,0.239976,-34.66320000000014,13.487099999999968,-2013.0,0.4630604011814306,0.09,0.09,11.11,137119.92650431822,1.0,0.9998999999999999,0.9998999999999999,137256.82988855708,6355.820271308662,-20684.0,3472.0,8.91,-1861.559999999997,-7971.480000000001,24156.0,10969594.120345457,10969594.120345457
2026-04-20,-4.472387660812398,0.0024790000000000003,0.0024790000000000003,403.39,137101.48180110572,1.0,1.0000038100000002,1.0000038100000002,137119.40407938865,-61325.1130862607,-17183.0,-33496.0,0.245421,-42.59665700000016,-89.72150000000008,-16313.0,-2.8220958287752427,0.09269999999999999,0.09269999999999999,10.79,137101.48180110572,1.0,1.000233,1.000233,137087.98500381235,-38687.54306544618,-24603.0,-21131.0,9.177299999999999,-2280.6981000000164,937.4399999999985,3472.0,10968118.544088457,10968118.544088457
2026-04-21,-3.854957269812274,0.0024990000000000004,0.0024990000000000004,400.16,137061.7713977057,1.0,0.9999998400000002,0.9999998400000002,137101.5037373463,-52852.04385344777,4628.0,-28868.0,0.25239900000000004,-11.565372000000135,-66.99200000000006,-33496.0,-2.021902679824831,0.09390000000000001,0.09390000000000001,10.65,137061.7713977057,1.0,1.0000350000000002,1.0000350000000002,137096.68341718608,-27719.615159630503,5991.0,-15140.0,9.4839,-562.5548999999979,-2535.720000000021,-21131.0,10964941.711816456,10964941.711816456
2026-04-22,-3.098818455359583,0.002484,0.002484,402.58,137063.4443754557,1.0,1.00000872,1.00000872,137060.57622948097,-42472.584312213454,5670.0,-23198.0,0.250884,-14.084279999999922,43.302000000000035,-28868.0,-0.8717153583212193,0.09330000000000001,0.09330000000000001,10.72,137063.4443754557,1.0,1.0001760000000002,1.0001760000000002,137037.65277081804,-11945.782658861248,8615.0,-6525.0,9.4233,-803.7794999999937,908.4000000000075,-15140.0,10965075.550036456,10965075.550036456
2026-04-23,-3.192136224625685,0.0024990000000000004,0.0024990000000000004,400.16,137058.7042342057,1.0,0.9999998400000002,0.9999998400000002,137063.4663056103,-43752.525586690055,-700.0,-23898.0,0.247401,-1.7493000000000007,-34.79700000000003,-23198.0,-0.8948815723280884,0.09380000000000001,0.09380000000000001,10.66,137058.7042342057,1.0,0.9999080000000001,0.9999080000000001,137076.05537254995,-12266.683596031962,-175.0,-6700.0,9.286200000000001,-16.414999999999978,-326.25000000000466,-6525.0,10964696.338736456,10964696.338736456
2026-04-24,-2.7905325683068627,0.0025030000000000005,0.0025030000000000005,399.52,137053.5009564057,1.0,0.9999985600000001,0.9999985600000001,137058.901599024,-38246.73286884419,3008.0,-20890.0,0.252803,-7.529023999999932,-9.559200000000274,-23898.0,-0.518206539141766,0.094,0.094,10.64,137053.5009564057,1.0,1.0001600000000002,1.0001600000000002,137036.77834966974,-7101.335464371963,2821.0,-3879.0,9.494,-265.17399999999833,-133.99999999999716,-6700.0,10964280.076512456,10964280.076512456
2026-04-25,-2.515652775799867,0.0025030000000000005,0.0025030000000000005,399.52,137052.8523767307,1.0,0.9999985600000001,0.9999985600000001,137053.69831373126,-34477.951659657556,2058.0,-18832.0,0.252803,-5.151173999999954,-0.0,-20890.0,-0.2300187059389853,0.0936,0.0936,10.68,137052.8523767307,1.0,0.999648,0.999648,137101.76077619893,-3153.596959569761,2157.0,-1722.0,9.4536,-201.89520000000076,155.16000000000358,-3879.0,10964228.190138455,10964228.190138455
2026-04-26,-2.4037330518371287,0.002522,0.002522,396.51,137048.4380487807,1.0,0.9999982199999999,0.9999982199999999,137053.09633124218,-32943.90575080247,838.0,-17994.0,0.254722,-2.1134360000000205,-35.780799999999196,-18832.0,-0.4565480109049497,0.0945,0.0945,10.58,137048.4380487807,1.0,0.99981,0.99981,137078.89736723047,-6258.309793005281,-1696.0,-3418.0,9.3555,-160.27200000000005,-154.97999999999976,-1722.0,10963875.043902455,10963875.043902455
2026-04-27,-1.7954478043113848,0.0024820000000000003,0.0024820000000000003,402.9,137051.27629343068,1.0,0.9999978,0.9999978,137048.7395560077,-24606.385851947685,4554.0,-13440.0,0.250682,-11.303028000000054,71.97599999999956,-17994.0,0.190224133970436,0.09269999999999999,0.09269999999999999,10.79,137051.27629343068,1.0,1.000233,1.000233,137016.51320120483,2606.3847563348,4842.0,1424.0,9.3627,-448.85340000000326,615.239999999999,-3418.0,10964102.103474455,10964102.103474455
2026-04-28,-2.7638167451479663,0.002468,0.002468,405.19,137038.4339405307,1.0,1.00000892,1.00000892,137050.05380695072,-37878.12336350801,-7249.0,-20689.0,0.244332,-17.890531999999986,18.816000000000166,-13440.0,-1.1007872557266576,0.0917,0.0917,10.91,137038.4339405307,1.0,1.000447,1.000447,136990.04174477074,-15079.689211410645,-9661.0,-8237.0,9.0783,-885.9136999999947,-142.3999999999995,1424.0,10963074.715242455,10963074.715242455
2026-04-29,-3.532840041772169,0.0024460000000000003,0.0024460000000000003,408.83,137032.79510448067,1.0,0.9999981800000001,0.9999981800000001,137038.68335093439,-48413.57478139181,-5754.0,-26443.0,0.242154,-14.074284000000022,45.51579999999958,-20689.0,-2.4095461219816734,0.09119999999999999,0.09119999999999999,10.96,137032.79510448067,1.0,0.999552,0.999552,137099.85467542527,-33034.8423157422,-9807.0,-18044.0,9.028799999999999,-894.3984000000061,411.8500000000059,-8237.0,10962623.608358454,10962623.608358454
2026-04-30,-4.464347965852583,0.002463,0.002463,406.01,137031.3221810682,1.0,1.00000263,1.00000263,137032.43470917738,-61176.047114974295,-6971.0,-33414.0,0.243837,-17.16957299999995,-44.95309999999945,-26443.0,-3.28799785260189,0.0909,0.0909,11.0,137031.3221810682,1.0,0.9998999999999999,0.9998999999999999,137046.49975445613,-45060.859689925725,-6568.0,-24612.0,8.9991,-597.0311999999969,541.3199999999885,-18044.0,10962505.774485454,10962505.774485454
2026-05-01,-4.195088417714337,0.0024820000000000003,0.0024820000000000003,402.9,137029.0252831932,1.0,0.9999978,0.9999978,137031.62365064022,-57485.97772373907,2015.0,-31399.0,0.250682,-5.0012300000000245,-63.48660000000043,-33414.0,-3.81892276751175,0.0908,0.0908,11.01,137029.0252831932,1.0,0.999708,0.999708,137071.3470143964,-52346.48878867821,-3980.0,-28592.0,8.9892,-361.3839999999991,246.11999999999475,-24612.0,10962322.022655454,10962322.022655454
2026-05-02,-3.4084982348346347,0.0025009999999999998,0.0025009999999999998,399.84,136990.55390834316,1.0,0.9999998399999999,0.9999998399999999,137029.04720784075,-46706.3265528997,5888.0,-25511.0,0.25260099999999996,-14.725887999999856,-59.65809999999953,-31399.0,-4.028738915138215,0.09179999999999999,0.09179999999999999,10.89,136990.55390834316,1.0,0.999702,0.999702,137069.87210508052,-55221.8727842756,-1570.0,-30162.0,9.0882,-144.12599999999878,-2859.19999999999,-28592.0,10959244.312667454,10959244.312667454
2026-05-03,-2.433163626097525,0.0024950000000000003,0.0024950000000000003,400.8,137019.93555115568,1.0,0.9999960000000001,0.9999960000000001,136991.10187275065,-33332.17661757974,7305.0,-18206.0,0.251995,-18.225975000000183,15.30659999999973,-25511.0,-3.054640334086901,0.0908,0.0908,11.01,137019.93555115568,1.0,0.999708,0.999708,137030.56683385864,-41857.90964534953,7299.0,-22863.0,9.1708,-662.7491999999983,3016.1999999999894,-30162.0,10961594.844092453,10961594.844092453
2026-05-04,-2.271483359579193,0.0024990000000000004,0.0024990000000000004,400.16,136986.59678873068,1.0,0.9999998400000002,0.9999998400000002,137019.95747434883,-31123.855333323205,1206.0,-17000.0,0.25239900000000004,-3.013794000000035,-7.282400000000209,-18206.0,-3.5931278598722054,0.09179999999999999,0.09179999999999999,10.89,136986.59678873068,1.0,0.999702,0.999702,137060.7796634954,-49247.69059047111,-4036.0,-26899.0,9.0882,-370.50479999999686,-2286.299999999992,-22863.0,10958927.743098453,10958927.743098453
2026-05-05,-2.057607574204769,0.0026200000000000004,0.0026200000000000004,381.68,136902.20107498066,1.0,1.0000016000000003,1.0000016000000003,136986.37761052646,-28186.420813429384,1605.0,-15395.0,0.26462,-4.205100000000018,-205.7,-17000.0,-2.7082912887713126,0.094,0.094,10.64,136902.20107498066,1.0,1.0001600000000002,1.0001600000000002,136964.68243954034,-37094.02563203363,6638.0,-20261.0,9.494,-623.9719999999961,-5917.780000000017,-26899.0,10952176.085998453,10952176.085998453
2026-05-06,2.249202805588616,0.00267,0.00267,374.53,136823.56625773068,1.0,0.9999950999999999,0.9999950999999999,136902.871899053,30792.232356848886,32214.0,16819.0,0.26967,-86.01138000000019,-76.97500000000007,-15395.0,-0.1030915400916007,0.09609999999999999,0.09609999999999999,10.41,136823.56625773068,1.0,1.0004009999999999,1.0004009999999999,136847.32529753636,-1410.7801522339291,19490.0,-771.0,9.7061,-1872.988999999997,-4254.809999999981,-20261.0,10945885.300618453,10945885.300618453
2026-05-07,5.2813317823472055,0.002683,0.002683,372.72,136796.39657585567,1.0,1.0000077600000001,1.0000077600000001,136822.5045150956,72260.50416359185,22650.0,39469.0,0.270983,-60.769949999999795,21.86469999999946,16819.0,2.8702489738558308,0.09609999999999999,0.09609999999999999,10.41,136796.39657585567,1.0,1.0004009999999999,1.0004009999999999,136768.72200020863,39256.02839766722,22213.0,21442.0,9.7061,-2134.669299999997,-0.0,-771.0,10943711.726068454,10943711.726068454
