Date,AD1_small_alpha_forecast,AD1_small_one_perc_change,AD1_small_block_value,AD1_small_price_volatility,AD1_small_cash_vol_daily,AD1_small_std_dev,AD1_small_icv,AD1_small_ivv,AD1_small_vol_scalar,AD1_small_alpha_subsystem_position,AD1_small_alpha_trades_needed,AD1_small_alpha_target_pos,AD1_small_execution_price,AD1_small_daily_instrument_pnls,AD1_small_daily_current_pnls,AD1_small_alpha_current_pos,RX1_small_alpha_forecast,RX1_small_one_perc_change,RX1_small_block_value,RX1_small_price_volatility,RX1_small_cash_vol_daily,RX1_small_std_dev,RX1_small_icv,RX1_small_ivv,RX1_small_vol_scalar,RX1_small_alpha_subsystem_position,RX1_small_alpha_trades_needed,RX1_small_alpha_target_pos,RX1_small_execution_price,RX1_small_daily_instrument_pnls,RX1_small_daily_current_pnls,RX1_small_alpha_current_pos,AUM,NAV
2017-01-03,,0.6754000000000001,675.4000000000001,0.83,125000.0,0.5590872024883597,560.582,363.537427,343.8435514921549,,0.0,0.0,67.54,0.0,0.0,0.0,,1.6321,1632.1000000000001,0.77,125000.0,1.257936405,1256.717,1421.0955836,87.96030431911053,,0.0,0.0,163.21,0.0,0.0,0.0,10000000.0,10000000.0
2017-01-04,,0.68585,685.8499999999999,0.86,125000.0,0.5896780901358368,589.8309999999999,382.50540349999994,326.79276908567914,,0.0,0.0,68.585,0.0,0.0,0.0,,1.6319,1631.8999999999999,0.75,125000.0,1.225921694,1223.925,1384.01439,90.31698001348093,,0.0,0.0,163.19,0.0,-0.0,0.0,10000000.0,10000000.0
2017-01-05,1.4543917920142115,0.67755,677.55,0.85,123374.80937500001,0.5772185461211865,575.9174999999999,373.48249874999993,334.6877040245785,48.67670496214288,35.0,35.0,68.43254999999999,-23714.24999999988,-0.0,0.0,-9.24058742726136,1.6354,1635.3999999999999,0.69,123374.80937500001,1.135498129,1128.426,1276.0241208,97.96053065331678,-90.52128479228901,-65.0,-65.0,161.9046,-106301.00000000028,0.0,0.0,9869984.75,9869984.75
2017-01-06,0.3410304284000633,0.6900000000000001,690.0000000000001,0.92,124206.03687499999,0.6339311871064877,634.8000000000002,411.6678000000001,299.69506814718073,10.22051374796192,-28.0,7.0,68.31,-19319.999999999935,43575.00000000016,35.0,-8.6162041445734,1.6284,1628.4,0.66,124206.03687499999,1.075610214,1074.7440000000001,1215.3205152000003,101.51627314107894,-87.46849333798097,2.0,-63.0,164.4684,-3256.7999999999984,45499.99999999926,-65.0,9936482.95,9936482.95
2017-01-09,2.3912730487564264,0.6951999999999999,695.1999999999999,1.04,123610.635625,0.7222159187663528,723.0079999999999,468.8706879999999,264.90467426063543,63.34594080490577,38.0,45.0,70.2152,-26417.59999999999,3639.9999999999723,7.0,-10.011096561012293,1.6295,1629.5,0.65,123610.635625,1.055782174,1059.175,1197.71509,103.70248977576128,-103.81756387625362,-11.0,-74.0,161.32049999999998,-17924.50000000008,-6929.999999999069,-63.0,9888850.85,9888850.85
2017-01-10,4.404397250477489,0.6911,691.1,1.09,122798.06437499999,0.7499626657282047,753.2990000000001,488.5144015,253.0337595891735,111.44611950125378,35.0,80.0,69.8011,-24188.500000000204,-18449.999999999847,45.0,-10.274211465083276,1.6312,1631.2,0.62,122798.06437499999,1.004879761,1011.344,1143.6277952,108.08642124982867,-111.05027484248103,-6.0,-80.0,161.4888,-9787.20000000004,-12580.000000001179,-74.0,9823845.149999999,9823845.149999999
2017-01-11,4.8342484762231015,0.69285,692.8499999999999,1.15,122514.003125,0.7965732860108475,796.7774999999998,516.7102087499999,237.65364472296199,114.88767698708452,2.0,82.0,69.97785,-1385.7000000000141,13999.999999999773,80.0,-9.642055906111738,1.6348,1634.8,0.6,122514.003125,0.978354401,980.8799999999999,1109.1791039999998,110.71076251991852,-106.74793616253143,4.0,-76.0,165.1148,-6539.200000000051,-28799.999999998818,-80.0,9801120.25,9801120.25
2017-01-12,5.156335433515691,0.6988,698.8,1.27,122503.310625,0.8876954244856439,887.476,575.528186,212.87229036772146,109.7640933636723,-3.0,79.0,69.18119999999999,-2096.400000000017,48789.999999999905,82.0,-7.817475394379706,1.6388999999999998,1638.8999999999999,0.56,122503.310625,0.910149621,917.784,1037.8301472,118.04822152790128,-92.28390671446529,10.0,-66.0,165.5289,-16389.000000000065,-31159.99999999974,-76.0,9800264.85,9800264.85
2017-01-13,6.383693110772326,0.6988,698.8,1.38,122476.405625,0.9648293458704054,964.3439999999998,625.3770839999999,195.88711156707498,125.04832045998265,11.0,90.0,70.5788,-7686.800000000062,0.0,79.0,-5.563581781901875,1.6341,1634.1000000000001,0.53,122476.405625,0.872885445,866.0730000000001,979.3553484000001,125.0856605063086,-69.59243019700614,16.0,-50.0,165.0441,-26145.59999999983,31679.999999999323,-66.0,9798112.45,9798112.45
2017-01-16,7.327580870966104,0.6993,699.3000000000001,1.46,122038.056875,1.0242032675789208,1020.9780000000001,662.104233,184.9805506756215,135.545994463146,7.0,97.0,70.6293,-4895.099999999957,4500.000000001023,90.0,-6.415252850300199,1.6358000000000001,1635.8000000000002,0.46,122038.056875,0.754192062,752.4680000000001,850.8908144000001,143.9390384198276,-92.34053264922689,-16.0,-66.0,161.94420000000002,-26172.799999999825,-8500.000000000797,-50.0,9763044.549999999,9763044.549999999
2017-01-17,8.071031130524771,0.7004,700.4,1.55,121819.704375,1.0882852337443436,1085.62,704.0245699999999,173.34346282119103,139.9060484702796,3.0,100.0,70.74040000000001,-2101.2000000000057,10669.999999999945,97.0,-6.114750176375742,1.639,1639.0,0.42,121819.704375,0.688355044,688.38,778.420104,156.77659948386943,-95.86497393455798,-3.0,-69.0,162.261,-4917.00000000003,-21119.99999999955,-66.0,9745576.35,9745576.35
2017-01-18,8.190980478258968,0.69595,695.9499999999999,1.61,121394.498125,1.118435365433618,1120.4795,726.6309557499999,167.6500339147573,137.32181549752312,-2.0,98.0,68.89905,-1391.8999999999926,-44500.00000000074,100.0,-4.756389408879193,1.6341999999999999,1634.1999999999998,0.4,121394.498125,0.661785967,653.68,739.181344,164.8035429517009,-78.38698262412375,13.0,-56.0,165.05419999999998,-21244.599999999908,33120.00000000125,-69.0,9711559.85,9711559.85
2017-01-19,7.526000623297232,0.6931999999999999,693.1999999999999,1.61,120690.69812499998,1.1180218766431145,1116.052,723.7597219999999,167.72762345705667,126.2318198681972,-8.0,90.0,68.62679999999999,-5545.600000000036,-26950.000000000557,98.0,-6.045294976128091,1.6303,1630.3000000000002,0.34,120690.69812499998,0.548840292,554.3020000000001,626.8047016000002,193.67196483230714,-117.08041560176028,-28.0,-84.0,161.3997,-45648.400000000154,21839.999999999236,-56.0,9655255.849999998,9655255.849999998
2017-01-20,6.677663945116378,0.6984,698.4,1.62,121408.93937499999,1.128697885464725,1131.4080000000001,733.7180880000001,164.49192148715292,109.8421773377675,-11.0,79.0,69.1416,-7682.400000000072,46800.000000000924,90.0,-7.765436718705103,1.6229,1622.9,0.33,121408.93937499999,0.539440142,535.557,605.6078556,199.28852806149098,-154.75624534253944,-27.0,-111.0,160.66709999999998,-43818.30000000042,62160.000000000764,-84.0,9712715.149999999,9712715.149999999
2017-01-23,6.8063524084669575,0.7033499999999999,703.3499999999999,1.64,120059.34062499995,1.156741183952782,1153.4939999999997,748.0408589999997,162.30255060840204,110.46883562338276,0.0,79.0,70.335,0.0,39104.999999999236,79.0,-10.07572126593916,1.6313,1631.3,0.33,120059.34062499995,0.539948454,538.3290000000001,608.7424332,199.44221521865148,-200.95241692045815,-33.0,-144.0,161.49869999999999,-53832.900000000336,-93240.00000000038,-111.0,9604747.249999996,9604747.249999996
2017-01-24,7.650959277702816,0.70635,706.35,1.67,120145.98499999997,1.17904700216704,1179.6045,764.9735182499999,156.94574748110892,120.07855227865937,7.0,86.0,71.34135,-4944.4500000000035,23700.0000000009,79.0,-7.602717756494386,1.6276,1627.6,0.34,120145.98499999997,0.551983393,553.384,625.7666272,191.85960932785255,-145.86544585909405,40.0,-104.0,164.3876,-65104.000000000044,53280.000000000655,-144.0,9611678.799999997,9611678.799999997
2017-01-25,8.641840145926025,0.71155,711.5500000000001,1.73,121720.30437499995,1.2341036558243448,1230.9815,798.2915027500001,150.50390062541595,130.06306505431806,7.0,93.0,71.86655,-4980.850000000018,44719.99999999966,86.0,-7.928802070193195,1.6176,1617.6,0.4,121720.30437499995,0.647763589,647.04,731.672832,164.20725185543034,-130.19667984520714,11.0,-93.0,163.3776,-17793.60000000011,104000.0,-104.0,9737624.349999996,9737624.349999996
2017-01-26,9.67787484939761,0.71255,712.5500000000001,1.74,121931.68812499993,1.2422055989189549,1239.8370000000002,804.0342945000001,151.3869560137275,146.51040141321158,12.0,105.0,71.96755,-8550.600000000088,9299.99999999947,93.0,-10.006961490623397,1.6143,1614.3000000000002,0.47,121931.68812499993,0.757355707,758.721,857.9617068,141.8714884478804,-141.97025215153613,-9.0,-102.0,159.8157,-14528.700000000128,30689.99999999852,-93.0,9754535.049999993,9754535.049999993
2017-01-27,10.8597645677207,0.71235,712.35,1.72,121063.19562499993,1.2218961698874091,1225.242,794.5694369999999,153.45630280642163,166.64993199105965,14.0,119.0,71.94735,-9972.90000000001,-2099.999999999582,105.0,-11.665858662509295,1.6185,1618.5,0.5,121063.19562499993,0.812758062,809.25,915.0999,133.24412790887632,-155.44071637942614,-9.0,-111.0,160.23149999999998,-14566.500000000104,-42839.99999999873,-102.0,9685055.649999995,9685055.649999995
2017-01-30,11.186929077536949,0.70695,706.9499999999999,1.68,119649.73249999993,1.1875269470565546,1187.676,770.2078859999999,157.182492967879,175.83894010621125,7.0,126.0,71.40195,-4948.650000000043,-64260.00000000074,119.0,-10.871063800315412,1.6207,1620.7,0.52,119649.73249999993,0.842975484,842.764,952.9975312,127.0341125360094,-138.09959421954062,12.0,-99.0,163.6907,-19448.399999999994,-24419.999999999873,-111.0,9571978.599999994,9571978.599999994
2017-01-31,10.315753403708342,0.70645,706.45,1.63,119223.42499999993,1.1506694790361869,1151.5135,746.75650475,160.2258992575584,165.2850865628388,-8.0,118.0,69.93854999999999,-5651.60000000003,-6299.999999999642,126.0,-9.904526897892575,1.6213,1621.3,0.52,119223.42499999993,0.846005319,843.076,953.3503408,125.50447341278165,-124.30624327227395,10.0,-89.0,163.7513,-16212.999999999909,-5940.000000000226,-99.0,9537873.999999994,9537873.999999994
2017-02-01,9.905708307157846,0.7134,713.4000000000001,1.6,120629.76999999993,1.140265210372284,1141.4400000000003,740.2238400000001,161.06401679794575,159.54531691796223,-4.0,114.0,70.6266,-2853.6000000000286,82010.00000000087,118.0,-9.315737448804374,1.6161,1616.1000000000001,0.54,120629.76999999993,0.875672503,872.6940000000002,986.8423752000002,120.81303761995152,-112.54625388599939,8.0,-81.0,163.2261,-12928.79999999991,46279.999999998385,-89.0,9650381.599999994,9650381.599999994
2017-02-02,10.018324017386565,0.7083,708.3000000000001,1.57,118816.54624999993,1.1144397695637491,1112.0310000000002,721.1521035000001,167.27368528018155,167.58019787192043,6.0,120.0,71.53829999999999,-4249.799999999965,-58140.00000000058,114.0,-10.243133070383736,1.6237000000000001,1623.7,0.51,118816.54624999993,0.82122226,828.087,936.4007796,128.82279962595615,-131.9549079068049,-13.0,-94.0,160.7463,-21108.100000000177,-61559.999999999265,-81.0,9505323.699999994,9505323.699999994
2017-02-03,9.16154422192688,0.6936,693.6,1.53,116064.56499999993,1.0610313378903002,1061.208,688.193388,172.64993869717318,158.1740048287117,-7.0,113.0,68.6664,-4855.200000000024,-176399.99999999985,120.0,-8.002448679143788,1.6249000000000002,1624.9000000000003,0.48,116064.56499999993,0.785932143,779.9520000000001,881.9697216000002,134.7172622144582,-107.80679770659583,17.0,-77.0,164.1149,-27623.299999999945,-11280.000000000427,-94.0,9285165.199999994,9285165.199999994
2017-02-06,5.475985261010893,0.6889000000000001,688.9000000000001,1.5,114257.83874999994,1.0314777829172743,1033.3500000000001,670.127475,173.1977412208027,94.84282781654943,-45.0,68.0,68.2011,-31000.500000000175,-53109.99999999987,113.0,-7.12520031477631,1.6319,1631.8999999999999,0.44,114257.83874999994,0.716438413,718.036,811.9551088,142.94455905515935,-101.85086171753822,4.0,-73.0,164.8219,-6527.600000000007,-53899.99999999913,-77.0,9140627.099999994,9140627.099999994
2017-02-07,3.826496453181482,0.69505,695.05,1.32,113945.90687499993,0.9187111442950416,917.466,594.9767009999999,192.03750089366937,73.48308160474616,-15.0,53.0,68.80995,-10425.749999999922,41819.99999999965,68.0,-4.648087145853548,1.6338,1633.8,0.44,113945.90687499993,0.721030975,718.872,812.9004576,140.55575646658357,-65.33154049080488,26.0,-47.0,165.0138,-42478.80000000021,-13869.999999999834,-73.0,9115672.549999993,9115672.549999993
2017-02-08,3.2624314760154296,0.6933499999999999,693.3499999999999,1.28,112991.72874999992,0.8854618380550859,887.4879999999999,575.5359679999999,197.98225169308608,64.59035296159331,-7.0,46.0,68.64165,-4853.449999999967,-9010.000000000091,53.0,-3.481370279847096,1.6422,1642.2,0.47,112991.72874999992,0.770075105,771.834,872.7898872,130.5536516246197,-45.45056026914626,14.0,-33.0,165.8622,-22990.800000000036,-39480.00000000016,-47.0,9039338.299999993,9039338.299999993
2017-02-09,2.878870847119377,0.69475,694.75,1.11,112525.67187499991,0.768075951095893,771.1725,500.10536625,225.93584547444343,65.04401188556436,1.0,47.0,70.16975,-694.7499999999991,6440.000000000026,46.0,-0.7827594742629326,1.6422999999999999,1642.3,0.49,112525.67187499991,0.80645996,804.727,909.9852916,124.16874183903559,-9.71942590818133,26.0,-7.0,165.8723,-42699.800000000156,-329.99999999969987,-33.0,9002053.749999993,9002053.749999993
2017-02-10,2.7935763694362903,0.6920999999999999,692.0999999999999,1.09,112225.42312499991,0.7577213647851413,754.389,489.22126649999996,230.009771815592,64.2549863283471,-1.0,46.0,68.5179,-692.0999999999964,-12455.000000000027,47.0,0.1298862380961002,1.6391,1639.1,0.51,112225.42312499991,0.831093657,835.9409999999999,945.2820827999999,119.0392517984579,1.5461560601876125,8.0,1.0,165.5491,-13112.800000000107,2239.9999999999523,-7.0,8978033.849999992,8978033.849999992
2017-02-13,2.4131993757668297,0.6970000000000001,697.0000000000001,1.08,112330.20312499991,0.7536960041368495,752.7600000000002,488.1648600000001,229.89246527289959,55.47763536900588,-6.0,40.0,69.003,-4182.000000000016,22540.00000000042,46.0,-0.6083347718737098,1.6376,1637.6,0.52,112330.20312499991,0.846974419,851.552,962.9350016000001,116.54516965166665,-7.089847919302943,-6.0,-5.0,162.1224,-9825.599999999951,-150.00000000000568,1.0,8986416.249999993,8986416.249999993
2017-02-14,2.781385188537002,0.6996,699.6,1.04,112277.24562499992,0.7297643455151624,727.5840000000001,471.838224,238.06931573436896,66.21624686287127,7.0,47.0,70.6596,-4897.200000000026,10399.999999999636,40.0,-1.436466494280927,1.6341999999999999,1634.1999999999998,0.52,112277.24562499992,0.851208357,849.7839999999999,960.9357471999999,116.89668477035082,-16.791817096512847,-7.0,-12.0,161.7858,-11439.399999999949,1700.000000000017,-5.0,8982179.649999993,8982179.649999993
2017-02-15,3.389729103954823,0.6907,690.6999999999999,1.07,111441.08312499992,0.7403840782448731,739.049,479.27327649999995,234.2656082244551,79.40969502541137,10.0,57.0,69.7607,-6907.000000000067,-41830.00000000003,47.0,-2.878365688978977,1.6330000000000002,1633.0000000000002,0.52,111441.08312499992,0.847630619,849.1600000000002,960.2301280000003,116.92743473781098,-33.655991624964365,-12.0,-24.0,161.667,-19596.000000000116,1439.9999999997135,-12.0,8915286.649999993,8915286.649999993
2017-02-16,2.494067852216256,0.69025,690.25,1.11,110936.50249999993,0.7675528211911693,766.1775000000001,496.8661087500001,224.28795436533161,55.93893766219203,-17.0,40.0,68.33475,-11734.250000000102,-2564.999999999287,57.0,-3.882138469398687,1.6384,1638.4,0.52,110936.50249999993,0.845453133,851.9680000000001,963.4054144000002,115.67412997611642,-44.906298989450534,-8.0,-32.0,162.2016,-13107.19999999992,-12959.999999999809,-24.0,8874920.199999994,8874920.199999994
2017-02-17,2.026441476376381,0.69025,690.25,1.15,110396.75812499992,0.7922558509209864,793.7874999999999,514.77119375,215.50643052081222,43.67111692331987,-9.0,31.0,68.33475,-6212.250000000055,0.0,40.0,-2.6593056588654607,1.6443,1644.3000000000002,0.54,110396.75812499992,0.890519511,887.9220000000001,1004.0621976000002,110.48767971264165,-29.382051189474247,11.0,-21.0,166.07430000000002,-18087.30000000017,-18880.00000000011,-32.0,8831740.649999993,8831740.649999993
2017-02-20,1.7557565072950057,0.68845,688.45,1.2,109894.87249999992,0.8239754749496823,826.14,535.7517899999999,206.05952268493576,36.17903478441788,-5.0,26.0,68.15655,-3442.2500000000155,-5580.000000000211,31.0,-0.548852692961219,1.6458000000000002,1645.8000000000002,0.57,109894.87249999992,0.937918795,938.106,1060.8102648,104.06833510968485,-5.71181859769411,17.0,-4.0,166.22580000000002,-27978.600000000144,-3150.000000000119,-21.0,8791589.799999993,8791589.799999993
2017-02-21,1.4075910665861353,0.68585,685.8499999999999,1.26,109603.02374999992,0.8663824694201627,864.1709999999999,560.4148935,196.09556022622004,27.602235877163082,-6.0,20.0,67.89914999999999,-4115.100000000012,-6760.000000000133,26.0,0.6068619907021261,1.6441,1644.1,0.59,109603.02374999992,0.962182762,970.0189999999999,1096.8974852,100.18700378364213,6.07996845586225,8.0,4.0,166.0541,-13152.80000000007,680.0000000000637,-4.0,8768241.899999993,8768241.899999993
2017-02-22,0.8073066843422386,0.6801,680.1,1.39,109382.63749999991,0.9423577257701048,945.3389999999999,613.0523414999999,178.78248940673842,14.43322987414054,-10.0,10.0,67.32990000000001,-6800.999999999959,-11499.999999999773,20.0,0.3881122854944619,1.6499000000000001,1649.9,0.63,109382.63749999991,1.033838801,1039.4370000000001,1175.3953596000001,93.24779348056897,3.619061424505921,-1.0,3.0,163.3401,-1649.9000000000024,2320.00000000005,4.0,8750610.999999993,8750610.999999993
2017-02-23,-0.2618683185083274,0.6809000000000001,680.9000000000001,1.47,109140.7262499999,0.9994508908989096,1000.9230000000001,649.0985655000001,168.5146806875818,-4.412865607562476,-13.0,-3.0,67.40910000000001,-8851.699999999923,799.999999999983,10.0,1.8921455579511397,1.6563999999999999,1656.3999999999999,0.69,109140.7262499999,1.147469244,1142.9159999999997,1292.4094127999997,84.63466484898379,16.014110514268815,8.0,11.0,167.29639999999998,-13251.199999999926,1949.9999999999318,3.0,8731258.099999992,8731258.099999992
2017-02-24,-0.8816535327109031,0.6729,672.9000000000001,1.66,108961.68374999991,1.114642132398854,1117.0140000000001,724.383579,150.66703527524317,-13.283612391349639,-7.0,-10.0,66.61710000000001,-4710.299999999989,2399.9999999999914,-3.0,4.1322293053867805,1.6621000000000001,1662.1000000000001,0.77,108961.68374999991,1.272212901,1279.8170000000002,1447.2170636000003,75.41420633785836,31.162879347178382,11.0,22.0,167.87210000000002,-18283.100000000104,6270.000000000237,11.0,8716934.699999992,8716934.699999992
2017-02-27,-2.17055373777936,0.6738500000000001,673.85,1.77,108667.66124999989,1.1935617216209276,1192.7145,773.47535325,140.87285818761143,-30.577210889078167,-12.0,-22.0,66.71115,-8086.200000000019,-949.9999999999886,-10.0,5.770996059506462,1.6608,1660.8,0.83,108667.66124999989,1.378103407,1378.464,1558.7670911999999,69.90247893039424,40.340693045703865,7.0,29.0,167.7408,-11625.599999999962,-2859.9999999999,22.0,8693412.899999991,8693412.899999991
2017-02-28,-2.93332280890908,0.67375,673.75,1.85,108567.49249999989,1.2460986785371768,1246.4375,808.31471875,134.43731597272722,-39.434804531131775,-6.0,-28.0,66.70125,-4042.49999999999,220.00000000011255,-22.0,6.556599961067485,1.6605,1660.5,0.88,108567.49249999989,1.457088993,1461.24,1652.370192,65.76471893291082,43.11929535951372,2.0,31.0,167.71050000000002,-3321.0000000000264,-870.000000000033,29.0,8685399.399999991,8685399.399999991
2017-03-01,-3.387839291224674,0.6754000000000001,675.4000000000001,1.84,107992.2974999999,1.2451070904352588,1242.7360000000003,805.9142960000001,134.7134466268357,-45.638750753869196,-5.0,-33.0,66.86460000000001,-3376.999999999981,-4620.000000000175,-28.0,6.880829968180138,1.6493000000000002,1649.3000000000002,0.86,107992.2974999999,1.422931013,1418.3980000000001,1603.9244584000003,67.68865698843555,46.57541395118933,2.0,33.0,166.57930000000002,-3298.6000000000217,-34720.00000000014,31.0,8639383.799999991,8639383.799999991
2017-03-02,-3.353377521834125,0.67305,673.0500000000001,1.83,107434.4156249999,1.2328861801962443,1231.6815000000001,798.74545275,135.20239411466233,-45.3384669322267,1.0,-32.0,67.97805000000001,-673.0500000000035,7754.999999999981,-33.0,1.664153045919731,1.6461000000000001,1646.1000000000001,0.82,107434.4156249999,1.343974206,1349.8020000000001,1526.3561016,70.75170557302923,11.77416663333726,-25.0,8.0,162.96390000000002,-41152.499999999745,-10559.999999999774,33.0,8594753.249999993,8594753.249999993
2017-03-03,-3.634639001415541,0.67715,677.15,1.74,106576.9399999999,1.1798295074510885,1178.241,764.0892885,140.60453044160155,-51.10467101187637,-5.0,-37.0,67.03785,-3385.7499999999873,-13119.99999999989,-32.0,-1.0092618643108222,1.6071000000000002,1607.1000000000001,0.89,106576.9399999999,1.433094786,1430.3190000000002,1617.4047252000003,66.42395310902477,-6.703916274970896,-13.0,-5.0,159.1029,-20892.300000000036,-31200.000000000044,8.0,8526155.199999992,8526155.199999992
2017-03-06,-3.114008483395628,0.6722,672.2,1.74,105940.43749999991,1.1725912189046683,1169.6280000000002,758.5037580000001,140.5094422749055,-43.7547595241244,6.0,-31.0,67.8922,-4033.200000000022,18315.000000000167,-37.0,-10.032242566187286,1.6088,1608.8,0.94,105940.43749999991,1.512663545,1512.272,1710.0771776,62.32288308155473,-62.52382804982868,-40.0,-45.0,159.2712,-64352.00000000009,-849.9999999999375,-5.0,8475234.999999993,8475234.999999993
2017-03-07,-3.6286570406734175,0.65865,658.65,1.9,106063.4131249999,1.2512443806010685,1251.435,811.5555975,130.53996279041118,-47.36847550686714,-3.0,-34.0,65.20635,-1975.9499999999832,42005.00000000012,-31.0,-12.062428443288905,1.6130000000000002,1613.0000000000002,0.97,106063.4131249999,1.559563721,1564.6100000000001,1769.2609880000002,59.87835498467448,-72.22783723044874,-7.0,-52.0,159.687,-11290.999999999996,-18900.000000000717,-45.0,8485073.049999991,8485073.049999991
2017-03-08,-4.718962639776807,0.66155,661.55,1.83,106340.8681249999,1.2138749249074938,1210.6365,785.09777025,135.09580226068653,-63.751204365885485,-12.0,-46.0,65.49345,-7938.600000000065,-9860.000000000213,-34.0,-12.393933119483965,1.605,1605.0,1.02,106340.8681249999,1.637802186,1637.1000000000001,1851.2326800000003,57.293399295976066,-71.0090559062217,1.0,-51.0,162.105,-1604.9999999999898,41600.00000000059,-52.0,8507269.449999992,8507269.449999992
2017-03-09,-5.547284328956643,0.66125,661.25,1.8,106588.8537499999,1.1908856298231407,1190.25,771.877125,137.7691664654525,-76.42447381472238,-9.0,-55.0,65.46375,-5951.249999999959,1380.0000000000523,-46.0,-13.608148368956464,1.5999,1599.9,1.11,106588.8537499999,1.783292834,1775.8890000000004,2008.1752812000004,52.95397723522177,-72.06055789432409,-1.0,-52.0,158.39010000000002,-1599.899999999991,26009.999999999534,-51.0,8527108.299999991,8527108.299999991
2017-03-10,-6.139159422159141,0.6608499999999999,660.8499999999999,1.88,106592.53187499993,1.241862277651049,1242.3979999999997,805.6951029999998,132.29428024710225,-81.21756770767597,-3.0,-58.0,65.42415,-1982.5499999999893,2200.000000000344,-55.0,-5.962506328186193,1.5900999999999998,1590.1,1.26,106592.53187499993,1.999657304,2003.5259999999998,2265.5872007999997,47.0468996789717,-28.05174370574097,32.0,-20.0,160.6001,-50883.200000000215,50960.000000000946,-52.0,8527402.549999993,8527402.549999993
2017-03-13,-6.656051024322535,0.66975,669.75,1.87,105780.82749999993,1.2508634351196588,1252.4325000000001,812.20247625,131.2388659132704,-87.35325878929511,-5.0,-63.0,66.30524999999999,-3348.750000000038,-51620.00000000004,-58.0,-7.71803114741835,1.5919,1591.9,1.37,105780.82749999993,2.177819093,2180.9030000000002,2466.1651124000005,43.22197704405411,-33.35885650790105,-4.0,-24.0,157.5981,-6367.600000000039,-3600.0000000001364,-20.0,8462466.199999994,8462466.199999994
2017-03-14,-4.43433155194686,0.67085,670.8499999999999,1.83,105387.15937499993,1.2257344736875373,1227.6554999999998,796.1345917499999,132.8680208047246,-58.91808568991222,21.0,-42.0,67.75585,-14087.850000000031,-6929.9999999999645,-63.0,-7.951628743625008,1.5956000000000001,1595.6000000000001,1.44,105387.15937499993,2.305374156,2297.664,2598.1984512000004,40.713143929072906,-32.37358055097581,1.0,-23.0,161.1556,-1595.5999999999904,-8880.00000000011,-24.0,8430972.749999994,8430972.749999994
2017-03-15,-4.669211092709513,0.6647,664.6999999999999,1.84,105481.00812499993,1.2236095169563357,1223.048,793.146628,132.87222772508582,-62.04084796069952,-2.0,-44.0,65.8053,-1329.3999999999926,25829.999999999785,-42.0,-7.004529383486605,1.6009,1600.9,1.48,105481.00812499993,2.375401931,2369.332,2679.2406256,39.33471236888217,-27.55211485788292,3.0,-20.0,161.6909,-4802.699999999987,-12190.000000000025,-23.0,8438480.649999995,8438480.649999995
2017-03-16,-4.97464871743342,0.6672,667.2,1.79,105294.48312499994,1.192326052995922,1194.288,774.495768,136.1931368552035,-67.75130135799724,-5.0,-49.0,66.0528,-3335.99999999997,-11000.0,-44.0,-5.314573437226113,1.5972,1597.2,1.53,105294.48312499994,2.450139588,2443.716,2763.3540528,38.17136932494051,-20.286454547687647,5.0,-15.0,161.3172,-7986.0000000000755,7400.000000000091,-20.0,8423558.649999995,8423558.649999995
2017-03-17,-4.379722460039931,0.6735,673.5,1.71,104827.78687499995,1.152398115519488,1151.685,746.8677224999999,140.98143480152868,-61.745955644891026,5.0,-44.0,68.0235,-3367.500000000021,-30869.999999999778,-49.0,-5.292359310882135,1.5982,1598.2,1.57,104827.78687499995,2.511795374,2509.174,2837.3739592,37.10983629196618,-19.6398587625099,1.0,-14.0,161.41819999999998,-1598.1999999999914,-1499.9999999999147,-15.0,8386222.9499999955,8386222.9499999955
2017-03-20,-3.487070724962798,0.6738500000000001,673.85,1.59,104745.02562499995,1.0699301768431304,1071.4215000000002,694.8168427500001,150.87110793127061,-52.609822370983636,6.0,-38.0,68.05885,-4043.1000000000095,-1540.0000000004752,-44.0,-4.946478817327021,1.5978,1597.8000000000002,1.61,104745.02562499995,2.566085995,2572.4580000000005,2908.9355064000006,36.036476795159764,-17.825366911835452,1.0,-13.0,161.3778,-1597.8000000000065,559.9999999998886,-14.0,8379602.049999995,8379602.049999995
2017-03-21,-2.518588724858739,0.6687000000000001,668.7,1.42,104946.94437499995,0.9513785173734082,949.554,615.785769,170.09978290842892,-42.841139533408835,7.0,-31.0,67.5387,-4680.900000000009,19570.000000000022,-38.0,-4.789876573343916,1.5956000000000001,1595.6000000000001,1.65,104946.94437499995,2.625223038,2632.7400000000002,2977.1023920000002,35.183548240217846,-16.852485348293502,1.0,-12.0,161.1556,-1595.5999999999904,2859.9999999999854,-13.0,8395755.549999995,8395755.549999995
2017-03-22,-2.4419944461380494,0.6750499999999999,675.05,1.32,104576.41874999995,0.8878297509393254,891.066,577.856301,181.61425979674476,-44.35010137631235,-1.0,-32.0,66.82995,-675.0499999999988,-19684.999999999716,-31.0,-5.092091927953527,1.6019999999999999,1601.9999999999998,1.66,104576.41874999995,2.652399417,2659.3199999999997,3007.159056,34.89903341348232,-17.770908633817378,-1.0,-13.0,158.59799999999998,-1602.0000000000039,-7679.999999999836,-12.0,8366113.499999995,8366113.499999995
2017-03-23,-1.6707388226222897,0.6698500000000001,669.85,1.22,104665.04374999995,0.8195460125295083,817.217,529.9652245,197.32694508146912,-32.9681787897067,8.0,-24.0,67.65485,-5358.799999999974,16639.999999999873,-32.0,-3.524587640372912,1.6003,1600.3,1.67,104665.04374999995,2.666248801,2672.5009999999997,3022.0641308,34.60430163747601,-12.196589385518408,4.0,-9.0,161.6303,-6401.200000000017,2209.999999999837,-13.0,8373203.499999995,8373203.499999995
2017-03-24,-2.091181354209953,0.66685,666.85,1.11,104638.62062499995,0.7416823219229733,740.2035000000001,480.02196975000004,218.04219461978062,-45.5965771819903,-9.0,-33.0,66.01815,-6001.64999999997,7199.999999999932,-24.0,-3.336279404624688,1.6022,1602.2,1.65,104638.62062499995,2.645217823,2643.63,2989.4168040000004,35.01186037689776,-11.680934869303917,1.0,-8.0,161.8222,-1602.2000000000105,-1709.9999999999795,-9.0,8371089.649999996,8371089.649999996
2017-03-27,-2.608488567062199,0.6668999999999999,666.9,0.99,104504.15437499995,0.6615961129368043,660.231,428.15980349999995,244.3915093608267,-63.74924580547908,-13.0,-46.0,66.0231,-8669.699999999977,-164.99999999984993,-33.0,-2.7660084594999823,1.6026,1602.6000000000001,1.63,104504.15437499995,2.605175106,2612.238,2953.9187303999997,35.423662658055086,-9.7982150578654,1.0,-7.0,161.8626,-1602.5999999999954,-319.99999999993634,-8.0,8360332.349999996,8360332.349999996
2017-03-28,-2.822160377733979,0.6722499999999999,672.2499999999999,0.87,104062.67312499996,0.5858623985087673,584.8574999999998,379.2800887499999,275.53293060918685,-77.7598119526173,-10.0,-56.0,66.55274999999999,-6722.500000000054,-24609.999999999844,-46.0,-2.442658324440226,1.6059999999999999,1605.9999999999998,1.59,104062.67312499996,2.553997716,2553.54,2887.543032,36.191375580164845,-8.840316483383237,1.0,-6.0,162.206,-1605.9999999999945,-2380.0000000000236,-7.0,8325013.849999996,8325013.849999996
2017-03-29,-2.0981053800668192,0.66995,669.95,0.82,104041.64312499994,0.5502301033686988,549.359,356.2593115,292.09811439553056,-61.285262532063584,12.0,-44.0,67.66495,-8039.400000000001,12879.999999999427,-56.0,-1.434319568575994,1.6115000000000002,1611.5000000000002,1.52,104041.64312499994,2.455001494,2449.4800000000005,2769.871984000001,37.56948831069152,-5.388665226541191,2.0,-4.0,162.7615,-3223.000000000013,-3300.000000000068,-6.0,8323331.4499999955,8323331.4499999955
2017-03-30,-2.07806020705259,0.6728000000000001,672.8000000000001,0.75,103744.26312499995,0.505633431107104,504.6,327.2331,317.9435183207321,-66.07057735126094,-3.0,-47.0,66.6072,-2018.3999999999855,-12539.99999999985,-44.0,0.388075019841083,1.6144,1614.4,1.42,103744.26312499995,2.2943174,2292.448,2592.3001983999998,40.13487449841487,1.5575342217291726,5.0,1.0,163.0544,-8071.999999999945,-1159.9999999999682,-4.0,8299541.049999996,8299541.049999996
2017-03-31,-1.496592097300201,0.6701,670.1,0.75,103692.85937499994,0.5013606486218082,502.57500000000005,325.9198875,318.3121592265521,-47.63834619730211,13.0,-34.0,67.68010000000001,-8711.300000000065,12689.999999999813,-47.0,1.7446820513577688,1.6141999999999999,1614.1999999999998,1.27,103692.85937499994,2.052317795,2050.0339999999997,2318.1784471999995,44.75249230718496,7.8078870081872225,5.0,6.0,163.0342,-8071.000000000055,-20.000000000010232,1.0,8295428.749999995,8295428.749999995
2017-04-03,-1.499583840758684,0.6804000000000001,680.4000000000001,0.79,103247.82687499996,0.5401124111267364,537.5160000000001,348.57912600000003,297.4729455687485,-44.60856222377828,2.0,-32.0,68.72040000000001,-1360.8000000000118,-35020.00000000004,-34.0,2.136363199673043,1.6209,1620.9,1.1,103247.82687499996,1.785396968,1782.9900000000002,2016.2050920000004,51.42971803138364,10.987255697180915,2.0,8.0,163.7109,-3241.800000000012,4020.0000000000955,6.0,8259826.149999996,8259826.149999996
2017-04-04,0.2108893828705637,0.6759999999999999,675.9999999999999,0.81,102960.46437499995,0.5486678564059797,547.56,355.09265999999997,290.76305569087225,6.131884137620739,36.0,4.0,68.276,-24336.00000000007,14080.000000000382,-32.0,4.06837214566401,1.6253,1625.3,0.91,102960.46437499995,1.476397304,1479.023,1672.4792083999998,61.73339934896614,25.115444236848653,10.0,18.0,164.1553,-16253.0000000001,3519.999999999982,8.0,8236837.149999996,8236837.149999996
2017-04-05,0.3678490647447778,0.67415,674.15,0.81,102644.65687499996,0.5440463368621599,546.0615,354.12088275,290.7494852476331,10.69519262233674,4.0,8.0,68.08915,-2696.5999999999894,-739.9999999999523,4.0,5.845072047835019,1.624,1624.0,0.77,102644.65687499996,1.249634213,1250.48,1414.042784,72.81283532578033,42.55962684863328,12.0,30.0,164.024,-19487.99999999994,-2339.999999999918,18.0,8211572.549999996,8211572.549999996
2017-04-06,0.3366000963967271,0.6698000000000001,669.8000000000001,0.81,102426.64437499995,0.5400792380010608,542.5380000000001,351.83589300000006,291.7401519207705,9.819976325932716,-1.0,7.0,66.31020000000001,-669.7999999999951,-3480.000000000018,8.0,5.981057583216544,1.6239,1623.8999999999999,0.63,102426.64437499995,1.015930936,1023.0569999999999,1156.8728555999999,88.72596187051549,53.06750870738286,8.0,38.0,164.01389999999998,-12991.199999999935,-300.0000000005798,30.0,8194131.549999995,8194131.549999995
2017-04-07,-0.3878247817030089,0.66845,668.45,0.78,102426.57249999995,0.5181419528660274,521.3910000000001,338.1220635,302.9280116025316,-11.748298997147838,-15.0,-8.0,66.17654999999999,-10026.750000000106,-945.0000000000358,7.0,5.885302239631312,1.6285,1628.5,0.68,102426.57249999995,1.111781303,1107.38,1252.225304,81.79569926259846,48.139241206238,-4.0,34.0,161.2215,-6514.00000000001,17480.000000000302,38.0,8194125.799999995,8194125.799999995
2017-04-10,-1.0006102475211502,0.6658499999999999,665.8499999999999,0.78,102314.05374999996,0.5195290335035805,519.3629999999999,336.80690549999997,304.11066646019214,-30.42962492405548,-14.0,-22.0,65.91914999999999,-9321.900000000085,2080.000000000041,-8.0,7.02543671001478,1.6299000000000001,1629.9,0.74,102314.05374999996,1.203930646,1206.126,1363.8872808,75.09900117253146,52.760327972294554,4.0,38.0,164.6199,-6519.5999999999685,4760.000000000502,34.0,8185124.299999996,8185124.299999996
2017-04-11,-1.619298472131284,0.667,667.0,0.71,102224.78999999995,0.4739174506034604,473.57,307.110145,333.1510059688844,-53.94709149544148,-17.0,-39.0,66.033,-11339.000000000027,-2530.0000000002,-22.0,7.7148617081125,1.6321,1632.1000000000001,0.79,102224.78999999995,1.296437426,1289.3590000000002,1458.0071572000002,70.1739036360335,54.13819620704114,1.0,39.0,164.84210000000002,-1632.1000000000083,8359.999999999956,38.0,8177983.1999999955,8177983.1999999955
2017-04-12,-1.996574629817855,0.6716500000000001,671.6500000000001,0.66,101896.44874999994,0.4454835387753399,443.2890000000001,287.47291650000005,355.59798552362037,-70.99779163107974,-12.0,-51.0,66.49335,-8059.799999999996,-18135.000000000135,-39.0,8.469021746413373,1.6325,1632.5,0.85,101896.44874999994,1.380338123,1387.625,1569.12635,65.147583558201,55.17363018806867,1.0,40.0,164.8825,-1632.4999999999932,1559.9999999996896,39.0,8151715.899999995,8151715.899999995
2017-04-13,-1.4555141731598993,0.6806,680.6,0.67,101177.86749999993,0.4567431809231164,456.00200000000007,295.71729700000003,344.57385409552126,-50.15321283363624,15.0,-36.0,68.7406,-10208.999999999975,-45644.999999999796,-51.0,8.70226986954494,1.6325,1632.5,0.88,101177.86749999993,1.438623416,1436.6,1624.50728,62.7245257712849,54.58457507009477,-1.0,39.0,161.6175,-1632.4999999999932,0.0,40.0,8094229.399999995,8094229.399999995
2017-04-14,0.4907080324675076,0.6722499999999999,672.2499999999999,0.61,101121.45812499995,0.4088940367867287,410.07249999999993,265.93201624999995,380.46516146022697,18.669731080258057,49.0,13.0,67.89725,-32940.25000000026,30060.000000000287,-36.0,8.61293563840416,1.6325,1632.5,0.88,101121.45812499995,1.434294252,1436.6,1624.50728,62.28218780281485,53.6432474964645,-1.0,38.0,161.6175,-1632.4999999999932,0.0,39.0,8089716.649999995,8089716.649999995
2017-04-17,0.3694931467543347,0.6718000000000001,671.8000000000001,0.61,101206.26062499994,0.4080492208705665,409.79800000000006,265.754003,380.5077514674349,14.059500645411884,-3.0,10.0,66.5082,-2015.4000000000137,-584.9999999998374,13.0,8.426732897591705,1.6354,1635.3999999999999,0.88,101206.26062499994,1.437828223,1439.1519999999998,1627.3930815999997,62.13708247154439,52.3612597023332,-1.0,37.0,161.9046,-1635.4000000000042,11019.999999999698,38.0,8096500.849999995,8096500.849999995
2017-04-18,0.2986556400003419,0.6744,674.4,0.61,101225.27062499995,0.4128566135109579,411.38399999999996,266.78252399999997,379.3586592838441,11.329760317808809,-2.0,8.0,66.76559999999999,-1348.8000000000113,2599.999999999909,10.0,9.167803334329257,1.6368,1636.8,0.89,101225.27062499995,1.451327898,1456.752,1647.2951616,61.43784246090991,56.32500569671255,3.0,40.0,165.3168,-4910.399999999981,5180.000000000547,37.0,8098021.649999996,8098021.649999996
2017-04-19,0.5755907121935897,0.67315,673.15,0.58,100869.23687499994,0.3899999999825487,390.42699999999996,253.19190949999995,399.7966239320138,23.01192235016206,8.0,16.0,67.98815,-5385.200000000054,-1000.0,8.0,9.845779165104169,1.6325,1632.5,0.89,100869.23687499994,1.452959967,1452.925,1642.96759,61.611240076257346,60.661066387904555,3.0,43.0,164.8825,-4897.49999999998,-17200.000000000273,40.0,8069538.9499999955,8069538.9499999955
2017-04-20,0.5432938630642138,0.6758,675.8,0.57,100546.39937499995,0.3865669411452205,385.20599999999996,249.80609099999995,403.79014167032443,21.93767059353167,0.0,16.0,67.58,0.0,4240.000000000009,16.0,8.322959770503944,1.6274000000000002,1627.4,0.86,100546.39937499995,1.404913995,1399.564,1582.6269712,63.73532026850115,53.046650655491966,-5.0,38.0,161.11260000000001,-8136.999999999972,-21929.999999999607,43.0,8043711.9499999955,8043711.9499999955
2017-04-21,1.0215057775030614,0.67,670.0,0.58,100097.75687499995,0.3874110650455305,388.59999999999997,252.00709999999995,398.98240714249704,40.756283401813945,13.0,29.0,67.67,-8710.000000000022,-9279.999999999973,16.0,5.706242638975807,1.6274000000000002,1627.4,0.83,100097.75687499995,1.350658852,1350.742,1527.4190536,65.82764509714634,37.56285152767032,-11.0,27.0,161.11260000000001,-17901.39999999994,0.0,38.0,8007820.549999995,8007820.549999995
2017-04-24,0.3245612668894337,0.6707,670.6999999999999,0.58,99425.82562499994,0.385937926770249,389.0059999999999,252.27039099999993,396.78757573654366,12.878187826703973,-20.0,9.0,66.3993,-13413.99999999993,2029.9999999998022,29.0,4.838127132008833,1.6135,1613.5,0.79,99425.82562499994,1.280078383,1274.665,1441.391182,69.44524021307627,33.59849008637552,-3.0,24.0,159.7365,-4840.499999999964,-37530.0000000004,27.0,7954066.049999994,7954066.049999994
2017-04-25,-0.0149925695043201,0.66325,663.25,0.63,98653.33499999993,0.418100865007151,417.8475,270.97410375,366.92002759322696,-0.5501074016218503,-9.0,0.0,65.66175,-5969.2500000000455,-6704.999999999913,9.0,-0.1318606456832862,1.6098,1609.8,0.74,98653.33499999993,1.195272912,1191.252,1347.0677616,73.8090751328689,-0.9732512304306276,-25.0,-1.0,159.37019999999998,-40245.000000000175,-8880.00000000011,24.0,7892266.799999994,7892266.799999994
2017-04-26,-1.4574327105105715,0.6607,660.6999999999999,0.7,98046.37249999994,0.4641581088232988,462.4899999999999,299.9247649999999,328.9269393942843,-47.938888084135826,-34.0,-34.0,65.40929999999999,-22463.800000000192,-0.0,0.0,-3.0834544444149468,1.6127000000000002,1612.7000000000003,0.71,98046.37249999994,1.143467388,1145.017,1294.7852236,76.19281808430419,-23.49370835545473,-16.0,-17.0,159.65730000000002,-25803.199999999833,-290.00000000002046,-1.0,7843709.799999994,7843709.799999994
2017-04-27,-2.590654947113377,0.66445,664.4499999999999,0.73,97510.16124999995,0.4818908071196543,485.04849999999993,314.55395224999995,311.6996998406017,-80.75063694058095,-24.0,-58.0,65.78054999999999,-15946.800000000054,-12750.0,-34.0,-3.045108446981897,1.6200999999999999,1620.1,0.65,97510.16124999995,1.058430757,1053.065,1190.805902,82.33614927111768,-25.07225036374428,-1.0,-18.0,160.38989999999998,-1620.1000000000079,-12579.99999999967,-17.0,7800812.899999995,7800812.899999995
2017-04-28,-2.7614346331416773,0.6628499999999999,662.8499999999999,0.76,97273.60437499994,0.5016825855589429,503.76599999999996,326.69225099999994,298.47711707738046,-82.42250482977616,-1.0,-59.0,65.62214999999999,-662.8500000000059,9279.999999999802,-58.0,-0.1140115683584731,1.6200999999999999,1620.1,0.6,97273.60437499994,0.976690842,972.06,1099.205448,88.7096779109122,-1.0113929507198098,17.0,-1.0,163.6301,-27541.700000000135,-0.0,-18.0,7781888.349999994,7781888.349999994
2017-05-01,-3.0086772020697463,0.66435,664.35,0.77,96991.07937499993,0.5120255527345393,511.5495,331.73985075,293.22254819577154,-88.22119958894152,-4.0,-63.0,65.77065,-2657.3999999999955,-8850.000000000335,-59.0,0.9099499516067154,1.6178000000000001,1617.8000000000002,0.55,96991.07937499993,0.890082955,889.7900000000002,1006.1745320000002,96.67667117517531,8.797093225734912,7.0,6.0,163.3978,-11324.599999999919,229.99999999998977,-1.0,7759286.349999994,7759286.349999994
2017-05-02,-2.9452466987812094,0.6674500000000001,667.45,0.77,96683.09562499993,0.5142160700066845,513.9365,333.28782025,291.01297281804864,-85.71049974948636,2.0,-61.0,67.41245,-1334.9000000000046,-19530.000000000142,-63.0,0.5526592886912685,1.6169,1616.9,0.51,96683.09562499993,0.826390142,824.619,932.4791652,104.014205351384,5.748441674328341,-2.0,4.0,160.07309999999998,-3233.8000000000306,-540.0000000000205,6.0,7734647.649999994,7734647.649999994
2017-05-03,-2.7507511489456085,0.66975,669.75,0.77,96413.59937499993,0.5142909358068833,515.7075,334.43631374999995,289.09269612770913,-79.52220660250796,4.0,-57.0,67.64475,-2679.0000000000305,-14029.999999999376,-61.0,0.143153659280385,1.6169,1616.9,0.49,96413.59937499993,0.79979164,792.2810000000001,895.9113548000001,107.91591724672705,1.5448558448468188,-3.0,1.0,160.07309999999998,-4850.700000000046,0.0,4.0,7713087.949999995,7713087.949999995
2017-05-04,-1.7715333980806902,0.67065,670.65,0.76,96151.82437499994,0.5117414711744501,509.694,330.536559,291.68815596885287,-51.67353101233923,20.0,-37.0,67.73564999999999,-13412.999999999898,-5130.000000000195,-57.0,0.0351522292316663,1.609,1609.0,0.52,96151.82437499994,0.83316905,836.6800000000001,946.1177440000001,101.90444052701322,0.3582168253130274,-1.0,0.0,159.291,-1609.0000000000089,-789.999999999992,1.0,7692145.949999995,7692145.949999995
2017-05-05,-1.164968131532416,0.6766,676.6,0.78,95417.25437499993,0.5273694151033457,527.748,342.244578,280.9447703653612,-32.72917041963385,14.0,-23.0,68.3366,-9472.400000000107,-22014.999999999956,-37.0,-2.5207660942319743,1.6046,1604.6000000000001,0.56,95417.25437499993,0.898368892,898.5760000000001,1016.1097408000002,94.62740146482406,-23.853354519780556,-17.0,-17.0,158.8554,-27278.200000000084,-0.0,0.0,7633380.349999994,7633380.349999994
2017-05-08,0.6037031805401046,0.67975,679.75,0.77,94768.55374999993,0.522412911389492,523.4075,339.42976375,281.11045219145115,16.970727407104608,35.0,12.0,68.65474999999999,-23791.24999999995,-7244.999999999947,-23.0,-4.936075392087856,1.6046,1604.6000000000001,0.61,94768.55374999993,0.97273549,978.806,1106.8338248,86.2073892548788,-42.55261727171463,-13.0,-30.0,158.8554,-20859.800000000065,-0.0,-17.0,7581484.299999994,7581484.299999994
2017-05-09,2.223507543580496,0.6774500000000001,677.4500000000002,0.78,94466.71499999994,0.5295802583050493,528.4110000000002,342.6745335000001,276.55557821019084,61.49234143696251,32.0,44.0,68.42245000000001,-21678.400000000238,-2759.999999999877,12.0,-5.76957333758735,1.6029,1602.9,0.65,94466.71499999994,1.047753629,1041.885,1178.163558,80.43751914282171,-46.40901657880963,-3.0,-33.0,158.6871,-4808.700000000016,5100.0000000004775,-30.0,7557337.199999995,7557337.199999995
2017-05-10,2.8784607537056512,0.6781,678.1,0.81,94221.12624999993,0.5465022872655112,549.2610000000001,356.1957585,265.2101063690794,76.33968826694964,11.0,55.0,68.4881,-7459.100000000007,2859.9999999999,44.0,-6.567614380259675,1.6059999999999999,1605.9999999999998,0.68,94221.12624999993,1.092688275,1092.08,1234.924064,76.49597068666397,-50.23960371136569,-3.0,-36.0,158.994,-4817.999999999984,-10230.000000000075,-33.0,7537690.099999994,7537690.099999994
2017-05-11,3.3995624640554443,0.67085,670.8499999999999,0.81,93559.41249999992,0.5462076070382336,543.3884999999999,352.38744224999994,267.37935281801305,90.89728115035544,10.0,65.0,67.75585,-6708.500000000015,-39875.000000000466,55.0,-5.414777992102331,1.6041999999999998,1604.1999999999998,0.71,93559.41249999992,1.141248877,1138.9819999999997,1287.9608455999996,73.15527220558229,-39.61195579450423,8.0,-28.0,162.02419999999998,-12833.599999999933,6480.000000000246,-36.0,7484752.9999999935,7484752.9999999935
2017-05-12,2.099481471431333,0.6648999999999999,664.9,0.84,92678.77249999992,0.5568495457959064,558.516,362.19762599999996,258.31039682187185,54.231789200559504,-26.0,39.0,65.82509999999999,-17287.400000000078,-38674.99999999993,65.0,-5.585003244831583,1.6088,1608.8,0.71,92678.77249999992,1.149990145,1142.2479999999998,1291.6540383999998,72.43380171357187,-40.45430176057864,-1.0,-29.0,159.2712,-1608.8000000000022,-12880.000000000222,-28.0,7414301.799999993,7414301.799999993
2017-05-15,0.2557961141654811,0.6709,670.9000000000001,0.82,92599.56374999993,0.5480973149478997,550.138,356.764493,259.7757745471602,6.644963368349167,-34.0,5.0,66.4191,-22810.600000000108,23400.00000000033,39.0,-3.469979925231078,1.6051,1605.1,0.72,92599.56374999993,1.163212792,1155.6719999999998,1306.8338975999998,70.91855565592878,-24.60859644524558,11.0,-18.0,162.11509999999998,-17656.099999999926,10730.000000000131,-29.0,7407965.099999994,7407965.099999994
2017-05-16,0.1797553273433711,0.6667000000000001,666.7,0.82,92503.21624999994,0.5489901334751814,546.694,354.53105899999997,261.188861735242,4.6950089339660925,-2.0,3.0,66.0033,-1333.4000000000117,-2100.0000000000086,5.0,-4.079405441127165,1.6048,1604.8,0.72,92503.21624999994,1.158195148,1155.456,1306.5896447999999,70.8711905980046,-28.91123205446604,-3.0,-21.0,158.87519999999998,-4814.400000000034,540.0000000000205,-18.0,7400257.299999994,7400257.299999994
2017-05-17,-0.5600794974417362,0.6668000000000001,666.8000000000001,0.83,92202.72124999993,0.5542654297835166,553.4440000000001,358.90843400000006,257.734863511176,-14.435201282855394,-13.0,-10.0,66.01320000000001,-8668.399999999934,30.000000000015348,3.0,-4.397107679107966,1.6106,1610.6000000000001,0.7,92202.72124999993,1.121400464,1127.42,1274.8865360000002,72.55799919280027,-31.904533543137166,-2.0,-23.0,159.4494,-3221.2000000000103,-12180.000000000262,-21.0,7376217.699999994,7376217.699999994
2017-05-18,-1.0027180927675912,0.6620999999999999,662.0999999999999,0.81,91769.18249999994,0.5380057310597542,536.3009999999999,347.79119849999995,265.1094152113799,-26.583000719548625,-9.0,-19.0,65.5479,-5958.899999999957,4700.000000000131,-10.0,-1.7299594960391524,1.6153,1615.3,0.66,91769.18249999994,1.070873942,1066.098,1205.5436184,76.48227724217193,-13.23112417937945,14.0,-9.0,163.1453,-22614.19999999987,-10809.999999999975,-23.0,7341534.599999994,7341534.599999994
2017-05-19,-2.0650822070869967,0.6658499999999999,665.8499999999999,0.81,91216.93249999994,0.5412179166655698,539.3385,349.76101724999995,262.37681723805645,-54.18296968304272,-20.0,-39.0,65.91914999999999,-13317.00000000012,-7125.0,-19.0,1.1823024340844426,1.6130000000000002,1613.0000000000002,0.63,91216.93249999994,1.013879184,1016.1900000000002,1149.1076520000001,79.86125785541277,9.442015955149984,16.0,7.0,162.913,-25807.999999999993,2069.999999999908,-9.0,7297354.599999994,7297354.599999994
2017-05-22,-2.0145771561057964,0.6658499999999999,665.8499999999999,0.82,91153.03749999993,0.5440870028342564,545.9969999999998,354.07905449999987,257.6174200103666,-51.899016936779674,2.0,-37.0,67.25085,-1331.700000000012,-0.0,-39.0,1.2215825133016276,1.6099,1609.9,0.57,91153.03749999993,0.92497081,917.643,1037.6707044,87.90547146914321,10.738378677024048,1.0,8.0,162.59990000000002,-1609.9000000000103,-2170.000000000016,7.0,7292242.999999994,7292242.999999994
2017-05-23,-1.9324324563090884,0.66175,661.75,0.84,91133.13999999994,0.5537468585191737,555.87,360.481695,252.8645386557005,-48.864364154789975,2.0,-35.0,66.83675,-1323.4999999999957,15169.999999999874,-37.0,-0.0825579487971833,1.6087,1608.7,0.5,91133.13999999994,0.798855848,804.35,909.55898,100.21674185438742,-0.8273688642635053,-9.0,-1.0,159.2613,-14478.29999999999,-960.0000000000364,8.0,7290651.199999995,7290651.199999995
2017-05-24,-2.666987496887827,0.6541500000000001,654.1500000000001,0.95,91240.29999999993,0.6185498497722072,621.4425000000001,403.00546125000005,226.13375937222472,-60.30959088699639,-8.0,-43.0,64.76085,-5233.200000000011,26599.99999999968,-35.0,-1.130933797479439,1.608,1608.0,0.43,91240.29999999993,0.691509701,691.4399999999999,781.8803519999999,116.55637562305691,-13.181754450382366,-8.0,-9.0,159.192,-12864.000000000033,69.99999999999318,-1.0,7299223.999999994,7299223.999999994
2017-05-25,-4.249631693190081,0.6509,650.9000000000001,1.05,91013.41374999993,0.6856886441040595,683.4450000000002,443.2140825000001,205.8605617523444,-87.48315676006766,-20.0,-63.0,64.4391,-13018.000000000142,13975.000000000122,-43.0,-1.86338842782012,1.6131,1613.1,0.38,91013.41374999993,0.612828959,612.978,693.1555224,131.63034420340057,-24.527846013859584,-9.0,-18.0,159.6969,-14517.900000000025,-4589.999999999918,-9.0,7281073.099999994,7281073.099999994
2017-05-26,-5.835851931232988,0.6509,650.9000000000001,1.16,90338.44749999994,0.754644894406168,755.0440000000001,489.64603400000004,185.87593369540073,-108.47444266260393,-15.0,-78.0,64.4391,-9763.500000000107,-0.0,-63.0,0.3431190910744645,1.6179,1617.8999999999999,0.33,90338.44749999994,0.533491018,533.9069999999999,603.7420355999999,150.74884368379392,5.17248062253099,22.0,4.0,163.40789999999998,-35593.799999999814,-8639.999999999816,-18.0,7227075.799999994,7227075.799999994
2017-05-29,-6.94953945951019,0.6525,652.5,1.22,89565.56124999993,0.7971028269008508,796.05,516.2384249999999,174.9936524000513,-121.61252925179664,-9.0,-87.0,64.5975,-5872.500000000031,-12479.999999999734,-78.0,3.254114880378613,1.6228,1622.8,0.36,89565.56124999993,0.582065861,584.208,660.6224063999999,136.74747726510046,44.49920006225995,28.0,32.0,163.9028,-45438.40000000034,1960.0000000000364,4.0,7165244.899999994,7165244.899999994
2017-05-30,-7.2263336475393745,0.6516,651.5999999999999,1.3,89151.71999999993,0.8439682063442994,847.0799999999999,549.33138,163.04468397563585,-117.82152858655611,3.0,-84.0,65.8116,-1954.8000000000059,7830.0000000002965,-87.0,6.344677339722776,1.6233000000000002,1623.3000000000002,0.39,89151.71999999993,0.627957536,633.0870000000001,715.8947796000001,125.10995163289763,79.37822750990581,25.0,57.0,163.9533,-40582.50000000001,1600.0000000003638,32.0,7132137.599999994,7132137.599999994
2017-05-31,-7.7410038940289105,0.6497499999999999,649.7499999999999,1.38,89188.69312499992,0.8947184380127815,896.6549999999997,581.4807674999998,153.31843284051516,-118.68385856448378,-1.0,-85.0,64.32525,-649.7499999999974,15540.000000000191,-84.0,7.556858387714298,1.6232,1623.2,0.41,89188.69312499992,0.667510799,665.512,752.5609695999999,118.46444819930765,89.5219059020884,7.0,64.0,163.9432,-11362.39999999998,-570.0000000011016,57.0,7135095.449999993,7135095.449999993
2017-06-01,-8.546184272080795,0.6577,657.6999999999999,1.38,88225.95062499992,0.9055480844880864,907.6259999999999,588.5954609999999,151.52800018789125,-129.4986211985612,-8.0,-93.0,65.11229999999999,-5261.600000000044,-67575.00000000015,-85.0,7.798215165267857,1.6228,1622.8,0.42,88225.95062499992,0.682662191,681.5759999999999,770.7261407999999,115.72034267894904,90.24121312089736,1.0,65.0,163.9028,-1622.8000000000122,-2559.9999999994907,64.0,7058076.049999993,7058076.049999993
2017-06-02,-6.57513975788722,0.66155,661.55,1.37,87787.23312499991,0.90685114544048,906.3235,587.75078975,150.10775342816106,-98.69794575326334,22.0,-71.0,66.81655,-14554.100000000119,-35805.00000000047,-93.0,7.550050036658936,1.6269,1626.9,0.45,87787.23312499991,0.726697323,732.105,827.864334,106.57054181657732,80.46129231490121,-7.0,58.0,161.0631,-11388.300000000043,26649.999999999778,65.0,7022978.649999992,7022978.649999992
2017-06-05,-4.83920184693396,0.662,662.0,1.37,88853.94812499991,0.9080725925387508,906.94,588.15059,149.259789274376,-72.22982479295341,19.0,-52.0,66.86200000000001,-12578.000000000116,-3195.000000000121,-71.0,9.769049177638315,1.6449,1644.9,0.59,88853.94812499991,0.968188687,970.491,1097.4312228000001,79.99338026944271,78.14592657377084,-2.0,56.0,162.8451,-3289.800000000014,104400.00000000065,58.0,7108315.849999992,7108315.849999992
2017-06-06,-3.689896413577467,0.66765,667.65,1.36,88467.77187499992,0.9083740969373324,908.004,588.840594,150.89643789911656,-55.67922250255651,12.0,-40.0,67.43265,-8011.799999999937,-29379.999999999884,-52.0,14.345404862652275,1.6493000000000002,1649.3000000000002,0.73,88467.77187499992,1.200773639,1203.989,1361.4707612,65.26320700907603,93.62271271802813,11.0,67.0,166.57930000000002,-18142.30000000012,24639.999999999873,56.0,7077421.749999993,7077421.749999993
2017-06-07,-2.018457543127886,0.6657500000000001,665.7500000000001,1.35,88430.3531249999,0.9018149292695188,898.7625000000002,582.8474812500001,151.78545798168003,-30.637250260024285,18.0,-22.0,67.24075,-11983.50000000005,7599.999999999909,-40.0,16.95224678065053,1.6500000000000001,1650.0000000000002,0.84,88430.3531249999,1.389512265,1386.0000000000002,1567.2888000000003,56.44637534256603,95.68928846804064,2.0,69.0,166.65,-3300.0000000000114,4689.999999999543,67.0,7074428.249999992,7074428.249999992
2017-06-08,-1.2906415241298468,0.6716500000000001,671.6500000000001,1.35,88113.19937499991,0.9050534974906472,906.7275000000002,588.01278375,150.38848740845918,-19.409762660043604,8.0,-14.0,67.83665,-5373.199999999997,-12980.000000000075,-22.0,18.19838208016208,1.6497,1649.7,0.93,88113.19937499991,1.530609029,1534.2210000000002,1734.8971068000003,50.971526079785086,92.75993068088749,-3.0,66.0,163.3203,-4949.099999999988,-2070.000000000078,69.0,7049055.949999992,7049055.949999992
2017-06-09,0.3151282240105745,0.6741,674.1,1.32,87844.57812499991,0.8920090619794117,889.8120000000001,577.043082,152.69778310070774,4.811938119887794,17.0,3.0,68.08409999999999,-11459.699999999926,-3429.9999999998645,-14.0,19.18988714705589,1.6487,1648.7,0.98,87844.57812499991,1.621002776,1615.726,1827.0629608000002,48.22669019376242,92.54647422943279,0.0,66.0,164.87,0.0,-6599.999999999625,66.0,7027566.249999993,7027566.249999993
2017-06-12,1.8775401834030627,0.67535,675.35,1.28,87123.4743749999,0.8636261729784465,864.4480000000001,560.5945280000001,156.6989575128352,29.42085894277173,18.0,21.0,68.21034999999999,-12156.299999999903,375.0,3.0,8.946217429108142,1.651,1651.0,1.03,87123.4743749999,1.703488773,1700.53,1922.959324,45.68197414715566,40.86808733113515,-37.0,29.0,163.44899999999998,-61087.000000000386,15179.999999999325,66.0,6969877.949999992,6969877.949999992
2017-06-13,3.213509010758012,0.6764,676.4,1.27,86941.9706249999,0.8569774890003813,859.028,557.079658,156.39320719012846,50.25709805268225,15.0,36.0,68.3164,-10146.000000000015,2205.0000000000837,21.0,9.353628766173362,1.6493000000000002,1649.3000000000002,1.06,86941.9706249999,1.743157862,1748.2580000000003,1976.9301464000002,44.0700823616111,41.221519010519486,1.0,30.0,166.57930000000002,-1649.3000000000109,-4929.999999999637,29.0,6955357.649999992,6955357.649999992
2017-06-14,4.091685825674952,0.68205,682.0500000000001,1.3,87264.7181249999,0.8874815490965009,886.6650000000001,575.0022525,151.20283485324242,61.86744961708827,8.0,44.0,68.88705,-5456.400000000031,20339.99999999992,36.0,8.748865215044164,1.6546,1654.6000000000001,1.09,87264.7181249999,1.809684319,1803.5140000000004,2039.4136312000005,42.63086668389229,37.297170661789046,-3.0,27.0,163.80540000000002,-4963.799999999964,15900.000000000035,30.0,6981177.449999992,6981177.449999992
2017-06-15,5.591889699105838,0.69065,690.65,1.49,87292.73312499991,1.0284271972223862,1029.0684999999999,667.3509222499998,130.762864357456,73.12115142260322,8.0,52.0,69.75565,-5525.200000000041,37839.99999999998,44.0,9.98970937980996,1.6459000000000001,1645.9,1.09,87292.73312499991,1.797932794,1794.0310000000002,2028.6902548000003,43.0152991165243,42.971033705967386,4.0,31.0,166.23590000000002,-6583.600000000047,-23490.000000000124,27.0,6983418.649999992,6983418.649999992
2017-06-16,7.733968109946657,0.69065,690.65,1.67,86967.0662499999,1.1512873229505525,1153.3854999999999,747.9704967499998,116.7061180946238,90.2601395579489,13.0,65.0,69.75565,-8978.450000000066,0.0,52.0,5.7266881821167095,1.6473,1647.3,1.09,86967.0662499999,1.799502431,1795.557,2030.4158556,42.99253913145019,24.620486576326595,-13.0,18.0,163.0827,-21414.900000000016,4339.999999999577,31.0,6957365.299999991,6957365.299999991
2017-06-19,9.07816164308496,0.6895,689.5,1.8,86750.79124999991,1.2420714552660073,1241.1000000000001,804.8533500000001,108.05330716459078,98.09253885100652,5.0,70.0,69.6395,-3447.499999999977,-7474.999999999667,65.0,4.946896751976132,1.6465,1646.5,1.07,86750.79124999991,1.76395153,1761.755,1992.1925540000002,43.653946038189986,21.595156386726337,-3.0,15.0,163.0035,-4939.500000000009,-1439.9999999997135,18.0,6940063.299999992,6940063.299999992
2017-06-20,12.483079787762914,0.6803,680.3000000000001,1.87,85751.0962499999,1.2721557163544326,1272.1610000000003,824.9964085000001,105.15293200818812,131.26324401754212,24.0,94.0,68.7103,-16327.200000000063,-64400.00000000012,70.0,4.1796828213367565,1.6492,1649.2,1.04,85751.0962499999,1.71946765,1715.1680000000001,1939.5119744,44.72815450228751,18.69494990033074,-2.0,13.0,163.27079999999998,-3298.400000000015,4049.999999999727,15.0,6860087.699999992,6860087.699999992
2017-06-21,8.153670700017528,0.6819,681.9,1.92,85607.6474999999,1.3060759293853856,1309.2479999999998,849.0473279999999,100.99683895359944,82.34949665703527,-35.0,59.0,67.5081,-23866.49999999996,15039.99999999968,94.0,4.85064818402011,1.6497,1649.7,1.03,85607.6474999999,1.693615462,1699.191,1921.4451828,44.628437499861576,21.647684931435855,2.0,15.0,166.6197,-3299.3999999999915,650.0000000001478,13.0,6848611.799999991,6848611.799999991
2017-06-22,7.728140876123844,0.6774,677.4,1.94,85231.5974999999,1.3145511908327765,1314.156,852.2301659999999,100.45132279441034,77.63019737481935,-3.0,56.0,67.06259999999999,-2032.2000000000173,-26550.000000000167,59.0,5.232482498588377,1.6509,1650.9,1.02,85231.5974999999,1.682614236,1683.9180000000001,1904.1744744000002,44.957879989949255,23.524132022104606,2.0,17.0,166.7409,-3301.8000000000143,1800.0000000000682,15.0,6818527.799999991,6818527.799999991
2017-06-23,6.152790203810757,0.6692,669.2,1.96,84511.6999999999,1.3136419476604717,1311.632,850.593352,100.20252015795194,61.652508442499666,-12.0,44.0,66.2508,-8030.400000000043,-45919.99999999962,56.0,5.792929398917343,1.6507,1650.7,1.0,84511.6999999999,1.645153286,1650.7,1866.61156,45.66113235685731,26.45117160178946,2.0,19.0,166.7207,-3301.400000000001,-340.00000000017394,17.0,6760935.999999992,6760935.999999992
2017-06-26,3.3756632147266337,0.6697,669.6999999999999,1.96,84367.75749999989,1.3127257583567065,1312.6119999999999,851.2288819999999,99.28199311263491,33.51425720350646,-20.0,24.0,66.3003,-13394.00000000012,2199.999999999875,44.0,5.816284841316464,1.6514,1651.4,0.95,84367.75749999989,1.572584709,1568.83,1774.032964,47.63817906147988,27.70772187432048,1.0,20.0,166.79139999999998,-1651.3999999999953,1329.9999999998704,19.0,6749420.599999991,6749420.599999991
2017-06-27,2.149819383250864,0.67045,670.45,1.95,83905.9256249999,1.305315255657871,1307.3775,847.83430875,99.50972333779114,21.392793205351424,-9.0,15.0,66.37455,-6034.050000000022,1800.0000000000682,24.0,6.111242776652227,1.6375,1637.5,0.88,83905.9256249999,1.447767477,1441.0,1629.4828,51.77578891903608,31.641441603692964,3.0,23.0,165.3875,-4912.499999999965,-27799.999999999727,20.0,6712474.049999991,6712474.049999991
2017-06-28,1.494864962921355,0.66225,662.25,1.93,83019.8756249999,1.2767896916302075,1278.1425,828.87541125,101.2286339854914,15.132313818930104,-4.0,11.0,65.56275,-2649.000000000001,-12300.000000000111,15.0,-1.5893910041122616,1.6344999999999998,1634.4999999999998,0.79,83019.8756249999,1.297639138,1291.2549999999999,1460.151154,57.46386283032716,-9.133254664406296,-30.0,-7.0,161.8155,-49035.00000000008,-6900.000000000262,23.0,6641590.049999991,6641590.049999991
2017-06-29,-0.5431285492325888,0.66335,663.35,1.85,82738.8249999999,1.2253826613156955,1227.1975,795.8375787499999,104.31761183657213,-5.665787317620575,-15.0,-4.0,65.67165,-9950.24999999991,1209.9999999999936,11.0,-4.879997225420722,1.6217,1621.6999999999998,0.76,82738.8249999999,1.231862817,1232.492,1393.7019536,59.567883513799714,-29.069110627152735,-14.0,-21.0,160.54829999999998,-22703.800000000057,8960.000000000007,-7.0,6619105.999999992,6619105.999999992
2017-06-30,-1.587563194735797,0.6678000000000001,667.8000000000001,1.74,82283.40249999991,1.1619061924210743,1161.9720000000002,753.538842,109.80034523555442,-17.431498686525025,-8.0,-12.0,66.1122,-5342.399999999998,-1780.0000000000296,-4.0,-9.990925258820274,1.6187,1618.7,0.76,82283.40249999991,1.225758269,1230.212,1391.1237296,59.47625163707789,-59.422278478083214,-22.0,-43.0,160.25130000000001,-35611.399999999776,6299.999999999642,-21.0,6582672.199999992,6582672.199999992
2017-07-03,-1.2809940716874235,0.6678000000000001,667.8000000000001,1.65,82231.65499999991,1.1021909997756336,1101.8700000000001,714.5626950000001,115.15211062060817,-14.750917104729348,1.0,-11.0,67.4478,-667.7999999999997,-0.0,-12.0,-12.411143609511209,1.6165,1616.5,0.79,82231.65499999991,1.270025328,1277.035,1444.0711780000001,56.980157040430804,-70.71889119212878,-8.0,-51.0,160.0335,-12932.000000000016,9459.99999999995,-43.0,6578532.399999992,6578532.399999992
2017-07-04,-1.139351276091196,0.6687500000000001,668.7500000000001,1.54,81941.11437499992,1.026819442089526,1029.8750000000002,667.8739375000001,123.1245155452707,-14.028207390461446,1.0,-10.0,67.54375,-668.7500000000028,-1044.9999999999875,-11.0,-14.318650812320326,1.6185,1618.5,0.8,81941.11437499992,1.300481577,1294.8000000000002,1464.1598400000003,56.1630313531888,-80.41788345077087,-7.0,-58.0,160.23149999999998,-11329.500000000082,-10199.99999999942,-51.0,6555289.149999993,6555289.149999993
2017-07-05,-0.7725673849238683,0.667,667.0,1.39,81888.3143749999,0.9258459194990338,927.1299999999999,601.2438049999998,136.2860019405937,-10.529012012097372,2.0,-8.0,67.367,-1334.0000000000032,1749.9999999999716,-10.0,-14.734586264634258,1.6193000000000002,1619.3000000000002,0.82,81888.3143749999,1.324068855,1327.826,1501.5056408,54.57263172940317,-80.41051499050076,0.0,-58.0,161.93,0.0,-4640.000000000726,-58.0,6551065.149999992,6551065.149999992
2017-07-06,-0.7853470542733578,0.66405,664.0500000000001,1.34,82774.00187499991,0.8918193015701098,889.8270000000001,577.0528095000001,141.90783413038713,-11.144689951261181,0.0,-8.0,66.405,0.0,2360.0000000000136,-8.0,-13.85711481639113,1.605,1605.0,0.91,82774.00187499991,1.462289643,1460.55,1651.58994,49.581504701463544,-68.7056603417617,9.0,-49.0,162.105,-14444.999999999907,82940.0000000004,-58.0,6621920.149999993,6621920.149999993
2017-07-07,-1.5493876442670904,0.67095,670.95,1.29,82523.6643749999,0.8622194229543012,865.5255000000001,561.29328675,147.47014409218733,-22.84884191547225,-8.0,-16.0,66.42405,-5367.600000000039,-5519.999999999982,-8.0,-16.959600488872113,1.6049000000000002,1604.9000000000003,1.0,82523.6643749999,1.600948989,1604.9000000000003,1814.8209200000003,45.610010862669526,-77.35275625239925,-6.0,-55.0,158.8851,-9629.400000000089,489.99999999955435,-49.0,6601893.149999992,6601893.149999992
2017-07-10,-0.527676143419739,0.66915,669.15,1.25,82126.4106249999,0.835425889383953,836.4375,542.42971875,152.1370631483305,-8.027909875331634,10.0,-6.0,67.58415000000001,-6691.500000000019,2879.9999999998818,-16.0,-18.33701613924714,1.6094,1609.3999999999999,1.05,82126.4106249999,1.697524963,1689.87,1910.904996,43.18564478492782,-79.18958654050155,-2.0,-57.0,159.3306,-3218.7999999999874,-24749.999999999374,-55.0,6570112.849999992,6570112.849999992
2017-07-11,-0.1046557916046587,0.6694,669.4,1.24,82100.1331249999,0.8311714624470087,830.0559999999999,538.2913159999999,152.5687080283493,-1.5967198912806944,5.0,-1.0,67.6094,-3346.99999999998,-149.99999999994884,-6.0,-16.75690472635591,1.6069,1606.9,1.11,82100.1331249999,1.781416384,1783.6590000000003,2016.9615972000004,40.71788512930041,-68.23057217703911,8.0,-49.0,162.2969,-12855.199999999968,14250.0,-57.0,6568010.649999992,6568010.649999992
2017-07-12,0.2995155295140965,0.6807500000000001,680.7500000000001,1.22,81584.60562499991,0.8276146446180566,830.5150000000001,538.5889775,152.43559848938776,4.565682899834718,4.0,3.0,68.75575,-2723.000000000013,-1135.000000000005,-1.0,-16.745403535088705,1.6141999999999999,1614.1999999999998,1.12,81584.60562499991,1.803850049,1807.904,2044.3778432000001,40.15898205807746,-67.24783601208942,1.0,-48.0,163.0342,-1614.200000000011,-35769.9999999995,-49.0,6526768.449999993,6526768.449999993
2017-07-13,2.5012234275748497,0.6906,690.6,1.29,81392.1906249999,0.8894544207843951,890.874,577.7317889999999,141.21536529297666,35.32111800043335,22.0,25.0,69.7506,-15193.200000000075,2954.999999999998,3.0,-13.489211289503704,1.6115000000000002,1611.5000000000002,1.13,81392.1906249999,1.827658155,1820.9950000000001,2059.1811460000004,39.61992648557394,-53.44415596385109,10.0,-38.0,162.7615,-16115.000000000065,12959.999999999127,-48.0,6511375.249999992,6511375.249999992
2017-07-14,5.332759296232587,0.6854000000000001,685.4000000000001,1.33,80974.4081249999,0.9142219825182232,911.5820000000002,591.1609270000001,137.68195242206846,73.42247117022383,28.0,53.0,69.22540000000001,-19191.200000000037,-12999.9999999999,25.0,-13.245934616969937,1.6114,1611.3999999999999,1.14,80974.4081249999,1.842529964,1836.9959999999996,2077.2750767999996,39.182191869544276,-51.90047516535545,1.0,-37.0,162.7514,-1611.4000000000033,380.0000000007344,-38.0,6477952.649999992,6477952.649999992
2017-07-17,6.2627461188156754,0.68365,683.65,1.36,80733.9012499999,0.9296095954680126,929.764,602.951954,134.29661781144156,84.10656219686777,7.0,60.0,69.04865,-4785.550000000001,-9275.000000000602,53.0,-13.065984177407785,1.6128,1612.8,1.13,80733.9012499999,1.828621339,1822.4639999999997,2060.8422911999996,39.29189946788681,-51.33873367477064,0.0,-37.0,161.28,0.0,-5180.000000000547,-37.0,6458712.099999991,6458712.099999991
2017-07-18,6.606940822889305,0.6827,682.6999999999999,1.38,80444.02249999989,0.9404461707010088,942.1259999999999,610.9687109999999,132.14081146292926,87.30465216241464,3.0,63.0,68.9527,-2048.099999999991,-5699.999999999932,60.0,-12.321856260853377,1.6161,1616.1000000000001,1.11,80444.02249999989,1.799399159,1793.8710000000003,2028.5093268000005,39.799620432289885,-49.04052022031991,2.0,-35.0,163.2261,-3232.1999999999775,-12210.000000000462,-37.0,6435521.7999999905,6435521.7999999905
2017-07-19,6.6835567488310375,0.6789499999999999,678.9499999999999,1.38,79932.1249999999,0.9339049737452928,936.9509999999998,607.6127234999998,132.39357799590238,88.48599917164016,0.0,63.0,67.895,0.0,-23625.0,63.0,-10.609706746156975,1.6192,1619.2,1.06,79932.1249999999,1.720586915,1716.352,1940.8508416000002,41.44781287452434,-43.97491398682928,4.0,-31.0,163.5392,-6476.800000000026,-10849.999999999085,-35.0,6394569.999999992,6394569.999999992
2017-07-20,5.954350457521403,0.67935,679.35,1.3,79824.5762499999,0.8845337754920477,883.1550000000001,572.7260175,139.56433365627552,83.10149539599139,-4.0,59.0,67.25565,-2717.399999999998,2520.000000000394,63.0,-8.686161122748747,1.6193000000000002,1619.3000000000002,1.04,79824.5762499999,1.679224226,1684.0720000000003,1904.3486176000004,41.973472851171664,-36.45883480665973,5.0,-26.0,163.54930000000002,-8096.500000000049,-310.00000000059913,-31.0,6385966.099999991,6385966.099999991
2017-07-21,5.39680800430132,0.6743000000000001,674.3000000000001,1.22,79244.6499999999,0.8242376780918508,822.6460000000001,533.485931,149.62826873498167,80.7515038378698,-1.0,58.0,66.7557,-674.3000000000023,-29794.99999999973,59.0,-7.936425410703625,1.6248,1624.8,1.0,79244.6499999999,1.617944375,1624.8,1837.32384,43.44611141060462,-34.48068225953832,1.0,-25.0,164.10479999999998,-1624.7999999999934,-14299.999999999556,-26.0,6339571.999999992,6339571.999999992
2017-07-24,4.09236351604382,0.6754000000000001,675.4000000000001,1.13,79050.24249999989,0.7639713672555213,763.202,494.936497,160.11074244944984,65.52313609268171,-11.0,47.0,66.86460000000001,-7429.399999999959,6379.999999999967,58.0,-5.371852589062611,1.6254,1625.3999999999999,0.96,79050.24249999989,1.553927819,1560.3839999999998,1764.4822272,44.91099359257967,-24.125523720767344,8.0,-17.0,164.1654,-13003.200000000106,-1500.0000000000568,-25.0,6324019.399999991,6324019.399999991
2017-07-25,3.643047576042085,0.6797,679.6999999999999,1.12,79419.7362499999,0.7620086941671149,761.264,493.67970399999996,160.12455415829672,58.33413688912024,-5.0,42.0,67.2903,-3398.4999999999845,20209.999999999654,47.0,-4.278583195013967,1.6159999999999999,1615.9999999999998,0.91,79419.7362499999,1.468956886,1470.56,1662.909248,47.537316059234456,-20.33923616271081,2.0,-15.0,163.216,-3232.0000000000277,15979.999999999962,-17.0,6353578.899999991,6353578.899999991
2017-07-26,4.150206654536151,0.6790999999999999,679.0999999999999,1.11,79020.4387499999,0.7519010905606377,753.8009999999999,488.83994849999993,162.46572419807035,67.42663297008666,6.0,48.0,68.5891,-4074.600000000032,-2520.0000000000955,42.0,-7.735432982103662,1.6178000000000001,1617.8000000000002,0.84,79020.4387499999,1.358621483,1358.952,1536.7029216,51.68190619909074,-39.97819217904342,-14.0,-29.0,160.1622,-22649.199999999837,-2700.0000000001023,-15.0,6321635.099999991,6321635.099999991
2017-07-27,4.647362901047597,0.6715000000000001,671.5000000000001,1.12,78249.55749999991,0.7496679820558027,752.0800000000002,487.72388000000007,162.01880201149856,75.29601697404141,6.0,54.0,67.8215,-4028.999999999968,-36479.99999999956,48.0,-8.280314400381052,1.6222999999999999,1622.3,0.75,78249.55749999991,1.212180267,1216.725,1375.8726299999998,57.43296074579222,-47.5562971919903,-5.0,-34.0,160.6077,-8111.499999999978,-13049.99999999967,-29.0,6259964.599999992,6259964.599999992
2017-07-28,3.0210575506372948,0.66625,666.25,1.14,77794.3749999999,0.7592250434837866,759.525,492.55196249999995,158.86558872456004,47.99420863527712,-20.0,34.0,65.95875,-13325.000000000102,-28350.000000000306,54.0,-6.635227146135654,1.6198,1619.8,0.64,77794.3749999999,1.032837838,1036.672,1172.2686976,66.7505305397996,-44.29049322566353,2.0,-32.0,163.5998,-3239.599999999996,8500.0,-34.0,6223549.999999992,6223549.999999992
2017-07-31,1.1403960711188652,0.6729,672.9000000000001,1.12,77649.1949999999,0.7551820972363458,753.6480000000001,488.74072800000005,159.17309637432118,18.152037373310037,-21.0,13.0,66.61710000000001,-14130.899999999969,22610.00000000021,34.0,-7.123698601331768,1.6195,1619.5,0.48,77649.1949999999,0.782554577,777.36,879.0386880000001,88.49937558152149,-63.04428780488195,-13.0,-45.0,160.3305,-21053.499999999844,960.0000000000364,-32.0,6211935.599999992,6211935.599999992
2017-08-01,1.2479277256207986,0.6619,661.9000000000001,1.19,76841.59624999989,0.7889310806314455,787.6610000000001,510.7981585,152.01541686842222,18.970425343190772,1.0,14.0,66.8519,-661.9000000000028,-14300.00000000011,13.0,-7.446589865733615,1.6280000000000001,1628.0,0.43,76841.59624999989,0.70135583,700.04,791.605232,98.09080569593797,-73.0441999617017,-7.0,-52.0,161.172,-11396.0000000001,-38250.000000001026,-45.0,6147327.699999991,6147327.699999991
2017-08-02,-0.5390065045902349,0.6555500000000001,655.5500000000001,1.28,76087.91312499989,0.8379526140060927,839.1040000000002,544.158944,141.21167555411876,-7.611401164775588,-19.0,-5.0,64.89945,-12455.450000000099,-8889.999999999873,14.0,-4.002017524724727,1.6286000000000003,1628.6000000000004,0.4,76087.91312499989,0.649194886,651.4400000000002,736.6483520000002,104.31245253094636,-41.746026307586355,22.0,-30.0,164.48860000000002,-35829.20000000013,-3120.0000000001182,-52.0,6087033.0499999905,6087033.0499999905
2017-08-03,-2.6367000533522416,0.6557,655.6999999999999,1.35,75513.10062499989,0.8873618671768903,885.1949999999999,574.0489574999999,132.54603484755899,-34.94841371541868,-20.0,-25.0,64.9143,-13113.99999999992,-74.99999999993179,-5.0,-2.6251815157937517,1.6330000000000002,1633.0000000000002,0.44,75513.10062499989,0.718198441,718.5200000000001,812.5024160000002,93.646383846568,-24.58387558949369,12.0,-18.0,164.93300000000002,-19596.000000000116,-13199.99999999993,-30.0,6041048.0499999905,6041048.0499999905
2017-08-04,-3.94887669939183,0.6581999999999999,658.1999999999999,1.41,75085.08187499989,0.929422984071124,928.0619999999999,601.8482069999999,125.46868088451396,-49.54603504482863,-10.0,-35.0,65.1618,-6581.999999999936,-6250.0,-25.0,-0.4410730713122557,1.6313,1631.3,0.47,75085.08187499989,0.768976593,766.7109999999999,866.9967987999999,87.09732346130538,-3.841628396215495,15.0,-3.0,164.7613,-24469.500000000153,3060.0000000002865,-18.0,6006806.5499999905,6006806.5499999905
2017-08-07,-4.357880270278302,0.6583,658.3,1.47,75057.87437499988,0.9674849266627816,967.7009999999999,627.5540984999999,119.6471858832102,-52.14081107547622,-2.0,-37.0,65.1717,-1316.599999999994,-350.00000000017906,-35.0,-0.4884994641677748,1.6330000000000002,1633.0000000000002,0.5,75057.87437499988,0.823878025,816.5000000000001,923.2982000000002,81.32267763004398,-3.9726084446965175,0.0,-3.0,163.3,0.0,-510.00000000004775,-3.0,6004629.94999999,6004629.94999999
2017-08-08,-4.556704153541813,0.6547,654.6999999999999,1.57,75149.18437499988,1.0260633508640578,1027.879,666.5795314999999,112.60152889198022,-51.30918543972448,0.0,-37.0,65.47,0.0,13319.999999999978,-37.0,0.0919654767026456,1.6313,1631.3,0.53,75149.18437499988,0.861373516,864.589,977.6772412000001,76.77162893029393,0.7060339451813099,4.0,1.0,164.7613,-6525.200000000041,510.00000000004775,-3.0,6011934.74999999,6011934.74999999
2017-08-09,-5.189937189311192,0.6547,654.6999999999999,1.64,75052.30812499988,1.0763858508854525,1073.7079999999999,696.2996379999998,107.92650214619226,-56.01317672007974,-3.0,-40.0,64.8153,-1964.1000000000163,-0.0,-37.0,-0.6164482026248251,1.639,1639.0,0.58,75052.30812499988,0.947795688,950.6199999999999,1074.961096,69.90874800458815,-4.309512205518019,-4.0,-3.0,162.261,-6556.00000000004,770.0000000000102,1.0,6004184.64999999,6004184.64999999
2017-08-10,-5.704642072746321,0.65455,654.55,1.71,74768.89062499987,1.11764998992816,1119.2804999999998,725.8534042499998,103.3987134117652,-58.985265079659506,-2.0,-42.0,64.80045,-1309.1000000000008,600.0000000000227,-40.0,2.0090920534650416,1.6411000000000002,1641.1000000000001,0.6,74768.89062499987,0.983742344,984.6600000000001,1113.4535280000002,67.40497581413193,13.542280127217577,13.0,10.0,165.7511,-21334.299999999927,-630.0000000000239,-3.0,5981511.24999999,5981511.24999999
2017-08-11,-5.986939623887378,0.65005,650.0500000000001,1.83,74914.91812499988,1.1903063331147663,1189.5915000000002,771.4500877500001,96.91993275037366,-58.0253785727712,0.0,-42.0,65.005,0.0,18900.00000000012,-42.0,3.809040176991868,1.6454,1645.3999999999999,0.63,74914.91812499988,1.031898251,1036.6019999999999,1172.1895416,63.78566603054895,24.296216462654634,7.0,17.0,166.1854,-11517.799999999967,4299.9999999997835,10.0,5993193.44999999,5993193.44999999
2017-08-14,-6.855187961554821,0.64865,648.65,1.95,74686.59374999987,1.2627334767558136,1264.8674999999998,820.2665737499999,91.32996579698782,-62.60840820607244,-3.0,-45.0,64.21634999999999,-1945.9500000000105,5880.000000000024,-42.0,5.993638797371616,1.642,1642.0,0.64,74686.59374999987,1.057435262,1050.88,1188.3351040000002,63.04191290220428,37.78504550311738,10.0,27.0,165.84199999999998,-16419.99999999996,-5780.000000000058,17.0,5974927.49999999,5974927.49999999
2017-08-15,-7.729643234340555,0.6469,646.9,2.07,74560.72249999987,1.336949263554853,1339.0829999999999,868.3953254999999,86.00529224060163,-66.47902252850487,-3.0,-48.0,64.0431,-1940.7000000000066,7874.999999999872,-45.0,4.97264823085515,1.6385,1638.5,0.63,74560.72249999987,1.028142014,1032.255,1167.2739540000002,63.983774754902015,31.81688043383979,-4.0,23.0,162.2115,-6553.999999999974,-9449.999999999847,27.0,5964857.79999999,5964857.79999999
2017-08-16,-8.576163225419485,0.64325,643.25,2.17,74501.69437499988,1.3968476414125943,1395.8525,905.2103462499999,82.3683940521464,-70.6404792006879,-3.0,-51.0,63.68175,-1929.7500000000055,17519.999999999753,-48.0,2.7237587081635644,1.6375,1637.5,0.63,74501.69437499988,1.025608275,1031.625,1166.5615500000001,63.91494945123115,17.408890014962488,-11.0,12.0,162.1125,-18012.499999999876,-2299.999999999869,23.0,5960135.54999999,5960135.54999999
2017-08-17,-9.744688907933137,0.6402,640.2,2.18,74555.15437499987,1.3980798737268263,1395.6360000000002,905.0699460000001,82.3159521584643,-80.21433459445419,-6.0,-57.0,63.379799999999996,-3841.2000000000003,15555.000000000347,-51.0,1.318226319354964,1.6395,1639.5,0.61,74555.15437499987,1.006733497,1000.095,1130.907426,65.87780101374972,8.684185115755401,-6.0,6.0,162.3105,-9836.999999999989,2399.9999999998636,12.0,5964412.349999989,5964412.349999989
2017-08-18,-10.9533044568446,0.64115,641.15,2.19,74421.02624999986,1.402214706569611,1404.1184999999998,910.5708472499998,81.87737900918162,-89.68278604160237,-7.0,-64.0,63.47384999999999,-4488.050000000022,-5414.999999999935,-57.0,1.5952659486452725,1.6436000000000002,1643.6000000000001,0.61,74421.02624999986,0.995368106,1002.5960000000001,1133.7355568000003,65.76062109706945,10.49056795979188,2.0,8.0,166.0036,-3287.1999999999844,2460.00000000015,6.0,5953682.099999989,5953682.099999989
2017-08-21,-11.53026271445661,0.64215,642.15,2.16,74152.47874999986,1.3895047978759112,1387.044,899.498034,82.73617444059902,-95.39698272892169,-4.0,-68.0,63.57285,-2568.6000000000035,-6400.000000000546,-64.0,3.394527421846965,1.6444,1644.4,0.6,74152.47874999986,0.981729257,986.64,1115.692512,66.70388610621048,22.642817053128823,8.0,16.0,166.0844,-13155.199999999923,639.9999999998727,8.0,5932198.299999989,5932198.299999989
2017-08-22,-11.680889650482122,0.64285,642.85,2.11,73974.13249999988,1.3589602336542397,1356.4134999999999,879.6341547499999,84.299226388128,-98.46899610607338,-2.0,-70.0,63.642149999999994,-1285.7000000000055,-4759.999999999536,-68.0,4.378099263528048,1.6444,1644.4,0.59,73974.13249999988,0.974834687,970.196,1097.0976368000001,67.58968050126043,29.591433042466434,5.0,21.0,166.0844,-8221.99999999995,0.0,16.0,5917930.599999989,5917930.599999989
2017-08-23,-11.469301956112451,0.6476000000000001,647.6,2.03,73637.43124999986,1.3154711766715537,1314.628,852.5362579999999,86.76948552726526,-99.51854300887345,-1.0,-71.0,64.11240000000001,-647.5999999999971,-33250.0000000006,-70.0,4.618049684442886,1.6485,1648.5,0.61,73637.43124999986,0.99805227,1005.5849999999999,1137.1155179999998,65.05419311321006,30.04234959781463,1.0,22.0,166.4985,-1648.5000000000127,8609.999999999929,21.0,5890994.499999989,5890994.499999989
2017-08-24,-9.865987995312167,0.6426999999999999,642.6999999999999,1.98,73815.78624999987,1.2734500382767449,1272.5459999999998,825.2460809999999,89.23087663835858,-88.03507577252267,8.0,-63.0,64.9127,-5141.6000000000395,34790.00000000065,-71.0,6.3924026326411,1.6475,1647.5,0.61,73815.78624999987,1.001296326,1004.975,1136.4257300000002,64.79739881461488,41.42110627708395,8.0,30.0,166.3975,-13180.000000000064,-2199.999999999875,22.0,5905262.899999989,5905262.899999989
2017-08-25,-9.815358468111276,0.6424,642.4,1.95,73838.88124999987,1.2496598870574471,1252.6799999999998,812.3629799999999,90.8655220231723,-89.18776710494959,-1.0,-64.0,63.59759999999999,-642.400000000002,1890.0000000000716,-63.0,6.454897763981106,1.6477000000000002,1647.7000000000003,0.62,73838.88124999987,1.021149189,1021.5740000000002,1155.1958792000003,63.89893487251617,41.2461091829379,0.0,30.0,164.77,0.0,600.000000000307,30.0,5907110.49999999,5907110.49999999
2017-08-28,-10.05541213155027,0.64285,642.85,1.87,73821.36874999988,1.2018384181413444,1202.1295,779.58098075,94.7161142630273,-95.24095644137462,-4.0,-68.0,63.642149999999994,-2571.400000000011,-2880.000000000109,-64.0,6.446426008727469,1.6496000000000002,1649.6000000000001,0.63,73821.36874999988,1.044695011,1039.248,1175.1816384,62.83188814159051,40.50411178934041,-1.0,29.0,163.31040000000002,-1649.5999999999924,5699.999999999932,30.0,5905709.49999999,5905709.49999999
2017-08-29,-10.039110309307963,0.648,648.0,1.67,73406.47874999988,1.0823486422223407,1082.1599999999999,701.7807599999999,105.19149705671596,-105.60290425536155,-8.0,-76.0,64.152,-5183.999999999969,-35020.00000000004,-68.0,7.255031029377083,1.6543,1654.3000000000002,0.62,73406.47874999988,1.026387191,1025.6660000000002,1159.8231128000002,63.6488167335993,46.17741403853982,4.0,33.0,167.0843,-6617.200000000025,13629.999999999967,29.0,5872518.29999999,5872518.29999999
2017-08-30,-8.470614041481735,0.6486,648.5999999999999,1.44,72957.82124999986,0.9366190527569176,933.9839999999998,605.6886239999999,121.19507588770544,-102.65967115728422,3.0,-73.0,65.5086,-1945.8000000000056,-4560.000000000173,-76.0,9.454452834368702,1.6514,1651.4,0.59,72957.82124999986,0.982111331,974.326,1101.7678408000002,66.62608585189689,62.9913186225359,12.0,45.0,166.79139999999998,-19816.799999999945,-9570.000000000675,33.0,5836625.699999989,5836625.699999989
2017-08-31,-7.463733750574976,0.6478,647.8000000000001,1.3,72898.33624999988,0.8427159960433328,842.1400000000001,546.12779,133.59111655900145,-99.70885254384146,2.0,-71.0,65.4278,-1295.6000000000074,5839.999999999875,-73.0,8.466395475970957,1.6508000000000003,1650.8000000000002,0.58,72898.33624999988,0.951802325,957.464,1082.7002912,67.3850573819813,57.050854496684984,-4.0,41.0,163.4292,-6603.200000000015,-2699.999999998823,45.0,5831866.89999999,5831866.89999999
2017-09-01,-7.097984355078295,0.6478,647.8000000000001,1.2,72769.39124999988,0.7794202973924528,777.36,504.11796,144.6057114291264,-102.64090773789057,-2.0,-73.0,64.1322,-1295.6000000000074,-0.0,-71.0,7.691624338434037,1.6486,1648.6000000000001,0.53,72769.39124999988,0.873379452,873.7580000000002,988.0455464000001,73.78033989992576,56.7490658072205,0.0,41.0,164.86,0.0,-9019.999999999953,41.0,5821551.2999999905,5821551.2999999905
2017-09-04,-6.791826983730073,0.6454500000000001,645.45,0.96,71256.08687499988,0.6201259952520828,619.6320000000001,401.83135200000004,181.0943593321207,-122.99615563132072,-15.0,-88.0,63.89955,-9681.750000000056,17154.99999999996,-73.0,5.592652255111284,1.6216,1621.6,0.53,71256.08687499988,0.852869079,859.448,971.8637984,74.87612088216649,41.87561063056335,-11.0,30.0,160.5384,-17837.60000000001,-110700.00000000068,41.0,5700486.94999999,5700486.94999999
2017-09-05,-7.157146433564353,0.63855,638.55,0.93,70736.44374999989,0.5910141707162578,593.8515,385.11269775,185.02658388391163,-132.42623549593338,-7.0,-95.0,63.216449999999995,-4469.850000000015,60720.00000000042,-88.0,-7.428540050052129,1.6263999999999998,1626.3999999999999,0.53,70736.44374999989,0.863428244,861.992,974.7405536,73.1026185499623,-54.304572966207864,-69.0,-39.0,161.0136,-112221.59999999928,14399.999999999693,30.0,5658915.499999991,5658915.499999991
2017-09-06,-8.235957974477461,0.63815,638.15,0.94,70600.41874999988,0.6001197797002324,599.861,389.00985849999995,181.8371493790816,-149.76031204848965,-12.0,-107.0,63.176849999999995,-7657.800000000037,3799.999999999919,-95.0,-8.805238172090103,1.6257,1625.6999999999998,0.54,70600.41874999988,0.882189889,877.8779999999999,992.7044424,71.25629817771821,-62.74286767162788,-6.0,-45.0,160.9443,-9754.199999999968,2729.999999999734,-39.0,5648033.499999991,5648033.499999991
2017-09-07,-9.53842199120667,0.63805,638.05,0.94,70073.89062499987,0.6003893181268464,599.7669999999999,388.9488994999999,181.51592366184312,-173.13754780103156,-17.0,-124.0,63.16695,-10846.849999999995,1069.9999999997872,-107.0,-9.440878205816372,1.6318000000000001,1631.8000000000002,0.54,70073.89062499987,0.886836513,881.1720000000001,996.4292976000002,70.85341520973748,-66.89184634612687,-3.0,-48.0,161.5482,-4895.399999999995,-27450.000000000615,-45.0,5605911.24999999,5605911.24999999
2017-09-08,-10.335218246586528,0.6374000000000001,637.4000000000001,0.9,69983.42812499987,0.5757482088443894,573.6600000000001,372.01851000000005,188.36130122933898,-194.67551574162457,-15.0,-139.0,63.1026,-9560.999999999993,8059.999999999718,-124.0,-7.649608315528543,1.6296000000000002,1629.6000000000001,0.55,69983.42812499987,0.894876714,896.2800000000002,1013.5134240000002,69.13957818974073,-52.889069225237655,10.0,-38.0,164.58960000000002,-16296.000000000106,10559.999999999945,-48.0,5598674.24999999,5598674.24999999
2017-09-11,-11.024724730774077,0.6429,642.9,0.8,68758.65062499988,0.5145910997943404,514.32,333.53652,209.82238504197343,-231.32340374422452,-27.0,-166.0,63.64710000000001,-17358.29999999993,-76450.00000000058,-139.0,-6.427767086535527,1.6277000000000001,1627.7,0.56,68758.65062499988,0.919395997,911.5120000000001,1030.7377696,67.89644290628686,-43.64225210058693,7.0,-31.0,164.39770000000001,-11393.90000000003,7219.999999999914,-38.0,5500692.04999999,5500692.04999999
2017-09-12,-9.398320762344328,0.64255,642.55,0.74,69031.2818749999,0.4760383387791046,475.48699999999997,308.35331949999994,222.98657506425803,-209.56993581504685,16.0,-150.0,64.89755,-10280.8,5810.000000001793,-166.0,-6.939893141235822,1.6187,1618.7,0.62,69031.2818749999,1.001729005,1003.594,1134.8640952,60.5875636702405,-42.04712175592907,1.0,-30.0,163.4887,-1618.6999999999898,27900.000000000175,-31.0,5522502.549999991,5522502.549999991
2017-09-13,-8.778256141599352,0.64385,643.85,0.66,68645.93999999987,0.4271663415122037,424.94100000000003,275.5742385,250.49976460335898,-219.8951097098628,-7.0,-157.0,63.741150000000005,-4506.9500000000035,-19500.000000001448,-150.0,-9.389564017358914,1.6172,1617.2,0.68,68645.93999999987,1.099230792,1099.6960000000001,1243.5362368,55.51207904695929,-52.12342199481127,-7.0,-37.0,160.1028,-11320.399999999978,4500.000000000171,-30.0,5491675.19999999,5491675.19999999
2017-09-14,-8.13250108635579,0.6458,645.8000000000001,0.57,68195.94249999989,0.3707456450464856,368.106,238.71674099999998,287.5623205663648,-233.86008844009535,-10.0,-167.0,63.9342,-6458.000000000012,-30614.99999999893,-157.0,-10.869939317366097,1.6156000000000001,1615.6000000000001,0.74,68195.94249999989,1.192689538,1195.544,1351.9211552000002,50.77658540659832,-55.193840211278065,-3.0,-40.0,159.9444,-4846.800000000002,5919.999999999874,-37.0,5455675.399999991,5455675.399999991
2017-09-15,-7.0166840104940125,0.64535,645.35,0.54,68333.72812499989,0.349157557540445,348.48900000000003,225.99511650000002,301.75847848464406,-211.73438910142036,15.0,-152.0,65.18035,-9680.250000000115,7515.000000000285,-167.0,-11.775091444225302,1.6119,1611.9,0.8,68333.72812499989,1.289415242,1289.5200000000002,1458.1892160000002,46.767553724660026,-55.069222173059146,1.0,-39.0,162.8019,-1611.8999999999915,14800.000000000182,-40.0,5466698.249999992,5466698.249999992
2017-09-18,-6.414818526770599,0.6454000000000001,645.4000000000001,0.52,68341.32812499987,0.33550235963544,335.60800000000006,217.64178800000002,313.97338145834334,-201.40822642917934,8.0,-144.0,65.1854,-5163.199999999961,-760.0000000014688,-152.0,-13.252740937106442,1.6094,1609.3999999999999,0.87,68341.32812499987,1.393001196,1400.1779999999999,1583.3212824,43.15847256307928,-57.19680561197059,-2.0,-41.0,159.3306,-3218.7999999999874,9750.0,-39.0,5467306.24999999,5467306.24999999
2017-09-19,-4.667689248923738,0.6476000000000001,647.6,0.52,67512.47562499988,0.3387277667797752,336.752,218.383672,312.9415651780041,-146.0713979322737,39.0,-105.0,65.4076,-25256.399999999885,-31679.999999999836,-144.0,-14.512365622170774,1.6109,1610.9,0.91,67512.47562499988,1.47343284,1465.919,1657.6612052,41.22756080109527,-59.83094360557705,-2.0,-43.0,159.4791,-3221.80000000003,-6150.000000000233,-41.0,5400998.04999999,5400998.04999999
2017-09-20,-5.344262371830337,0.64905,649.0500000000001,0.55,67081.25124999988,0.3561041514139802,356.9775000000001,231.49990875000003,291.63067920647666,-155.85508653544971,-7.0,-112.0,64.25595,-4543.350000000018,-15224.999999999582,-105.0,-14.22969761977462,1.6132,1613.2,0.95,67081.25124999988,1.529643205,1532.54,1732.996232,38.957081601432975,-55.43474913372764,3.0,-40.0,162.9332,-4839.600000000019,-9889.99999999956,-43.0,5366500.09999999,5366500.09999999
2017-09-21,-4.369725523476587,0.64375,643.75,0.54,67679.79062499989,0.3482755135247545,347.625,225.4348125,297.56385229987444,-130.02723602587787,19.0,-93.0,65.01875,-12231.249999999945,59360.00000000013,-112.0,-13.21266573822074,1.6114,1611.3999999999999,0.98,67679.79062499989,1.583706833,1579.1719999999998,1785.7276975999998,37.56521856056577,-49.63366762239612,4.0,-36.0,162.7514,-6445.600000000013,7200.000000000273,-40.0,5414383.249999991,5414383.249999991
2017-09-22,-5.1537021059011305,0.6461,646.1,0.54,67278.30687499988,0.3459939787350681,348.89400000000006,226.25775900000002,299.12693789652485,-154.16111297690767,-17.0,-110.0,63.963899999999995,-10983.70000000007,-21854.999999999945,-93.0,-13.476334128383243,1.6112000000000002,1611.2000000000003,1.0,67278.30687499988,1.617678378,1611.2000000000003,1821.9449600000003,37.14700065637542,-50.060539271258676,0.0,-36.0,161.12,0.0,719.9999999993452,-36.0,5382264.54999999,5382264.54999999
2017-09-25,-4.799585379650808,0.6439,643.9,0.53,67168.01437499987,0.343629766833802,341.267,221.3116495,303.99803637539594,-145.90645308299048,6.0,-104.0,65.0339,-3863.400000000013,24199.999999999876,-110.0,-13.396807158916062,1.6193000000000002,1619.3000000000002,0.99,67168.01437499987,1.60748323,1603.1070000000002,1812.7933956000002,37.1130582438668,-49.719648437070354,0.0,-36.0,161.93,0.0,-29160.00000000008,-36.0,5373441.149999989,5373441.149999989
2017-09-26,-5.284317796497181,0.6412000000000001,641.2000000000002,0.54,67343.74187499986,0.3478453918830262,346.2480000000001,224.54182800000007,299.1336401474377,-158.07172181620885,-9.0,-113.0,63.47880000000001,-5770.79999999998,28079.999999999585,-104.0,-9.600394164777104,1.6171000000000002,1617.1000000000001,0.99,67343.74187499986,1.596691058,1600.929,1810.3305132,37.10262512024474,-35.619982570230995,10.0,-26.0,163.3271,-16170.999999999935,7919.999999999959,-36.0,5387499.349999988,5387499.349999988
2017-09-27,-6.288735703296171,0.6371,637.1,0.58,68015.49687499987,0.3668465846294276,369.518,239.63242299999996,281.0293408208783,-176.73192492940456,-14.0,-127.0,63.0729,-8919.400000000052,46330.000000000415,-113.0,-9.392682890829702,1.6102,1610.2,0.98,68015.49687499987,1.582314023,1577.996,1784.3978768000002,37.740317196391686,-35.448283162503415,1.0,-25.0,162.6302,-1610.1999999999919,17939.99999999994,-26.0,5441239.749999989,5441239.749999989
2017-09-28,-7.8255693113678575,0.64395,643.95,0.57,66590.47999999986,0.3662896167255359,367.0515,238.03289774999996,285.73990199638223,-223.60774080961477,-33.0,-160.0,63.75104999999999,-21250.350000000126,-86994.99999999937,-127.0,-11.582560077812351,1.608,1608.0,0.98,66590.47999999986,1.567810363,1575.84,1781.959872,38.1689273387857,-44.20938940071397,-7.0,-32.0,159.192,-11256.00000000003,5499.999999999972,-25.0,5327238.399999989,5327238.399999989
2017-09-29,-6.40686383320959,0.6455,645.5,0.57,65857.77499999988,0.366804103013585,367.93499999999995,238.60584749999995,279.0815090983882,-178.80372271600166,32.0,-128.0,65.1955,-20655.99999999995,-24800.000000000182,-160.0,-13.091127635399433,1.6100999999999999,1610.1,0.95,65857.77499999988,1.526495769,1529.5949999999998,1729.6660259999999,38.49903912028383,-50.39958349638716,-4.0,-36.0,159.3999,-6440.399999999954,-6719.999999999345,-32.0,5268621.99999999,5268621.99999999
2017-10-02,-5.44606397157252,0.6382500000000001,638.2500000000001,0.6,66703.66937499987,0.3832804673529242,382.95000000000005,248.34307500000003,265.1886910879229,-144.42345762024115,25.0,-103.0,64.46325,-15956.249999999984,92799.99999999927,-128.0,-12.771709724997324,1.6122,1612.2,0.9,66703.66937499987,1.447047339,1450.98,1640.768184,40.13837886559109,-51.263572370329676,-1.0,-37.0,159.6078,-1612.2000000000014,-7560.0000000002865,-36.0,5336293.549999989,5336293.549999989
2017-10-03,-6.105398423611554,0.6321500000000001,632.1500000000001,0.69,67515.15437499985,0.4363018832425234,436.18350000000004,282.86499975,235.81450315151574,-143.9741495806006,0.0,-103.0,63.215,0.0,62829.99999999994,-103.0,-11.771899916925186,1.6112000000000002,1611.2000000000003,0.81,67515.15437499985,1.302853023,1305.0720000000003,1475.7754176000005,45.19906523682147,-53.20788723064347,-1.0,-38.0,159.5088,-1611.1999999999966,3699.99999999979,-37.0,5401212.349999988,5401212.349999988
2017-10-04,-7.769073709817117,0.63385,633.85,0.72,66890.13437499988,0.4573193632328153,456.372,295.957242,228.12469098154338,-177.23175392648625,-24.0,-127.0,62.751149999999996,-15212.400000000058,-17509.999999999443,-103.0,-11.734104561119224,1.6132,1613.2,0.71,66890.13437499988,1.143918703,1145.372,1295.1866576000002,52.12774080000671,-61.167236108219946,-6.0,-44.0,159.7068,-9679.200000000037,-7599.999999999568,-38.0,5351210.74999999,5351210.74999999
2017-10-05,-8.685701991613959,0.6388,638.8000000000001,0.7,65950.95187499987,0.4488607801843292,447.16,289.98326,230.66895094220226,-200.35217666021887,-16.0,-143.0,63.2412,-10220.800000000054,-62865.000000000575,-127.0,-10.849331745759937,1.6122,1612.2,0.59,65950.95187499987,0.944419045,951.198,1075.6146984,62.18782104270274,-67.46963010382326,-4.0,-48.0,159.6078,-6448.800000000006,4399.99999999975,-44.0,5276076.149999989,5276076.149999989
2017-10-06,-7.732956379546168,0.6412000000000001,641.2000000000002,0.68,65083.13187499986,0.4330577328575225,436.01600000000013,282.75637600000005,233.24302287351375,-180.36581217143708,14.0,-129.0,64.7612,-8976.799999999968,-34320.000000000284,-143.0,-10.899754382105968,1.6116,1611.6,0.43,65083.13187499986,0.699371623,692.9879999999999,783.6308303999999,84.1607416611411,-91.73314127223111,-18.0,-66.0,159.5484,-29008.800000000178,2880.000000000109,-48.0,5206650.549999989,5206650.549999989
2017-10-09,-6.647011888174201,0.6428,642.8000000000001,0.66,64465.57187499986,0.4270394204922645,424.24800000000005,275.12482800000004,236.55855543142712,-157.24075302020117,16.0,-113.0,64.9228,-10284.799999999905,-20639.99999999956,-129.0,-11.13572480618207,1.6144,1614.4,0.43,64465.57187499986,0.691399065,694.192,784.9923136,82.90926006208458,-92.32547039355556,0.0,-66.0,161.44,0.0,-18480.000000000076,-66.0,5157245.749999989,5157245.749999989
2017-10-10,-5.625647642458886,0.644,644.0,0.66,64009.19687499986,0.4240403872129302,425.04,275.63844,233.8772918428934,-131.57112354806424,19.0,-94.0,65.04400000000001,-12236.000000000104,-13560.000000000513,-113.0,-9.953884417290242,1.6148,1614.8,0.41,64009.19687499986,0.656810982,662.068,748.6664944,86.10719506909973,-85.7101067214883,5.0,-61.0,163.0948,-8074.000000000013,-2639.9999999994748,-66.0,5120735.749999989,5120735.749999989
2017-10-11,-4.590270434831067,0.6422,642.2,0.65,64239.84937499987,0.4166050287594758,417.43000000000006,270.70335500000004,236.45512954577106,-108.53929903181026,16.0,-78.0,64.8622,-10275.20000000004,16920.00000000064,-94.0,-9.363165997764831,1.6126,1612.6000000000001,0.39,64239.84937499987,0.623838922,628.9140000000001,711.1759512000001,90.00472635076338,-84.2729193405596,1.0,-60.0,162.8726,-1612.6000000000147,13419.99999999993,-61.0,5139187.949999989,5139187.949999989
2017-10-12,-4.35717397944448,0.63265,632.6500000000001,0.71,64553.67624999987,0.4510928396546487,449.1815,291.29420275,220.53253641347953,-96.08986292817052,9.0,-69.0,63.89765,-5693.849999999983,74489.99999999987,-78.0,-10.106548279111818,1.6144999999999998,1614.4999999999998,0.32,64553.67624999987,0.516700429,516.64,584.216512,109.95897591987244,-111.13056988558847,-20.0,-80.0,159.8355,-32289.99999999985,-11399.999999999864,-60.0,5164294.099999989,5164294.099999989
2017-10-13,-5.677377186284163,0.63125,631.25,0.78,63758.818124999845,0.491564085331411,492.375,319.3051875,202.16920606715755,-114.77908382948621,-13.0,-82.0,62.49375,-8206.250000000018,9660.00000000004,-69.0,-9.49070961262319,1.6202,1620.2,0.26,63758.818124999845,0.427425627,421.252,476.35176160000003,135.5168206645714,-128.6150792553381,-12.0,-92.0,160.3998,-19442.400000000132,-45600.00000000173,-80.0,5100705.449999987,5100705.449999987
2017-10-16,-7.256456973631312,0.6355,635.5,0.8,62186.82562499984,0.5057729233437878,508.40000000000003,329.6974,193.38586875419657,-140.3296235923139,-18.0,-100.0,62.9145,-11439.000000000005,-34849.99999999977,-82.0,-6.555279264694521,1.6246,1624.6000000000001,0.24,62186.82562499984,0.388614205,389.904,440.9034432,144.60948107424497,-94.79555327642328,24.0,-68.0,164.08460000000002,-38990.400000000365,-40479.99999999979,-92.0,4974946.049999987,4974946.049999987
2017-10-17,-7.134085917665187,0.6372,637.2,0.8,61054.34812499984,0.5117667925801082,509.76000000000005,330.57936,188.11466518962297,-134.2026183835591,4.0,-96.0,64.3572,-2548.8000000000284,-17000.00000000017,-100.0,-3.6338370316667454,1.6262,1626.2,0.28,61054.34812499984,0.451631487,455.33600000000007,514.8939488000001,120.77598847283215,-43.88802594487335,37.0,-31.0,164.24620000000002,-60169.40000000042,-10879.999999999767,-68.0,4884347.849999987,4884347.849999987
2017-10-18,-6.791431618271562,0.63505,635.05,0.82,61115.25562499983,0.5224735240383784,520.741,337.7005385,180.79434636435985,-122.78524403036538,8.0,-88.0,64.14005,-5080.399999999997,20639.999999999643,-96.0,-1.9597870504574824,1.6218000000000001,1621.8000000000002,0.29,61115.25562499983,0.47350924,470.322,531.8401176,114.79831269689807,-22.498024663774963,15.0,-16.0,163.80180000000001,-24327.000000000113,13639.999999999929,-31.0,4889220.449999986,4889220.449999986
2017-10-19,-6.995023646563223,0.63405,634.05,0.83,60945.984374999825,0.5282883524374792,526.2615,341.28058274999995,179.07627539937982,-125.26427809571298,-2.0,-90.0,62.77095,-1268.100000000004,8800.000000000126,-88.0,-3.5793706400122733,1.6228,1622.8,0.31,60945.984374999825,0.502667882,503.068,568.8692944,107.43286063534076,-38.4542027130669,-12.0,-28.0,160.6572,-19473.600000000148,-1599.999999999909,-16.0,4875678.749999986,4875678.749999986
2017-10-20,-7.538187956850701,0.63265,632.6500000000001,0.85,61345.671874999825,0.5388013703160619,537.7525,348.73249625,174.7642821657456,-131.74060071094812,-4.0,-94.0,62.63235,-2530.5999999999926,12600.000000000051,-90.0,-3.805669126529669,1.6144,1614.4,0.31,61345.671874999825,0.499549797,500.464,565.9246912,107.69274661928698,-40.98429609602029,-1.0,-29.0,159.8256,-1614.3999999999892,23520.000000000095,-28.0,4907653.749999986,4907653.749999986
2017-10-23,-8.108695658943216,0.6356499999999999,635.65,0.84,60167.73124999983,0.5318652711490817,533.9459999999999,346.26398099999994,177.16446191670116,-143.65727032629653,-9.0,-103.0,62.92935,-5720.849999999984,-28199.999999999734,-94.0,-7.7419401133789405,1.6168,1616.8,0.3,60167.73124999983,0.488641655,485.03999999999996,548.4832319999999,111.8460297342323,-86.59052641216269,-33.0,-62.0,160.0632,-53354.400000000394,-6960.000000000264,-29.0,4813418.499999986,4813418.499999986
2017-10-24,-7.580371086022139,0.6369,636.9,0.79,60384.382499999825,0.5056705119487473,503.151,326.2934235,184.3976216394684,-139.78023994070765,3.0,-100.0,64.3269,-1910.6999999999914,-12875.0,-103.0,-8.091992721576913,1.6111000000000002,1611.1000000000001,0.3,60384.382499999825,0.487959015,483.33000000000004,546.549564,110.0865048901582,-89.08191963150014,-2.0,-64.0,159.49890000000002,-3222.1999999999866,35339.99999999958,-62.0,4830750.599999986,4830750.599999986
2017-10-25,-6.986779211082454,0.632,632.0,0.76,60686.972499999836,0.4785597315430365,480.32,311.48751999999996,193.8581118755571,-135.4443825951839,3.0,-97.0,63.832,-1895.9999999999936,48999.99999999949,-100.0,-10.598131353845764,1.6104,1610.4,0.31,60686.972499999836,0.495428434,499.22400000000005,564.5224992000001,106.9654133990623,-113.3633501521676,-17.0,-81.0,159.4296,-27376.799999999974,4480.000000001382,-64.0,4854957.799999987,4854957.799999987
2017-10-26,-7.751285072452837,0.6339,633.9,0.75,59521.771249999816,0.4723793496628494,475.42499999999995,308.31311249999993,196.83552219985404,-152.57282449561876,-12.0,-109.0,62.7561,-7606.799999999965,-18429.999999999778,-97.0,-11.829213172244945,1.6161,1616.1000000000001,0.3,59521.771249999816,0.490518433,484.83000000000004,548.245764,110.69300756147719,-130.94111831216352,-13.0,-94.0,159.99390000000002,-21009.299999999854,-46170.000000001746,-81.0,4761741.699999985,4761741.699999985
2017-10-27,-7.680264557583974,0.63455,634.55,0.7,57961.06437499984,0.4446276531975044,444.18499999999995,288.05397249999993,206.6340926785859,-158.70044983878654,-5.0,-114.0,62.82045,-3172.7499999999864,-7084.999999999753,-109.0,-9.387294026178973,1.6238,1623.8,0.32,57961.06437499984,0.513198142,519.616,587.5817728,101.29955353509533,-95.09286937545974,26.0,-68.0,164.00379999999998,-42218.799999999705,-72379.99999999828,-94.0,4636885.149999987,4636885.149999987
2017-10-30,-7.629779459168481,0.6386000000000001,638.6,0.67,56411.921874999825,0.4247849455759127,427.862,277.468507,208.8924072921899,-159.38029983342068,0.0,-114.0,63.86,0.0,-46170.00000000013,-114.0,-5.111164020788183,1.6271000000000002,1627.1000000000001,0.34,56411.921874999825,0.558446357,553.214,625.5743912,92.65255290232832,-47.35623948285543,34.0,-34.0,164.33710000000002,-55321.40000000044,-22440.00000000085,-68.0,4512953.749999986,4512953.749999986
2017-10-31,-6.298594619040037,0.6352000000000001,635.2,0.66,56313.74687499983,0.4183685575995683,419.232,271.871952,207.49445266424476,-130.69234430316698,20.0,-94.0,64.15520000000001,-12704.000000000091,38759.99999999958,-114.0,-2.319947777906968,1.6275,1627.5,0.37,56313.74687499983,0.604616407,602.175,680.93949,82.84425077916957,-19.219433550750203,20.0,-14.0,164.3775,-32549.999999999956,-1359.9999999997294,-34.0,4505099.749999986,4505099.749999986
2017-11-01,-6.316424908480266,0.63875,638.75,0.66,55767.33624999983,0.4198350866565822,421.57500000000005,273.3913875,205.98215397330256,-130.10708080593855,1.0,-93.0,64.51375,-638.7500000000017,-33369.99999999971,-94.0,-1.1991205921541948,1.6263,1626.3000000000002,0.38,55767.33624999983,0.622287983,617.994,698.8276152000001,80.58317337514373,-9.662894257526649,7.0,-7.0,164.2563,-11384.100000000104,1680.0000000000637,-14.0,4461386.899999986,4461386.899999986
2017-11-02,-5.332300460749962,0.64395,643.95,0.65,55016.50937499984,0.4198350866565822,418.56750000000005,271.44102375,205.4491818501323,-109.55167670401632,15.0,-78.0,65.03895,-9659.250000000056,-48359.99999999963,-93.0,-1.4372753061955184,1.6269,1626.9,0.38,55016.50937499984,0.623754225,618.2220000000001,699.0854376000001,79.77184654489766,-11.465410516859968,-1.0,-8.0,161.0631,-1626.9000000000062,-420.0000000000159,-7.0,4401320.749999987,4401320.749999987
2017-11-03,-3.241401669750251,0.6526000000000001,652.6,0.76,53858.14937499983,0.4963249943211862,495.976,321.64043599999997,171.04972888110328,-55.444087680553594,38.0,-40.0,65.91260000000001,-24798.800000000258,-67470.00000000071,-78.0,-1.371863154092199,1.6274000000000002,1627.4,0.39,53858.14937499983,0.631700615,634.686,717.7029288000001,76.65638130666053,-10.51620650406496,0.0,-8.0,162.74,0.0,-400.00000000009095,-8.0,4308651.949999986,4308651.949999986
2017-11-06,0.1137048755997901,0.65,650.0,0.86,53574.23937499983,0.5571315673350721,559.0,362.51149999999996,148.5694919333589,1.6893075598206593,41.0,1.0,65.65,-26650.000000000233,10400.000000000204,-40.0,-1.2436860061339765,1.6314,1631.3999999999999,0.41,53574.23937499983,0.668758302,668.8739999999999,756.3627191999999,71.2067742206613,-8.855886864017805,2.0,-6.0,164.7714,-3262.800000000027,-3199.999999999818,-8.0,4285939.149999986,4285939.149999986
2017-11-07,1.4200251998912492,0.644,644.0,0.87,53280.25937499983,0.557308786330531,560.28,363.34157999999996,147.44868829766148,20.938085307358925,14.0,15.0,65.04400000000001,-9016.000000000076,-599.9999999999943,1.0,0.4684608960514419,1.6328,1632.8,0.43,53280.25937499983,0.700261142,702.1039999999999,793.9392032,67.47902000438695,3.161128217592829,8.0,2.0,164.9128,-13062.400000000025,-840.0000000000887,-6.0,4262420.749999986,4262420.749999986
2017-11-08,0.6959050078447498,0.6406999999999999,640.6999999999999,0.86,53034.764374999824,0.5513670888387595,551.002,357.32479699999993,149.10876553300005,10.376553664796337,-8.0,7.0,63.42929999999999,-5125.6000000000195,-4950.000000000187,15.0,1.6412370512913346,1.6340000000000001,1634.0000000000002,0.45,53034.764374999824,0.738194419,735.3000000000001,831.47724,64.07903525416982,10.516888687014717,6.0,8.0,165.03400000000002,-9804.000000000087,240.0000000000091,2.0,4242781.1499999855,4242781.1499999855
2017-11-09,-0.3619961792725335,0.6375500000000001,637.5500000000001,0.87,52756.248749999824,0.5517127120653746,554.6685000000001,359.7025222500001,147.44062411144188,-5.337294259789974,-11.0,-4.0,63.117450000000005,-7013.049999999971,-2204.9999999999345,7.0,2.507119609696633,1.6258000000000001,1625.8000000000002,0.44,52756.248749999824,0.721579979,715.3520000000001,808.9200416000001,65.56243095436223,16.43728563050631,4.0,12.0,164.2058,-6503.1999999999925,-6559.999999999945,8.0,4220499.8999999855,4220499.8999999855
2017-11-10,-1.7981142313763825,0.63625,636.25,0.87,52159.20312499982,0.5505600935906463,553.5375,358.96906875,146.96600164941043,-26.426165909428978,-15.0,-19.0,62.988749999999996,-9543.75000000006,520.0000000000102,-4.0,-1.8646285996286631,1.6219000000000001,1621.9,0.43,52159.20312499982,0.692021676,697.417,788.6391436,66.89529574854319,-12.473488163335135,-21.0,-9.0,160.5681,-34059.90000000023,-4680.000000000177,12.0,4172736.249999985,4172736.249999985
2017-11-13,-3.111601431531013,0.6386999999999999,638.6999999999999,0.85,51677.458124999815,0.5427033412966514,542.895,352.06740749999994,148.1511835911702,-46.09874349452991,-14.0,-33.0,63.2313,-8941.800000000001,-4654.999999999952,-19.0,-5.117823129902086,1.6208000000000002,1620.8000000000002,0.42,51677.458124999815,0.675043208,680.7360000000001,769.7762688000001,67.75891286738484,-34.67781315297222,-16.0,-25.0,160.4592,-25932.800000000043,989.999999999867,-9.0,4134196.649999985,4134196.649999985
2017-11-14,-3.2333809581639184,0.6515000000000001,651.5000000000001,0.91,50853.60687499982,0.5946128292044617,592.8650000000001,384.4729525000001,134.41116673870525,-43.46025070975249,2.0,-31.0,65.8015,-1302.9999999999973,-42240.00000000027,-33.0,-6.852156197627114,1.6239,1623.8999999999999,0.41,50853.60687499982,0.658483612,665.7989999999999,752.8855091999999,68.63919878058375,-47.03265113245364,-9.0,-34.0,160.7661,-14615.099999999928,-7749.999999999346,-25.0,4068288.5499999854,4068288.5499999854
2017-11-15,-0.1904409495828853,0.6516500000000001,651.6500000000001,0.99,50424.00124999982,0.6471361268346214,645.1335000000001,418.3690747500001,121.55202175349078,-2.3148482446454315,29.0,-2.0,65.81665000000001,-18897.850000000104,-465.0000000000176,-31.0,-5.971843503477449,1.6263999999999998,1626.3999999999999,0.39,50424.00124999982,0.62973857,634.2959999999999,717.2619168,70.89963329139047,-42.34015144701236,4.0,-30.0,164.26639999999998,-6505.5999999999585,-8500.0,-34.0,4033920.099999985,4033920.099999985
2017-11-16,1.3781422020547636,0.6476999999999999,647.6999999999999,1.01,50155.66624999981,0.657155676625524,654.1769999999999,424.2337844999999,118.85899495116668,16.380459703601687,14.0,12.0,65.4177,-9067.800000000005,790.0000000000205,-2.0,-4.43067358015206,1.627,1627.0,0.37,50155.66624999981,0.608745157,601.99,680.7302920000001,74.07339124259188,-32.81950175708188,7.0,-23.0,164.327,-11389.000000000067,-1800.0000000000682,-30.0,4012453.299999985,4012453.299999985
2017-11-17,1.530103524539574,0.6515500000000001,651.5500000000001,1.04,50057.4843749998,0.6769369123641493,677.6120000000001,439.43138200000004,114.1376522125582,17.46424239331074,1.0,13.0,65.80655,-651.5500000000003,4620.000000000062,12.0,-3.572705989805232,1.6286000000000003,1628.6000000000004,0.38,50057.4843749998,0.612962207,618.8680000000002,699.8159344000002,71.66979742037694,-25.605511453190825,5.0,-18.0,164.48860000000002,-8143.000000000029,-3680.0000000005753,-23.0,4004598.749999984,4004598.749999984
2017-11-20,2.410736741857471,0.65675,656.75,1.13,49976.587499999805,0.74486564783259,742.1274999999999,481.26968374999996,104.01129775089393,25.074385705635734,5.0,18.0,66.33175,-3283.750000000012,6759.999999999948,13.0,-2.4613252615310186,1.6296000000000002,1629.6000000000001,0.38,49976.587499999805,0.623636646,619.248,700.2456384000001,71.48560680702955,-17.59493298700156,5.0,-13.0,164.58960000000002,-8148.000000000053,-1799.9999999998977,-18.0,3998126.999999984,3998126.999999984
2017-11-21,3.951873826048152,0.65625,656.25,1.22,49770.0843749998,0.7988346720824187,800.625,519.2053125,96.25592476964458,38.03912696992184,9.0,27.0,66.28125,-5906.25,-899.9999999999488,18.0,-1.5670350172444507,1.6308000000000002,1630.8000000000002,0.39,49770.0843749998,0.636943744,636.0120000000001,719.2023696000001,69.48890828571012,-10.889155259379582,5.0,-8.0,164.7108,-8153.999999999968,-1560.0000000000591,-13.0,3981606.749999984,3981606.749999984
2017-11-22,4.95099625213696,0.65625,656.25,1.27,49629.003124999814,0.8352473685407918,833.4375,540.48421875,92.08425084104235,45.590878079484035,6.0,33.0,66.28125,-3937.5,0.0,27.0,-0.6558730666262088,1.6298,1629.8,0.4,49629.003124999814,0.644352905,651.9200000000001,737.1911360000001,67.51313457870957,-4.428004661368618,5.0,-3.0,164.60979999999998,-8148.999999999944,800.0000000001819,-8.0,3970320.2499999846,3970320.2499999846
2017-11-23,5.548983231289963,0.65455,654.55,1.29,49490.56749999981,0.8472690442362129,844.3695,547.57362075,90.63439370403566,50.292873084182645,3.0,36.0,66.10955,-1963.6500000000012,-5610.000000000056,33.0,-0.9506690813843476,1.6306,1630.6000000000001,0.4,49490.56749999981,0.654402526,652.2400000000001,737.5529920000001,67.28872862466783,-6.396931382913362,-2.0,-5.0,161.4294,-3261.2000000000307,-240.00000000003752,-3.0,3959245.3999999845,3959245.3999999845
2017-11-24,5.5378054866158894,0.6594,659.4,1.32,49672.35999999981,0.8727231328744695,870.408,564.4595879999999,87.67778695257067,48.55425296402849,-1.0,35.0,65.28059999999999,-659.4000000000051,17459.999999999978,36.0,-0.6810565314671304,1.6286000000000003,1628.6000000000004,0.38,49672.35999999981,0.620696383,618.8680000000002,699.8159344000002,70.7194064428262,-4.8163913659365445,2.0,-3.0,164.48860000000002,-3257.2000000000116,999.9999999999432,-5.0,3973788.7999999844,3973788.7999999844
2017-11-27,6.341697730498344,0.66125,661.25,1.38,49576.40437499981,0.9126563792875066,912.525,591.7724625,83.93827551581924,53.23111713406156,3.0,38.0,66.78625,-1983.7499999999864,6475.00000000008,35.0,-1.8507125866131224,1.6311000000000002,1631.1000000000001,0.37,49576.40437499981,0.603643935,603.5070000000001,682.4457156000001,72.78580385888762,-13.47056033283973,-7.0,-10.0,161.4789,-11417.700000000024,-750.0,-3.0,3966112.3499999847,3966112.3499999847
2017-11-28,7.485537510683824,0.66565,665.65,1.47,49642.64062499982,0.977061922289196,978.5055,634.56081675,78.12711258932269,58.48234318887934,4.0,42.0,67.23065,-2662.5999999999976,16719.999999999913,38.0,-0.9033327636264444,1.6317,1631.6999999999998,0.32,49642.64062499982,0.527780889,522.144,590.4404352,83.96512403187086,-7.584844753994709,5.0,-5.0,164.80169999999998,-8158.499999999975,-599.9999999997385,-10.0,3971411.249999985,3971411.249999985
2017-11-29,8.941183932287085,0.6627,662.6999999999999,1.47,49403.690624999814,0.9766166938231532,974.1689999999999,631.7485964999998,78.57974026381525,70.25959110501175,8.0,50.0,66.9327,-5301.600000000008,-12390.000000000071,42.0,-0.2512774183537924,1.6248,1624.8,0.25,49403.690624999814,0.405650917,406.2,459.33096,108.07597342230059,-2.7157051587628773,3.0,-2.0,164.10479999999998,-4874.39999999998,3449.9999999999886,-5.0,3952295.249999985,3952295.249999985
2017-11-30,9.197263918185484,0.6612,661.2,1.46,48473.81062499983,0.9649697749950586,965.3520000000001,626.0307720000001,78.9157543600745,72.58090201523021,2.0,52.0,66.7812,-1322.3999999999876,-7499.999999999573,50.0,-4.393392520899023,1.6272,1627.2,0.2,48473.81062499983,0.330790971,325.44000000000005,368.0075520000001,134.24640433737568,-58.979714877341245,-40.0,-42.0,161.0928,-65087.99999999951,-480.0000000000182,-2.0,3877904.849999986,3877904.849999986
2017-12-01,9.0710916189539,0.6674500000000001,667.45,1.47,48165.18124999982,0.9825946943275332,981.1515,636.27674775,76.18353302460412,69.10678079217841,-3.0,49.0,66.07755,-2002.350000000007,32500.0,52.0,-4.378751850683456,1.6380000000000001,1638.0000000000002,0.23,48165.18124999982,0.377315076,376.74000000000007,426.0175920000001,113.78358907065936,-49.82301012205556,6.0,-36.0,165.43800000000002,-9828.000000000031,-45360.000000000524,-42.0,3853214.4999999856,3853214.4999999856
2017-12-04,9.88108447691008,0.66205,662.0500000000001,1.48,47066.505624999816,0.9771102377182972,979.8340000000001,635.422349,75.80026312546305,74.89888033147125,5.0,54.0,66.86704999999999,-3310.249999999968,-26460.000000000306,49.0,2.151760992526612,1.6297,1629.6999999999998,0.23,47066.505624999816,0.377165746,374.83099999999996,423.8588948,113.63494276255972,24.451523722447025,54.0,18.0,164.5997,-88003.80000000075,29880.00000000045,-36.0,3765320.449999985,3765320.449999985
2017-12-05,9.082183834388193,0.6554000000000001,655.4000000000001,1.4,46105.53312499982,0.9198929738401832,917.5600000000001,595.03766,79.09836433714098,71.83858859093293,-3.0,51.0,64.8846,-1966.2000000000007,-35909.99999999957,54.0,-1.050959673115312,1.6316,1631.6,0.23,46105.53312499982,0.381507099,375.268,424.35305439999996,110.91355449661592,-11.656567297782079,-26.0,-8.0,161.5284,-42421.59999999979,3419.999999999959,18.0,3688442.6499999855,3688442.6499999855
2017-12-06,6.909843369851453,0.65565,655.65,1.34,45974.878749999814,0.878465850211133,878.571,569.7532935,80.92192471898333,55.915782499508545,-11.0,40.0,64.90935,-7212.149999999937,1274.9999999995653,51.0,-1.1943183474392065,1.6352000000000002,1635.2000000000003,0.24,45974.878749999814,0.399586036,392.44800000000004,443.7801984000001,103.89272277408539,-12.408098497450528,-1.0,-9.0,161.8848,-1635.1999999999975,-2880.000000000109,-8.0,3677990.299999985,3677990.299999985
2017-12-07,6.037365950650655,0.6605500000000001,660.5500000000001,1.32,45836.669374999816,0.871271436840324,871.9260000000002,565.444011,81.30757043246818,49.08835572591134,-5.0,35.0,65.39445,-3302.750000000003,19600.000000000364,40.0,1.083498223346009,1.6365,1636.5,0.26,45836.669374999816,0.423722787,425.49,481.144092,95.5532438502847,10.353176994673145,16.0,7.0,165.28650000000002,-26184.000000000196,-1169.999999999959,-9.0,3666933.549999985,3666933.549999985
2017-12-08,6.136976441893967,0.6581999999999999,658.1999999999999,1.33,45117.56687499981,0.8760680624170274,875.406,567.700791,80.74089397384654,49.55049642149548,0.0,35.0,65.82,0.0,-8225.000000000477,35.0,5.3124222490474144,1.6074000000000002,1607.4,0.38,45117.56687499981,0.610743536,610.812,690.7062096000001,66.36203459289098,35.25431490633282,18.0,25.0,162.34740000000002,-28933.200000000226,-20369.999999999975,7.0,3609405.3499999843,3609405.3499999843
2017-12-11,5.840931527348105,0.65675,656.75,1.33,44593.9306249998,0.8745385926230533,873.4775000000001,566.45015875,79.64966763282737,46.522825481937936,-2.0,33.0,65.01825,-1313.5000000000048,-5074.999999999861,35.0,-8.926409741512485,1.6363999999999999,1636.3999999999999,0.38,44593.9306249998,0.628204584,621.832,703.1676256000001,64.16331644464123,-57.274805295919364,-66.0,-41.0,162.00359999999998,-108002.40000000059,72499.99999999943,25.0,3567514.4499999834,3567514.4499999834
2017-12-12,5.407520927675452,0.6574500000000001,657.45,1.3,44347.00187499978,0.8516174806334222,854.6850000000001,554.2632225,80.45623237251647,43.5068760316302,-2.0,31.0,65.08755000000001,-1314.8999999999944,2310.0000000002437,33.0,-4.247516125498862,1.6327,1632.7,0.38,44347.00187499978,0.627942938,620.426,701.5777208000001,63.56235282692545,-26.9982118607014,22.0,-19.0,164.9027,-35919.399999999994,15169.999999999021,-41.0,3547760.1499999827,3547760.1499999827
2017-12-13,5.200402957185008,0.6685,668.5,1.26,44705.60687499979,0.8450635084538682,842.3100000000001,546.238035,81.18622108583081,42.22010642174304,-1.0,30.0,66.1815,-668.4999999999945,34254.99999999968,31.0,-3.638145069979956,1.6327,1632.7,0.38,44705.60687499979,0.623986645,620.426,701.5777208000001,63.210390752476386,-22.996857148762853,3.0,-16.0,164.9027,-4898.099999999999,-0.0,-19.0,3576448.5499999826,3576448.5499999826
2017-12-14,6.62836825715526,0.6716,671.6,1.21,44745.90687499979,0.8152932498925122,812.636,526.9944459999999,84.83126760504757,56.229288140754065,10.0,40.0,67.8316,-6715.99999999998,9300.00000000007,30.0,-3.412848215157008,1.6322999999999999,1632.3,0.38,44745.90687499979,0.624715402,620.274,701.4058392000001,63.73714670808772,-21.752520738189755,0.0,-16.0,163.23,0.0,640.0000000003274,-16.0,3579672.549999983,3579672.549999983
2017-12-15,8.597125636803256,0.67255,672.55,1.12,44610.89687499979,0.7511005813605932,753.256,488.48651599999994,91.60110956880496,78.75062474335971,16.0,56.0,67.92755,-10760.800000000017,3799.9999999999545,40.0,-3.4221405909098856,1.6347,1634.7,0.38,44610.89687499979,0.616395977,621.186,702.4371288000001,63.70094210629343,-21.799357966114744,0.0,-16.0,163.47,0.0,-3840.0000000001455,-16.0,3568871.749999983,3568871.749999983
2017-12-18,10.187072817313142,0.67205,672.0500000000001,1.01,44397.83562499979,0.6783477475848853,678.7705000000001,440.18266925,101.34632731227137,103.24224160973601,18.0,74.0,67.87705,-12096.899999999976,-2799.999999999841,56.0,-2.9276305561838702,1.6340000000000001,1634.0000000000002,0.36,44397.83562499979,0.59470665,588.24,665.181792,67.06572159900581,-19.634365582576997,2.0,-14.0,165.03400000000002,-3268.000000000029,1119.9999999998909,-16.0,3551826.849999983,3551826.849999983
2017-12-19,9.92390037199547,0.67785,677.8499999999999,1.1,45036.57749999979,0.7456418934851381,745.635,483.54429749999997,91.81751466110464,91.1187867901036,-9.0,65.0,67.10714999999999,-6100.650000000059,42919.999999999876,74.0,-2.922443969839359,1.6238,1623.8,0.37,45036.57749999979,0.59514088,600.8059999999999,679.3914248,65.34942009029578,-19.098001867538393,0.0,-14.0,162.38,0.0,14280.000000000144,-14.0,3602926.199999983,3602926.199999983
2017-12-20,11.559552728656485,0.67655,676.55,1.16,44793.33999999979,0.7831569659525821,784.7979999999999,508.9415029999999,88.4906757152399,102.29126319247575,8.0,73.0,68.33155000000001,-5412.400000000048,-8449.999999999705,65.0,-5.2329443854360544,1.6174000000000002,1617.4,0.4,44793.33999999979,0.643391534,646.96,731.5823680000001,61.56050155107044,-32.21426809563015,-9.0,-23.0,160.1226,-14556.600000000031,8959.999999999809,-14.0,3583467.199999983,3583467.199999983
2017-12-21,12.450197960714908,0.6816500000000001,681.6500000000001,1.2,45108.802499999794,0.8212803520438807,817.9800000000001,530.4600300000001,84.44244140317186,105.13251117555583,2.0,75.0,68.84665000000001,-1363.3000000000095,37230.00000000037,73.0,-7.447791039975302,1.6171000000000002,1617.1000000000001,0.43,45108.802499999794,0.689443737,695.3530000000001,786.3051724000001,56.966864230689616,-42.42773009928196,-7.0,-30.0,160.09290000000001,-11319.699999999955,690.0000000000261,-23.0,3608704.1999999834,3608704.1999999834
2017-12-22,13.511771746683817,0.6816500000000001,681.6500000000001,1.27,45022.599374999794,0.8630673496237679,865.6955000000002,561.4035317500001,80.35005116442214,108.56715511680382,3.0,78.0,68.84665000000001,-2044.9500000000144,0.0,75.0,-8.290668578558865,1.6171000000000002,1617.1000000000001,0.45,45022.599374999794,0.731344196,727.695,822.877506,54.81836867709906,-45.44809267190807,-3.0,-33.0,160.09290000000001,-4851.299999999981,-0.0,-30.0,3601807.9499999834,3601807.9499999834
2017-12-25,14.57625801364293,0.68205,682.0500000000001,1.34,45032.85999999978,0.9163613279268592,913.9470000000001,592.6946295,75.9625566592042,110.72498252405303,1.0,79.0,68.88705,-682.0500000000038,3119.9999999993793,78.0,-8.537991271487453,1.6171000000000002,1617.1000000000001,0.47,45032.85999999978,0.76770068,760.037,859.4498396,52.385371781503785,-44.72658470241045,1.0,-32.0,163.3271,-1617.0999999999935,-0.0,-33.0,3602628.7999999826,3602628.7999999826
2017-12-26,15.197784527774829,0.68415,684.1500000000001,1.42,45187.46187499979,0.968585867809262,971.493,630.0132105,71.47923130732475,108.63259556196984,-1.0,78.0,67.73085,-684.1500000000025,16590.00000000063,79.0,-8.553534039460178,1.6177000000000001,1617.7,0.49,45187.46187499979,0.794396626,792.673,896.3546284,50.24000387032506,-42.97295832474365,1.0,-31.0,163.38770000000002,-1617.7000000000135,-1920.0000000000728,-32.0,3614996.949999983,3614996.949999983
2017-12-27,16.07524265779317,0.68585,685.8499999999999,1.48,45122.85249999978,1.0174464359298865,1015.0579999999999,658.2651129999999,68.64629612385336,110.35058677496693,1.0,79.0,69.27085,-685.8500000000021,13259.999999999025,78.0,-8.328846683891625,1.6229,1622.9,0.49,45122.85249999978,0.799159559,795.221,899.2359068000001,50.25095365219883,-41.8532488688508,1.0,-30.0,163.9129,-1622.9000000000156,-16119.999999999436,-31.0,3609828.1999999825,3609828.1999999825
2017-12-28,17.196088413656522,0.6850499999999999,685.05,1.51,45075.75749999979,1.0357918468429683,1034.4254999999998,670.8249367499999,67.26472143180922,115.66900968613682,4.0,83.0,69.19005,-2740.2000000000157,-6319.999999999865,79.0,-6.822266974165161,1.6179,1617.8999999999999,0.51,45075.75749999979,0.818964183,825.1289999999999,933.0558732,48.360289877654225,-32.99268084933742,6.0,-24.0,163.40789999999998,-9707.39999999995,15000.0,-30.0,3606060.599999983,3606060.599999983
2017-12-29,17.654846243351972,0.6850499999999999,685.05,1.55,45055.53374999979,1.0641300437382248,1061.8274999999999,688.5951337499998,65.46046477924271,115.56944406958874,0.0,83.0,68.505,0.0,0.0,83.0,-7.492883537289111,1.6179,1617.8999999999999,0.52,45055.53374999979,0.838120318,841.308,951.3510864,47.38078102225184,-35.50186741055312,-1.0,-25.0,160.1721,-1617.8999999999917,-0.0,-24.0,3604442.699999983,3604442.699999983
2018-01-01,17.958435244489234,0.68305,683.0500000000001,1.58,44862.1987499998,1.07904869367402,1079.219,699.8735215,64.37668002274864,115.61044394437351,0.0,83.0,68.305,0.0,-16599.999999999058,83.0,-7.6936038707754895,1.6168,1616.8,0.53,44862.1987499998,0.854733292,856.904,968.9870432,46.49756058781508,-35.773381212003194,-1.0,-26.0,160.0632,-1616.800000000012,2749.9999999996307,-25.0,3588975.8999999836,3588975.8999999836
2018-01-02,17.516970155482458,0.6777500000000001,677.7500000000001,1.6,44416.9081249998,1.081997573928081,1084.4000000000003,703.2334000000002,63.794180922009375,111.74807633042865,-3.0,80.0,67.09725,-2033.2500000000095,-43990.000000000095,83.0,-8.010321030229221,1.6128,1612.8,0.55,44416.9081249998,0.885469367,887.0400000000001,1003.0648320000001,44.72512375949773,-35.82625994303093,0.0,-26.0,161.28,0.0,10400.000000000147,-26.0,3553352.6499999836,3553352.6499999836
2018-01-03,14.971219385609864,0.6746,674.6,1.58,43871.25562499979,1.0686347598624286,1065.8680000000002,691.215398,64.25914158382189,96.20377061823632,-11.0,69.0,66.7854,-7420.5999999999785,-25200.000000000953,80.0,-9.151178838466514,1.6158000000000001,1615.8000000000002,0.56,43871.25562499979,0.90551974,904.8480000000002,1023.2021184000002,43.40971087360074,-39.72500275304448,-2.0,-28.0,159.9642,-3231.6000000000145,-7800.000000000296,-26.0,3509700.4499999825,3509700.4499999825
2018-01-04,13.099340944752432,0.6718500000000001,671.85,1.56,43522.9856249998,1.0456569705148109,1048.086,679.683771,64.54656929715009,84.55175180374583,-8.0,61.0,66.51315,-5374.80000000005,-18974.99999999941,69.0,-8.654756084811138,1.6159000000000001,1615.9,0.57,43522.9856249998,0.921661001,921.063,1041.5380404,42.121606627206,-36.45522312588323,2.0,-26.0,163.2059,-3231.800000000021,-279.99999999974534,-28.0,3481838.8499999833,3481838.8499999833
2018-01-05,11.107099249850023,0.67285,672.8499999999999,1.55,43515.129374999786,1.0409771851420195,1042.9174999999998,676.3319987499998,64.35151036094581,71.47586124567772,-10.0,51.0,66.61215,-6728.499999999968,6099.9999999996535,61.0,-8.39928869691543,1.6159000000000001,1615.9,0.55,43515.129374999786,0.891845091,888.7450000000001,1004.9928460000002,43.306761633405486,-36.37459934874735,0.0,-26.0,161.59,0.0,-0.0,-26.0,3481210.349999983,3481210.349999983
2018-01-08,10.124016359405983,0.67375,673.75,1.51,43478.988749999786,1.0184321283159623,1017.3625,659.7595812499999,65.95604006622344,66.77400286320827,-3.0,48.0,66.70125,-2021.249999999995,4590.000000000174,51.0,-8.257416038742312,1.618,1618.0,0.55,43478.988749999786,0.889041994,889.9000000000001,1006.2989200000002,43.242746772499544,-35.707335075851006,0.0,-26.0,161.8,0.0,-5460.000000000207,-26.0,3478319.099999983,3478319.099999983
2018-01-09,9.89050587815339,0.6698000000000001,669.8000000000001,1.42,43327.256249999795,0.954041927792566,951.1160000000001,616.798726,70.49137249677099,69.71953340384137,2.0,50.0,67.6498,-1339.5999999999901,-18959.99999999981,48.0,-7.509129442790667,1.6130000000000002,1613.0000000000002,0.55,43327.256249999795,0.892799903,887.1500000000002,1003.1892200000002,43.34076551380783,-32.545141839282074,3.0,-23.0,162.913,-4838.999999999998,13000.0,-26.0,3466180.4999999832,3466180.4999999832
2018-01-10,8.330973287853396,0.67145,671.45,1.31,43374.00562499979,0.8805655379656836,879.5995000000001,570.4202757500001,75.95672540397034,63.279345037329236,-5.0,45.0,66.47354999999999,-3357.250000000036,8249.999999999602,50.0,-8.70853305542364,1.6107,1610.7,0.55,43374.00562499979,0.880364508,885.8850000000001,1001.7587580000002,43.25118787731106,-37.66543993159016,-4.0,-27.0,159.45929999999998,-6442.800000000034,5290.000000000418,-23.0,3469920.449999983,3469920.449999983
2018-01-11,8.06669539051485,0.6700499999999999,670.05,1.25,43483.26374999979,0.8391621813766258,837.5625,543.1592812499999,79.85503906916769,64.41662755686383,1.0,46.0,67.67505,-670.0500000000034,-6300.0000000000255,45.0,-9.806955990497457,1.6031,1603.1,0.56,43483.26374999979,0.894665114,897.736,1015.1598688,42.72628081355435,-41.90147555761634,-3.0,-30.0,158.7069,-4809.300000000036,20519.999999999753,-27.0,3478661.099999983,3478661.099999983
2018-01-12,7.385304572012156,0.6700499999999999,670.05,1.16,43316.68124999979,0.7743110916503487,777.2579999999999,504.0518129999999,86.26744836249561,63.71113808073615,0.0,46.0,67.005,0.0,0.0,46.0,-12.31976717855497,1.6038,1603.8,0.57,43316.68124999979,0.918445244,914.1659999999999,1033.7389128,42.06406783335687,-51.82195222898999,-7.0,-37.0,158.7762,-11226.600000000048,-2099.9999999997954,-30.0,3465334.4999999832,3465334.4999999832
2018-01-15,7.063287694650129,0.6700499999999999,670.05,1.02,43269.96937499979,0.6844766857383802,683.451,443.21797349999997,97.73223073048456,69.03108626893388,3.0,49.0,67.67505,-2010.15000000001,0.0,46.0,-13.005245163656594,1.6034000000000002,1603.4,0.57,43269.96937499979,0.908510686,913.938,1033.4810904,41.913375728272335,-54.509372698263554,-2.0,-39.0,158.7366,-3206.799999999987,1479.9999999997056,-37.0,3461597.549999983,3461597.549999983
2018-01-16,6.822214819776942,0.65975,659.75,1.0,42389.276874999785,0.6603390543143178,659.75,427.847875,101.13400557382643,68.99579116091626,0.0,49.0,65.975,0.0,-50470.00000000006,49.0,-13.273286745937204,1.6077000000000001,1607.7,0.55,42389.276874999785,0.883869334,884.2350000000001,999.8929380000002,43.27460244048626,-57.43962070090081,-2.0,-41.0,159.16230000000002,-3215.3999999999883,-16770.000000000266,-39.0,3391142.1499999827,3391142.1499999827
2018-01-17,2.951304148537434,0.6555,655.5,1.16,41789.0256249998,0.7618197512006467,760.38,493.10643,85.96374797830113,25.370516603218654,-31.0,18.0,64.8945,-20320.50000000011,-20824.99999999986,49.0,-11.724580923773315,1.6082,1608.2,0.52,41789.0256249998,0.844171191,836.264,945.6473312,44.82567176624818,-52.55622160858775,3.0,-38.0,162.4282,-4824.600000000032,-2049.9999999993006,-41.0,3343122.0499999835,3343122.0499999835
2018-01-18,0.4270659820368022,0.65715,657.15,1.28,41768.575624999794,0.8399872518791206,841.152,545.487072,76.60864531909529,3.27169463457085,-16.0,2.0,65.05785,-10514.400000000023,2970.000000000113,18.0,-10.936563624332733,1.6058000000000001,1605.8000000000002,0.5,41768.575624999794,0.804249132,802.9000000000001,907.9193200000001,46.02724570835192,-50.33799011421865,2.0,-36.0,162.1858,-3211.599999999976,9119.999999999265,-38.0,3341486.049999983,3341486.049999983
2018-01-19,-0.8578259072989778,0.6607500000000001,660.7500000000001,1.34,41571.5243749998,0.8833415251113931,885.4050000000002,574.1851425000001,72.7440898995393,-6.240176491871071,-6.0,-4.0,65.41425,-3964.5000000000437,719.9999999999989,2.0,-11.387965227979256,1.6066,1606.6000000000001,0.45,41571.5243749998,0.716936073,722.97,817.534476,51.090904238514085,-58.18214409342164,-6.0,-42.0,159.05339999999998,-9639.600000000086,-2879.999999999427,-36.0,3325721.9499999834,3325721.9499999834
2018-01-22,-0.5727580329384719,0.65835,658.35,1.42,41372.55499999979,0.9368926032294972,934.857,606.2547645,68.5710477001947,-3.9274618397293644,1.0,-3.0,66.49334999999999,-658.3499999999987,960.0000000000364,-4.0,-11.210990713020852,1.6074000000000002,1607.4,0.37,41372.55499999979,0.602419566,594.738,672.5297304000001,61.81366041658014,-69.29923728681047,-8.0,-50.0,159.1326,-12859.2000000001,-3360.0000000005252,-42.0,3309804.3999999827,3309804.3999999827
2018-01-23,-0.9335405073224916,0.6581999999999999,658.1999999999999,1.49,41327.38999999978,0.9799979591744956,980.7179999999998,635.9956229999999,65.05163479717815,-6.072833615071515,-1.0,-4.0,65.1618,-658.1999999999937,45.000000000001705,-3.0,-10.798871288369696,1.608,1608.0,0.35,41327.38999999978,0.570263097,562.8,636.41424,65.00884549660579,-70.20221551233578,0.0,-50.0,160.8,0.0,-3000.0000000001137,-50.0,3306191.1999999825,3306191.1999999825
2018-01-24,-1.294959783129234,0.65905,659.0500000000001,1.54,41476.46374999979,1.0131284880603926,1014.9370000000001,658.1866445,62.789773000323734,-8.131023082723306,-2.0,-6.0,65.24595,-1318.1000000000154,-340.00000000003183,-4.0,-10.369143351426755,1.604,1604.0,0.37,41476.46374999979,0.587166075,593.48,671.1071840000001,61.58090836351377,-63.854126653234914,4.0,-46.0,162.00400000000002,-6416.000000000054,20000.000000000284,-50.0,3318117.099999983,3318117.099999983
2018-01-25,-1.1061260227087664,0.6591500000000001,659.1500000000001,1.55,41608.705624999784,1.02351323065194,1021.6825000000001,662.5611012500001,62.600209507846934,-6.924372076365023,1.0,-5.0,66.57415,-659.1499999999968,-60.000000000030695,-6.0,-11.614989079398912,1.6005000000000003,1600.5000000000002,0.39,41608.705624999784,0.622079845,624.1950000000002,705.8397060000002,58.761873832583426,-68.25185228504732,-3.0,-49.0,158.4495,-4801.500000000033,16099.999999999738,-46.0,3328696.4499999825,3328696.4499999825
2018-01-26,-1.0476694898502386,0.6592,659.2,1.56,41707.72187499979,1.0253759473088917,1028.352,666.8862720000001,62.392505846933645,-6.5366724771135,0.0,-5.0,65.92,0.0,-24.999999999977263,-5.0,-13.322183335967866,1.5978999999999999,1597.8999999999999,0.42,41707.72187499979,0.667202618,671.1179999999999,758.9002343999999,54.82763575359331,-73.04238153870368,-3.0,-52.0,158.19209999999998,-4793.70000000003,12740.000000000948,-49.0,3336617.7499999832,3336617.7499999832
2018-01-29,-0.8853228057504118,0.6607999999999999,660.8,1.53,42312.10687499979,1.0108525691973946,1011.024,655.649064,63.612874882407816,-5.631792887274318,1.0,-4.0,66.7408,-660.7999999999947,-799.999999999983,-5.0,-14.63202818205443,1.5871000000000002,1587.1000000000001,0.51,42312.10687499979,0.804026948,809.421,915.2932668000001,45.56760481896269,-66.67464778997814,4.0,-48.0,160.2971,-6348.39999999997,56159.99999999917,-52.0,3384968.5499999826,3384968.5499999826
2018-01-30,-0.2558540609780556,0.66145,661.4499999999999,1.47,42064.73374999979,0.9734443572454512,972.3314999999999,630.5569777499999,67.10274942318613,-1.7168510942715045,3.0,-1.0,66.80645,-1984.3500000000063,-259.9999999999909,-4.0,-17.767126541753466,1.5891,1589.1,0.56,42064.73374999979,0.882864278,889.8960000000001,1006.2943968000001,42.04744358067739,-74.70622508551347,-5.0,-53.0,157.3209,-7945.50000000001,-9599.999999999454,-48.0,3365178.699999983,3365178.699999983
2018-01-31,0.5866271272160755,0.6605,660.5,1.38,42092.52124999979,0.9145908465828044,911.4899999999999,591.1012649999999,71.16332892638928,4.174633921122039,4.0,3.0,66.7105,-2641.999999999996,94.99999999999886,-1.0,-18.423360886748625,1.5882,1588.2,0.58,42092.52124999979,0.917619202,921.156,1041.6432048,40.38305396335437,-74.3991576875922,0.0,-53.0,158.82,0.0,4770.000000000181,-53.0,3367401.699999983,3367401.699999983
2018-02-01,0.7736222743486667,0.65815,658.15,1.3,42181.58187499979,0.8546610926675918,855.595,554.8533575,75.86242505525396,5.868886180885085,1.0,4.0,66.47315,-658.1500000000062,-704.9999999999983,3.0,-18.839813852342445,1.586,1586.0,0.62,42181.58187499979,0.979715435,983.3199999999999,1111.938256,37.85508864621687,-71.31828234586479,2.0,-51.0,160.186,-3172.0000000000255,11659.99999999994,-53.0,3374526.549999983,3374526.549999983
2018-02-02,0.2128304619753242,0.6526000000000001,652.6,1.23,42515.799374999784,0.8034181144666512,802.698,520.5496529999999,81.0327730157949,1.7246242516093215,-3.0,1.0,64.6074,-1957.8000000000202,-2219.9999999999704,4.0,-19.344415557715596,1.5787,1578.7,0.69,42515.799374999784,1.085081717,1089.3029999999999,1231.7838324,34.24430550676531,-66.24360762082367,4.0,-47.0,159.4487,-6314.799999999991,37229.999999999476,-51.0,3401263.9499999825,3401263.9499999825
2018-02-05,-1.5107486360102569,0.64905,649.0500000000001,1.19,42241.69687499978,0.7729342360898961,772.3695,500.88162074999997,84.88193140594446,-12.823526209344678,-10.0,-9.0,64.25595,-6490.5000000000255,-355.000000000004,1.0,-21.29880768523913,1.5809,1580.8999999999999,0.73,42241.69687499978,1.146847127,1154.0569999999998,1305.0076555999997,32.578965489250265,-69.38931205395839,-3.0,-50.0,156.5091,-4742.700000000042,-10339.999999999947,-47.0,3379335.7499999823,3379335.7499999823
2018-02-06,-3.62578212111593,0.6526000000000001,652.6,1.14,41566.58937499978,0.7452696379968213,743.9639999999999,482.4606539999999,87.55469803554134,-31.74542587569698,-14.0,-23.0,64.6074,-9136.400000000094,-3195.000000000036,-9.0,-20.8904880777235,1.5886000000000002,1588.6000000000001,0.73,41566.58937499978,1.160447184,1159.678,1311.3638824000002,32.21203316785795,-67.29250948523705,2.0,-48.0,160.44860000000003,-3177.2000000000276,-38500.00000000051,-50.0,3325327.1499999817,3325327.1499999817
2018-02-07,-3.867391553020053,0.6526500000000001,652.6500000000001,1.12,41717.42749999979,0.7279365814775929,730.9680000000002,474.0327480000001,87.68716834517048,-33.912061416635964,-1.0,-24.0,64.61235,-652.6499999999942,-114.99999999989541,-23.0,-16.903814520723042,1.5823,1582.3,0.75,41717.42749999979,1.184872426,1186.725,1341.9486299999999,30.974799217910288,-52.35922607961927,11.0,-37.0,159.8123,-17405.30000000004,30240.000000001146,-48.0,3337394.199999983,3337394.199999983
2018-02-08,-3.976413921375686,0.64955,649.55,1.13,42028.93312499978,0.7361109517728895,733.9914999999999,475.9934877499999,87.64285347095024,-34.850426265097596,-1.0,-25.0,64.30545,-649.550000000005,7440.000000000055,-24.0,-17.398126466809124,1.5774000000000001,1577.4,0.78,42028.93312499978,1.224972517,1230.372,1391.3046576000002,29.984394339599444,-52.167228475102675,0.0,-37.0,157.74,0.0,18129.999999999283,-37.0,3362314.649999982,3362314.649999982
2018-02-09,-4.729345795498768,0.65275,652.75,1.09,41662.206874999785,0.7094133726678857,711.4975000000001,461.40612875,91.08880551470087,-43.079045937795556,-6.0,-31.0,64.62225000000001,-3916.499999999985,-8000.000000000185,-25.0,-19.020905411302877,1.5804,1580.4,0.78,41662.206874999785,1.225358859,1232.7120000000002,1393.9507296000004,30.15094596425237,-57.34982912473485,-4.0,-41.0,156.4596,-6321.599999999989,-11099.999999999369,-37.0,3332976.5499999826,3332976.5499999826
2018-02-12,-4.180459490732277,0.65345,653.4499999999999,1.01,41634.87437499978,0.661127320052697,659.9844999999999,427.99994824999993,97.34161661782349,-40.69326850332029,2.0,-29.0,65.99845,-1306.900000000013,-2169.9999999997885,-31.0,-18.42094035679739,1.5797,1579.7,0.76,41634.87437499978,1.197111106,1200.5720000000001,1357.6068176,30.68797705999365,-56.53013950929096,1.0,-40.0,159.5497,-1579.7000000000025,2869.9999999997203,-41.0,3330789.9499999825,3330789.9499999825
2018-02-13,-3.647367149323719,0.64495,644.95,1.06,41820.98812499977,0.6828529002062645,683.647,443.3450795,93.9107622936859,-34.25270293579386,4.0,-25.0,65.13995,-2579.7999999999774,24649.999999999836,-29.0,-18.385583867713237,1.5811000000000002,1581.1000000000001,0.74,41820.98812499977,1.177542922,1170.0140000000001,1323.0518312000002,31.46881580386552,-57.85725521795892,-1.0,-41.0,156.52890000000002,-1581.0999999999922,-5600.000000000591,-40.0,3345679.0499999817,3345679.0499999817
2018-02-14,-4.824132295766854,0.6496500000000001,649.6500000000001,0.99,41639.784374999785,0.6459678139454637,643.1535000000001,417.08504475000007,100.26968996231257,-48.371424963372164,-10.0,-35.0,64.31535000000001,-6496.499999999941,-11749.99999999997,-25.0,-17.723612612379345,1.5797999999999999,1579.8,0.74,41639.784374999785,1.164304227,1169.052,1321.9640015999998,31.635496938179088,-56.0695292532399,1.0,-40.0,159.5598,-1579.8000000000059,5330.000000000979,-41.0,3331182.749999983,3331182.749999983
2018-02-15,-4.684875715523388,0.6528,652.8000000000001,0.91,41543.81187499978,0.5955549232887869,594.0480000000001,385.240128,108.08786870458049,-50.63782312367695,-1.0,-36.0,64.6272,-652.7999999999992,-11024.99999999992,-35.0,-17.882611061744576,1.5788,1578.8,0.75,41543.81187499978,1.181500035,1184.1,1338.98028,31.09813116515785,-55.61157843736355,0.0,-40.0,157.88,0.0,3999.9999999997726,-40.0,3323504.9499999825,3323504.9499999825
2018-02-16,-3.574330635616506,0.6528,652.8000000000001,0.81,41118.18562499978,0.5312044490152016,528.7680000000001,342.90604800000006,121.15217015653155,-43.30379133619145,5.0,-31.0,65.9328,-3263.999999999996,-0.0,-36.0,-18.06341861861484,1.5861,1586.1000000000001,0.73,41118.18562499978,1.16358684,1157.853,1309.3001724,31.729784163129146,-57.31483740168973,-1.0,-41.0,157.02390000000003,-1586.0999999999876,-29200.000000000728,-40.0,3289454.849999982,3289454.849999982
2018-02-19,-2.9329019318819003,0.6539,653.9000000000001,0.68,41083.36687499978,0.4448618699329493,444.6520000000001,288.356822,142.59480784886642,-41.82165874162687,1.0,-30.0,66.04390000000001,-653.9000000000073,-3409.9999999999823,-31.0,-14.541187318484582,1.5827000000000002,1582.7000000000003,0.73,41083.36687499978,1.150796825,1155.371,1306.4935268000002,31.472169422615295,-45.76427108933318,8.0,-33.0,159.8527,-12661.599999999908,13940.00000000014,-41.0,3286669.3499999824,3286669.3499999824
2018-02-20,-2.0731443804551613,0.6555,655.5,0.66,40868.71937499979,0.4355288930181112,432.63,280.56055499999997,146.43315370900868,-30.35770697241582,8.0,-22.0,66.2055,-5244.000000000028,-4799.999999999898,-30.0,-14.718860435495424,1.5838999999999999,1583.8999999999999,0.7,40868.71937499979,1.103678395,1108.7299999999998,1253.7518839999998,32.76833909427632,-48.23126098316417,-2.0,-35.0,156.8061,-3167.7999999999997,-3959.9999999992124,-33.0,3269497.549999983,3269497.549999983
2018-02-21,-1.0723266668705873,0.65515,655.15,0.66,40735.761249999785,0.4354913891076555,432.399,280.4107515,145.74590723209053,-15.628722291221745,11.0,-11.0,66.17015,-7206.650000000067,769.999999999925,-22.0,-14.348637838178794,1.5851,1585.1,0.66,40735.761249999785,1.039511424,1046.166,1183.0045128,34.546545624132456,-49.5695871720797,0.0,-35.0,158.51,0.0,-4200.000000000159,-35.0,3258860.8999999827,3258860.8999999827
2018-02-22,-0.4959054318934238,0.65595,655.95,0.66,40546.34499999979,0.4339179069673404,432.9270000000001,280.75315950000004,145.09457817873562,-7.195318945712003,6.0,-5.0,66.25095,-3935.7000000000253,-879.9999999999812,-11.0,-13.735833368953465,1.5876,1587.6,0.62,40546.34499999979,0.979258563,984.3119999999999,1113.0600095999998,36.59799193094628,-50.27039188017815,-1.0,-36.0,157.17239999999998,-1587.600000000009,-8750.0,-35.0,3243707.599999983,3243707.599999983
2018-02-23,0.1585364009807158,0.6569499999999999,656.9499999999999,0.64,40138.676874999794,0.4199437462171861,420.448,272.660528,148.70632466463863,2.357536551540166,7.0,2.0,66.35194999999999,-4598.649999999963,-499.9999999999716,-5.0,-12.433437803126925,1.5948,1594.8,0.57,40138.676874999794,0.913701629,909.036,1027.9379088,39.44435228323568,-49.042890079823835,1.0,-35.0,161.07479999999998,-1594.7999999999922,-25919.99999999996,-36.0,3211094.149999983,3211094.149999983
2018-02-26,0.8273212197836289,0.65405,654.0500000000001,0.63,39879.637499999786,0.4144467195192474,412.05150000000003,267.21539775,150.21094298073544,12.427270057167117,7.0,9.0,66.05905,-4578.349999999986,-579.9999999999841,2.0,-8.75282151196887,1.5956000000000001,1595.6000000000001,0.52,39879.637499999786,0.835611154,829.7120000000001,938.2383296000002,42.780896504315855,-37.445355122428964,8.0,-27.0,161.1556,-12764.799999999923,-2800.0000000004375,-35.0,3190370.999999983,3190370.999999983
2018-02-27,0.5302476803457864,0.6546500000000001,654.6500000000001,0.62,39943.53812499979,0.4084719492453212,405.88300000000004,263.2151255,151.50967264607212,8.03376524705292,-3.0,6.0,64.81035,-1963.9500000000112,540.0000000000205,9.0,-7.38875577972887,1.5919999999999999,1591.9999999999998,0.46,39943.53812499979,0.724986896,732.3199999999999,828.107456,48.1575636242065,-35.58244765660166,2.0,-25.0,160.792,-3184.000000000026,9720.000000000367,-27.0,3195483.049999983,3195483.049999983
2018-02-28,0.5191619780295429,0.6496500000000001,649.6500000000001,0.63,39671.598124999786,0.4099459313783008,409.27950000000004,265.41775575,150.49308970355042,7.813029013027267,0.0,6.0,64.965,0.0,-3000.0,6.0,-8.426062503540416,1.5944,1594.4,0.41,39671.598124999786,0.651403101,653.704,739.2084831999999,54.03555158361553,-45.53069350568268,-8.0,-33.0,157.8456,-12755.200000000059,-6000.000000000227,-25.0,3173727.849999983,3173727.849999983
2018-03-01,-1.109082053170146,0.6497,649.7,0.63,39398.578124999796,0.4070736010276755,409.31100000000004,265.43818350000004,149.45701331247915,-16.576009118528223,-18.0,-12.0,64.3203,-11694.599999999922,29.999999999972715,6.0,-7.938037731507461,1.597,1597.0,0.39,39398.578124999796,0.622855789,622.83,704.2961640000001,56.328005394332635,-44.71338321607683,1.0,-32.0,161.297,-1597.0000000000084,-8579.9999999997,-33.0,3151886.2499999832,3151886.2499999832
2018-03-02,-2.0213573448058395,0.6534000000000001,653.4000000000001,0.6,39133.54687499978,0.3920866188148343,392.04,254.23794,154.967343288731,-31.324437756172433,-10.0,-22.0,64.6866,-6534.000000000049,-4440.000000000055,-12.0,-6.792023979168553,1.5977000000000001,1597.7,0.39,39133.54687499978,0.621302395,623.1030000000001,704.6048724000001,55.91584683597455,-37.97817725254552,5.0,-27.0,161.3677,-7988.500000000016,-2240.000000000691,-32.0,3130683.7499999823,3130683.7499999823
2018-03-05,-1.3299859338681963,0.65125,651.25,0.56,39955.63187499979,0.3657273574495066,364.70000000000005,236.50795000000002,165.46398070339615,-22.006476689735553,6.0,-16.0,65.77625,-3907.5000000000273,4730.000000000075,-22.0,-6.599478301481303,1.5719,1571.9,0.43,39955.63187499979,0.683397883,675.917,764.3269436,51.20000963289315,-33.789335260791205,3.0,-24.0,158.7619,-4715.699999999998,69660.00000000033,-27.0,3196450.5499999826,3196450.5499999826
2018-03-06,-1.4676355549910725,0.6506000000000001,650.6,0.5,39808.96187499979,0.3276780686187047,325.3,210.95705,189.40173781819468,-27.797272459907976,-4.0,-20.0,64.4094,-2602.3999999999887,1039.9999999999636,-16.0,-12.474234952890246,1.5656999999999999,1565.6999999999998,0.5,39808.96187499979,0.785907543,782.8499999999999,885.24678,45.13502085260315,-56.30248547189723,-16.0,-40.0,155.0043,-25051.19999999988,14880.00000000011,-24.0,3184716.949999983,3184716.949999983
2018-03-07,-1.805539303288617,0.6569,656.9000000000001,0.46,39305.78312499978,0.2995445153123167,302.17400000000004,195.95983900000002,203.14857410655347,-36.67927349564225,-6.0,-26.0,65.03309999999999,-3941.400000000044,-12599.999999999909,-20.0,-16.372534420073983,1.5681,1568.1000000000001,0.54,39305.78312499978,0.848464888,846.7740000000001,957.5320392000001,41.57454815638276,-68.06807206894001,-9.0,-49.0,155.2419,-14112.900000000138,-9600.000000000364,-40.0,3144462.6499999827,3144462.6499999827
2018-03-08,0.093451177224397,0.66235,662.35,0.51,38640.463749999784,0.3401424946308297,337.7985,219.06232724999998,179.42739684374365,1.67677014613569,27.0,1.0,66.89735,-17883.450000000095,-14170.000000000044,-26.0,-17.091953622271596,1.5721,1572.1000000000001,0.56,38640.463749999784,0.878803543,880.3760000000002,995.5291808000003,39.48230135596219,-67.48296636766568,1.0,-48.0,158.7821,-1572.100000000006,-19600.00000000028,-49.0,3091237.0999999824,3091237.0999999824
2018-03-09,2.5893967122225927,0.6627,662.6999999999999,0.59,38457.12749999979,0.3922474771369904,390.99299999999994,253.55896049999996,152.39242057864405,39.46044328139835,27.0,28.0,66.9327,-17892.900000000027,34.99999999999659,1.0,-16.0250985718037,1.5697999999999999,1569.8,0.58,38457.12749999979,0.915459812,910.4839999999999,1029.5753072,37.53048803694132,-60.14297702398842,5.0,-43.0,158.5498,-7849.000000000075,11040.000000000873,-48.0,3076570.199999983,3076570.199999983
2018-03-12,4.383342705405528,0.6612,661.2,0.62,38029.61249999978,0.411938810165192,409.944,265.848684,144.6579570053459,63.408540061824944,17.0,45.0,66.7812,-11240.399999999894,-4199.999999999762,28.0,-15.036647848540932,1.5727000000000002,1572.7000000000003,0.6,38029.61249999978,0.937498089,943.6200000000001,1067.0454960000002,36.040757066275816,-54.19321722004027,4.0,-39.0,158.8427,-6290.79999999999,-12470.00000000088,-43.0,3042368.9999999823,3042368.9999999823
2018-03-13,5.184505793084015,0.6605,660.5,0.65,37784.14874999978,0.4321241141002986,429.325,278.4172625,136.59215006468852,70.81627933001788,6.0,51.0,66.7105,-3962.9999999999936,-3150.0000000003324,45.0,-14.109443207700425,1.5747,1574.7,0.6,37784.14874999978,0.941714217,944.8199999999999,1068.402456,35.59483814964178,-50.222334735965916,3.0,-36.0,159.0447,-4724.100000000021,-7799.999999999556,-39.0,3022731.899999982,3022731.899999982
2018-03-14,5.365835994843649,0.6644,664.4,0.72,37709.08374999978,0.4770351139978576,478.36799999999994,310.22164799999996,121.79726654665888,65.35441569096284,-4.0,47.0,65.7756,-2657.600000000002,19890.00000000003,51.0,-12.497323097245816,1.5794,1579.3999999999999,0.6,37709.08374999978,0.94318609,947.6399999999999,1071.5913119999998,35.25984983909592,-44.06537357995526,4.0,-32.0,159.5194,-6317.59999999997,-16919.99999999996,-36.0,3016726.6999999825,3016726.6999999825
2018-03-15,6.629100176231411,0.65995,659.95,0.72,37158.29812499979,0.476598887941352,475.164,308.143854,122.37493385151139,81.12356955613613,11.0,58.0,66.65495,-7259.449999999944,-20914.99999999968,47.0,-10.237060535369348,1.5814,1581.3999999999999,0.59,37158.29812499979,0.938544973,933.0259999999998,1055.0658007999998,35.740978165918186,-36.58825570778186,6.0,-26.0,159.7214,-9488.400000000012,-6399.999999999636,-32.0,2972663.8499999833,2972663.8499999833
2018-03-16,5.840918129002812,0.6580500000000001,658.0500000000002,0.73,36859.398124999796,0.4779314804309564,480.37650000000014,311.5241602500001,119.27902508486027,69.66990200279415,-8.0,50.0,65.14695,-5264.400000000023,-11019.999999999869,58.0,-8.814213841856871,1.5819,1581.9,0.59,36859.398124999796,0.93789214,933.321,1055.3993868,35.2078071957809,-31.032914152647997,4.0,-22.0,159.7719,-6327.599999999961,-1300.0000000002956,-26.0,2948751.8499999833,2948751.8499999833
2018-03-19,4.857595440365268,0.6573000000000001,657.3000000000001,0.73,36707.79812499979,0.4781999233098919,479.82900000000006,311.1691065,118.45455527250355,57.540430758220886,-9.0,41.0,65.0727,-5915.700000000058,-3750.000000000142,50.0,-8.264799315540406,1.5823,1582.3,0.59,36707.79812499979,0.936491146,933.5569999999999,1055.6662555999999,34.91576805592819,-28.85718159302029,1.0,-21.0,159.8123,-1582.3000000000036,-879.9999999998249,-22.0,2936623.8499999833,2936623.8499999833
2018-03-20,2.364577939623446,0.6547,654.6999999999999,0.65,36452.10812499979,0.4266396801207922,425.55499999999995,275.97241749999995,133.01256139121148,31.45185683584679,-18.0,23.0,64.8153,-11784.600000000097,-10660.00000000021,41.0,-7.929076372926191,1.5806,1580.6,0.59,36452.10812499979,0.93680343,932.5539999999999,1054.5320631999998,34.80956094744924,-27.600766726035403,1.0,-20.0,159.6406,-1580.600000000004,3569.999999999737,-21.0,2916168.6499999827,2916168.6499999827
2018-03-21,2.500565590744213,0.6594,659.4,0.63,36604.25562499979,0.4127788956009706,415.42199999999997,269.401167,135.3079072779213,33.834629709477845,1.0,24.0,66.5994,-659.4000000000051,10809.999999999975,23.0,-8.486152020017855,1.5788,1578.8,0.59,36604.25562499979,0.93810305,931.492,1053.3311535999999,34.60650337779945,-29.367604854526753,-1.0,-21.0,156.3012,-1578.800000000001,3600.0000000001364,-20.0,2928340.449999983,2928340.449999983
2018-03-22,2.909488377184314,0.6585,658.5,0.62,36212.85937499979,0.4092192769818499,408.27,264.76309499999996,138.25286195948038,40.22450949835756,5.0,29.0,66.5085,-3292.500000000018,-2160.000000000082,24.0,-9.262187019260894,1.5896000000000001,1589.6000000000001,0.6,36212.85937499979,0.946603049,953.76,1078.511808,33.93959653801008,-31.43548904933089,-2.0,-23.0,157.37040000000002,-3179.1999999999803,-22680.000000000262,-21.0,2897028.749999983,2897028.749999983
2018-03-23,2.964544815352214,0.6531,653.1,0.62,35804.679374999796,0.4081683680217607,404.922,262.591917,137.9054610237671,40.88269194867655,0.0,29.0,65.31,0.0,-15659.999999999769,29.0,-4.770799197783456,1.5887,1588.7,0.6,35804.679374999796,0.951980392,953.22,1077.901176,33.595713764208554,-16.027840427524875,12.0,-11.0,160.4587,-19064.399999999863,2070.000000000078,-23.0,2864374.3499999833,2864374.3499999833
2018-03-26,1.159014636663785,0.6554000000000001,655.4000000000001,0.62,35712.47312499979,0.4054459478815211,406.34800000000007,263.516678,135.87253621571458,15.747825819464339,-18.0,11.0,64.8846,-11797.200000000004,6670.0000000001155,29.0,-4.073317968284465,1.5893000000000002,1589.3000000000002,0.6,35712.47312499979,0.960973812,953.58,1078.308264,33.20449315873906,-13.525245861127042,1.0,-10.0,160.51930000000002,-1589.3000000000086,-660.000000000025,-11.0,2856997.8499999833,2856997.8499999833
2018-03-27,1.0107530099996742,0.65485,654.85,0.62,35639.3212499998,0.406289408328857,406.007,263.29553949999996,135.6364532145817,13.709495335231844,-1.0,10.0,64.83015,-654.8499999999962,-605.000000000075,11.0,-3.661887731256046,1.5922999999999998,1592.2999999999997,0.61,35639.3212499998,0.978757716,971.3029999999998,1098.3494323999998,32.514673446832475,-11.906508378075257,1.0,-9.0,160.82229999999998,-1592.2999999999945,-2999.9999999998295,-10.0,2851145.6999999834,2851145.6999999834
2018-03-28,0.6127555506271091,0.65435,654.35,0.62,35531.61249999979,0.407649052478821,405.697,263.09450449999997,135.4620512417423,8.300512379771146,-4.0,6.0,64.78065000000001,-2617.399999999975,-499.9999999999716,10.0,-2.5503826231523186,1.5931,1593.1,0.63,35531.61249999979,0.997647232,1003.6529999999999,1134.9308124,31.40219726225824,-8.008761822646473,3.0,-6.0,160.9031,-4779.299999999977,-720.0000000001125,-9.0,2842528.9999999832,2842528.9999999832
2018-03-29,0.3895969704565603,0.65435,654.35,0.63,35475.42624999979,0.4096263541166302,412.2405,267.33796424999997,132.90896637027038,5.17809306443702,-2.0,4.0,64.78065000000001,-1308.6999999999875,0.0,6.0,-1.8784390876986368,1.5931,1593.1,0.64,35475.42624999979,1.012649166,1019.584,1152.9455871999999,30.818117432836118,-5.788995639512613,2.0,-4.0,160.9031,-3186.1999999999853,-0.0,-6.0,2838034.0999999833,2838034.0999999833
2018-03-30,0.2052082106240549,0.6533,653.3,0.63,35453.84374999979,0.4138078257519489,411.57899999999995,266.9089815,132.91207381119844,2.727464883712834,-2.0,2.0,64.6767,-1306.600000000003,-420.0000000000159,4.0,-1.876267377841918,1.5931,1593.1,0.63,35453.84374999979,1.005556728,1003.6529999999999,1134.9308124,31.257787578241096,-5.86479671365661,0.0,-4.0,159.31,0.0,-0.0,-4.0,2836307.4999999832,2836307.4999999832
2018-04-02,-0.2363353012163878,0.6497499999999999,649.7499999999999,0.66,35386.552499999794,0.4316013785739056,428.8349999999999,278.0994974999999,127.48618414889368,-3.012948573175667,-4.0,-2.0,64.32525,-2598.9999999999895,-710.000000000008,2.0,-2.053209845769444,1.5943,1594.3,0.63,35386.552499999794,0.999524887,1004.409,1135.7856972,31.21525815776912,-6.4091475387766526,-1.0,-5.0,157.8357,-1594.300000000004,-480.0000000000182,-4.0,2830924.1999999834,2830924.1999999834
2018-04-03,-1.6407653951582624,0.6524500000000001,652.45,0.67,35281.904374999795,0.4367067093449553,437.14150000000006,283.48626275000004,124.82633957895298,-20.481073838542024,-13.0,-15.0,64.59255,-8481.850000000022,-540.0000000000205,-2.0,-2.0475945980128927,1.5930000000000002,1593.0000000000002,0.63,35281.904374999795,1.003153361,1003.5900000000001,1134.8595720000003,31.181437221908354,-6.384694241385768,0.0,-5.0,159.3,0.0,649.9999999999773,-5.0,2822552.3499999833,2822552.3499999833
2018-04-04,-1.5734526526343309,0.65815,658.15,0.64,35144.4706249998,0.4185354425297243,421.216,273.158576,129.1627189292413,-20.32314227206772,0.0,-15.0,65.815,0.0,-8549.999999999898,-15.0,-2.543808879397417,1.5947,1594.7,0.63,35144.4706249998,1.004491248,1004.6610000000001,1136.0706588,31.056082737201482,-7.900073902619397,-1.0,-6.0,157.8753,-1594.699999999989,-849.9999999999375,-5.0,2811557.6499999836,2811557.6499999836
2018-04-05,0.3556851829104597,0.6613500000000001,661.3500000000001,0.62,34942.77812499979,0.4071061491227226,410.0370000000001,265.90899450000006,132.16728787637828,4.700994596308899,18.0,3.0,66.79635,-11904.299999999977,-4800.000000000111,-15.0,-2.3576399462158717,1.5911000000000002,1591.1000000000001,0.62,34942.77812499979,0.978818505,986.4820000000001,1115.5138456000002,31.505185492428094,-7.427788382988924,1.0,-5.0,160.70110000000003,-1591.1000000000115,2159.9999999999113,-6.0,2795422.2499999832,2795422.2499999832
2018-04-06,2.4726682956297785,0.65945,659.4499999999999,0.61,34638.48499999979,0.4044597219174266,402.26449999999994,260.86852824999994,133.9478485941119,33.120859848647825,21.0,24.0,66.60445,-13848.450000000143,-570.0000000000358,3.0,-4.510473126511372,1.595,1595.0,0.6,34638.48499999979,0.963961963,957.0,1082.1756,32.289379029613855,-14.564037638481315,-5.0,-10.0,157.905,-7974.9999999999945,-1949.9999999999318,-5.0,2771078.799999983,2771078.799999983
2018-04-09,3.3378137401088965,0.6618,661.8000000000001,0.6,34608.067499999794,0.3972439426685292,397.08000000000004,257.50638000000004,134.51505551046847,44.89862005343526,8.0,32.0,66.8418,-5294.399999999996,5640.000000000327,24.0,-3.197332821141849,1.5930000000000002,1593.0000000000002,0.6,34608.067499999794,0.950737959,955.8000000000001,1080.8186400000002,32.04837862529812,-10.246933284304657,3.0,-7.0,160.893,-4778.999999999968,1999.9999999998863,-10.0,2768645.399999983,2768645.399999983
2018-04-10,4.557526689382764,0.6634000000000001,663.4000000000001,0.59,34554.669999999795,0.3884191249841892,391.406,253.826791,136.3452114871507,62.13969403222268,12.0,44.0,67.0034,-7960.799999999949,5119.999999999891,32.0,-3.606122199655052,1.5905000000000002,1590.5000000000002,0.55,34554.669999999795,0.8747975,874.7750000000002,989.1955700000002,34.98607206661852,-12.616405115816455,-2.0,-9.0,157.45950000000002,-3180.999999999983,1750.0,-7.0,2764373.5999999833,2764373.5999999833
2018-04-11,5.875011650905191,0.65145,651.4499999999999,0.63,33677.47062499979,0.4090468595652079,410.41349999999994,266.15315474999994,129.8300222383511,76.27528932875927,11.0,55.0,65.79645,-7165.949999999967,-52580.00000000032,44.0,-4.771256179377135,1.595,1595.0,0.51,33677.47062499979,0.81795986,813.45,919.8492600000001,37.56557895149015,-17.923500070417703,-4.0,-13.0,157.905,-6379.999999999995,-4049.9999999998977,-9.0,2694197.649999983,2694197.649999983
2018-04-12,2.260895693396632,0.6552,655.2,0.61,33611.303124999795,0.3999882289770169,399.672,259.187292,129.93488363233405,29.37692188263366,-34.0,21.0,64.8648,-22276.79999999978,20625.0,55.0,-3.342679076902087,1.5929,1592.9,0.48,33611.303124999795,0.771099432,764.592,864.6006336,38.951475763757514,-13.020228304997099,4.0,-9.0,160.8829,-6371.600000000058,2730.0000000001037,-13.0,2688904.2499999832,2688904.2499999832
2018-04-13,1.6681562580308458,0.6469,646.9,0.67,33271.44687499979,0.435992641360145,433.423,281.0748155,119.5813401681297,19.94803609451809,-7.0,14.0,64.0431,-4528.300000000016,-17429.999999999964,21.0,-3.878780566154942,1.5934000000000001,1593.4,0.43,33271.44687499979,0.689160601,685.162,774.7811896000001,43.38167159472788,-16.826798470894637,-3.0,-12.0,157.7466,-4780.200000000008,-450.0000000001023,-9.0,2661715.7499999832,2661715.7499999832
2018-04-16,-0.6055415592549963,0.64535,645.35,0.75,33059.86999999979,0.4817319448132483,484.01250000000005,313.88210625,105.99982035452456,-6.418729649822829,-19.0,-5.0,63.889649999999996,-12261.650000000009,-2170.000000000016,14.0,-4.21739392964821,1.5915000000000001,1591.5000000000002,0.38,33059.86999999979,0.61169791,604.7700000000001,683.8739160000001,48.651434272571066,-20.518226356982012,-3.0,-15.0,157.5585,-4774.499999999989,2279.9999999999727,-12.0,2644789.5999999833,2644789.5999999833
2018-04-17,-2.280871683188431,0.6424500000000001,642.45,0.85,32842.55874999979,0.544742905708968,546.0825,354.13450124999997,93.35399370382525,-21.29284807516061,-10.0,-15.0,63.60255,-6424.500000000036,1449.9999999999602,-5.0,-5.336166783701257,1.5934000000000001,1593.4,0.34,32842.55874999979,0.540964263,541.7560000000001,612.6176848000001,53.964929221383436,-28.796586279593566,-6.0,-21.0,157.7466,-9560.400000000016,-2849.999999999966,-15.0,2627404.6999999834,2627404.6999999834
2018-04-18,-3.969015283997116,0.6447499999999999,644.7499999999999,0.86,32786.905624999796,0.5514055524931563,554.4849999999999,359.5835224999999,91.33499366617892,-36.25099858248439,-11.0,-26.0,63.83024999999999,-7092.250000000021,-3449.9999999998463,-15.0,-5.025492498534415,1.5905000000000002,1590.5000000000002,0.31,32786.905624999796,0.497049629,493.05500000000006,557.5465940000001,58.90549615661321,-29.602912905750753,0.0,-21.0,159.05,0.0,6089.999999999833,-21.0,2622952.4499999834,2622952.4499999834
2018-04-19,-4.466147443985367,0.6430500000000001,643.0500000000001,0.91,32958.22312499979,0.585952714235808,585.1755,379.48631175,86.39812454315697,-38.586676309354985,-2.0,-28.0,63.661950000000004,-1286.1000000000047,4419.999999999674,-26.0,-6.152818584293574,1.5816999999999999,1581.6999999999998,0.31,32958.22312499979,0.494893254,490.32699999999994,554.4617715999999,59.132851540670224,-36.38337079017087,-5.0,-26.0,156.58829999999998,-7908.50000000006,18480.000000000502,-21.0,2636657.8499999833,2636657.8499999833
2018-04-20,-5.173935139817987,0.64275,642.75,0.97,32649.39437499979,0.6202637207836159,623.4675,404.31867374999996,81.515461107242,-42.175570866122584,-2.0,-30.0,63.632250000000006,-1285.4999999999989,840.0000000000318,-28.0,-10.083866922216249,1.5813,1581.3,0.32,32649.39437499979,0.499168642,506.016,572.2028928000001,57.59884044577796,-58.08190419291918,-16.0,-42.0,156.5487,-25300.79999999998,1039.999999999793,-26.0,2611951.549999983,2611951.549999983
2018-04-23,-5.691371639725263,0.64625,646.25,0.98,32596.338124999784,0.6301611566261076,633.3249999999999,410.7112624999999,79.49476275927495,-45.243423827482545,-2.0,-32.0,63.97875,-1292.5000000000039,-10499.999999999829,-30.0,-11.97655962500541,1.578,1578.0,0.34,32596.338124999784,0.533359479,536.52,606.696816,53.81500860719827,-64.45186593042894,-4.0,-46.0,156.222,-6312.000000000012,13859.99999999933,-42.0,2607707.0499999826,2607707.0499999826
2018-04-24,-4.909261916110934,0.6498,649.8000000000001,0.97,32287.088124999795,0.6319405958266134,630.306,408.753441,79.7457216390743,-39.14926342154911,4.0,-28.0,65.6298,-2599.199999999996,-11360.000000000127,-32.0,-14.38946064317864,1.5776,1577.6,0.35,32287.088124999795,0.557998507,552.16,624.382528,52.205717910479045,-75.12121232217245,-8.0,-54.0,156.1824,-12620.799999999917,1840.0000000009413,-46.0,2582967.0499999835,2582967.0499999835
2018-04-25,-3.597558690511258,0.6504000000000001,650.4000000000001,0.95,32196.748124999787,0.617668128248261,617.8800000000001,400.69518000000005,80.5776803329648,-28.98829341430956,7.0,-21.0,65.69040000000001,-4552.800000000033,-1680.0000000000637,-28.0,-15.450650843987251,1.5772,1577.2,0.36,32196.748124999787,0.571880815,567.792,642.0591936000001,50.28677798999714,-77.6963448792549,-2.0,-56.0,156.1428,-3154.4000000000096,2159.9999999995703,-54.0,2575739.849999983,2575739.849999983
2018-04-26,-2.8422962961395446,0.6524,652.4,0.93,31678.839374999785,0.60423070923866,606.732,393.46570199999996,81.8286014799831,-23.258113090483484,4.0,-17.0,65.8924,-2609.6000000000004,-4199.999999999762,-21.0,-15.868387637903144,1.5831,1583.1,0.37,31678.839374999785,0.587079779,585.747,662.3627076,48.60893850993097,-77.13454789425828,1.0,-55.0,159.8931,-1583.1000000000017,-33040.00000000019,-56.0,2534307.1499999827,2534307.1499999827
2018-04-27,-1.542617266426124,0.6548999999999999,654.9,0.93,31041.944374999788,0.606542455222263,609.057,394.9734645,80.20498140325016,-12.372558916603987,8.0,-9.0,66.14489999999999,-5239.1999999999825,-4250.0,-17.0,-12.015317085693312,1.5866,1586.6,0.37,31041.944374999788,0.589726773,587.0419999999999,663.8270935999999,47.721522186149876,-57.3389220878539,14.0,-41.0,160.2466,-22212.40000000006,-19249.999999999687,-55.0,2483355.549999983,2483355.549999983
2018-04-30,-0.1564388834720822,0.6578499999999999,657.8499999999999,0.93,30724.81437499979,0.6139131317380171,611.8004999999999,396.75262424999994,78.24004802408007,-1.2239785755689179,8.0,-1.0,66.44284999999999,-5262.79999999997,-2655.0000000000155,-9.0,-8.982268546357497,1.5866,1586.6,0.37,30724.81437499979,0.592361095,587.0419999999999,663.8270935999999,46.76209313280098,-42.002967830859816,11.0,-30.0,160.2466,-17452.600000000046,-0.0,-41.0,2457985.149999983,2457985.149999983
2018-05-01,1.6745722756614807,0.6492,649.2,0.95,30564.949374999782,0.6144114392275932,616.74,399.95589,76.82050731894407,12.86414917585536,10.0,9.0,65.56920000000001,-6492.0000000000755,864.9999999999949,-1.0,-8.079016422588529,1.5874000000000001,1587.4,0.37,30564.949374999782,0.590054235,587.3380000000001,664.1618104000001,46.26103743678874,-37.374368117779895,3.0,-27.0,160.3274,-4762.200000000007,-2400.000000000375,-30.0,2445195.9499999825,2445195.9499999825
2018-05-02,0.3617681809726519,0.6542,654.2,0.94,30555.110624999783,0.6141839436632341,614.948,398.793778,76.64349611542782,2.7727178173062836,-7.0,2.0,64.7658,-4579.4000000000215,4500.0,9.0,-7.418857571124535,1.5859,1585.9,0.37,30555.110624999783,0.587200136,586.783,663.5342164,46.063863203362274,-34.174124028150906,3.0,-24.0,160.1759,-4757.700000000028,4050.0000000001537,-27.0,2444408.8499999824,2444408.8499999824
2018-05-03,0.8872262051570257,0.6581999999999999,658.1999999999999,0.95,30299.613124999785,0.624959998709557,625.2899999999998,405.5005649999999,75.35158582331394,6.685390154258276,3.0,5.0,66.47819999999999,-1974.599999999981,799.999999999983,2.0,-7.989796267309135,1.5926,1592.6,0.37,30299.613124999785,0.585756491,589.262,666.3374696,45.85530908736366,-36.63745773825248,-2.0,-26.0,157.6674,-3185.200000000009,-16079.9999999997,-24.0,2423969.0499999826,2423969.0499999826
2018-05-04,2.171734295892056,0.66225,662.25,0.99,30075.25187499978,0.6564257383642378,655.6274999999999,425.17443374999993,71.26395831884797,15.476638234206414,6.0,11.0,66.88725,-3973.5000000000014,2025.0000000000057,5.0,-4.004908013002314,1.5908000000000002,1590.8000000000002,0.36,30075.25187499978,0.580464469,572.688,647.5955904,46.787862014756215,-18.73810834941438,13.0,-13.0,160.6708,-20680.40000000002,4679.999999999438,-26.0,2406020.149999982,2406020.149999982
2018-05-07,3.911037944061427,0.6635500000000001,663.5500000000001,1.04,29969.483124999784,0.6891253514325338,690.0920000000001,447.52466200000003,67.20356313011366,26.28356853780021,8.0,19.0,67.01855,-5308.400000000006,1430.0000000001064,11.0,-4.079898468598858,1.5931,1593.1,0.36,29969.483124999784,0.576106761,573.516,648.5318927999999,46.37436062728014,-18.920268290549142,-1.0,-14.0,157.7169,-1593.0999999999926,-2989.999999999867,-13.0,2397558.6499999827,2397558.6499999827
2018-05-08,5.306100081893189,0.66015,660.15,1.07,29820.440624999785,0.703163506343772,706.3605,458.07478425,65.42486981480205,34.71509070821724,6.0,25.0,66.67515,-3960.9000000000096,-6460.000000000065,19.0,-2.791258900095859,1.5885,1588.5,0.36,29820.440624999785,0.56888839,571.86,646.6592880000001,46.34509034531919,-12.936114590211886,5.0,-9.0,160.4385,-7942.500000000053,6440.000000000111,-14.0,2385635.249999983,2385635.249999983
2018-05-09,5.471960699833892,0.65845,658.4499999999999,1.07,29600.234999999782,0.7040315452120505,704.5414999999999,456.89516274999994,65.26757789579987,35.71416212191642,1.0,26.0,66.50345,-658.450000000002,-4250.000000000043,25.0,-4.986108263936575,1.5885,1588.5,0.35,29600.234999999782,0.553849558,555.9749999999999,628.6965299999999,47.432169897613065,-23.650193430293214,-8.0,-17.0,157.26149999999998,-12708.000000000084,-0.0,-9.0,2368018.7999999826,2368018.7999999826
2018-05-10,5.18814513233468,0.6626500000000001,662.6500000000001,1.07,29613.767499999783,0.7105823316034522,709.0355000000002,459.8095217500001,64.37499355677441,33.398680946565555,-2.0,24.0,65.60235,-1325.2999999999986,10920.000000000044,26.0,-5.887858930359494,1.5907,1590.7,0.35,29613.767499999783,0.553036467,556.745,629.5672460000001,47.016796359828064,-27.682826432410742,-3.0,-20.0,157.4793,-4772.099999999995,-3739.999999999981,-17.0,2369101.3999999827,2369101.3999999827
2018-05-11,5.799225380987645,0.6613,661.3,1.09,29552.166249999784,0.7179918755252941,720.817,467.4498245,63.35175659050822,36.73911147498266,2.0,26.0,66.79129999999999,-1322.5999999999942,-3240.000000000123,24.0,-4.907392073281446,1.5885,1588.5,0.34,29552.166249999784,0.534670615,540.09,610.733772,48.4888323811243,-23.79537116698021,3.0,-17.0,160.4385,-4765.500000000031,4399.999999999977,-20.0,2364173.2999999826,2364173.2999999826
2018-05-14,6.075994479117339,0.6616,661.5999999999999,1.08,29636.948749999785,0.7170443965708555,714.5279999999999,463.3714079999999,63.77641291583487,38.75051327745204,2.0,28.0,66.8216,-1323.2000000000141,780.0000000000296,26.0,-5.890144041983219,1.5814,1581.3999999999999,0.34,29636.948749999785,0.539171587,537.676,608.0040208,48.60521516143201,-28.62917184924212,-3.0,-20.0,156.55859999999998,-4744.200000000006,12070.000000000135,-17.0,2370955.8999999827,2370955.8999999827
2018-05-15,6.305133749517409,0.66305,663.0500000000001,1.08,29557.490624999788,0.7150701014494989,716.0940000000002,464.3869590000001,63.81951124083951,40.23905542023228,1.0,29.0,66.96805,-663.0499999999984,4060.0000000002865,28.0,-9.45156308708512,1.5776,1577.6,0.36,29557.490624999788,0.569803475,567.9359999999999,642.2220288,46.14751195217766,-43.616612052802175,-11.0,-31.0,156.1824,-17353.599999999886,7599.999999999909,-20.0,2364599.249999983,2364599.249999983
2018-05-16,6.823056138207142,0.6696500000000001,669.6500000000001,1.17,29388.349999999773,0.7825379117463279,783.4905000000001,508.09358925000004,58.17331934581142,39.69198236423229,-1.0,28.0,66.29535,-669.6500000000043,19139.9999999999,29.0,-12.71969188672689,1.5818,1581.8000000000002,0.35,29388.349999999773,0.553031645,553.63,626.044804,47.213059570413414,-60.053557076534084,-12.0,-43.0,156.5982,-18981.600000000184,-13020.000000000493,-31.0,2351067.999999982,2351067.999999982
2018-05-17,8.264956300156522,0.6686,668.6,1.25,29386.126249999776,0.833531992979444,835.75,541.983875,54.22366117442105,44.815619004108385,4.0,32.0,67.5286,-2674.3999999999915,-2940.0000000001114,28.0,-11.348961788627976,1.5787,1578.7,0.35,29386.126249999776,0.556657285,552.545,624.8178859999999,47.03506519017891,-53.37991575689663,5.0,-38.0,159.4487,-7893.499999999989,13330.000000000098,-43.0,2350890.099999982,2350890.099999982
2018-05-18,9.35831364438203,0.6704000000000001,670.4000000000001,1.3,28933.98374999979,0.872469053884959,871.5200000000001,565.1807200000001,51.99421213448288,48.657814484702484,3.0,35.0,67.7104,-2011.2000000000023,5760.000000000218,32.0,-12.825857598423887,1.5867,1586.7,0.34,28933.98374999979,0.534511615,539.4780000000001,610.0417224000001,48.17068271066794,-61.783031686588664,-6.0,-44.0,157.08329999999998,-9520.200000000044,-30399.999999999352,-38.0,2314718.699999983,2314718.699999983
2018-05-21,10.446765712976896,0.6678499999999999,667.8499999999999,1.31,28145.491874999774,0.8769918756675458,874.8834999999999,567.3619497499999,50.99739903733259,53.27578797142071,3.0,38.0,67.45285,-2003.5500000000043,-8925.000000000338,35.0,-7.990721875264595,1.5924,1592.4,0.34,28145.491874999774,0.538944029,541.416,612.2332128,47.259742113095285,-37.76394551224739,17.0,-27.0,160.8324,-27070.799999999963,-25080.00000000095,-44.0,2251639.349999982,2251639.349999982
2018-05-22,10.360779456181746,0.6670999999999999,667.0999999999999,1.27,27946.541874999777,0.8490724350647836,847.2169999999999,549.4202244999999,51.22762253721837,53.07580991726451,0.0,38.0,66.71,0.0,-2850.0000000001082,38.0,-3.71374200464234,1.5890000000000002,1589.0000000000002,0.33,27946.541874999777,0.519319426,524.3700000000001,592.9575960000002,47.466281003675284,-17.627752156750567,14.0,-13.0,160.489,-22245.99999999998,9180.000000000093,-27.0,2235723.349999982,2235723.349999982
2018-05-23,10.179566153996044,0.6619,661.9000000000001,1.22,27531.548124999783,0.8091507894001052,807.5180000000001,523.675423,53.36615133645441,54.3244267913602,1.0,39.0,66.8519,-661.9000000000028,-19759.999999999847,38.0,-3.946454928365083,1.5976,1597.6,0.35,27531.548124999783,0.565462348,559.16,632.298128,44.19836250883187,-17.442684554864606,1.0,-12.0,161.3576,-1597.6,-11179.999999999807,-13.0,2202523.8499999824,2202523.8499999824
2018-05-24,8.20776815169575,0.6605,660.5,1.13,27084.40312499978,0.7448258744969327,746.3649999999999,484.0177024999999,56.88128343818124,46.68683866314829,-6.0,33.0,65.3895,-3962.9999999999936,-5460.000000000022,39.0,0.1914727388034397,1.6022,1602.2,0.4,27084.40312499978,0.647277117,640.8800000000001,724.7071040000002,37.989896846657345,0.727402959608964,13.0,1.0,161.8222,-20828.600000000137,-5520.0000000000955,-12.0,2166752.2499999823,2166752.2499999823
2018-05-25,6.863312091148662,0.6605,660.5,1.0,26957.125624999782,0.6636682780727843,660.5,428.33425,63.23193423126864,43.3980498756183,-2.0,31.0,65.3895,-1320.999999999998,0.0,33.0,3.440806543736639,1.6102,1610.2,0.49,26957.125624999782,0.791559221,788.998,892.1989384000001,30.356910280089362,10.445225553935753,6.0,7.0,162.6302,-9661.199999999952,800.0000000000114,1.0,2156570.0499999826,2156570.0499999826
2018-05-28,6.03685637042726,0.6634000000000001,663.4000000000001,0.91,27059.868124999783,0.6047870148408186,603.6940000000001,391.495559,68.85678523111875,41.56785225696209,-1.0,30.0,65.67660000000001,-663.3999999999958,8990.000000000195,31.0,6.534823759007945,1.6193000000000002,1619.3000000000002,0.61,27059.868124999783,0.987281621,987.7730000000001,1116.9737084,24.13407354378493,15.771191719557084,4.0,11.0,163.54930000000002,-6477.200000000039,6369.999999999976,7.0,2164789.4499999825,2164789.4499999825
2018-05-29,6.2404869325186745,0.6652500000000001,665.2500000000001,0.86,27183.221249999784,0.569956650386716,572.1150000000001,371.01657750000004,72.93439098418663,45.51461138680246,3.0,33.0,67.19025,-1995.750000000001,5550.000000000068,30.0,9.458210296052746,1.6280000000000001,1628.0,0.75,27183.221249999784,1.223465978,1221.0,1380.7068,19.598562218278193,18.536732296074916,2.0,13.0,164.42800000000003,-3256.0000000000286,9570.000000000051,11.0,2174657.6999999825,2174657.6999999825
2018-05-30,6.949262984789725,0.662,662.0,0.79,26823.978749999776,0.5254444943601188,522.98,339.15253,80.15043039779117,55.69864191783354,7.0,40.0,66.86200000000001,-4634.000000000043,-10725.000000000095,33.0,11.370509877008928,1.6202,1620.2,0.81,26823.978749999776,1.314722658,1312.362,1484.0189496,18.317300636441807,20.82770478068035,2.0,15.0,163.64020000000002,-3240.4000000000224,-10140.000000000015,13.0,2145918.299999982,2145918.299999982
2018-05-31,6.228460029713319,0.6642,664.2,0.74,26919.606249999775,0.4924840944842882,491.50800000000004,318.742938,84.15552331389937,52.415931324022964,-2.0,38.0,65.75580000000001,-1328.3999999999878,8799.999999999955,40.0,11.39349985151994,1.6214,1621.3999999999999,0.87,26919.606249999775,1.412873903,1410.618,1595.1268344,16.81620431148317,19.159542132601246,-1.0,14.0,160.5186,-1621.3999999999942,1799.999999999642,15.0,2153568.499999982,2153568.499999982
2018-06-01,6.448231653718856,0.6646500000000001,664.6500000000001,0.71,26797.056874999776,0.472546911237386,471.90150000000006,306.02812275,87.96448512018254,56.72153773550424,3.0,41.0,67.12965,-1993.949999999984,1710.0000000000648,38.0,12.051469205187908,1.6146,1614.6000000000001,0.9,26797.056874999776,1.456877712,1453.14,1643.210712,16.382321544894953,19.743104360778794,0.0,14.0,161.46,0.0,-9519.999999999698,14.0,2143764.549999982,2143764.549999982
2018-06-04,6.952450023897231,0.6678000000000001,667.8000000000001,0.71,26747.644374999778,0.4750669250957999,474.13800000000003,307.478493,87.15099587469285,60.591294335167575,2.0,43.0,67.4478,-1335.5999999999995,12914.999999999907,41.0,8.99920043399138,1.6081,1608.1000000000001,0.91,26747.644374999778,1.464066597,1463.371,1654.7799268,16.1937285079471,14.573060861665613,-4.0,10.0,159.2019,-6432.40000000003,-9100.00000000008,14.0,2139811.549999982,2139811.549999982
2018-06-05,8.01046305885956,0.6654000000000001,665.4000000000001,0.58,26468.204374999776,0.3846148506232608,385.932,250.276902,106.87220499077368,85.60958500974589,18.0,61.0,67.20540000000001,-11977.200000000095,-10319.99999999978,43.0,5.1320304386694975,1.6144999999999998,1614.4999999999998,0.92,26468.204374999776,1.493086624,1485.34,1679.622472,15.92479549475793,8.172653520868458,-4.0,6.0,159.8355,-6457.99999999997,6399.999999999864,10.0,2117456.349999982,2117456.349999982
2018-06-06,7.964775839607438,0.66545,665.4499999999999,0.5,26280.38374999977,0.3353409955849948,332.72499999999997,215.77216249999998,122.66737316033424,97.701813005554,9.0,70.0,67.21045000000001,-5989.050000000063,304.9999999997226,61.0,6.408842256467018,1.6016,1601.6,0.92,26280.38374999977,1.474321878,1473.472,1666.2021376,15.885350149126934,10.180670329449935,1.0,7.0,161.7616,-1601.5999999999906,-7739.999999999953,6.0,2102430.6999999816,2102430.6999999816
2018-06-07,8.063601361797746,0.6674,667.4,0.48,26260.751249999765,0.3211161523809108,320.352,207.748272,126.50109431475691,102.0054396385379,3.0,73.0,67.4074,-2002.200000000002,13649.999999999523,70.0,1.2061584361350246,1.5963999999999998,1596.3999999999999,0.92,26260.751249999765,1.470131853,1468.6879999999999,1660.7923904,15.824002989121459,1.9086254698754694,-6.0,1.0,158.0436,-9578.39999999993,-3640.000000000072,7.0,2100860.099999981,2100860.099999981
2018-06-08,8.763058946234976,0.65885,658.85,0.51,25425.256874999774,0.3365564588395122,336.0135,217.90475475,120.51481520046897,105.60784294963246,3.0,76.0,66.54385,-1976.5500000000031,-62414.99999999925,73.0,-0.5568589161680325,1.604,1604.0,0.91,25425.256874999774,1.465125137,1459.64,1650.5609120000001,15.910198199337803,-0.8859735725301832,-2.0,-1.0,158.796,-3208.000000000027,760.0000000000193,1.0,2034020.5499999817,2034020.5499999817
2018-06-11,5.259400034060889,0.6607999999999999,660.8,0.52,25266.30687499977,0.3427502735033146,343.616,222.83497599999998,114.0990401569625,60.009249568784334,-33.0,43.0,65.4192,-21806.399999999827,14819.999999999482,76.0,-4.52019445978774,1.5974000000000002,1597.4,0.91,25266.30687499977,1.46042665,1453.6340000000002,1643.7693272000004,15.467655013559112,-6.991680849819796,-4.0,-5.0,158.14260000000002,-6389.599999999973,659.9999999999966,-1.0,2021304.5499999814,2021304.5499999814
2018-06-12,4.658819509208807,0.66125,661.25,0.51,25210.59437499977,0.3383384646375015,337.2375,218.69851875,115.53030637524502,53.823484524586206,-4.0,39.0,65.46375,-2644.999999999982,1935.0000000000732,43.0,-6.062191621674335,1.5985,1598.5,0.9,25210.59437499977,1.443576346,1438.65,1626.8254200000001,15.531049960480559,-9.415220094623075,-2.0,-7.0,158.2515,-3197.0000000000027,-549.9999999999261,-5.0,2016847.5499999817,2016847.5499999817
2018-06-13,4.307426609345687,0.66935,669.35,0.5,25561.118749999776,0.3340425371913634,334.675,217.0367375,116.15818900244837,50.03428742025517,-3.0,36.0,66.26565000000001,-2008.049999999983,31590.000000000087,39.0,-6.228397686456383,1.6007,1600.7,0.89,25561.118749999776,1.42509064,1424.623,1610.9636884000001,15.64938710694267,-9.747060645134209,0.0,-7.0,160.07,0.0,-1539.999999999992,-7.0,2044889.4999999818,2044889.4999999818
2018-06-14,5.904430365686434,0.6655500000000001,665.5500000000001,0.5,25197.55874999978,0.3326142660599089,332.77500000000003,215.8045875,118.44566904769704,69.93542050092681,14.0,50.0,67.22055,-9317.699999999946,-13679.999999999836,36.0,-5.523554064746585,1.6071000000000002,1607.1000000000001,0.88,25197.55874999978,1.417937704,1414.248,1599.2316384,15.983374850921019,-8.828503512617313,1.0,-6.0,162.3171,-1607.1000000000026,-4480.000000000104,-7.0,2015804.699999982,2015804.699999982
2018-06-15,6.014594949725785,0.66305,663.0500000000001,0.49,24958.98062499978,0.3272838981474168,324.89450000000005,210.69408325000003,119.59310086606229,71.93040604910647,1.0,51.0,66.96805,-663.0499999999984,-12500.0,50.0,-3.1561611990370517,1.6116,1611.6,0.88,24958.98062499978,1.410260023,1418.2079999999999,1603.7096064,15.712045777765928,-4.958974924127876,2.0,-4.0,162.7716,-3223.20000000002,-2699.999999999932,-6.0,1996718.449999982,1996718.449999982
2018-06-18,5.5052439209590736,0.66315,663.15,0.49,24872.26687499977,0.3227573908060035,324.9435,210.72585974999998,118.44289378916524,65.20570210136032,-4.0,47.0,65.65185,-2652.6000000000067,509.99999999953616,51.0,-0.8633562920694093,1.6115000000000002,1611.5000000000002,0.84,24872.26687499977,1.357774159,1353.66,1530.718728,16.305399658636553,-1.4077369389990266,3.0,-1.0,162.7615,-4834.50000000002,39.99999999996362,-4.0,1989781.3499999815,1989781.3499999815
2018-06-19,7.796273636361164,0.6589,658.9000000000001,0.52,24474.09437499977,0.3416317461632825,342.62800000000004,222.19425800000002,111.93928726546915,87.2709314180836,15.0,62.0,66.5489,-9883.50000000004,-19974.999999999865,47.0,-0.0686069763725129,1.6153,1615.3,0.79,24474.09437499977,1.272393152,1276.087,1442.9991796,17.236507980478805,-0.11825446957613395,1.0,0.0,163.1453,-1615.2999999999906,-379.99999999999545,-1.0,1957927.5499999817,1957927.5499999817
2018-06-20,6.394293665465306,0.66735,667.35,0.49,25013.51499999977,0.3301392382817349,327.0015,212.06047275,115.41092056251568,73.79713182784137,-9.0,53.0,66.06765,-6006.1499999999905,52389.99999999993,62.0,1.3980434094734877,1.6151,1615.1,0.74,25013.51499999977,1.198633528,1195.174,1351.5027592,18.108800894706878,2.5316889744312547,2.0,2.0,163.1251,-3230.200000000025,-0.0,0.0,2001081.1999999816,2001081.1999999816
2018-06-21,4.184875963302849,0.6677,667.6999999999999,0.49,24882.20124999977,0.3258610388697084,327.17299999999994,212.17169049999995,117.89280153753488,49.336675140086285,-18.0,35.0,66.1023,-12018.599999999935,1854.9999999998192,53.0,1.8087283174162807,1.6215000000000002,1621.5000000000002,0.68,24882.20124999977,1.098648715,1102.6200000000003,1246.8426960000004,20.06148416335573,3.6285774495659773,1.0,3.0,163.7715,-1621.4999999999975,1280.0000000000296,2.0,1990576.0999999815,1990576.0999999815
2018-06-22,5.145653668889828,0.6659,665.9000000000001,0.45,24640.903749999772,0.3028991856265947,299.65500000000003,194.3262675,128.0434270163696,65.88671300040093,12.0,47.0,67.25590000000001,-7990.800000000092,-6299.999999999742,35.0,3.82757580021714,1.621,1621.0,0.64,24640.903749999772,1.042144104,1037.44,1173.137152,21.20996782650676,8.11827595761214,3.0,6.0,163.721,-4863.000000000028,-150.0000000000341,3.0,1971272.2999999817,1971272.2999999817
2018-06-25,5.223591264056815,0.6676000000000001,667.6000000000001,0.45,24730.24999999977,0.3016862332290317,300.4200000000001,194.82237000000003,126.47882145156004,66.06736668225707,0.0,47.0,66.76,0.0,7990.00000000008,47.0,4.350904681827562,1.6222999999999999,1622.3,0.63,24730.24999999977,1.017758485,1022.049,1155.7330092,21.320584904861583,9.276383268186432,1.0,7.0,163.85229999999999,-1622.2999999999956,779.9999999999727,6.0,1978419.9999999816,1978419.9999999816
2018-06-26,5.776082802858851,0.6663500000000001,666.3500000000001,0.45,24574.324999999775,0.2990436144108806,299.8575000000001,194.45758875000004,127.17554588107977,73.45764835078917,6.0,53.0,67.30135,-3998.0999999999653,-5875.0,47.0,4.865375921661641,1.6209,1620.9,0.58,24574.324999999775,0.941054373,940.122,1063.0899576,23.26261274805948,11.318135593934773,1.0,8.0,163.7109,-1620.900000000006,-979.9999999999045,7.0,1965945.9999999818,1965945.9999999818
2018-06-27,5.833154284486191,0.66645,666.4499999999999,0.45,24581.66249999977,0.2984979061678346,299.9025,194.48677124999998,126.35473786754932,73.7046680557225,0.0,53.0,66.645,0.0,529.999999999518,53.0,4.374749812364384,1.6230000000000002,1623.0000000000002,0.57,24581.66249999977,0.924626411,925.11,1046.114388,23.49104962315056,10.276746493112034,-1.0,7.0,160.67700000000002,-1622.9999999999905,1680.0000000000637,8.0,1966532.9999999814,1966532.9999999814
2018-06-28,5.571713791722919,0.6662,666.2,0.43,24558.792499999774,0.2894822964994075,286.466,185.773201,132.32082112855323,73.72537440140614,0.0,53.0,66.62,0.0,-1324.999999999548,53.0,4.8249824217142825,1.6246,1624.6000000000001,0.57,24558.792499999774,0.931625461,926.022,1047.1456776,23.474921422909926,11.326608321666443,1.0,8.0,164.08460000000002,-1624.6000000000151,1119.9999999999761,7.0,1964703.3999999817,1964703.3999999817
2018-06-29,5.680338680044192,0.6683,668.3,0.43,24678.24499999977,0.2856851413471762,287.36899999999997,186.35879649999998,131.78230897192864,74.85681469987811,1.0,54.0,67.4983,-668.3000000000021,11129.999999999669,53.0,5.468668652016122,1.6255000000000002,1625.5000000000002,0.59,24678.24499999977,0.961209655,959.0450000000001,1084.488086,22.645516181355056,12.384082444970023,1.0,9.0,164.1755,-1625.4999999999882,720.0000000000273,8.0,1974259.5999999815,1974259.5999999815
2018-07-02,6.149687166448431,0.6663500000000001,666.3500000000001,0.43,24522.302499999772,0.2853579623091273,286.5305000000001,185.81502925000004,132.81081244939054,81.67449488856064,4.0,58.0,67.30135,-2665.399999999977,-10529.999999999633,54.0,5.932460898544728,1.6263,1626.3000000000002,0.61,24522.302499999772,0.987834669,992.0430000000001,1121.8022244000001,21.998748498826533,13.050671528620793,0.0,9.0,162.63,0.0,719.9999999998568,9.0,1961784.1999999818,1961784.1999999818
2018-07-03,5.9563229277727485,0.66815,668.15,0.44,24617.531874999768,0.2921868694058855,293.986,190.64992099999998,128.6247713682492,76.61306747802305,-3.0,55.0,66.14685,-2004.4499999999914,10439.99999999957,58.0,6.295545788726964,1.6272,1627.2,0.6,24617.531874999768,0.98324429,976.3199999999999,1104.0226559999999,22.211774701116074,13.983524467976343,1.0,10.0,164.3472,-1627.1999999999878,810.0000000000307,9.0,1969402.5499999814,1969402.5499999814
2018-07-04,6.36986982276867,0.66815,668.15,0.44,24562.87437499977,0.2906568709891451,293.986,190.64992099999998,129.12427000166326,82.25047908706287,4.0,59.0,67.48315,-2672.5999999999885,0.0,55.0,6.671837453606443,1.6255000000000002,1625.5000000000002,0.62,24562.87437499977,1.002664284,1007.8100000000002,1139.6315480000003,21.601307824623124,14.41204145912025,0.0,10.0,162.55,0.0,-1699.999999999875,10.0,1965029.9499999816,1965029.9499999816
2018-07-05,6.688972170539701,0.6716500000000001,671.6500000000001,0.47,24802.620624999774,0.3152875671296292,315.6755,204.71556174999998,119.98537954333007,80.25788646369784,-2.0,57.0,66.49335,-1343.2999999999993,20650.000000000502,59.0,5.904323437604967,1.627,1627.0,0.63,24802.620624999774,1.025362212,1025.01,1159.081308,21.191674997660964,12.512250337079681,-1.0,9.0,161.07299999999998,-1627.0000000000095,1499.9999999997726,10.0,1984209.6499999817,1984209.6499999817
2018-07-06,7.722548375670048,0.67645,676.45,0.56,25149.664999999764,0.380883512358435,378.81200000000007,245.65958200000003,100.96337550960976,77.9694551543902,-1.0,56.0,66.96855,-676.4500000000027,27359.999999999418,57.0,6.163303088817161,1.6281999999999999,1628.1999999999998,0.65,25149.664999999764,1.061637572,1058.33,1196.759564,20.7248150514883,12.773331662200222,0.0,9.0,162.82,0.0,1080.000000000041,9.0,2011973.199999981,2011973.199999981
2018-07-09,9.532921079798234,0.675,675.0,0.62,24945.15124999977,0.4192329304652548,418.5,271.39725,92.66735385122644,88.33905709374785,7.0,63.0,68.175,-4724.99999999998,-8119.999999999777,56.0,6.691552746045533,1.6261,1626.1000000000001,0.66,24945.15124999977,1.073915422,1073.226,1213.6039608,20.723123697965903,13.8669875287765,1.0,10.0,164.23610000000002,-1626.100000000008,-1889.9999999998158,9.0,1995612.0999999815,1995612.0999999815
2018-07-10,10.368787009261412,0.67525,675.25,0.67,24895.493749999772,0.4539941262319754,452.4175,293.39274875,85.02306671272075,88.15860696184254,0.0,63.0,67.525,0.0,1575.000000000358,63.0,5.736955915614773,1.6238,1623.8,0.67,24895.493749999772,1.08558617,1087.9460000000001,1230.2493368000003,20.276500465250862,11.632538929208664,-2.0,8.0,160.7562,-3247.599999999977,-2300.000000000182,10.0,1991639.4999999816,1991639.4999999816
2018-07-11,11.204240112329606,0.6757,675.6999999999999,0.72,24905.29874999976,0.4862092313532478,486.5039999999999,315.49784399999993,78.9086018286698,88.41109218166274,0.0,63.0,67.57,0.0,2834.9999999992124,63.0,4.158513520579111,1.6253,1625.3,0.65,24905.29874999976,1.056936296,1056.445,1194.628006,20.839536345174025,8.666149365400596,-2.0,6.0,160.9047,-3250.60000000002,1200.0000000000455,8.0,1992423.8999999808,1992423.8999999808
2018-07-12,11.835106850333322,0.67735,677.35,0.78,25024.42312499977,0.5266657700285495,528.3330000000001,342.62395050000003,72.68989431023375,86.02926661010527,-1.0,62.0,67.05765,-677.3500000000041,10395.000000000395,63.0,4.261412743485317,1.6277000000000001,1627.7,0.61,25024.42312499977,0.985311626,992.897,1122.7679276000001,22.182053955920072,9.452688740443667,1.0,7.0,164.39770000000001,-1627.7000000000044,1440.0000000000546,6.0,2001953.8499999812,2001953.8499999812
2018-07-13,12.577549156735548,0.67995,679.95,0.81,25195.05374999977,0.548674767039997,550.7595000000001,357.16753575000007,70.06354335214735,88.12276606067054,1.0,63.0,68.67495000000001,-679.9500000000052,16120.000000000317,62.0,5.36818449426017,1.6298,1629.8,0.59,25195.05374999977,0.964359373,961.5819999999999,1087.3569255999998,23.013991575205516,12.354335272505242,2.0,9.0,164.60979999999998,-3259.5999999999776,1469.9999999998568,7.0,2015604.2999999814,2015604.2999999814
2018-07-16,13.761394674329724,0.67755,677.55,0.82,24836.936249999766,0.5532854898871808,555.5909999999999,360.3007634999999,69.92783891228079,96.23045899948477,6.0,69.0,68.43254999999999,-4065.2999999999793,-15120.000000000573,63.0,6.742737216803,1.6247,1624.7,0.53,24836.936249999766,0.854117088,861.0910000000001,973.7217028000001,25.8750048166224,17.446835796199675,3.0,12.0,164.0947,-4874.09999999997,-4589.999999999918,9.0,1986954.899999981,1986954.899999981
2018-07-17,13.667099385288536,0.6744,674.4,0.8,24561.179999999764,0.5373702944150089,539.52,349.87872,70.98727310423385,97.01901166061839,0.0,69.0,67.44,0.0,-21734.999999999844,69.0,4.137614275797263,1.6285,1628.5,0.45,24561.179999999764,0.736081517,732.825,828.6785100000001,29.971739281618106,12.40114963220967,-3.0,9.0,161.2215,-4885.500000000007,4559.999999999945,12.0,1964894.399999981,1964894.399999981
2018-07-18,12.368347437051314,0.67365,673.65,0.81,24358.902499999764,0.5431473096557987,545.6565,353.85824025,69.40965959319571,85.84827853361062,-8.0,61.0,66.69135,-5389.19999999996,-5175.000000000196,69.0,5.026855349938043,1.6295,1629.5,0.37,24358.902499999764,0.609754049,602.915,681.7762819999999,36.025277863801904,18.109386076265714,4.0,13.0,164.5795,-6518.000000000029,899.9999999999488,9.0,1948712.1999999809,1948712.1999999809
2018-07-19,11.559082360403243,0.6715000000000001,671.5000000000001,0.8,24109.368749999776,0.5365434899921797,537.2000000000002,348.3742000000001,69.92166038701993,80.82302311897082,-3.0,58.0,66.47850000000001,-2014.499999999984,-13114.999999999342,61.0,5.893866108799348,1.6308000000000002,1630.8000000000002,0.33,24109.368749999776,0.535902043,538.1640000000001,608.5558512000001,40.0273901762129,23.591607838326915,4.0,17.0,164.7108,-6523.199999999974,1690.0000000003104,13.0,1928749.4999999818,1928749.4999999818
2018-07-20,10.08211705445876,0.6693000000000001,669.3000000000001,0.77,23681.21499999977,0.5166032487828327,515.3610000000001,334.21160850000007,72.13803511555695,72.73041141137016,-6.0,52.0,66.2607,-4015.800000000041,-12759.999999999935,58.0,6.823089930217648,1.6253,1625.3,0.29,23681.21499999977,0.4733223,471.33699999999993,532.9878795999999,45.23436586980838,30.86381462660704,5.0,22.0,164.1553,-8126.50000000005,-9350.000000000193,17.0,1894497.1999999816,1894497.1999999816
2018-07-23,8.444731769971378,0.6650499999999999,665.05,0.76,23058.10999999976,0.5069037548223273,505.438,327.77654299999995,72.24804674323438,61.01153756509685,-8.0,44.0,65.83995,-5320.39999999995,-22100.00000000059,52.0,3.672544925486692,1.621,1621.0,0.25,23058.10999999976,0.398934832,405.25,458.2567,51.67674580644379,18.978517057712082,-8.0,14.0,160.47899999999998,-12968.000000000075,-9460.00000000015,22.0,1844648.7999999807,1844648.7999999807
2018-07-24,5.703167008361521,0.66225,662.25,0.72,22556.01124999976,0.4788673267753491,476.82,309.21777,74.56916205042084,42.52803848471241,-14.0,30.0,65.56275,-9271.500000000004,-12320.000000000051,44.0,0.3400595318194663,1.6228,1622.8,0.22,22556.01124999976,0.351139573,357.016,403.71369280000005,57.115006033304795,1.942250221155162,-13.0,1.0,160.6572,-21096.400000000158,2520.0000000000955,14.0,1804480.8999999806,1804480.8999999806
2018-07-25,3.1616489465657343,0.6587999999999999,658.8,0.81,22304.236249999758,0.5303752602195775,533.628,346.05775800000004,65.1799034368123,20.607597303825386,-15.0,15.0,65.2212,-9881.99999999999,-10349.999999999965,30.0,0.1539687901311739,1.6237000000000001,1623.7,0.18,22304.236249999758,0.287039486,292.266,330.4943928,68.24930086983237,1.0508262282226564,0.0,1.0,162.37,0.0,90.00000000000341,1.0,1784338.8999999806,1784338.8999999806
2018-07-26,0.4289661401594654,0.65515,655.15,0.93,22086.41687499976,0.6086417254726618,609.2895,395.12424074999996,56.448665887122644,2.4214566322750284,-13.0,2.0,64.85985,-8516.950000000079,-5474.999999999924,15.0,0.6143083019515768,1.6218000000000001,1621.8000000000002,0.18,22086.41687499976,0.285451689,291.92400000000004,330.10765920000006,67.56655178511457,4.150669369583701,2.0,3.0,163.80180000000001,-3243.600000000015,-189.99999999999773,1.0,1766913.3499999805,1766913.3499999805
2018-07-27,-2.272030865012731,0.6561,656.1,1.01,21921.61937499976,0.6632328022544991,662.6610000000001,429.7356585,51.39535534959513,-11.677183367257731,-10.0,-8.0,64.9539,-6560.99999999995,189.99999999999773,2.0,-0.2123818225138004,1.6207,1620.7,0.18,21921.61937499976,0.287387659,291.726,329.8837608,66.95211919931452,-1.4219413096711624,-4.0,-1.0,160.4493,-6482.799999999997,-330.0000000000409,3.0,1753729.5499999805,1753729.5499999805
2018-07-30,-3.638718158923068,0.6554000000000001,655.4000000000001,1.1,21843.313124999757,0.718858875802273,720.9400000000002,467.5295900000001,46.8881966914645,-17.06129327403884,-4.0,-12.0,64.8846,-2621.600000000001,559.9999999999454,-8.0,-1.0406354101631767,1.6143,1614.3000000000002,0.22,21843.313124999757,0.35785239,355.146,401.59909680000004,54.58582837878473,-5.680394590405342,-3.0,-4.0,159.8157,-4842.900000000043,639.9999999999864,-1.0,1747465.0499999805,1747465.0499999805
2018-07-31,-4.701373260846687,0.6546500000000001,654.6500000000001,1.18,21559.946249999757,0.7717364079267789,772.4870000000001,500.9578195,43.60309845408003,-20.499444116207737,-3.0,-15.0,64.81035,-1963.9500000000112,900.0000000000341,-12.0,-4.858829224717,1.6158000000000001,1615.8000000000002,0.24,21559.946249999757,0.394610356,387.79200000000003,438.51519360000003,49.81198700477537,-24.202793820002597,-13.0,-17.0,159.9642,-21005.400000000092,-600.0000000000227,-4.0,1724795.6999999804,1724795.6999999804
2018-08-01,-5.576137382631598,0.6553,655.3,1.24,21621.60124999976,0.8142237100369979,812.5719999999999,526.9529419999999,40.914367359201044,-22.8144133318363,-1.0,-16.0,64.8747,-655.2999999999969,-974.9999999999659,-15.0,-5.224107403610559,1.6091,1609.1,0.31,21621.60124999976,0.503330574,498.82099999999997,564.0667867999999,38.2223289059638,-19.967755142088336,3.0,-14.0,162.5191,-4827.300000000037,11390.000000000271,-17.0,1729728.0999999808,1729728.0999999808
2018-08-02,-5.454570629954426,0.6498999999999999,649.9,1.37,21519.124999999764,0.8901585532849984,890.363,577.4004055,37.44646010644299,-20.4254361492364,1.0,-15.0,65.6399,-649.9000000000024,8640.0000000001,-16.0,-8.527668603482198,1.6126,1612.6000000000001,0.34,21519.124999999764,0.554023164,548.2840000000001,619.9995472000002,34.873575872185334,-29.739029805638914,-7.0,-21.0,159.64739999999998,-11288.200000000103,-4899.99999999992,-14.0,1721529.999999981,1721529.999999981
2018-08-03,-7.05058943154445,0.65225,652.25,1.44,21202.715624999757,0.9388323865240638,939.24,609.09714,35.32954530044217,-24.909411871656847,-3.0,-18.0,64.57275,-1956.7499999999854,-3524.9999999999914,-15.0,-7.721382746949246,1.6205,1620.5,0.34,21202.715624999757,0.55634971,550.97,623.036876,34.539087217687836,-26.668951213803005,2.0,-19.0,163.6705,-3240.9999999999854,-16590.00000000043,-21.0,1696217.2499999804,1696217.2499999804
2018-08-06,-7.844880324049948,0.6493000000000001,649.3000000000001,1.54,20974.609374999756,1.000690469952204,999.9220000000001,648.449417,32.697562938821726,-25.650846814314736,0.0,-18.0,64.93,0.0,5309.999999999774,-18.0,-3.332672681315111,1.6235,1623.5,0.34,20974.609374999756,0.553330221,551.99,624.190292,33.96835211432567,-11.320539912070554,11.0,-8.0,163.9735,-17858.500000000076,-5699.999999999676,-19.0,1677968.7499999804,1677968.7499999804
2018-08-07,-8.69944503218906,0.654,654.0,1.57,20744.750624999757,1.027263030250701,1026.78,665.8668299999999,31.499705992262385,-27.402996080980294,-2.0,-20.0,64.74600000000001,-1307.9999999999927,-8459.99999999998,-18.0,-0.3529937202373168,1.6200999999999999,1620.1,0.34,20744.750624999757,0.551273374,550.8340000000001,622.8830872000001,33.673428940389684,-1.1886508954815083,7.0,-1.0,163.6301,-11340.700000000055,2720.0000000000273,-8.0,1659580.0499999805,1659580.0499999805
2018-08-08,-7.376994205573027,0.6524,652.4,1.62,20730.61687499976,1.05730876914924,1056.888,685.3918679999999,30.266992641062032,-22.327942933323605,4.0,-16.0,65.8924,-2609.6000000000004,3200.000000000216,-20.0,-0.9194339372470344,1.6211000000000002,1621.1000000000001,0.34,20730.61687499976,0.550394707,551.1740000000001,623.2675592000002,33.283860709238326,-3.0602311098676864,-1.0,-2.0,160.4889,-1621.1000000000126,-100.00000000002274,-1.0,1658449.3499999808,1658449.3499999808
2018-08-09,-7.27660397224315,0.6598999999999999,659.9,1.59,20550.55437499976,1.0513743782877247,1049.241,680.4327884999999,30.466810573164732,-22.16949148382701,0.0,-16.0,65.99,0.0,-12000.0,-16.0,-0.5751350870641114,1.625,1625.0,0.34,20550.55437499976,0.545693137,552.5,624.767,33.1813570098929,-1.9083762652790117,1.0,-1.0,164.125,-1625.0,-779.9999999999727,-2.0,1644044.3499999808,1644044.3499999808
2018-08-10,-3.821790742628167,0.6581,658.1,1.56,20428.57437499976,1.026499999993471,1026.636,665.7734459999999,30.867188378371825,-11.796793479542119,8.0,-8.0,66.4681,-5264.800000000037,2879.9999999998818,-16.0,1.365204955335083,1.6334,1633.3999999999999,0.35,20428.57437499976,0.57593605,571.6899999999999,646.467052,31.789020509895625,4.33985283253581,4.0,3.0,164.9734,-6533.5999999999785,-840.0000000000034,-1.0,1634285.9499999806,1634285.9499999806
2018-08-13,-2.8604087259034032,0.65945,659.4499999999999,1.52,20235.97812499976,1.000882235823286,1002.3639999999999,650.0330539999999,31.42697782719179,-8.989400160567218,2.0,-6.0,66.60445,-1318.9000000000135,-1079.9999999999272,-8.0,5.132654819850991,1.6336000000000002,1633.6000000000001,0.37,20235.97812499976,0.610821032,604.432,683.4917056,29.888547597028452,15.340759788223385,8.0,11.0,164.99360000000001,-13068.80000000001,60.000000000030695,3.0,1618878.2499999807,1618878.2499999807
2018-08-14,-1.6111181103995311,0.66425,664.25,1.46,20101.54312499976,0.9679937585817912,969.805,628.9185425,32.17583320816107,-5.183906759886296,2.0,-4.0,67.08924999999999,-1328.4999999999911,-2880.0000000000236,-6.0,6.770173952726836,1.6321,1632.1000000000001,0.39,20101.54312499976,0.635288124,636.5190000000001,719.7756852000001,28.11428413197495,19.033859412985823,3.0,14.0,164.84210000000002,-4896.300000000025,-1650.0000000000625,11.0,1608123.4499999806,1608123.4499999806
2018-08-15,0.5431289053025588,0.66105,661.0500000000001,1.4,20122.79999999976,0.9280602530654964,925.47,600.167295,33.49323312427373,1.8191143041830191,5.0,1.0,66.76605,-3305.250000000015,1279.9999999999727,-4.0,6.503567496796794,1.6371000000000002,1637.1000000000001,0.42,20122.79999999976,0.689160117,687.582,777.5177256000001,25.853485345929144,16.8139886974697,-2.0,12.0,162.0729,-3274.2000000000075,7000.0,14.0,1609823.9999999807,1609823.9999999807
2018-08-16,1.021740457010886,0.6620999999999999,662.0999999999999,1.31,20013.25124999976,0.8704728121276107,867.3509999999999,562.4771235,35.775321625146525,3.655309346698864,2.0,3.0,66.87209999999999,-1324.1999999999905,104.99999999998977,1.0,8.190859845236327,1.6349,1634.9,0.44,20013.25124999976,0.718886407,719.356,813.4477648,24.737667089105955,20.26227640249822,3.0,15.0,165.1249,-4904.6999999999625,-2639.9999999999864,12.0,1601060.0999999808,1601060.0999999808
2018-08-17,1.722387208391383,0.66755,667.55,1.19,20009.832499999757,0.7913281556893469,794.3844999999999,515.1583482499999,38.84873712710869,6.691256788989141,2.0,5.0,67.42255,-1335.1000000000113,1635.000000000005,3.0,7.67082197580113,1.6366999999999998,1636.6999999999998,0.46,20009.832499999757,0.752662386,752.882,851.3589655999999,23.50741820859937,18.032122018887165,-2.0,13.0,162.0333,-3273.399999999981,2699.999999999676,15.0,1600786.5999999805,1600786.5999999805
2018-08-20,3.5371257133963687,0.6736,673.6,1.13,20015.294999999758,0.7597501233870974,761.168,493.61744799999997,40.53712562445677,14.338490939344487,5.0,10.0,68.0336,-3368.0000000000377,3025.00000000002,5.0,8.186824498783878,1.6373,1637.3,0.48,20015.294999999758,0.793437248,785.904,888.7002432,22.515840018169758,18.43332306714506,0.0,13.0,163.73,0.0,780.0000000000296,13.0,1601223.5999999805,1601223.5999999805
2018-08-21,6.049555621226216,0.67515,675.15,1.13,19867.124999999764,0.7655457203764573,762.9194999999999,494.7532957499999,40.45510191025294,24.473538916845012,8.0,18.0,68.19015,-5401.200000000017,1550.0000000000114,10.0,8.546048212191579,1.6324,1632.4,0.49,19867.124999999764,0.803862965,799.876,904.4997807999999,22.128579160402776,18.911190437209996,1.0,14.0,164.8724,-1632.3999999999899,-6369.999999999749,13.0,1589369.999999981,1589369.999999981
2018-08-22,8.25379120106423,0.6757500000000001,675.7500000000001,1.16,19694.515624999764,0.7813969861643357,783.8700000000001,508.33969500000006,39.082379746086445,32.25778020648992,5.0,23.0,68.25075,-3378.749999999968,1080.000000000041,18.0,5.569237900409624,1.6300000000000001,1630.0000000000002,0.49,19694.515624999764,0.804985921,798.7,903.1699600000001,21.997105616754308,12.250711430014151,-5.0,9.0,161.37,-8149.999999999977,-3360.0000000001273,14.0,1575561.249999981,1575561.249999981
2018-08-23,9.776658991698742,0.6709999999999999,670.9999999999999,1.16,19449.623124999758,0.7785844527003519,778.3599999999998,504.7664599999998,39.01708450478221,38.145673005354865,4.0,27.0,67.771,-2684.000000000026,-10925.000000000196,23.0,3.298627666823407,1.6306,1630.6000000000001,0.49,19449.623124999758,0.804439142,798.994,903.5024152000001,21.797966772053584,7.190337627479326,-4.0,5.0,161.4294,-6522.4000000000615,540.0000000000205,9.0,1555969.8499999805,1555969.8499999805
2018-08-24,8.948217349569052,0.6796,679.6,1.25,19687.38187499976,0.8499179862316258,849.5,550.90075,35.30513096052194,31.591798538974995,-4.0,23.0,67.2804,-2718.399999999974,23219.999999999985,27.0,2.76435529351478,1.6309,1630.9,0.5,19687.38187499976,0.811865137,815.45,922.1108600000001,21.09249979443877,5.830716346021623,-1.0,4.0,161.4591,-1630.899999999997,150.00000000000568,5.0,1574990.5499999805,1574990.5499999805
2018-08-27,9.656772759787556,0.6781,678.1,1.35,19621.75687499976,0.9127971205695176,915.4350000000001,593.6595975,33.16274504430927,32.024509298366546,0.0,23.0,67.81,0.0,-3449.999999999804,23.0,2.71362359507513,1.6263999999999998,1626.3999999999999,0.5,19621.75687499976,0.806169337,813.1999999999999,919.56656,21.409414751880234,5.809709302745177,0.0,4.0,162.64,0.0,-1800.0000000000682,4.0,1569740.5499999807,1569740.5499999807
2018-08-28,10.493668238728638,0.6796500000000001,679.6500000000001,1.44,19579.05937499976,0.9813712769996767,978.6960000000001,634.6843560000001,30.91577205189497,32.44198552567447,0.0,23.0,67.965,0.0,3565.0000000000264,23.0,0.0534581341726222,1.6252000000000002,1625.2000000000003,0.49,19579.05937499976,0.803804081,796.3480000000001,900.5103184000001,21.789596936393924,0.1164831196593104,-4.0,0.0,160.8948,-6500.800000000027,-479.9999999999045,4.0,1566324.749999981,1566324.749999981
2018-08-29,11.41191913824751,0.67815,678.15,1.52,19486.91249999976,1.0275096512052562,1030.788,668.466018,29.28953581451879,33.42498143120928,1.0,24.0,68.49315,-678.1500000000023,-3450.000000000131,23.0,-1.4159397596382604,1.6218000000000001,1621.8000000000002,0.5,19486.91249999976,0.806914287,810.9000000000001,916.9657200000001,21.352007984551218,-3.023315705343967,-2.0,-2.0,160.5582,-3243.600000000015,-0.0,0.0,1558952.9999999807,1558952.9999999807
2018-08-30,11.592159507059176,0.68015,680.15,1.57,19436.920624999762,1.0676419889894009,1067.8355,692.4913217499999,28.14029849609413,32.620682874298055,-1.0,23.0,67.33485,-680.1499999999976,4800.000000000068,24.0,-3.776548590558864,1.6298,1629.8,0.49,19436.920624999762,0.80593879,798.602,903.0591416,21.57877773705243,-8.149330264884835,-4.0,-6.0,161.3502,-6519.199999999955,-1599.999999999966,-2.0,1554953.6499999808,1554953.6499999808
2018-08-31,12.1865696844354,0.68015,680.15,1.62,19304.62499999976,1.100275647275056,1101.843,714.5451855,27.201807554547944,33.14967233060998,1.0,24.0,68.69515,-680.1499999999976,0.0,23.0,-0.6057389122217409,1.6327,1632.7,0.49,19304.62499999976,0.807574971,800.023,904.6660084,21.485189500350593,-1.3014415316820336,5.0,-1.0,164.9027,-8163.499999999999,-1740.0000000001228,-6.0,1544369.9999999807,1544369.9999999807
2018-09-03,12.62672704607495,0.6769499999999999,676.9499999999999,1.63,19160.269999999757,1.105713645865502,1103.4284999999998,715.5733822499998,26.977841097581948,34.064183583155035,0.0,24.0,67.695,0.0,-7680.000000000177,24.0,2.012359254290736,1.6071000000000002,1607.1000000000001,0.54,19160.269999999757,0.864389573,867.8340000000002,981.3466872000002,19.671564852458143,3.958625557722452,4.0,3.0,162.3171,-6428.400000000011,2560.0000000000023,-1.0,1532821.5999999805,1532821.5999999805
2018-09-04,11.722220179635883,0.6716500000000001,671.6500000000001,1.62,18738.84937499976,1.0854903653740209,1088.0730000000003,705.6153405000001,27.15398730762112,31.830501797497295,-1.0,23.0,66.49335,-671.6499999999996,-12719.999999999687,24.0,-7.505965908950005,1.6035,1603.5,0.6,18738.84937499976,0.95718981,962.0999999999999,1087.9426799999999,17.611470118995385,-13.219109431967103,-12.0,-9.0,158.7465,-19241.999999999964,-1080.000000000041,3.0,1499107.9499999809,1499107.9499999809
2018-09-05,9.18781068855548,0.6718000000000001,671.8000000000001,1.58,18689.579374999765,1.0637513023821883,1061.4440000000002,688.346434,27.222991867783485,25.011969565728002,-5.0,18.0,66.5082,-3359.000000000023,345.0000000000131,23.0,-10.728052618262122,1.5992,1599.2,0.65,18689.579374999765,1.045936582,1039.48,1175.443984,15.941933116397456,-17.102589730952737,-3.0,-12.0,158.3208,-4797.5999999999885,3870.0000000000614,-9.0,1495166.349999981,1495166.349999981
2018-09-06,8.02359087800267,0.6737000000000001,673.7,1.49,18598.87937499976,1.0067170241200354,1003.8130000000001,650.9727305,28.71023393045151,23.035917106969347,-2.0,16.0,66.69630000000001,-1347.3999999999933,3419.999999999959,18.0,-12.79882627383965,1.6043,1604.3,0.69,18598.87937499976,1.100347369,1106.9669999999999,1251.7582836,14.93066163001485,-19.109494435604358,-2.0,-14.0,158.8257,-3208.59999999999,-6120.000000000232,-12.0,1487910.3499999808,1487910.3499999808
2018-09-07,7.882685750464581,0.66725,667.25,1.42,18505.55124999976,0.9506467096945516,947.495,614.4505075,30.269125255787607,23.860200233282452,1.0,17.0,67.39224999999999,-667.2499999999957,-10320.000000000164,16.0,-11.937556330129032,1.5995,1599.5,0.76,18505.55124999976,1.211963008,1215.6200000000001,1374.6230960000003,13.530166508274467,-16.15171248485517,2.0,-12.0,161.5495,-3199.0000000000123,6720.000000000255,-14.0,1480444.0999999808,1480444.0999999808
2018-09-10,5.443259537580181,0.6659999999999999,665.9999999999999,1.29,18305.03749999976,0.8622602082046076,859.1399999999999,557.1522899999999,33.21452963964263,18.079530524722433,-4.0,13.0,65.934,-2663.9999999999873,-2125.0,17.0,-3.309172886825987,1.5969,1596.9,0.83,18305.03749999976,1.330500783,1325.427,1498.7928516,12.346970583856606,-4.085826029053631,9.0,-3.0,161.2869,-14372.100000000046,3119.999999999891,-12.0,1464402.9999999807,1464402.9999999807
2018-09-11,3.985366607192188,0.6659999999999999,665.9999999999999,1.21,18294.68749999976,0.8038113377236205,805.8599999999998,522.6002099999998,35.02684681278594,13.95948256429132,-3.0,10.0,65.934,-1997.9999999999905,0.0,13.0,-4.168462629474195,1.5930000000000002,1593.0000000000002,0.92,18294.68749999976,1.461317898,1465.5600000000002,1657.2552480000002,11.045394197478357,-4.604231293999965,0.0,-3.0,159.3,0.0,1169.999999999959,-3.0,1463574.9999999807,1463574.9999999807
2018-09-12,2.9876938425543327,0.6679,667.9000000000001,1.07,18269.41124999976,0.7177489115187462,714.6530000000001,463.45247050000006,39.47478687569054,11.793857768464521,-2.0,8.0,66.1221,-1335.800000000006,1900.0000000001194,10.0,-5.372538443346723,1.5963,1596.3,0.97,18269.41124999976,1.550414783,1548.4109999999998,1750.9431587999998,10.448475958830059,-5.613483876319851,-1.0,-4.0,158.03369999999998,-1596.3000000000136,-989.9999999999523,-3.0,1461552.8999999808,1461552.8999999808
2018-09-13,3.033201813578531,0.6728000000000001,672.8000000000001,1.02,18298.56874999976,0.6831720134682955,686.2560000000001,445.03701600000005,41.05144199960158,12.45173083232054,1.0,9.0,67.9528,-672.7999999999952,3919.999999999959,8.0,-4.530106064470672,1.5946,1594.6,1.03,18298.56874999976,1.636117151,1642.4379999999999,1857.2688904,9.836707729522718,-4.456132933993641,1.0,-3.0,161.05460000000002,-1594.600000000014,679.99999999995,-4.0,1463885.4999999807,1463885.4999999807
2018-09-14,4.201039567349937,0.6712,671.2,0.93,18249.493749999758,0.627135152886764,624.2160000000001,404.80407600000007,45.20351902286615,18.99017719985163,5.0,14.0,67.7912,-3355.9999999999945,-1439.9999999999693,9.0,-4.567391746469416,1.5917,1591.6999999999998,1.07,18249.493749999758,1.704644342,1703.119,1925.8869651999998,9.501372136915359,-4.339648867828169,0.0,-3.0,159.17,0.0,870.0000000000614,-3.0,1459959.4999999807,1459959.4999999807
2018-09-17,4.425836180626819,0.67515,675.15,0.85,18307.364999999758,0.5765716202863388,573.8774999999999,372.1595587499999,49.0367459895312,21.702860458067423,2.0,16.0,68.19015,-1350.3000000000043,5529.9999999999445,14.0,-5.274807116807707,1.5902,1590.2,1.11,18307.364999999758,1.762393543,1765.1220000000003,1995.9999576000005,9.143033135102383,-4.822773625024673,0.0,-3.0,159.02,0.0,449.9999999999318,-3.0,1464589.1999999806,1464589.1999999806
2018-09-18,5.918109528720265,0.6768000000000001,676.8000000000001,0.82,18280.26249999976,0.5582130716129776,554.976,359.901936,50.867648013985004,30.104031241515315,6.0,22.0,68.3568,-4060.8,2640.0000000001,16.0,-5.848964633897884,1.5874000000000001,1587.4,1.15,18280.26249999976,1.823924341,1825.51,2064.286708,8.868615453972955,-5.187221814192805,-1.0,-4.0,157.1526,-1587.4000000000024,840.0000000000034,-3.0,1462420.9999999807,1462420.9999999807
2018-09-19,5.137221056172821,0.67945,679.45,0.76,18342.151249999755,0.5170588296505223,516.3820000000001,334.87372700000003,54.58852404984211,28.04333151742453,-2.0,20.0,67.26554999999999,-1358.9000000000055,5829.9999999997,22.0,-6.7632083586479785,1.5862,1586.2,1.17,18342.151249999755,1.848319236,1855.854,2098.5997032,8.710695266050756,-5.8912247032989855,0.0,-4.0,158.62,0.0,480.0000000000182,-4.0,1467372.0999999803,1467372.0999999803
2018-09-20,6.642067213627748,0.68265,682.65,0.72,18336.576874999755,0.490894421764534,491.508,318.742938,57.545278854145955,38.2219609976189,7.0,27.0,68.94765,-4778.549999999967,6400.000000000147,20.0,-7.343043156869525,1.5874000000000001,1587.4,1.17,18336.576874999755,1.855202325,1857.258,2100.1873464,8.733578593091059,-6.413104452297948,-1.0,-5.0,157.1526,-1587.4000000000024,-480.0000000000182,-4.0,1466926.1499999803,1466926.1499999803
2018-09-21,8.02508418386912,0.6818000000000001,681.8000000000001,0.72,18220.629374999757,0.4916679095888959,490.896,318.346056,57.59951012240515,46.22409176819229,6.0,33.0,68.8618,-4090.799999999973,-2294.9999999998313,27.0,-6.933223698786956,1.59,1590.0,1.14,18220.629374999757,1.818763958,1812.6,2049.68808,8.946032839786898,-6.20248468949369,1.0,-4.0,160.59,-1590.0000000000034,-1299.9999999999545,-5.0,1457650.3499999805,1457650.3499999805
2018-09-24,8.983996454901046,0.6853,685.3000000000001,0.78,18390.438124999757,0.5327826323365814,534.5340000000001,346.645299,52.5627476488575,47.22235385371941,1.0,34.0,69.2153,-685.299999999998,11549.999999999813,33.0,-5.598562096523136,1.5832,1583.2,1.13,18390.438124999757,1.789325571,1789.0159999999998,2023.0192928,9.006651315609123,-5.042429667216948,0.0,-4.0,158.32,0.0,2720.0000000000273,-4.0,1471235.0499999805,1471235.0499999805
2018-09-25,10.135200825686027,0.6890999999999999,689.0999999999999,0.87,18554.704374999754,0.5993417917344616,599.5169999999999,388.7867744999999,47.30211861926327,47.94164716866555,0.0,34.0,68.91,0.0,12919.999999999845,34.0,-7.006295089313251,1.5787,1578.7,1.13,18554.704374999754,1.791674915,1783.9309999999998,2017.2691747999997,9.116501830660779,-6.387290200787388,-1.0,-5.0,156.2913,-1578.6999999999978,1799.9999999999545,-4.0,1484376.3499999803,1484376.3499999803
2018-09-26,11.927197979155936,0.6831,683.1,0.9,18218.091874999758,0.616251639607931,614.7900000000001,398.69131500000003,46.539023241576636,55.5080143958824,6.0,40.0,68.9931,-4098.599999999977,-20399.999999999807,34.0,-8.935523941854921,1.5804,1580.4,1.12,18218.091874999758,1.773962138,1770.0480000000002,2001.5702784000002,9.270073889102646,-8.283296717884085,-1.0,-6.0,156.4596,-1580.3999999999974,-849.9999999999375,-5.0,1457447.3499999805,1457447.3499999805
2018-09-27,10.427003477381774,0.6905,690.5,0.97,18508.910624999753,0.6686599160406074,669.785,434.35557249999994,41.942806834830606,43.733779271793075,-9.0,31.0,68.3595,-6214.500000000001,29599.999999999796,40.0,-8.895216127392802,1.5806,1580.6,1.09,18508.910624999753,1.72731246,1722.854,1948.2033032000002,9.351227279553335,-8.318118770799833,0.0,-6.0,158.06,0.0,-120.00000000006139,-6.0,1480712.8499999803,1480712.8499999803
2018-09-28,11.076332008285682,0.6918500000000001,691.85,1.06,18506.473124999757,0.7305570363218827,733.3610000000001,475.58460850000006,38.918228837087675,43.107122377402106,0.0,31.0,69.185,0.0,4185.000000000158,31.0,-8.66204706015319,1.5878999999999999,1587.8999999999999,1.02,18506.473124999757,1.62490769,1619.658,1831.5092664,10.105824177117444,-8.75371246038252,0.0,-6.0,158.79,0.0,-4379.999999999938,-6.0,1480517.8499999805,1480517.8499999805
2018-10-01,12.324124635898905,0.69245,692.45,1.14,18482.874999999756,0.7895726692243448,789.393,511.9213605,36.15100785582429,44.5529526528539,1.0,32.0,69.93745,-692.4499999999938,1860.0000000000705,31.0,-5.000112129327285,1.5877000000000001,1587.7,0.97,18482.874999999756,1.5344253,1540.069,1741.5100252,10.626681935336215,-5.313460123937776,2.0,-4.0,160.35770000000002,-3175.4000000000246,119.99999999989086,-6.0,1478629.9999999804,1478629.9999999804
2018-10-02,13.422273713332062,0.68985,689.8499999999999,1.19,18312.811874999752,0.8237451061985371,820.9214999999998,532.3675927499999,34.71825718114161,46.59979507351391,1.0,33.0,69.67485,-689.850000000007,-8320.000000000164,32.0,-3.912315679813966,1.5952000000000002,1595.2000000000003,0.89,18312.811874999752,1.421182958,1419.7280000000003,1605.4284224000003,11.512736875786207,-4.5041460996710825,1.0,-3.0,161.11520000000002,-1595.2000000000055,-3000.0,-4.0,1465024.9499999802,1465024.9499999802
2018-10-03,13.279366238579936,0.6887000000000001,688.7,1.23,18219.291874999755,0.8486938493862333,847.101,549.3449985,33.33572149560538,44.26772545674454,-1.0,32.0,68.18130000000001,-688.6999999999972,-3794.9999999998313,33.0,-0.2027379435070753,1.5893000000000002,1589.3000000000002,0.83,18219.291874999755,1.32259316,1319.1190000000001,1491.6597652000003,12.276802191915653,-0.2488973629232134,3.0,0.0,160.51930000000002,-4767.900000000026,1770.0000000000102,-3.0,1457543.3499999803,1457543.3499999803
2018-10-04,12.887330555147251,0.6846,684.6,1.25,18018.42187499975,0.8560810417162703,855.75,554.9538749999999,32.83028139050251,42.30946884979052,-2.0,30.0,67.77539999999999,-1369.2000000000064,-13120.000000000346,32.0,-1.0670021562642158,1.5804,1580.4,0.72,18018.42187499975,1.135417985,1137.888,1286.7237504,14.159443213305092,-1.5108156440097251,-1.0,-1.0,156.4596,-1580.3999999999974,-0.0,0.0,1441473.74999998,1441473.74999998
2018-10-05,11.2647179595505,0.6805,680.5,1.26,17737.51562499975,0.8562939526350442,857.43,556.0433549999999,32.40470677866432,36.50298824235878,-4.0,26.0,67.3695,-2721.99999999998,-12299.999999999898,30.0,-4.12984363837267,1.5761000000000003,1576.1000000000004,0.53,17737.51562499975,0.833704184,835.3330000000002,944.5945564000002,19.075297176887,-7.8777994696034925,-5.0,-6.0,156.03390000000002,-7880.499999999984,429.9999999999784,-1.0,1419001.24999998,1419001.24999998
2018-10-08,9.297467293399912,0.6750499999999999,675.05,1.27,17413.724999999755,0.8591036025916882,857.3135,555.9678047499999,31.903853916461433,29.662503832170888,-5.0,21.0,66.82995,-3375.249999999994,-14170.000000000044,26.0,-6.741258051865774,1.5795,1579.5,0.5,17413.724999999755,0.788620737,789.75,893.0493,19.86174293513219,-13.389313448554805,-4.0,-10.0,156.3705,-6317.999999999984,-2039.99999999985,-6.0,1393097.9999999802,1393097.9999999802
2018-10-09,6.29693449996775,0.67475,674.75,1.26,17309.54812499975,0.8502352615517734,850.1850000000001,551.3449725,31.584082323340226,19.888289763166263,-7.0,14.0,66.80024999999999,-4723.250000000022,-630.0000000000239,21.0,-6.331461115474856,1.5809,1580.8999999999999,0.47,17309.54812499975,0.750893246,743.0229999999999,840.2104083999999,20.725433565100023,-13.122227671878822,1.0,-9.0,159.67090000000002,-1580.900000000014,-1400.0000000001478,-10.0,1384763.84999998,1384763.84999998
2018-10-10,4.608077262723071,0.67175,671.75,1.27,17227.350624999755,0.8504154376848295,853.1225000000001,553.24994125,31.287031112720882,14.417305668863838,-4.0,10.0,66.50325,-2687.000000000012,-4199.99999999996,14.0,-5.620300312709295,1.5788,1578.8,0.47,17227.350624999755,0.742423509,742.036,839.0943087999999,20.628847012148572,-11.594031531321082,1.0,-8.0,159.4588,-1578.800000000001,1890.0000000000716,-9.0,1378188.0499999803,1378188.0499999803
2018-10-11,2.840236932735583,0.6734,673.4,1.26,17127.718124999756,0.8512340551532703,848.4839999999999,550.2418739999999,31.308687032059208,8.892408922391416,-4.0,6.0,66.6666,-2693.6000000000035,1650.0000000000625,10.0,-6.052071690454742,1.5835,1583.5,0.42,17127.718124999756,0.662631622,665.0699999999999,752.061156,22.906848050266483,-13.863388660256618,-2.0,-10.0,156.76649999999998,-3167.00000000003,-3759.999999999991,-8.0,1370217.4499999804,1370217.4499999804
2018-10-12,2.1030049044995383,0.6761499999999999,676.1499999999999,1.21,17057.942499999754,0.8174822627959564,818.1414999999998,530.5647627499999,32.282049859896695,6.7889309182661375,-1.0,5.0,66.93884999999999,-676.1500000000069,1649.9999999999488,6.0,-4.115509328362636,1.5853000000000002,1585.3000000000002,0.38,17057.942499999754,0.609925679,602.4140000000001,681.2097512000001,25.143090061215425,-10.347662169079396,3.0,-7.0,160.1153,-4755.899999999969,-1800.0000000000682,-10.0,1364635.3999999803,1364635.3999999803
2018-10-15,2.3786354815933737,0.6723,672.3,1.16,16980.578749999753,0.7832146895877176,779.8679999999999,505.74439799999993,33.72838644868145,8.022753674372682,1.0,6.0,67.90230000000001,-672.300000000007,-1924.9999999999545,5.0,-2.7275740770871275,1.5859,1585.9,0.36,16980.578749999753,0.569736196,570.924,645.6008592,26.421808857468378,-7.20674409093818,2.0,-5.0,160.1759,-3171.800000000019,-420.0000000000159,-7.0,1358446.2999999803,1358446.2999999803
2018-10-16,1.5537256870671197,0.67065,670.65,1.12,16923.472499999752,0.7542504557413108,751.128,487.106508,34.86009419114506,5.416302379836137,-2.0,4.0,66.39435,-1341.2999999999897,-990.0000000000375,6.0,-1.975106548239932,1.5872,1587.2,0.35,16923.472499999752,0.551598284,555.52,628.182016,27.03130353543861,-5.338970462030602,1.0,-4.0,160.3072,-1587.1999999999957,-649.9999999999773,-5.0,1353877.7999999803,1353877.7999999803
2018-10-17,0.5826810866229089,0.6669499999999999,666.9499999999999,1.14,16818.171874999753,0.7607645277302596,760.3229999999999,493.06946549999986,34.32269423302944,1.9999184771527438,-3.0,1.0,66.02805,-2000.85,-1480.0000000000182,4.0,-1.164968998858857,1.5916,1591.6,0.33,16818.171874999753,0.521418897,525.228,593.9278224,28.494156801097105,-3.319480932190139,2.0,-2.0,160.7516,-3183.1999999999994,-1759.999999999991,-4.0,1345453.7499999802,1345453.7499999802
2018-10-18,-0.9387564463303656,0.66995,669.95,1.16,16708.038749999752,0.7738266386295126,777.142,503.976587,33.37093886664968,-3.132718398116393,-3.0,-2.0,66.32505,-2009.8500000000001,300.00000000001137,1.0,1.0450624979094485,1.5952000000000002,1595.2000000000003,0.33,16708.038749999752,0.52585898,526.4160000000002,595.2712128000002,28.252956826001157,2.952610563390857,4.0,2.0,161.11520000000002,-6380.800000000022,-720.0000000000273,-2.0,1336643.09999998,1336643.09999998
2018-10-19,-1.234470366022761,0.6708,670.8,1.16,16614.82874999975,0.7757089230628448,778.1279999999999,504.6160079999999,33.110401741356874,-4.087380975681348,-1.0,-3.0,66.4092,-670.7999999999998,-169.9999999999875,-2.0,3.285279315467678,1.594,1594.0,0.34,16614.82874999975,0.538806397,541.96,612.848368,27.26292444006272,8.956632174209627,4.0,6.0,160.994,-6375.999999999976,-240.0000000000091,2.0,1329186.29999998,1329186.29999998
2018-10-22,-1.0520669131960236,0.6658499999999999,665.8499999999999,1.23,16600.65062499975,0.8197001484197363,818.9954999999999,531.1185817499999,31.28271034173764,-3.2911504505637246,1.0,-2.0,67.25085,-665.850000000006,1485.0000000000136,-3.0,3.461158834840362,1.5934000000000001,1593.4,0.35,16600.65062499975,0.553531992,557.6899999999999,630.635852,26.346153167961262,9.118822080134652,1.0,7.0,160.9334,-1593.4000000000026,-360.00000000001364,6.0,1328052.04999998,1328052.04999998
2018-10-23,-2.1301494091769544,0.6685,668.5,1.27,16568.38437499975,0.846900328641268,848.995,550.5732575,30.15157456135572,-6.422735873762678,-3.0,-5.0,66.1815,-2005.4999999999836,-530.0000000000011,-2.0,3.1379403901546103,1.5978999999999999,1597.8999999999999,0.38,16568.38437499975,0.603504488,607.202,686.6240216,24.177206306176444,7.586663218925182,-2.0,5.0,158.19209999999998,-3195.8000000000197,3149.9999999999204,7.0,1325470.74999998,1325470.74999998
2018-10-24,-2.0974254100177645,0.6628499999999999,662.8499999999999,1.37,16559.71874999975,0.9065124562406116,908.1044999999999,588.9057682499999,28.134185922876213,-5.900935644480466,1.0,-4.0,66.94785,-662.8500000000059,2824.9999999999886,-5.0,4.92700879783576,1.6018000000000001,1601.8000000000002,0.42,16559.71874999975,0.678885606,672.7560000000001,760.7524848000002,21.778942173755155,10.730503969764792,3.0,8.0,161.7818,-4805.399999999991,1950.000000000074,5.0,1324777.49999998,1324777.49999998
2018-10-25,-3.4276700971083187,0.6642,664.2,1.42,16486.02124999975,0.944554039385477,943.164,611.641854,27.074207956343926,-9.28014530148522,-3.0,-7.0,65.75580000000001,-1992.5999999999817,-540.0000000000205,-4.0,7.131430054614769,1.6016,1601.6,0.46,16486.02124999975,0.740096165,736.736,833.1010688,19.877202623029152,14.175288018753761,2.0,10.0,161.7616,-3203.199999999981,-160.00000000008185,8.0,1318881.69999998,1318881.69999998
2018-10-26,-4.04787892526521,0.66105,661.0500000000001,1.51,16582.22499999975,0.9961951783257432,998.1855000000002,647.32329675,25.467986912831204,-10.30913274933796,0.0,-7.0,66.105,0.0,2204.999999999984,-7.0,7.690067827112926,1.6087,1608.7,0.53,16582.22499999975,0.852906404,852.6110000000001,964.1325188000002,17.09933118998926,13.149501664928499,-1.0,9.0,159.2613,-1608.699999999999,7100.00000000008,10.0,1326577.99999998,1326577.99999998
2018-10-29,-5.135812108949127,0.6585,658.5,1.59,16469.44374999975,1.0440313692539025,1047.015,678.9892275000001,24.421926487780322,-12.542642577980759,-2.0,-9.0,65.19149999999999,-1317.0000000000073,1785.0000000000678,-7.0,10.605594837539035,1.6035,1603.5,0.56,16469.44374999975,0.898797715,897.96,1015.413168,16.330519952445357,17.319487810198268,3.0,12.0,161.9535,-4810.499999999991,-4680.000000000092,9.0,1317555.49999998,1317555.49999998
2018-10-30,-6.393537728520214,0.6559,655.9000000000001,1.64,16455.686249999748,1.0775457453489272,1075.6760000000002,697.5758860000001,23.609537084829434,-15.094846610475415,-2.0,-11.0,64.9341,-1311.8000000000052,2339.999999999918,-9.0,9.035325265956969,1.6044,1604.4,0.58,16455.686249999748,0.922689547,930.552,1052.2682016,15.65137454971798,14.141525991602274,-2.0,10.0,158.8356,-3208.7999999999965,1080.000000000041,12.0,1316454.8999999799,1316454.8999999799
2018-10-31,-7.892057579004205,0.6584000000000001,658.4000000000001,1.68,16382.351249999749,1.1073343367382873,1106.112,717.313632,22.94071312170427,-18.10494288599074,-2.0,-13.0,65.1816,-1316.8000000000006,-2750.0,-11.0,8.742665782406675,1.6026,1602.6000000000001,0.58,16382.351249999749,0.932898708,929.508,1051.0876464,15.655864956990847,13.687399485346365,0.0,10.0,160.26,0.0,-1800.0000000000682,10.0,1310588.0999999798,1310588.0999999798
2018-11-01,-8.127896410549663,0.6577500000000001,657.75,1.66,16337.916249999747,1.0904210578119284,1091.865,708.0744525,23.13648118804251,-18.805092240104052,0.0,-13.0,65.775,0.0,844.9999999999704,-13.0,7.614985465781368,1.5997999999999999,1599.8,0.58,16337.916249999747,0.923382911,927.8839999999999,1049.2512272,15.61337344700296,11.889561187074428,-1.0,9.0,158.3802,-1599.7999999999877,-2800.0000000000114,10.0,1307033.2999999798,1307033.2999999798
2018-11-02,-8.450822621531492,0.65625,656.25,1.61,16254.85187499975,1.0536995539461993,1056.5625,685.18078125,23.844679677374923,-20.15071584207322,-1.0,-14.0,64.96875,-656.25,1950.000000000074,-13.0,5.72678953106464,1.5963,1596.3,0.58,16254.85187499975,0.924307308,925.8539999999999,1046.9557032,15.605164764911466,8.936749420623379,-3.0,6.0,158.03369999999998,-4788.900000000041,-3149.999999999949,9.0,1300388.1499999799,1300388.1499999799
2018-11-05,-9.128189599617906,0.6589,658.9000000000001,1.48,16152.08312499975,0.9756959908973428,975.1720000000001,632.399042,25.703473274710856,-23.46261774202724,-3.0,-17.0,65.2311,-1976.700000000008,-3710.000000000008,-14.0,3.289520735929365,1.5974000000000002,1597.4,0.58,16152.08312499975,0.925757888,926.492,1047.6771535999999,15.515134427762662,5.103735642085686,-2.0,4.0,158.14260000000002,-3194.7999999999865,660.0000000000819,6.0,1292166.6499999799,1292166.6499999799
2018-11-06,-8.522192542511231,0.6637500000000001,663.7500000000001,1.33,16027.058124999749,0.8822798119945817,882.7875000000003,572.4876937500002,28.21385210780305,-24.044388002863393,0.0,-17.0,66.375,0.0,-8244.99999999999,-17.0,2.860780412639831,1.597,1597.0,0.58,16027.058124999749,0.928711832,926.26,1047.414808,15.42090392615468,4.4115819897143975,-1.0,3.0,158.10299999999998,-1597.0000000000084,-160.00000000008185,4.0,1282164.6499999799,1282164.6499999799
2018-11-07,-6.3849365397051,0.6584000000000001,658.4000000000001,1.21,16108.55562499975,0.7940422952546352,796.6640000000001,516.636604,31.021917535288978,-19.807297480278496,3.0,-14.0,66.4984,-1975.200000000001,9094.999999999942,-17.0,2.459304048804501,1.595,1595.0,0.58,16108.55562499975,0.927565451,925.0999999999999,1046.1030799999999,15.320725491984739,3.7678322233060397,0.0,3.0,159.5,0.0,-599.9999999999659,3.0,1288684.44999998,1288684.44999998
2018-11-08,-6.2210215890152325,0.667,667.0,1.06,15896.663124999752,0.7053617275223276,707.02,458.50246999999996,35.132974583538775,-21.856299337051816,-2.0,-16.0,66.033,-1334.0000000000032,-12039.999999999993,-14.0,1.3006868361392032,1.5937000000000001,1593.7,0.56,15896.663124999752,0.891445829,892.4720000000001,1009.2073376000001,15.961591860110302,2.0761032416272127,-2.0,1.0,157.7763,-3187.400000000025,-389.99999999998636,3.0,1271733.04999998,1271733.04999998
2018-11-09,-3.4276279797716125,0.65815,658.15,1.0,16004.321249999753,0.6590875637222458,658.15,426.810275,37.24526811122284,-12.76629230921228,7.0,-9.0,66.47315,-4607.050000000044,14160.000000000082,-16.0,0.2127206397890843,1.6003,1600.3,0.52,16004.321249999753,0.826555705,832.156,941.0020048,16.893336086333225,0.3593561260456829,-1.0,0.0,158.4297,-1600.3000000000043,659.9999999999966,1.0,1280345.6999999802,1280345.6999999802
2018-11-12,-3.811855633206868,0.657,657.0,0.99,15928.901249999752,0.6487595856607381,650.43,421.80385499999994,37.94256752347547,-14.463158975269192,-1.0,-10.0,65.043,-656.9999999999965,1034.999999999954,-9.0,3.431906704823167,1.6029,1602.9,0.49,15928.901249999752,0.784432491,785.421,888.1540668000001,18.019757886897906,6.184212791133507,4.0,4.0,161.8929,-6411.600000000021,0.0,0.0,1274312.09999998,1274312.09999998
2018-11-13,-4.606085352148124,0.65335,653.35,1.0,15867.652499999753,0.652705906198751,653.35,423.697475,37.594987437675314,-17.3165720950869,-2.0,-12.0,64.68164999999999,-1306.7000000000064,3650.000000000091,-10.0,5.764518866879618,1.6008000000000002,1600.8000000000002,0.46,15867.652499999753,0.733115953,736.3680000000002,832.6849344000002,19.129565808077803,11.027274301587974,4.0,8.0,161.6808,-6403.19999999997,-839.9999999999181,4.0,1269412.1999999802,1269412.1999999802
2018-11-14,-5.759091098886726,0.6487,648.7,1.08,15907.167499999749,0.6985360882971192,700.5960000000001,454.33650600000004,34.92489001092893,-20.11356231915387,-2.0,-14.0,64.2213,-1297.4000000000103,5579.999999999871,-12.0,5.49037026966117,1.6014,1601.3999999999999,0.4,15907.167499999749,0.647212742,640.56,724.345248,21.9062008673518,12.027315396333407,1.0,9.0,161.7414,-1601.4000000000124,479.9999999997908,8.0,1272573.3999999799,1272573.3999999799
2018-11-15,-7.575836237549834,0.64715,647.15,1.13,15977.30999999975,0.7319939662684976,731.2794999999999,474.23475574999986,33.54281251453754,-25.411485455697353,-4.0,-18.0,64.06785,-2588.5999999999854,2170.000000000016,-14.0,5.651318115060362,1.6081,1608.1000000000001,0.39,15977.30999999975,0.622345831,627.1590000000001,709.1913972000001,22.4300062899857,12.675910086751404,0.0,9.0,160.81,0.0,6030.000000000144,9.0,1278184.79999998,1278184.79999998
2018-11-16,-9.089767355124277,0.6456999999999999,645.6999999999999,1.14,15839.162499999753,0.7389632376874654,736.0979999999998,477.3595529999999,33.470179657219,-30.423614641833392,-4.0,-22.0,63.924299999999995,-2582.7999999999915,2610.000000000184,-18.0,8.86768981579595,1.6065,1606.5,0.37,15839.162499999753,0.587955497,594.405,672.153174,23.770340776520307,21.078800882194834,6.0,15.0,162.25650000000002,-9639.000000000067,-1439.9999999999693,9.0,1267132.9999999802,1267132.9999999802
2018-11-19,-10.223074940157296,0.6506000000000001,650.6,1.11,15630.48999999975,0.7245810283560971,722.166,468.324651,33.82090279932702,-34.575362386129584,-3.0,-25.0,64.4094,-1951.7999999999915,-10780.0000000002,-22.0,9.133969905114908,1.6059999999999999,1605.9999999999998,0.34,15630.48999999975,0.541507772,546.04,617.462032,25.6520428449595,23.430498735057828,2.0,17.0,162.206,-3211.999999999989,-750.0000000001705,15.0,1250439.19999998,1250439.19999998
2018-11-20,-9.449571980358696,0.65325,653.25,1.07,15592.971249999748,0.6996789739970813,698.9775000000001,453.28690875,34.482553319492375,-32.58453696590999,2.0,-23.0,65.97825,-1306.4999999999998,-6625.000000000015,-25.0,8.858829452395783,1.6089,1608.9,0.32,15592.971249999748,0.509363328,514.8480000000001,582.1901184000001,26.84774183896514,23.78395661333429,0.0,17.0,160.89,0.0,4929.9999999998645,17.0,1247437.6999999797,1247437.6999999797
2018-11-21,-8.458563592543241,0.6498,649.8000000000001,1.08,15529.748749999751,0.7041380664710839,701.7840000000001,455.10692400000005,34.262214938307,-28.980912387705473,2.0,-21.0,65.6298,-1299.599999999998,7934.999999999974,-23.0,10.090217707381454,1.6058000000000001,1605.8000000000002,0.3,15529.748749999751,0.486355494,481.74,544.7515920000001,28.624003085060732,28.882242278502115,4.0,21.0,162.1858,-6423.199999999952,-5269.999999999555,17.0,1242379.89999998,1242379.89999998
2018-11-22,-8.550411927595952,0.6517000000000001,651.7,1.03,15424.616249999748,0.6741244321243656,671.2510000000001,435.30627350000003,35.67545357234497,-30.503982374737404,-1.0,-22.0,64.5183,-651.7000000000053,-3989.9999999999523,-21.0,8.682974572313274,1.6063,1606.3,0.3,15424.616249999748,0.482613372,481.89,544.921212,28.499071807099615,24.745671583557606,-3.0,18.0,159.0237,-4818.900000000013,1049.999999999642,21.0,1233969.2999999798,1233969.2999999798
2018-11-23,-8.17986334095166,0.6498999999999999,649.9,0.98,15539.59124999975,0.633802874181212,636.9019999999999,413.0309469999999,37.344940765418606,-30.54765119370589,0.0,-22.0,64.99,0.0,3960.00000000015,-22.0,8.357612202178888,1.611,1611.0,0.31,15539.59124999975,0.494158207,499.40999999999997,564.7328279999999,27.31312132964891,22.82724761042662,-2.0,16.0,159.489,-3221.99999999998,8459.99999999998,18.0,1243167.29999998,1243167.29999998
2018-11-26,-8.36798460778065,0.6505,650.5,0.95,15322.404999999751,0.6176737272382489,617.975,400.7567875,38.77561587150848,-32.447375676999805,-1.0,-23.0,64.3995,-650.4999999999939,-1320.00000000005,-22.0,10.481631251946096,1.6074000000000002,1607.4,0.29,15322.404999999751,0.470898786,466.146,527.1178968,29.480295289415697,30.900158442213886,6.0,22.0,162.34740000000002,-9644.400000000076,-5759.9999999997635,16.0,1225792.39999998,1225792.39999998
2018-11-27,-8.34182952134507,0.6461,646.1,0.92,15437.318749999753,0.5952351076007082,594.412,385.476182,39.74929117669779,-33.158181059031875,-1.0,-24.0,63.963899999999995,-646.1000000000041,10119.999999999947,-23.0,9.108269565231826,1.6102,1610.2,0.3,15437.318749999753,0.483782665,483.06,546.244248,28.050464707135465,25.54911939826114,-4.0,18.0,159.40980000000002,-6440.799999999967,6160.0000000000255,22.0,1234985.4999999802,1234985.4999999802
2018-11-28,-9.206442687525794,0.6461,646.1,0.93,15353.94124999975,0.6020436030613722,600.873,389.6661405,39.61678253643327,-36.472963788584565,-2.0,-26.0,63.963899999999995,-1292.2000000000082,-0.0,-24.0,10.007952065188,1.609,1609.0,0.31,15353.94124999975,0.496996647,498.79,564.031732,27.369592656180117,27.391357134677214,2.0,20.0,162.50900000000001,-3218.0000000000177,-2160.000000000082,18.0,1228315.29999998,1228315.29999998
2018-11-29,-9.901796108605504,0.6497,649.7,0.89,15279.548749999749,0.5762419919794757,578.2330000000001,374.9841005,40.94557937130391,-40.54347784833748,-3.0,-29.0,64.3203,-1949.0999999999872,-9359.999999999985,-26.0,9.574227139987142,1.6141,1614.1000000000001,0.33,15279.548749999749,0.539372166,532.653,602.3240124,25.49116577441592,24.405821118732426,-3.0,17.0,159.7959,-4842.300000000023,10199.999999999818,20.0,1222363.8999999799,1222363.8999999799
2018-11-30,-9.113879455037402,0.65225,652.25,0.86,15137.85249999975,0.5589157658542898,560.935,363.76634749999994,42.00374458772537,-38.281706483270874,2.0,-27.0,65.87724999999999,-1304.4999999999902,-7394.999999999868,-29.0,11.813609239544071,1.6154,1615.3999999999999,0.36,15137.85249999975,0.579454629,581.544,657.6099552,23.234971777993774,27.4488877277053,3.0,20.0,163.1554,-4846.199999999982,2209.9999999999227,17.0,1211028.19999998,1211028.19999998
2018-12-03,-8.055514504927455,0.64725,647.25,0.87,15451.735624999752,0.5646895902356486,563.1075,365.17521374999995,41.45366917033742,-33.39306332841171,3.0,-24.0,65.37225,-1941.749999999999,13500.0,-27.0,13.297308356723809,1.6238,1623.8,0.43,15451.735624999752,0.699695648,698.2339999999999,789.5630071999999,19.17244394932153,25.494189914613198,-2.0,18.0,160.7562,-3247.599999999977,16800.00000000007,20.0,1236138.84999998,1236138.84999998
2018-12-04,-8.232930940649016,0.6480500000000001,648.0500000000002,0.88,15529.76499999975,0.5716552719840714,570.2840000000002,369.82917400000014,41.78073746285831,-34.39779261810997,-1.0,-25.0,64.15695000000001,-648.0499999999978,-1920.0000000003001,-24.0,16.664206200661493,1.6296000000000002,1629.6000000000001,0.52,15529.76499999975,0.855421534,847.392,958.2308736000001,16.125274243094218,26.87148950291377,1.0,19.0,164.58960000000002,-1629.6000000000106,10440.000000000226,18.0,1242381.19999998,1242381.19999998
2018-12-05,-8.51667385640933,0.6436000000000001,643.6,0.92,15642.70249999975,0.5900432893614989,592.1120000000001,383.98463200000003,40.44371494534122,-34.444592973105884,0.0,-25.0,64.36,0.0,11125.000000000186,-25.0,19.02335164946,1.6285,1628.5,0.59,15642.70249999975,0.962959501,960.8149999999999,1086.4896019999999,14.29352381413748,27.191072982626803,0.0,19.0,162.85,0.0,-2090.000000000259,19.0,1251416.19999998,1251416.19999998
2018-12-06,-9.374544414451584,0.6454000000000001,645.4000000000001,0.92,15716.123749999751,0.5953739720997957,593.7680000000001,385.0585480000001,40.624218268230074,-38.08335384578983,-2.0,-27.0,63.894600000000004,-1290.8000000000043,-4500.000000000171,-25.0,20.21264055113426,1.6355000000000002,1635.5000000000002,0.68,15716.123749999751,1.105734597,1112.1400000000003,1257.6079120000004,12.438457448254146,25.141406941213972,-1.0,18.0,161.9145,-1635.5000000000075,13300.000000000324,19.0,1257289.89999998,1257289.89999998
2018-12-07,-9.543782057415152,0.6385000000000001,638.5000000000001,1.01,15855.517499999749,0.6455793263836084,644.8850000000001,418.20792250000005,37.579689203519926,-35.865236354379135,1.0,-26.0,64.4885,-638.5000000000005,18630.000000000127,-27.0,21.068241650639862,1.6317,1631.6999999999998,0.72,15855.517499999749,1.168717673,1174.8239999999998,1328.4909791999999,11.830056805853358,24.92384955265153,0.0,18.0,163.17,0.0,-6840.000000000429,18.0,1268441.3999999799,1268441.3999999799
2018-12-10,-10.713921883256614,0.6444,644.4,0.99,15527.952499999752,0.6389191393704947,637.956,413.714466,38.324783886091495,-41.06087407482761,-3.0,-29.0,63.7956,-1933.199999999992,-15339.999999999902,-26.0,11.67548457306055,1.6340000000000001,1634.0000000000002,0.75,15527.952499999752,1.233668918,1225.5000000000002,1385.7954000000002,11.441456292898465,13.358454644108258,-8.0,10.0,161.766,-13072.000000000116,4140.000000000327,18.0,1242236.1999999802,1242236.1999999802
2018-12-11,-9.841885876549291,0.63815,638.15,0.98,15728.126249999752,0.6252500832898524,625.387,405.56346949999994,38.28735492164378,-37.68197776537559,2.0,-27.0,64.45315,-1276.299999999992,18125.0,-29.0,12.069826066669984,1.6348,1634.8,0.78,15728.126249999752,1.281608755,1275.144,1441.9328352,10.768845899709317,12.997809694826369,-1.0,9.0,161.84519999999998,-1634.8000000000127,799.9999999998408,10.0,1258250.09999998,1258250.09999998
2018-12-12,-10.41678067602584,0.63715,637.15,1.01,15677.28937499975,0.6451551492889096,643.5215,417.32369274999996,37.68807408550794,-39.25884018505494,-1.0,-28.0,63.077850000000005,-637.1499999999983,2699.9999999998463,-27.0,12.40065836212266,1.6298,1629.8,0.78,15677.28937499975,1.2688282,1271.244,1437.5227152,10.941132326950065,13.567724408128388,1.0,10.0,164.60979999999998,-1629.7999999999888,-4500.0,9.0,1254183.1499999799,1254183.1499999799
2018-12-13,-11.614027648299858,0.6364500000000001,636.45,0.9,15591.632499999752,0.5706526234532137,572.8050000000001,371.4640425,42.20405633204659,-49.01590771107938,-7.0,-35.0,63.00855,-4455.150000000024,1960.000000000008,-28.0,9.402062504612571,1.6287,1628.7,0.75,15591.632499999752,1.225326487,1221.525,1381.3004700000001,11.349659046304204,10.671020375939364,-2.0,8.0,161.2413,-3257.4000000000183,-1099.9999999998522,10.0,1247330.59999998,1247330.59999998
2018-12-14,-12.460763374869396,0.6358,635.8000000000001,0.9,15596.374999999753,0.572835200257513,572.22,371.08467,42.016374591814184,-52.355610165847125,-2.0,-37.0,62.944199999999995,-1271.6000000000065,2275.000000000169,-35.0,7.7106235440993505,1.632,1632.0,0.75,15596.374999999753,1.224204912,1224.0,1384.0992,11.264822998235784,8.685880943030869,-2.0,6.0,161.56799999999998,-3264.00000000001,2639.9999999998727,8.0,1247709.9999999802,1247709.9999999802
2018-12-17,-13.085168326618874,0.637,637.0,0.88,15492.094999999752,0.5619965895395556,560.5600000000001,363.52316,42.90338750356305,-56.13980472662793,-3.0,-40.0,63.063,-1911.0000000000014,-4440.000000000168,-37.0,8.360482471775557,1.6314,1631.3999999999999,0.75,15492.094999999752,1.221213604,1223.55,1383.59034,11.27239367687386,9.424264975045752,1.0,7.0,164.7714,-1631.4000000000135,-360.00000000001364,6.0,1239367.59999998,1239367.59999998
2018-12-18,-10.360607029724756,0.6336,633.6,0.93,15600.394999999755,0.5904448887526405,589.248,382.12732800000003,40.54170917605702,-42.0036717086513,10.0,-30.0,63.9936,-6336.000000000013,13600.000000000136,-40.0,8.24068794517753,1.6334,1633.3999999999999,0.74,15600.394999999755,1.203511252,1208.716,1366.8160527999999,11.334440335452104,9.340358583769412,0.0,7.0,163.34,0.0,1400.0000000001194,7.0,1248031.5999999803,1248031.5999999803
2018-12-19,-13.62982263946415,0.6241,624.1,1.15,15916.318749999757,0.7185507404868152,717.7149999999999,465.43817749999994,33.51765229873039,-45.68396561229231,-3.0,-33.0,61.7859,-1872.2999999999956,28500.000000000084,-30.0,9.031864855601302,1.6338,1633.8,0.72,15916.318749999757,1.17651151,1176.336,1330.2007488000002,11.727850111400985,10.592435725292237,1.0,8.0,165.0138,-1633.800000000008,279.9999999999443,7.0,1273305.4999999804,1273305.4999999804
2018-12-20,-14.238160328804645,0.6243500000000001,624.35,1.31,15908.397499999754,0.8161330569546732,817.8985,530.40717725,30.007736381926488,-42.725496171037356,2.0,-31.0,63.05935,-1248.6999999999994,-825.0000000001876,-33.0,9.463142044722463,1.6356000000000002,1635.6000000000001,0.72,15908.397499999754,1.183038179,1177.632,1331.6662656,11.952182886324334,11.31052043977881,0.0,8.0,163.56,0.0,1440.0000000000546,8.0,1272671.7999999803,1272671.7999999803
2018-12-21,-15.787937930664445,0.62675,626.75,1.4,15767.143124999755,0.8774143832805217,877.4499999999999,569.0263249999999,27.95722588054209,-44.13869469155641,-1.0,-32.0,62.048249999999996,-626.7500000000013,-7439.999999999842,-31.0,10.406478441771917,1.6336000000000002,1633.6000000000001,0.71,15767.143124999755,1.161655858,1159.856,1311.5651648,12.12932298520266,12.622353815880007,1.0,9.0,164.99360000000001,-1633.6000000000013,-1599.999999999909,8.0,1261371.4499999804,1261371.4499999804
2018-12-24,-16.109735731585836,0.6249,624.9,1.48,15805.100624999754,0.9267258674068106,924.852,599.7665219999999,26.28880163638036,-42.350564706216886,2.0,-30.0,63.114900000000006,-1249.8000000000075,5919.999999999845,-32.0,9.434518637019403,1.6336000000000002,1633.6000000000001,0.69,15805.100624999754,1.125820738,1127.184,1274.6196672,12.370076761514255,11.670571974786686,-1.0,8.0,161.7264,-1633.6000000000013,0.0,9.0,1264408.0499999803,1264408.0499999803
2018-12-25,-16.68661587732536,0.6249,624.9,1.52,15797.289374999755,0.9487451361250526,949.848,615.9764279999999,25.65861274321321,-42.81554147910443,-1.0,-31.0,61.8651,-624.9000000000037,-0.0,-30.0,9.04075862118076,1.6336000000000002,1633.6000000000001,0.67,15797.289374999755,1.096553236,1094.5120000000002,1237.6741696000001,12.770001195151186,11.545049839755169,0.0,8.0,163.36,0.0,0.0,8.0,1263783.1499999803,1263783.1499999803
2018-12-26,-17.155810388413315,0.6229,622.9,1.59,15846.583124999755,0.9877330948461308,990.4110000000001,642.2815335,24.595583947299886,-42.19571745921792,1.0,-30.0,62.9129,-622.9000000000013,6200.000000000088,-31.0,8.822618304901836,1.6336000000000002,1633.6000000000001,0.63,15846.583124999755,1.033919242,1029.1680000000001,1163.7831744000002,13.574082975674743,11.975895293344438,1.0,9.0,164.99360000000001,-1633.6000000000013,0.0,8.0,1267726.6499999803,1267726.6499999803
2018-12-27,-17.827282536600173,0.6222500000000001,622.2500000000001,1.62,15904.804999999753,1.007609051164037,1008.0450000000003,653.7171825000001,24.240732153311193,-43.21463809911269,-1.0,-31.0,61.60275,-622.250000000001,1949.9999999999318,-30.0,8.683522828365199,1.6373,1637.3,0.59,15904.804999999753,0.971626986,966.007,1092.3607156,14.50673106300396,12.596953035054943,0.0,9.0,163.73,0.0,3329.9999999997854,9.0,1272384.39999998,1272384.39999998
2018-12-28,-18.495080636392395,0.62195,621.95,1.65,15846.395624999752,1.025003780474849,1026.2175,665.50204875,23.898957230670366,-44.20131411069415,-1.0,-32.0,61.57305,-621.9499999999982,930.0000000000352,-31.0,10.326351899534316,1.6354,1635.3999999999999,0.56,15846.395624999752,0.922856616,915.824,1035.6137792,15.357853786269661,15.8590602618616,2.0,11.0,165.1754,-3270.8000000000084,-1709.9999999999795,9.0,1267711.64999998,1267711.64999998
2018-12-31,-19.0101383029748,0.62245,622.4499999999999,1.64,15798.172499999753,1.023269148361161,1020.8179999999999,662.0004729999998,23.9371364089641,-45.50482737115811,-1.0,-33.0,61.62255,-622.4500000000006,-1599.999999999909,-32.0,9.733353539735305,1.6354,1635.3999999999999,0.5,15798.172499999753,0.824126406,817.6999999999999,924.6551599999999,17.1376274210158,16.680658652100895,1.0,12.0,165.1754,-1635.4000000000042,0.0,11.0,1263853.7999999803,1263853.7999999803
2019-01-01,-19.19990078022325,0.62245,622.4499999999999,1.66,15769.949374999753,1.0329878992455863,1033.2669999999998,670.0736494999999,23.57677027262323,-45.26716499524831,1.0,-32.0,62.86745,-622.4500000000006,-0.0,-33.0,9.521037117670089,1.6354,1635.3999999999999,0.45,15769.949374999753,0.728703186,735.93,832.1896439999999,18.983860967152044,18.074604490494302,1.0,13.0,165.1754,-1635.4000000000042,0.0,12.0,1261595.9499999802,1261595.9499999802
2019-01-02,-19.252776080281013,0.619,619.0,1.7,16066.119374999751,1.0516642366528006,1052.3,682.4165499999999,23.108978489750513,-44.49119883071971,0.0,-32.0,61.9,0.0,11039.999999999964,-32.0,9.389644957796117,1.6463999999999999,1646.3999999999999,0.4,16066.119374999751,0.651760948,658.56,744.6996479999999,21.17625463816488,19.88375125882515,1.0,14.0,166.2864,-1646.3999999999999,14299.999999999925,13.0,1285289.54999998,1285289.54999998
2019-01-03,-19.66374339853598,0.6193500000000001,619.35,1.67,15985.725624999752,1.0346928690781774,1034.3145,670.7529532499999,23.95236472259208,-47.09931536931961,-2.0,-34.0,61.315650000000005,-1238.6999999999944,-1120.0000000001182,-32.0,11.33447658503722,1.6481999999999999,1648.1999999999998,0.38,15985.725624999752,0.620765656,626.3159999999999,708.2381327999999,22.684629125351936,25.711839766155485,4.0,18.0,166.4682,-6592.800000000011,2520.0000000000955,14.0,1278858.04999998,1278858.04999998
2019-01-04,-20.104801008862967,0.6217,621.7,1.56,15466.324374999753,0.9703434958755296,969.8520000000001,628.949022,25.41656806169539,-51.099504320860774,-3.0,-37.0,61.548300000000005,-1865.0999999999908,-7989.999999999981,-34.0,13.985216459294222,1.6397,1639.7,0.31,15466.324374999753,0.510579083,508.307,574.7935556,27.811247132569196,38.89463111519059,10.0,28.0,165.6097,-16397.000000000047,-15299.999999999898,18.0,1237305.9499999802,1237305.9499999802
2019-01-07,-19.455382527906025,0.6242,624.1999999999999,1.47,15134.446874999756,0.9206724444600152,917.5739999999998,595.0467389999999,25.991780748167002,-50.56800370370525,1.0,-36.0,63.044200000000004,-624.2000000000019,-9250.0,-37.0,8.659663106601876,1.6396000000000002,1639.6000000000001,0.29,15134.446874999756,0.472989429,475.484,537.6773072,28.765068132672262,24.90957992673913,-10.0,18.0,162.3204,-16396.000000000015,-279.99999999974534,28.0,1210755.7499999804,1210755.7499999804
2019-01-08,-18.288645343771456,0.624,624.0,1.36,15032.544374999758,0.8513179488228914,848.6400000000001,550.3430400000001,27.500024121318503,-50.29381880999544,0.0,-36.0,62.4,0.0,720.0000000001125,-36.0,7.384856146269321,1.6374000000000002,1637.4,0.28,15032.544374999758,0.462708331,458.4720000000001,518.4401376000001,29.192274628004718,21.55807487102026,-3.0,15.0,162.1026,-4912.200000000041,-3959.9999999999795,18.0,1202603.5499999805,1202603.5499999805
2019-01-09,-17.72455007903243,0.62115,621.15,1.31,15140.559374999757,0.812963355050346,813.7065,527.68866525,28.487525628161592,-50.49285746240699,0.0,-36.0,62.115,0.0,10259.999999999876,-36.0,5.695896302423877,1.6396000000000002,1639.6000000000001,0.27,15140.559374999757,0.449444101,442.69200000000006,500.5961136000001,30.029287017220973,17.10437048858143,-3.0,12.0,162.3204,-4918.800000000005,3299.9999999999827,15.0,1211244.7499999804,1211244.7499999804
2019-01-10,-17.78028565408875,0.61985,619.85,1.21,15185.040624999756,0.7499995555474805,750.0185,486.38699725,31.128626917667376,-55.347587861568215,-4.0,-40.0,61.36515,-2479.3999999999983,4680.000000000092,-36.0,6.085558370267647,1.6421000000000001,1642.1000000000001,0.28,15185.040624999756,0.467957263,459.78800000000007,519.9282704000001,29.120477259971963,17.721436413561104,1.0,13.0,165.8521,-1642.0999999999992,3000.0,12.0,1214803.2499999804,1214803.2499999804
2019-01-11,-18.261910926377112,0.6149,614.9,1.23,15444.489374999752,0.7541834436360868,756.327,490.4780595,30.95967358963945,-56.53828014037056,0.0,-40.0,61.49,0.0,19799.999999999898,-40.0,7.37286537200146,1.6441,1644.1,0.3,15444.489374999752,0.487510684,493.22999999999996,557.7444839999999,27.225801528500202,20.073216931446357,1.0,14.0,166.0541,-1644.1000000000088,2599.999999999852,13.0,1235559.14999998,1235559.14999998
2019-01-14,-18.951395840294943,0.6156,615.6,1.12,15342.48187499975,0.687110374433999,689.4720000000001,447.12259200000005,34.541957063533374,-65.46183014094929,-7.0,-47.0,60.9444,-4309.200000000004,-2800.0000000000114,-40.0,8.798791815574177,1.6457,1645.7,0.32,15342.48187499975,0.519237582,526.624,595.5064192000001,25.9350510373134,22.81971148036117,2.0,16.0,166.2157,-3291.40000000001,2239.9999999999523,14.0,1227398.54999998,1227398.54999998
2019-01-15,-19.82714649657277,0.6187,618.7,1.04,15165.076874999751,0.6455389866782075,643.4480000000001,417.27602800000005,36.768184236549885,-72.90081752710522,-5.0,-52.0,61.25129999999999,-3093.50000000002,-14569.999999999773,-47.0,10.08695907754569,1.6488999999999998,1648.8999999999999,0.35,15165.076874999751,0.570559083,577.1149999999999,652.6016419999999,23.509720000060547,23.714158356516815,1.0,17.0,166.53889999999998,-1648.8999999999976,5119.999999999891,16.0,1213206.14999998,1213206.14999998
2019-01-16,-19.01664434819238,0.62295,622.95,0.95,14747.781874999753,0.5908309825899576,591.8025,383.78392125,39.51462277420709,-75.14355278500791,-2.0,-54.0,61.67205,-1245.900000000006,-22100.000000000222,-52.0,11.900537906953405,1.6459000000000001,1645.9,0.35,14747.781874999753,0.57239031,576.0649999999999,651.4143019999999,23.280233222450423,27.704729794648728,3.0,20.0,166.23590000000002,-4937.700000000035,-5099.99999999971,17.0,1179822.5499999803,1179822.5499999803
2019-01-17,-16.896365277628494,0.6213000000000001,621.3000000000001,0.86,14722.283124999754,0.5332356420835321,534.3180000000001,346.50522300000006,42.56149949866629,-71.91346422930675,3.0,-51.0,62.7513,-1863.8999999999937,8909.999999999955,-54.0,10.691088476743827,1.6430000000000002,1643.0000000000002,0.33,14722.283124999754,0.54627008,542.19,613.108452,24.054116081570104,25.71646832579325,-2.0,18.0,162.657,-3286.0000000000014,-5799.999999999841,20.0,1177782.6499999803,1177782.6499999803
2019-01-18,-16.509059102036822,0.6213000000000001,621.3000000000001,0.75,14554.64312499975,0.4681224020719281,465.975,302.18478749999997,48.719471442617724,-80.43126334661711,-7.0,-58.0,61.508700000000005,-4349.099999999986,-0.0,-51.0,8.480142661762548,1.6407,1640.7,0.32,14554.64312499975,0.530022641,525.024,593.6971392,24.79763191184963,21.02874562863604,-3.0,15.0,162.42929999999998,-4922.100000000029,-4140.000000000327,18.0,1164371.44999998,1164371.44999998
2019-01-21,-16.306131319841455,0.62,620.0,0.59,14469.578124999753,0.3667132167261178,365.79999999999995,237.22129999999996,61.354706027661734,-100.04578935773203,-14.0,-72.0,61.38,-8679.999999999964,7540.000000000148,-58.0,6.340204003758106,1.6413,1641.3,0.31,14469.578124999753,0.50789369,508.803,575.3544324000001,25.296829754638992,16.03870612927493,-4.0,11.0,162.4887,-6565.200000000004,900.0000000000341,15.0,1157566.2499999802,1157566.2499999802
2019-01-22,-16.44270154930559,0.6267,626.7,0.47,13780.15437499975,0.2964465943835865,294.549,191.01502649999998,75.75099399313359,-124.55509862923361,-17.0,-89.0,62.0433,-10653.899999999992,-48240.000000000124,-72.0,5.942469786505814,1.6447,1644.7,0.31,13780.15437499975,0.503162333,509.857,576.5462956,25.09699261867871,14.913812036865767,0.0,11.0,164.47,0.0,3740.0000000000373,11.0,1102412.34999998,1102412.34999998
2019-01-23,-12.67183204609253,0.62795,627.95,0.51,13386.067499999752,0.317556687834295,320.2545,207.68504325,66.35121219784685,-84.07914170257614,29.0,-60.0,63.42295,-18210.549999999956,-11125.0,-89.0,7.449505850824607,1.6457,1645.7,0.3,13386.067499999752,0.500474775,493.71,558.287268,24.682909972791553,18.38754822576877,2.0,13.0,166.2157,-3291.40000000001,1099.9999999999375,11.0,1070885.39999998,1070885.39999998
2019-01-24,-11.220223923061331,0.62895,628.95,0.55,13338.599999999751,0.3436232190276844,345.92250000000007,224.33074125000005,59.67112409744132,-66.95233741140726,12.0,-48.0,63.523950000000006,-7547.400000000039,-6000.0000000000855,-60.0,8.662828449318184,1.6532,1653.2,0.33,13338.599999999751,0.553201892,545.556,616.9147248,21.69840816222928,18.79695875326777,0.0,13.0,165.32,0.0,9750.0,13.0,1067087.99999998,1067087.99999998
2019-01-25,-10.130312553325023,0.6314500000000001,631.45,0.6,12994.40187499975,0.3802020296126893,378.87,245.697195,54.288776068443724,-54.99622697108066,9.0,-39.0,63.776450000000004,-5683.050000000008,-12000.0,-48.0,11.405670323661424,1.6507,1650.7,0.34,12994.40187499975,0.563967493,561.238,634.6479304000001,21.017322142046254,23.97166474383691,4.0,17.0,166.7207,-6602.800000000002,-3250.0,13.0,1039552.14999998,1039552.14999998
2019-01-28,-8.51737423619478,0.6285000000000001,628.5000000000001,0.63,13041.364374999752,0.3964033089185849,395.9550000000001,256.77681750000005,50.605821824237495,-43.102872300722396,8.0,-31.0,63.478500000000004,-5028.00000000002,11505.000000000067,-39.0,11.39894093803893,1.6491,1649.1,0.34,13041.364374999752,0.556961399,560.694,634.0327752,20.49484251173101,23.361949932563125,0.0,17.0,164.91,0.0,-2719.999999999942,17.0,1043309.1499999801,1043309.1499999801
2019-01-29,-8.224829276968837,0.62555,625.5500000000001,0.64,13163.347499999756,0.3981988615272551,400.35200000000003,259.628272,50.23091004125988,-41.31406595161422,1.0,-30.0,63.180550000000004,-625.550000000004,9145.000000000053,-31.0,10.466624111337026,1.6508000000000003,1650.8000000000002,0.33,13163.347499999756,0.551634541,544.7640000000001,616.0191312000002,21.170388571529074,22.158249946914005,-1.0,16.0,163.4292,-1650.8000000000038,2890.0000000002706,17.0,1053067.7999999805,1053067.7999999805
2019-01-30,-9.039537933611967,0.6232500000000001,623.2500000000001,0.64,13225.578124999753,0.3983687571270304,398.8800000000001,258.67368000000005,50.887850283027454,-46.00026529933932,-3.0,-33.0,61.701750000000004,-1869.7499999999964,6899.999999999906,-30.0,10.949280555228986,1.6518000000000002,1651.8000000000002,0.33,13225.578124999753,0.543044504,545.094,616.3922952,21.355470538009662,23.382703830959468,1.0,17.0,166.83180000000002,-1651.8000000000086,1599.999999999909,16.0,1058046.2499999802,1058046.2499999802
2019-01-31,-10.022294109254572,0.6239,623.9,0.64,13271.69562499975,0.399099820414558,399.296,258.94345599999997,51.07515875975547,-51.18902627671393,-4.0,-37.0,61.7661,-2495.599999999996,-2144.999999999925,-33.0,11.624016291094124,1.6566999999999998,1656.6999999999998,0.35,13271.69562499975,0.585007122,579.8449999999999,655.688726,20.170513233744014,23.446237442877003,0.0,17.0,165.67,0.0,8329.99999999967,17.0,1061735.6499999799,1061735.6499999799
2019-02-01,-10.694605383065934,0.62165,621.6500000000001,0.64,13282.71687499975,0.3993747195991917,397.85600000000005,258.009616,51.43876352654914,-55.011727730928804,-2.0,-39.0,61.54335,-1243.300000000005,8325.000000000053,-37.0,13.626950293762466,1.655,1655.0,0.36,13282.71687499975,0.589845177,595.8,673.73064,19.69881557561305,26.843478069487286,2.0,19.0,167.155,-3310.0000000000023,-2889.999999999787,17.0,1062617.34999998,1062617.34999998
2019-02-04,-11.598010780341404,0.6184000000000001,618.4000000000001,0.66,13345.054374999749,0.4084243095788239,408.14400000000006,264.68138400000004,50.18379711585515,-58.20322199481539,-3.0,-42.0,61.2216,-1855.2000000000035,12674.999999999834,-39.0,13.520709553468029,1.6528,1652.8,0.35,13345.054374999749,0.571212161,578.4799999999999,654.1451839999999,20.305456953421142,27.454418581765502,1.0,20.0,166.93280000000001,-1652.8000000000134,-4179.999999999978,19.0,1067604.3499999798,1067604.3499999798
2019-02-05,-12.844215628233574,0.62605,626.05,0.66,12943.940624999756,0.4145050260912808,413.193,267.95566049999996,49.80321874931898,-63.96832805963381,-4.0,-46.0,61.97895,-2504.199999999997,-32129.999999999724,-42.0,11.98465174321239,1.6549,1654.9,0.33,12943.940624999756,0.554173559,546.1170000000001,617.5491036000001,21.609705685272324,25.898479691130568,-1.0,19.0,163.8351,-1654.8999999999978,4200.000000000159,20.0,1035515.2499999803,1035515.2499999803
2019-02-06,-9.833173729359451,0.62865,628.6500000000001,0.67,12676.346249999748,0.4238857943537605,421.1955000000001,273.14528175000004,47.38848330847931,-46.59791891431276,13.0,-33.0,63.49365,-8172.450000000004,-11960.000000000235,-46.0,12.483884842713916,1.6551,1655.1,0.35,12676.346249999748,0.578847418,579.285,655.055478,19.760067749559003,24.668241026971973,-1.0,18.0,163.8549,-1655.1000000000045,379.9999999996544,19.0,1014107.6999999797,1014107.6999999797
2019-02-07,-8.414880492732003,0.6282500000000001,628.2500000000001,0.68,12782.445624999753,0.4289471606793837,427.2100000000001,277.04568500000005,45.755436508602344,-38.502653011267554,5.0,-28.0,63.453250000000004,-3141.2500000000064,1319.9999999999718,-33.0,12.748201364260936,1.6636000000000002,1663.6000000000001,0.4,12782.445624999753,0.666675083,665.44,752.4795520000001,16.84610062334258,21.475748294897286,-3.0,15.0,164.6964,-4990.8000000000075,15300.00000000041,18.0,1022595.6499999801,1022595.6499999801
2019-02-08,-7.70011485622472,0.62745,627.4499999999999,0.69,12839.197499999751,0.4348493992041723,432.94049999999993,280.76191424999996,45.52770506336493,-35.05685581282337,3.0,-25.0,63.37245,-1882.3500000000095,2240.000000000151,-28.0,14.503272691639442,1.6675,1667.5,0.45,12839.197499999751,0.75407493,750.375,848.52405,15.064329201982847,21.84820743329844,1.0,16.0,168.4175,-1667.4999999999898,5849.999999999795,15.0,1027135.79999998,1027135.79999998
2019-02-11,-7.402873183071396,0.6281,628.1,0.71,12689.446249999748,0.4438958210979509,445.951,289.1992235,44.39568455480224,-32.86556226348424,1.0,-24.0,63.438100000000006,-628.1000000000034,-1625.0000000001207,-25.0,17.34989272706129,1.6635,1663.5,0.47,12689.446249999748,0.783555571,781.8449999999999,884.1103259999999,14.522166660000929,25.19580337155221,2.0,18.0,168.0135,-3326.999999999998,-6400.000000000091,16.0,1015155.6999999798,1015155.6999999798
2019-02-12,-7.21000789895018,0.6295000000000001,629.5000000000001,0.73,12536.706249999752,0.4584132051488949,459.5350000000001,298.00844750000005,42.58082734382805,-30.700810149283406,2.0,-22.0,63.5795,-1259.0000000000002,-3360.0000000000136,-24.0,15.767423844886512,1.6602000000000001,1660.2,0.46,12536.706249999752,0.766294547,763.692,863.5829136,14.693952427916296,23.168577588755547,-1.0,17.0,164.3598,-1660.2000000000032,-5939.9999999997135,18.0,1002936.4999999801,1002936.4999999801
2019-02-13,-6.603405871333273,0.62875,628.75,0.74,12500.56749999975,0.4638792946319174,465.275,301.73083749999995,41.549303855956566,-27.43669170322338,2.0,-20.0,63.503750000000004,-1257.5000000000073,1650.0000000000625,-22.0,13.18242387868086,1.6612,1661.2,0.46,12500.56749999975,0.758076074,764.152,864.1030816000001,14.508345725126217,19.12551631270612,-3.0,14.0,164.4588,-4983.600000000024,1699.9999999999034,17.0,1000045.39999998,1000045.39999998
2019-02-14,-6.503365334775547,0.63035,630.3499999999999,0.74,12505.370624999749,0.46935487638693,466.45899999999995,302.49866149999997,41.324372934455944,-26.874749442327765,1.0,-19.0,63.66535,-630.3499999999999,-3199.999999999932,-20.0,12.789691472926885,1.6654,1665.4,0.47,12505.370624999749,0.780240348,782.7379999999999,885.1201304,14.123017961811064,18.06290423981682,-1.0,13.0,164.8746,-1665.4000000000053,5879.999999999825,14.0,1000429.6499999799,1000429.6499999799
2019-02-15,-5.924172873336445,0.63035,630.3499999999999,0.69,12473.18687499975,0.435046261894259,434.9414999999999,282.05956274999994,44.33592147373401,-26.265366330906982,0.0,-19.0,63.035,0.0,-0.0,-19.0,14.16011428075876,1.6647,1664.7,0.48,12473.18687499975,0.796872428,799.056,903.5725248000001,13.839919078734416,19.597483579133282,1.0,14.0,168.1347,-1664.7000000000105,-909.9999999999113,13.0,997854.9499999799,997854.9499999799
2019-02-18,-5.644823979631397,0.636,636.0,0.69,12311.799374999751,0.4359830845206487,438.84,284.58774,43.82896773768171,-24.740680808815657,1.0,-18.0,64.236,-636.0000000000027,-10735.000000000091,-19.0,14.428069730115196,1.6636000000000002,1663.6000000000001,0.48,12311.799374999751,0.806251615,798.528,902.9754624000001,13.81342837583595,19.9301107818513,0.0,14.0,166.36,0.0,-1539.999999999793,14.0,984943.94999998,984943.94999998
2019-02-19,-3.2411391780764696,0.635,635.0,0.7,12260.496874999746,0.4416170097736826,444.5,288.25825,42.71100436847775,-13.84323095936685,8.0,-10.0,64.135,-5080.000000000041,1800.0000000000255,-18.0,13.81646622719288,1.6642,1664.1999999999998,0.5,12260.496874999746,0.823803779,832.0999999999999,940.93868,13.084592690992096,18.07828330116671,-1.0,13.0,164.7558,-1664.199999999994,839.9999999996339,14.0,980839.7499999796,980839.7499999796
2019-02-20,-2.302613817714746,0.63495,634.95,0.73,12251.936249999746,0.462607374910335,463.5135,300.58850474999997,40.78830920429517,-9.391972437503162,3.0,-7.0,64.12995,-1904.849999999989,50.00000000002558,-10.0,13.89003489714033,1.6651,1665.1000000000001,0.5,12251.936249999746,0.828683695,832.5500000000001,941.4475400000001,13.023027151358582,18.089030159877673,0.0,13.0,166.51,0.0,1170.0000000000443,13.0,980154.8999999797,980154.8999999797
2019-02-21,-1.935115869012896,0.6404000000000001,640.4000000000001,0.8,12095.979999999747,0.5143509664176179,512.32,332.23952,36.87681781505025,-7.136091535260121,2.0,-5.0,64.6804,-1280.7999999999993,-3815.0000000000614,-7.0,14.356129402977205,1.6607,1660.7,0.48,12095.979999999747,0.793364775,797.136,901.4013888,13.592098261918883,19.512992150608902,1.0,14.0,167.73069999999998,-1660.6999999999914,-5719.999999999971,13.0,967678.3999999797,967678.3999999797
2019-02-22,0.1109531983837165,0.6355,635.5,0.81,12120.653749999748,0.5150406941734963,514.755,333.81861749999996,36.23518691254465,0.40204098819786144,5.0,0.0,64.1855,-3177.5000000000373,2450.0000000000455,-5.0,11.114002821304531,1.6662000000000001,1666.2,0.45,12120.653749999748,0.750021777,749.7900000000001,847.8625320000001,14.266440069555692,15.855725518301398,-3.0,11.0,164.9538,-4998.60000000001,7700.000000000159,14.0,969652.2999999798,969652.2999999798
2019-02-25,-0.2207093291402801,0.63575,635.75,0.79,12020.056874999747,0.5013002260668696,502.2425,325.70426125,37.213678763313226,-0.8213406074692751,-1.0,-1.0,62.93925,-635.7500000000016,0.0,0.0,12.231054299033724,1.6640000000000001,1664.0000000000002,0.41,12020.056874999747,0.685283883,682.24,771.476992,15.710972427807347,19.216175685513335,3.0,14.0,168.06400000000002,-4992.000000000047,-2419.9999999999873,11.0,961604.5499999798,961604.5499999798
2019-02-26,-0.3914774305814118,0.6343,634.3,0.8,11999.11937499975,0.5081639335109787,507.44,329.07484,36.526818261158304,-1.4299424960192446,0.0,-1.0,63.43,0.0,145.00000000000313,-1.0,11.63069709647939,1.6627,1662.7,0.38,11999.11937499975,0.632039556,631.826,714.4688408000001,16.823766396223427,19.567213097640334,0.0,14.0,166.27,0.0,-1819.9999999999363,14.0,959929.5499999799,959929.5499999799
2019-02-27,-0.977691147195324,0.6309,630.9,0.8,11884.346874999748,0.5076993040386663,504.72,327.31092,36.65969768133537,-3.584186188189854,-2.0,-3.0,62.4591,-1261.800000000008,339.9999999999963,-1.0,10.694678392947766,1.6568,1656.8,0.35,11884.346874999748,0.572865604,579.88,655.728304,18.298919387502526,19.570105778781624,0.0,14.0,165.68,0.0,-8260.000000000047,14.0,950747.7499999799,950747.7499999799
2019-02-28,-2.3785788857709456,0.6244,624.4,0.83,11696.57437499975,0.5184518621061679,518.252,336.08642199999997,35.36098484514126,-8.410889193271938,-3.0,-6.0,61.815599999999996,-1873.200000000004,1950.000000000017,-3.0,6.088421111617182,1.6531,1653.1,0.35,11696.57437499975,0.573303875,578.5849999999999,654.2639179999999,18.164454049871278,11.05928455182365,-6.0,8.0,163.6569,-9918.59999999997,-5180.000000000064,14.0,935725.9499999798,935725.9499999798
2019-03-01,-4.77374991618445,0.61985,619.85,0.89,11600.348749999748,0.5510973900513136,551.6665,357.75572525,32.69430382092746,-15.607443012486138,-5.0,-11.0,61.36515,-3099.2499999999977,2729.99999999999,-6.0,2.659299445472004,1.6522000000000001,1652.2,0.34,11600.348749999748,0.56478521,561.748,635.2246384000001,18.413288257302185,4.896644725195986,-4.0,4.0,163.5678,-6608.799999999974,-720.0000000000273,8.0,928027.8999999798,928027.8999999798
2019-03-04,-7.508829636112436,0.6223,622.3,0.91,11349.848749999748,0.5672941623661506,566.293,367.24101049999996,31.587835830769095,-23.71876778267333,-6.0,-17.0,61.607699999999994,-3733.800000000016,-2694.999999999972,-11.0,1.1839170273466473,1.6303999999999998,1630.3999999999999,0.48,11349.848749999748,0.78537316,782.5919999999999,884.9550335999999,13.108404731943828,1.5519263563499661,-3.0,1.0,161.40959999999998,-4891.200000000026,-8720.000000000027,4.0,907987.8999999798,907987.8999999798
2019-03-05,-8.588633675310959,0.6247,624.7,0.91,11139.641249999746,0.5695621124934901,568.4770000000001,368.65733450000005,30.78698750261741,-26.441815762635752,-2.0,-19.0,61.8453,-1249.3999999999942,-4080.0000000000337,-17.0,-7.604365809055913,1.6296000000000002,1629.6000000000001,0.59,11139.641249999746,0.965612931,961.464,1087.2234912000001,10.439296834427843,-7.938423191830871,-7.0,-6.0,161.3304,-11407.200000000073,-79.99999999998408,1.0,891171.2999999797,891171.2999999797
2019-03-06,-8.562457785442238,0.634,634.0,0.89,10854.072499999747,0.566897771490914,564.26,365.92260999999996,30.44261531147186,-26.066360848293535,0.0,-19.0,63.4,0.0,-17669.999999999993,-19.0,-9.898519302848552,1.6355000000000002,1635.5000000000002,0.65,10854.072499999747,1.057360393,1063.0750000000003,1202.1252100000004,9.26662310825321,-9.172584770926685,-1.0,-7.0,161.9145,-1635.5000000000075,-3540.0000000000205,-6.0,868325.7999999797,868325.7999999797
2019-03-07,-5.005329985656098,0.6337,633.7,0.89,10690.63499999975,0.5627480934260759,563.993,365.7494605,29.676250199143485,-14.853942498360563,8.0,-11.0,64.0037,-5069.599999999979,570.0000000000216,-19.0,-10.020823245654004,1.6454,1645.3999999999999,0.66,10690.63499999975,1.082496651,1085.964,1228.0080911999999,8.838763016124132,-8.857168189480358,1.0,-6.0,166.1854,-1645.399999999995,-6929.9999999998645,-7.0,855250.7999999799,855250.7999999799
2019-03-08,-3.669415995201716,0.63095,630.95,0.85,10674.939374999749,0.5384249405949445,536.3075,347.79541374999997,30.738286295184796,-11.27915593966408,3.0,-8.0,63.72595,-1892.8499999999958,3024.9999999999845,-11.0,-5.836684602240929,1.6439,1643.8999999999999,0.68,10674.939374999749,1.111436458,1117.852,1264.0670416,8.45733228394913,-4.936278111776099,2.0,-4.0,166.0339,-3287.8000000000043,900.0000000000341,-6.0,853995.1499999799,853995.1499999799
2019-03-11,-3.59515469700401,0.62695,626.95,0.78,10556.138749999749,0.4867295621334884,489.0210000000001,317.13011850000004,33.66107081059142,-12.101675683088231,-1.0,-9.0,62.06805,-626.9500000000007,3199.9999999999886,-8.0,4.903049098055688,1.6453,1645.3,0.69,10556.138749999749,1.130648486,1135.2569999999998,1283.7486155999998,8.315443728841323,4.077102887462828,7.0,3.0,166.1753,-11517.099999999942,-560.0000000000591,-4.0,844491.0999999798,844491.0999999798
2019-03-12,-4.340289367696532,0.6307,630.7,0.76,10498.55874999975,0.4786939697287301,479.33200000000005,310.846802,33.95929661196819,-14.739317401937843,-2.0,-11.0,62.4393,-1261.3999999999946,-3375.0,-9.0,5.952321624565457,1.6454,1645.3999999999999,0.7,10498.55874999975,1.149577169,1151.7799999999997,1302.4328239999998,8.104939122756438,4.824320440616972,0.0,3.0,164.54,0.0,29.999999999972715,3.0,839884.6999999798,839884.6999999798
2019-03-13,-3.901225028600957,0.63195,631.95,0.76,10442.388749999749,0.4780156029405792,480.28200000000004,311.462877,33.70725542357252,-13.149958850388646,2.0,-9.0,63.826950000000004,-1263.9000000000067,-1375.0,-11.0,6.509256369982008,1.6447,1644.7,0.71,10442.388749999749,1.169399704,1167.737,1320.4769996000002,7.950580550195103,5.175236709141254,1.0,4.0,166.1147,-1644.7000000000003,-209.99999999997954,3.0,835391.0999999798,835391.0999999798
2019-03-14,-3.4700695353456723,0.6291,629.1,0.76,10449.587499999749,0.4765730968641057,478.11600000000004,310.058226,33.678799252369295,-11.68677752726693,1.0,-8.0,63.5391,-629.100000000001,2565.000000000033,-9.0,6.576973300459757,1.6413,1641.3,0.72,10449.587499999749,1.18596824,1181.7359999999999,1336.3070687999998,7.814363175805832,5.1394857967370875,0.0,4.0,164.13,0.0,-1360.0000000000136,4.0,835966.9999999799,835966.9999999799
2019-03-15,-3.760173552001095,0.63285,632.85,0.75,10384.159374999748,0.4737604000490503,474.63750000000005,307.80241875,33.94901035032802,-12.765417083591483,-1.0,-9.0,62.65215,-632.8499999999976,-3000.0,-8.0,5.455514853881655,1.6414,1641.3999999999999,0.72,10384.159374999748,1.177982032,1181.8079999999998,1336.3884863999997,7.819273816215775,4.265816445093305,-1.0,3.0,162.49859999999998,-1641.4000000000044,39.99999999996362,4.0,830732.7499999799,830732.7499999799
2019-03-18,-2.985788082295647,0.63955,639.55,0.78,10297.67062499975,0.5006308520136895,498.849,323.50357649999995,32.099055866233215,-9.584097845834131,2.0,-7.0,64.59455,-1279.0999999999997,-6030.0000000000155,-9.0,5.186339997765473,1.6427,1642.7,0.72,10297.67062499975,1.174622351,1182.744,1337.4469152,7.7641656330314355,4.0267602771867015,0.0,3.0,164.27,0.0,390.0000000000716,3.0,823813.6499999799,823813.6499999799
2019-03-19,3.859856337352285,0.6365,636.5,0.8,10185.433124999749,0.5095811188168268,509.20000000000005,330.2162,31.184631841199035,12.036819884024995,16.0,9.0,64.2865,-10184.000000000082,2134.999999999998,-7.0,5.678936241649967,1.6396000000000002,1639.6000000000001,0.72,10185.433124999749,1.188540702,1180.512,1334.9229696,7.714056061291216,4.380763253658628,0.0,3.0,163.96,0.0,-930.0000000000068,3.0,814834.6499999798,814834.6499999798
2019-03-20,-0.1958252403230039,0.63625,636.25,0.81,10121.917499999749,0.5142206886683943,515.3625000000001,334.21258125,30.475911729309704,-0.5967952738454726,-9.0,0.0,62.988749999999996,-5726.2500000000355,-224.9999999999872,9.0,4.744731146955842,1.6425,1642.5,0.72,10121.917499999749,1.18315285,1182.6,1337.28408,7.616506677474056,3.6138276463608308,0.0,3.0,164.25,0.0,869.9999999999761,3.0,809753.3999999798,809753.3999999798
2019-03-21,0.1294653107931305,0.63055,630.5500000000001,0.82,10144.417499999749,0.5139866243278426,517.051,335.3075735,30.186963552136255,0.3908164618178223,0.0,0.0,63.055,0.0,-0.0,0.0,5.652479340897816,1.6485,1648.5,0.69,10144.417499999749,1.143000437,1137.465,1286.245422,7.869351623627974,4.448134747881781,0.0,3.0,164.85,0.0,1799.999999999983,3.0,811553.3999999798,811553.3999999798
2019-03-22,-1.2087870554169555,0.62795,627.95,0.83,10112.80937499975,0.5192131065255713,521.1985,337.99722725,30.013315737931837,-3.6279707554153995,-3.0,-3.0,62.16705,-1883.8499999999954,-0.0,0.0,8.35237865150268,1.6574000000000002,1657.4000000000003,0.67,10112.80937499975,1.112753042,1110.4580000000003,1255.7059064000005,8.078657150767818,6.7476003518882575,2.0,5.0,167.3974,-3314.799999999991,2670.0000000000446,3.0,809024.7499999799,809024.7499999799
2019-03-25,-2.631716385707056,0.6288,628.8000000000001,0.82,10039.626874999747,0.5149080014798224,515.616,334.37697599999996,30.243737161495687,-7.959293865292561,-3.0,-6.0,62.251200000000004,-1886.3999999999946,-255.00000000000256,-3.0,12.323996882826716,1.6566,1656.6000000000001,0.65,10039.626874999747,1.084742366,1076.7900000000002,1217.6341320000001,8.305293937834316,10.235441660082973,2.0,7.0,167.3166,-3313.199999999995,-400.0000000000625,5.0,803170.1499999798,803170.1499999798
2025-03-25,-3.357061119776392,0.6303,630.3,0.81,10020.498124999747,0.5102085357850767,510.543,331.0871355,30.323216454297263,-10.17968909852851,-1.0,-7.0,62.3997,-630.2999999999982,-899.9999999999915,-6.0,,,,,10020.498124999747,,,,,,-7.0,0.0,,,,7.0,801639.8499999797,801639.8499999797
2025-03-26,-3.356597730301205,0.62915,629.15,0.8,10030.560624999747,0.5062141345201266,503.32,326.40301999999997,30.69977148189299,-10.304678327688768,0.0,-7.0,62.915,0.0,805.0000000000139,-7.0,,,,,10030.560624999747,,,,,,0.0,0.0,,,0.0,0.0,802444.8499999797,802444.8499999797
2025-03-27,-3.824955169184795,0.6304,630.4,0.74,10003.863124999747,0.4676566582312025,466.496,302.522656,33.15639482221043,-12.682172376674576,-2.0,-9.0,62.4096,-1260.8000000000031,-875.0,-7.0,,,,,10003.863124999747,,,,,,0.0,0.0,,,0.0,0.0,800309.0499999797,800309.0499999797
