Date,AD1_small_alpha_forecast,AD1_small_one_perc_change,AD1_small_block_value,AD1_small_price_volatility,AD1_small_cash_vol_daily,AD1_small_std_dev,AD1_small_icv,AD1_small_ivv,AD1_small_vol_scalar,AD1_small_alpha_subsystem_position,AD1_small_alpha_trades_needed,AD1_small_alpha_target_pos,AD1_small_execution_price,AD1_small_daily_instrument_pnls,AD1_small_daily_current_pnls,AD1_small_alpha_current_pos,RX1_small_alpha_forecast,RX1_small_one_perc_change,RX1_small_block_value,RX1_small_price_volatility,RX1_small_cash_vol_daily,RX1_small_std_dev,RX1_small_icv,RX1_small_ivv,RX1_small_vol_scalar,RX1_small_alpha_subsystem_position,RX1_small_alpha_trades_needed,RX1_small_alpha_target_pos,RX1_small_execution_price,RX1_small_daily_instrument_pnls,RX1_small_daily_current_pnls,RX1_small_alpha_current_pos,AUM,NAV
2017-01-03,,0.6754000000000001,675.4000000000001,0.83,125000.0,0.5590872024883597,560.582,363.537427,343.8435514921549,,0.0,0.0,67.54,0.0,0.0,0.0,,1.6321,1632.1000000000001,0.77,125000.0,1.257936405,1256.717,1421.0955836,87.96030431911053,,0.0,0.0,163.21,0.0,0.0,0.0,10000000.0,10000000.0
2017-01-04,,0.68585,685.8499999999999,0.86,125000.0,0.5896780901358368,589.8309999999999,382.50540349999994,326.79276908567914,,0.0,0.0,68.585,0.0,0.0,0.0,,1.6319,1631.8999999999999,0.75,125000.0,1.225921694,1223.925,1384.01439,90.31698001348093,,0.0,0.0,163.19,0.0,-0.0,0.0,10000000.0,10000000.0
2017-01-05,7.507527484143097,0.67755,677.55,0.85,120613.5625,0.5772185461211865,575.9174999999999,373.48249874999993,334.6877040245785,251.26771365692736,180.0,180.0,68.43254999999999,-121958.99999999937,-0.0,0.0,-20.0,1.6354,1635.3999999999999,0.69,120613.5625,1.135498129,1128.426,1276.0241208,97.96053065331678,-195.92106130663356,-140.0,-140.0,161.9046,-228956.00000000058,0.0,0.0,9649085.0,9649085.0
2017-01-06,7.4713651056318655,0.6900000000000001,690.0000000000001,0.92,124400.7275,0.6339311871064877,634.8000000000002,411.6678000000001,292.98760432562364,218.901736334114,-23.0,157.0,68.31,-15869.999999999947,224100.00000000081,180.0,-20.0,1.6284,1628.4,0.66,124400.7275,1.075610214,1074.7440000000001,1215.3205152000003,99.24424132686605,-198.4884826537321,-2.0,-142.0,161.2116,-3256.7999999999984,97999.99999999841,-140.0,9952058.2,9952058.2
2017-01-09,7.162771244289432,0.6951999999999999,695.1999999999999,1.04,124900.90625,0.7222159187663528,723.0079999999999,468.8706879999999,265.3199073515127,190.04258029149514,-21.0,136.0,68.8248,-14599.199999999997,81639.99999999937,157.0,-20.0,1.6295,1629.5,0.65,124900.90625,1.055782174,1059.175,1197.71509,103.86504147660025,-207.7300829532005,-7.0,-149.0,161.32049999999998,-11406.500000000051,-15619.9999999979,-142.0,9992072.5,9992072.5
2017-01-10,7.277473605030577,0.6911,691.1,1.09,123718.635,0.7499626657282047,753.2990000000001,488.5144015,255.67497266505868,186.06678650368787,-3.0,133.0,68.4189,-2073.3000000000175,-55759.999999999534,136.0,-20.0,1.6312,1631.2,0.62,123718.635,1.004879761,1011.344,1143.6277952,109.21464726043762,-218.42929452087523,-7.0,-156.0,161.4888,-11418.400000000049,-25330.000000002372,-149.0,9897490.799999999,9897490.799999999
2017-01-11,7.4253566147448575,0.69285,692.8499999999999,1.15,123173.86875000001,0.7965732860108475,796.7774999999998,516.7102087499999,239.43524417544234,177.7892074141171,-6.0,127.0,68.59214999999999,-4157.100000000042,23274.99999999962,133.0,-20.0,1.6348,1634.8,0.6,123173.86875000001,0.978354401,980.8799999999999,1109.1791039999998,111.54071921643416,-223.0814384328683,-4.0,-160.0,161.84519999999998,-6539.200000000051,-56159.99999999769,-156.0,9853909.5,9853909.5
2017-01-12,7.77287671007817,0.6988,698.8,1.27,123023.68875,0.8876954244856439,887.476,575.528186,214.01882956606406,166.35419758522485,-8.0,119.0,69.18119999999999,-5590.400000000045,75564.99999999985,127.0,-20.0,1.6388999999999998,1638.8999999999999,0.56,123023.68875,0.910149621,917.784,1037.8301472,118.68403426352116,-237.3680685270423,-10.0,-170.0,162.25109999999998,-16389.000000000065,-65599.99999999945,-160.0,9841895.1,9841895.1
2017-01-13,7.852872328588133,0.6988,698.8,1.38,123769.54624999997,0.9648293458704054,964.3439999999998,625.3770839999999,196.71921453073267,154.48108762899832,-8.0,111.0,69.18119999999999,-5590.400000000045,0.0,119.0,-20.0,1.6341,1634.1000000000001,0.53,123769.54624999997,0.872885445,866.0730000000001,979.3553484000001,125.61700811762267,-251.23401623524532,-10.0,-180.0,161.7759,-16340.999999999894,81599.99999999825,-170.0,9901563.699999997,9901563.699999997
2017-01-16,8.074123288872375,0.6993,699.3000000000001,1.46,122857.66749999997,1.0242032675789208,1020.9780000000001,662.104233,186.9336277902938,150.93251576150115,-3.0,108.0,69.23070000000001,-2097.8999999999814,5550.000000001262,111.0,-20.0,1.6358000000000001,1635.8000000000002,0.46,122857.66749999997,0.754192062,752.4680000000001,850.8908144000001,145.45878760869599,-290.91757521739197,-28.0,-208.0,161.94420000000002,-45802.399999999696,-30600.000000002867,-180.0,9828613.399999997,9828613.399999997
2017-01-17,8.460103138088536,0.7004,700.4,1.55,121787.88249999998,1.0882852337443436,1085.62,704.0245699999999,174.50764182846626,147.63526482534377,-2.0,106.0,69.3396,-1400.8000000000038,11879.999999999938,108.0,-20.0,1.639,1639.0,0.42,121787.88249999998,0.688355044,688.38,778.420104,157.82951502496132,-315.65903004992265,-18.0,-226.0,162.261,-29502.000000000182,-66559.99999999857,-208.0,9743030.599999998,9743030.599999998
2017-01-18,8.856422510076197,0.69595,695.9499999999999,1.61,122349.98250000003,1.118435365433618,1120.4795,726.6309557499999,167.60624019148113,148.43916784610713,0.0,106.0,69.595,0.0,-47170.000000000786,106.0,-20.0,1.6341999999999999,1634.1999999999998,0.4,122349.98250000003,0.661785967,653.68,739.181344,164.76049279187433,-329.52098558374865,-10.0,-236.0,161.7858,-16341.999999999927,108480.0000000041,-226.0,9787998.600000001,9787998.600000001
2017-01-19,8.998387510647326,0.6931999999999999,693.1999999999999,1.61,122213.44749999997,1.1180218766431145,1116.052,723.7597219999999,169.0477913884244,152.11575347321127,3.0,109.0,70.0132,-2079.6000000000136,-29150.000000000604,106.0,-20.0,1.6303,1630.3000000000002,0.34,122213.44749999997,0.548840292,554.3020000000001,626.8047016000002,195.196338169905,-390.39267633981,-44.0,-280.0,161.3997,-71733.20000000024,92039.99999999678,-236.0,9777075.799999997,9777075.799999997
2017-01-20,9.378887786244595,0.6984,698.4,1.62,125303.18125000001,1.128697885464725,1131.4080000000001,733.7180880000001,166.56730902346237,156.22161001877805,3.0,112.0,70.53840000000001,-2095.20000000002,56680.00000000111,109.0,-20.0,1.6229,1622.9,0.33,125303.18125000001,0.539440142,535.557,605.6078556,201.8029428943226,-403.6058857886452,-9.0,-289.0,160.66709999999998,-14606.10000000014,207200.00000000256,-280.0,10024254.5,10024254.5
2017-01-23,9.476389722186394,0.7033499999999999,703.3499999999999,1.64,122821.74999999999,1.156741183952782,1153.4939999999997,748.0408589999997,167.50847195366913,158.73755620008978,2.0,114.0,71.03835,-1406.7000000000007,55439.999999998916,112.0,-20.0,1.6313,1631.3,0.33,122821.74999999999,0.539948454,538.3290000000001,608.7424332,205.83940664578597,-411.6788132915719,-6.0,-295.0,161.49869999999999,-9787.800000000061,-242760.000000001,-289.0,9825739.999999998,9825739.999999998
2017-01-24,9.587223176852689,0.70635,706.35,1.67,124293.47750000002,1.17904700216704,1179.6045,764.9735182499999,160.55686513302385,153.92944986061374,-4.0,110.0,69.92865,-2825.400000000002,34200.000000001295,114.0,-20.0,1.6276,1627.6,0.34,124293.47750000002,0.551983393,553.384,625.7666272,196.27404955992512,-392.54809911985024,14.0,-281.0,164.3876,-22786.400000000016,109150.00000000134,-295.0,9943478.200000001,9943478.200000001
2017-01-25,9.975170443218358,0.71155,711.5500000000001,1.73,127743.723125,1.2341036558243448,1230.9815,798.2915027500001,155.69936178930473,155.31276717486344,1.0,111.0,71.86655,-711.5500000000026,57199.99999999956,110.0,-20.0,1.6176,1617.6,0.4,127743.723125,0.647763589,647.04,731.672832,169.87575875989342,-339.75151751978683,38.0,-243.0,163.3776,-61468.80000000039,281000.0,-281.0,10219497.85,10219497.85
2017-01-26,8.984963152097501,0.71255,712.5500000000001,1.74,128199.32374999994,1.2422055989189549,1239.8370000000002,804.0342945000001,158.87845083080595,142.7517026377126,-9.0,102.0,70.54244999999999,-6412.950000000066,11099.999999999369,111.0,-20.0,1.6143,1614.3000000000002,0.47,128199.32374999994,0.757355707,758.721,857.9617068,148.89210335675088,-297.78420671350176,30.0,-213.0,163.04430000000002,-48429.00000000043,80189.99999999613,-243.0,10255945.899999995,10255945.899999995
2017-01-27,9.416010795195966,0.71235,712.35,1.72,126750.46812499997,1.2218961698874091,1225.242,794.5694369999999,161.34439330316195,151.92205490869168,7.0,109.0,71.94735,-4986.450000000005,-2039.9999999995941,102.0,-20.0,1.6185,1618.5,0.5,126750.46812499997,0.812758062,809.25,915.0999,140.09325511892192,-280.18651023784383,12.0,-201.0,163.4685,-19422.00000000014,-89459.99999999734,-213.0,10140037.449999997,10140037.449999997
2017-01-30,9.30135722332886,0.70695,706.9499999999999,1.68,125230.28499999997,1.1875269470565546,1187.676,770.2078859999999,164.56656758380683,153.0692432114079,1.0,110.0,71.40195,-706.9500000000062,-58860.000000000684,109.0,-20.0,1.6207,1620.7,0.52,125230.28499999997,0.842975484,842.764,952.9975312,133.00188507875535,-266.0037701575107,11.0,-190.0,163.6907,-17827.699999999993,-44219.999999999774,-201.0,10018422.799999997,10018422.799999997
2017-01-31,9.535039696143434,0.70645,706.45,1.63,124943.17999999996,1.1506694790361869,1151.5135,746.75650475,167.69895434914855,159.9016186720877,4.0,114.0,71.35145,-2825.800000000015,-5499.999999999687,110.0,-20.0,1.6213,1621.3,0.52,124943.17999999996,0.846005319,843.076,953.3503408,131.35809538276715,-262.7161907655343,2.0,-188.0,163.7513,-3242.5999999999817,-11400.000000000433,-190.0,9995454.399999997,9995454.399999997
2017-02-01,9.80167339069516,0.7134,713.4000000000001,1.6,126978.47624999993,1.140265210372284,1141.4400000000003,740.2238400000001,168.7910781149658,165.44350189462085,4.0,118.0,72.05340000000001,-2853.6000000000286,79230.00000000084,114.0,-20.0,1.6161,1616.1000000000001,0.54,126978.47624999993,0.875672503,872.6940000000002,986.8423752000002,126.60905443453228,-253.21810886906457,7.0,-181.0,163.2261,-11312.69999999992,97759.99999999658,-188.0,10158278.099999994,10158278.099999994
2017-02-02,9.873951848447074,0.7083,708.3000000000001,1.57,124189.75249999994,1.1144397695637491,1112.0310000000002,721.1521035000001,176.07724588714302,173.8578247496826,6.0,124.0,71.53829999999999,-4249.799999999965,-60180.000000000604,118.0,-20.0,1.6237000000000001,1623.7,0.51,124189.75249999994,0.82122226,828.087,936.4007796,135.60270240723318,-271.20540481446636,-13.0,-194.0,160.7463,-21108.100000000177,-137559.99999999834,-181.0,9935180.199999996,9935180.199999996
2017-02-03,9.935818970784494,0.6936,693.6,1.53,121423.08249999993,1.0610313378903002,1061.208,688.193388,180.45763685831858,179.2994411719821,4.0,128.0,70.0536,-2774.400000000014,-182279.99999999985,124.0,-20.0,1.6249000000000002,1624.9000000000003,0.48,121423.08249999993,0.785932143,779.9520000000001,881.9697216000002,140.80954193609352,-281.61908387218705,-8.0,-202.0,160.8651,-12999.199999999973,-23280.00000000088,-194.0,9713846.599999994,9713846.599999994
2017-02-06,8.89805719693794,0.6889000000000001,688.9000000000001,1.5,118546.85124999995,1.0314777829172743,1033.3500000000001,670.127475,181.1940071551311,161.22746394087386,-13.0,115.0,68.2011,-8955.70000000005,-60159.999999999854,128.0,-20.0,1.6319,1631.8999999999999,0.44,118546.85124999995,0.716438413,718.036,811.9551088,149.54408339083284,-299.0881667816657,-12.0,-214.0,161.5581,-19582.80000000002,-141399.9999999977,-202.0,9483748.099999996,9483748.099999996
2017-02-07,9.36487105180705,0.69505,695.05,1.32,118655.47687499996,0.9187111442950416,917.466,594.9767009999999,199.24620754183107,186.59150411908334,19.0,134.0,70.20004999999999,-13205.949999999903,70724.99999999942,115.0,-20.0,1.6338,1633.8,0.44,118655.47687499996,0.721030975,718.872,812.9004576,145.83194060438422,-291.66388120876843,5.0,-209.0,165.0138,-8169.00000000004,-40659.99999999951,-214.0,9492438.149999997,9492438.149999997
2017-02-08,8.52109251882443,0.6933499999999999,693.3499999999999,1.28,115819.50687499995,0.8854618380550859,887.4879999999999,575.5359679999999,206.1651807572172,175.675257939241,-8.0,126.0,68.64165,-5546.799999999962,-22780.00000000023,134.0,-20.0,1.6422,1642.2,0.47,115819.50687499995,0.770075105,771.834,872.7898872,135.94964677656725,-271.8992935531345,14.0,-195.0,165.8622,-22990.800000000036,-175560.0000000007,-209.0,9265560.549999995,9265560.549999995
2017-02-09,8.743935622856483,0.69475,694.75,1.11,115583.75499999996,0.768075951095893,771.1725,500.10536625,231.5902101660361,202.50098885756228,19.0,145.0,70.16975,-13200.249999999982,17640.000000000073,126.0,-20.0,1.6422999999999999,1642.3,0.49,115583.75499999996,0.80645996,804.727,909.9852916,127.27624055478739,-254.55248110957479,13.0,-182.0,165.8723,-21349.900000000078,-1949.9999999982265,-195.0,9246700.399999997,9246700.399999997
2017-02-10,8.794434063774196,0.6920999999999999,692.0999999999999,1.09,115653.41624999995,0.7577213647851413,754.389,489.22126649999996,236.26069207275552,207.7779078295507,4.0,149.0,69.90209999999999,-2768.3999999999855,-38425.00000000008,145.0,-20.0,1.6391,1639.1,0.51,115653.41624999995,0.831093657,835.9409999999999,945.2820827999999,122.27435291868834,-244.54870583737664,7.0,-175.0,165.5491,-11473.700000000093,58239.999999998756,-182.0,9252273.299999995,9252273.299999995
2017-02-13,8.807088836969825,0.6970000000000001,697.0000000000001,1.08,116832.75624999998,0.7536960041368495,752.7600000000002,488.1648600000001,236.91466905258181,208.6528537127394,0.0,149.0,69.7,0.0,73010.00000000135,149.0,-20.0,1.6376,1637.6,0.52,116832.75624999998,0.846974419,851.552,962.9350016000001,120.10511203542478,-240.21022407084956,3.0,-172.0,165.39759999999998,-4912.799999999976,26250.000000000993,-175.0,9346620.499999998,9346620.499999998
2017-02-14,8.887652884181334,0.6996,699.6,1.04,117928.44624999998,0.7297643455151624,727.5840000000001,471.838224,247.61189388081448,220.06885628074232,9.0,158.0,70.6596,-6296.400000000034,38739.99999999865,149.0,-20.0,1.6341999999999999,1634.1999999999998,0.52,117928.44624999998,0.851208357,849.7839999999999,960.9357471999999,121.58227705695242,-243.16455411390484,-2.0,-174.0,161.7858,-3268.3999999999855,58480.00000000059,-172.0,9434275.699999997,9434275.699999997
2017-02-15,8.89522223417708,0.6907,690.6999999999999,1.07,116382.23749999992,0.7403840782448731,739.049,479.27327649999995,246.05679480232817,218.87298719960168,-1.0,157.0,68.37929999999999,-690.7000000000068,-140620.0000000001,158.0,-20.0,1.6330000000000002,1633.0000000000002,0.52,116382.23749999992,0.847630619,849.1600000000002,960.2301280000003,122.81269126144305,-245.6253825228861,-2.0,-176.0,161.667,-3266.0000000000196,20879.999999995845,-174.0,9310578.999999993,9310578.999999993
2017-02-16,8.776240068823622,0.69025,690.25,1.11,114958.20374999994,0.7675528211911693,766.1775000000001,496.8661087500001,234.23259395330996,205.56814764775328,-10.0,147.0,68.33475,-6902.50000000006,-7064.999999998036,157.0,-20.0,1.6384,1638.4,0.52,114958.20374999994,0.845453133,851.9680000000001,963.4054144000002,120.80297220716959,-241.60594441433918,3.0,-173.0,165.4784,-4915.19999999997,-95039.9999999986,-176.0,9196656.299999995,9196656.299999995
2017-02-17,9.0220685249513,0.69025,690.25,1.15,113471.46062499993,0.7922558509209864,793.7874999999999,514.77119375,223.31903017446177,201.4799593159661,-3.0,144.0,68.33475,-2070.750000000018,0.0,147.0,-20.0,1.6443,1644.3000000000002,0.54,113471.46062499993,0.890519511,887.9220000000001,1004.0621976000002,114.49311011288283,-228.98622022576563,9.0,-164.0,166.07430000000002,-14798.700000000139,-102070.0000000006,-173.0,9077716.849999994,9077716.849999994
2017-02-20,9.276261034567025,0.68845,688.45,1.2,112587.8462499999,0.8239754749496823,826.14,535.7517899999999,211.79856557268798,196.46987809991145,-3.0,141.0,68.15655,-2065.3500000000095,-25920.000000000982,144.0,-20.0,1.6458000000000002,1645.8000000000002,0.57,112587.8462499999,0.937918795,938.106,1060.8102648,106.96678227033682,-213.93356454067367,11.0,-153.0,166.22580000000002,-18103.80000000009,-24600.00000000093,-164.0,9007027.699999992,9007027.699999992
2017-02-21,9.712908627433334,0.68585,685.8499999999999,1.26,112322.84062499991,0.8663824694201627,864.1709999999999,560.4148935,200.90088175003135,195.13319076088436,-1.0,140.0,67.89914999999999,-685.8500000000021,-36660.00000000072,141.0,-20.0,1.6441,1644.1,0.59,112322.84062499991,0.962182762,970.0189999999999,1096.8974852,102.64208621963564,-205.2841724392713,6.0,-147.0,166.0541,-9864.600000000053,26010.000000002434,-153.0,8985827.249999993,8985827.249999993
2017-02-22,9.717975613444946,0.6801,680.1,1.39,109934.0868749999,0.9423577257701048,945.3389999999999,613.0523414999999,183.2190059827052,178.05178320595527,-13.0,127.0,67.32990000000001,-8841.299999999947,-80499.99999999841,140.0,-20.0,1.6499000000000001,1649.9,0.63,109934.0868749999,1.033838801,1039.4370000000001,1175.3953596000001,95.5617526542087,-191.1235053084174,10.0,-137.0,166.6399,-16499.000000000022,-85260.00000000183,-147.0,8794726.949999992,8794726.949999992
2017-02-23,9.893551026869428,0.6809000000000001,680.9000000000001,1.47,108577.80812499994,0.9994508908989096,1000.9230000000001,649.0985655000001,169.36424253274657,167.56137756248177,-7.0,120.0,67.40910000000001,-4766.299999999958,10159.999999999784,127.0,-20.0,1.6563999999999999,1656.3999999999999,0.69,108577.80812499994,1.147469244,1142.9159999999997,1292.4094127999997,85.0613480420482,-170.1226960840964,15.0,-122.0,167.29639999999998,-24845.99999999986,-89049.99999999689,-137.0,8686224.649999995,8686224.649999995
2017-02-24,9.954266204627968,0.6729,672.9000000000001,1.66,106087.5681249999,1.114642132398854,1117.0140000000001,724.383579,149.88993576426714,149.20443219921015,-13.0,107.0,66.61710000000001,-8747.69999999998,-95999.99999999967,120.0,-20.0,1.6621000000000001,1662.1000000000001,0.77,106087.5681249999,1.272212901,1279.8170000000002,1447.2170636000003,75.02524041204231,-150.05048082408462,15.0,-107.0,167.87210000000002,-24931.500000000142,-69540.00000000263,-122.0,8487005.449999992,8487005.449999992
2017-02-27,9.629652444809512,0.6738500000000001,673.85,1.77,106079.82812499988,1.1935617216209276,1192.7145,773.47535325,137.15701176416238,132.07743536575333,-12.0,95.0,66.71115,-8086.200000000019,10164.999999999878,107.0,-20.0,1.6608,1660.8,0.83,106079.82812499988,1.378103407,1378.464,1558.7670911999999,68.05863988527597,-136.11727977055193,10.0,-97.0,167.7408,-16607.99999999995,13909.999999999513,-107.0,8486386.24999999,8486386.24999999
2017-02-28,9.682027408447114,0.67375,673.75,1.85,105966.85937499988,1.2460986785371768,1246.4375,808.31471875,131.2357992058398,127.06286048804031,-4.0,91.0,66.70125,-2694.999999999993,-950.000000000486,95.0,-20.0,1.6605,1660.5,0.88,105966.85937499988,1.457088993,1461.24,1652.370192,64.19858494094638,-128.39716988189275,5.0,-92.0,167.71050000000002,-8302.500000000065,2910.00000000011,-97.0,8477348.74999999,8477348.74999999
2017-03-01,9.95471439047876,0.6754000000000001,675.4000000000001,1.84,107355.3706249999,1.2451070904352588,1242.7360000000003,805.9142960000001,131.4865115322385,130.8910668503826,3.0,94.0,68.2154,-2026.1999999999887,15015.00000000057,91.0,-20.0,1.6493000000000002,1649.3000000000002,0.86,107355.3706249999,1.422931013,1418.3980000000001,1603.9244584000003,66.06723827923133,-132.13447655846267,-3.0,-95.0,163.2807,-4947.900000000032,103040.00000000042,-92.0,8588429.649999991,8588429.649999991
2017-03-02,10.427716677206444,0.67305,673.0500000000001,1.83,107285.3093749999,1.2328861801962443,1231.6815000000001,798.74545275,134.40498503670497,140.1537103966931,6.0,100.0,67.97805000000001,-4038.300000000021,-22089.999999999945,94.0,-20.0,1.6461000000000001,1646.1000000000001,0.82,107285.3093749999,1.343974206,1349.8020000000001,1526.3561016,70.33441967602764,-140.66883935205527,-6.0,-101.0,162.96390000000002,-9876.59999999994,30399.999999999352,-95.0,8582824.74999999,8582824.74999999
2017-03-03,10.883046034223248,0.67715,677.15,1.74,112524.8474999999,1.1798295074510885,1178.241,764.0892885,140.4093879991617,152.80818332319902,9.0,109.0,68.39215,-6094.349999999978,40999.99999999966,100.0,-20.0,1.6071000000000002,1607.1000000000001,0.89,112524.8474999999,1.433094786,1430.3190000000002,1617.4047252000003,66.33176452587247,-132.66352905174494,6.0,-95.0,162.3171,-9642.600000000017,393900.0000000005,-101.0,9001987.799999991,9001987.799999991
2017-03-06,10.977569164605187,0.6722,672.2,1.74,111561.20499999991,1.1725912189046683,1169.6280000000002,758.5037580000001,148.35107448472246,162.85341807995366,8.0,117.0,67.8922,-5377.6000000000295,-53955.000000000495,109.0,-20.0,1.6088,1608.8,0.94,111561.20499999991,1.512663545,1512.272,1710.0771776,65.80103458132947,-131.60206916265895,1.0,-94.0,162.4888,-1608.8000000000022,-16149.999999998812,-95.0,8924896.399999993,8924896.399999993
2017-03-07,10.97383461825342,0.65865,658.65,1.9,108931.2693749999,1.2512443806010685,1251.435,811.5555975,137.46588076487257,150.85278411662554,-9.0,108.0,65.20635,-5927.849999999949,-158535.00000000047,117.0,-20.0,1.6130000000000002,1613.0000000000002,0.97,108931.2693749999,1.559563721,1564.6100000000001,1769.2609880000002,63.05525626612635,-126.11051253225268,4.0,-90.0,162.913,-6451.999999999998,-39480.0000000015,-94.0,8714501.549999991,8714501.549999991
2017-03-08,10.209903916394287,0.66155,661.55,1.83,110044.50874999992,1.2138749249074938,1210.6365,785.09777025,138.7486673670118,141.6610562344942,-7.0,101.0,65.49345,-4630.850000000038,31320.000000000677,108.0,-20.0,1.605,1605.0,1.02,110044.50874999992,1.637802186,1637.1000000000001,1851.2326800000003,58.84255963707376,-117.68511927414752,6.0,-84.0,162.105,-9629.999999999938,72000.00000000102,-90.0,8803560.699999994,8803560.699999994
2017-03-09,10.294589459951862,0.66125,661.25,1.8,110389.07874999993,1.1908856298231407,1190.25,771.877125,142.56739212215925,146.76727722736047,4.0,105.0,66.78625,-2644.999999999982,-3030.0000000001146,101.0,-20.0,1.5999,1599.9,1.11,110389.07874999993,1.783292834,1775.8890000000004,2008.1752812000004,54.79825878757057,-109.59651757514114,6.0,-78.0,161.5899,-9599.399999999947,42839.999999999236,-84.0,8831126.299999993,8831126.299999993
2017-03-10,10.376496271630822,0.6608499999999999,660.8499999999999,1.88,108325.61187499993,1.241862277651049,1242.3979999999997,805.6951029999998,137.0109838560108,142.1693963154367,-3.0,102.0,65.42415,-1982.5499999999893,-4200.000000000657,105.0,20.0,1.5900999999999998,1590.1,1.26,108325.61187499993,1.999657304,2003.5259999999998,2265.5872007999997,48.72426835348493,97.44853670696986,148.0,70.0,160.6001,-235334.800000001,76440.00000000143,-78.0,8666048.949999994,8666048.949999994
2017-03-13,10.667189843010144,0.66975,669.75,1.87,109478.57062499993,1.2508634351196588,1252.4325000000001,812.20247625,133.37266881424375,142.27115781104567,0.0,102.0,66.975,0.0,90780.00000000006,102.0,20.0,1.5919,1591.9,1.37,109478.57062499993,2.177819093,2180.9030000000002,2466.1651124000005,43.92471993474135,87.8494398694827,-7.0,63.0,157.5981,-11143.300000000068,12600.000000000477,70.0,8758285.649999995,8758285.649999995
2017-03-14,13.158954686263902,0.67085,670.8499999999999,1.83,109615.56312499994,1.2257344736875373,1227.6554999999998,796.1345917499999,137.51264140445502,180.9522617029681,28.0,130.0,67.75585,-18783.800000000043,11219.999999999942,102.0,20.0,1.5956000000000001,1595.6000000000001,1.44,109615.56312499994,2.305374156,2297.664,2598.1984512000004,42.13633895995755,84.2726779199151,-3.0,60.0,157.9644,-4786.799999999971,23310.000000000287,63.0,8769245.049999995,8769245.049999995
2017-03-15,8.3106848371963,0.6647,664.6999999999999,1.84,108594.85687499997,1.2236095169563357,1223.048,793.146628,138.20340307240133,114.85649263627343,-48.0,82.0,65.8053,-31905.599999999824,-79949.99999999933,130.0,20.0,1.6009,1600.9,1.48,108594.85687499997,2.375401931,2369.332,2679.2406256,40.91292214578606,81.82584429157212,-1.0,59.0,158.4891,-1600.8999999999958,31800.00000000007,60.0,8687588.549999997,8687588.549999997
2017-03-16,7.421667330272153,0.6672,667.2,1.79,108459.95687499997,1.192326052995922,1194.288,774.495768,140.21362202588557,104.06188578486429,-7.0,75.0,66.0528,-4670.399999999958,20500.0,82.0,20.0,1.5972,1597.2,1.53,108459.95687499997,2.450139588,2443.716,2763.3540528,39.29820602067441,78.59641204134881,-3.0,56.0,158.12279999999998,-4791.600000000045,-21830.00000000027,59.0,8676796.549999997,8676796.549999997
2017-03-17,9.481772707251732,0.6735,673.5,1.71,108898.55437499995,1.152398115519488,1151.685,746.8677224999999,145.2197673129461,137.69408262613393,24.0,99.0,68.0235,-16164.000000000102,47249.99999999966,75.0,20.0,1.5982,1598.2,1.57,108898.55437499995,2.511795374,2509.174,2837.3739592,38.22547131065527,76.45094262131055,-1.0,55.0,158.2218,-1598.1999999999914,5599.999999999682,56.0,8711884.349999996,8711884.349999996
2017-03-20,7.714757837141594,0.6738500000000001,673.85,1.59,108793.31687499997,1.0699301768431304,1071.4215000000002,694.8168427500001,156.7298713485309,120.91330033002725,-12.0,87.0,66.71115,-8086.200000000019,3465.000000001069,99.0,20.0,1.5978,1597.8000000000002,1.61,108793.31687499997,2.566085995,2572.4580000000005,2908.9355064000006,37.43587787883585,74.8717557576717,-1.0,54.0,158.1822,-1597.8000000000065,-2199.9999999995625,55.0,8703465.349999998,8703465.349999998
2017-03-21,9.002942918441853,0.6687000000000001,668.7,1.42,107819.17812499998,0.9513785173734082,949.554,615.785769,176.67397064351448,159.05856728780324,27.0,114.0,67.5387,-18054.90000000003,-44805.00000000005,87.0,20.0,1.5956000000000001,1595.6000000000001,1.65,107819.17812499998,2.625223038,2632.7400000000002,2977.1023920000002,36.54335744962848,73.08671489925696,-2.0,52.0,157.9644,-3191.1999999999807,-11879.999999999938,54.0,8625534.249999998,8625534.249999998
2017-03-22,10.299410891894594,0.6750499999999999,675.05,1.32,108917.51312499997,0.8878297509393254,891.066,577.856301,186.58475807638544,192.1713089593442,24.0,138.0,68.18005,-16201.199999999972,72389.99999999897,114.0,20.0,1.6019999999999999,1601.9999999999998,1.66,108917.51312499997,2.652399417,2659.3199999999997,3007.159056,35.854165382398044,71.70833076479609,-1.0,51.0,158.59799999999998,-1602.0000000000039,33279.99999999929,52.0,8713401.049999997,8713401.049999997
2017-03-23,9.53612552766652,0.6698500000000001,669.85,1.22,107875.388125,0.8195460125295083,817.217,529.9652245,205.51822664922796,195.98476075504567,2.0,140.0,67.65485,-1339.6999999999935,-71759.99999999945,138.0,20.0,1.6003,1600.3,1.67,107875.388125,2.666248801,2672.5009999999997,3022.0641308,36.04076829970096,72.08153659940191,1.0,52.0,161.6303,-1600.3000000000043,-8669.999999999362,51.0,8630031.049999999,8630031.049999999
2017-03-24,8.48586209260325,0.66685,666.85,1.11,107448.88125,0.7416823219229733,740.2035000000001,480.02196975000004,224.73010595990536,190.70286872318727,-3.0,137.0,66.01815,-2000.5499999999897,-41999.9999999996,140.0,20.0,1.6022,1602.2,1.65,107448.88125,2.645217823,2643.63,2989.4168040000004,36.08576361136959,72.17152722273919,0.0,52.0,160.22,0.0,9879.999999999882,52.0,8595910.5,8595910.5
2017-03-27,8.862399342275884,0.6668999999999999,666.9,0.99,107300.04625,0.6615961129368043,660.231,428.15980349999995,250.95508819757765,222.40642085829987,22.0,159.0,67.3569,-14671.799999999963,684.999999999377,137.0,20.0,1.6026,1602.6000000000001,1.63,107300.04625,2.605175106,2612.238,2953.9187303999997,36.3750295985462,72.7500591970924,0.0,52.0,160.26,0.0,2079.999999999586,52.0,8584003.7,8584003.7
2017-03-28,9.778805992432927,0.6722499999999999,672.2499999999999,0.87,108236.561875,0.5858623985087673,584.8574999999998,379.2800887499999,282.9045062809141,276.6468281306082,39.0,198.0,67.89725,-26217.750000000207,85064.99999999946,159.0,20.0,1.6059999999999999,1605.9999999999998,1.59,108236.561875,2.553997716,2553.54,2887.543032,37.15963539275144,74.31927078550288,1.0,53.0,162.206,-1605.9999999999945,17680.00000000018,52.0,8658924.95,8658924.95
2017-03-29,9.748019184496073,0.66995,669.95,0.82,107854.01437500003,0.5502301033686988,549.359,356.2593115,303.81398711876193,296.1584574951934,14.0,212.0,67.66495,-9379.300000000001,-45539.99999999798,198.0,20.0,1.6115000000000002,1611.5000000000002,1.52,107854.01437500003,2.455001494,2449.4800000000005,2769.871984000001,39.07637699511819,78.15275399023638,3.0,56.0,162.7615,-4834.50000000002,29150.000000000604,53.0,8628321.150000002,8628321.150000002
2017-03-30,9.73796424457961,0.6728000000000001,672.8000000000001,0.75,108580.16437500001,0.505633431107104,504.6,327.2331,329.59384113343066,320.9573040191,18.0,230.0,67.9528,-12110.399999999914,60419.99999999928,212.0,20.0,1.6144,1614.4,1.42,108580.16437500001,2.2943174,2292.448,2592.3001983999998,41.605526413016854,83.21105282603371,4.0,60.0,163.0544,-6457.599999999957,16239.999999999554,56.0,8686413.15,8686413.15
2017-03-31,10.1501633428243,0.6701,670.1,0.75,107547.15687500002,0.5013606486218082,502.57500000000005,325.9198875,333.14985841420923,338.15254805430123,12.0,242.0,67.68010000000001,-8041.200000000061,-62099.99999999908,230.0,20.0,1.6141999999999999,1614.1999999999998,1.27,107547.15687500002,2.052317795,2050.0339999999997,2318.1784471999995,46.83857038967299,93.67714077934598,7.0,67.0,163.0342,-11299.400000000076,-1200.000000000614,60.0,8603772.55,8603772.55
2017-04-03,10.816194469656832,0.6804000000000001,680.4000000000001,0.79,111016.16562500002,0.5401124111267364,537.5160000000001,348.57912600000003,308.53011225634896,333.7121693909723,-3.0,239.0,67.3596,-2041.2000000000176,249260.00000000026,242.0,20.0,1.6209,1620.9,1.1,111016.16562500002,1.785396968,1782.9900000000002,2016.2050920000004,53.34137747282308,106.68275494564617,9.0,76.0,163.7109,-14588.100000000053,44890.00000000107,67.0,8881293.250000002,8881293.250000002
2017-04-04,9.8883882789111,0.6759999999999999,675.9999999999999,0.81,109581.556875,0.5486678564059797,547.56,355.09265999999997,312.63998986912327,309.15056113407235,-18.0,221.0,66.92399999999999,-12168.000000000035,-105160.00000000285,239.0,20.0,1.6253,1625.3,0.91,109581.556875,1.476397304,1479.023,1672.4792083999998,66.37820372739053,132.75640745478105,19.0,95.0,164.1553,-30880.70000000019,33439.999999999825,76.0,8766524.549999999,8766524.549999999
2017-04-05,9.31760786366144,0.67415,674.15,0.81,108464.91625000004,0.5440463368621599,546.0615,354.12088275,309.44675169682574,288.33034869948324,-15.0,206.0,66.74085000000001,-10112.24999999996,-40884.99999999736,221.0,20.0,1.624,1624.0,0.77,108464.91625000004,1.249634213,1250.48,1414.042784,77.49522016937784,154.9904403387557,16.0,111.0,164.024,-25983.999999999924,-12349.999999999567,95.0,8677193.300000003,8677193.300000003
2017-04-06,9.767550114358256,0.6698000000000001,669.8000000000001,0.81,106780.32,0.5400792380010608,542.5380000000001,351.83589300000006,308.28269203904114,301.1166643880607,10.0,216.0,67.6498,-6697.999999999951,-89610.00000000047,206.0,20.0,1.6239,1623.8999999999999,0.63,106780.32,1.015930936,1023.0569999999999,1156.8728555999999,93.75698956454973,187.51397912909945,23.0,134.0,164.01389999999998,-37349.699999999815,-1110.0000000021453,111.0,8542425.6,8542425.6
2017-04-07,9.837786671837176,0.66845,668.45,0.78,106891.91125,0.5181419528660274,521.3910000000001,338.1220635,315.8040587315888,310.6812959901709,6.0,222.0,67.51345,-4010.7000000000426,-29160.000000001106,216.0,20.0,1.6285,1628.5,0.68,106891.91125,1.111781303,1107.38,1252.225304,85.27245030020572,170.54490060041144,-12.0,122.0,161.2215,-19542.00000000003,61640.00000000107,134.0,8551352.9,8551352.9
2017-04-10,10.323635682724795,0.6658499999999999,665.8499999999999,0.78,106071.97312500002,0.5195290335035805,519.3629999999999,336.80690549999997,317.3685263112873,327.6397042800989,13.0,235.0,67.25085,-8656.05000000008,-57720.000000001135,222.0,20.0,1.6299000000000001,1629.9,0.74,106071.97312500002,1.203930646,1206.126,1363.8872808,78.37298049095494,156.7459609819099,-10.0,112.0,161.36010000000002,-16298.999999999922,17080.000000001804,122.0,8485757.850000001,8485757.850000001
2017-04-11,11.46628207458617,0.667,667.0,0.71,106146.03812500004,0.4739174506034604,473.57,307.110145,345.38739553849655,396.0309302251066,49.0,284.0,67.367,-32683.000000000076,27025.00000000214,235.0,20.0,1.6321,1632.1000000000001,0.79,106146.03812500004,1.296437426,1289.3590000000002,1458.0071572000002,72.75133911461982,145.50267822923965,-8.0,104.0,161.5779,-13056.800000000067,24639.999999999873,112.0,8491683.050000003,8491683.050000003
2017-04-12,11.529906198683117,0.6716500000000001,671.6500000000001,0.66,107529.63625000004,0.4454835387753399,443.2890000000001,287.47291650000005,369.2383944106262,425.72840525068807,21.0,305.0,67.83665,-14104.649999999992,132060.00000000096,284.0,20.0,1.6325,1632.5,0.85,107529.63625000004,1.380338123,1387.625,1569.12635,67.6465844353452,135.2931688706904,-7.0,97.0,161.6175,-11427.499999999953,4159.999999999172,104.0,8602370.900000002,8602370.900000002
2017-04-13,11.05374931185919,0.6806,680.6,0.67,110756.38375000002,0.4567431809231164,456.00200000000007,295.71729700000003,363.62308644394255,401.9398441555845,-17.0,288.0,67.3794,-11570.199999999972,272974.9999999988,305.0,20.0,1.6325,1632.5,0.88,110756.38375000002,1.438623416,1436.6,1624.50728,66.1921541219563,132.3843082439126,-2.0,95.0,161.6175,-3264.9999999999864,0.0,97.0,8860510.700000001,8860510.700000001
2017-04-14,10.336955752405718,0.6722499999999999,672.2499999999999,0.61,107521.1025,0.4088940367867287,410.07249999999993,265.93201624999995,416.4838266253699,430.5174887419063,20.0,308.0,67.89725,-13445.000000000107,-240480.0000000023,288.0,20.0,1.6325,1632.5,0.88,107521.1025,1.434294252,1436.6,1624.50728,68.17844715968279,136.35689431936558,3.0,98.0,164.8825,-4897.49999999998,0.0,95.0,8601688.2,8601688.2
2017-04-17,10.301675841751807,0.6718000000000001,671.8000000000001,0.61,107557.80000000003,0.4080492208705665,409.79800000000006,265.754003,404.5888351115448,416.7943028511107,-10.0,298.0,66.5082,-6718.000000000046,-13859.999999996147,308.0,20.0,1.6354,1635.3999999999999,0.88,107557.80000000003,1.437828223,1439.1519999999998,1627.3930815999997,66.06953397779519,132.13906795559038,-3.0,95.0,161.9046,-4906.200000000013,28419.99999999922,98.0,8604624.000000002,8604624.000000002
2017-04-18,11.030928232381015,0.6744,674.4,0.61,108483.03000000001,0.4128566135109579,411.38399999999996,266.78252399999997,403.1665882282456,444.7301700439686,20.0,318.0,68.1144,-13488.000000000113,77479.9999999973,298.0,20.0,1.6368,1636.8,0.89,108483.03000000001,1.451327898,1456.752,1647.2951616,65.29358096063993,130.58716192127986,-2.0,93.0,162.0432,-3273.5999999999876,13300.000000001404,95.0,8678642.4,8678642.4
2017-04-19,11.033234951965984,0.67315,673.15,0.58,107277.18000000001,0.3899999999825487,390.42699999999996,253.19190949999995,428.46167641861416,472.7318343839793,20.0,338.0,67.98815,-13463.000000000136,-39750.0,318.0,20.0,1.6325,1632.5,0.89,107277.18000000001,1.452959967,1452.925,1642.96759,66.02870967162536,132.05741934325073,2.0,95.0,164.8825,-3264.9999999999864,-39990.00000000063,93.0,8582174.4,8582174.4
2017-04-20,11.092758667261537,0.6758,675.8,0.57,107725.15250000003,0.3865669411452205,385.20599999999996,249.80609099999995,429.44181052815094,476.36943658206326,3.0,341.0,68.2558,-2027.399999999986,89570.00000000019,338.0,20.0,1.6274000000000002,1627.4,0.86,107725.15250000003,1.404913995,1399.564,1582.6269712,67.78424856405607,135.56849712811214,2.0,97.0,164.3674,-3254.799999999989,-48449.999999999134,95.0,8618012.200000001,8618012.200000001
2017-04-21,11.309935788576713,0.67,670.0,0.58,105129.65750000003,0.3874110650455305,388.59999999999997,252.00709999999995,427.4687201273299,483.46437762651715,5.0,346.0,67.67,-3350.0000000000086,-197779.99999999942,341.0,20.0,1.6274000000000002,1627.4,0.83,105129.65750000003,1.350658852,1350.742,1527.4190536,70.52756887253749,141.05513774507497,4.0,101.0,164.3674,-6509.599999999978,0.0,97.0,8410372.600000001,8410372.600000001
2017-04-24,11.167281491457503,0.6707,670.6999999999999,0.58,103508.03749999998,0.385937926770249,389.0059999999999,252.27039099999993,416.73403320645764,465.3786255886911,-13.0,333.0,66.3993,-8719.099999999955,24219.99999999764,346.0,20.0,1.6135,1613.5,0.79,103508.03749999998,1.280078383,1274.665,1441.391182,72.93624299416591,145.87248598833182,3.0,104.0,162.96349999999998,-4840.499999999964,-140390.00000000148,101.0,8280642.999999998,8280642.999999998
2017-04-25,11.235982436146047,0.66325,663.25,0.63,99589.68375000003,0.418100865007151,417.8475,270.97410375,381.98497962556684,429.1976521944474,-26.0,307.0,65.66175,-17244.50000000013,-248084.99999999677,333.0,20.0,1.6098,1609.8,0.74,99589.68375000003,1.195272912,1191.252,1347.0677616,76.83951798910007,153.67903597820015,6.0,110.0,162.5898,-9658.800000000043,-38480.00000000047,104.0,7967174.700000001,7967174.700000001
2017-04-26,10.574831326933303,0.6607,660.6999999999999,0.7,98547.38125,0.4641581088232988,462.4899999999999,299.9247649999999,332.0488848261665,351.13609493330137,-56.0,251.0,65.40929999999999,-36999.20000000032,-78285.00000000297,307.0,20.0,1.6127000000000002,1612.7000000000003,0.71,98547.38125,1.143467388,1145.017,1294.7852236,76.91598725007262,153.83197450014524,0.0,110.0,161.27,0.0,31900.000000002252,110.0,7883790.5,7883790.5
2017-04-27,11.493048464058498,0.66445,664.4499999999999,0.73,100521.29437499998,0.4818908071196543,485.04849999999993,314.55395224999995,313.29245919528904,360.06854169555265,7.0,258.0,67.10945,-4651.150000000015,94125.0,251.0,20.0,1.6200999999999999,1620.1,0.65,100521.29437499998,1.058430757,1053.065,1190.805902,82.75688009648444,165.51376019296887,8.0,118.0,163.6301,-12960.800000000063,81399.99999999788,110.0,8041703.549999998,8041703.549999998
2017-04-28,11.378676779357782,0.6628499999999999,662.8499999999999,0.76,99684.02875,0.5016825855589429,503.76599999999996,326.69225099999994,307.69414966931674,350.11522759864926,-7.0,251.0,65.62214999999999,-4639.950000000042,-41279.99999999912,258.0,20.0,1.6200999999999999,1620.1,0.6,99684.02875,0.976690842,972.06,1099.205448,91.44905036442286,182.89810072884572,13.0,131.0,163.6301,-21061.3000000001,0.0,118.0,7974722.299999999,7974722.299999999
2017-05-01,12.147348645084852,0.66435,664.35,0.77,99472.53750000003,0.5120255527345393,511.5495,331.73985075,300.4885560918701,365.0139254706082,10.0,261.0,67.09935,-6643.499999999989,37650.000000001426,251.0,20.0,1.6178000000000001,1617.8000000000002,0.55,99472.53750000003,0.890082955,889.7900000000002,1006.1745320000002,99.0723036408558,198.1446072817116,11.0,142.0,163.3978,-17795.799999999872,-30129.99999999866,131.0,7957803.000000002,7957803.000000002
2017-05-02,12.45231811919548,0.6674500000000001,667.45,0.77,100060.12312500003,0.5142160700066845,513.9365,333.28782025,298.458363781147,371.64984911374125,5.0,266.0,67.41245,-3337.250000000012,80910.0000000006,261.0,20.0,1.6169,1616.9,0.51,100060.12312500003,0.826390142,824.619,932.4791652,106.67534590830773,213.35069181661547,11.0,153.0,163.3069,-17785.90000000017,-12780.000000000484,142.0,8004809.8500000015,8004809.8500000015
2017-05-03,10.612795301411404,0.66975,669.75,0.77,100356.89124999999,0.5142909358068833,515.7075,334.43631374999995,299.19036603123675,317.5246110843867,-39.0,227.0,66.30524999999999,-26120.2500000003,61179.99999999728,266.0,20.0,1.6169,1616.9,0.49,100356.89124999999,0.79979164,792.2810000000001,895.9113548000001,111.68529407391769,223.37058814783535,7.0,160.0,163.3069,-11318.300000000107,0.0,153.0,8028551.299999998,8028551.299999998
2017-05-04,11.345234750394903,0.67065,670.65,0.76,98703.70375,0.5117414711744501,509.694,330.536559,303.6181279118356,344.4618935635202,20.0,247.0,67.73564999999999,-13412.999999999898,20430.000000000775,227.0,20.0,1.609,1609.0,0.52,98703.70375,0.83316905,836.6800000000001,946.1177440000001,106.07230641897777,212.14461283795555,-8.0,152.0,159.291,-12872.000000000071,-126399.99999999872,160.0,7896296.3,7896296.3
2017-05-05,11.121147495570307,0.6766,676.6,0.78,99300.24125,0.5273694151033457,527.748,342.244578,288.40107366142115,320.73508780695016,-17.0,230.0,66.98339999999999,-11502.20000000013,146964.9999999997,247.0,20.0,1.6046,1604.6000000000001,0.56,99300.24125,0.898368892,898.5760000000001,1016.1097408000002,97.13882249794095,194.2776449958819,-13.0,139.0,158.8554,-20859.800000000065,-66879.99999999965,152.0,7944019.3,7944019.3
2017-05-08,11.359354652655698,0.67975,679.75,0.77,99917.25875,0.522412911389492,523.4075,339.42976375,292.5501881536162,332.318134093808,8.0,238.0,68.65474999999999,-5437.999999999988,72449.99999999948,230.0,20.0,1.6046,1604.6000000000001,0.61,99917.25875,0.97273549,978.806,1106.8338248,89.71558243437593,179.43116486875186,-11.0,128.0,158.8554,-17650.600000000053,0.0,139.0,7993380.699999999,7993380.699999999
2017-05-09,11.508839831903568,0.6774500000000001,677.4500000000002,0.78,98803.81875,0.5295802583050493,528.4110000000002,342.6745335000001,291.58063696612567,335.5754848927561,2.0,240.0,68.42245000000001,-1354.9000000000149,-54739.99999999756,238.0,20.0,1.6029,1602.9,0.65,98803.81875,1.047753629,1041.885,1178.163558,84.80762969753984,169.61525939507968,-7.0,121.0,158.6871,-11220.300000000037,-21760.000000002037,128.0,7904305.5,7904305.5
2017-05-10,12.004347730383554,0.6781,678.1,0.81,99330.29125000001,0.5465022872655112,549.2610000000001,356.1957585,277.3862865916187,332.98414398856204,-2.0,238.0,67.1319,-1356.2000000000012,15599.999999999454,240.0,20.0,1.6059999999999999,1605.9999999999998,0.68,99330.29125000001,1.092688275,1092.08,1234.924064,80.00801152903925,160.0160230580785,-6.0,115.0,158.994,-9635.999999999967,37510.00000000028,121.0,7946423.3,7946423.3
2017-05-11,12.060102391805644,0.67085,670.8499999999999,0.81,96772.47562499996,0.5462076070382336,543.3884999999999,352.38744224999994,281.87806754909985,339.9478356646452,5.0,243.0,67.75585,-3354.2500000000073,-172550.00000000204,238.0,20.0,1.6041999999999998,1604.1999999999998,0.71,96772.47562499996,1.141248877,1138.9819999999997,1287.9608455999996,77.12213580819436,154.24427161638872,-5.0,110.0,158.8158,-8020.999999999958,-20700.000000000786,115.0,7741798.049999997,7741798.049999997
2017-05-12,11.423298999091582,0.6648999999999999,664.9,0.84,95337.86312499997,0.5568495457959064,558.516,362.19762599999996,267.1814188671683,305.20932347211925,-24.0,219.0,65.82509999999999,-15957.600000000071,-144584.99999999974,243.0,20.0,1.6088,1608.8,0.71,95337.86312499997,1.149990145,1142.2479999999998,1291.6540383999998,74.92135877566268,149.84271755132536,-3.0,107.0,159.2712,-4826.400000000007,50600.00000000087,110.0,7627029.049999998,7627029.049999998
2017-05-15,11.159375042482573,0.6709,670.9000000000001,0.82,96383.36562499999,0.5480973149478997,550.138,356.764493,267.2291245222096,298.21100228176135,-5.0,214.0,66.4191,-3354.500000000016,131400.00000000186,219.0,20.0,1.6051,1605.1,0.72,96383.36562499999,1.163212792,1155.6719999999998,1306.8338975999998,72.95331357725564,145.90662715451128,-3.0,104.0,158.9049,-4815.299999999979,-39590.00000000049,107.0,7710669.249999999,7710669.249999999
2017-05-16,10.421018699333477,0.6667000000000001,666.7,0.82,95089.07437499998,0.5489901334751814,546.694,354.53105899999997,271.8615567754813,283.30743667872,-11.0,203.0,66.0033,-7333.700000000064,-89880.00000000036,214.0,20.0,1.6048,1604.8,0.72,95089.07437499998,1.158195148,1155.456,1306.5896447999999,73.76712804099517,147.53425608199035,2.0,106.0,162.0848,-3209.600000000023,-3120.0000000001182,104.0,7607125.949999998,7607125.949999998
2017-05-17,10.461228827027073,0.6668000000000001,666.8000000000001,0.83,95821.14187500002,0.5542654297835166,553.4440000000001,358.90843400000006,264.93964857621586,277.15942891079317,-5.0,198.0,66.01320000000001,-3333.9999999999745,2030.0000000010386,203.0,20.0,1.6106,1610.6000000000001,0.7,95821.14187500002,1.121400464,1127.42,1274.8865360000002,74.58630371401144,149.17260742802287,1.0,107.0,162.6706,-1610.6000000000051,61480.000000001324,106.0,7665691.350000001,7665691.350000001
2017-05-18,10.755818358985852,0.6620999999999999,662.0999999999999,0.81,95029.31062499998,0.5380057310597542,536.3009999999999,347.79119849999995,275.5134180746096,296.33722802738305,14.0,212.0,66.87209999999999,-9269.399999999934,-93060.00000000259,198.0,20.0,1.6153,1615.3,0.66,95029.31062499998,1.070873942,1066.098,1205.5436184,79.48376185854978,158.96752371709957,7.0,114.0,163.1453,-11307.099999999935,50289.999999999876,107.0,7602344.849999998,7602344.849999998
2017-05-19,10.969104600947302,0.6658499999999999,665.8499999999999,0.81,95606.3375,0.5412179166655698,539.3385,349.76101724999995,271.6978334869021,298.0281955368592,1.0,213.0,67.25085,-665.850000000006,79500.0,212.0,20.0,1.6130000000000002,1613.0000000000002,0.63,95606.3375,1.013879184,1016.1900000000002,1149.1076520000001,82.69835333495801,165.39670666991603,4.0,118.0,162.913,-6451.999999999998,-26219.999999998832,114.0,7648506.999999999,7648506.999999999
2017-05-22,11.052146061204272,0.6658499999999999,665.8499999999999,0.82,94859.03187499999,0.5440870028342564,545.9969999999998,354.07905449999987,270.01410076347804,298.4235280222687,1.0,214.0,67.25085,-665.850000000006,0.0,213.0,20.0,1.6099,1609.9,0.57,94859.03187499999,0.92497081,917.643,1037.6707044,92.13552728683933,184.27105457367867,14.0,132.0,162.59990000000002,-22538.600000000144,-36580.00000000027,118.0,7588722.549999999,7588722.549999999
2017-05-23,11.627803301205086,0.66175,661.75,0.84,93181.07375,0.5537468585191737,555.87,360.481695,263.1452115065093,305.98007590516994,5.0,219.0,66.83675,-3308.749999999989,-87739.99999999927,214.0,20.0,1.6087,1608.7,0.5,93181.07375,0.798855848,804.35,909.55898,104.29123779856474,208.58247559712945,17.0,149.0,162.4787,-27347.89999999998,-15840.0000000006,132.0,7454485.899999999,7454485.899999999
2017-05-24,11.650628534565826,0.6541500000000001,654.1500000000001,0.95,90315.40000000002,0.6185498497722072,621.4425000000001,403.00546125000005,231.21541197228623,269.38048763557106,-26.0,193.0,64.76085,-17007.900000000034,-166439.99999999802,219.0,20.0,1.608,1608.0,0.43,90315.40000000002,0.691509701,691.4399999999999,781.8803519999999,119.17561748629285,238.3512349725857,22.0,171.0,162.40800000000002,-35376.00000000009,-10429.999999998983,149.0,7225232.000000002,7225232.000000002
2017-05-25,11.264516341404104,0.6509,650.9000000000001,1.05,90062.89125,0.6856886441040595,683.4450000000002,443.2140825000001,203.7737598285813,229.5412847538409,-29.0,164.0,64.4391,-18876.100000000206,-62725.000000000546,193.0,20.0,1.6131,1613.1,0.38,90062.89125,0.612828959,612.978,693.1555224,130.2960116184166,260.5920232368332,16.0,187.0,162.9231,-25809.600000000046,87209.99999999844,171.0,7205031.3,7205031.3
2017-05-26,11.9198501543639,0.6509,650.9000000000001,1.16,90581.89624999999,0.754644894406168,755.0440000000001,489.64603400000004,183.93468954350806,219.24739375480604,-7.0,157.0,64.4391,-4556.30000000005,0.0,164.0,20.0,1.6179,1617.8999999999999,0.33,90581.89624999999,0.533491018,533.9069999999999,603.7420355999999,149.17445852597515,298.3489170519503,27.0,214.0,163.40789999999998,-43683.29999999978,89759.9999999981,187.0,7246551.699999998,7246551.699999998
2017-05-29,12.255686289569656,0.6525,652.5,1.22,91817.0475,0.7971028269008508,796.05,516.2384249999999,175.4652344021079,215.04468675580398,-3.0,154.0,64.5975,-1957.5000000000102,25119.999999999465,157.0,20.0,1.6228,1622.8,0.36,91817.0475,0.582065861,584.208,660.6224063999999,137.1159914838759,274.2319829677518,-18.0,196.0,160.6572,-29210.40000000022,104860.00000000195,214.0,7345363.8,7345363.8
2017-05-30,12.818816486304916,0.6516,651.5999999999999,1.3,91514.65750000003,0.8439682063442994,847.0799999999999,549.33138,167.14327788811192,214.25790061671734,-1.0,153.0,64.5084,-651.600000000002,-13860.000000000526,154.0,20.0,1.6233000000000002,1623.3000000000002,0.39,91514.65750000003,0.627957536,633.0870000000001,715.8947796000001,128.25494767722984,256.5098953544597,-12.0,184.0,160.7067,-19479.600000000006,9800.000000002228,196.0,7321172.6000000015,7321172.6000000015
2017-05-31,12.614374476403668,0.6497499999999999,649.7499999999999,1.38,90845.60437499998,0.8947184380127815,896.6549999999997,581.4807674999998,157.3820883078477,198.52765977936224,-11.0,142.0,64.32525,-7147.249999999971,-28305.00000000035,153.0,20.0,1.6232,1623.2,0.41,90845.60437499998,0.667510799,665.512,752.5609695999999,121.60431007821435,243.2086201564287,-10.0,174.0,160.6968,-16231.99999999997,-1840.0000000035561,184.0,7267648.349999998,7267648.349999998
2017-06-01,11.773762125241134,0.6577,657.6999999999999,1.38,91969.649375,0.9055480844880864,907.6259999999999,588.5954609999999,154.3430257186438,181.71980705012865,-12.0,130.0,65.11229999999999,-7892.400000000066,112890.00000000025,142.0,20.0,1.6228,1622.8,0.42,91969.649375,0.682662191,681.5759999999999,770.7261407999999,117.87014811863507,235.74029623727014,-5.0,169.0,160.6572,-8114.000000000061,-6959.999999998616,174.0,7357571.949999999,7357571.949999999
2017-06-02,10.680275701144646,0.66155,661.55,1.37,93175.343125,0.90685114544048,906.3235,587.75078975,156.47728761728985,167.12205727199628,-10.0,120.0,65.49345,-6615.500000000055,50050.00000000066,130.0,20.0,1.6269,1626.9,0.45,93175.343125,0.726697323,732.105,827.864334,111.09265805742514,222.18531611485028,-10.0,159.0,161.0631,-16269.000000000062,69289.99999999942,169.0,7454027.449999999,7454027.449999999
2017-06-05,11.001980966542137,0.662,662.0,1.37,96018.20187500003,0.9080725925387508,906.94,588.15059,158.42089544618156,174.29436764014514,5.0,125.0,66.86200000000001,-3310.000000000031,5400.000000000205,120.0,20.0,1.6449,1644.9,0.59,96018.20187500003,0.968188687,970.491,1097.4312228000001,84.90312758486243,169.80625516972486,-37.0,122.0,162.8451,-60861.30000000026,286200.0000000018,159.0,7681456.150000001,7681456.150000001
2017-06-06,11.577657691541686,0.66765,667.65,1.36,97055.616875,0.9083740969373324,908.004,588.840594,163.063149608534,188.78893282722564,10.0,135.0,67.43265,-6676.499999999947,70624.99999999971,125.0,20.0,1.6493000000000002,1649.3000000000002,0.73,97055.616875,1.200773639,1203.989,1361.4707612,70.52534994609037,141.05069989218075,-21.0,101.0,163.2807,-34635.30000000023,53679.99999999972,122.0,7764449.350000001,7764449.350000001
2017-06-07,10.009734742624843,0.6657500000000001,665.7500000000001,1.35,96442.716875,0.9018149292695188,898.7625000000002,582.8474812500001,166.51975001564784,166.6818527064834,-16.0,119.0,65.90925,-10652.000000000044,-25649.999999999694,135.0,20.0,1.6500000000000001,1650.0000000000002,0.84,96442.716875,1.389512265,1386.0000000000002,1567.2888000000003,61.9258026185091,123.8516052370182,-12.0,89.0,163.35,-19800.00000000007,7069.999999999311,101.0,7715417.35,7715417.35
2017-06-08,9.96472918598144,0.6716500000000001,671.6500000000001,1.35,97084.584375,0.9050534974906472,906.7275000000002,588.01278375,164.01466012345006,163.4361670660969,-2.0,117.0,66.49335,-1343.2999999999993,70210.00000000041,119.0,20.0,1.6497,1649.7,0.93,97084.584375,1.530609029,1534.2210000000002,1734.8971068000003,55.58987705783174,111.17975411566348,-9.0,80.0,163.3203,-14847.299999999961,-2670.000000000101,89.0,7766766.75,7766766.75
2017-06-09,9.18241469740168,0.6741,674.1,1.32,97209.904375,0.8920090619794117,889.8120000000001,577.043082,168.2449498198819,154.48948999896916,-6.0,111.0,66.7359,-4044.599999999974,28664.99999999887,117.0,20.0,1.6487,1648.7,0.98,97209.904375,1.621002776,1615.726,1827.0629608000002,53.13696706570551,106.27393413141104,-4.0,76.0,163.2213,-6594.799999999964,-7999.999999999545,80.0,7776792.35,7776792.35
2017-06-12,9.354281657634647,0.67535,675.35,1.28,94505.28249999997,0.8636261729784465,864.4480000000001,560.5945280000001,173.40501827909384,162.20793818299282,5.0,116.0,68.21034999999999,-3376.7499999999727,13875.0,111.0,-20.0,1.651,1651.0,1.03,94505.28249999997,1.703488773,1700.53,1922.959324,50.55224162141456,-101.10448324282912,-148.0,-72.0,163.44899999999998,-244348.00000000154,17479.99999999922,76.0,7560422.599999998,7560422.599999998
2017-06-13,9.867797708324993,0.6764,676.4,1.27,94694.24749999997,0.8569774890003813,859.028,557.079658,169.64410949645548,167.40137549199576,4.0,120.0,68.3164,-2705.600000000004,12180.000000000462,116.0,-20.0,1.6493000000000002,1649.3000000000002,1.06,94694.24749999997,1.743157862,1748.2580000000003,1976.9301464000002,47.80405755463569,-95.60811510927138,4.0,-68.0,166.57930000000002,-6597.2000000000435,12239.9999999991,-72.0,7575539.799999997,7575539.799999997
2017-06-14,9.28299041756416,0.68205,682.0500000000001,1.3,94956.10062499996,0.8874815490965009,886.6650000000001,575.0022525,164.6850026904894,152.87693018923412,-11.0,109.0,67.52295,-7502.550000000042,67799.99999999972,120.0,-20.0,1.6546,1654.6000000000001,1.09,94956.10062499996,1.809684319,1803.5140000000004,2039.4136312000005,46.43209501560575,-92.8641900312115,2.0,-66.0,167.1146,-3309.1999999999757,-36040.00000000008,-68.0,7596488.049999997,7596488.049999997
2017-06-15,8.135183262474555,0.69065,690.65,1.49,96600.56562499997,1.0284271972223862,1029.0684999999999,667.3509222499998,142.2881087881796,115.75398410627574,-26.0,83.0,68.37434999999999,-17956.900000000132,93739.99999999994,109.0,-20.0,1.6459000000000001,1645.9,1.09,96600.56562499997,1.797932794,1794.0310000000002,2028.6902548000003,46.806603620403976,-93.61320724080795,-1.0,-67.0,162.9441,-1645.9000000000117,57420.0000000003,-66.0,7728045.249999997,7728045.249999997
2017-06-16,7.44338210168305,0.69065,690.65,1.67,96341.86062499997,1.1512873229505525,1153.3854999999999,747.9704967499998,129.1502352629392,96.13145495843166,-14.0,69.0,68.37434999999999,-9669.100000000071,0.0,83.0,-20.0,1.6473,1647.3,1.09,96341.86062499997,1.799502431,1795.557,2030.4158556,47.57673919782011,-95.15347839564022,-1.0,-68.0,163.0827,-1647.3000000000013,-9379.999999999087,-67.0,7707348.849999998,7707348.849999998
2017-06-19,7.653095868678163,0.6895,689.5,1.8,96264.23562499997,1.2420714552660073,1241.1000000000001,804.8533500000001,119.70113639335658,91.60842724080786,-3.0,66.0,68.26050000000001,-2068.499999999986,-7934.999999999647,69.0,-20.0,1.6465,1646.5,1.07,96264.23562499997,1.76395153,1761.755,1992.1925540000002,48.359713237337985,-96.71942647467597,-1.0,-69.0,163.0035,-1646.5000000000032,5439.999999998918,-68.0,7701138.849999997,7701138.849999997
2017-06-20,16.8799125611322,0.6803,680.3000000000001,1.87,94593.34937499998,1.2721557163544326,1272.1610000000003,824.9964085000001,116.68442993591523,196.96229745638058,75.0,141.0,68.7103,-51022.50000000019,-60720.00000000011,66.0,-20.0,1.6492,1649.2,1.04,94593.34937499998,1.71946765,1715.1680000000001,1939.5119744,49.63322572668307,-99.26645145336614,-2.0,-71.0,163.27079999999998,-3298.400000000015,-18629.999999998745,-69.0,7567467.949999997,7567467.949999997
2017-06-21,7.2930562726156625,0.6819,681.9,1.92,94102.88187499996,1.3060759293853856,1309.2479999999998,849.0473279999999,111.41116196410665,81.25278736017275,-83.0,58.0,67.5081,-56597.6999999999,22559.99999999952,141.0,-20.0,1.6497,1649.7,1.03,94102.88187499996,1.693615462,1699.191,1921.4451828,49.23031383968763,-98.46062767937526,1.0,-70.0,166.6197,-1649.6999999999957,-3550.000000000807,-71.0,7528230.549999996,7528230.549999996
2017-06-22,7.736067477451126,0.6774,677.4,1.94,93625.59312499996,1.3145511908327765,1314.156,852.2301659999999,110.41956226060175,85.4213184478631,3.0,61.0,68.4174,-2032.2000000000173,-26100.000000000164,58.0,-20.0,1.6509,1650.9,1.02,93625.59312499996,1.682614236,1683.9180000000001,1904.1744744000002,49.419253928740694,-98.83850785748139,-1.0,-71.0,163.4391,-1650.9000000000071,-8400.000000000318,-70.0,7490047.4499999955,7490047.4499999955
2017-06-23,6.9099518939135685,0.6692,669.2,1.96,92938.90437499997,1.3136419476604717,1311.632,850.593352,110.07092038147032,76.05847647547503,-7.0,54.0,66.2508,-4684.400000000025,-50019.999999999585,61.0,-20.0,1.6507,1650.7,1.0,92938.90437499997,1.645153286,1650.7,1866.61156,50.158048482781254,-100.31609696556251,-1.0,-72.0,163.4193,-1650.7000000000005,1420.0000000007265,-71.0,7435112.349999997,7435112.349999997
2017-06-26,6.446966400381648,0.6697,669.6999999999999,1.96,92814.24187499996,1.3127257583567065,1312.6119999999999,851.2288819999999,109.18203827463644,70.38929322817641,-4.0,50.0,66.3003,-2678.800000000024,2699.9999999998463,54.0,-20.0,1.6514,1651.4,0.95,92814.24187499996,1.572584709,1568.83,1774.032964,52.38848784717394,-104.77697569434788,-3.0,-75.0,163.4886,-4954.199999999986,-5039.999999999509,-72.0,7425139.349999997,7425139.349999997
2017-06-27,7.136023664492941,0.67045,670.45,1.95,93970.67687499995,1.305315255657871,1307.3775,847.83430875,109.47214675924137,78.11958298767907,6.0,56.0,67.71545,-4022.7000000000144,3750.000000000142,50.0,-20.0,1.6375,1637.5,0.88,93970.67687499995,1.447767477,1441.0,1629.4828,56.95932591310566,-113.91865182621132,-7.0,-82.0,162.1125,-11462.49999999992,104249.99999999898,-75.0,7517654.149999996,7517654.149999996
2017-06-28,7.592856276018332,0.66225,662.25,1.93,93450.19562499996,1.2767896916302075,1278.1425,828.87541125,113.37129271730457,86.08119314288975,6.0,62.0,66.88725,-3973.5000000000014,-45920.000000000415,56.0,-20.0,1.6344999999999998,1634.4999999999998,0.79,93450.19562499996,1.297639138,1291.2549999999999,1460.151154,64.35681444182863,-128.71362888365726,-10.0,-92.0,161.8155,-16345.000000000027,24600.00000000093,-82.0,7476015.649999997,7476015.649999997
2017-06-29,7.347532528811754,0.66335,663.35,1.85,94926.36062499997,1.2253826613156955,1227.1975,795.8375787499999,117.42370317795196,86.27744787535381,0.0,62.0,66.335,0.0,6819.9999999999645,62.0,-20.0,1.6217,1621.6999999999998,0.76,94926.36062499997,1.231862817,1232.492,1393.7019536,67.05177917245044,-134.10355834490088,-4.0,-96.0,160.54829999999998,-6486.800000000017,117760.0000000001,-92.0,7594108.849999997,7594108.849999997
2017-06-30,7.542197815291186,0.6678000000000001,667.8000000000001,1.74,95540.68312499995,1.1619061924210743,1161.9720000000002,753.538842,125.97407769060956,95.01214135414376,6.0,68.0,67.4478,-4006.7999999999984,27590.00000000046,62.0,-20.0,1.6187,1618.7,0.76,95540.68312499995,1.225758269,1230.212,1391.1237296,68.23718020559886,-136.47436041119772,-2.0,-98.0,160.25130000000001,-3237.3999999999796,28799.999999998363,-96.0,7643254.649999996,7643254.649999996
2017-07-03,7.795935896421297,0.6678000000000001,667.8000000000001,1.65,95691.13187499995,1.1021909997756336,1101.8700000000001,714.5626950000001,133.70510914371192,104.23564599083912,7.0,75.0,67.4478,-4674.5999999999985,0.0,68.0,-20.0,1.6165,1616.5,0.79,95691.13187499995,1.270025328,1277.035,1444.0711780000001,66.16064677457328,-132.32129354914656,3.0,-95.0,163.2665,-4849.500000000006,21559.999999999887,-98.0,7655290.549999995,7655290.549999995
2017-07-04,8.015582699683119,0.6687500000000001,668.7500000000001,1.54,95463.94749999995,1.026819442089526,1029.8750000000002,667.8739375000001,143.27723617003684,114.84505355029596,7.0,82.0,67.54375,-4681.25000000002,7124.9999999999145,75.0,-20.0,1.6185,1618.5,0.8,95463.94749999995,1.300481577,1294.8000000000002,1464.1598400000003,65.35565944425845,-130.7113188885169,1.0,-94.0,163.4685,-1618.5000000000116,-18999.99999999892,-95.0,7637115.799999996,7637115.799999996
2017-07-05,8.4957056914779,0.667,667.0,1.39,95004.78624999995,0.9258459194990338,927.1299999999999,601.2438049999998,158.7774322265158,134.89263346450568,15.0,97.0,67.367,-10005.000000000024,-14349.999999999767,82.0,-20.0,1.6193000000000002,1619.3000000000002,0.82,95004.78624999995,1.324068855,1327.826,1501.5056408,63.57881376265553,-127.15762752531104,3.0,-91.0,163.54930000000002,-4857.900000000029,-7520.000000001175,-94.0,7600382.899999995,7600382.899999995
2017-07-06,9.236110926527406,0.66405,664.0500000000001,1.34,95993.55374999995,0.8918193015701098,889.8270000000001,577.0528095000001,164.63794073252828,152.06142833206758,12.0,109.0,67.06905,-7968.600000000038,-28615.000000000164,97.0,-20.0,1.605,1605.0,0.91,95993.55374999995,1.462289643,1460.55,1651.58994,57.52322894991716,-115.04645789983434,9.0,-82.0,162.105,-14444.999999999907,130130.00000000063,-91.0,7679484.299999995,7679484.299999995
2017-07-07,9.086243998173211,0.67095,670.95,1.29,96806.78749999993,0.8622194229543012,865.5255000000001,561.29328675,171.02209489413593,155.3948483286852,2.0,111.0,67.76595,-1341.9000000000096,75209.99999999975,109.0,-20.0,1.6049000000000002,1604.9000000000003,1.0,96806.78749999993,1.600948989,1604.9000000000003,1814.8209200000003,52.89422922786229,-105.78845845572457,6.0,-76.0,162.09490000000002,-9629.400000000089,819.9999999992542,-82.0,7744542.999999994,7744542.999999994
2017-07-10,8.400474829633168,0.66915,669.15,1.25,96035.72749999996,0.835425889383953,836.4375,542.42971875,178.46881200219994,149.92227630990143,-4.0,107.0,66.24585,-2676.6000000000076,-19979.99999999918,111.0,-20.0,1.6094,1609.3999999999999,1.05,96035.72749999996,1.697524963,1689.87,1910.904996,50.66017813687266,-101.32035627374532,3.0,-73.0,162.5494,-4828.199999999981,-34199.999999999134,-76.0,7682858.199999996,7682858.199999996
2017-07-11,9.13106601193542,0.6694,669.4,1.24,96113.18374999995,0.8311714624470087,830.0559999999999,538.2913159999999,178.40846516647127,162.905947252313,10.0,117.0,67.6094,-6693.99999999996,2674.999999999088,107.0,-20.0,1.6069,1606.9,1.11,96113.18374999995,1.781416384,1783.6590000000003,2016.9615972000004,47.61405850925437,-95.22811701850874,5.0,-68.0,162.2969,-8034.49999999998,18250.0,-73.0,7689054.6999999955,7689054.6999999955
2017-07-12,9.939572714796354,0.6807500000000001,680.7500000000001,1.22,97047.34999999998,0.8276146446180566,830.5150000000001,538.5889775,178.45367760055942,177.37533047335856,10.0,127.0,68.75575,-6807.500000000033,132795.00000000058,117.0,-20.0,1.6141999999999999,1614.1999999999998,1.12,97047.34999999998,1.803850049,1807.904,2044.3778432000001,47.01341489768693,-94.02682979537386,1.0,-67.0,163.0342,-1614.200000000011,-49639.9999999993,-68.0,7763787.999999997,7763787.999999997
2017-07-13,8.506360005078909,0.6906,690.6,1.29,98621.34999999996,0.8894544207843951,890.874,577.7317889999999,167.97993783236322,142.88978248328561,-25.0,102.0,68.3694,-17265.000000000087,125094.99999999993,127.0,-20.0,1.6115000000000002,1611.5000000000002,1.13,98621.34999999996,1.827658155,1820.9950000000001,2059.1811460000004,47.12909798563199,-94.25819597126397,0.0,-67.0,161.15,0.0,18089.99999999878,-67.0,7889707.999999996,7889707.999999996
2017-07-14,8.05748124173778,0.6854000000000001,685.4000000000001,1.33,97895.17749999999,0.9142219825182232,911.5820000000002,591.1609270000001,166.8265703900284,134.4201961541101,-6.0,96.0,67.8546,-4112.400000000008,-53039.99999999959,102.0,-20.0,1.6114,1611.3999999999999,1.14,97895.17749999999,1.842529964,1836.9959999999996,2077.2750767999996,47.47630735161189,-94.95261470322377,-1.0,-68.0,159.52859999999998,-1611.4000000000033,670.0000000012949,-67.0,7831614.199999998,7831614.199999998
2017-07-17,8.27229948817417,0.68365,683.65,1.36,97566.17749999996,0.9296095954680126,929.764,602.951954,162.35983124453062,134.30891489041753,0.0,96.0,68.365,0.0,-16800.00000000109,96.0,-20.0,1.6128,1612.8,1.13,97566.17749999996,1.828621339,1822.4639999999997,2060.8422911999996,47.50250803665185,-95.0050160733037,0.0,-68.0,161.28,0.0,-9520.000000001004,-68.0,7805294.199999996,7805294.199999996
2017-07-18,8.477637381878417,0.6827,682.6999999999999,1.38,97142.94249999995,0.9404461707010088,942.1259999999999,610.9687109999999,159.6909559252372,135.38020174996896,1.0,97.0,68.9527,-682.699999999997,-9119.99999999989,96.0,-20.0,1.6161,1616.1000000000001,1.11,97142.94249999995,1.799399159,1793.8710000000003,2028.5093268000005,48.097475427392716,-96.19495085478543,-1.0,-69.0,159.99390000000002,-1616.0999999999888,-22440.00000000085,-68.0,7771435.399999996,7771435.399999996
2017-07-19,8.707665322486838,0.6789499999999999,678.9499999999999,1.38,96334.69937499997,0.9339049737452928,936.9509999999998,607.6127234999998,159.87641262749162,139.21502941200055,3.0,100.0,68.57395,-2036.8500000000013,-36375.0,97.0,-20.0,1.6192,1619.2,1.06,96334.69937499997,1.720586915,1716.352,1940.8508416000002,50.05173010612045,-100.1034602122409,-3.0,-72.0,160.30079999999998,-4857.6000000000195,-21389.999999998196,-69.0,7706775.949999997,7706775.949999997
2017-07-20,8.807387562240722,0.67935,679.35,1.3,96324.74812499997,0.8845337754920477,883.1550000000001,572.7260175,168.2038119998625,148.14361617290655,6.0,106.0,68.61435,-4076.0999999999967,4000.0000000006253,100.0,-20.0,1.6193000000000002,1619.3000000000002,1.04,96324.74812499997,1.679224226,1684.0720000000003,1904.3486176000004,50.586693258090534,-101.17338651618107,0.0,-72.0,161.93,0.0,-720.0000000013915,-72.0,7705979.849999997,7705979.849999997
2017-07-21,8.100746037821544,0.6743000000000001,674.3000000000001,1.22,95091.26437499998,0.8242376780918508,822.6460000000001,533.485931,180.55724158356475,146.26483593580494,-1.0,105.0,66.7557,-674.3000000000023,-53529.99999999952,106.0,-20.0,1.6248,1624.8,1.0,95091.26437499998,1.617944375,1624.8,1837.32384,52.42665774423303,-104.85331548846607,-3.0,-75.0,160.8552,-4874.39999999998,-39599.99999999877,-72.0,7607301.1499999985,7607301.1499999985
2017-07-24,8.06943366054254,0.6754000000000001,675.4000000000001,1.13,95088.09937499999,0.7639713672555213,763.202,494.936497,192.12821230882068,155.03658635446612,6.0,111.0,68.2154,-4052.3999999999774,11549.99999999994,105.0,-20.0,1.6254,1625.3999999999999,0.96,95088.09937499999,1.553927819,1560.3839999999998,1764.4822272,53.89187995727067,-107.78375991454133,-2.0,-77.0,160.91459999999998,-3250.8000000000266,-4500.000000000171,-75.0,7607047.949999998,7607047.949999998
2017-07-25,8.527698169921724,0.6797,679.6999999999999,1.12,96429.00062499997,0.7620086941671149,761.264,493.67970399999996,192.6109147379492,164.25277451177584,7.0,118.0,68.6497,-4757.899999999978,47729.99999999918,111.0,-20.0,1.6159999999999999,1615.9999999999998,0.91,96429.00062499997,1.468956886,1470.56,1662.909248,57.181773142078285,-114.36354628415657,-5.0,-82.0,159.98399999999998,-8080.000000000069,72379.99999999983,-77.0,7714320.049999997,7714320.049999997
2017-07-26,8.802980011715839,0.6790999999999999,679.0999999999999,1.11,95943.28812499996,0.7519010905606377,753.8009999999999,488.83994849999993,197.26088451013734,173.64836234361255,6.0,124.0,68.5891,-4074.600000000032,-7080.000000000268,118.0,-20.0,1.6178000000000001,1617.8000000000002,0.84,95943.28812499996,1.358621483,1358.952,1536.7029216,62.750580655237535,-125.50116131047507,-8.0,-90.0,160.1622,-12942.399999999907,-14760.00000000056,-82.0,7675463.049999996,7675463.049999996
2017-07-27,10.051783060684302,0.6715000000000001,671.5000000000001,1.12,93905.16312499998,0.7496679820558027,752.0800000000002,487.72388000000007,196.71640462837283,197.73506238021972,18.0,142.0,67.8215,-12086.999999999904,-94239.99999999886,124.0,-20.0,1.6222999999999999,1622.3,0.75,93905.16312499998,1.212180267,1216.725,1375.8726299999998,69.73268166908733,-139.46536333817465,-10.0,-100.0,160.6077,-16222.999999999956,-40499.999999998974,-90.0,7512413.049999998,7512413.049999998
2017-07-28,9.576481386545542,0.66625,666.25,1.14,92890.46624999997,0.7592250434837866,759.525,492.55196249999995,190.65026692488306,182.57587325460818,-11.0,131.0,65.95875,-7328.750000000056,-74550.0000000008,142.0,-20.0,1.6198,1619.8,0.64,92890.46624999997,1.032837838,1036.672,1172.2686976,80.10549400257224,-160.2109880051445,-15.0,-115.0,160.3602,-24296.999999999967,25000.0,-100.0,7431237.299999997,7431237.299999997
2017-07-31,9.512865005451278,0.6729,672.9000000000001,1.12,93276.93124999998,0.7551820972363458,753.6480000000001,488.74072800000005,190.06082556311935,180.80229764065777,-2.0,129.0,66.61710000000001,-1345.799999999997,87115.00000000081,131.0,-20.0,1.6195,1619.5,0.48,93276.93124999998,0.782554577,777.36,879.0386880000001,105.67278496165571,-211.34556992331142,-36.0,-151.0,160.3305,-58301.99999999956,3450.000000000131,-115.0,7462154.499999998,7462154.499999998
2017-08-01,9.271384151581875,0.6619,661.9000000000001,1.19,89466.31624999992,0.7889310806314455,787.6610000000001,510.7981585,182.61015569029303,169.30489033848818,-8.0,121.0,65.5281,-5295.200000000023,-141900.00000000108,129.0,-20.0,1.6280000000000001,1628.0,0.43,89466.31624999992,0.70135583,700.04,791.605232,117.83263611628072,-235.66527223256145,-18.0,-169.0,161.172,-29304.00000000026,-128350.00000000343,-151.0,7157305.299999993,7157305.299999993
2017-08-02,8.800698024843006,0.6555500000000001,655.5500000000001,1.28,88138.03687499993,0.8379526140060927,839.1040000000002,544.158944,164.4121028175178,144.69412685264143,-17.0,104.0,64.89945,-11144.350000000088,-76834.9999999989,121.0,-20.0,1.6286000000000003,1628.6000000000004,0.4,88138.03687499993,0.649194886,651.4400000000002,736.6483520000002,121.4505075686369,-242.90101513727376,-5.0,-174.0,161.2314,-8143.000000000029,-10140.000000000384,-169.0,7051042.949999994,7051042.949999994
2017-08-03,8.707330692044927,0.6557,655.6999999999999,1.35,86747.1293749999,0.8873618671768903,885.1949999999999,574.0489574999999,153.53749139941596,133.69017112417185,-8.0,96.0,64.9143,-5245.599999999968,1559.9999999985812,104.0,-20.0,1.6330000000000002,1633.0000000000002,0.44,86747.1293749999,0.718198441,718.5200000000001,812.5024160000002,108.47726128484511,-216.95452256969025,19.0,-155.0,164.93300000000002,-31027.000000000186,-76559.9999999996,-174.0,6939770.349999992,6939770.349999992
2017-08-04,8.952460169909102,0.6581999999999999,658.1999999999999,1.41,87098.89937499994,0.929422984071124,928.0619999999999,601.8482069999999,144.13456477240933,129.03589502321782,-4.0,92.0,65.1618,-2632.7999999999747,24000.0,96.0,-20.0,1.6313,1631.3,0.47,87098.89937499994,0.768976593,766.7109999999999,866.9967987999999,100.0547285700081,-200.1094571400162,12.0,-143.0,164.7613,-19575.600000000122,26350.000000002467,-155.0,6967911.949999995,6967911.949999995
2017-08-07,8.928478292551516,0.6583,658.3,1.47,86618.5381249999,0.9674849266627816,967.7009999999999,627.5540984999999,138.79106133349546,123.91929783163002,-3.0,89.0,65.1717,-1974.899999999991,920.0000000004707,92.0,-20.0,1.6330000000000002,1633.0000000000002,0.5,86618.5381249999,0.823878025,816.5000000000001,923.2982000000002,94.33452743111589,-188.66905486223177,8.0,-135.0,164.93300000000002,-13064.000000000078,-24310.000000002277,-143.0,6929483.049999992,6929483.049999992
2017-08-08,9.179935664784708,0.6547,654.6999999999999,1.57,86309.04812499993,1.0260633508640578,1027.879,666.5795314999999,129.94479132907475,119.288482437478,-4.0,85.0,64.8153,-2618.8000000000216,-32039.99999999995,89.0,-20.0,1.6313,1631.3,0.53,86309.04812499993,0.861373516,864.589,977.6772412000001,88.59625086361261,-177.19250172722522,8.0,-127.0,164.7613,-13050.400000000081,22950.00000000215,-135.0,6904723.849999994,6904723.849999994
2017-08-09,9.530017999638725,0.6547,654.6999999999999,1.64,84840.82312499991,1.0763858508854525,1073.7079999999999,696.2996379999998,123.95388912294673,118.1282794466905,0.0,85.0,65.47,0.0,0.0,85.0,-20.0,1.639,1639.0,0.58,84840.82312499991,0.947795688,950.6199999999999,1074.961096,80.29039231853274,-160.58078463706548,12.0,-115.0,165.53900000000002,-19668.00000000012,-97790.0000000013,-127.0,6787265.849999992,6787265.849999992
2017-08-10,9.565223608447088,0.65455,654.55,1.71,84359.0187499999,1.11764998992816,1119.2804999999998,725.8534042499998,116.88423947348309,111.80238868671435,-5.0,80.0,64.80045,-3272.750000000002,-1275.0000000000482,85.0,-20.0,1.6411000000000002,1641.1000000000001,0.6,84359.0187499999,0.983742344,984.6600000000001,1113.4535280000002,76.19610607134372,-152.39221214268744,6.0,-109.0,165.7511,-9846.599999999966,-24150.000000000917,-115.0,6748721.499999992,6748721.499999992
2017-08-11,9.834447376244148,0.65005,650.0500000000001,1.83,83175.36187499993,1.1903063331147663,1189.5915000000002,771.4500877500001,109.35123359184541,107.5408952286385,-3.0,77.0,64.35494999999999,-1950.150000000022,-36000.000000000226,80.0,-20.0,1.6454,1645.3999999999999,0.63,83175.36187499993,1.031898251,1036.6019999999999,1172.1895416,71.96704607588687,-143.93409215177374,6.0,-103.0,166.1854,-9872.39999999997,-46869.99999999764,-109.0,6654028.949999994,6654028.949999994
2017-08-14,9.855630394531488,0.64865,648.65,1.95,83376.24624999992,1.2627334767558136,1264.8674999999998,820.2665737499999,101.40040388912647,99.93649025874437,-5.0,72.0,64.21634999999999,-3243.2500000000173,-10780.000000000044,77.0,-20.0,1.642,1642.0,0.64,83376.24624999992,1.057435262,1050.88,1188.3351040000002,69.99318760762614,-139.98637521525228,3.0,-100.0,165.84199999999998,-4925.999999999987,35020.00000000035,-103.0,6670099.699999994,6670099.699999994
2017-08-15,10.107498967304917,0.6469,646.9,2.07,83591.02499999992,1.336949263554853,1339.0829999999999,868.3953254999999,96.01185520200032,97.04397273032474,-3.0,69.0,64.0431,-1940.7000000000066,-12599.999999999796,72.0,-20.0,1.6385,1638.5,0.63,83591.02499999992,1.028142014,1032.255,1167.2739540000002,71.42817327867826,-142.85634655735652,-2.0,-102.0,162.2115,-3276.999999999987,34999.99999999943,-100.0,6687281.9999999935,6687281.9999999935
2017-08-16,10.34888127333948,0.64325,643.25,2.17,83375.20312499993,1.3968476414125943,1395.8525,905.2103462499999,92.34431018855572,95.56603024097964,-1.0,68.0,63.68175,-643.2500000000018,-25184.999999999647,69.0,-20.0,1.6375,1637.5,0.63,83375.20312499993,1.025608275,1031.625,1166.5615500000001,71.65590619714828,-143.31181239429657,-1.0,-103.0,162.1125,-1637.4999999999886,10199.99999999942,-102.0,6670016.2499999935,6670016.2499999935
2017-08-17,10.187558151243378,0.6402,640.2,2.18,82788.96937499993,1.3980798737268263,1395.6360000000002,905.0699460000001,92.1201764498762,93.84796544859145,-1.0,67.0,63.379799999999996,-640.2,-20740.000000000466,68.0,-20.0,1.6395,1639.5,0.61,82788.96937499993,1.006733497,1000.095,1130.907426,73.7241627459257,-147.4483254918514,-3.0,-106.0,162.3105,-4918.4999999999945,-20599.99999999883,-103.0,6623117.549999994,6623117.549999994
2017-08-18,10.59312069838599,0.64115,641.15,2.19,82288.70812499989,1.402214706569611,1404.1184999999998,910.5708472499998,90.91985497342634,96.31249976132548,2.0,69.0,64.75614999999999,-1282.2999999999922,6364.999999999924,67.0,-20.0,1.6436000000000002,1643.6000000000001,0.61,82288.70812499989,0.995368106,1002.5960000000001,1133.7355568000003,73.02317447701303,-146.04634895402606,1.0,-105.0,166.0036,-1643.5999999999922,-43460.00000000265,-106.0,6583096.649999991,6583096.649999991
2017-08-21,11.142081600007412,0.64215,642.15,2.16,82217.29562499991,1.3895047978759112,1387.044,899.498034,91.48292160136049,101.93101774894393,4.0,73.0,64.85715,-2568.6000000000035,6900.000000000588,69.0,-20.0,1.6444,1644.4,0.6,82217.29562499991,0.981729257,986.64,1115.692512,73.75572323012945,-147.5114464602589,-1.0,-106.0,162.7956,-1644.3999999999903,-8399.999999998328,-105.0,6577383.649999993,6577383.649999993
2017-08-22,11.437846780626948,0.64285,642.85,2.11,82228.4731249999,1.3589602336542397,1356.4134999999999,879.6341547499999,93.46760261755277,106.90681176920948,4.0,77.0,64.92784999999999,-2571.399999999983,5109.999999999502,73.0,-20.0,1.6444,1644.4,0.59,82228.4731249999,0.974834687,970.196,1097.0976368000001,74.9407280329308,-149.8814560658616,-1.0,-107.0,162.7956,-1644.3999999999903,-0.0,-106.0,6578277.849999992,6578277.849999992
2017-08-23,12.030239868788817,0.6476000000000001,647.6,2.03,82026.89687499992,1.3154711766715537,1314.628,852.5362579999999,96.45158473130877,116.03357000424535,6.0,83.0,65.4076,-3885.599999999982,36575.000000000655,77.0,-20.0,1.6485,1648.5,0.61,82026.89687499992,0.99805227,1005.5849999999999,1137.1155179999998,72.31320989236549,-144.62641978473098,3.0,-104.0,166.4985,-4945.500000000038,-43869.999999999636,-107.0,6562151.7499999935,6562151.7499999935
2017-08-24,11.903708580861938,0.6426999999999999,642.6999999999999,1.98,81611.86062499991,1.2734500382767449,1272.5459999999998,825.2460809999999,99.39689356125513,118.31916547961335,2.0,85.0,64.9127,-1285.4000000000099,-40670.00000000076,83.0,-20.0,1.6475,1647.5,0.61,81611.86062499991,1.001296326,1004.975,1136.4257300000002,72.17972517658492,-144.35945035316985,1.0,-103.0,166.3975,-1647.500000000008,10399.999999999409,-104.0,6528948.849999992,6528948.849999992
2017-08-25,11.76033290755595,0.6424,642.4,1.95,81513.0431249999,1.2496598870574471,1252.6799999999998,812.3629799999999,100.46230888684751,118.14701971710433,0.0,85.0,64.24,0.0,-2550.0000000000964,85.0,-20.0,1.6477000000000002,1647.7000000000003,0.62,81513.0431249999,1.021149189,1021.5740000000002,1155.1958792000003,70.64763828755865,-141.2952765751173,2.0,-101.0,166.41770000000002,-3295.400000000029,-2060.000000001054,-103.0,6521043.449999991,6521043.449999991
2017-08-28,12.089837508128712,0.64285,642.85,1.87,81231.5268749999,1.2018384181413444,1202.1295,779.58098075,104.56007154841033,126.4114274858593,6.0,91.0,64.92784999999999,-3857.099999999974,3825.000000000145,85.0,-20.0,1.6496000000000002,1649.6000000000001,0.63,81231.5268749999,1.044695011,1039.248,1175.1816384,69.36208026188974,-138.7241605237795,2.0,-99.0,166.6096,-3299.199999999985,-19189.99999999977,-101.0,6498522.149999991,6498522.149999991
2017-08-29,12.42597335372708,0.648,648.0,1.67,81117.83562499989,1.0823486422223407,1082.1599999999999,701.7807599999999,115.75057554299424,143.83135673758198,12.0,103.0,65.448,-7775.999999999954,46865.00000000005,91.0,-20.0,1.6543,1654.3000000000002,0.62,81117.83562499989,1.026387191,1025.6660000000002,1159.8231128000002,70.03785834108261,-140.07571668216522,-1.0,-100.0,163.7757,-1654.3000000000063,-46529.99999999989,-99.0,6489426.849999991,6489426.849999991
2017-08-30,11.898219160510717,0.6486,648.5999999999999,1.44,81365.19062499993,0.9366190527569176,933.9839999999998,605.6886239999999,133.9266289818907,159.34883830549418,11.0,114.0,65.5086,-7134.60000000002,6180.000000000235,103.0,-20.0,1.6514,1651.4,0.59,81365.19062499993,0.982111331,974.326,1101.7678408000002,73.62516187266797,-147.25032374533595,-5.0,-105.0,163.4886,-8256.999999999976,29000.000000002045,-100.0,6509215.2499999935,6509215.2499999935
2017-08-31,12.516557472218278,0.6478,647.8000000000001,1.3,81106.08562499989,0.8427159960433328,842.1400000000001,546.12779,148.98562591916433,186.47871493516334,20.0,134.0,65.4278,-12956.000000000075,-9119.999999999805,114.0,-20.0,1.6508000000000003,1650.8000000000002,0.58,81106.08562499989,0.951802325,957.464,1082.7002912,75.1502435958705,-150.300487191741,-3.0,-108.0,163.4292,-4952.4000000000115,6299.999999997254,-105.0,6488486.849999991,6488486.849999991
2017-09-01,12.554562250035907,0.6478,647.8000000000001,1.2,81107.9381249999,0.7794202973924528,777.36,504.11796,160.8871178186151,201.98673358826645,11.0,145.0,65.4278,-7125.800000000041,0.0,134.0,-20.0,1.6486,1648.6000000000001,0.53,81107.9381249999,0.873379452,873.7580000000002,988.0455464000001,82.08739558668576,-164.17479117337152,-10.0,-118.0,163.21140000000003,-16485.999999999876,23759.999999999876,-108.0,6488635.049999991,6488635.049999991
2017-09-04,12.908281098062576,0.6454500000000001,645.45,0.96,84285.09937499993,0.6201259952520828,619.6320000000001,401.83135200000004,201.84571890995676,260.5481278130247,42.0,187.0,65.19045,-27108.899999999863,-34074.99999999992,145.0,-20.0,1.6216,1621.6,0.53,84285.09937499993,0.852869079,859.448,971.8637984,83.45607507814327,-166.91215015628654,-2.0,-120.0,160.5384,-3243.2000000000016,318600.000000002,-118.0,6742807.949999994,6742807.949999994
2017-09-05,12.806039272211873,0.63855,638.55,0.93,81759.15812499993,0.5910141707162578,593.8515,385.11269775,218.85827153306303,280.2707620300815,14.0,201.0,64.49355,-8939.70000000003,-129030.00000000089,187.0,-20.0,1.6263999999999998,1626.3999999999999,0.53,81759.15812499993,0.863428244,861.992,974.7405536,86.46926514313022,-172.93853028626043,-4.0,-124.0,161.0136,-6505.5999999999585,-57599.99999999877,-120.0,6540732.649999994,6540732.649999994
2017-09-06,12.263280163517615,0.63815,638.15,0.94,81517.60062499992,0.6001197797002324,599.861,389.00985849999995,210.17245794299052,257.7403734410016,-16.0,185.0,63.176849999999995,-10210.400000000049,-8039.999999999829,201.0,-20.0,1.6257,1625.6999999999998,0.54,81517.60062499992,0.882189889,877.8779999999999,992.7044424,82.36002039774888,-164.72004079549777,6.0,-118.0,164.1957,-9754.199999999968,8679.999999999154,-124.0,6521408.049999993,6521408.049999993
2017-09-07,12.304794420754371,0.63805,638.05,0.94,80574.3281249999,0.6003893181268464,599.7669999999999,388.9488994999999,209.5843457322854,257.8892288044081,0.0,185.0,63.805,0.0,-1849.9999999996319,185.0,-20.0,1.6318000000000001,1631.8000000000002,0.54,80574.3281249999,0.886836513,881.1720000000001,996.4292976000002,81.809718784206,-163.619437568412,1.0,-117.0,164.8118,-1631.7999999999984,-71980.00000000162,-118.0,6445946.249999992,6445946.249999992
2017-09-08,12.651218939985824,0.6374000000000001,637.4000000000001,0.9,80597.0131249999,0.5757482088443894,573.6600000000001,372.01851000000005,216.58687930608585,274.0088029629577,11.0,196.0,64.37740000000001,-7011.400000000072,-12024.99999999958,185.0,-20.0,1.6296000000000002,1629.6000000000001,0.55,80597.0131249999,0.894876714,896.2800000000002,1013.5134240000002,79.50001077144083,-159.00002154288165,3.0,-114.0,164.58960000000002,-4888.800000000032,25739.999999999865,-117.0,6447761.049999991,6447761.049999991
2017-09-11,12.678892090451193,0.6429,642.9,0.8,81460.7343749999,0.5145910997943404,514.32,333.53652,241.64374301500746,306.37749420199987,23.0,219.0,64.9329,-14786.699999999939,107800.00000000083,196.0,-15.370285436092084,1.6277000000000001,1627.7,0.56,81460.7343749999,0.919395997,911.5120000000001,1030.7377696,78.19351876110768,-120.18567026106466,28.0,-86.0,164.39770000000001,-45575.60000000012,21659.99999999974,-114.0,6516858.749999992,6516858.749999992
2017-09-12,12.224340787617743,0.64255,642.55,0.74,82134.87062499988,0.4760383387791046,475.48699999999997,308.35331949999994,264.1798522133306,322.9424542678245,12.0,231.0,64.89755,-7710.599999999999,-7665.000000002366,219.0,-15.765906223477534,1.6187,1618.7,0.62,82134.87062499988,1.001729005,1003.594,1134.8640952,71.78016708744659,-113.16793830062313,5.0,-81.0,163.4887,-8093.499999999949,77400.0000000005,-86.0,6570789.64999999,6570789.64999999
2017-09-13,12.879648547163455,0.64385,643.85,0.66,82146.28312499991,0.4271663415122037,424.94100000000003,275.5742385,298.0498869272931,383.8777793145342,44.0,275.0,65.02885,-28329.40000000002,30030.000000002234,231.0,-15.370542343810923,1.6172,1617.2,0.68,82146.28312499991,1.099230792,1099.6960000000001,1243.5362368,66.04943884575336,-101.5215696563602,8.0,-73.0,163.3372,-12937.599999999975,12150.00000000046,-81.0,6571702.649999993,6571702.649999993
2017-09-14,12.905458185092408,0.6458,645.8000000000001,0.57,82554.89312499989,0.3707456450464856,368.106,238.71674099999998,344.11613857027277,444.09764371341197,43.0,318.0,65.22579999999999,-27769.39999999975,53624.99999999812,275.0,-16.13091088042412,1.6156000000000001,1615.6000000000001,0.74,82554.89312499989,1.192689538,1195.544,1351.9211552000002,60.762628655550095,-98.01565477029835,3.0,-70.0,163.1756,-4846.800000000002,11679.99999999975,-73.0,6604391.449999991,6604391.449999991
2017-09-15,13.486859101579364,0.64535,645.35,0.54,82356.9812499999,0.349157557540445,348.48900000000003,225.99511650000002,365.29503116497597,492.66826158290735,35.0,353.0,65.18035,-22587.25000000027,-14310.000000000542,318.0,-16.556003036629605,1.6119,1611.9,0.8,82356.9812499999,1.289415242,1289.5200000000002,1458.1892160000002,56.61466442020366,-93.73125560586578,3.0,-67.0,162.8019,-4835.699999999974,25900.00000000032,-70.0,6588558.499999991,6588558.499999991
2017-09-18,14.196393752208964,0.6454000000000001,645.4000000000001,0.52,82290.02374999993,0.33550235963544,335.60800000000006,217.64178800000002,378.40610485151814,537.2002062711822,32.0,385.0,65.1854,-20652.799999999843,1765.000000003411,353.0,-17.587417380796644,1.6094,1609.3999999999999,0.87,82290.02374999993,1.393001196,1400.1779999999999,1583.3212824,52.015331421026,-91.48153439020504,2.0,-65.0,162.5494,-3218.7999999999874,16750.0,-67.0,6583201.899999994,6583201.899999994
2017-09-19,20.0,0.6476000000000001,647.6,0.52,81972.17374999993,0.3387277667797752,336.752,218.383672,376.81399436309476,753.6279887261895,155.0,540.0,65.4076,-100377.99999999955,84699.99999999956,385.0,-18.37286213870515,1.6109,1610.9,0.91,81972.17374999993,1.47343284,1465.919,1657.6612052,49.64224504492248,-91.20701244661795,0.0,-65.0,161.09,0.0,-9750.00000000037,-65.0,6557773.899999994,6557773.899999994
2017-09-20,14.007269752669336,0.64905,649.0500000000001,0.55,81222.7906249999,0.3561041514139802,356.9775000000001,231.49990875000003,354.0916028546811,495.9856598340578,-185.0,355.0,64.25595,-120074.25000000048,78299.99999999785,540.0,-18.47203951898188,1.6132,1613.2,0.95,81222.7906249999,1.529643205,1532.54,1732.996232,47.300837841637,-87.37429458916722,2.0,-63.0,162.9332,-3226.4000000000124,-14949.999999999334,-65.0,6497823.249999992,6497823.249999992
2017-09-21,14.326483611729405,0.64375,643.75,0.54,78871.81999999989,0.3482755135247545,347.625,225.4348125,360.2939125695146,516.1744833833018,15.0,370.0,65.01875,-9656.249999999958,-188150.0000000004,355.0,-18.90905807200249,1.6114,1611.3999999999999,0.98,78871.81999999989,1.583706833,1579.1719999999998,1785.7276975999998,45.48442113215947,-86.00675605594208,1.0,-62.0,162.7514,-1611.4000000000033,11340.00000000043,-63.0,6309745.599999991,6309745.599999991
2017-09-22,12.7682899495036,0.6461,646.1,0.54,79542.16624999988,0.3459939787350681,348.89400000000006,226.25775900000002,348.59277466811596,445.09336212644786,-51.0,319.0,63.963899999999995,-32951.10000000021,86949.9999999998,370.0,-19.790768415542203,1.6112000000000002,1611.2000000000003,1.0,79542.16624999988,1.617678378,1611.2000000000003,1821.9449600000003,43.289902676313496,-85.6740438598281,1.0,-61.0,162.7312,-1611.1999999999966,1239.9999999988722,-62.0,6363373.29999999,6363373.29999999
2017-09-25,13.620454882979482,0.6439,643.9,0.53,77757.29749999987,0.343629766833802,341.267,221.3116495,359.4124684792062,489.53613113013137,31.0,350.0,65.0339,-19960.900000000067,-70179.99999999964,319.0,-19.93235718824392,1.6193000000000002,1619.3000000000002,0.99,77757.29749999987,1.60748323,1603.1070000000002,1812.7933956000002,43.878230383596986,-87.45965607939121,-2.0,-63.0,160.3107,-3238.6000000000195,-49410.00000000014,-61.0,6220583.79999999,6220583.79999999
2017-09-26,13.838331467255328,0.6412000000000001,641.2000000000002,0.54,76571.90999999989,0.3478453918830262,346.2480000000001,224.54182800000007,346.29315256131184,479.2119429984252,-7.0,343.0,63.47880000000001,-4488.399999999984,-94499.9999999986,350.0,-18.49458913583089,1.6171000000000002,1617.1000000000001,0.99,76571.90999999989,1.596691058,1600.929,1810.3305132,42.95198966875584,-79.43794014900924,6.0,-57.0,163.3271,-9702.599999999962,13859.999999999929,-63.0,6125752.7999999905,6125752.7999999905
2017-09-27,13.968744283839651,0.6371,637.1,0.58,75082.23874999987,0.3668465846294276,369.518,239.63242299999996,319.5390216456639,446.35588820765827,-23.0,320.0,63.0729,-14653.300000000087,-140630.00000000128,343.0,-19.343823354872114,1.6102,1610.2,0.98,75082.23874999987,1.582314023,1577.996,1784.3978768000002,42.911903783094594,-83.00802866014502,-2.0,-59.0,159.40980000000002,-3220.3999999999837,39329.99999999987,-57.0,6006579.099999989,6006579.099999989
2017-09-28,13.768606068472732,0.64395,643.95,0.57,77891.94437499985,0.3662896167255359,367.0515,238.03289774999996,315.42799108742054,434.3003752252421,-9.0,311.0,63.75104999999999,-5795.550000000034,219199.99999999843,320.0,-20.0,1.608,1608.0,0.98,77891.94437499985,1.567810363,1575.84,1781.959872,42.13464058858441,-84.26928117716882,-1.0,-60.0,159.192,-1608.000000000004,12979.999999999933,-59.0,6231355.549999988,6231355.549999988
2017-09-29,12.098071502502911,0.6455,645.5,0.57,78030.57687499987,0.366804103013585,367.93499999999995,238.60584749999995,326.44608332576536,394.9368057787133,-28.0,283.0,63.9045,-18073.999999999956,48205.00000000036,311.0,-20.0,1.6100999999999999,1610.1,0.95,78030.57687499987,1.526495769,1529.5949999999998,1729.6660259999999,45.03293884723608,-90.06587769447216,-4.0,-64.0,159.3999,-6440.399999999954,-12599.999999998772,-60.0,6242446.149999989,6242446.149999989
2017-10-02,12.691808317277715,0.6382500000000001,638.2500000000001,0.6,75193.34499999988,0.3832804673529242,382.95000000000005,248.34307500000003,314.204762403783,398.78266168046014,3.0,286.0,64.46325,-1914.749999999998,-205174.9999999984,283.0,-20.0,1.6122,1612.2,0.9,75193.34499999988,1.447047339,1450.98,1640.768184,47.55734395383661,-95.11468790767321,-4.0,-68.0,159.6078,-6448.800000000006,-13440.00000000051,-64.0,6015467.59999999,6015467.59999999
2017-10-03,11.72378903732394,0.6321500000000001,632.1500000000001,0.69,72499.07687499988,0.4363018832425234,436.18350000000004,282.86499975,265.8276742136949,311.65075727638356,-63.0,223.0,62.58285,-39825.45000000018,-174459.99999999983,286.0,-20.0,1.6112000000000002,1611.2000000000003,0.81,72499.07687499988,1.302853023,1305.0720000000003,1475.7754176000005,50.951753297452306,-101.90350659490461,-5.0,-73.0,159.5088,-8055.999999999984,6799.9999999996135,-68.0,5799926.14999999,5799926.14999999
2017-10-04,11.550068864938398,0.63385,633.85,0.72,72490.83437499987,0.4573193632328153,456.372,295.957242,244.96469957981256,282.9359149625781,-20.0,203.0,62.751149999999996,-12677.000000000047,37909.99999999879,223.0,-20.0,1.6132,1613.2,0.71,72490.83437499987,1.143918703,1145.372,1295.1866576000002,55.97577495844632,-111.95154991689265,-7.0,-80.0,159.7068,-11292.400000000043,-14599.99999999917,-73.0,5799266.74999999,5799266.74999999
2017-10-05,11.814473834943978,0.6388,638.8000000000001,0.7,73440.42437499987,0.4488607801843292,447.16,289.98326,249.98282443958965,295.3415538526926,8.0,211.0,64.5188,-5110.39999999997,100485.00000000092,203.0,-20.0,1.6122,1612.2,0.59,73440.42437499987,0.944419045,951.198,1075.6146984,67.39479711724984,-134.78959423449967,-17.0,-97.0,159.6078,-27407.400000000023,7999.999999999545,-80.0,5875233.94999999,5875233.94999999
2017-10-06,11.625125925015684,0.6412000000000001,641.2000000000002,0.68,73360.73437499988,0.4330577328575225,436.01600000000013,282.75637600000005,259.7303919859259,301.9398513390073,5.0,216.0,64.7612,-3205.999999999989,50640.00000000042,211.0,-20.0,1.6116,1611.6,0.43,73360.73437499988,0.699371623,692.9879999999999,783.6308303999999,93.71814064221111,-187.43628128442222,-37.0,-134.0,159.5484,-59629.20000000037,5820.00000000022,-97.0,5868858.749999991,5868858.749999991
2017-10-09,12.11816027249237,0.6428,642.8000000000001,0.66,73203.20937499987,0.4270394204922645,424.24800000000005,275.12482800000004,266.64527119667974,323.12501322635586,15.0,231.0,64.9228,-9641.99999999991,34559.999999999265,216.0,-20.0,1.6144,1614.4,0.43,73203.20937499987,0.691399065,694.192,784.9923136,93.45407987317124,-186.90815974634248,0.0,-134.0,161.44,0.0,-37520.00000000015,-134.0,5856256.74999999,5856256.74999999
2017-10-10,12.40006892344382,0.644,644.0,0.66,73321.3493749999,0.4240403872129302,425.04,275.63844,265.5769252467104,329.31721775354964,5.0,236.0,65.04400000000001,-3220.0000000000273,27720.00000000105,231.0,-20.0,1.6148,1614.8,0.41,73321.3493749999,0.656810982,662.068,748.6664944,97.77812941083566,-195.55625882167132,-6.0,-140.0,159.8652,-9688.800000000014,-5359.999999998934,-134.0,5865707.949999992,5865707.949999992
2017-10-11,13.016162440683122,0.6422,642.2,0.65,72885.64937499988,0.4166050287594758,417.43000000000006,270.70335500000004,270.8549710253864,352.549230073295,16.0,252.0,64.8622,-10275.20000000004,-42480.00000000161,236.0,-20.0,1.6126,1612.6000000000001,0.39,72885.64937499988,0.623838922,628.9140000000001,711.1759512000001,103.09874687309294,-206.19749374618587,-8.0,-148.0,159.64739999999998,-12900.800000000118,30799.99999999984,-140.0,5830851.94999999,5830851.94999999
2017-10-12,13.6032517896426,0.63265,632.6500000000001,0.71,68837.01562499988,0.4510928396546487,449.1815,291.29420275,250.21318202323843,340.37129161497876,-8.0,244.0,62.63235,-5061.199999999985,-240659.99999999956,252.0,-20.0,1.6144999999999998,1614.4999999999998,0.32,68837.01562499988,0.516700429,516.64,584.216512,124.75794141025558,-249.51588282051117,-31.0,-179.0,159.8355,-50049.49999999977,-28119.999999999665,-148.0,5506961.249999991,5506961.249999991
2017-10-13,11.847919814500974,0.63125,631.25,0.78,66086.24249999983,0.491564085331411,492.375,319.3051875,215.58376850673585,255.42192025757467,-61.0,183.0,62.49375,-38506.25000000008,-34160.00000000014,244.0,-20.0,1.6202,1620.2,0.26,66086.24249999983,0.427425627,421.252,476.35176160000003,144.50878777856477,-289.01757555712953,-28.0,-207.0,160.3998,-45365.60000000031,-102030.00000000387,-179.0,5286899.399999986,5286899.399999986
2017-10-16,12.142834957584352,0.6355,635.5,0.8,65685.97624999983,0.5057729233437878,508.40000000000003,329.6974,200.4451430311547,243.39722898767008,-9.0,174.0,62.9145,-5719.500000000003,77774.99999999948,183.0,-20.0,1.6246,1624.6000000000001,0.24,65685.97624999983,0.388614205,389.904,440.9034432,149.8882431499229,-299.7764862998458,-8.0,-215.0,160.8354,-12996.800000000121,-91079.99999999953,-207.0,5254878.099999987,5254878.099999987
2017-10-17,11.83907376066417,0.6372,637.2,0.8,64927.45624999984,0.5117667925801082,509.76000000000005,330.57936,198.69956869055537,235.2418849939642,-6.0,168.0,63.0828,-3823.2,29580.0000000003,174.0,-20.0,1.6262,1626.2,0.28,64927.45624999984,0.451631487,455.33600000000007,514.8939488000001,127.57185514237649,-255.14371028475298,32.0,-183.0,164.24620000000002,-52038.400000000365,-34399.999999999265,-215.0,5194196.499999987,5194196.499999987
2017-10-18,11.83118065966673,0.63505,635.05,0.82,65280.58562499985,0.5224735240383784,520.741,337.7005385,192.26340751008263,227.47031084949126,-5.0,163.0,62.86995,-3175.249999999998,-36119.99999999938,168.0,-20.0,1.6218000000000001,1621.8000000000002,0.29,65280.58562499985,0.47350924,470.322,531.8401176,122.08077973319071,-244.16155946638142,8.0,-175.0,163.80180000000001,-12974.40000000006,80519.99999999958,-183.0,5222446.8499999875,5222446.8499999875
2017-10-19,12.065023278946864,0.63405,634.05,0.83,64619.09937499985,0.5282883524374792,526.2615,341.28058274999995,191.2812768279295,230.7813057755649,2.0,165.0,64.03905,-1268.100000000004,-16300.000000000231,163.0,-20.0,1.6228,1622.8,0.31,64619.09937499985,0.502667882,503.068,568.8692944,114.75498197499452,-229.50996394998907,11.0,-164.0,163.9028,-17850.800000000134,-17499.999999999007,-175.0,5169527.949999988,5169527.949999988
2017-10-20,11.792290525098943,0.63265,632.6500000000001,0.85,65960.99624999987,0.5388013703160619,537.7525,348.73249625,185.29704019517467,218.50765314224364,-9.0,156.0,62.63235,-5693.849999999983,-23100.000000000095,165.0,-20.0,1.6144,1614.4,0.31,65960.99624999987,0.499549797,500.464,565.9246912,114.1832126779625,-228.366425355925,1.0,-163.0,163.0544,-1614.3999999999892,137760.00000000055,-164.0,5276879.699999989,5276879.699999989
2017-10-23,12.078174376926702,0.6356499999999999,635.65,0.84,65803.59562499984,0.5318652711490817,533.9459999999999,346.26398099999994,190.49338039580812,230.08122660708008,9.0,165.0,64.20065,-5720.849999999984,46799.999999999556,156.0,-20.0,1.6168,1616.8,0.3,65803.59562499984,0.488641655,485.03999999999996,548.4832319999999,120.26073433362475,-240.5214686672495,-9.0,-172.0,160.0632,-14551.200000000108,-39120.000000001484,-163.0,5264287.649999987,5264287.649999987
2017-10-24,12.194623543052268,0.6369,636.9,0.79,67199.33437499983,0.5056705119487473,503.151,326.2934235,201.67000278202002,245.92897638530377,11.0,176.0,64.3269,-7005.899999999969,20625.0,165.0,-20.0,1.6111000000000002,1611.1000000000001,0.3,67199.33437499983,0.487959015,483.33000000000004,546.549564,120.39822178871931,-240.79644357743865,0.0,-172.0,161.11,0.0,98039.99999999882,-172.0,5375946.749999986,5375946.749999986
2017-10-25,12.497296920707354,0.632,632.0,0.76,66097.27437499989,0.4785597315430365,480.32,311.48751999999996,215.73684356599531,269.6127390780438,17.0,193.0,63.832,-10743.999999999964,-86239.9999999991,176.0,-20.0,1.6104,1610.4,0.31,66097.27437499989,0.495428434,499.22400000000005,564.5224992000001,119.03747763858802,-238.074955277176,2.0,-170.0,162.6504,-3220.799999999997,12040.000000003714,-172.0,5287781.949999991,5287781.949999991
2017-10-26,11.302714338788151,0.6339,633.9,0.75,65125.32062499985,0.4723793496628494,475.42499999999995,308.31311249999993,214.3835980216375,242.31165673601572,-20.0,173.0,62.7561,-12677.99999999994,36669.99999999956,193.0,-20.0,1.6161,1616.1000000000001,0.3,65125.32062499985,0.490518433,484.83000000000004,548.245764,120.56139548211793,-241.12279096423586,-3.0,-173.0,159.99390000000002,-4848.2999999999665,-96900.00000000367,-170.0,5210025.649999987,5210025.649999987
2017-10-27,11.845503988165262,0.63455,634.55,0.7,63165.88749999987,0.4446276531975044,444.18499999999995,288.05397249999993,226.08721573870974,267.81170157060666,19.0,192.0,64.08955,-12056.450000000083,11244.999999999607,173.0,-20.0,1.6238,1623.8,0.32,63165.88749999987,0.513198142,519.616,587.5817728,110.83618253619159,-221.67236507238317,14.0,-159.0,164.00379999999998,-22733.19999999984,-133209.99999999686,-173.0,5053270.99999999,5053270.99999999
2017-10-30,11.847763383279016,0.6386000000000001,638.6,0.67,63189.28749999985,0.4247849455759127,427.862,277.468507,227.65065550304013,269.71511004483847,1.0,193.0,64.4986,-638.5999999999967,77760.00000000022,192.0,-20.0,1.6271000000000002,1627.1000000000001,0.34,63189.28749999985,0.558446357,553.214,625.5743912,100.97262354175452,-201.94524708350903,14.0,-145.0,164.33710000000002,-22779.40000000018,-52470.000000001986,-159.0,5055142.999999988,5055142.999999988
2017-10-31,11.426446061449903,0.6352000000000001,635.2,0.66,62028.59249999988,0.4183685575995683,419.232,271.871952,232.4229735180621,265.57685703459356,-3.0,190.0,62.884800000000006,-1905.5999999999926,-65619.99999999929,193.0,-20.0,1.6275,1627.5,0.37,62028.59249999988,0.604616407,602.175,680.93949,92.79721389047337,-185.59442778094675,12.0,-133.0,164.3775,-19529.99999999997,-5799.999999998846,-145.0,4962287.39999999,4962287.39999999
2017-11-01,11.45117810545927,0.63875,638.75,0.66,62917.30749999988,0.4198350866565822,421.57500000000005,273.3913875,226.88568600208694,259.81083999892047,-4.0,186.0,63.23625,-2555.000000000007,67449.9999999994,190.0,-20.0,1.6263,1626.3000000000002,0.38,62917.30749999988,0.622287983,617.994,698.8276152000001,88.76093495854151,-177.52186991708302,6.0,-127.0,164.2563,-9757.800000000088,15960.000000000604,-133.0,5033384.59999999,5033384.59999999
2017-11-02,11.448856231427795,0.64395,643.95,0.65,63958.18749999986,0.4198350866565822,418.56750000000005,271.44102375,231.7899727564665,265.37300739753505,4.0,190.0,65.03895,-2575.800000000015,96719.99999999926,186.0,-20.0,1.6269,1626.9,0.38,63958.18749999986,0.623754225,618.2220000000001,699.0854376000001,89.99945373772705,-179.9989074754541,-2.0,-129.0,161.0631,-3253.8000000000125,-7620.000000000289,-127.0,5116654.999999989,5116654.999999989
2017-11-03,11.105727897372669,0.6526000000000001,652.6,0.76,65650.55499999986,0.4963249943211862,495.976,321.64043599999997,198.84995896473623,220.83735366660818,-32.0,158.0,64.6074,-20883.200000000215,164350.00000000172,190.0,-20.0,1.6274000000000002,1627.4,0.39,65650.55499999986,0.631700615,634.686,717.7029288000001,89.11512679339069,-178.23025358678137,1.0,-128.0,164.3674,-1627.3999999999944,-6450.000000001466,-129.0,5252044.399999989,5252044.399999989
2017-11-06,9.65708755506497,0.65,650.0,0.86,64147.3599999999,0.5571315673350721,559.0,362.51149999999996,181.09923409326288,174.88911597938468,-33.0,125.0,64.35,-21450.00000000019,-41080.00000000081,158.0,-20.0,1.6314,1631.3999999999999,0.41,64147.3599999999,0.668758302,668.8739999999999,756.3627191999999,86.79771402461247,-173.59542804922495,4.0,-124.0,164.7714,-6525.600000000054,-51199.99999999709,-128.0,5131788.799999991,5131788.799999991
2017-11-07,9.815786877729472,0.644,644.0,0.87,62821.52999999988,0.557308786330531,560.28,363.34157999999996,176.54835981062203,173.29610735137652,-1.0,124.0,63.75600000000001,-643.9999999999983,-74999.99999999929,125.0,-20.0,1.6328,1632.8,0.43,62821.52999999988,0.700261142,702.1039999999999,793.9392032,80.79631254062238,-161.59262508124476,8.0,-116.0,164.9128,-13062.400000000025,-17360.000000001834,-124.0,5025722.39999999,5025722.39999999
2017-11-08,9.231636615683149,0.6406999999999999,640.6999999999999,0.86,61908.55999999985,0.5513670888387595,551.002,357.32479699999993,175.8107204633769,162.30206844593448,-8.0,116.0,63.42929999999999,-5125.6000000000195,-40920.00000000155,124.0,-20.0,1.6340000000000001,1634.0000000000002,0.45,61908.55999999985,0.738194419,735.3000000000001,831.47724,75.55411859499591,-151.10823718999183,8.0,-108.0,165.03400000000002,-13072.000000000116,-13920.000000000528,-116.0,4952684.799999988,4952684.799999988
2017-11-09,9.598487644745491,0.6375500000000001,637.5500000000001,0.87,62502.22624999986,0.5517127120653746,554.6685000000001,359.7025222500001,172.11044174155728,165.19999485880263,2.0,118.0,64.39255,-1275.0999999999947,-36539.99999999891,116.0,-20.0,1.6258000000000001,1625.8000000000002,0.44,62502.22624999986,0.721579979,715.3520000000001,808.9200416000001,76.532360204042,-153.064720408084,-2.0,-110.0,160.95420000000001,-3251.5999999999963,88559.99999999926,-108.0,5000178.099999988,5000178.099999988
2017-11-10,9.706747537976234,0.63625,636.25,0.87,62762.04562499988,0.5505600935906463,553.5375,358.96906875,174.11591050907185,169.00991856564235,3.0,121.0,64.26125,-1908.7500000000118,-15340.000000000302,118.0,-20.0,1.6219000000000001,1621.9,0.43,62762.04562499988,0.692021676,697.417,788.6391436,79.25326400194658,-158.50652800389315,-3.0,-113.0,160.5681,-4865.700000000033,42900.00000000162,-110.0,5020963.64999999,5020963.64999999
2017-11-13,9.666756108231324,0.6386999999999999,638.6999999999999,0.85,63190.975624999846,0.5427033412966514,542.895,352.06740749999994,178.26712807830668,172.32648492478268,2.0,123.0,64.5087,-1277.4000000000142,29644.99999999969,121.0,-20.0,1.6208000000000002,1620.8000000000002,0.42,63190.975624999846,0.675043208,680.7360000000001,769.7762688000001,81.53284034442797,-163.06568068885593,-4.0,-117.0,160.4592,-6483.200000000011,12429.99999999833,-113.0,5055278.049999988,5055278.049999988
2017-11-14,10.12117504466432,0.6515000000000001,651.5000000000001,0.91,64612.1293749999,0.5946128292044617,592.8650000000001,384.4729525000001,164.35740203337147,166.349003586602,-4.0,119.0,64.4985,-2605.9999999999945,157440.00000000102,123.0,-20.0,1.6239,1623.8999999999999,0.41,64612.1293749999,0.658483612,665.7989999999999,752.8855091999999,83.93171983366399,-167.86343966732798,-3.0,-120.0,160.7661,-4871.699999999975,-36269.999999996944,-117.0,5168970.349999992,5168970.349999992
2017-11-15,7.94584836521793,0.6516500000000001,651.6500000000001,0.99,63823.9574999999,0.6471361268346214,645.1335000000001,418.3690747500001,154.43811044974922,122.7141807444486,-31.0,88.0,64.51335,-20201.15000000011,1785.0000000000678,119.0,-20.0,1.6263999999999998,1626.3999999999999,0.39,63823.9574999999,0.62973857,634.2959999999999,717.2619168,90.0816394424803,-180.1632788849606,-9.0,-129.0,161.0136,-14637.599999999908,-30000.0,-120.0,5105916.599999992,5105916.599999992
2017-11-16,8.169492249344943,0.6476999999999999,647.6999999999999,1.01,63191.019999999895,0.657155676625524,654.1769999999999,424.2337844999999,150.44524936933664,122.90612986735627,0.0,88.0,64.77,0.0,-34760.0000000009,88.0,-20.0,1.627,1627.0,0.37,63191.019999999895,0.608745157,601.99,680.7302920000001,93.75806872422815,-187.5161374484563,-5.0,-134.0,161.07299999999998,-8135.000000000047,-7740.000000000293,-129.0,5055281.599999991,5055281.599999991
2017-11-17,8.23389277621596,0.6515500000000001,651.5500000000001,1.04,63220.29937499986,0.6769369123641493,677.6120000000001,439.43138200000004,143.8017915616229,118.40485327461599,-3.0,85.0,64.50345,-1954.650000000001,33880.00000000045,88.0,-20.0,1.6286000000000003,1628.6000000000004,0.38,63220.29937499986,0.612962207,618.8680000000002,699.8159344000002,90.29662929035455,-180.5932585807091,5.0,-129.0,164.48860000000002,-8143.000000000029,-21440.00000000335,-134.0,5057623.949999988,5057623.949999988
2017-11-20,8.304475249162191,0.65675,656.75,1.13,63554.08374999985,0.74486564783259,742.1274999999999,481.26968374999996,131.361482988902,109.0888184174577,-7.0,78.0,65.01825,-4597.250000000016,44199.999999999665,85.0,-20.0,1.6296000000000002,1629.6000000000001,0.38,63554.08374999985,0.623636646,619.248,700.2456384000001,90.28303199353401,-180.56606398706802,0.0,-129.0,162.96,0.0,-12899.999999999267,-129.0,5084326.699999988,5084326.699999988
2017-11-21,8.24352400229494,0.65625,656.25,1.22,63221.84499999985,0.7988346720824187,800.625,519.2053125,122.40645890925828,100.90605820543999,-6.0,72.0,64.96875,-3937.5,-3899.999999999778,78.0,-20.0,1.6308000000000002,1630.8000000000002,0.39,63221.84499999985,0.636943744,636.0120000000001,719.2023696000001,88.36745599899348,-176.73491199798696,2.0,-127.0,164.7108,-3261.599999999987,-15480.000000000586,-129.0,5057747.5999999875,5057747.5999999875
2017-11-22,8.722175814796222,0.65625,656.25,1.27,63290.90187499988,0.8352473685407918,833.4375,540.48421875,116.97260124674057,102.02555935881229,1.0,73.0,66.28125,-656.25,0.0,72.0,-20.0,1.6298,1629.8,0.4,63290.90187499988,0.644352905,651.9200000000001,737.1911360000001,85.76045195421318,-171.52090390842636,4.0,-123.0,164.60979999999998,-6519.199999999955,12700.000000002889,-127.0,5063272.14999999,5063272.14999999
2017-11-23,8.96791898927345,0.65455,654.55,1.29,63004.594999999856,0.8472690442362129,844.3695,547.57362075,115.58427849082953,103.6550445939381,1.0,74.0,66.10955,-654.5500000000004,-12410.000000000124,73.0,-20.0,1.6306,1630.6000000000001,0.4,63004.594999999856,0.654402526,652.2400000000001,737.5529920000001,85.8120061358247,-171.6240122716494,0.0,-123.0,163.06,0.0,-9840.000000001539,-123.0,5040367.599999988,5040367.599999988
2017-11-24,9.181343859731465,0.6594,659.4,1.32,63630.33249999984,0.8727231328744695,870.408,564.4595879999999,111.61931932671833,102.48153521277709,-1.0,73.0,65.28059999999999,-659.4000000000051,35889.999999999956,74.0,-20.0,1.6286000000000003,1628.6000000000004,0.38,63630.33249999984,0.620696383,618.8680000000002,699.8159344000002,90.030237813916,-180.060475627832,-6.0,-129.0,161.2314,-9771.600000000035,24599.999999998603,-123.0,5090426.599999987,5090426.599999987
2017-11-27,8.85252767813418,0.66125,661.25,1.38,63252.74812499984,0.9126563792875066,912.525,591.7724625,107.52499741401847,95.18680156989046,-5.0,68.0,65.46375,-3306.2499999999773,13505.000000000166,73.0,-20.0,1.6311000000000002,1631.1000000000001,0.37,63252.74812499984,0.603643935,603.5070000000001,682.4457156000001,93.2386723888458,-186.4773447776916,-5.0,-134.0,161.4789,-8155.500000000018,-32250.0,-129.0,5060219.849999987,5060219.849999987
2017-11-28,9.320953775278957,0.66565,665.65,1.47,63130.39874999988,0.977061922289196,978.5055,634.56081675,99.67956806560865,92.91086462793108,-1.0,67.0,65.89935,-665.6499999999994,29919.999999999847,68.0,-20.0,1.6317,1631.6999999999998,0.32,63130.39874999988,0.527780889,522.144,590.4404352,107.12807652405144,-214.2561530481029,-19.0,-153.0,161.5383,-31002.299999999905,-8039.999999996497,-134.0,5050431.89999999,5050431.89999999
2017-11-29,9.299642287623138,0.6627,662.6999999999999,1.47,63309.32124999988,0.9766166938231532,974.1689999999999,631.7485964999998,99.92962247918487,92.93097429936434,0.0,67.0,66.27,0.0,-19765.000000000113,67.0,-20.0,1.6248,1624.8,0.25,63309.32124999988,0.405650917,406.2,459.33096,137.4398946458995,-274.879789291799,-44.0,-197.0,160.8552,-71491.1999999997,105569.99999999965,-153.0,5064745.69999999,5064745.69999999
2017-11-30,9.431734710612009,0.6612,661.2,1.46,61587.77124999987,0.9649697749950586,965.3520000000001,626.0307720000001,101.12812992841168,95.38136932650816,1.0,68.0,66.7812,-661.1999999999938,-10049.999999999429,67.0,-20.0,1.6272,1627.2,0.2,61587.77124999987,0.330790971,325.44000000000005,368.0075520000001,172.03266863936494,-344.0653372787299,-49.0,-246.0,161.0928,-79732.7999999994,-47280.00000000179,-197.0,4927021.699999989,4927021.699999989
2017-12-01,9.661896401824016,0.6674500000000001,667.45,1.47,57970.67812499983,0.9825946943275332,981.1515,636.27674775,96.79399957296312,93.52135961921678,-1.0,67.0,66.07755,-667.4500000000023,42500.0,68.0,-19.912000085906183,1.6380000000000001,1638.0000000000002,0.23,57970.67812499983,0.377315076,376.74000000000007,426.0175920000001,144.56626300540157,-287.86034413826917,40.0,-206.0,165.43800000000002,-65520.00000000021,-265680.0000000031,-246.0,4637654.249999986,4637654.249999986
2017-12-04,9.327080650324142,0.66205,662.0500000000001,1.48,58057.80937499984,0.9771102377182972,979.8340000000001,635.422349,91.23172676603451,85.09256734151396,-6.0,61.0,65.54295,-3972.2999999999615,-36180.00000000042,67.0,-13.290781196619172,1.6297,1629.6999999999998,0.23,58057.80937499984,0.377165746,374.83099999999996,423.8588948,136.7688134806127,-181.7764374492042,76.0,-130.0,164.5997,-123857.20000000106,170980.0000000026,-206.0,4644624.749999987,4644624.749999987
2017-12-05,9.170725265081362,0.6554000000000001,655.4000000000001,1.4,56625.96437499986,0.9198929738401832,917.5600000000001,595.03766,97.56997460463232,89.47874312200486,3.0,64.0,66.1954,-1966.2000000000007,-40564.99999999951,61.0,-16.25816542553177,1.6316,1631.6,0.23,56625.96437499986,0.381507099,375.268,424.35305439999996,136.81487330658845,-222.4358842891686,-29.0,-159.0,161.5284,-47316.39999999976,-24699.999999999705,-130.0,4530077.149999988,4530077.149999988
2017-12-06,9.095144994897527,0.65565,655.65,1.34,55881.38874999982,0.878465850211133,878.571,569.7532935,99.38681359285526,90.39374802078711,1.0,65.0,66.22064999999999,-655.6499999999943,1599.9999999994543,64.0,-17.14930722006836,1.6352000000000002,1635.2000000000003,0.24,55881.38874999982,0.399586036,392.44800000000004,443.7801984000001,127.59912357324289,-218.8236571169009,2.0,-157.0,165.1552,-3270.399999999995,-57240.00000000217,-159.0,4470511.099999986,4470511.099999986
2017-12-07,9.87002958883553,0.6605500000000001,660.5500000000001,1.32,55164.854374999835,0.871271436840324,871.9260000000002,565.444011,98.82744827586443,97.54298386718948,5.0,70.0,66.71555000000001,-3302.750000000003,31850.00000000059,65.0,-14.121858888409047,1.6365,1636.5,0.26,55164.854374999835,0.423722787,425.49,481.144092,116.14273079341858,-164.01512551791373,40.0,-117.0,165.28650000000002,-65460.000000000495,-20409.999999999287,-157.0,4413188.349999987,4413188.349999987
2017-12-08,9.280625324957306,0.6581999999999999,658.1999999999999,1.33,56943.69937499981,0.8760680624170274,875.406,567.700791,97.17241062466626,90.18207349304281,-5.0,65.0,65.1618,-3290.999999999968,-16450.000000000953,70.0,-1.1146593987504023,1.6074000000000002,1607.4,0.38,56943.69937499981,0.610743536,610.812,690.7062096000001,79.86732073387144,-8.902485970902267,111.0,-6.0,162.34740000000002,-178421.4000000014,340469.9999999996,-117.0,4555495.949999984,4555495.949999984
2017-12-11,9.464011849124484,0.65675,656.75,1.33,54333.708749999794,0.8745385926230533,873.4775000000001,566.45015875,100.5272899925722,95.13914636500763,3.0,68.0,66.33175,-1970.2500000000073,-9424.999999999742,65.0,-20.0,1.6363999999999999,1636.3999999999999,0.38,54333.708749999794,0.628204584,621.832,703.1676256000001,80.98168530783936,-161.9633706156787,-110.0,-116.0,162.00359999999998,-180004.000000001,-17399.99999999986,-6.0,4346696.699999983,4346696.699999983
2017-12-12,9.96830670231812,0.6574500000000001,657.45,1.3,54811.22874999977,0.8516174806334222,854.6850000000001,554.2632225,98.02871008638823,97.71802477737438,2.0,70.0,66.40245,-1314.8999999999944,4760.000000000502,68.0,-20.0,1.6327,1632.7,0.38,54811.22874999977,0.627942938,620.426,701.5777208000001,77.44503158972005,-154.8900631794401,5.0,-111.0,164.9027,-8163.499999999999,42919.99999999723,-116.0,4384898.299999981,4384898.299999981
2017-12-13,9.9524417880815,0.6685,668.5,1.26,55749.338749999755,0.8450635084538682,842.3100000000001,546.238035,100.34312010147696,99.86590616444201,1.0,71.0,67.51849999999999,-668.4999999999945,77349.99999999929,70.0,-20.0,1.6327,1632.7,0.38,55749.338749999755,0.623986645,620.426,701.5777208000001,78.12566893871606,-156.25133787743212,-1.0,-112.0,161.6373,-1632.6999999999998,-0.0,-111.0,4459947.09999998,4459947.09999998
2017-12-14,8.83340762358756,0.6716,671.6,1.21,56006.07624999979,0.8152932498925122,812.636,526.9944459999999,105.78733641910101,93.44626640035088,-4.0,67.0,66.4884,-2686.399999999992,22010.00000000016,71.0,-20.0,1.6322999999999999,1632.3,0.38,56006.07624999979,0.624715402,620.274,701.4058392000001,79.4822849116648,-158.9645698233296,-2.0,-114.0,161.59769999999997,-3264.60000000003,4480.000000002292,-112.0,4480486.099999983,4480486.099999983
2017-12-15,8.97202085229718,0.67255,672.55,1.12,55684.79062499977,0.7511005813605932,753.256,488.48651599999994,114.65224610212125,102.86623427909399,7.0,74.0,67.92755,-4707.850000000008,6364.999999999924,67.0,-20.0,1.6347,1634.7,0.38,55684.79062499977,0.616395977,621.186,702.4371288000001,79.73108760021995,-159.4621752004399,0.0,-114.0,163.47,0.0,-27360.000000001037,-114.0,4454783.249999981,4454783.249999981
2017-12-18,9.463952128835324,0.67205,672.0500000000001,1.01,55514.93312499976,0.6783477475848853,678.7705000000001,440.18266925,126.50382333288503,119.72261281370649,12.0,86.0,67.87705,-8064.599999999984,-3699.99999999979,74.0,-20.0,1.6340000000000001,1634.0000000000002,0.36,55514.93312499976,0.59470665,588.24,665.181792,83.713642337642,-167.427284675284,-6.0,-120.0,161.766,-9804.000000000087,7979.999999999222,-114.0,4441194.649999981,4441194.649999981
2017-12-19,5.63279226629034,0.67785,677.8499999999999,1.1,57268.61562499977,0.7456418934851381,745.635,483.54429749999997,114.80837104691481,64.66917045384535,-40.0,46.0,67.10714999999999,-27114.000000000262,49879.999999999854,86.0,-20.0,1.6238,1623.8,0.37,57268.61562499977,0.59514088,600.8059999999999,679.3914248,81.71273745667648,-163.42547491335296,3.0,-117.0,164.00379999999998,-4871.399999999966,122400.00000000122,-120.0,4581489.249999981,4581489.249999981
2017-12-20,6.654340426833594,0.67655,676.55,1.16,57961.12312499975,0.7831569659525821,784.7979999999999,508.9415029999999,112.52494694856864,74.87793035071658,8.0,54.0,68.33155000000001,-5412.400000000048,-5979.999999999791,46.0,-20.0,1.6174000000000002,1617.4,0.4,57961.12312499975,0.643391534,646.96,731.5823680000001,78.2804754870743,-156.5609509741486,5.0,-112.0,163.3574,-8087.000000000017,74879.9999999984,-117.0,4636889.84999998,4636889.84999998
2017-12-21,7.078838828796465,0.6816500000000001,681.6500000000001,1.2,58217.56999999975,0.8212803520438807,817.9800000000001,530.4600300000001,109.26576904389901,77.34747685662592,1.0,55.0,68.84665000000001,-681.6500000000048,27540.000000000276,54.0,-20.0,1.6171000000000002,1617.1000000000001,0.43,58217.56999999975,0.689443737,695.3530000000001,786.3051724000001,73.71326701067971,-147.42653402135943,6.0,-106.0,163.3271,-9702.599999999962,3360.0000000001273,-112.0,4657405.59999998,4657405.59999998
2017-12-22,6.5182039483881535,0.6816500000000001,681.6500000000001,1.27,58056.85687499976,0.8630673496237679,865.6955000000002,561.4035317500001,103.70004231808922,67.59380252857878,-7.0,48.0,67.48335,-4771.550000000033,0.0,55.0,-20.0,1.6171000000000002,1617.1000000000001,0.45,58056.85687499976,0.731344196,727.695,822.877506,70.74876828629674,-141.49753657259348,5.0,-101.0,163.3271,-8085.499999999967,-0.0,-106.0,4644548.54999998,4644548.54999998
2017-12-25,6.701851258896343,0.68205,682.0500000000001,1.34,57991.47624999975,0.9163613279268592,913.9470000000001,592.6946295,97.95407952992048,65.647367121163,-1.0,47.0,67.52295,-682.0500000000038,1919.999999999618,48.0,-20.0,1.6171000000000002,1617.1000000000001,0.47,57991.47624999975,0.76770068,760.037,859.4498396,67.551187050102,-135.102374100204,4.0,-97.0,163.3271,-6468.399999999974,-0.0,-101.0,4639318.09999998,4639318.09999998
2017-12-26,6.359095071516115,0.68415,684.1500000000001,1.42,57918.456874999756,0.968585867809262,971.493,630.0132105,92.04803214201768,58.53421875370615,-5.0,42.0,67.73085,-3420.7500000000123,9870.000000000375,47.0,-20.0,1.6177000000000001,1617.7,0.49,57918.456874999756,0.794396626,792.673,896.3546284,64.6970232680284,-129.3940465360568,4.0,-93.0,163.38770000000002,-6470.800000000054,-5820.00000000022,-97.0,4633476.54999998,4633476.54999998
2017-12-27,6.493035290764966,0.68585,685.8499999999999,1.48,57374.34749999977,1.0174464359298865,1015.0579999999999,658.2651129999999,87.98652052368415,57.12995828718971,-1.0,41.0,67.89914999999999,-685.8500000000021,7139.999999999474,42.0,-20.0,1.6229,1622.9,0.49,57374.34749999977,0.799159559,795.221,899.2359068000001,64.40852332188004,-128.81704664376008,1.0,-92.0,163.9129,-1622.9000000000156,-48359.99999999831,-93.0,4589947.799999981,4589947.799999981
2017-12-28,7.198013840540013,0.6850499999999999,685.05,1.51,57801.763124999765,1.0357918468429683,1034.4254999999998,670.8249367499999,85.52804816404998,61.56320744392046,3.0,44.0,69.19005,-2055.150000000012,-3279.99999999993,41.0,-20.0,1.6179,1617.8999999999999,0.51,57801.763124999765,0.818964183,825.1289999999999,933.0558732,61.49079508307389,-122.98159016614777,4.0,-88.0,163.40789999999998,-6471.599999999967,46000.0,-92.0,4624141.049999981,4624141.049999981
2017-12-29,7.392632756622579,0.6850499999999999,685.05,1.55,57781.53937499976,1.0641300437382248,1061.8274999999999,688.5951337499998,83.94157944483118,62.05492698464955,0.0,44.0,68.505,0.0,0.0,44.0,-20.0,1.6179,1617.8999999999999,0.52,57781.53937499976,0.838120318,841.308,951.3510864,60.75755202396095,-121.51510404792188,1.0,-87.0,163.40789999999998,-1617.8999999999917,-0.0,-88.0,4622523.149999981,4622523.149999981
2018-01-01,7.600916684845505,0.68305,683.0500000000001,1.58,57742.206249999756,1.07904869367402,1079.219,699.8735215,82.55997348086522,62.7531479931111,1.0,45.0,68.98805,-683.0499999999944,-8799.9999999995,44.0,-20.0,1.6168,1616.8,0.53,57742.206249999756,0.854733292,856.904,968.9870432,59.630868937298665,-119.26173787459734,2.0,-85.0,163.29680000000002,-3233.600000000024,9569.999999998714,-87.0,4619376.49999998,4619376.49999998
2018-01-02,8.05373245100644,0.6777500000000001,677.7500000000001,1.6,57791.65749999977,1.081997573928081,1084.4000000000003,703.2334000000002,82.1095901446088,66.12886706864745,2.0,47.0,68.45275000000001,-1355.5000000000064,-23850.00000000005,45.0,-20.0,1.6128,1612.8,0.55,57791.65749999977,0.885469367,887.0400000000001,1003.0648320000001,57.56577681511193,-115.13155363022386,3.0,-82.0,162.8928,-4838.399999999979,34000.00000000048,-85.0,4623332.599999981,4623332.599999981
2018-01-03,7.558865668882127,0.6746,674.6,1.58,57262.03249999974,1.0686347598624286,1065.8680000000002,691.215398,83.60875302722896,63.19873328755656,-2.0,45.0,66.7854,-1349.1999999999962,-14805.00000000056,47.0,-20.0,1.6158000000000001,1615.8000000000002,0.56,57262.03249999974,0.90551974,904.8480000000002,1023.2021184000002,56.48117459956947,-112.96234919913896,1.0,-81.0,163.19580000000002,-1615.8000000000072,-24600.00000000093,-82.0,4580962.599999979,4580962.599999979
2018-01-04,8.215568041046955,0.6718500000000001,671.85,1.56,57014.831874999756,1.0456569705148109,1048.086,679.683771,84.2480502598314,69.21455892351885,5.0,50.0,67.85685000000001,-3359.2500000000314,-12374.999999999616,45.0,-20.0,1.6159000000000001,1615.9,0.57,57014.831874999756,0.921661001,921.063,1041.5380404,54.97833999227566,-109.9566799845513,2.0,-79.0,163.2059,-3231.800000000021,-809.9999999992633,-81.0,4561186.54999998,4561186.54999998
2018-01-05,8.325556947779482,0.67285,672.8499999999999,1.55,57036.93437499975,1.0409771851420195,1042.9174999999998,676.3319987499998,84.3000656192149,70.18449970143209,0.0,50.0,67.285,0.0,4999.999999999716,50.0,-20.0,1.6159000000000001,1615.9,0.55,57036.93437499975,0.891845091,888.7450000000001,1004.9928460000002,56.7315798335541,-113.4631596671082,-2.0,-81.0,159.9741,-3231.800000000021,-0.0,-79.0,4562954.7499999795,4562954.7499999795
2018-01-08,8.237981042982582,0.67375,673.75,1.51,56872.137499999735,1.0184321283159623,1017.3625,659.7595812499999,86.451089148165,71.21824335477805,1.0,51.0,68.04875,-673.7499999999983,4500.000000000171,50.0,-20.0,1.618,1618.0,0.55,56872.137499999735,0.889041994,889.9000000000001,1006.2989200000002,56.67991214280518,-113.35982428561036,0.0,-81.0,161.8,0.0,-17010.000000000644,-81.0,4549770.999999979,4549770.999999979
2018-01-09,8.768874784810022,0.6698000000000001,669.8000000000001,1.42,57067.96749999974,0.954041927792566,951.1160000000001,616.798726,92.20534203891941,80.8537098829864,7.0,58.0,67.6498,-4688.599999999966,-20144.999999999796,51.0,-20.0,1.6130000000000002,1613.0000000000002,0.55,57067.96749999974,0.892799903,887.1500000000002,1003.1892200000002,56.691336356265595,-113.38267271253119,0.0,-81.0,161.3,0.0,40500.0,-81.0,4565437.399999979,4565437.399999979
2018-01-10,8.719735870368883,0.67145,671.45,1.31,57366.76124999975,0.8805655379656836,879.5995000000001,570.4202757500001,100.04547511037475,87.2370117988032,4.0,62.0,67.81645,-2685.800000000029,9569.999999999538,58.0,-20.0,1.6107,1610.7,0.55,57366.76124999975,0.880364508,885.8850000000001,1001.7587580000002,56.96777497002899,-113.935549940058,-1.0,-82.0,159.45929999999998,-1610.7000000000085,18630.000000001473,-81.0,4589340.89999998,4589340.89999998
2018-01-11,9.230746324387749,0.6700499999999999,670.05,1.25,57950.21749999974,0.8391621813766258,837.5625,543.1592812499999,105.61682959366674,97.49221615652263,8.0,70.0,67.67505,-5360.400000000027,-8680.000000000035,62.0,-20.0,1.6031,1603.1,0.56,57950.21749999974,0.894665114,897.736,1015.1598688,56.51007591327644,-113.02015182655286,1.0,-81.0,161.91310000000001,-1603.100000000012,62319.99999999926,-82.0,4636017.399999979,4636017.399999979
2018-01-12,9.122743403144826,0.6700499999999999,670.05,1.16,57817.41687499974,0.7743110916503487,777.2579999999999,504.0518129999999,114.96877107750775,104.88305979150016,5.0,75.0,67.67505,-3350.250000000017,0.0,70.0,-20.0,1.6038,1603.8,0.57,57817.41687499974,0.918445244,914.1659999999999,1033.7389128,56.05885275522322,-112.11770551044644,1.0,-80.0,161.9838,-1603.8000000000068,-5669.999999999447,-81.0,4625393.349999979,4625393.349999979
2018-01-15,9.37977237979386,0.6700499999999999,670.05,1.02,57748.53374999974,0.6844766857383802,683.451,443.21797349999997,130.4491702320365,122.35835239094834,13.0,88.0,67.67505,-8710.650000000043,0.0,75.0,-20.0,1.6034000000000002,1603.4,0.57,57748.53374999974,0.908510686,913.938,1033.4810904,55.944339390498186,-111.88867878099636,0.0,-80.0,160.34,0.0,3199.9999999993634,-80.0,4619882.699999979,4619882.699999979
2018-01-16,9.299612918104073,0.65975,659.75,1.0,56108.75124999973,0.6603390543143178,659.75,427.847875,134.9744549975847,125.52101853095955,2.0,90.0,66.63475,-1319.500000000005,-90640.0000000001,88.0,-20.0,1.6077000000000001,1607.7,0.55,56108.75124999973,0.883869334,884.2350000000001,999.8929380000002,57.75471708552034,-115.50943417104068,-3.0,-83.0,159.16230000000002,-4823.099999999982,-34400.000000000546,-80.0,4488700.099999978,4488700.099999978
2018-01-17,7.918071060655322,0.6555,655.5,1.16,55333.70249999975,0.7618197512006467,760.38,493.10643,113.7862900104542,90.09679300311112,-25.0,65.0,64.8945,-16387.500000000087,-38249.999999999745,90.0,-20.0,1.6082,1608.2,0.52,55333.70249999975,0.844171191,836.264,945.6473312,59.33369597606678,-118.66739195213356,-2.0,-85.0,159.21179999999998,-3216.4000000000215,-4149.999999998585,-83.0,4426696.19999998,4426696.19999998
2018-01-18,8.451436165981441,0.65715,657.15,1.28,55649.762499999735,0.8399872518791206,841.152,545.487072,101.43907223524401,85.73058437325452,-4.0,61.0,65.05785,-2628.600000000006,10725.000000000406,65.0,-20.0,1.6058000000000001,1605.8000000000002,0.5,55649.762499999735,0.804249132,802.9000000000001,907.9193200000001,60.94561629110365,-121.8912325822073,-2.0,-87.0,158.97420000000002,-3211.599999999976,20399.999999998356,-85.0,4451980.999999979,4451980.999999979
2018-01-19,8.359224998561661,0.6607500000000001,660.7500000000001,1.34,55611.65937499975,0.8833415251113931,885.4050000000002,574.1851425000001,96.91954455265224,81.01722796737413,-3.0,58.0,65.41425,-1982.2500000000218,21959.999999999964,61.0,-20.0,1.6066,1606.6000000000001,0.45,55611.65937499975,0.716936073,722.97,817.534476,68.07023328518287,-136.14046657036573,-10.0,-97.0,159.05339999999998,-16066.000000000146,-6959.999999998616,-87.0,4448932.7499999795,4448932.7499999795
2018-01-22,8.682552893945894,0.65835,658.35,1.42,54910.48749999973,0.9368926032294972,934.857,606.2547645,91.72985126288397,79.64492855437797,-1.0,57.0,65.17665,-658.3499999999987,-13920.000000000528,58.0,-20.0,1.6074000000000002,1607.4,0.37,54910.48749999973,0.602419566,594.738,672.5297304000001,82.69026165121896,-165.38052330243792,-21.0,-118.0,159.1326,-33755.40000000026,-7760.000000001213,-97.0,4392838.999999978,4392838.999999978
2018-01-23,9.125890014986934,0.6581999999999999,658.1999999999999,1.49,54682.47249999972,0.9799979591744956,980.7179999999998,635.9956229999999,86.33783868037679,78.79096199288033,-1.0,56.0,65.1618,-658.1999999999937,-855.0000000000324,57.0,-20.0,1.608,1608.0,0.35,54682.47249999972,0.570263097,562.8,636.41424,86.28104785964521,-172.56209571929043,-6.0,-124.0,159.192,-9648.000000000025,-7080.000000000268,-118.0,4374597.799999977,4374597.799999977
2018-01-24,9.07993030265968,0.65905,659.0500000000001,1.54,55205.146249999736,1.0131284880603926,1014.9370000000001,658.1866445,83.0804954140933,75.43651078704043,-2.0,54.0,65.24595,-1318.1000000000154,4760.000000000446,56.0,-20.0,1.604,1604.0,0.37,55205.146249999736,0.587166075,593.48,671.1071840000001,81.48098217944231,-162.96196435888461,7.0,-117.0,162.00400000000002,-11228.000000000095,49600.000000000706,-124.0,4416411.699999979,4416411.699999979
2018-01-25,9.632563279171988,0.6591500000000001,659.1500000000001,1.55,55599.02187499974,1.02351323065194,1021.6825000000001,662.5611012500001,83.32083810209909,80.2593245492114,3.0,57.0,66.57415,-1977.4499999999903,540.0000000002763,54.0,-20.0,1.6005000000000003,1600.5000000000002,0.39,55599.02187499974,0.622079845,624.1950000000002,705.8397060000002,78.21201581708655,-156.4240316341731,5.0,-112.0,161.65050000000002,-8002.500000000055,40949.99999999934,-117.0,4447921.749999979,4447921.749999979
2018-01-26,9.584264830358563,0.6592,659.2,1.56,55826.76812499976,1.0253759473088917,1028.352,666.8862720000001,83.37106971516687,79.90504113404458,0.0,57.0,65.92,0.0,284.9999999997408,57.0,-20.0,1.5978999999999999,1597.8999999999999,0.42,55826.76812499976,0.667202618,671.1179999999999,758.9002343999999,73.26262314170626,-146.5252462834125,7.0,-105.0,161.3879,-11185.300000000068,29120.000000002165,-112.0,4466141.449999981,4466141.449999981
2018-01-29,9.854240191920123,0.6607999999999999,660.8,1.53,56976.39062499974,1.0108525691973946,1011.024,655.649064,85.14733138549828,83.9062255173719,3.0,60.0,66.7408,-1982.3999999999842,9119.999999999805,57.0,-20.0,1.5871000000000002,1587.1000000000001,0.51,56976.39062499974,0.804026948,809.421,915.2932668000001,60.99331236225342,-121.98662472450683,18.0,-87.0,160.2971,-28567.799999999865,113399.99999999833,-105.0,4558111.249999979,4558111.249999979
2018-01-30,10.06928634282628,0.66145,661.4499999999999,1.47,56647.11749999974,0.9734443572454512,972.3314999999999,630.5569777499999,90.35882978935086,90.98489307516749,5.0,65.0,66.80645,-3307.2500000000105,3899.9999999998636,60.0,-20.0,1.5891,1589.1,0.56,56647.11749999974,0.882864278,889.8960000000001,1006.2943968000001,56.62000186643565,-113.24000373287132,6.0,-81.0,160.4991,-9534.600000000011,-17399.99999999901,-87.0,4531769.399999979,4531769.399999979
2018-01-31,11.031335767655124,0.6605,660.5,1.38,56510.678749999744,0.9145908465828044,911.4899999999999,591.1012649999999,95.83318604469531,105.71680529431953,11.0,76.0,66.7105,-7265.499999999989,-6174.999999999926,65.0,-20.0,1.5882,1588.2,0.58,56510.678749999744,0.917619202,921.156,1041.6432048,54.38245767741194,-108.7649153548239,3.0,-78.0,160.4082,-4764.600000000001,7290.0000000002765,-81.0,4520854.299999979,4520854.299999979
2018-02-01,11.314776197696863,0.65815,658.15,1.3,56345.21562499975,0.8546610926675918,855.595,554.8533575,101.8479531323729,115.23867958863187,7.0,83.0,66.47315,-4607.050000000044,-17859.999999999956,76.0,-20.0,1.586,1586.0,0.62,56345.21562499975,0.979715435,983.3199999999999,1111.938256,50.82177759877321,-101.64355519754642,5.0,-73.0,160.186,-7930.000000000064,17159.999999999913,-78.0,4507617.2499999795,4507617.2499999795
2018-02-02,11.456367871467611,0.6526000000000001,652.6,1.23,56228.71312499975,0.8034181144666512,802.698,520.5496529999999,108.24176963767904,124.00575320279044,6.0,89.0,65.91260000000001,-3915.6000000000404,-46064.99999999939,83.0,-20.0,1.5787,1578.7,0.69,56228.71312499975,1.085081717,1089.3029999999999,1231.7838324,45.74277900304722,-91.48555800609444,8.0,-65.0,159.4487,-12629.599999999982,53289.99999999925,-73.0,4498297.049999979,4498297.049999979
2018-02-05,11.52984461484998,0.64905,649.0500000000001,1.19,55563.28937499974,0.7729342360898961,772.3695,500.88162074999997,112.25948566610437,129.4334426273162,4.0,93.0,65.55405,-2596.2000000000103,-31595.000000000353,89.0,-20.0,1.5809,1580.8999999999999,0.73,55563.28937499974,1.146847127,1154.0569999999998,1305.0076555999997,43.08688373107484,-86.17376746214968,3.0,-62.0,159.67090000000002,-4742.700000000042,-14299.999999999925,-65.0,4445063.149999979,4445063.149999979
2018-02-06,11.484895353781766,0.6526000000000001,652.6,1.14,55343.05437499973,0.7452696379968213,743.9639999999999,482.4606539999999,115.16646780278117,132.2674830979619,2.0,95.0,65.91260000000001,-1305.2000000000135,33015.00000000037,93.0,-20.0,1.5886000000000002,1588.6000000000001,0.73,55343.05437499973,1.160447184,1159.678,1311.3638824000002,42.3706113312426,-84.7412226624852,1.0,-61.0,160.44860000000003,-1588.6000000000138,-47740.00000000063,-62.0,4427444.349999978,4427444.349999978
2018-02-07,11.106301466794942,0.6526500000000001,652.6500000000001,1.12,55773.493124999746,0.7279365814775929,730.9680000000002,474.0327480000001,116.7494326256964,129.66543948182493,-2.0,93.0,64.61235,-1305.2999999999884,474.999999999568,95.0,-20.0,1.5823,1582.3,0.75,55773.493124999746,1.184872426,1186.725,1341.9486299999999,41.24081439317072,-82.48162878634145,2.0,-59.0,159.8123,-3164.600000000007,38430.000000001455,-61.0,4461879.44999998,4461879.44999998
2018-02-08,11.419143255012642,0.64955,649.55,1.13,55710.699999999735,0.7361109517728895,733.9914999999999,475.9934877499999,117.17280710843036,133.801306996313,3.0,96.0,65.60455,-1948.6500000000149,-28830.00000000021,93.0,-20.0,1.5774000000000001,1577.4,0.78,55710.699999999735,1.224972517,1230.372,1391.3046576000002,40.08718925818088,-80.17437851636176,2.0,-57.0,159.31740000000002,-3154.800000000023,28909.99999999886,-59.0,4456855.999999979,4456855.999999979
2018-02-09,11.794158288353309,0.65275,652.75,1.09,55831.99374999976,0.7094133726678857,711.4975000000001,461.40612875,120.7411356908634,142.40400662535882,6.0,102.0,65.92775,-3916.499999999985,30720.00000000071,96.0,-20.0,1.5804,1580.4,0.78,55831.99374999976,1.225358859,1232.7120000000002,1393.9507296000004,39.96604673106785,-79.9320934621357,0.0,-57.0,158.04,0.0,-17099.99999999903,-57.0,4466559.49999998,4466559.49999998
2018-02-12,11.802589459880654,0.65345,653.4499999999999,1.01,55866.281249999745,0.661127320052697,659.9844999999999,427.99994824999993,130.44859930073548,153.96312631630553,8.0,110.0,65.99845,-5227.600000000052,7139.999999999304,102.0,-20.0,1.5797,1579.7,0.76,55866.281249999745,1.197111106,1200.5720000000001,1357.6068176,41.12530448889502,-82.25060897779004,-2.0,-59.0,156.3903,-3159.400000000005,3989.999999999611,-57.0,4469302.4999999795,4469302.4999999795
2018-02-13,12.118978371067705,0.64495,644.95,1.06,54566.45562499975,0.6828529002062645,683.647,443.3450795,126.01082956194114,152.71225179814635,-1.0,109.0,63.85005,-644.9500000000014,-93499.99999999937,110.0,-20.0,1.5811000000000002,1581.1000000000001,0.74,54566.45562499975,1.177542922,1170.0140000000001,1323.0518312000002,42.22531569252987,-84.45063138505974,-1.0,-60.0,156.52890000000002,-1581.0999999999922,-8260.000000000871,-59.0,4365316.44999998,4365316.44999998
2018-02-14,11.09335989336446,0.6496500000000001,649.6500000000001,0.99,55243.97999999976,0.6459678139454637,643.1535000000001,417.08504475000007,130.82812800853785,145.13235081738654,-5.0,104.0,64.31535000000001,-3248.2499999999704,51229.999999999876,109.0,-20.0,1.5797999999999999,1579.8,0.74,55243.97999999976,1.164304227,1169.052,1321.9640015999998,41.27680901972887,-82.55361803945775,1.0,-59.0,159.5598,-1579.8000000000059,7800.000000001432,-60.0,4419518.399999981,4419518.399999981
2018-02-15,10.29574477831511,0.6528,652.8000000000001,0.91,55710.909999999756,0.5955549232887869,594.0480000000001,385.240128,143.40141637581368,147.64243838542745,2.0,106.0,65.9328,-1305.5999999999983,32759.999999999764,104.0,-20.0,1.5788,1578.8,0.75,55710.909999999756,1.181500035,1184.1,1338.98028,41.25824765694067,-82.51649531388134,0.0,-59.0,157.88,0.0,5899.999999999664,-59.0,4456872.79999998,4456872.79999998
2018-02-16,10.680008037833549,0.6528,652.8000000000001,0.81,54986.00249999974,0.5312044490152016,528.7680000000001,342.90604800000006,162.46697987665632,173.5148650965231,18.0,124.0,65.9328,-11750.399999999985,0.0,106.0,-20.0,1.5861,1586.1000000000001,0.73,54986.00249999974,1.16358684,1157.853,1309.3001724,42.55014333182238,-85.10028666364477,-2.0,-61.0,157.02390000000003,-3172.1999999999753,-43070.00000000108,-59.0,4398880.199999979,4398880.199999979
2018-02-19,10.980912208351103,0.6539,653.9000000000001,0.68,55183.45124999974,0.4448618699329493,444.6520000000001,288.356822,190.68736476780748,209.39212117571174,26.0,150.0,66.04390000000001,-17001.400000000187,13639.999999999929,124.0,-20.0,1.5827000000000002,1582.7000000000003,0.73,55183.45124999974,1.150796825,1155.371,1306.4935268000002,42.08670106056873,-84.17340212113746,1.0,-60.0,159.8527,-1582.6999999999884,20740.000000000207,-61.0,4414676.099999979,4414676.099999979
2018-02-20,11.581775114031188,0.6555,655.5,0.66,55227.53624999975,0.4355288930181112,432.63,280.56055499999997,196.68998462738196,227.80191691365894,13.0,163.0,66.2055,-8521.500000000045,23999.999999999487,150.0,-20.0,1.5838999999999999,1583.8999999999999,0.7,55227.53624999975,1.103678395,1108.7299999999998,1253.7518839999998,44.01465070899128,-88.02930141798257,-3.0,-63.0,156.8061,-4751.7,-7199.999999998568,-60.0,4418202.89999998,4418202.89999998
2018-02-21,11.837490374067134,0.65515,655.15,0.66,54949.71124999975,0.4354913891076555,432.399,280.4107515,196.95227788011456,233.1420693556451,4.0,167.0,66.17015,-2620.6000000000245,-5704.999999999444,163.0,-20.0,1.5851,1585.1,0.66,54949.71124999975,1.039511424,1046.166,1183.0045128,46.68412981729393,-93.36825963458786,-4.0,-67.0,156.92489999999998,-6340.400000000045,-7560.0000000002865,-63.0,4395976.89999998,4395976.89999998
2018-02-22,12.167368511013644,0.65595,655.95,0.66,54803.35812499975,0.4339179069673404,432.9270000000001,280.75315950000004,195.72250352537793,238.14278262914405,3.0,170.0,66.25095,-1967.8500000000126,13359.999999999714,167.0,-20.0,1.5876,1587.6,0.62,54803.35812499975,0.979258563,984.3119999999999,1113.0600095999998,49.368147966925,-98.73629593385,-4.0,-71.0,157.17239999999998,-6350.400000000036,-16750.0,-67.0,4384268.64999998,4384268.64999998
2018-02-23,12.489582249961554,0.6569499999999999,656.9499999999999,0.64,54195.06437499974,0.4199437462171861,420.448,272.660528,200.99483605855758,251.0341536770893,10.0,180.0,66.35194999999999,-6569.499999999948,16999.999999999032,170.0,-20.0,1.5948,1594.8,0.57,54195.06437499974,0.913701629,909.036,1027.9379088,53.31387981300972,-106.62775962601945,-5.0,-76.0,157.8852,-7973.999999999961,-51119.99999999992,-71.0,4335605.149999979,4335605.149999979
2018-02-26,12.450977153528074,0.65405,654.0500000000001,0.63,53318.77374999975,0.4144467195192474,412.05150000000003,267.21539775,202.81415229560713,252.52343766447675,1.0,181.0,66.05905,-654.049999999998,-52199.99999999857,180.0,-20.0,1.5956000000000001,1595.6000000000001,0.52,53318.77374999975,0.835611154,829.7120000000001,938.2383296000002,57.762577657752225,-115.52515531550446,-7.0,-83.0,157.9644,-11169.199999999932,-6080.00000000095,-76.0,4265501.89999998,4265501.89999998
2018-02-27,12.86213420893224,0.6546500000000001,654.6500000000001,0.62,53599.82499999977,0.4084719492453212,405.88300000000004,263.2151255,202.56728654447997,260.5447625874335,6.0,187.0,66.11965000000001,-3927.9000000000224,10860.000000000411,181.0,-20.0,1.5919999999999999,1591.9999999999998,0.46,53599.82499999977,0.724986896,732.3199999999999,828.107456,64.38629837671665,-128.7725967534333,-9.0,-92.0,157.60799999999998,-14328.000000000116,29880.00000000113,-83.0,4287985.999999981,4287985.999999981
2018-02-28,13.21082081348734,0.6496500000000001,649.6500000000001,0.63,51883.43249999976,0.4099459313783008,409.27950000000004,265.41775575,201.94513682229328,266.78610167145007,4.0,191.0,65.61465,-2598.5999999999763,-93500.0,187.0,-20.0,1.5944,1594.4,0.41,51883.43249999976,0.651403101,653.704,739.2084831999999,72.5097536326539,-145.0195072653078,-12.0,-104.0,157.8456,-19132.80000000009,-22080.000000000837,-92.0,4150674.5999999805,4150674.5999999805
2018-03-01,12.303691204387952,0.6497,649.7,0.63,51383.10374999976,0.4070736010276755,409.31100000000004,265.43818350000004,195.4633346863593,240.49205117608977,-19.0,172.0,64.3203,-12344.29999999992,954.9999999991314,191.0,-20.0,1.597,1597.0,0.39,51383.10374999976,0.622855789,622.83,704.2961640000001,73.66706671428038,-147.33413342856076,-1.0,-105.0,158.10299999999998,-1597.0000000000084,-27039.999999999054,-104.0,4110648.2999999807,4110648.2999999807
2018-03-02,12.650253652896588,0.6534000000000001,653.4000000000001,0.6,51976.914999999746,0.3920866188148343,392.04,254.23794,202.10635654930087,255.66966752114135,11.0,183.0,65.99340000000001,-7187.400000000053,63640.000000000786,172.0,-20.0,1.5977000000000001,1597.7,0.39,51976.914999999746,0.621302395,623.1030000000001,704.6048724000001,72.92470682892166,-145.84941365784331,1.0,-104.0,161.3677,-1597.7000000000032,-7350.000000002268,-105.0,4158153.199999979,4158153.199999979
2018-03-05,12.511350507076688,0.65125,651.25,0.56,54587.59249999975,0.3657273574495066,364.70000000000005,236.50795000000002,219.76815155684932,274.9596374420093,14.0,197.0,65.77625,-9117.500000000064,-39345.000000000626,183.0,-20.0,1.5719,1571.9,0.43,54587.59249999975,0.683397883,675.917,764.3269436,68.00351006231327,-136.00702012462654,7.0,-97.0,158.7619,-11003.299999999996,268320.0000000013,-104.0,4367007.39999998,4367007.39999998
2018-03-06,13.058409118856376,0.6506000000000001,650.6,0.5,54637.176249999764,0.3276780686187047,325.3,210.95705,258.76164129143706,337.9015376250344,45.0,242.0,65.7106,-29276.999999999873,-12804.999999999553,197.0,-20.0,1.5656999999999999,1565.6999999999998,0.5,54637.176249999764,0.785907543,782.8499999999999,885.24678,61.66370071405372,-123.32740142810744,9.0,-88.0,158.13569999999999,-14091.299999999934,60140.000000000444,-97.0,4370974.099999981,4370974.099999981
2018-03-07,13.409505794580967,0.6569,656.9000000000001,0.46,55947.82624999974,0.2995445153123167,302.17400000000004,195.95983900000002,278.8182340260024,373.88147248065115,26.0,268.0,66.3469,-17079.40000000019,152459.9999999989,242.0,-20.0,1.5681,1568.1000000000001,0.54,55947.82624999974,0.848464888,846.7740000000001,957.5320392000001,57.06041574927153,-114.12083149854307,6.0,-82.0,158.37810000000002,-9408.600000000093,-21120.0000000008,-88.0,4475826.099999979,4475826.099999979
2018-03-08,12.338496149467392,0.66235,662.35,0.51,56976.53999999974,0.3401424946308297,337.7985,219.06232724999998,255.39684048983256,315.1212932969937,-42.0,226.0,65.57265,-27818.70000000015,146060.00000000047,268.0,-20.0,1.5721,1572.1000000000001,0.56,56976.53999999974,0.878803543,880.3760000000002,995.5291808000003,56.199082185657744,-112.39816437131549,2.0,-80.0,158.7821,-3144.200000000012,-32800.000000000466,-82.0,4558123.199999979,4558123.199999979
2018-03-09,11.463786011886697,0.6627,662.6999999999999,0.59,56937.874999999745,0.3922474771369904,390.99299999999994,253.55896049999996,224.70726290897437,257.5995977305247,-42.0,184.0,65.6073,-27833.40000000004,7909.999999999229,226.0,-20.0,1.5697999999999999,1569.8,0.58,56937.874999999745,0.915459812,910.4839999999999,1029.5753072,55.33984702386784,-110.6796940477357,1.0,-79.0,158.5498,-1569.800000000015,18400.000000001455,-80.0,4555029.9999999795,4555029.9999999795
2018-03-12,11.78327745343859,0.6612,661.2,0.62,55849.21249999975,0.411938810165192,409.944,265.848684,214.17399606160828,252.36716189055943,-3.0,181.0,65.45880000000001,-1983.5999999999813,-27599.999999998432,184.0,-15.02026707008853,1.5727000000000002,1572.7000000000003,0.6,55849.21249999975,0.937498089,943.6200000000001,1067.0454960000002,53.360306766150984,-80.14860585694399,22.0,-57.0,158.8427,-34599.39999999994,-22910.000000001615,-79.0,4467936.9999999795,4467936.9999999795
2018-03-13,12.390287909569947,0.6605,660.5,0.65,55503.88499999973,0.4321241141002986,429.325,278.4172625,200.59536538256046,248.54343304153048,-3.0,178.0,65.3895,-1981.4999999999968,-12670.000000001337,181.0,-15.00967640298772,1.5747,1574.7,0.6,55503.88499999973,0.941714217,944.8199999999999,1068.402456,52.273571804668094,-78.4609397216411,1.0,-56.0,159.0447,-1574.700000000007,-11399.999999999352,-57.0,4440310.799999978,4440310.799999978
2018-03-14,12.369309507286664,0.6644,664.4,0.72,55679.10999999973,0.4770351139978576,478.36799999999994,310.22164799999996,178.91686591775098,221.30780906103706,-20.0,158.0,65.7756,-13288.000000000011,69420.0000000001,178.0,-12.526981816476244,1.5794,1579.3999999999999,0.6,55679.10999999973,0.94318609,947.6399999999999,1071.5913119999998,51.79575868005894,-64.88445271556898,10.0,-46.0,159.5194,-15793.999999999925,-26319.999999999935,-56.0,4454328.799999978,4454328.799999978
2018-03-15,12.555224042416674,0.65995,659.95,0.72,54573.16749999975,0.476598887941352,475.164,308.143854,180.69193747411148,226.86277576458147,4.0,162.0,66.65495,-2639.7999999999797,-70309.99999999892,158.0,-11.229993067088715,1.5814,1581.3999999999999,0.59,54573.16749999975,0.938544973,933.0259999999998,1055.0658007999998,52.77311610117705,-59.264172794488616,4.0,-42.0,159.7214,-6325.600000000009,-9199.999999999476,-46.0,4365853.39999998,4365853.39999998
2018-03-16,12.224862222796553,0.6580500000000001,658.0500000000002,0.73,54048.58937499975,0.4779314804309564,480.37650000000014,311.5241602500001,175.18117200349548,214.1565691770757,-9.0,153.0,65.14695,-5922.450000000026,-30779.999999999633,162.0,-10.76960609574756,1.5819,1581.9,0.59,54048.58937499975,0.93789214,933.321,1055.3993868,51.70854577191588,-55.6880669747467,2.0,-40.0,159.7719,-3163.7999999999806,-2100.0000000004775,-42.0,4323887.14999998,4323887.14999998
2018-03-19,12.096679739348383,0.6573000000000001,657.3000000000001,0.73,53840.72437499975,0.4781999233098919,479.82900000000006,311.1691065,173.69522952626323,210.11355638318156,-3.0,150.0,65.0727,-1971.9000000000192,-11475.000000000435,153.0,-11.070880625364746,1.5823,1582.3,0.59,53840.72437499975,0.936491146,933.5569999999999,1055.6662555999999,51.19855739281978,-56.681311708679345,-1.0,-41.0,156.6477,-1582.3000000000036,-1599.9999999996817,-40.0,4307257.94999998,4307257.94999998
2018-03-20,6.218571282844096,0.6547,654.6999999999999,0.65,52905.01562499972,0.4266396801207922,425.55499999999995,275.97241749999995,195.0945854036292,121.32095862293836,-63.0,87.0,64.8153,-41246.10000000034,-39000.000000000764,150.0,-10.988841155039283,1.5806,1580.6,0.59,52905.01562499972,0.93680343,932.5539999999999,1054.5320631999998,51.056507671866264,-56.10518527371829,1.0,-40.0,159.6406,-1580.600000000004,6969.999999999487,-41.0,4232401.249999978,4232401.249999978
2018-03-21,11.552854584708868,0.6594,659.4,0.63,52868.21812499972,0.4127788956009706,415.42199999999997,269.401167,196.38005363577258,226.87502029914086,75.0,162.0,66.5994,-49455.00000000038,40889.9999999999,87.0,-11.27016921999235,1.5788,1578.8,0.59,52868.21812499972,0.93810305,931.492,1053.3311535999999,50.226384593472574,-56.605985367685264,-1.0,-41.0,156.3012,-1578.800000000001,7200.000000000273,-40.0,4229457.449999978,4229457.449999978
2018-03-22,10.773223196779224,0.6585,658.5,0.62,52026.87812499971,0.4092192769818499,408.27,264.76309499999996,199.68122114979707,215.1210363652196,-8.0,154.0,65.19149999999999,-5268.000000000029,-14580.000000000553,162.0,-11.140898396967296,1.5896000000000001,1589.6000000000001,0.6,52026.87812499971,0.946603049,953.76,1078.511808,49.01960065049165,-54.61223903070394,2.0,-39.0,160.5496,-3179.1999999999803,-44280.00000000051,-41.0,4162150.2499999767,4162150.2499999767
2018-03-23,10.6823681622635,0.6531,653.1,0.62,50776.62062499973,0.4081683680217607,404.922,262.591917,198.12825436283214,211.64789564503627,-2.0,152.0,64.65690000000001,-1306.1999999999898,-83159.99999999878,154.0,-7.668921021843193,1.5887,1588.7,0.6,50776.62062499973,0.951980392,953.22,1077.901176,48.26683492272181,-37.015454499669644,12.0,-27.0,160.4587,-19064.399999999863,3510.000000000133,-39.0,4062129.649999978,4062129.649999978
2018-03-26,9.767950789504464,0.6554000000000001,655.4000000000001,0.62,51054.098124999735,0.4054459478815211,406.34800000000007,263.516678,192.6884514876881,188.21713118375555,-17.0,135.0,64.8846,-11141.800000000003,34960.000000000604,152.0,-7.879694752863051,1.5893000000000002,1589.3000000000002,0.6,51054.098124999735,0.960973812,953.58,1078.308264,47.08915096008179,-37.10481357369326,0.0,-27.0,158.93,0.0,-1620.0000000000614,-27.0,4084327.8499999787,4084327.8499999787
2018-03-27,10.253883951764616,0.65485,654.85,0.62,50782.83249999973,0.406289408328857,406.007,263.29553949999996,193.90415128927674,198.82706650856528,7.0,142.0,66.13985,-4583.949999999973,-7425.00000000092,135.0,-7.694190173106856,1.5922999999999998,1592.2999999999997,0.61,50782.83249999973,0.978757716,971.3029999999998,1098.3494323999998,46.48256430873879,-35.764568952510544,1.0,-26.0,160.82229999999998,-1592.2999999999945,-8099.99999999954,-27.0,4062626.599999978,4062626.599999978
2018-03-28,10.170558603033143,0.65435,654.35,0.62,50620.075624999736,0.407649052478821,405.697,263.09450449999997,193.02125902063352,196.3134026500593,-1.0,141.0,64.78065000000001,-654.3499999999938,-7099.999999999596,142.0,-7.432945196692525,1.5931,1593.1,0.63,50620.075624999736,0.997647232,1003.6529999999999,1134.9308124,44.74531129577052,-33.25894466704092,2.0,-24.0,160.9031,-3186.1999999999853,-2080.000000000325,-26.0,4049606.0499999784,4049606.0499999784
2018-03-29,10.822521690306438,0.65435,654.35,0.63,50511.25812499973,0.4096263541166302,412.2405,267.33796424999997,189.3486238178375,204.92295882982208,6.0,147.0,66.08935,-3926.0999999999626,0.0,141.0,-6.789033043411791,1.5931,1593.1,0.64,50511.25812499973,1.012649166,1019.584,1152.9455871999999,43.90499966952798,-29.80724935274092,3.0,-21.0,160.9031,-4779.299999999977,-0.0,-24.0,4040900.6499999785,4040900.6499999785
2018-03-30,11.127441115516016,0.6533,653.3,0.63,50265.74187499972,0.4138078257519489,411.57899999999995,266.9089815,189.24525447263653,210.5815425535107,4.0,151.0,65.9833,-2613.200000000006,-15435.000000000586,147.0,-6.980310835460954,1.5931,1593.1,0.63,50265.74187499972,1.005556728,1003.6529999999999,1134.9308124,44.50602413215417,-31.066588249296245,-1.0,-22.0,157.7169,-1593.0999999999926,-0.0,-21.0,4021259.3499999777,4021259.3499999777
2018-04-02,11.399256583525364,0.6497499999999999,649.7499999999999,0.66,49518.38499999972,0.4316013785739056,428.8349999999999,278.0994974999999,180.74733081817143,206.03852007836775,-3.0,148.0,64.32525,-1949.2499999999923,-53605.000000000604,151.0,-7.17697778874961,1.5943,1594.3,0.63,49518.38499999972,0.999524887,1004.409,1135.7856972,44.25636103616865,-31.762692016746605,-1.0,-23.0,157.8357,-1594.300000000004,-2640.0000000001,-22.0,3961470.799999977,3961470.799999977
2018-04-03,11.236875673026278,0.6524500000000001,652.45,0.67,49938.433124999734,0.4367067093449553,437.14150000000006,283.48626275000004,174.67648879927856,196.28179876382603,-7.0,141.0,64.59255,-4567.150000000012,39960.00000000151,148.0,-8.288042358342103,1.5930000000000002,1593.0000000000002,0.63,49938.433124999734,1.003153361,1003.5900000000001,1134.8595720000003,43.63393165264654,-36.163987379813875,-3.0,-26.0,157.70700000000002,-4778.999999999968,2989.9999999998954,-23.0,3995074.6499999785,3995074.6499999785
2018-04-04,11.278161060234094,0.65815,658.15,0.64,50810.28624999973,0.4185354425297243,421.216,273.158576,182.81847070765127,206.185615742658,7.0,148.0,66.47315,-4607.050000000044,80369.99999999904,141.0,-8.03190905453029,1.5947,1594.7,0.63,50810.28624999973,1.004491248,1004.6610000000001,1136.0706588,43.95715419474728,-35.30598647881748,1.0,-25.0,161.0647,-1594.699999999989,-4419.999999999674,-26.0,4064822.899999978,4064822.899999978
2018-04-05,10.490439032989912,0.6613500000000001,661.3500000000001,0.62,51422.052499999736,0.4071061491227226,410.0370000000001,265.90899450000006,191.0814876553554,200.45286965815203,-4.0,144.0,65.47365,-2645.399999999995,47360.00000000109,148.0,-8.712318180611243,1.5911000000000002,1591.1000000000001,0.62,51422.052499999736,0.978818505,986.4820000000001,1115.5138456000002,45.54877238898855,-39.683539778910834,-3.0,-28.0,157.5189,-4773.300000000035,8999.99999999963,-25.0,4113764.1999999788,4113764.1999999788
2018-04-06,10.473826424054767,0.65945,659.4499999999999,0.61,50671.329999999725,0.4044597219174266,402.26449999999994,260.86852824999994,197.11865147151858,206.45865404564333,4.0,148.0,66.60445,-2637.800000000027,-27360.000000001717,144.0,-11.744165708948517,1.595,1595.0,0.6,50671.329999999725,0.963961963,957.0,1082.1756,47.51729063194525,-55.8050935221832,-12.0,-40.0,157.905,-19139.999999999985,-10919.999999999618,-28.0,4053706.3999999776,4053706.3999999776
2018-04-09,11.023693903832262,0.6618,661.8000000000001,0.6,51048.609999999746,0.3972439426685292,397.08000000000004,257.50638000000004,196.77698859344656,216.92092895720475,7.0,155.0,66.8418,-4632.599999999997,34780.00000000202,148.0,-10.35496759878358,1.5930000000000002,1593.0000000000002,0.6,51048.609999999746,0.950737959,955.8000000000001,1080.8186400000002,46.882361318268636,-48.54653324051363,5.0,-35.0,160.893,-7964.999999999946,7999.999999999545,-40.0,4083888.7999999793,4083888.7999999793
2018-04-10,11.148171978955228,0.6634000000000001,663.4000000000001,0.59,51418.22999999974,0.3884191249841892,391.406,253.826791,201.11592554467487,224.20749256787903,6.0,161.0,67.0034,-3980.3999999999746,24799.999999999472,155.0,-9.580299322462832,1.5905000000000002,1590.5000000000002,0.55,51418.22999999974,0.8747975,874.7750000000002,989.1955700000002,51.60618541791462,-49.44027031941387,0.0,-35.0,159.05,0.0,8750.0,-35.0,4113458.399999979,4113458.399999979
2018-04-11,11.371872159267465,0.65145,651.4499999999999,0.63,48783.84499999973,0.4090468595652079,410.41349999999994,266.15315474999994,193.19038336516186,219.69363420284927,-4.0,157.0,64.49355,-2605.799999999988,-192395.00000000116,161.0,-8.735363492859983,1.595,1595.0,0.51,48783.84499999973,0.81795986,813.45,919.8492600000001,55.89853928892625,-48.82940594086858,0.0,-35.0,159.5,0.0,-15749.999999999602,-35.0,3902707.599999978,3902707.599999978
2018-04-12,9.266473930722814,0.6552,655.2,0.61,49349.57749999974,0.3999882289770169,399.672,259.187292,188.21850648449126,174.4121883618121,-32.0,125.0,64.8648,-20966.399999999794,58875.0,157.0,-8.722137941603053,1.5929,1592.9,0.48,49349.57749999974,0.771099432,764.592,864.6006336,56.4235591603431,-49.21340661527131,0.0,-35.0,159.29,0.0,7350.000000000278,-35.0,3947966.1999999788,3947966.1999999788
2018-04-13,9.015911088624538,0.6469,646.9,0.67,47814.28749999974,0.435992641360145,433.423,281.0748155,175.57452599306157,158.29643157808408,-12.0,113.0,64.0431,-7762.800000000027,-103749.99999999978,125.0,-8.90969642972364,1.5934000000000001,1593.4,0.43,47814.28749999974,0.689160601,685.162,774.7811896000001,63.69485754484783,-56.750184485908655,-6.0,-41.0,157.7466,-9560.400000000016,-1750.000000000398,-35.0,3825142.9999999786,3825142.9999999786
2018-04-16,8.301556543527926,0.64535,645.35,0.75,47316.316249999734,0.4817319448132483,484.01250000000005,313.88210625,152.33199519158552,126.45926714713714,-22.0,91.0,63.889649999999996,-14197.70000000001,-17515.000000000127,113.0,-10.23448934225804,1.5915000000000001,1591.5000000000002,0.38,47316.316249999734,0.61169791,604.7700000000001,683.8739160000001,69.91681709351776,-71.55629193882123,-10.0,-51.0,157.5585,-15914.999999999964,7789.999999999907,-41.0,3785305.2999999784,3785305.2999999784
2018-04-17,8.504462945524269,0.6424500000000001,642.45,0.85,46585.834999999744,0.544742905708968,546.0825,354.13450124999997,133.6111451524373,113.62910330579675,-10.0,81.0,63.60255,-6424.500000000036,-26389.999999999276,91.0,-11.01176994853294,1.5934000000000001,1593.4,0.34,46585.834999999744,0.540964263,541.7560000000001,612.6176848000001,77.23628851074872,-85.05082407588829,-10.0,-61.0,157.7466,-15934.000000000025,-9689.999999999884,-51.0,3726866.7999999793,3726866.7999999793
2018-04-18,8.62912441691352,0.6447499999999999,644.7499999999999,0.86,46832.963124999726,0.5514055524931563,554.4849999999999,359.5835224999999,129.55497703596737,111.79460156737363,-1.0,80.0,63.83024999999999,-644.7500000000019,18629.99999999917,81.0,-11.815371121089838,1.5905000000000002,1590.5000000000002,0.31,46832.963124999726,0.497049629,493.05500000000006,557.5465940000001,83.55505262040886,-98.72339557523205,-10.0,-71.0,157.45950000000002,-15904.999999999916,17689.999999999516,-61.0,3746637.049999978,3746637.049999978
2018-04-19,8.796189273721499,0.6430500000000001,643.0500000000001,0.91,47388.34437499976,0.585952714235808,585.1755,379.48631175,123.41146880642322,108.55506381692753,-2.0,78.0,63.661950000000004,-1286.1000000000047,-13599.999999999,80.0,-11.399759473515688,1.5816999999999999,1581.6999999999998,0.31,47388.34437499976,0.494893254,490.32699999999994,554.4617715999999,84.46563049758097,-96.28878714512743,2.0,-69.0,159.7517,-3163.400000000024,62480.000000001695,-71.0,3791067.5499999807,3791067.5499999807
2018-04-20,8.999761107180511,0.64275,642.75,0.97,47337.99312499975,0.6202637207836159,623.4675,404.31867374999996,117.20543089311062,105.482087850215,-2.0,76.0,63.632250000000006,-1285.4999999999989,-2340.0000000000887,78.0,-11.895442103502049,1.5813,1581.3,0.32,47337.99312499975,0.499168642,506.016,572.2028928000001,82.81737993862822,-98.51493482236842,-2.0,-71.0,156.5487,-3162.5999999999976,2759.9999999994507,-69.0,3787039.44999998,3787039.44999998
2018-04-23,9.25183841164502,0.64625,646.25,0.98,47963.36812499974,0.6301611566261076,633.3249999999999,410.7112624999999,115.25857079460967,106.63536725488765,0.0,76.0,64.625,0.0,26599.999999999567,76.0,-12.759273833489132,1.578,1578.0,0.34,47963.36812499974,0.533359479,536.52,606.696816,78.02578137314595,-99.55523106119247,0.0,-71.0,157.8,0.0,23429.99999999887,-71.0,3837069.4499999788,3837069.4499999788
2018-04-24,9.59057616307897,0.6498,649.8000000000001,0.97,48058.86562499976,0.6319405958266134,630.306,408.753441,117.34058558053762,112.53638230304318,5.0,81.0,65.6298,-3248.9999999999955,26980.000000000302,76.0,-15.046086658588337,1.5776,1577.6,0.35,48058.86562499976,0.557998507,552.16,624.382528,76.81728103224525,-115.5799467288296,-12.0,-83.0,156.1824,-18931.199999999877,2840.000000001453,-71.0,3844709.2499999804,3844709.2499999804
2018-04-25,9.340168300794415,0.6504000000000001,650.4000000000001,0.95,48093.84062499975,0.617668128248261,617.8800000000001,400.69518000000005,119.93871657003649,112.02477985454206,-1.0,80.0,64.3896,-650.4000000000048,4860.000000000184,81.0,-16.018326962249954,1.5772,1577.2,0.36,48093.84062499975,0.571880815,567.792,642.0591936000001,74.8511447294067,-119.89901097743288,-3.0,-86.0,156.1428,-4731.600000000015,3319.9999999993397,-83.0,3847507.24999998,3847507.24999998
2018-04-26,8.696992116557393,0.6524,652.4,0.93,47626.97062499974,0.60423070923866,606.732,393.46570199999996,122.23134158971689,106.30450142020015,-4.0,76.0,64.5876,-2609.6000000000004,15999.99999999909,80.0,-16.465100193153923,1.5831,1583.1,0.37,47626.97062499974,0.587079779,585.747,662.3627076,72.60952356340019,-119.55230804485548,0.0,-86.0,158.31,0.0,-50740.00000000029,-86.0,3810157.649999979,3810157.649999979
2018-04-27,9.176148789881193,0.6548999999999999,654.9,0.93,47205.83937499975,0.606542455222263,609.057,394.9734645,120.5827097404913,110.64848860658044,3.0,79.0,66.14489999999999,-1964.6999999999935,19000.0,76.0,-14.299157674121616,1.5866,1586.6,0.37,47205.83937499975,0.589726773,587.0419999999999,663.8270935999999,71.74604815647697,-102.59080550845867,13.0,-73.0,160.2466,-20625.800000000054,-30099.999999999513,-86.0,3776467.1499999794,3776467.1499999794
2018-04-30,9.002135838020155,0.6578499999999999,657.8499999999999,0.93,47381.54312499975,0.6139131317380171,611.8004999999999,396.75262424999994,118.98053469522768,107.10789354067097,-2.0,77.0,65.12715,-1315.6999999999925,23305.000000000135,79.0,-13.295919530918326,1.5866,1586.6,0.37,47381.54312499975,0.592361095,587.0419999999999,663.8270935999999,71.11164914796987,-94.54947647823042,5.0,-68.0,160.2466,-7933.000000000021,-0.0,-73.0,3790523.4499999797,3790523.4499999797
2018-05-01,9.398661092468917,0.6492,649.2,0.95,46416.95062499974,0.6144114392275932,616.74,399.95589,118.4669217522956,111.34304482178602,3.0,80.0,65.56920000000001,-1947.6000000000226,-66604.9999999996,77.0,-13.67052576937306,1.5874000000000001,1587.4,0.37,46416.95062499974,0.590054235,587.3380000000001,664.1618104000001,71.34036071189277,-97.52602395082997,-2.0,-70.0,157.1526,-3174.8000000000047,-5440.00000000085,-68.0,3713356.0499999793,3713356.0499999793
2018-05-02,8.374336539233585,0.6542,654.2,0.94,46966.42562499975,0.6141839436632341,614.948,398.793778,116.39336716281403,97.4717227555984,-10.0,70.0,64.7658,-6542.00000000003,40000.0,80.0,-14.039243238830895,1.5859,1585.9,0.37,46966.42562499975,0.587200136,586.783,663.5342164,69.95411762913233,-98.21028729531773,0.0,-70.0,158.59,0.0,10500.000000000398,-70.0,3757314.04999998,3757314.04999998
2018-05-03,8.254903449567603,0.6581999999999999,658.1999999999999,0.95,46653.99812499975,0.624959998709557,625.2899999999998,405.5005649999999,115.82332967896053,95.6110403707257,-2.0,68.0,65.1618,-1316.3999999999874,27999.999999999403,70.0,-14.37247543008994,1.5926,1592.6,0.37,46653.99812499975,0.585756491,589.262,666.3374696,70.48444334549208,-101.30359301866513,-3.0,-73.0,157.6674,-4777.800000000014,-46899.99999999913,-70.0,3732319.84999998,3732319.84999998
2018-05-04,8.26447205722329,0.66225,662.25,0.99,46839.388749999736,0.6564257383642378,655.6274999999999,425.17443374999993,109.72907687208688,90.68528896742684,-3.0,65.0,65.56275,-1986.7500000000007,27540.000000000076,68.0,-11.328204246793318,1.5908000000000002,1590.8000000000002,0.36,46839.388749999736,0.580464469,572.688,647.5955904,72.04187121808998,-81.61050314797042,15.0,-58.0,160.6708,-23862.000000000022,13139.999999998423,-73.0,3747151.0999999787,3747151.0999999787
2018-05-07,8.268150732998716,0.6635500000000001,663.5500000000001,1.04,46653.81187499975,0.6891253514325338,690.0920000000001,447.52466200000003,104.66325708324814,86.53715857708912,-3.0,62.0,65.69145,-1990.6500000000024,8450.000000000628,65.0,-12.158619868722983,1.5931,1593.1,0.36,46653.81187499975,0.576106761,573.516,648.5318927999999,72.22372449221166,-87.81408116041794,-5.0,-63.0,157.7169,-7965.499999999964,-13339.999999999407,-58.0,3732304.9499999797,3732304.9499999797
2018-05-08,8.194020510447984,0.66015,660.15,1.07,46636.77687499975,0.703163506343772,706.3605,458.07478425,101.8475879465521,83.45412245737029,-2.0,60.0,65.35485,-1320.3000000000031,-21080.00000000021,62.0,-11.1990680359943,1.5885,1588.5,0.36,46636.77687499975,0.56888839,571.86,646.6592880000001,72.14589311674705,-80.7966765532023,5.0,-58.0,160.4385,-7942.500000000053,28980.000000000502,-63.0,3730942.14999998,3730942.14999998
2018-05-09,8.823943474924214,0.65845,658.4499999999999,1.07,46337.36062499975,0.7040315452120505,704.5414999999999,456.89516274999994,102.0732559178309,90.06886405204133,4.0,64.0,66.50345,-2633.800000000008,-10200.000000000102,60.0,-12.229377828449389,1.5885,1588.5,0.35,46337.36062499975,0.553849558,555.9749999999999,628.6965299999999,74.18010860502086,-90.71765754862098,-7.0,-65.0,157.26149999999998,-11119.500000000073,-0.0,-58.0,3706988.8499999796,3706988.8499999796
2018-05-10,9.316101532759294,0.6626500000000001,662.6500000000001,1.07,46449.87749999975,0.7105823316034522,709.0355000000002,459.8095217500001,100.77512194319786,93.88312679990304,3.0,67.0,66.92765,-1987.949999999998,26880.00000000011,64.0,-12.573934759341157,1.5907,1590.7,0.35,46449.87749999975,0.553036467,556.745,629.5672460000001,73.60192405085785,-92.54657911774693,-1.0,-66.0,157.4793,-1590.6999999999982,-14299.999999999925,-65.0,3715990.1999999797,3715990.1999999797
2018-05-11,8.981072215041507,0.6613,661.3,1.09,46433.94749999975,0.7179918755252941,720.817,467.4498245,99.36869170864294,89.24373961495186,-3.0,64.0,65.4687,-1983.8999999999915,-9045.000000000342,67.0,-11.584049741105124,1.5885,1588.5,0.34,46433.94749999975,0.534670615,540.09,610.733772,76.05585220527111,-88.10347750480004,3.0,-63.0,160.4385,-4765.500000000031,14519.999999999925,-66.0,3714715.7999999793,3714715.7999999793
2018-05-14,9.499237425044258,0.6616,661.5999999999999,1.08,46964.22499999975,0.7170443965708555,714.5279999999999,463.3714079999999,100.2089181557783,95.19083056685663,4.0,68.0,66.8216,-2646.4000000000283,1920.0000000000728,64.0,-11.791300829573814,1.5814,1581.3999999999999,0.34,46964.22499999975,0.539171587,537.676,608.0040208,76.3711191233618,-90.05148402747764,-1.0,-64.0,156.55859999999998,-1581.4000000000021,44730.0000000005,-63.0,3757137.99999998,3757137.99999998
2018-05-15,9.76512576345299,0.66305,663.0500000000001,1.08,47366.61062499976,0.7150701014494989,716.0940000000002,464.3869590000001,101.13166205427345,98.75633986270068,3.0,71.0,66.96805,-1989.149999999995,9860.000000000695,68.0,-12.135752942349766,1.5776,1577.6,0.36,47366.61062499976,0.569803475,567.9359999999999,642.2220288,73.12770801050378,-88.74597976557658,0.0,-64.0,157.76,0.0,24319.99999999971,-64.0,3789328.8499999805,3789328.8499999805
2018-05-16,9.996168079016185,0.6696500000000001,669.6500000000001,1.17,47424.69812499974,0.7825379117463279,783.4905000000001,508.09358925000004,93.224184731238,93.18846196027093,-4.0,67.0,66.29535,-2678.600000000017,46859.99999999976,71.0,-13.308609989328822,1.5818,1581.8000000000002,0.35,47424.69812499974,0.553031645,553.63,626.044804,75.66009704474723,-100.69307233233111,-8.0,-72.0,156.5982,-12654.400000000123,-26880.00000000102,-64.0,3793975.849999979,3793975.849999979
2018-05-17,9.414071783802838,0.6686,668.6,1.25,47489.69937499974,0.833531992979444,835.75,541.983875,87.50204630165379,82.37505451134084,-8.0,59.0,66.1914,-5348.799999999983,-7035.0000000002665,67.0,-12.673020315687952,1.5787,1578.7,0.35,47489.69937499974,0.556657285,552.545,624.8178859999999,75.90163340010363,-96.19029420734125,3.0,-69.0,159.4487,-4736.099999999993,22320.000000000164,-72.0,3799175.949999979,3799175.949999979
2018-05-18,9.960354919373486,0.6704000000000001,670.4000000000001,1.3,46626.56312499976,0.872469053884959,871.5200000000001,565.1807200000001,84.02568894246735,83.6925684211851,1.0,60.0,67.7104,-670.4000000000008,10620.000000000402,59.0,-15.129303306957398,1.5867,1586.7,0.34,46626.56312499976,0.534511615,539.4780000000001,610.0417224000001,77.84664168242098,-117.77654534413793,-15.0,-84.0,157.08329999999998,-23800.500000000113,-55199.99999999882,-69.0,3730125.0499999807,3730125.0499999807
2018-05-21,10.173418353534228,0.6678499999999999,667.8499999999999,1.31,45498.42812499974,0.8769918756675458,874.8834999999999,567.3619497499999,82.18133617445636,83.60651137551807,0.0,60.0,66.785,0.0,-15300.00000000058,60.0,-12.33457583099038,1.5924,1592.4,0.34,45498.42812499974,0.538944029,541.416,612.2332128,76.15817330745072,-93.93787638104584,17.0,-67.0,160.8324,-27070.799999999963,-47880.00000000181,-84.0,3639874.2499999786,3639874.2499999786
2018-05-22,10.31710336432455,0.6670999999999999,667.0999999999999,1.27,45539.82687499974,0.8490724350647836,847.2169999999999,549.4202244999999,82.81170968252142,85.43769685710097,1.0,61.0,67.3771,-667.1000000000049,-4500.000000000171,60.0,-10.4886414574697,1.5890000000000002,1589.0000000000002,0.33,45539.82687499974,0.519319426,524.3700000000001,592.9575960000002,76.73133531288757,-80.48074646497614,9.0,-58.0,160.489,-14300.999999999987,22780.00000000023,-67.0,3643186.1499999785,3643186.1499999785
2018-05-23,10.594641090260868,0.6619,661.9000000000001,1.22,44418.54812499975,0.8091507894001052,807.5180000000001,523.675423,86.96193266835769,92.13304651366813,5.0,66.0,66.8519,-3309.500000000014,-31719.999999999756,61.0,-10.595707382990664,1.5976,1597.6,0.35,44418.54812499975,0.565462348,559.16,632.298128,72.02271342957343,-76.3131596428752,3.0,-55.0,161.3576,-4792.799999999999,-49879.99999999914,-58.0,3553483.8499999796,3553483.8499999796
2018-05-24,10.577433784254078,0.6605,660.5,1.13,43541.45187499974,0.7448258744969327,746.3649999999999,484.0177024999999,91.77050321831928,97.0696421139448,3.0,69.0,66.7105,-1981.4999999999968,-9240.000000000038,66.0,-7.84466464615473,1.6022,1602.2,0.4,43541.45187499974,0.647277117,640.8800000000001,724.7071040000002,61.2917244495505,-48.08130238912462,21.0,-34.0,161.8222,-33646.20000000022,-25300.000000000437,-55.0,3483316.149999979,3483316.149999979
2018-05-25,10.829172156109996,0.6605,660.5,1.0,42877.35937499974,0.6636682780727843,660.5,428.33425,101.65297749362732,110.0817593459665,10.0,79.0,66.7105,-6604.99999999999,0.0,69.0,-6.372971363172381,1.6102,1610.2,0.49,42877.35937499974,0.791559221,788.998,892.1989384000001,48.80240269404891,-31.101631482318034,12.0,-22.0,162.6302,-19322.399999999903,-27200.000000000386,-34.0,3430188.7499999786,3430188.7499999786
2018-05-28,11.134278955045245,0.6634000000000001,663.4000000000001,0.91,42685.21437499974,0.6047870148408186,603.6940000000001,391.495559,109.52195596936448,121.94480094650869,8.0,87.0,67.0034,-5307.199999999966,22910.000000000495,79.0,-5.11795289976011,1.6193000000000002,1619.3000000000002,0.61,42685.21437499974,0.987281621,987.7730000000001,1116.9737084,38.38708024418862,-19.646326864906918,8.0,-14.0,163.54930000000002,-12954.400000000078,-20019.999999999924,-22.0,3414817.149999979,3414817.149999979
2018-05-29,11.221780315738204,0.6652500000000001,665.2500000000001,0.86,42570.47374999974,0.569956650386716,572.1150000000001,371.01657750000004,115.04934540290114,129.10584795808418,5.0,92.0,67.19025,-3326.250000000002,16095.000000000198,87.0,-3.490168102048418,1.6280000000000001,1628.0,0.75,42570.47374999974,1.223465978,1221.0,1380.7068,30.9154806617884,-10.790022446526859,6.0,-8.0,164.42800000000003,-9768.000000000085,-12180.000000000064,-14.0,3405637.899999979,3405637.899999979
2018-05-30,11.442047561554965,0.662,662.0,0.79,42102.68874999974,0.5254444943601188,522.98,339.15253,125.52014207294795,143.6207435531807,11.0,103.0,66.86200000000001,-7282.000000000067,-29900.000000000262,92.0,-2.080061200444044,1.6202,1620.2,0.81,42102.68874999974,1.314722658,1312.362,1484.0189496,28.685936767501598,-5.966850406847132,4.0,-4.0,163.64020000000002,-6480.800000000045,6240.000000000009,-8.0,3368215.0999999787,3368215.0999999787
2018-05-31,11.122009672022816,0.6642,664.2,0.74,42261.996249999735,0.4924840944842882,491.50800000000004,318.742938,132.08979315488315,146.91039570441038,2.0,105.0,67.0842,-1328.3999999999878,22659.999999999884,103.0,-4.852530867339196,1.6214,1621.3999999999999,0.87,42261.996249999735,1.412873903,1410.618,1595.1268344,26.39457116639661,-12.808047131512065,-5.0,-9.0,160.5186,-8106.999999999971,-479.9999999999045,-4.0,3380959.6999999788,3380959.6999999788
2018-06-01,10.953726083597616,0.6646500000000001,664.6500000000001,0.71,42291.904374999736,0.472546911237386,471.90150000000006,306.02812275,138.09840700334698,151.26921228958415,3.0,108.0,67.12965,-1993.949999999984,4725.000000000179,105.0,-2.491315715582645,1.6146,1614.6000000000001,0.9,42291.904374999736,1.456877712,1453.14,1643.210712,25.719158195214913,-6.407454300329509,4.0,-5.0,163.0746,-6458.399999999983,6119.999999999805,-9.0,3383352.3499999787,3383352.3499999787
2018-06-04,11.608074198424733,0.6678000000000001,667.8000000000001,0.71,42707.69437499973,0.4750669250957999,474.13800000000003,307.478493,137.54426842140057,159.66240734036657,6.0,114.0,67.4478,-4006.7999999999984,34019.99999999975,108.0,-2.862412044822743,1.6081,1608.1000000000001,0.91,42707.69437499973,1.464066597,1463.371,1654.7799268,25.557419261655824,-7.31558647291484,0.0,-5.0,160.81,0.0,3250.000000000028,-5.0,3416615.5499999784,3416615.5499999784
2018-06-05,11.61747176282906,0.6654000000000001,665.4000000000001,0.58,42072.62312499974,0.3846148506232608,385.932,250.276902,170.64177330675017,198.24259829502478,28.0,142.0,67.20540000000001,-18631.20000000015,-27359.999999999418,114.0,-3.264881300038375,1.6144999999999998,1614.4999999999998,0.92,42072.62312499974,1.493086624,1485.34,1679.622472,25.426960574149625,-8.301600809535413,-1.0,-6.0,159.8355,-1614.4999999999925,-3199.999999999932,-5.0,3365809.849999979,3365809.849999979
2018-06-06,11.756823578314714,0.66545,665.4499999999999,0.5,41895.14937499973,0.3353409955849948,332.72499999999997,215.77216249999998,194.98633483362224,229.24199388210977,22.0,164.0,67.21045000000001,-14639.900000000154,709.9999999993543,142.0,-0.4073522461610676,1.6016,1601.6,0.92,41895.14937499973,1.474321878,1473.472,1666.2021376,25.250611660840388,-1.0285893376984176,5.0,-1.0,161.7616,-8007.999999999953,7739.999999999953,-6.0,3351611.9499999783,3351611.9499999783
2018-06-07,12.087979926224277,0.6674,667.4,0.48,42129.81187499972,0.3211161523809108,320.352,207.748272,201.6630462033385,243.76988543671945,11.0,175.0,67.4074,-7341.400000000007,31979.99999999888,164.0,-2.962985652229055,1.5963999999999998,1596.3999999999999,0.92,42129.81187499972,1.470131853,1468.6879999999999,1660.7923904,25.226000321996498,-7.474427701720114,-4.0,-5.0,158.0436,-6385.599999999954,520.0000000000102,-1.0,3370384.9499999774,3370384.9499999774
2018-06-08,12.66018652270769,0.65885,658.85,0.51,40011.49937499974,0.3365564588395122,336.0135,217.90475475,193.34048916617192,244.77266552352816,0.0,175.0,65.885,0.0,-149624.9999999982,175.0,2.57758336295087,1.604,1604.0,0.91,40011.49937499974,1.465125137,1459.64,1650.5609120000001,25.52454233509664,6.579163566988025,10.0,5.0,162.00400000000002,-16040.000000000135,-3800.0000000000964,-5.0,3200919.9499999788,3200919.9499999788
2018-06-11,10.4645072962431,0.6607999999999999,660.8,0.52,39267.711874999724,0.3427502735033146,343.616,222.83497599999998,179.55663914716754,187.89717604444243,-40.0,135.0,65.4192,-26431.99999999979,34124.99999999881,175.0,-20.0,1.5974000000000002,1597.4,0.91,39267.711874999724,1.46042665,1453.6340000000002,1643.7693272000004,24.341310373004344,-48.68262074600869,-40.0,-35.0,158.14260000000002,-63895.99999999973,-3299.9999999999827,5.0,3141416.949999978,3141416.949999978
2018-06-12,10.99091405831417,0.66125,661.25,0.51,39245.93062499974,0.3383384646375015,337.2375,218.69851875,179.5517962327293,197.34383614098653,6.0,141.0,66.78625,-3967.4999999999727,6075.00000000023,135.0,-20.0,1.5985,1598.5,0.9,39245.93062499974,1.443576346,1438.65,1626.8254200000001,24.137631114099335,-48.27526222819867,0.0,-35.0,159.85,0.0,-3849.9999999994825,-35.0,3139674.4499999788,3139674.4499999788
2018-06-13,10.96297208206522,0.66935,669.35,0.5,40568.93874999974,0.3340425371913634,334.675,217.0367375,180.8262097793455,198.23926895166335,1.0,142.0,67.60435,-669.3499999999943,114210.00000000032,141.0,-20.0,1.6007,1600.7,0.89,40568.93874999974,1.42509064,1424.623,1610.9636884000001,24.36177234011933,-48.72354468023866,0.0,-35.0,160.07,0.0,-7699.99999999996,-35.0,3245515.099999979,3245515.099999979
2018-06-14,10.583483274082203,0.6655500000000001,665.5500000000001,0.5,39594.349999999744,0.3326142660599089,332.77500000000003,215.8045875,187.9892323883047,198.95808966891755,0.0,142.0,66.555,0.0,-53959.99999999935,142.0,-20.0,1.6071000000000002,1607.1000000000001,0.88,39594.349999999744,1.417937704,1414.248,1599.2316384,25.367768980976493,-50.735537961952986,-1.0,-36.0,159.1029,-1607.1000000000026,-22400.000000000517,-35.0,3167547.999999979,3167547.999999979
2018-06-15,10.55343246528716,0.66305,663.0500000000001,0.49,38927.95499999975,0.3272838981474168,324.89450000000005,210.69408325000003,187.92340719420625,198.3236986470715,0.0,142.0,66.305,0.0,-35500.0,142.0,-20.0,1.6116,1611.6,0.88,38927.95499999975,1.410260023,1418.2079999999999,1603.7096064,24.68922667918724,-49.37845335837448,1.0,-35.0,162.7716,-1611.60000000001,-16199.99999999959,-36.0,3114236.3999999794,3114236.3999999794
2018-06-18,10.706209765105127,0.66315,663.15,0.49,38929.93624999973,0.3227573908060035,324.9435,210.72585974999998,184.7326903598017,197.7786933464251,0.0,142.0,66.315,0.0,1419.9999999987085,142.0,-20.0,1.6115000000000002,1611.5000000000002,0.84,38929.93624999973,1.357774159,1353.66,1530.718728,25.431161380550996,-50.86232276110199,-1.0,-36.0,159.5385,-1611.5000000000066,349.9999999996817,-35.0,3114394.899999978,3114394.899999978
2018-06-19,20.0,0.6589,658.9000000000001,0.52,37046.23624999973,0.3416317461632825,342.62800000000004,222.19425800000002,175.2067609685923,350.4135219371846,109.0,251.0,66.5489,-71820.1000000003,-60349.9999999996,142.0,-20.0,1.6153,1615.3,0.79,37046.23624999973,1.272393152,1276.087,1442.9991796,26.978488138012057,-53.956976276024115,-3.0,-39.0,159.9147,-4845.899999999972,-13679.999999999836,-36.0,2963698.8999999785,2963698.8999999785
2018-06-20,20.0,0.66735,667.35,0.49,39698.831874999734,0.3301392382817349,327.0015,212.06047275,174.6965654163842,349.3931308327684,-1.0,250.0,66.06765,-667.349999999999,212094.9999999997,251.0,-20.0,1.6151,1615.1,0.74,39698.831874999734,1.198633528,1195.174,1351.5027592,27.41114363090805,-54.8222872618161,0.0,-39.0,161.51,0.0,780.000000000399,-39.0,3175906.5499999784,3175906.5499999784
2018-06-21,7.854826532962951,0.6677,667.6999999999999,0.49,38144.11937499972,0.3258610388697084,327.17299999999994,212.17169049999995,187.1071101966817,146.9693893678918,-145.0,105.0,66.1023,-96816.49999999948,8749.999999999147,250.0,-20.0,1.6215000000000002,1621.5000000000002,0.68,38144.11937499972,1.098648715,1102.6200000000003,1246.8426960000004,31.83948705186121,-63.67897410372242,-7.0,-46.0,160.5285,-11350.499999999982,-24960.000000000575,-39.0,3051529.5499999775,3051529.5499999775
2018-06-22,8.074242996458032,0.6659,665.9000000000001,0.45,37849.76687499973,0.3028991856265947,299.65500000000003,194.3262675,196.2890548237372,158.4885526191927,8.0,113.0,67.25590000000001,-5327.200000000062,-18899.999999999225,105.0,-20.0,1.621,1621.0,0.64,37849.76687499973,1.042144104,1037.44,1173.137152,32.51462909513219,-65.02925819026439,-1.0,-47.0,160.47899999999998,-1621.0000000000093,2300.000000000523,-46.0,3027981.3499999787,3027981.3499999787
2018-06-25,7.942476062471688,0.6676000000000001,667.6000000000001,0.45,37988.481874999736,0.3016862332290317,300.4200000000001,194.82237000000003,194.27834121410044,154.30510745496994,-3.0,110.0,66.0924,-2002.800000000022,19210.000000000193,113.0,-20.0,1.6222999999999999,1622.3,0.63,37988.481874999736,1.017758485,1022.049,1155.7330092,32.749576739353834,-65.49915347870767,0.0,-47.0,162.23,0.0,-6109.999999999786,-47.0,3039078.549999979,3039078.549999979
2018-06-26,8.11698316208601,0.6663500000000001,666.3500000000001,0.45,37784.49437499973,0.2990436144108806,299.8575000000001,194.45758875000004,195.3561294223326,158.5702413131369,4.0,114.0,67.30135,-2665.399999999977,-13750.0,110.0,-20.0,1.6209,1620.9,0.58,37784.49437499973,0.941054373,940.122,1063.0899576,35.734023826884226,-71.46804765376845,-4.0,-51.0,160.4691,-6483.600000000024,6579.999999999359,-47.0,3022759.5499999784,3022759.5499999784
2018-06-27,8.317131080975532,0.66645,666.4499999999999,0.45,37627.920624999715,0.2984979061678346,299.9025,194.48677124999998,194.27796621925634,161.58353111908914,2.0,116.0,67.31145,-1332.899999999995,1139.9999999989632,114.0,-20.0,1.6230000000000002,1623.0000000000002,0.57,37627.920624999715,0.924626411,925.11,1046.114388,36.11889369692881,-72.23778739385762,-1.0,-52.0,160.67700000000002,-1622.9999999999905,-10710.000000000406,-51.0,3010233.649999977,3010233.649999977
2018-06-28,7.235685577086863,0.6662,666.2,0.43,37375.760624999726,0.2894822964994075,286.466,185.773201,202.54762485897908,146.55709278653154,-11.0,105.0,65.9538,-7328.200000000038,-2899.999999999011,116.0,-20.0,1.6246,1624.6000000000001,0.57,37375.760624999726,0.931625461,926.022,1047.1456776,35.93379739793304,-71.86759479586608,1.0,-51.0,164.08460000000002,-1624.6000000000151,-8319.999999999822,-52.0,2990060.849999978,2990060.849999978
2018-06-29,7.776522058871133,0.6683,668.3,0.43,37494.896874999715,0.2856851413471762,287.36899999999997,186.35879649999998,200.55807038333032,155.96442584205974,7.0,112.0,67.4983,-4678.100000000015,22049.999999999345,105.0,-20.0,1.6255000000000002,1625.5000000000002,0.59,37494.896874999715,0.961209655,959.0450000000001,1084.488086,34.46396609376834,-68.92793218753668,2.0,-49.0,164.1755,-3250.9999999999764,-4590.000000000174,-51.0,2999591.749999977,2999591.749999977
2018-07-02,7.562402676298702,0.6663500000000001,666.3500000000001,0.43,37127.57999999974,0.2853579623091273,286.5305000000001,185.81502925000004,201.78613660229374,152.59880194811618,-3.0,109.0,65.96865000000001,-1999.0499999999827,-21839.999999999236,112.0,-20.0,1.6263,1626.3000000000002,0.61,37127.57999999974,0.987834669,992.0430000000001,1121.8022244000001,33.42380328676384,-66.84760657352768,1.0,-48.0,164.2563,-1626.3000000000147,-3919.99999999922,-49.0,2970206.399999979,2970206.399999979
2018-07-03,7.697782491422794,0.66815,668.15,0.44,37302.12624999973,0.2921868694058855,293.986,190.64992099999998,194.74217353596356,149.908289378676,-2.0,107.0,66.14685,-1336.2999999999943,19619.999999999196,109.0,-20.0,1.6272,1627.2,0.6,37302.12624999973,0.98324429,976.3199999999999,1104.0226559999999,33.629364214786314,-67.25872842957263,0.0,-48.0,162.72,0.0,-4320.000000000164,-48.0,2984170.099999978,2984170.099999978
2018-07-04,7.8447273364630545,0.66815,668.15,0.44,37358.75187499972,0.2906568709891451,293.986,190.64992099999998,195.65770630452943,153.48813572368016,3.0,110.0,67.48315,-2004.4499999999914,0.0,107.0,-20.0,1.6255000000000002,1625.5000000000002,0.62,37358.75187499972,1.002664284,1007.8100000000002,1139.6315480000003,32.73174239118179,-65.46348478236358,1.0,-47.0,164.1755,-1625.4999999999882,8159.9999999994,-48.0,2988700.1499999776,2988700.1499999776
2018-07-05,8.065748815450034,0.6716500000000001,671.6500000000001,0.47,37689.561249999744,0.3152875671296292,315.6755,204.71556174999998,182.49102098365378,147.1926736329173,-5.0,105.0,66.49335,-3358.249999999998,38500.00000000094,110.0,-20.0,1.627,1627.0,0.63,37689.561249999744,1.025362212,1025.01,1159.081308,32.231347030746626,-64.46269406149325,1.0,-46.0,164.327,-1627.0000000000095,-7049.999999998931,-47.0,3015164.8999999794,3015164.8999999794
2018-07-06,8.000924267350335,0.67645,676.45,0.56,38086.463124999726,0.380883512358435,378.81200000000007,245.65958200000003,153.42190580622147,122.75170493081346,-17.0,88.0,66.96855,-11499.650000000045,50399.99999999892,105.0,-20.0,1.6281999999999999,1628.1999999999998,0.65,38086.463124999726,1.061637572,1058.33,1196.759564,31.493010278545597,-62.986020557091194,1.0,-45.0,164.44819999999999,-1628.1999999999925,-5520.000000000209,-46.0,3046917.049999978,3046917.049999978
2018-07-09,8.063433890444179,0.675,675.0,0.62,37986.02562499972,0.4192329304652548,418.5,271.39725,140.33474224591342,113.15799166324466,-7.0,81.0,66.825,-4724.99999999998,-12759.99999999965,88.0,-20.0,1.6261,1626.1000000000001,0.66,37986.02562499972,1.073915422,1073.226,1213.6039608,31.38294233968499,-62.76588467936998,0.0,-45.0,162.61,0.0,9449.99999999908,-45.0,3038882.0499999775,3038882.0499999775
2018-07-10,7.884294137894863,0.67525,675.25,0.67,38052.89062499973,0.4539941262319754,452.4175,293.39274875,129.47158982912566,102.07920967137036,-8.0,73.0,66.84975,-5402.000000000044,2025.0000000004604,81.0,-20.0,1.6238,1623.8,0.67,38052.89062499973,1.08558617,1087.9460000000001,1230.2493368000003,30.876688561202652,-61.7533771224053,1.0,-44.0,164.00379999999998,-1623.7999999999886,10350.000000000819,-45.0,3044231.2499999786,3044231.2499999786
2018-07-11,8.473369163588847,0.6757,675.6999999999999,0.72,37970.820624999724,0.4862092313532478,486.5039999999999,315.49784399999993,120.61220496010661,102.19917382614253,0.0,73.0,67.57,0.0,3284.999999999087,73.0,-20.0,1.6253,1625.3,0.65,37970.820624999724,1.056936296,1056.445,1194.628006,31.853338808298233,-63.70667761659647,-2.0,-46.0,160.9047,-3250.60000000002,-6600.00000000025,-44.0,3037665.6499999776,3037665.6499999776
2018-07-12,8.706701908528911,0.67735,677.35,0.78,37908.823124999726,0.5266657700285495,528.3330000000001,342.62395050000003,110.82360287302717,96.49080746446359,-4.0,69.0,67.05765,-2709.4000000000165,12045.000000000457,73.0,-20.0,1.6277000000000001,1627.7,0.61,37908.823124999726,0.985311626,992.897,1122.7679276000001,33.81893950797577,-67.63787901595154,-2.0,-48.0,161.1423,-3255.4000000000087,-11040.000000000418,-46.0,3032705.8499999777,3032705.8499999777
2018-07-13,8.488357531488651,0.67995,679.95,0.81,37932.33062499974,0.548674767039997,550.7595000000001,357.16753575000007,106.13737064707377,90.0931949504491,-4.0,65.0,67.31505,-2719.8000000000206,17940.000000000353,69.0,-20.0,1.6298,1629.8,0.59,37932.33062499974,0.964359373,961.5819999999999,1087.3569255999998,34.86327463641413,-69.72654927282827,-2.0,-50.0,161.3502,-3259.5999999999776,-10079.999999999018,-48.0,3034586.449999979,3034586.449999979
2018-07-16,8.535749457352084,0.67755,677.55,0.82,37925.75874999973,0.5532854898871808,555.5909999999999,360.3007634999999,105.27962876492697,89.86405341004543,-1.0,64.0,67.07745,-677.5499999999965,-15600.000000000591,65.0,-20.0,1.6247,1624.7,0.53,37925.75874999973,0.854117088,861.0910000000001,973.7217028000001,38.95602872558233,-77.91205745116466,-6.0,-56.0,160.8453,-9748.19999999994,25499.999999999545,-50.0,3034060.6999999783,3034060.6999999783
2018-07-17,8.609335843549243,0.6744,674.4,0.8,37178.90624999973,0.5373702944150089,539.52,349.87872,108.39687177888307,93.32250735345494,3.0,67.0,68.1144,-2023.200000000017,-20159.999999999854,64.0,-20.0,1.6285,1628.5,0.45,37178.90624999973,0.736081517,732.825,828.6785100000001,45.76655276121463,-91.53310552242927,-10.0,-66.0,161.2215,-16285.000000000025,-21279.999999999745,-56.0,2974312.4999999786,2974312.4999999786
2018-07-18,8.563028097490708,0.67365,673.65,0.81,36763.90687499974,0.5431473096557987,545.6565,353.85824025,105.06723320540146,89.96936700634615,-3.0,64.0,66.69135,-2020.9499999999848,-5025.00000000019,67.0,-20.0,1.6295,1629.5,0.37,36763.90687499974,0.609754049,602.915,681.7762819999999,54.53241368405323,-109.06482736810646,-12.0,-78.0,161.32049999999998,-19554.000000000087,-6599.999999999625,-66.0,2941112.549999979,2941112.549999979
2018-07-19,8.787398436147832,0.6715000000000001,671.5000000000001,0.8,36264.90437499972,0.5365434899921797,537.2000000000002,348.3742000000001,105.52993555492837,92.73335906621591,2.0,66.0,67.8215,-1342.9999999999893,-13759.999999999309,64.0,-20.0,1.6308000000000002,1630.8000000000002,0.33,36264.90437499972,0.535902043,538.1640000000001,608.5558512000001,60.411721952070074,-120.82344390414013,-9.0,-87.0,161.44920000000002,-14677.199999999943,-10140.000000001863,-78.0,2901192.3499999777,2901192.3499999777
2018-07-20,8.484204414738214,0.6693000000000001,669.3000000000001,0.77,36478.36687499974,0.5166032487828327,515.3610000000001,334.21160850000007,108.50881134190081,92.06109362249508,0.0,66.0,66.93,0.0,-14519.999999999925,66.0,-20.0,1.6253,1625.3,0.29,36478.36687499974,0.4733223,471.33699999999993,532.9878795999999,68.04076746025825,-136.0815349205165,-10.0,-97.0,160.9047,-16253.0000000001,47850.00000000099,-87.0,2918269.3499999787,2918269.3499999787
2018-07-23,8.57171181191663,0.6650499999999999,665.05,0.76,36288.028124999735,0.5069037548223273,505.438,327.77654299999995,111.2903520829425,95.39488255017189,2.0,68.0,67.17004999999999,-1330.0999999999874,-28050.00000000075,66.0,-20.0,1.621,1621.0,0.25,36288.028124999735,0.398934832,405.25,458.2567,79.60247362449853,-159.20494724899706,-17.0,-114.0,160.47899999999998,-27557.00000000016,41710.00000000066,-97.0,2903042.2499999786,2903042.2499999786
2018-07-24,8.26931669116792,0.66225,662.25,0.72,35480.97499999972,0.4788673267753491,476.82,309.21777,117.35427794139949,97.04396893607739,1.0,69.0,66.88725,-662.2500000000002,-19040.000000000076,68.0,-20.0,1.6228,1622.8,0.22,35480.97499999972,0.351139573,357.016,403.71369280000005,89.88555199433586,-179.7711039886717,-15.0,-129.0,160.6572,-24342.000000000182,-20520.00000000078,-114.0,2838477.9999999776,2838477.9999999776
2018-07-25,7.883954106989566,0.6587999999999999,658.8,0.81,34440.296249999716,0.5303752602195775,533.628,346.05775800000004,102.52905527984065,80.83343664592599,-11.0,58.0,65.2212,-7246.799999999993,-23804.99999999992,69.0,-20.0,1.6237000000000001,1623.7,0.18,34440.296249999716,0.287039486,292.266,330.4943928,107.35726769643313,-214.71453539286625,-25.0,-154.0,160.7463,-40592.50000000034,-11610.00000000044,-129.0,2755223.699999977,2755223.699999977
2018-07-26,7.398073754029596,0.65515,655.15,0.93,34341.786249999706,0.6086417254726618,609.2895,395.12424074999996,87.16320766508102,64.48398389440672,-12.0,46.0,64.85985,-7861.800000000074,-21169.9999999997,58.0,-20.0,1.6218000000000001,1621.8000000000002,0.18,34341.786249999706,0.285451689,291.92400000000004,330.10765920000006,104.33049730946597,-208.66099461893197,5.0,-149.0,163.80180000000001,-8109.000000000037,29259.99999999965,-154.0,2747342.8999999766,2747342.8999999766
2018-07-27,7.28172445612652,0.6561,656.1,1.01,34568.481249999735,0.6632328022544991,662.6610000000001,429.7356585,79.91374597553838,58.19098784507601,-4.0,42.0,64.9539,-2624.39999999998,4369.999999999947,46.0,-20.0,1.6207,1620.7,0.18,34568.481249999735,0.287387659,291.726,329.8837608,104.10268807023891,-208.2053761404778,0.0,-149.0,162.07,0.0,16390.000000002034,-149.0,2765478.4999999786,2765478.4999999786
2018-07-30,7.46457910203242,0.6554000000000001,655.4000000000001,1.1,35182.69874999971,0.718858875802273,720.9400000000002,467.5295900000001,73.93859552290525,55.192049497390634,-2.0,40.0,64.8846,-1310.8000000000004,-2939.9999999997135,42.0,-20.0,1.6143,1614.3000000000002,0.22,35182.69874999971,0.35785239,355.146,401.59909680000004,86.07708913054441,-172.15417826108882,26.0,-123.0,163.04430000000002,-41971.800000000374,95359.99999999796,-149.0,2814615.8999999766,2814615.8999999766
2018-07-31,7.661819708196587,0.6546500000000001,654.6500000000001,1.18,34744.8106249997,0.7717364079267789,772.4870000000001,500.9578195,70.23086052457498,53.80961912907943,-1.0,39.0,64.81035,-654.6500000000037,-3000.0000000001137,40.0,-20.0,1.6158000000000001,1615.8000000000002,0.24,34744.8106249997,0.394610356,387.79200000000003,438.51519360000003,80.23142473392217,-160.46284946784434,8.0,-115.0,163.19580000000002,-12926.400000000058,-18450.0000000007,-123.0,2779584.849999976,2779584.849999976
2018-08-01,7.861471161298509,0.6553,655.3,1.24,35180.16937499972,0.8142237100369979,812.5719999999999,526.9529419999999,65.93531956217772,51.83486132490616,-2.0,37.0,64.8747,-1310.5999999999938,2534.9999999999113,39.0,-20.0,1.6091,1609.1,0.31,35180.16937499972,0.503330574,498.82099999999997,564.0667867999999,61.5969800705871,-123.19396014117419,27.0,-88.0,162.5191,-43445.70000000033,77050.00000000183,-115.0,2814413.5499999775,2814413.5499999775
2018-08-02,9.768702992595658,0.6498999999999999,649.9,1.37,34355.57437499973,0.8901585532849984,890.363,577.4004055,60.92854982416482,59.51929070018325,6.0,43.0,65.6399,-3899.400000000014,-19980.000000000233,37.0,-20.0,1.6126,1612.6000000000001,0.34,34355.57437499973,0.554023164,548.2840000000001,619.9995472000002,56.74225010950091,-113.48450021900183,7.0,-81.0,162.8726,-11288.200000000103,-30799.999999999498,-88.0,2748445.949999978,2748445.949999978
2018-08-03,8.243709911326416,0.65225,652.25,1.44,33559.96812499971,0.9388323865240638,939.24,609.09714,56.4040973415172,46.49790162936853,-10.0,33.0,64.57275,-6522.499999999951,10104.999999999976,43.0,-20.0,1.6205,1620.5,0.34,33559.96812499971,0.55634971,550.97,623.036876,55.14212031167113,-110.28424062334224,2.0,-79.0,163.6705,-3240.9999999999854,-63990.00000000166,-81.0,2684797.4499999764,2684797.4499999764
2018-08-06,6.337280469566687,0.6493000000000001,649.3000000000001,1.54,33020.28062499973,1.000690469952204,999.9220000000001,648.449417,51.754180426689636,32.798075683649074,-10.0,23.0,64.28070000000001,-6492.999999999966,-9734.999999999587,33.0,-20.0,1.6235,1623.5,0.34,33020.28062499973,0.553330221,551.99,624.190292,53.765604103627595,-107.53120820725519,2.0,-77.0,163.9735,-3247.000000000014,-23699.999999998654,-79.0,2641622.4499999783,2641622.4499999783
2018-08-07,6.719082106712574,0.654,654.0,1.57,33454.22937499973,1.027263030250701,1026.78,665.8668299999999,49.589916687995604,33.31987218916785,1.0,24.0,66.054,-653.9999999999964,10809.999999999975,23.0,-20.0,1.6200999999999999,1620.1,0.34,33454.22937499973,0.551273374,550.8340000000001,622.8830872000001,53.012003863250385,-106.02400772650076,1.0,-76.0,163.6301,-1620.1000000000079,26180.000000000262,-77.0,2676338.3499999787,2676338.3499999787
2018-08-08,6.047919716263441,0.6524,652.4,1.62,33266.50062499971,1.05730876914924,1056.888,685.3918679999999,48.81036810754769,29.52011876357139,-3.0,21.0,64.5876,-1957.2000000000003,-3840.000000000259,24.0,-20.0,1.6211000000000002,1621.1000000000001,0.34,33266.50062499971,0.550394707,551.1740000000001,623.2675592000002,53.675550541953704,-107.35110108390741,-1.0,-77.0,160.4889,-1621.1000000000126,-7600.000000001728,-76.0,2661320.0499999765,2661320.0499999765
2018-08-09,6.167597728020499,0.6598999999999999,659.9,1.59,33059.43937499972,1.0513743782877247,1049.241,680.4327884999999,48.89020809584298,30.153513637437054,1.0,22.0,66.6499,-659.9000000000075,15750.0,21.0,-20.0,1.625,1625.0,0.34,33059.43937499972,0.545693137,552.5,624.767,53.2462512024478,-106.49250240489559,1.0,-76.0,164.125,-1625.0,-30029.99999999895,-77.0,2644755.1499999776,2644755.1499999776
2018-08-10,6.0786833435863326,0.6581,658.1,1.56,32150.68687499972,1.026499999993471,1026.636,665.7734459999999,49.65568929434251,30.184121142781798,0.0,22.0,65.81,0.0,-3959.999999999837,22.0,-20.0,1.6334,1633.3999999999999,0.35,32150.68687499972,0.57593605,571.6899999999999,646.467052,51.13862999316432,-102.27725998632864,3.0,-73.0,164.9734,-4900.199999999984,-63840.00000000026,-76.0,2572054.9499999774,2572054.9499999774
2018-08-13,6.198456597174942,0.65945,659.4499999999999,1.52,32047.041874999704,1.000882235823286,1002.3639999999999,650.0330539999999,49.46008003309894,30.657615937796272,0.0,22.0,65.945,0.0,2969.9999999998,22.0,-20.0,1.6336000000000002,1633.6000000000001,0.37,32047.041874999704,0.610821032,604.432,683.4917056,47.038883737113366,-94.07776747422673,6.0,-67.0,164.99360000000001,-9801.600000000008,-1460.000000000747,-73.0,2563763.3499999763,2563763.3499999763
2018-08-14,7.046919534125762,0.66425,664.25,1.46,32210.250624999713,0.9679937585817912,969.805,628.9185425,50.955791107080785,35.90813597293194,4.0,26.0,67.08924999999999,-2656.9999999999823,10560.000000000087,22.0,-20.0,1.6321,1632.1000000000001,0.39,32210.250624999713,0.635288124,636.5190000000001,719.7756852000001,44.523651651409935,-89.04730330281987,3.0,-64.0,164.84210000000002,-4896.300000000025,10050.00000000038,-67.0,2576820.049999977,2576820.049999977
2018-08-15,6.81853808437562,0.66105,661.0500000000001,1.4,31603.931874999715,0.9280602530654964,925.47,600.167295,53.668786842174924,36.59426670256069,0.0,26.0,66.105,0.0,-8319.999999999822,26.0,-20.0,1.6371000000000002,1637.1000000000001,0.42,31603.931874999715,0.689160117,687.582,777.5177256000001,41.42703061868267,-82.85406123736534,5.0,-59.0,165.3471,-8185.500000000019,-32000.0,-64.0,2528314.549999977,2528314.549999977
2018-08-16,7.171023434102494,0.6620999999999999,662.0999999999999,1.31,31714.169374999707,0.8704728121276107,867.3509999999999,562.4771235,56.18705286775937,40.291867280785816,3.0,29.0,66.87209999999999,-1986.2999999999856,2729.999999999734,26.0,-20.0,1.6349,1634.9,0.44,31714.169374999707,0.718886407,719.356,813.4477648,38.85182705341883,-77.70365410683766,3.0,-56.0,165.1249,-4904.6999999999625,12979.999999999933,-59.0,2537133.5499999765,2537133.5499999765
2018-08-17,7.701841852876962,0.66755,667.55,1.19,31682.633749999724,0.7913281556893469,794.3844999999999,515.1583482499999,61.56198280146907,47.414065568644624,5.0,34.0,67.42255,-3337.750000000028,15805.00000000005,29.0,-20.0,1.6366999999999998,1636.6999999999998,0.46,31682.633749999724,0.752662386,752.882,851.3589655999999,37.25123086317529,-74.50246172635057,3.0,-53.0,165.30669999999998,-4910.099999999971,-10079.99999999879,-56.0,2534610.699999978,2534610.699999978
2018-08-20,7.338680264377876,0.6736,673.6,1.13,31859.07624999972,0.7597501233870974,761.168,493.61744799999997,64.18459047257933,47.10301873782942,0.0,34.0,67.36,0.0,20570.000000000135,34.0,-20.0,1.6373,1637.3,0.48,31859.07624999972,0.793437248,785.904,888.7002432,35.6505289521673,-71.3010579043346,2.0,-51.0,165.3673,-3274.600000000021,-3180.0000000001205,-53.0,2548726.0999999777,2548726.0999999777
2018-08-21,6.93472304908788,0.67515,675.15,1.13,32200.04249999971,0.7655457203764573,762.9194999999999,494.7532957499999,64.39386361581347,44.65536102364031,-2.0,32.0,66.83985,-1350.3000000000043,5270.000000000038,34.0,-20.0,1.6324,1632.4,0.49,32200.04249999971,0.803862965,799.876,904.4997807999999,35.222867850583036,-70.44573570116607,1.0,-50.0,164.8724,-1632.3999999999899,24989.999999999014,-51.0,2576003.3999999766,2576003.3999999766
2018-08-22,7.091989721836031,0.6757500000000001,675.7500000000001,1.16,32353.667499999716,0.7813969861643357,783.8700000000001,508.33969500000006,63.34355317264709,44.92318280449872,0.0,32.0,67.575,0.0,1920.0000000000728,32.0,-20.0,1.6300000000000001,1630.0000000000002,0.49,32353.667499999716,0.804985921,798.7,903.1699600000001,35.65225143227716,-71.30450286455432,-1.0,-51.0,161.37,-1629.9999999999955,12000.000000000455,-50.0,2588293.399999977,2588293.399999977
2018-08-23,6.954486711573871,0.6709999999999999,670.9999999999999,1.16,32125.41749999971,0.7785844527003519,778.3599999999998,504.7664599999998,64.096310004432,44.57569361867417,0.0,32.0,67.1,0.0,-15200.000000000273,32.0,-20.0,1.6306,1630.6000000000001,0.49,32125.41749999971,0.804439142,798.994,903.5024152000001,35.809165482792736,-71.61833096558547,0.0,-51.0,163.06,0.0,-3060.000000000116,-51.0,2570033.3999999766,2570033.3999999766
2018-08-24,6.781628141158249,0.6796,679.6,1.25,32395.926249999706,0.8499179862316258,849.5,550.90075,58.314347003520524,39.5466216672342,-4.0,28.0,67.2804,-2718.399999999974,27519.99999999998,32.0,-20.0,1.6309,1630.9,0.5,32395.926249999706,0.811865137,815.45,922.1108600000001,34.838997016041766,-69.67799403208353,1.0,-50.0,164.7209,-1630.899999999997,-1530.000000000058,-51.0,2591674.0999999763,2591674.0999999763
2018-08-27,6.005049972462012,0.6781,678.1,1.35,32582.294999999718,0.9127971205695176,915.4350000000001,593.6595975,54.5698686358721,32.76947881490993,-5.0,23.0,67.1319,-3390.5000000000027,-4199.999999999762,28.0,-20.0,1.6263999999999998,1626.3999999999999,0.5,32582.294999999718,0.806169337,813.1999999999999,919.56656,35.229561033624044,-70.45912206724809,0.0,-50.0,162.64,0.0,22500.00000000085,-50.0,2606583.5999999773,2606583.5999999773
2018-08-28,6.148753974509671,0.6796500000000001,679.6500000000001,1.44,32661.227499999703,0.9813712769996767,978.6960000000001,634.6843560000001,51.33621884954687,31.56537796874496,0.0,23.0,67.965,0.0,3565.0000000000264,23.0,-20.0,1.6252000000000002,1625.2000000000003,0.49,32661.227499999703,0.803804081,796.3480000000001,900.5103184000001,36.18203404697346,-72.36406809394693,-2.0,-52.0,160.8948,-3250.4000000000133,5999.999999998807,-50.0,2612898.199999976,2612898.199999976
2018-08-29,6.292800215315864,0.67815,678.15,1.52,32810.353124999696,1.0275096512052562,1030.788,668.466018,48.85996688017087,30.74660101038653,-1.0,22.0,67.13685,-678.1500000000023,-3450.000000000131,23.0,-20.0,1.6218000000000001,1621.8000000000002,0.5,32810.353124999696,0.806914287,810.9000000000001,916.9657200000001,35.618809719516776,-71.23761943903355,1.0,-51.0,163.80180000000001,-1621.8000000000075,17680.00000000018,-52.0,2624828.249999976,2624828.249999976
2018-08-30,6.44078723148096,0.68015,680.15,1.57,32334.980624999713,1.0676419889894009,1067.8355,692.4913217499999,47.380165056920006,30.516556212407075,0.0,22.0,68.015,0.0,4400.000000000063,22.0,-20.0,1.6298,1629.8,0.49,32334.980624999713,0.80593879,798.602,903.0591416,36.33245223216253,-72.66490446432506,-1.0,-52.0,161.3502,-1629.7999999999888,-40799.99999999913,-51.0,2586798.449999977,2586798.449999977
2018-08-31,6.56670885610223,0.68015,680.15,1.62,32117.5699999997,1.100275647275056,1101.843,714.5451855,45.25253445290999,29.716021875299532,-1.0,21.0,67.33485,-680.1499999999976,0.0,22.0,-20.0,1.6327,1632.7,0.49,32117.5699999997,0.807574971,800.023,904.6660084,35.74245116403526,-71.48490232807052,1.0,-51.0,164.9027,-1632.6999999999998,-15080.000000001064,-52.0,2569405.599999976,2569405.599999976
2018-09-03,6.751722769422893,0.6769499999999999,676.9499999999999,1.63,33576.7531249997,1.105713645865502,1103.4284999999998,715.5733822499998,44.883684604102264,30.3042195317113,1.0,22.0,68.37195,-676.950000000005,-6720.0000000001555,21.0,-20.0,1.6071000000000002,1607.1000000000001,0.54,33576.7531249997,0.864389573,867.8340000000002,981.3466872000002,32.72805667856102,-65.45611335712204,4.0,-47.0,162.3171,-6428.400000000011,130560.00000000012,-51.0,2686140.249999976,2686140.249999976
2018-09-04,6.781785954516575,0.6716500000000001,671.6500000000001,1.62,33573.97624999971,1.0854903653740209,1088.0730000000003,705.6153405000001,47.58506681729334,32.271173778625275,1.0,23.0,67.83665,-671.6499999999996,-11659.999999999713,22.0,-20.0,1.6035,1603.5,0.6,33573.97624999971,0.95718981,962.0999999999999,1087.9426799999999,30.86261228854419,-61.72522457708838,3.0,-44.0,161.9535,-4810.499999999991,16920.00000000064,-47.0,2685918.099999977,2685918.099999977
2018-09-05,6.240893944889752,0.6718000000000001,671.8000000000001,1.58,33746.421249999716,1.0637513023821883,1061.4440000000002,688.346434,48.7748241171243,30.439850449562368,-1.0,22.0,66.5082,-671.8000000000046,345.0000000000131,23.0,-20.0,1.5992,1599.2,0.65,33746.421249999716,1.045936582,1039.48,1175.443984,28.562804103814877,-57.12560820762975,3.0,-41.0,161.51919999999998,-4797.5999999999885,18920.0000000003,-44.0,2699713.699999977,2699713.699999977
2018-09-06,6.09559029570609,0.6737000000000001,673.7,1.49,33488.7674999997,1.0067170241200354,1003.8130000000001,650.9727305,51.83999216692183,31.599535318216844,1.0,23.0,68.0437,-673.6999999999966,4179.99999999995,22.0,-20.0,1.6043,1604.3,0.69,33488.7674999997,1.100347369,1106.9669999999999,1251.7582836,26.959215442894088,-53.918430885788176,2.0,-39.0,162.0343,-3208.59999999999,-20910.000000000793,-41.0,2679101.399999976,2679101.399999976
2018-09-07,6.542539601029401,0.66725,667.25,1.42,33432.333124999706,0.9506467096945516,947.495,614.4505075,54.50197711814845,35.658134362988456,3.0,26.0,67.39224999999999,-2001.749999999987,-14835.000000000235,23.0,-20.0,1.5995,1599.5,0.76,33432.333124999706,1.211963008,1215.6200000000001,1374.6230960000003,24.362145229080085,-48.72429045816017,4.0,-35.0,161.5495,-6398.000000000025,18720.00000000071,-39.0,2674586.6499999766,2674586.6499999766
2018-09-10,6.13819396317714,0.6659999999999999,665.9999999999999,1.29,32168.0543749997,0.8622602082046076,859.1399999999999,557.1522899999999,60.00573581955432,36.832684536359054,0.0,26.0,66.6,0.0,-3250.0,26.0,20.0,1.5969,1596.9,0.83,32168.0543749997,1.330500783,1325.427,1498.7928516,22.306173324292168,44.612346648584335,67.0,32.0,161.2869,-106992.30000000034,9099.999999999682,-35.0,2573444.349999976,2573444.349999976
2018-09-11,6.290269703337146,0.6659999999999999,665.9999999999999,1.21,31915.754374999706,0.8038113377236205,805.8599999999998,522.6002099999998,61.5538489259308,38.719031102257425,2.0,28.0,67.26599999999999,-1331.9999999999936,0.0,26.0,20.0,1.5930000000000002,1593.0000000000002,0.92,31915.754374999706,1.461317898,1465.5600000000002,1657.2552480000002,19.410440494197005,38.82088098839401,-4.0,28.0,157.70700000000002,-6371.999999999957,-12479.999999999563,32.0,2553260.3499999763,2553260.3499999763
2018-09-12,6.1441203206754045,0.6679,667.9000000000001,1.07,32041.149374999703,0.7177489115187462,714.6530000000001,463.45247050000006,68.86521575894739,42.311617153224475,2.0,30.0,67.45790000000001,-1335.800000000006,5320.000000000335,28.0,20.0,1.5963,1596.3,0.97,32041.149374999703,1.550414783,1548.4109999999998,1750.9431587999998,18.227750121182122,36.455500242364245,-2.0,26.0,158.03369999999998,-3192.600000000027,9239.999999999554,28.0,2563291.949999976,2563291.949999976
2018-09-13,6.637034726855786,0.6728000000000001,672.8000000000001,1.02,32116.076874999704,0.6831720134682955,686.2560000000001,445.03701600000005,71.99659404286429,47.78438948778287,4.0,34.0,67.9528,-2691.1999999999807,14699.999999999847,30.0,20.0,1.5946,1594.6,1.03,32116.076874999704,1.636117151,1642.4379999999999,1857.2688904,17.25175581232021,34.50351162464042,-1.0,25.0,157.8654,-1594.600000000014,-4419.999999999674,26.0,2569286.149999976,2569286.149999976
2018-09-14,6.449883278273286,0.6712,671.2,0.93,31912.3856249997,0.627135152886764,624.2160000000001,404.80407600000007,79.33733571151022,51.171655494842376,3.0,37.0,67.7912,-2013.5999999999967,-5439.999999999884,34.0,20.0,1.5917,1591.6999999999998,1.07,31912.3856249997,1.704644342,1703.119,1925.8869651999998,16.67599264926979,33.35198529853958,-1.0,24.0,157.57829999999998,-1591.700000000003,-7250.000000000511,25.0,2552990.849999976,2552990.849999976
2018-09-17,5.9371634744740645,0.67515,675.15,0.85,32021.756249999704,0.5765716202863388,573.8774999999999,372.1595587499999,85.74920319710775,50.91070371871228,-1.0,36.0,66.83985,-675.1500000000021,14614.999999999853,37.0,20.0,1.5902,1590.2,1.11,32021.756249999704,1.762393543,1765.1220000000003,1995.9999576000005,15.9881694904299,31.9763389808598,-1.0,23.0,157.4298,-1590.20000000001,-3599.9999999994543,24.0,2561740.4999999763,2561740.4999999763
2018-09-18,6.881955460888899,0.6768000000000001,676.8000000000001,0.82,31927.98374999971,0.5582130716129776,554.976,359.901936,88.97355931422304,61.23120723972396,8.0,44.0,68.3568,-5414.400000000001,5940.000000000226,36.0,20.0,1.5874000000000001,1587.4,1.15,31927.98374999971,1.823924341,1825.51,2064.286708,15.51226199631166,31.02452399262332,-1.0,22.0,157.1526,-1587.4000000000024,-6440.000000000026,23.0,2554238.6999999764,2554238.6999999764
2018-09-19,-0.6622868674443749,0.67945,679.45,0.76,31624.5706249997,0.5170588296505223,516.3820000000001,334.87372700000003,95.34335236158944,-6.314465016720232,-49.0,-5.0,67.26554999999999,-33293.050000000134,11659.9999999994,44.0,20.0,1.5862,1586.2,1.17,31624.5706249997,1.848319236,1855.854,2098.5997032,15.213946566996592,30.427893133993184,0.0,22.0,158.62,0.0,-2640.0000000001,22.0,2529965.6499999757,2529965.6499999757
2018-09-20,-0.6694088775602367,0.68265,682.65,0.72,31637.5706249997,0.490894421764534,491.508,318.742938,99.21653738725249,-6.641643092781395,0.0,-5.0,68.265,0.0,-1600.0000000000368,-5.0,20.0,1.5874000000000001,1587.4,1.17,31637.5706249997,1.855202325,1857.258,2100.1873464,15.057975984479866,30.115951968959727,0.0,22.0,158.74,0.0,2640.0000000001,22.0,2531005.6499999757,2531005.6499999757
2018-09-21,-2.013326495503979,0.6818000000000001,681.8000000000001,0.72,31637.680624999695,0.4916679095888959,490.896,318.346056,99.38106669994272,-20.008653473844284,-9.0,-14.0,67.49820000000001,-6136.19999999996,424.99999999996874,-5.0,20.0,1.59,1590.0,1.14,31637.680624999695,1.818763958,1812.6,2049.68808,15.435309857000144,30.870619714000288,0.0,22.0,159.0,0.0,5719.9999999998,22.0,2531014.4499999755,2531014.4499999755
2018-09-24,-2.0662598105541155,0.6853,685.3000000000001,0.78,31389.430624999695,0.5327826323365814,534.5340000000001,346.645299,91.26816580599206,-18.858374298791073,0.0,-14.0,68.53,0.0,-4899.99999999992,-14.0,20.0,1.5832,1583.2,1.13,31389.430624999695,1.789325571,1789.0159999999998,2023.0192928,15.638842762201708,31.277685524403417,0.0,22.0,158.32,0.0,-14960.00000000015,22.0,2511154.4499999755,2511154.4499999755
2018-09-25,-2.744067168385607,0.6890999999999999,689.0999999999999,0.87,31181.953124999698,0.5993417917344616,599.5169999999999,388.7867744999999,80.73687862805555,-22.15474179211808,-2.0,-16.0,68.2209,-1378.1999999999925,-5319.999999999936,-14.0,20.0,1.5787,1578.7,1.13,31181.953124999698,1.791674915,1783.9309999999998,2017.2691747999997,15.560358041019375,31.12071608203875,0.0,22.0,157.87,0.0,-9899.999999999749,22.0,2494556.249999976,2494556.249999976
2018-09-26,-2.379145003179212,0.6831,683.1,0.9,31323.086874999695,0.616251639607931,614.7900000000001,398.69131500000003,78.21076595310258,-18.607475301214283,3.0,-13.0,68.9931,-2049.2999999999884,9599.999999999909,-16.0,20.0,1.5804,1580.4,1.12,31323.086874999695,1.773962138,1770.0480000000002,2001.5702784000002,15.578745079051476,31.157490158102952,0.0,22.0,158.04,0.0,3739.999999999725,22.0,2505846.9499999755,2505846.9499999755
2018-09-27,-2.5651643002137368,0.6905,690.5,0.97,31188.5793749997,0.6686599160406074,669.785,434.35557249999994,72.11392890556205,-18.498407597669924,0.0,-13.0,69.05,0.0,-9619.999999999933,-13.0,20.0,1.5806,1580.6,1.09,31188.5793749997,1.72731246,1722.854,1948.2033032000002,16.07793541030872,32.15587082061744,1.0,23.0,159.6406,-1580.600000000004,440.0000000002251,22.0,2495086.349999976,2495086.349999976
2018-09-28,-1.766283364476178,0.6918500000000001,691.85,1.06,31313.427499999696,0.7305570363218827,733.3610000000001,475.58460850000006,65.57945488052879,-11.58319002068941,5.0,-8.0,69.87685,-3459.2500000000114,-1755.0000000000664,-13.0,20.0,1.5878999999999999,1587.8999999999999,1.02,31313.427499999696,1.62490769,1619.658,1831.5092664,17.028895210726247,34.057790421452495,1.0,24.0,160.37789999999998,-1587.8999999999905,16789.999999999764,23.0,2505074.1999999755,2505074.1999999755
2018-10-01,-2.1112081487931,0.69245,692.45,1.14,31253.0793749997,0.7895726692243448,789.393,511.9213605,61.1684331152259,-12.913929444177063,-1.0,-9.0,68.55255000000001,-692.4499999999938,-480.0000000000182,-8.0,20.0,1.5877000000000001,1587.7,0.97,31253.0793749997,1.5344253,1540.069,1741.5100252,17.980618570601436,35.96123714120287,2.0,26.0,160.35770000000002,-3175.4000000000246,-479.99999999956344,24.0,2500246.349999976,2500246.349999976
2018-10-02,-1.8592178726522688,0.68985,689.8499999999999,1.19,31477.5762499997,0.8237451061985371,820.9214999999998,532.3675927499999,58.70582620095015,-10.914692130162436,1.0,-8.0,69.67485,-689.850000000007,2340.000000000046,-9.0,20.0,1.5952000000000002,1595.2000000000003,0.89,31477.5762499997,1.421182958,1419.7280000000003,1605.4284224000003,19.4671272408885,38.934254481777,2.0,28.0,161.11520000000002,-3190.400000000011,19500.0,26.0,2518206.099999976,2518206.099999976
2018-10-03,-1.5701587157023549,0.6887000000000001,688.7,1.23,31225.6262499997,0.8486938493862333,847.101,549.3449985,57.30019629913806,-8.997040263054744,2.0,-6.0,69.5587,-1377.3999999999944,919.9999999999591,-8.0,20.0,1.5893000000000002,1589.3000000000002,0.83,31225.6262499997,1.32259316,1319.1190000000001,1491.6597652000003,21.10238338819792,42.20476677639584,2.0,30.0,160.51930000000002,-3178.600000000017,-16520.000000000095,28.0,2498050.099999976,2498050.099999976
2018-10-04,-1.60966494880544,0.6846,684.6,1.25,30823.851249999694,0.8560810417162703,855.75,554.9538749999999,56.26706588903394,-9.057112373370412,0.0,-6.0,68.46,0.0,2460.0000000000646,-6.0,20.0,1.5804,1580.4,0.72,30823.851249999694,1.135417985,1137.888,1286.7237504,24.267544793738892,48.535089587477785,5.0,35.0,159.6204,-7901.999999999987,-26700.000000000444,30.0,2465908.0999999754,2465908.0999999754
2018-10-05,-0.9561174190638568,0.6805,680.5,1.26,30413.048749999703,0.8562939526350442,857.43,556.0433549999999,55.43425880882921,-5.300166046001566,2.0,-4.0,68.73049999999999,-1360.99999999999,2459.9999999999795,-6.0,20.0,1.5761000000000003,1576.1000000000004,0.53,30413.048749999703,0.833704184,835.3330000000002,944.5945564000002,32.631832399579224,65.26366479915845,12.0,47.0,159.1861,-18913.19999999996,-15049.999999999243,35.0,2433043.899999976,2433043.899999976
2018-10-08,0.3157407128807736,0.6750499999999999,675.05,1.27,30558.37062499969,0.8591036025916882,857.3135,555.9678047499999,54.702895545679,1.7271931236235183,5.0,1.0,68.18005,-3375.249999999994,2180.000000000007,-4.0,20.0,1.5795,1579.5,0.5,30558.37062499969,0.788620737,789.75,893.0493,34.055285357706126,68.11057071541225,2.0,49.0,159.52949999999998,-3158.999999999992,15979.999999998825,47.0,2444669.649999975,2444669.649999975
2018-10-09,0.6097889439147498,0.67475,674.75,1.26,30576.027499999702,0.8502352615517734,850.1850000000001,551.3449725,55.42513698172824,3.379763574641841,1.0,2.0,68.14975,-674.7500000000031,-30.000000000001137,1.0,20.0,1.5809,1580.8999999999999,0.47,30576.027499999702,0.750893246,743.0229999999999,840.2104083999999,36.369902490486325,72.73980498097265,3.0,52.0,159.67090000000002,-4742.700000000042,6860.000000000724,49.0,2446082.199999976,2446082.199999976
2018-10-10,0.6268510750393377,0.67175,671.75,1.27,30432.027499999695,0.8504154376848295,853.1225000000001,553.24994125,55.26621011638418,3.464368322480534,0.0,2.0,67.175,0.0,-599.9999999999943,2.0,20.0,1.5788,1578.8,0.47,30432.027499999695,0.742423509,742.036,839.0943087999999,36.43932175362611,72.87864350725222,0.0,52.0,157.88,0.0,-10920.000000000415,52.0,2434562.1999999755,2434562.1999999755
2018-10-11,1.2640424945182471,0.6734,673.4,1.26,30597.63749999969,0.8512340551532703,848.4839999999999,550.2418739999999,55.30663684094624,6.990993919584447,3.0,5.0,68.0134,-2020.2000000000025,330.0000000000125,2.0,20.0,1.5835,1583.5,0.42,30597.63749999969,0.662631622,665.0699999999999,752.061156,40.46483089468285,80.9296617893657,6.0,58.0,159.9335,-9501.000000000091,24439.99999999994,52.0,2447810.9999999753,2447810.9999999753
2018-10-12,1.291752224541776,0.6761499999999999,676.1499999999999,1.21,30626.427499999696,0.8174822627959564,818.1414999999998,530.5647627499999,57.669938993700534,7.449527198430118,0.0,5.0,67.615,0.0,1374.9999999999573,5.0,20.0,1.5853000000000002,1585.3000000000002,0.38,30626.427499999696,0.609925679,602.4140000000001,681.2097512000001,44.9166170127479,89.8332340254958,6.0,64.0,160.1153,-9511.799999999937,10440.000000000397,58.0,2450114.1999999755,2450114.1999999755
2018-10-15,1.3051130530873665,0.6723,672.3,1.16,30562.666249999696,0.7832146895877176,779.8679999999999,505.74439799999993,60.55712652698468,7.903389628783093,1.0,6.0,67.90230000000001,-672.300000000007,-1924.9999999999545,5.0,20.0,1.5859,1585.9,0.36,30562.666249999696,0.569736196,570.924,645.6008592,47.43864117211773,94.87728234423545,4.0,68.0,160.1759,-6343.600000000038,3840.0000000001455,64.0,2445013.2999999756,2445013.2999999756
2018-10-16,1.6206176841695794,0.67065,670.65,1.12,30612.728124999692,0.7542504557413108,751.128,487.106508,62.7432927872105,10.168288985398295,1.0,7.0,67.73564999999999,-670.6499999999949,-990.0000000000375,6.0,20.0,1.5872,1587.2,0.35,30612.728124999692,0.551598284,555.52,628.182016,48.65256481650009,97.30512963300018,2.0,70.0,160.3072,-3174.3999999999915,8839.99999999969,68.0,2449018.2499999753,2449018.2499999753
2018-10-17,1.6556221240530888,0.6669499999999999,666.9499999999999,1.14,30885.773124999687,0.7607645277302596,760.3229999999999,493.06946549999986,62.08603506598544,10.279101324998138,0.0,7.0,66.695,0.0,-2590.000000000032,7.0,20.0,1.5916,1591.6,0.33,30885.773124999687,0.521418897,525.228,593.9278224,51.54284236306168,103.08568472612338,4.0,74.0,160.7516,-6366.399999999999,30799.99999999984,70.0,2470861.849999975,2470861.849999975
2018-10-18,1.9768343618224933,0.66995,669.95,1.16,31228.274374999703,0.7738266386295126,777.142,503.976587,61.284142798879046,12.11485993196606,2.0,9.0,67.66495,-1339.9,2100.0000000000796,7.0,20.0,1.5952000000000002,1595.2000000000003,0.33,31228.274374999703,0.52585898,526.4160000000002,595.2712128000002,51.88521208630446,103.77042417260893,0.0,74.0,159.52,0.0,26640.00000000101,74.0,2498261.949999976,2498261.949999976
2018-10-19,1.326089162451722,0.6708,670.8,1.16,31081.756874999697,0.7757089230628448,778.1279999999999,504.6160079999999,61.88522337761371,8.20653240369575,-3.0,6.0,66.4092,-2012.3999999999996,764.9999999999437,9.0,20.0,1.594,1594.0,0.34,31081.756874999697,0.538806397,541.96,612.848368,50.95595583767582,101.91191167535165,-1.0,73.0,157.806,-1593.999999999994,-8880.000000000337,74.0,2486540.5499999756,2486540.5499999756
2018-10-22,1.3610134885375529,0.6658499999999999,665.8499999999999,1.23,30950.046874999694,0.8197001484197363,818.9954999999999,531.1185817499999,58.52131321142523,7.964829664768064,0.0,6.0,66.585,0.0,-2970.0000000000273,6.0,20.0,1.5934000000000001,1593.4,0.35,30950.046874999694,0.553531992,557.6899999999999,630.635852,49.28637783029135,98.5727556605827,-2.0,71.0,157.7466,-3186.800000000005,-4380.0000000001655,73.0,2476003.7499999753,2476003.7499999753
2018-10-23,1.6469099417627873,0.6685,668.5,1.27,31241.098124999684,0.846900328641268,848.995,550.5732575,56.214221183817116,9.257975973608069,1.0,7.0,67.51849999999999,-668.4999999999945,1590.0000000000034,6.0,20.0,1.5978999999999999,1597.8999999999999,0.38,31241.098124999684,0.603504488,607.202,686.6240216,45.07568319977883,90.15136639955766,-6.0,65.0,158.19209999999998,-9587.40000000006,31949.999999999192,71.0,2499287.8499999745,2499287.8499999745
2018-10-24,1.6649170583044672,0.6628499999999999,662.8499999999999,1.37,31380.114999999696,0.9065124562406116,908.1044999999999,588.9057682499999,53.0494007858611,8.832285230121055,-1.0,6.0,65.62214999999999,-662.8500000000059,-3954.999999999984,7.0,20.0,1.6018000000000001,1601.8000000000002,0.42,31380.114999999696,0.678885606,672.7560000000001,760.7524848000002,41.066048089495084,82.13209617899017,-6.0,59.0,158.5782,-9610.799999999983,25350.00000000096,65.0,2510409.1999999755,2510409.1999999755
2018-10-25,1.5895213278186846,0.6642,664.2,1.42,31275.38999999969,0.944554039385477,943.164,611.641854,51.30472153725389,8.154994910126366,0.0,6.0,66.42,0.0,810.0000000000307,6.0,20.0,1.6016,1601.6,0.46,31275.38999999969,0.740096165,736.736,833.1010688,37.66663634845609,75.33327269691218,-5.0,54.0,158.5584,-8007.999999999953,-1180.0000000006037,59.0,2502031.199999975,2502031.199999975
2018-10-26,1.3020415579284788,0.66105,661.0500000000001,1.51,31561.881874999697,0.9961951783257432,998.1855000000002,647.32329675,48.314945803778826,6.29080673055822,-1.0,5.0,65.44395,-661.050000000003,-1889.9999999999864,6.0,20.0,1.6087,1608.7,0.53,31561.881874999697,0.852906404,852.6110000000001,964.1325188000002,32.43889132473859,64.87778264947718,-8.0,46.0,159.2613,-12869.599999999991,38340.00000000043,54.0,2524950.5499999756,2524950.5499999756
2018-10-29,1.308040376484983,0.6585,658.5,1.59,31218.669374999692,1.0440313692539025,1047.015,678.9892275000001,46.48362683338698,6.080246074353097,-1.0,4.0,65.19149999999999,-658.5000000000036,-1275.0000000000482,5.0,20.0,1.6035,1603.5,0.56,31218.669374999692,0.898797715,897.96,1015.413168,31.082797495294738,62.165594990589476,-1.0,45.0,158.7465,-1603.4999999999968,-23920.00000000047,46.0,2497493.549999975,2497493.549999975
2018-10-30,1.655333505691662,0.6559,655.9000000000001,1.64,31187.930624999695,1.0775457453489272,1075.6760000000002,697.5758860000001,44.75307991795991,7.408127267109569,1.0,5.0,66.2459,-655.9000000000026,-1039.9999999999636,4.0,20.0,1.6044,1604.4,0.58,31187.930624999695,0.922689547,930.552,1052.2682016,29.667977543682234,59.33595508736447,-3.0,42.0,158.8356,-4813.199999999995,4050.0000000001537,45.0,2495034.4499999755,2495034.4499999755
2018-10-31,1.6741986521586116,0.6584000000000001,658.4000000000001,1.68,31109.055624999688,1.1073343367382873,1106.112,717.313632,43.478792586224955,7.279213594534165,0.0,5.0,65.84,0.0,1250.0,5.0,20.0,1.6026,1602.6000000000001,0.58,31109.055624999688,0.932898708,929.508,1051.0876464,29.672055162877324,59.34411032575465,0.0,42.0,160.26,0.0,-7560.0000000002865,42.0,2488724.449999975,2488724.449999975
2018-11-01,1.3558140207544689,0.6577500000000001,657.75,1.66,30949.77124999969,1.0904210578119284,1091.865,708.0744525,43.93472397593626,5.95673147645519,-1.0,4.0,65.11725,-657.7500000000072,-324.99999999998863,5.0,20.0,1.5997999999999999,1599.8,0.58,30949.77124999969,0.923382911,927.8839999999999,1049.2512272,29.648815096472532,59.297630192945064,0.0,42.0,159.98,0.0,-11760.000000000047,42.0,2475981.699999975,2475981.699999975
2018-11-02,1.392488376221086,0.65625,656.25,1.61,30750.31812499969,1.0536995539461993,1056.5625,685.18078125,45.17022674444678,6.289901569291297,1.0,5.0,66.28125,-656.25,-600.0000000000227,4.0,20.0,1.5963,1596.3,0.58,30750.31812499969,0.924307308,925.8539999999999,1046.9557032,29.561681698091245,59.12336339618249,0.0,42.0,159.63,0.0,-14699.999999999762,42.0,2460025.449999975,2460025.449999975
2018-11-05,1.0672413597093515,0.6589,658.9000000000001,1.48,30816.394374999698,0.9756959908973428,975.1720000000001,632.399042,48.624865129064645,5.189446717602679,-1.0,4.0,65.2311,-658.9000000000027,1325.0000000000027,5.0,20.0,1.5974000000000002,1597.4,0.58,30816.394374999698,0.925757888,926.492,1047.6771535999999,29.350948447559706,58.70189689511941,0.0,42.0,159.74,0.0,4620.000000000573,42.0,2465311.5499999756,2465311.5499999756
2018-11-06,1.0759359124976016,0.6637500000000001,663.7500000000001,1.33,30819.644374999683,0.8822798119945817,882.7875000000003,572.4876937500002,53.828920187159376,5.791646836033189,0.0,4.0,66.375,0.0,1939.9999999999977,4.0,20.0,1.597,1597.0,0.58,30819.644374999683,0.928711832,926.26,1047.414808,29.42138505168021,58.84277010336042,0.0,42.0,159.7,0.0,-1680.0000000008595,42.0,2465571.5499999747,2465571.5499999747
2018-11-07,0.6917624080639766,0.6584000000000001,658.4000000000001,1.21,30679.66437499969,0.7940422952546352,796.6640000000001,516.636604,59.65439563589204,4.126666837668585,-1.0,3.0,65.1816,-658.4000000000003,-2139.9999999999864,4.0,20.0,1.595,1595.0,0.58,30679.66437499969,0.927565451,925.0999999999999,1046.1030799999999,29.461383838961346,58.92276767792269,0.0,42.0,159.5,0.0,-8399.999999999523,42.0,2454373.149999975,2454373.149999975
2018-11-08,1.3238458566272115,0.667,667.0,1.06,30578.80937499969,0.7053617275223276,707.02,458.50246999999996,66.91275703487419,8.85821761561215,3.0,6.0,67.367,-2001.0000000000048,2579.999999999998,3.0,20.0,1.5937000000000001,1593.7,0.56,30578.80937499969,0.891445829,892.4720000000001,1009.2073376000001,30.39976348959087,60.79952697918175,2.0,44.0,160.96370000000002,-3187.400000000025,-5459.999999999809,42.0,2446304.7499999753,2446304.7499999753
2018-11-09,1.1647035456527328,0.65815,658.15,1.0,30815.42312499969,0.6590875637222458,658.15,426.810275,71.64497006310285,8.344515066067979,0.0,6.0,65.815,0.0,-5310.000000000031,6.0,20.0,1.6003,1600.3,0.52,30815.42312499969,0.826555705,832.156,941.0020048,32.49600874282823,64.99201748565646,3.0,47.0,161.6303,-4800.900000000012,29039.99999999985,44.0,2465233.849999975,2465233.849999975
2018-11-12,1.3129596334842684,0.657,657.0,0.99,30891.226874999687,0.6487595856607381,650.43,421.80385499999994,73.05628613801952,9.591995467149594,1.0,7.0,66.357,-656.9999999999965,-689.9999999999693,6.0,20.0,1.6029,1602.9,0.49,30891.226874999687,0.784432491,785.421,888.1540668000001,34.696033353792984,69.39206670758597,3.0,50.0,161.8929,-4808.700000000016,12219.999999999573,47.0,2471298.1499999748,2471298.1499999748
2018-11-13,1.347181106120528,0.65335,653.35,1.0,30668.0093749997,0.652705906198751,653.35,423.697475,72.90868767863128,9.822120651269461,0.0,7.0,65.335,0.0,-2555.0000000000637,7.0,20.0,1.6008000000000002,1600.8000000000002,0.46,30668.0093749997,0.733115953,736.3680000000002,832.6849344000002,37.09833767709354,74.19667535418708,3.0,53.0,161.6808,-4802.399999999978,-10499.999999998978,50.0,2453440.749999976,2453440.749999976
2018-11-14,1.6270206595532668,0.6487,648.7,1.08,30498.823124999682,0.6985360882971192,700.5960000000001,454.33650600000004,67.50064978269586,10.98249517297159,1.0,8.0,65.51870000000001,-648.7000000000052,-3254.9999999999245,7.0,20.0,1.6014,1601.3999999999999,0.4,30498.823124999682,0.647212742,640.56,724.345248,42.3389391449417,84.6778782898834,8.0,61.0,161.7414,-12811.200000000099,3179.999999998614,53.0,2439905.8499999745,2439905.8499999745
2018-11-15,1.0772447452967768,0.64715,647.15,1.13,30949.828749999695,0.7319939662684976,731.2794999999999,474.23475574999986,64.31165737054836,6.927939496374995,-3.0,5.0,64.06785,-1941.449999999989,-1240.000000000009,8.0,20.0,1.6081,1608.1000000000001,0.39,30949.828749999695,0.622345831,627.1590000000001,709.1913972000001,43.00506639732781,86.01013279465562,1.0,62.0,162.4181,-1608.1000000000074,40870.00000000097,61.0,2475986.2999999756,2475986.2999999756
2018-11-16,1.1032642194321025,0.6456999999999999,645.6999999999999,1.14,30736.441249999698,0.7389632376874654,736.0979999999998,477.3595529999999,64.83546533319236,7.153064905234162,0.0,5.0,64.57,0.0,-725.0000000000512,5.0,20.0,1.6065,1606.5,0.37,30736.441249999698,0.587955497,594.405,672.153174,46.04579721883407,92.09159443766814,4.0,66.0,162.25650000000002,-6426.000000000045,-9919.999999999789,62.0,2458915.2999999756,2458915.2999999756
2018-11-19,1.695411490675596,0.6506000000000001,650.6,1.11,30601.043749999688,0.7245810283560971,722.166,468.324651,65.63062863415169,11.127092192660356,3.0,8.0,65.7106,-1951.7999999999915,2450.0000000000455,5.0,20.0,1.6059999999999999,1605.9999999999998,0.34,30601.043749999688,0.541507772,546.04,617.462032,49.77867408372033,99.55734816744067,5.0,71.0,162.206,-8029.999999999973,-3300.0000000007503,66.0,2448083.499999975,2448083.499999975
2018-11-20,1.672306661009491,0.65325,653.25,1.07,30804.47374999968,0.6996789739970813,698.9775000000001,453.28690875,67.5092158173864,11.289611129094258,0.0,8.0,65.325,0.0,2120.0000000000045,8.0,20.0,1.6089,1608.9,0.32,30804.47374999968,0.509363328,514.8480000000001,582.1901184000001,52.56194288233334,105.1238857646667,4.0,75.0,162.4989,-6435.600000000022,20589.999999999436,71.0,2464357.8999999743,2464357.8999999743
2018-11-21,1.6986310659674844,0.6498,649.8000000000001,1.08,30358.913749999705,0.7041380664710839,701.7840000000001,455.10692400000005,67.68623399366184,11.49739397999784,0.0,8.0,64.98,0.0,-2759.999999999991,8.0,20.0,1.6058000000000001,1605.8000000000002,0.3,30358.913749999705,0.486355494,481.74,544.7515920000001,56.54774433408113,113.09548866816226,6.0,81.0,162.1858,-9634.799999999927,-23249.99999999804,75.0,2428713.0999999763,2428713.0999999763
2018-11-22,1.7100501533740595,0.6517000000000001,651.7,1.03,30400.31374999969,0.6741244321243656,671.2510000000001,435.30627350000003,69.7415029328763,11.926146778690255,1.0,9.0,65.8217,-651.7000000000053,1519.9999999999818,8.0,20.0,1.6063,1606.3,0.3,30400.31374999969,0.482613372,481.89,544.921212,55.71248298185116,111.4249659637023,-1.0,80.0,159.0237,-1606.3000000000045,4049.9999999986185,81.0,2432025.099999975,2432025.099999975
2018-11-23,1.7467050718201873,0.6498999999999999,649.9,0.98,30789.65124999969,0.633802874181212,636.9019999999999,413.0309469999999,73.60299263483444,12.856272053640918,0.0,9.0,64.99,0.0,-1620.0000000000614,9.0,20.0,1.611,1611.0,0.31,30789.65124999969,0.494158207,499.40999999999997,564.7328279999999,53.83132030355369,107.66264060710736,-3.0,77.0,159.489,-4832.99999999997,37599.99999999991,80.0,2463172.099999975,2463172.099999975
2018-11-26,1.7848875563946958,0.6505,650.5,0.95,30301.122499999703,0.6176737272382489,617.975,400.7567875,76.8287704921272,13.713071642450183,1.0,10.0,65.70049999999999,-650.4999999999939,540.0000000000205,9.0,20.0,1.6074000000000002,1607.4,0.29,30301.122499999703,0.470898786,466.146,527.1178968,58.4113182969425,116.822636593885,7.0,84.0,162.34740000000002,-11251.800000000088,-27719.99999999886,77.0,2424089.799999976,2424089.799999976
2018-11-27,1.833857485130272,0.6461,646.1,0.92,30439.484999999702,0.5952351076007082,594.412,385.476182,78.6069903016724,14.415401754828462,0.0,10.0,64.61,0.0,-4399.999999999977,10.0,20.0,1.6102,1610.2,0.3,30439.484999999702,0.483782665,483.06,546.244248,55.47174658761753,110.94349317523506,-5.0,79.0,159.40980000000002,-8050.999999999959,23520.000000000095,84.0,2435158.799999976,2435158.799999976
2018-11-28,1.5107983008735557,0.6461,646.1,0.93,30264.6074999997,0.6020436030613722,600.873,389.6661405,78.11683345373885,11.801877925153118,-2.0,8.0,63.963899999999995,-1292.2000000000082,0.0,10.0,20.0,1.609,1609.0,0.31,30264.6074999997,0.496996647,498.79,564.031732,53.967681733196706,107.93536346639341,-2.0,77.0,159.291,-3218.0000000000177,-9480.00000000036,79.0,2421168.599999976,2421168.599999976
2018-11-29,1.553364327784141,0.6497,649.7,0.89,30682.47999999969,0.5762419919794757,578.2330000000001,374.9841005,80.70904195576607,12.537054670372058,1.0,9.0,65.6197,-649.6999999999957,2879.9999999999955,8.0,20.0,1.6141,1614.1000000000001,0.33,30682.47999999969,0.539372166,532.653,602.3240124,50.24639044259312,100.49278088518624,-5.0,72.0,159.7959,-8070.500000000038,39269.9999999993,77.0,2454598.399999975,2454598.399999975
2018-11-30,1.553854056919087,0.65225,652.25,0.86,30727.204999999685,0.5589157658542898,560.935,363.76634749999994,84.34666980842613,13.10624150694376,0.0,9.0,65.225,0.0,2294.999999999959,9.0,20.0,1.6154,1615.3999999999999,0.36,30727.204999999685,0.579454629,581.544,657.6099552,46.65756617183233,93.31513234366466,-5.0,67.0,159.9246,-8076.99999999997,9359.999999999673,72.0,2458176.3999999748,2458176.3999999748
2018-12-03,1.260363116711039,0.64725,647.25,0.87,31143.09187499969,0.5646895902356486,563.1075,365.17521374999995,84.14373112693136,10.605165521483487,-1.0,8.0,64.07775,-647.2499999999997,-4500.0,9.0,20.0,1.6238,1623.8,0.43,31143.09187499969,0.699695648,698.2339999999999,789.5630071999999,38.91672319979442,77.83344639958884,-11.0,56.0,160.7562,-17861.799999999876,56280.000000000226,67.0,2491447.349999975,2491447.349999975
2018-12-04,1.536057727201252,0.6480500000000001,648.0500000000002,0.88,31365.6612499997,0.5716552719840714,570.2840000000002,369.82917400000014,84.2093973770703,12.93504955440097,1.0,9.0,65.45305,-648.0499999999978,640.0000000001,8.0,20.0,1.6296000000000002,1629.6000000000001,0.52,31365.6612499997,0.855421534,847.392,958.2308736000001,32.50061413487699,65.00122826975398,-9.0,47.0,161.3304,-14666.400000000096,32480.0000000007,56.0,2509252.8999999757,2509252.8999999757
2018-12-05,1.261749011640224,0.6436000000000001,643.6,0.92,31112.74624999969,0.5900432893614989,592.1120000000001,383.98463200000003,81.68467859411544,10.306556248227452,-2.0,7.0,63.7164,-1287.1999999999985,-4005.0000000000664,9.0,20.0,1.6285,1628.5,0.59,31112.74624999969,0.962959501,960.8149999999999,1086.4896019999999,28.8688094136033,57.737618827206596,-6.0,41.0,161.2215,-9771.000000000015,-5170.000000000641,47.0,2489019.699999975,2489019.699999975
2018-12-06,1.5539732219847977,0.6454000000000001,645.4000000000001,0.92,31348.448749999698,0.5953739720997957,593.7680000000001,385.0585480000001,80.80004043956372,12.556109917837079,2.0,9.0,65.1854,-1290.7999999999902,1260.0000000000477,7.0,20.0,1.6355000000000002,1635.5000000000002,0.68,31348.448749999698,1.105734597,1112.1400000000003,1257.6079120000004,24.739623497215785,49.47924699443157,-6.0,35.0,161.9145,-9813.000000000045,28700.0000000007,41.0,2507875.8999999757,2507875.8999999757
2018-12-07,1.903902719290968,0.6385000000000001,638.5000000000001,1.01,31076.196249999688,0.6455793263836084,644.8850000000001,418.20792250000005,74.959002599956,14.271464888539498,1.0,10.0,64.4885,-638.5000000000005,-6210.000000000043,9.0,20.0,1.6317,1631.6999999999998,0.72,31076.196249999688,1.168717673,1174.8239999999998,1328.4909791999999,23.597035464160495,47.19407092832099,-1.0,34.0,161.5383,-1631.699999999995,-13300.000000000835,35.0,2486095.699999975,2486095.699999975
2018-12-10,1.1832447388348548,0.6444,644.4,0.99,29867.426249999684,0.6389191393704947,637.956,413.714466,75.11508251200404,8.887952618947478,-4.0,6.0,63.7956,-2577.5999999999894,5899.999999999963,10.0,-20.0,1.6340000000000001,1634.0000000000002,0.75,29867.426249999684,1.233668918,1225.5000000000002,1385.7954000000002,22.424808344723676,-44.84961668944735,-66.0,-32.0,161.766,-107844.00000000096,7820.0000000006185,34.0,2389394.0999999745,2389394.0999999745
2018-12-11,0.8555033194892419,0.63815,638.15,0.98,29739.70437499969,0.6252500832898524,625.387,405.56346949999994,73.64427147943533,6.300291871202383,-1.0,5.0,63.176849999999995,-638.150000000003,-3750.0,6.0,-20.0,1.6348,1634.8,0.78,29739.70437499969,1.281608755,1275.144,1441.9328352,20.713465648944037,-41.426931297888075,2.0,-30.0,165.1148,-3269.6000000000254,-2559.9999999994907,-32.0,2379176.349999975,2379176.349999975
2018-12-12,1.0967909911551734,0.63715,637.15,1.01,29912.98999999969,0.6451551492889096,643.5215,417.32369274999996,71.26291866878361,7.81605271993457,1.0,6.0,64.35215000000001,-637.1500000000054,-499.9999999999716,5.0,-20.0,1.6298,1629.8,0.78,29912.98999999969,1.2688282,1271.244,1437.5227152,20.688163088165222,-41.376326176330444,0.0,-30.0,162.98,0.0,15000.0,-30.0,2393039.199999975,2393039.199999975
2018-12-13,0.5626918549041923,0.6364500000000001,636.45,0.9,29904.764374999686,0.5706526234532137,572.8050000000001,371.4640425,80.52728279884502,4.531204612847656,-3.0,3.0,63.00855,-1909.3500000000104,-420.0000000000017,6.0,-20.0,1.6287,1628.7,0.75,29904.764374999686,1.225326487,1221.525,1381.3004700000001,21.655672063877372,-43.311344127754744,-1.0,-31.0,161.2413,-1628.7000000000091,3299.9999999995566,-30.0,2392381.1499999748,2392381.1499999748
2018-12-14,0.5780395232620383,0.6358,635.8000000000001,0.9,29774.451874999693,0.572835200257513,572.22,371.08467,80.58744214628884,4.658272663914789,0.0,3.0,63.58,0.0,-195.0000000000145,3.0,-20.0,1.632,1632.0,0.75,29774.451874999693,1.224204912,1224.0,1384.0992,21.6059400764047,-43.2118801528094,0.0,-31.0,163.2,0.0,-10229.999999999507,-31.0,2381956.149999975,2381956.149999975
2018-12-17,0.8906656630246423,0.637,637.0,0.88,29786.27687499969,0.5619965895395556,560.5600000000001,363.52316,81.90524057669309,7.295018540343319,2.0,5.0,64.337,-1274.000000000001,360.00000000001364,3.0,-20.0,1.6314,1631.3999999999999,0.75,29786.27687499969,1.221213604,1223.55,1383.59034,21.519702049234958,-43.039404098469916,0.0,-31.0,163.14,0.0,1860.0000000000705,-31.0,2382902.149999975,2382902.149999975
2018-12-18,11.288755953654045,0.6336,633.6,0.93,29228.166874999682,0.5904448887526405,589.248,382.12732800000003,77.9485650264712,87.99423275213663,58.0,63.0,63.9936,-36748.800000000076,-1700.000000000017,5.0,-20.0,1.6334,1633.3999999999999,0.74,29228.166874999682,1.203511252,1208.716,1366.8160527999999,21.79245467155644,-43.58490934311288,0.0,-31.0,163.34,0.0,-6200.000000000528,-31.0,2338253.3499999745,2338253.3499999745
2018-12-19,1.2485029346751952,0.6241,624.1,1.15,28019.870624999687,0.7185507404868152,717.7149999999999,465.43817749999994,62.7970980635762,7.840236122146091,-57.0,6.0,61.7859,-35573.69999999992,-59850.00000000018,63.0,-20.0,1.6338,1633.8,0.72,28019.870624999687,1.17651151,1176.336,1330.2007488000002,21.972748775977593,-43.945497551955185,0.0,-31.0,163.38,0.0,-1239.9999999997533,-31.0,2241589.6499999748,2241589.6499999748
2018-12-20,1.0860806454521206,0.6243500000000001,624.35,1.31,27915.941874999684,0.8161330569546732,817.8985,530.40717725,52.82709553493261,5.7374486015940445,-2.0,4.0,61.81065,-1248.6999999999994,150.0000000000341,6.0,-20.0,1.6356000000000002,1635.6000000000001,0.72,27915.941874999684,1.183038179,1177.632,1331.6662656,21.0412108114603,-42.0824216229206,1.0,-30.0,165.1956,-1635.6000000000108,-5580.000000000211,-31.0,2233275.3499999745,2233275.3499999745
2018-12-21,1.395705395053107,0.62675,626.75,1.4,27995.107499999678,0.8774143832805217,877.4499999999999,569.0263249999999,49.059139531022026,6.84721057201106,1.0,5.0,63.30175,-626.7500000000013,959.9999999999795,4.0,-20.0,1.6336000000000002,1633.6000000000001,0.71,27995.107499999678,1.161655858,1159.856,1311.5651648,21.28444901116032,-42.56889802232064,0.0,-30.0,163.36,0.0,5999.999999999659,-30.0,2239608.599999974,2239608.599999974
2018-12-24,1.420706274841477,0.6249,624.9,1.48,27963.124999999676,0.9267258674068106,924.852,599.7665219999999,46.67667579485152,6.631384619048684,0.0,5.0,62.49,0.0,-924.9999999999759,5.0,-20.0,1.6336000000000002,1633.6000000000001,0.69,27963.124999999676,1.125820738,1127.184,1274.6196672,21.96349877567594,-43.92699755135188,-1.0,-31.0,161.7264,-1633.6000000000013,-0.0,-30.0,2237049.999999974,2237049.999999974
2018-12-25,1.742047751559335,0.6249,624.9,1.52,27934.893749999675,0.9487451361250526,949.848,615.9764279999999,45.39642059160043,7.9082732420439426,1.0,6.0,63.114900000000006,-624.9000000000037,0.0,5.0,-20.0,1.6336000000000002,1633.6000000000001,0.67,27934.893749999675,1.096553236,1094.5120000000002,1237.6741696000001,22.593284797271796,-45.18656959454359,-1.0,-32.0,161.7264,-1633.6000000000013,-0.0,-31.0,2234791.499999974,2234791.499999974
2018-12-26,1.7911291222687962,0.6229,622.9,1.59,27879.05374999967,0.9877330948461308,990.4110000000001,642.2815335,43.49322266479218,7.790197773623052,0.0,6.0,62.29,0.0,-1200.000000000017,6.0,-20.0,1.6336000000000002,1633.6000000000001,0.63,27879.05374999967,1.033919242,1029.1680000000001,1163.7831744000002,24.003520900189834,-48.00704180037967,-2.0,-34.0,161.7264,-3267.2000000000025,-0.0,-32.0,2230324.2999999737,2230324.2999999737
2018-12-27,1.826950406822804,0.6222500000000001,622.2500000000001,1.62,27655.529999999686,1.007609051164037,1008.0450000000003,653.7171825000001,42.64696492049093,7.791388991124876,0.0,6.0,62.225,0.0,-389.99999999998636,6.0,-20.0,1.6373,1637.3,0.59,27655.529999999686,0.971626986,966.007,1092.3607156,25.521838484173763,-51.043676968347526,-3.0,-37.0,162.09269999999998,-4911.9000000000315,-12579.999999999189,-34.0,2212442.3999999748,2212442.3999999748
2018-12-28,1.8767649604027044,0.62195,621.95,1.65,27720.71249999969,1.025003780474849,1026.2175,665.50204875,41.55589010123192,7.799063844033765,0.0,6.0,62.195,0.0,-180.00000000000682,6.0,-20.0,1.6354,1635.3999999999999,0.56,27720.71249999969,0.922856616,915.824,1035.6137792,26.7044824580871,-53.408964916174206,-1.0,-38.0,161.9046,-1635.4000000000042,7029.999999999916,-37.0,2217656.999999975,2217656.999999975
2018-12-31,1.929258452443246,0.62245,622.4499999999999,1.64,27622.249999999687,1.023269148361161,1020.8179999999999,662.0004729999998,41.87415814731555,8.078607354465372,0.0,6.0,62.245,0.0,299.99999999998295,6.0,-20.0,1.6354,1635.3999999999999,0.5,27622.249999999687,0.824126406,817.6999999999999,924.6551599999999,29.979514200731536,-59.95902840146307,-5.0,-43.0,161.9046,-8177.000000000021,-0.0,-38.0,2209779.999999975,2209779.999999975
2019-01-01,1.9824579574312056,0.62245,622.4499999999999,1.66,27520.037499999686,1.0329878992455863,1033.2669999999998,670.0736494999999,41.22270741523868,8.172228434219829,0.0,6.0,62.245,0.0,0.0,6.0,-20.0,1.6354,1635.3999999999999,0.45,27520.037499999686,0.728703186,735.93,832.1896439999999,33.19225395215287,-66.38450790430574,-5.0,-48.0,161.9046,-8177.000000000021,-0.0,-43.0,2201602.999999975,2201602.999999975
2019-01-02,2.038312771880181,0.619,619.0,1.7,26731.26249999969,1.0516642366528006,1052.3,682.4165499999999,40.32733013289272,8.21997120657037,0.0,6.0,61.9,0.0,-2069.999999999993,6.0,-20.0,1.6463999999999999,1646.3999999999999,0.4,26731.26249999969,0.651760948,658.56,744.6996479999999,36.95454613669925,-73.9090922733985,-5.0,-53.0,162.9936,-8232.0,-52799.99999999972,-48.0,2138500.9999999753,2138500.9999999753
2019-01-03,2.0336267471861733,0.6193500000000001,619.35,1.67,26594.03499999969,1.0346928690781774,1034.3145,670.7529532499999,39.852619910920524,8.104535379629223,0.0,6.0,61.935,0.0,210.00000000002217,6.0,-20.0,1.6481999999999999,1648.1999999999998,0.38,26594.03499999969,0.620765656,626.3159999999999,708.2381327999999,37.743325672564936,-75.48665134512987,-1.0,-54.0,163.1718,-1648.2000000000028,-9540.000000000362,-53.0,2127522.799999975,2127522.799999975
2019-01-04,1.7418827249104758,0.6217,621.7,1.56,26931.683749999684,0.9703434958755296,969.8520000000001,628.949022,42.28329176096515,7.365253547077463,-1.0,5.0,61.548300000000005,-621.699999999997,1409.9999999999966,6.0,-20.0,1.6397,1639.7,0.31,26931.683749999684,0.510579083,508.307,574.7935556,46.267107104635905,-92.53421420927181,-12.0,-66.0,162.3303,-19676.40000000006,45899.999999999694,-54.0,2154534.6999999746,2154534.6999999746
2019-01-07,1.76446080898615,0.6242,624.1999999999999,1.47,26824.786249999674,0.9206724444600152,917.5739999999998,595.0467389999999,45.25977874487552,7.985910581871721,1.0,6.0,63.044200000000004,-624.2000000000019,1250.0,5.0,-20.0,1.6396000000000002,1639.6000000000001,0.29,26824.786249999674,0.472989429,475.484,537.6773072,50.08893510914326,-100.17787021828651,-6.0,-72.0,162.3204,-9837.60000000001,659.9999999993997,-66.0,2145982.899999974,2145982.899999974
2019-01-08,1.7831134880949155,0.624,624.0,1.36,26980.351249999672,0.8513179488228914,848.6400000000001,550.3430400000001,48.74193784661957,8.69124068101914,0.0,6.0,62.4,0.0,-120.00000000001876,6.0,-20.0,1.6374000000000002,1637.4,0.28,26980.351249999672,0.462708331,458.4720000000001,518.4401376000001,51.74133772546794,-103.48267545093589,-2.0,-74.0,162.1026,-3274.8000000000275,15839.999999999918,-72.0,2158428.0999999736,2158428.0999999736
2019-01-09,1.833141354962865,0.62115,621.15,1.31,26686.226874999673,0.812963355050346,813.7065,527.68866525,51.12929844194654,9.372723142417058,1.0,7.0,62.73615,-621.1500000000001,-1709.9999999999795,6.0,-20.0,1.6396000000000002,1639.6000000000001,0.27,26686.226874999673,0.449444101,442.69200000000006,500.5961136000001,53.89644569146265,-107.79289138292532,-3.0,-77.0,162.3204,-4918.800000000005,-16279.999999999916,-74.0,2134898.149999974,2134898.149999974
2019-01-10,2.20798104755434,0.61985,619.85,1.21,26336.625624999673,0.7499995555474805,750.0185,486.38699725,54.86624236643216,12.114362329560521,2.0,9.0,62.60485,-1239.6999999999991,-910.000000000018,7.0,-20.0,1.6421000000000001,1642.1000000000001,0.28,26336.625624999673,0.467957263,459.78800000000007,519.9282704000001,51.32674715777422,-102.65349431554844,4.0,-73.0,165.8521,-6568.399999999997,-19250.0,-77.0,2106930.0499999737,2106930.0499999737
2019-01-11,2.2585509103564365,0.6149,614.9,1.23,25995.681874999682,0.7541834436360868,756.327,490.4780595,53.69582821267803,12.12747616920868,0.0,9.0,61.49,0.0,-4454.999999999977,9.0,-20.0,1.6441,1644.1,0.3,25995.681874999682,0.487510684,493.22999999999996,557.7444839999999,47.21987644973227,-94.43975289946454,5.0,-68.0,166.0541,-8220.500000000044,-14599.99999999917,-73.0,2079654.5499999744,2079654.5499999744
2019-01-14,2.5189677452711154,0.6156,615.6,1.12,25757.005624999685,0.687110374433999,689.4720000000001,447.12259200000005,58.13994269160007,14.64526403520517,1.0,10.0,62.1756,-615.6000000000006,630.0000000000025,9.0,-20.0,1.6457,1645.7,0.32,25757.005624999685,0.519237582,526.624,595.5064192000001,43.65306743447389,-87.30613486894778,5.0,-63.0,166.2157,-8228.500000000025,-10879.999999999767,-68.0,2060560.4499999746,2060560.4499999746
2019-01-15,2.2167741657062536,0.6187,618.7,1.04,25420.08812499969,0.6455389866782075,643.4480000000001,417.27602800000005,61.726540459208174,13.683380022839453,0.0,10.0,61.87,0.0,3099.999999999952,10.0,-20.0,1.6488999999999998,1648.8999999999999,0.35,25420.08812499969,0.570559083,577.1149999999999,652.6016419999999,39.46819003713094,-78.93638007426188,6.0,-57.0,166.53889999999998,-9893.399999999985,-20159.99999999957,-63.0,2033607.049999975,2033607.049999975
2019-01-16,2.21459208422613,0.62295,622.95,0.95,25658.602499999673,0.5908309825899576,591.8025,383.78392125,66.23541716444352,14.668443054779218,1.0,11.0,62.917950000000005,-622.950000000003,4250.000000000043,10.0,-20.0,1.6459000000000001,1645.9,0.35,25658.602499999673,0.57239031,576.0649999999999,651.4143019999999,39.02291989438036,-78.04583978876072,1.0,-56.0,166.23590000000002,-1645.9000000000117,17099.99999999903,-57.0,2052688.1999999739,2052688.1999999739
2019-01-17,2.520173927789385,0.6213000000000001,621.3000000000001,0.86,25741.23249999967,0.5332356420835321,534.3180000000001,346.50522300000006,74.04968467098595,18.66180846688441,2.0,13.0,62.7513,-1242.5999999999958,-1814.9999999999907,11.0,-20.0,1.6430000000000002,1643.0000000000002,0.33,25741.23249999967,0.54627008,542.19,613.108452,41.850022481829484,-83.70004496365897,-4.0,-60.0,162.657,-6572.000000000003,16239.999999999554,-56.0,2059298.5999999736,2059298.5999999736
2019-01-18,2.203525557596983,0.6213000000000001,621.3000000000001,0.75,25872.714999999684,0.4681224020719281,465.975,302.18478749999997,85.18374704749051,18.770456371102192,0.0,13.0,62.13,0.0,0.0,13.0,-20.0,1.6407,1640.7,0.32,25872.714999999684,0.530022641,525.024,593.6971392,43.35751480070408,-86.71502960140816,-2.0,-62.0,162.42929999999998,-3281.400000000019,13800.000000001091,-60.0,2069817.1999999746,2069817.1999999746
2019-01-21,2.2656088470265536,0.62,620.0,0.59,25725.307499999682,0.3667132167261178,365.79999999999995,237.22129999999996,109.06573313610409,24.710028990059456,5.0,18.0,62.62,-3099.999999999987,-1690.0000000000332,13.0,-20.0,1.6413,1641.3,0.31,25725.307499999682,0.50789369,508.803,575.3544324000001,44.9683074345595,-89.936614869119,-2.0,-64.0,162.4887,-3282.600000000002,-3720.000000000141,-62.0,2058024.5999999745,2058024.5999999745
2019-01-22,2.316872133677279,0.6267,626.7,0.47,25572.72249999968,0.2964465943835865,294.549,191.01502649999998,134.67687841825202,31.2029106657891,4.0,22.0,63.2967,-2506.7999999999984,12060.000000000031,18.0,-20.0,1.6447,1644.7,0.31,25572.72249999968,0.503162333,509.857,576.5462956,44.61967355670524,-89.23934711341047,0.0,-64.0,164.47,0.0,-21760.00000000022,-64.0,2045817.7999999742,2045817.7999999742
2019-01-23,2.43542781793152,0.62795,627.95,0.51,25478.105624999684,0.317556687834295,320.2545,207.68504325,123.13222993731245,29.987965807327107,-1.0,21.0,62.16705,-627.9499999999985,2750.0,22.0,-20.0,1.6457,1645.7,0.3,25478.105624999684,0.500474775,493.71,558.287268,45.80567024501744,-91.61134049003488,-2.0,-66.0,162.9243,-3291.40000000001,-6399.999999999636,-64.0,2038248.4499999746,2038248.4499999746
2019-01-24,2.4934212164980942,0.62895,628.95,0.55,24733.088749999686,0.3436232190276844,345.92250000000007,224.33074125000005,113.57384851952241,28.318744353791782,-1.0,20.0,62.26605,-628.9500000000032,2100.00000000003,21.0,-20.0,1.6532,1653.2,0.33,24733.088749999686,0.553201892,545.556,616.9147248,41.29923407689698,-82.59846815379396,7.0,-59.0,166.9732,-11572.399999999987,-49500.0,-66.0,1978647.0999999747,1978647.0999999747
2019-01-25,2.191166049717908,0.6314500000000001,631.45,0.6,24886.489999999685,0.3802020296126893,378.87,245.697195,100.66492110339186,22.0573557519284,-4.0,16.0,62.51355,-2525.800000000004,5000.0,20.0,-20.0,1.6507,1650.7,0.34,24886.489999999685,0.563967493,561.238,634.6479304000001,38.97135335241879,-77.94270670483758,3.0,-56.0,166.7207,-4952.100000000001,14750.0,-59.0,1990919.1999999748,1990919.1999999748
2019-01-28,2.211668076920204,0.6285000000000001,628.5000000000001,0.63,24931.633749999684,0.3964033089185849,395.9550000000001,256.77681750000005,96.91875708366734,21.435212109673095,-1.0,15.0,62.2215,-628.5000000000025,-4720.000000000027,16.0,-20.0,1.6491,1649.1,0.34,24931.633749999684,0.556961399,560.694,634.0327752,39.251109679857585,-78.50221935971517,0.0,-56.0,164.91,0.0,8959.999999999809,-56.0,1994530.6999999746,1994530.6999999746
2019-01-29,2.584874905039796,0.62555,625.5500000000001,0.64,24692.593124999672,0.3981988615272551,400.35200000000003,259.628272,96.02819276168694,24.822086564600873,3.0,18.0,63.180550000000004,-1876.6500000000121,-4425.0000000000255,15.0,-20.0,1.6508000000000003,1650.8000000000002,0.33,24692.593124999672,0.551634541,544.7640000000001,616.0191312000002,40.47217446223313,-80.94434892446625,-2.0,-58.0,163.4292,-3301.6000000000076,-9520.000000000891,-56.0,1975407.4499999736,1975407.4499999736
2019-01-30,2.219352564372061,0.6232500000000001,623.2500000000001,0.64,24524.323749999676,0.3983687571270304,398.8800000000001,258.67368000000005,95.45846769180254,21.185599506282948,-3.0,15.0,61.701750000000004,-1869.7499999999964,-4139.999999999944,18.0,-20.0,1.6518000000000002,1651.8000000000002,0.33,24524.323749999676,0.543044504,545.094,616.3922952,40.05986660976627,-80.11973321953253,1.0,-57.0,166.83180000000002,-1651.8000000000086,-5799.999999999671,-58.0,1961945.899999974,1961945.899999974
2019-01-31,2.9939827877496783,0.6239,623.9,0.64,24086.26624999969,0.399099820414558,399.296,258.94345599999997,94.70918527479482,28.3557670554531,5.0,20.0,63.0139,-3119.4999999999945,974.9999999999659,15.0,-20.0,1.6566999999999998,1656.6999999999998,0.35,24086.26624999969,0.585007122,579.8449999999999,655.688726,37.40238740966194,-74.80477481932388,3.0,-54.0,167.3267,-4970.100000000002,-27929.999999998898,-57.0,1926901.2999999751,1926901.2999999751
2019-02-01,3.074232723528337,0.62165,621.6500000000001,0.64,24074.933124999683,0.3993747195991917,397.85600000000005,258.009616,93.35414169214411,28.699235726689047,1.0,21.0,62.78665,-621.6500000000025,-4500.000000000028,20.0,-20.0,1.655,1655.0,0.36,24074.933124999683,0.589845177,595.8,673.73064,35.75058757903558,-71.50117515807116,3.0,-51.0,167.155,-4965.000000000004,9179.999999999325,-54.0,1925994.6499999745,1925994.6499999745
2019-02-04,3.4974189737778985,0.6184000000000001,618.4000000000001,0.66,24073.090624999684,0.4084243095788239,408.14400000000006,264.68138400000004,90.95816547868618,31.81188137651869,2.0,23.0,62.458400000000005,-1236.8000000000022,-6824.999999999911,21.0,-20.0,1.6528,1652.8,0.35,24073.090624999684,0.571212161,578.4799999999999,654.1451839999999,36.80365416402682,-73.60730832805363,-2.0,-53.0,163.6272,-3305.6000000000267,11219.999999999942,-51.0,1925847.2499999746,1925847.2499999746
2019-02-05,3.8589681372994815,0.62605,626.05,0.66,24076.193124999678,0.4145050260912808,413.193,267.95566049999996,89.83982864956005,34.668903621909735,2.0,25.0,63.231049999999996,-1252.0999999999985,17594.999999999847,23.0,-20.0,1.6549,1654.9,0.33,24076.193124999678,0.554173559,546.1170000000001,617.5491036000001,38.98166232396047,-77.96332464792094,-3.0,-56.0,163.8351,-4964.699999999993,-11130.000000000422,-53.0,1926095.449999974,1926095.449999974
2019-02-06,3.361148753159721,0.62865,628.6500000000001,0.67,24049.94437499969,0.4238857943537605,421.1955000000001,273.14528175000004,88.14427608175104,29.626602365034376,-4.0,21.0,62.23635,-2514.6000000000013,6500.000000000128,25.0,-20.0,1.6551,1655.1,0.35,24049.94437499969,0.578847418,579.285,655.055478,36.75443368324855,-73.5088673664971,3.0,-53.0,167.1651,-4965.300000000014,-1119.9999999989814,-56.0,1923995.5499999751,1923995.5499999751
2019-02-07,3.0579884194012825,0.6282500000000001,628.2500000000001,0.68,23315.048124999677,0.4289471606793837,427.2100000000001,277.04568500000005,86.80858673182253,26.54596529305051,-2.0,19.0,62.19675,-1256.5000000000025,-839.999999999982,21.0,-20.0,1.6636000000000002,1663.6000000000001,0.4,23315.048124999677,0.666675083,665.44,752.4795520000001,31.960927457866237,-63.92185491573248,7.0,-46.0,168.02360000000002,-11645.200000000017,-45050.00000000121,-53.0,1865203.849999974,1865203.849999974
2019-02-08,3.142835513750051,0.62745,627.4499999999999,0.69,22925.891874999685,0.4348493992041723,432.94049999999993,280.76191424999996,83.04206141093327,26.09875397372938,0.0,19.0,62.745,0.0,-1520.0000000001025,19.0,-20.0,1.6675,1667.5,0.45,22925.891874999685,0.75407493,750.375,848.52405,27.477180081106336,-54.95436016221267,7.0,-39.0,168.4175,-11672.499999999929,-17939.999999999374,-46.0,1834071.3499999747,1834071.3499999747
2019-02-11,3.584116949476367,0.6281,628.1,0.71,23086.89062499969,0.4438958210979509,445.951,289.1992235,79.27369789428111,28.41262042705619,1.0,20.0,63.438100000000006,-628.1000000000034,1235.0000000000919,19.0,-20.0,1.6635,1663.5,0.47,23086.89062499969,0.783555571,781.8449999999999,884.1103259999999,25.931030552175326,-51.86206110435065,2.0,-37.0,168.0135,-3326.999999999998,15600.000000000222,-39.0,1846951.249999975,1846951.249999975
2019-02-12,3.3125318397219203,0.6295000000000001,629.5000000000001,0.73,23238.025624999682,0.4584132051488949,459.5350000000001,298.00844750000005,77.47059124892655,25.66238001541516,-2.0,18.0,62.3205,-1259.0000000000002,2800.0000000000114,20.0,-20.0,1.6602000000000001,1660.2,0.46,23238.025624999682,0.766294547,763.692,863.5829136,26.73384368937761,-53.46768737875523,-1.0,-38.0,164.3598,-1660.2000000000032,12209.99999999941,-37.0,1859042.0499999744,1859042.0499999744
2019-02-13,3.385627798172687,0.62875,628.75,0.74,23145.026249999682,0.4638792946319174,465.275,301.73083749999995,77.01574627750698,26.074665149414226,1.0,19.0,63.503750000000004,-628.7500000000036,-1350.0000000000512,18.0,-20.0,1.6612,1661.2,0.46,23145.026249999682,0.758076074,764.152,864.1030816000001,26.892654499011197,-53.78530899802239,-1.0,-39.0,164.4588,-1661.200000000008,-3799.999999999784,-38.0,1851602.0999999745,1851602.0999999745
2019-02-14,3.4747777584487984,0.63035,630.3499999999999,0.74,22936.641249999688,0.46935487638693,466.45899999999995,302.49866149999997,76.51282202450236,26.58650522068921,0.0,19.0,63.035,0.0,3039.9999999999354,19.0,-20.0,1.6654,1665.4,0.47,22936.641249999688,0.780240348,782.7379999999999,885.1201304,26.14902255080344,-52.29804510160689,2.0,-37.0,168.2054,-3330.8000000000106,-16379.999999999513,-39.0,1834931.299999975,1834931.299999975
2019-02-15,3.5422928039400987,0.63035,630.3499999999999,0.69,22932.448749999683,0.435046261894259,434.9414999999999,282.05956274999994,81.31843156237642,28.805369495110135,2.0,21.0,63.66535,-1260.6999999999998,0.0,19.0,-20.0,1.6647,1664.7,0.48,22932.448749999683,0.796872428,799.056,903.5725248000001,25.384394302025246,-50.76878860405049,1.0,-36.0,168.1347,-1664.7000000000105,2589.9999999997476,-37.0,1834595.8999999745,1834595.8999999745
2019-02-18,3.642095226758885,0.636,636.0,0.69,23130.261249999676,0.4359830845206487,438.84,284.58774,80.58129542052544,29.348475141714328,0.0,21.0,63.6,0.0,11865.0000000001,21.0,-20.0,1.6636000000000002,1663.6000000000001,0.48,23130.261249999676,0.806251615,798.528,902.9754624000001,25.396535902590305,-50.79307180518061,0.0,-36.0,166.36,0.0,3959.999999999468,-36.0,1850420.899999974,1850420.899999974
2019-02-19,3.3682415780224337,0.635,635.0,0.7,23040.33374999969,0.4416170097736826,444.5,288.25825,80.24145449436287,27.02726033089081,-2.0,19.0,62.865,-1269.999999999996,-2100.00000000003,21.0,-20.0,1.6642,1664.1999999999998,0.5,23040.33374999969,0.823803779,832.0999999999999,940.93868,24.58211331050784,-49.16422662101568,1.0,-35.0,168.08419999999998,-1664.199999999994,-2159.9999999990587,-36.0,1843226.699999975,1843226.699999975
2019-02-20,3.835824159822978,0.63495,634.95,0.73,22983.897499999686,0.462607374910335,463.5135,300.58850474999997,76.6507480689003,29.401879131119227,2.0,21.0,64.12995,-1269.8999999999926,-95.0000000000486,19.0,-20.0,1.6651,1665.1000000000001,0.5,22983.897499999686,0.828683695,832.5500000000001,941.4475400000001,24.47330602191566,-48.94661204383132,0.0,-35.0,166.51,0.0,-3150.000000000119,-35.0,1838711.799999975,1838711.799999975
2019-02-21,3.549477546139145,0.6404000000000001,640.4000000000001,0.8,23253.92749999969,0.5143509664176179,512.32,332.23952,69.17869824757658,24.554823610090846,-3.0,18.0,63.39960000000001,-1921.199999999999,11445.000000000184,21.0,-20.0,1.6607,1660.7,0.48,23253.92749999969,0.793364775,797.136,901.4013888,25.49796104773839,-50.99592209547678,-2.0,-37.0,164.4093,-3321.399999999983,15399.99999999992,-35.0,1860314.199999975,1860314.199999975
2019-02-22,3.319645825521639,0.6355,635.5,0.81,22839.70374999968,0.5150406941734963,514.755,333.81861749999996,69.66036728014336,23.12477474458321,-1.0,17.0,62.9145,-635.5000000000003,-8820.000000000164,18.0,-20.0,1.6662000000000001,1666.2,0.45,22839.70374999968,0.750021777,749.7900000000001,847.8625320000001,27.426530389480266,-54.85306077896054,-2.0,-39.0,164.9538,-3332.400000000007,-20350.000000000422,-37.0,1827176.2999999744,1827176.2999999744
2019-02-25,3.18628854224852,0.63575,635.75,0.79,22881.91937499968,0.5013002260668696,502.2425,325.70426125,70.12405567659634,22.34354751383362,-1.0,16.0,62.93925,-635.7500000000016,425.00000000009663,17.0,-20.0,1.6640000000000001,1664.0000000000002,0.41,22881.91937499968,0.685283883,682.24,771.476992,29.6051651401675,-59.21033028033501,-3.0,-42.0,164.736,-4992.000000000047,8579.999999999956,-39.0,1830553.5499999744,1830553.5499999744
2019-02-26,3.275481513105561,0.6343,634.3,0.8,22838.03437499968,0.5081639335109787,507.44,329.07484,69.53408949465623,22.775762467037406,0.0,16.0,63.43,0.0,-2320.00000000005,16.0,-20.0,1.6627,1662.7,0.38,22838.03437499968,0.632039556,631.826,714.4688408000001,32.02647626924989,-64.05295253849978,-4.0,-46.0,164.6073,-6650.800000000004,5459.999999999809,-42.0,1827042.7499999742,1827042.7499999742
2019-02-27,3.346791839144609,0.6309,630.9,0.8,23018.55812499968,0.5076993040386663,504.72,327.31092,69.77474010032931,23.35215307462182,1.0,17.0,63.72090000000001,-630.900000000004,-5439.999999999941,16.0,-20.0,1.6568,1656.8,0.35,23018.55812499968,0.572865604,579.88,655.728304,34.828501737206814,-69.65700347441363,-4.0,-50.0,164.0232,-6627.200000000016,27140.000000000156,-46.0,1841484.6499999743,1841484.6499999743
2019-02-28,3.3232475385911098,0.6244,624.4,0.83,23103.878124999683,0.5184518621061679,518.252,336.08642199999997,68.48999726921333,22.760921484302504,-1.0,16.0,61.815599999999996,-624.4000000000013,-11050.000000000096,17.0,-20.0,1.6531,1653.1,0.35,23103.878124999683,0.573303875,578.5849999999999,654.2639179999999,35.182374408425936,-70.36474881685187,0.0,-50.0,165.31,0.0,18500.000000000226,-50.0,1848310.2499999744,1848310.2499999744
2019-03-01,3.0438883263510794,0.61985,619.85,0.89,23012.326874999682,0.5510973900513136,551.6665,357.75572525,64.58003742317379,19.657442202771456,-2.0,14.0,61.36515,-1239.6999999999991,-7279.999999999973,16.0,-20.0,1.6522000000000001,1652.2,0.34,23012.326874999682,0.56478521,561.748,635.2246384000001,36.37119332019864,-72.74238664039729,-2.0,-52.0,163.5678,-3304.399999999987,4500.000000000171,-50.0,1840986.1499999745,1840986.1499999745
2019-03-04,2.6441448672919794,0.6223,622.3,0.91,24150.944374999686,0.5672941623661506,566.293,367.24101049999996,62.662737050168545,16.56893545416701,-2.0,12.0,61.607699999999994,-1244.6000000000054,3429.999999999964,14.0,-20.0,1.6303999999999998,1630.3999999999999,0.48,24150.944374999686,0.78537316,782.5919999999999,884.9550335999999,26.003950484789566,-52.00790096957913,15.0,-37.0,164.6704,-24456.00000000013,113360.00000000035,-52.0,1932075.5499999747,1932075.5499999747
2019-03-05,2.6792704554436786,0.6247,624.7,0.91,24114.285624999677,0.5695621124934901,568.4770000000001,368.65733450000005,65.51054899736351,17.552047844853156,1.0,13.0,63.094699999999996,-624.6999999999971,2880.0000000000236,12.0,-20.0,1.6296000000000002,1629.6000000000001,0.59,24114.285624999677,0.965612931,961.464,1087.2234912000001,22.213412946351617,-44.426825892703235,5.0,-32.0,164.58960000000002,-8148.000000000053,2959.999999999411,-37.0,1929142.849999974,1929142.849999974
2019-03-06,2.715437999647909,0.634,634.0,0.89,23968.079374999674,0.566897771490914,564.26,365.92260999999996,65.89996071846907,17.894725751023543,0.0,13.0,63.4,0.0,12089.999999999996,13.0,-20.0,1.6355000000000002,1635.5000000000002,0.65,23968.079374999674,1.057360393,1063.0750000000003,1202.1252100000004,20.059712103533432,-40.119424207066864,3.0,-29.0,165.18550000000002,-4906.500000000023,-18880.00000000011,-32.0,1917446.3499999738,1917446.3499999738
2019-03-07,2.318657914125253,0.6337,633.7,0.89,23567.91937499968,0.5627480934260759,563.993,365.7494605,65.53141416048561,15.194493206702962,-2.0,11.0,62.7363,-1267.3999999999949,-390.0000000000148,13.0,-20.0,1.6454,1645.3999999999999,0.66,23567.91937499968,1.082496651,1085.964,1228.0080911999999,19.517851345407877,-39.035702690815754,1.0,-28.0,166.1854,-1645.399999999995,-28709.99999999944,-29.0,1885433.5499999744,1885433.5499999744
2019-03-08,2.6815255057676866,0.63095,630.95,0.85,23546.284374999683,0.5384249405949445,536.3075,347.79541374999997,67.76374398065128,18.171020785042796,2.0,13.0,63.72595,-1261.8999999999971,-3024.9999999999845,11.0,-20.0,1.6439,1643.8999999999999,0.68,23546.284374999683,1.111436458,1117.852,1264.0670416,18.64451694363335,-37.2890338872667,1.0,-27.0,166.0339,-1643.9000000000021,4200.000000000159,-28.0,1883702.7499999746,1883702.7499999746
2019-03-11,2.4144158220861827,0.62695,626.95,0.78,22344.023124999687,0.4867295621334884,489.0210000000001,317.13011850000004,74.24802313438948,17.92656018142909,0.0,13.0,62.695,0.0,-5199.999999999982,13.0,20.0,1.6453,1645.3,0.69,22344.023124999687,1.130648486,1135.2569999999998,1283.7486155999998,18.341818708793383,36.683637417586766,53.0,26.0,166.1753,-87200.89999999956,-3780.0000000003993,-27.0,1787521.8499999747,1787521.8499999747
2019-03-12,2.705164766171903,0.6307,630.7,0.76,22379.75937499968,0.4786939697287301,479.33200000000005,310.846802,71.88114203278721,19.44503327792942,1.0,14.0,63.7007,-630.6999999999973,4875.0,13.0,20.0,1.6454,1645.3999999999999,0.7,22379.75937499968,1.149577169,1151.7799999999997,1302.4328239999998,17.155605044087626,34.31121008817525,-1.0,25.0,162.8946,-1645.399999999995,259.99999999976353,26.0,1790380.7499999744,1790380.7499999744
2019-03-13,2.704884831524079,0.63195,631.95,0.76,22359.200624999685,0.4780156029405792,480.28200000000004,311.462877,71.85369759170266,19.435597670471477,0.0,14.0,63.195,0.0,1750.0,14.0,20.0,1.6447,1644.7,0.71,22359.200624999685,1.169399704,1167.737,1320.4769996000002,16.94823869085109,33.89647738170218,-1.0,24.0,162.8253,-1644.7000000000003,-1749.9999999998295,25.0,1788736.0499999747,1788736.0499999747
2019-03-14,2.468449296999433,0.6291,629.1,0.76,22199.461874999684,0.4765730968641057,478.11600000000004,310.058226,72.11290896374956,17.800705943615174,-1.0,13.0,62.280899999999995,-629.100000000001,-3990.000000000052,14.0,20.0,1.6413,1641.3,0.72,22199.461874999684,1.18596824,1181.7359999999999,1336.3070687999998,16.732082877536662,33.464165755073324,0.0,24.0,164.13,0.0,-8160.000000000082,24.0,1775956.9499999746,1775956.9499999746
2019-03-15,2.8049946035285886,0.63285,632.85,0.75,22255.48874999968,0.4737604000490503,474.63750000000005,307.80241875,72.1224412892944,20.230305860977825,1.0,14.0,63.917849999999994,-632.8499999999976,4875.0,13.0,20.0,1.6414,1641.3999999999999,0.72,22255.48874999968,1.177982032,1181.8079999999998,1336.3884863999997,16.61153332351823,33.22306664703646,0.0,24.0,164.14,0.0,239.99999999978172,24.0,1780439.0999999742,1780439.0999999742
2019-03-18,2.799003132871296,0.63955,639.55,0.78,22411.738749999688,0.5006308520136895,498.849,323.50357649999995,68.79518610206055,19.255794142613134,0.0,14.0,63.955,0.0,9380.000000000024,14.0,20.0,1.6427,1642.7,0.72,22411.738749999688,1.174622351,1182.744,1337.4469152,16.6402782024972,33.2805564049944,0.0,24.0,164.27,0.0,3120.000000000573,24.0,1792939.099999975,1792939.099999975
2019-03-19,20.0,0.6365,636.5,0.8,21604.994999999682,0.5095811188168268,509.20000000000005,330.2162,67.86989478408293,135.73978956816586,83.0,97.0,64.2865,-52829.50000000042,-4269.999999999996,14.0,20.0,1.6396000000000002,1639.6000000000001,0.72,21604.994999999682,1.188540702,1180.512,1334.9229696,16.7887880127759,33.5775760255518,0.0,24.0,163.96,0.0,-7440.000000000055,24.0,1728399.5999999745,1728399.5999999745
2019-03-20,2.875184999119808,0.63625,636.25,0.81,20973.088749999675,0.5142206886683943,515.3625000000001,334.21258125,64.64446945472278,18.586480885227758,-84.0,13.0,62.988749999999996,-53445.000000000335,-2424.999999999862,97.0,20.0,1.6425,1642.5,0.72,20973.088749999675,1.18315285,1182.6,1337.28408,16.155875421772524,32.31175084354505,-1.0,23.0,162.6075,-1642.5000000000125,6959.999999999809,24.0,1677847.099999974,1677847.099999974
2019-03-21,3.2841848716047246,0.63055,630.5500000000001,0.82,21037.199999999677,0.5139866243278426,517.051,335.3075735,62.54880714765506,20.542184617125024,2.0,15.0,63.68555,-1261.099999999999,-7410.000000000003,13.0,20.0,1.6485,1648.5,0.69,21037.199999999677,1.143000437,1137.465,1286.245422,16.305666392490124,32.61133278498025,0.0,23.0,164.85,0.0,13799.999999999869,23.0,1682975.999999974,1682975.999999974
2019-03-22,2.82384845520646,0.62795,627.95,0.83,21207.908749999682,0.5192131065255713,521.1985,337.99722725,62.240747272283066,17.57584380357322,-2.0,13.0,62.16705,-1255.899999999997,-3899.99999999997,15.0,20.0,1.6574000000000002,1657.4000000000003,0.67,21207.908749999682,1.112753042,1110.4580000000003,1255.7059064000005,16.7532858552139,33.5065717104278,1.0,24.0,167.3974,-1657.3999999999955,20470.00000000034,23.0,1696632.6999999743,1696632.6999999743
2019-03-25,2.860748650382642,0.6288,628.8000000000001,0.82,21177.013749999678,0.5149080014798224,515.616,334.37697599999996,63.42514668234719,18.144340277184583,0.0,13.0,62.88,0.0,1105.0000000000111,13.0,20.0,1.6566,1656.6000000000001,0.65,21177.013749999678,1.084742366,1076.7900000000002,1217.6341320000001,17.417308034199948,34.834616068399896,1.0,25.0,167.3166,-1656.5999999999974,-1920.0000000003001,24.0,1694161.099999974,1694161.099999974
2025-03-25,2.9365136967494667,0.6303,630.3,0.81,21201.388749999678,0.5102085357850767,510.543,331.0871355,63.9620555417191,18.782545217050828,0.0,13.0,63.03,0.0,1949.9999999999816,13.0,,,,,21201.388749999678,,,,,,-25.0,0.0,,,,25.0,1696111.099999974,1696111.099999974
2025-03-26,3.3367261533520924,0.62915,629.15,0.8,21159.10812499968,0.5062141345201266,503.32,326.40301999999997,64.95463415136196,21.673582655426646,3.0,16.0,63.54415,-1887.450000000008,-1495.000000000026,13.0,,,,,21159.10812499968,,,,,,0.0,0.0,,,0.0,0.0,1692728.649999974,1692728.649999974
2025-03-27,3.077450585557253,0.6304,630.4,0.74,21176.228124999678,0.4676566582312025,466.496,302.522656,69.94222649228519,21.524374587386106,-1.0,15.0,62.4096,-630.4000000000016,2000.0,16.0,,,,,21176.228124999678,,,,,,0.0,0.0,,,0.0,0.0,1694098.2499999742,1694098.2499999742
