Date,PX_OPEN,PX_HIGH,PX_LOW,PX_CLOSE_1D,PX_VOLUME,OPEN_INT,INSTRUMENT,SECTYPE,EXCHANGE,CRNCY,TICK_SIZE,TICK_VALUE,POINT_VALUE,CONTRACT_VALUE,near,far,st_dev,no_days,Standard Cost,Instrument_Weights,Exchange rate,ewma_norm_2_forecast,ewma_norm_2_turnover,ewma_norm_2_max_payable,ewma_norm_2_cost_pass,ewma_norm_4_forecast,ewma_norm_4_turnover,ewma_norm_4_max_payable,ewma_norm_4_cost_pass,ewma_norm_8_forecast,ewma_norm_8_turnover,ewma_norm_8_max_payable,ewma_norm_8_cost_pass,ewma_norm_16_forecast,ewma_norm_16_turnover,ewma_norm_16_max_payable,ewma_norm_16_cost_pass,ewma_norm_32_forecast,ewma_norm_32_turnover,ewma_norm_32_max_payable,ewma_norm_32_cost_pass,ewma_norm_64_forecast,ewma_norm_64_turnover,ewma_norm_64_max_payable,ewma_norm_64_cost_pass,normalised_price_ewma_norm,capped_forecast,forecast*returns,cum_series
2021-01-01,3.1859,3.86,3.0178,3.6497,3817118.74,,AVAXUSDT_daily,CRYPTO,BINANCE,USDT,1,1,1,3.6497,3.6497,3.6497,3.473099752094661,1,0.0006,0.5,1,0.0,52.75343034917734,0.0024642947224384104,True,0.0,28.658956406076005,0.004536103763095806,True,0.0,20.414155056810994,0.006368130331048245,True,0.0,10.91533102180899,0.011909854107058972,True,0.0,9.884530131761577,0.01315186440499342,True,0.0,9.370172633784493,0.013873810556198329,True,0.0,0.0,,0.0
2021-01-02,3.6544,3.939,3.2851,3.4956,1768205.15,,AVAXUSDT_daily,CRYPTO,BINANCE,USDT,1,1,1,3.4956,3.4956,3.4956,3.463580273780449,2,0.0,0.5,1,0.0,52.75343034917734,0.0024642947224384104,True,0.0,28.658956406076005,0.004536103763095806,True,0.0,20.414155056810994,0.006368130331048245,True,0.0,10.91533102180899,0.011909854107058972,True,0.0,9.884530131761577,0.01315186440499342,True,0.0,9.370172633784493,0.013873810556198329,True,0.0,0.0,-0.0,0.0
2021-01-03,3.5005,3.83,3.3916,3.4691,989465.26,,AVAXUSDT_daily,CRYPTO,BINANCE,USDT,1,1,1,3.4691,3.4691,3.4691,3.3960850004666745,3,0.0,0.5,1,-20.0,52.75343034917734,0.0024642947224384104,True,-20.0,28.658956406076005,0.004536103763095806,True,-20.0,20.414155056810994,0.006368130331048245,True,-11.108049326585082,10.91533102180899,0.011909854107058972,True,-3.924160570125015,9.884530131761577,0.01315186440499342,True,-1.3691880483409613,9.370172633784493,0.013873810556198329,True,-31.18494539094644,-16.17162923170247,-0.0,0.0
2021-01-04,3.477,3.83,3.2283,3.5999,1242545.27,,AVAXUSDT_daily,CRYPTO,BINANCE,USDT,1,1,1,3.5999,3.5999,3.5999,3.2479396488227326,4,0.0,0.5,1,20.0,52.75343034917734,0.0024642947224384104,True,20.0,28.658956406076005,0.004536103763095806,True,20.0,20.414155056810994,0.006368130331048245,True,11.149588610012485,10.91533102180899,0.011909854107058972,True,3.6550934880332253,9.884530131761577,0.01315186440499342,True,1.223882430439971,9.370172633784493,0.013873810556198329,True,57.85815505686067,16.092712825196138,-0.6097400200359399,-0.6097400200359399
2021-01-05,3.5999,4.3556,3.4703,4.2501,2403396.82,,AVAXUSDT_daily,CRYPTO,BINANCE,USDT,1,1,1,4.2501,4.2501,4.2501,3.076670399260247,5,0.0,0.5,1,20.0,52.75343034917734,0.0024642947224384104,True,20.0,28.658956406076005,0.004536103763095806,True,20.0,20.414155056810994,0.006368130331048245,True,20.0,10.91533102180899,0.011909854107058972,True,20.0,9.884530131761577,0.01315186440499342,True,11.441288327557766,9.370172633784493,0.013873810556198329,True,233.78118052514554,20.0,2.906603483136346,2.296863463100406
2021-01-06,4.2502,4.9773,4.1361,4.5788,2925158.25,,AVAXUSDT_daily,CRYPTO,BINANCE,USDT,1,1,1,4.5788,4.5788,4.5788,2.8730348118139357,6,0.0,0.5,1,20.0,52.75343034917734,0.0024642947224384104,True,20.0,28.658956406076005,0.004536103763095806,True,20.0,20.414155056810994,0.006368130331048245,True,20.0,10.91533102180899,0.011909854107058972,True,20.0,9.884530131761577,0.01315186440499342,True,20.0,9.370172633784493,0.013873810556198329,True,317.2060545140506,20.0,1.5467871344203665,3.8436505975207726
2021-01-07,4.5803,4.8205,4.1827,4.4707,1471492.75,,AVAXUSDT_daily,CRYPTO,BINANCE,USDT,1,1,1,4.4707,4.4707,4.4707,2.5558953291464483,7,0.0,0.5,1,20.0,52.75343034917734,0.0024642947224384104,True,20.0,28.658956406076005,0.004536103763095806,True,20.0,20.414155056810994,0.006368130331048245,True,20.0,10.91533102180899,0.011909854107058972,True,20.0,9.884530131761577,0.01315186440499342,True,20.0,9.370172633784493,0.013873810556198329,True,286.9927390296404,20.0,-0.4721761160129301,3.3714744815078426
2021-01-08,4.4728,5.9,4.0,5.7,3037659.66,,AVAXUSDT_daily,CRYPTO,BINANCE,USDT,1,1,1,5.7,5.7,5.7,2.3188465553736886,8,0.0,0.5,1,20.0,52.75343034917734,0.0024642947224384104,True,20.0,28.658956406076005,0.004536103763095806,True,20.0,20.414155056810994,0.006368130331048245,True,20.0,10.91533102180899,0.011909854107058972,True,20.0,9.884530131761577,0.01315186440499342,True,20.0,9.370172633784493,0.013873810556198329,True,482.3167980946214,20.0,5.499362515937105,8.870836997444947
2021-01-09,5.6999,7.487,5.5761,7.1877,4060100.24,,AVAXUSDT_daily,CRYPTO,BINANCE,USDT,1,1,1,7.1877,7.1877,7.1877,2.1682796524033323,9,0.0,0.5,1,20.0,52.75343034917734,0.0024642947224384104,True,20.0,28.658956406076005,0.004536103763095806,True,20.0,20.414155056810994,0.006368130331048245,True,20.0,10.91533102180899,0.011909854107058972,True,20.0,9.884530131761577,0.01315186440499342,True,20.0,9.370172633784493,0.013873810556198329,True,647.9160998684438,20.0,5.220000000000002,14.09083699744495
2021-01-10,7.2115,7.4969,6.15,6.5416,1865913.15,,AVAXUSDT_daily,CRYPTO,BINANCE,USDT,1,1,1,6.5416,6.5416,6.5416,1.911794143261906,10,0.0,0.5,1,20.0,52.75343034917734,0.0024642947224384104,True,20.0,28.658956406076005,0.004536103763095806,True,20.0,20.414155056810994,0.006368130331048245,True,20.0,10.91533102180899,0.011909854107058972,True,20.0,9.884530131761577,0.01315186440499342,True,20.0,9.370172633784493,0.013873810556198329,True,567.4414919414814,20.0,-1.7977934527039263,12.293043544741023
2021-01-11,6.541,7.0,5.72,6.4713,2065598.3,,AVAXUSDT_daily,CRYPTO,BINANCE,USDT,1,1,1,6.4713,6.4713,6.4713,1.6103469565593616,11,0.0,0.5,1,20.0,52.75343034917734,0.0024642947224384104,True,20.0,28.658956406076005,0.004536103763095806,True,20.0,20.414155056810994,0.006368130331048245,True,20.0,10.91533102180899,0.011909854107058972,True,20.0,9.884530131761577,0.01315186440499342,True,20.0,9.370172633784493,0.013873810556198329,True,558.2395501168634,20.0,-0.21493212669683182,12.078111418044191
2021-01-12,6.4623,8.2356,6.4198,7.72,3138438.02,,AVAXUSDT_daily,CRYPTO,BINANCE,USDT,1,1,1,7.72,7.72,7.72,1.366121851658535,12,0.0,0.5,1,20.0,52.75343034917734,0.0024642947224384104,True,20.0,28.658956406076005,0.004536103763095806,True,20.0,20.414155056810994,0.006368130331048245,True,20.0,10.91533102180899,0.011909854107058972,True,20.0,9.884530131761577,0.01315186440499342,True,20.0,9.370172633784493,0.013873810556198329,True,691.0595877683006,20.0,3.8591936705144247,15.937305088558617
2021-01-13,7.7254,8.5,7.1356,8.4695,1712008.71,,AVAXUSDT_daily,CRYPTO,BINANCE,USDT,1,1,1,8.4695,8.4695,8.4695,1.1537025620058852,13,0.0,0.5,1,20.0,52.75343034917734,0.0024642947224384104,True,20.0,28.658956406076005,0.004536103763095806,True,20.0,20.414155056810994,0.006368130331048245,True,20.0,10.91533102180899,0.011909854107058972,True,20.0,9.884530131761577,0.01315186440499342,True,20.0,9.370172633784493,0.013873810556198329,True,765.4671170932376,20.0,1.941709844559587,17.879014933118203
2021-01-14,8.4693,9.6004,8.21,9.3177,2550051.08,,AVAXUSDT_daily,CRYPTO,BINANCE,USDT,1,1,1,9.3177,9.3177,9.3177,1.1097985883056698,14,0.0,0.5,1,20.0,52.75343034917734,0.0024642947224384104,True,20.0,28.658956406076005,0.004536103763095806,True,20.0,20.414155056810994,0.006368130331048245,True,20.0,10.91533102180899,0.011909854107058972,True,20.0,9.884530131761577,0.01315186440499342,True,20.0,9.370172633784493,0.013873810556198329,True,843.7509441085891,20.0,2.002951768109096,19.8819667012273
2021-01-15,9.3192,9.89,8.57,9.3794,1991192.96,,AVAXUSDT_daily,CRYPTO,BINANCE,USDT,1,1,1,9.3794,9.3794,9.3794,1.0493289793707983,15,0.0,0.5,1,20.0,52.75343034917734,0.0024642947224384104,True,20.0,28.658956406076005,0.004536103763095806,True,20.0,20.414155056810994,0.006368130331048245,True,20.0,10.91533102180899,0.011909854107058972,True,20.0,9.884530131761577,0.01315186440499342,True,20.0,9.370172633784493,0.013873810556198329,True,849.5882978571243,20.0,0.13243611620893603,20.014402817436235
2021-01-16,9.3795,13.4991,9.1629,12.8421,3898717.61,,AVAXUSDT_daily,CRYPTO,BINANCE,USDT,1,1,1,12.8421,12.8421,12.8421,1.5696607512788412,16,0.0,0.5,1,20.0,52.75343034917734,0.0024642947224384104,True,20.0,28.658956406076005,0.004536103763095806,True,20.0,20.414155056810994,0.006368130331048245,True,20.0,10.91533102180899,0.011909854107058972,True,20.0,9.884530131761577,0.01315186440499342,True,20.0,9.370172633784493,0.013873810556198329,True,1052.7526874203597,20.0,7.383627950615179,27.398030768051413
2021-01-17,12.8222,14.69,12.3231,13.1746,3568856.68,,AVAXUSDT_daily,CRYPTO,BINANCE,USDT,1,1,1,13.1746,13.1746,13.1746,1.9524781607781894,17,0.0,0.5,1,20.0,52.75343034917734,0.0024642947224384104,True,20.0,28.658956406076005,0.004536103763095806,True,20.0,20.414155056810994,0.006368130331048245,True,20.0,10.91533102180899,0.011909854107058972,True,20.0,9.884530131761577,0.01315186440499342,True,20.0,9.370172633784493,0.013873810556198329,True,1072.2972520810097,20.0,0.5178280810770808,27.915858849128494
2021-01-18,13.1748,13.858,12.5737,12.7035,1317372.42,,AVAXUSDT_daily,CRYPTO,BINANCE,USDT,1,1,1,12.7035,12.7035,12.7035,3.0510859461535618,18,0.0,0.5,1,20.0,52.75343034917734,0.0024642947224384104,True,20.0,28.658956406076005,0.004536103763095806,True,20.0,20.414155056810994,0.006368130331048245,True,20.0,10.91533102180899,0.011909854107058972,True,20.0,9.884530131761577,0.01315186440499342,True,20.0,9.370172633784493,0.013873810556198329,True,1043.068002102471,20.0,-0.7151640277503679,27.200694821378125
2021-01-19,12.6825,14.0,11.3433,11.7367,1846921.9,,AVAXUSDT_daily,CRYPTO,BINANCE,USDT,1,1,1,11.7367,11.7367,11.7367,4.715956112480489,19,0.0,0.5,1,20.0,52.75343034917734,0.0024642947224384104,True,20.0,28.658956406076005,0.004536103763095806,True,20.0,20.414155056810994,0.006368130331048245,True,20.0,10.91533102180899,0.011909854107058972,True,20.0,9.884530131761577,0.01315186440499342,True,20.0,9.370172633784493,0.013873810556198329,True,977.7192277927873,20.0,-1.522100208603927,25.678594612774198
2021-01-20,11.7346,13.0765,11.03,12.3768,1515429.53,,AVAXUSDT_daily,CRYPTO,BINANCE,USDT,1,1,1,12.3768,12.3768,12.3768,6.054972431020725,20,0.0,0.5,1,20.0,52.75343034917734,0.0024642947224384104,True,20.0,28.658956406076005,0.004536103763095806,True,20.0,20.414155056810994,0.006368130331048245,True,20.0,10.91533102180899,0.011909854107058972,True,20.0,9.884530131761577,0.01315186440499342,True,20.0,9.370172633784493,0.013873810556198329,True,1019.8294869721466,20.0,1.0907665698194524,26.76936118259365
2021-01-21,12.3768,13.0147,11.0659,11.3225,1717139.33,,AVAXUSDT_daily,CRYPTO,BINANCE,USDT,1,1,1,11.3225,11.3225,11.3225,3.473099752094661,21,0.0,0.5,1,20.0,52.75343034917734,0.0024642947224384104,True,20.0,28.658956406076005,0.004536103763095806,True,20.0,20.414155056810994,0.006368130331048245,True,20.0,10.91533102180899,0.011909854107058972,True,20.0,9.884530131761577,0.01315186440499342,True,20.0,9.370172633784493,0.013873810556198329,True,943.7470375440342,20.0,-1.7036713851722562,25.065689797421392
2021-01-22,11.3329,13.3899,10.673,12.7097,2250602.42,,AVAXUSDT_daily,CRYPTO,BINANCE,USDT,1,1,1,12.7097,12.7097,12.7097,3.463580273780449,22,0.0,0.5,1,20.0,52.75343034917734,0.0024642947224384104,True,20.0,28.658956406076005,0.004536103763095806,True,20.0,20.414155056810994,0.006368130331048245,True,20.0,10.91533102180899,0.011909854107058972,True,20.0,9.884530131761577,0.01315186440499342,True,20.0,9.370172633784493,0.013873810556198329,True,1034.0160166102144,20.0,2.4503422389048346,27.516032036326227
2021-01-23,12.7153,13.48,12.5059,12.8669,1224349.08,,AVAXUSDT_daily,CRYPTO,BINANCE,USDT,1,1,1,12.8669,12.8669,12.8669,3.3960850004666745,23,0.0,0.5,1,20.0,52.75343034917734,0.0024642947224384104,True,20.0,28.658956406076005,0.004536103763095806,True,20.0,20.414155056810994,0.006368130331048245,True,20.0,10.91533102180899,0.011909854107058972,True,20.0,9.884530131761577,0.01315186440499342,True,20.0,9.370172633784493,0.013873810556198329,True,1044.3723568348278,20.0,0.24737011888557703,27.763402155211804
2021-01-24,12.8914,13.1725,12.2,12.4801,907179.12,,AVAXUSDT_daily,CRYPTO,BINANCE,USDT,1,1,1,12.4801,12.4801,12.4801,3.2479396488227326,24,0.0,0.5,1,20.0,52.75343034917734,0.0024642947224384104,True,20.0,28.658956406076005,0.004536103763095806,True,20.0,20.414155056810994,0.006368130331048245,True,20.0,10.91533102180899,0.011909854107058972,True,20.0,9.884530131761577,0.01315186440499342,True,20.0,9.370172633784493,0.013873810556198329,True,1017.6103419391866,20.0,-0.6012326201338314,27.16216953507797
2021-01-25,12.4801,12.95,12.0598,12.1816,613873.67,,AVAXUSDT_daily,CRYPTO,BINANCE,USDT,1,1,1,12.1816,12.1816,12.1816,3.076670399260247,25,0.0,0.5,1,20.0,52.75343034917734,0.0024642947224384104,True,20.0,28.658956406076005,0.004536103763095806,True,20.0,20.414155056810994,0.006368130331048245,True,20.0,10.91533102180899,0.011909854107058972,True,20.0,9.884530131761577,0.01315186440499342,True,20.0,9.370172633784493,0.013873810556198329,True,996.0243034636494,20.0,-0.47836155159013183,26.68380798348784
2021-01-26,12.1816,12.7333,11.3804,12.2088,873414.18,,AVAXUSDT_daily,CRYPTO,BINANCE,USDT,1,1,1,12.2088,12.2088,12.2088,2.8730348118139357,26,0.0,0.5,1,20.0,52.75343034917734,0.0024642947224384104,True,20.0,28.658956406076005,0.004536103763095806,True,20.0,20.414155056810994,0.006368130331048245,True,20.0,10.91533102180899,0.011909854107058972,True,20.0,9.884530131761577,0.01315186440499342,True,20.0,9.370172633784493,0.013873810556198329,True,998.0339239490063,20.0,0.044657516254025253,26.728465499741866
2021-01-27,12.178,12.215,10.77,11.158,740335.46,,AVAXUSDT_daily,CRYPTO,BINANCE,USDT,1,1,1,11.158,11.158,11.158,2.5558953291464483,27,0.0,0.5,1,-20.0,52.75343034917734,0.0024642947224384104,True,20.0,28.658956406076005,0.004536103763095806,True,20.0,20.414155056810994,0.006368130331048245,True,20.0,10.91533102180899,0.011909854107058972,True,20.0,9.884530131761577,0.01315186440499342,True,20.0,9.370172633784493,0.013873810556198329,True,912.9424236736809,16.933333333333334,-1.7213812987353405,25.007084201006524
2021-01-28,11.1379,12.7524,10.8,11.9615,1091962.84,,AVAXUSDT_daily,CRYPTO,BINANCE,USDT,1,1,1,11.9615,11.9615,11.9615,2.3188465553736886,28,0.0,0.5,1,-20.0,52.75343034917734,0.0024642947224384104,True,20.0,28.658956406076005,0.004536103763095806,True,20.0,20.414155056810994,0.006368130331048245,True,20.0,10.91533102180899,0.011909854107058972,True,20.0,9.884530131761577,0.01315186440499342,True,20.0,9.370172633784493,0.013873810556198329,True,974.7842332823295,16.933333333333334,1.219388181872498,26.226472382879024
2021-01-29,11.9596,12.6757,11.3145,11.6158,1470197.45,,AVAXUSDT_daily,CRYPTO,BINANCE,USDT,1,1,1,11.6158,11.6158,11.6158,2.1682796524033323,29,0.0,0.5,1,-20.0,52.75343034917734,0.0024642947224384104,True,20.0,28.658956406076005,0.004536103763095806,True,20.0,20.414155056810994,0.006368130331048245,True,20.0,10.91533102180899,0.011909854107058972,True,20.0,9.884530131761577,0.01315186440499342,True,20.0,9.370172633784493,0.013873810556198329,True,946.8564333496054,16.933333333333334,-0.4893912413437545,25.73708114153527
2021-01-30,11.6158,12.65,11.293,12.0433,1122825.05,,AVAXUSDT_daily,CRYPTO,BINANCE,USDT,1,1,1,12.0433,12.0433,12.0433,1.911794143261906,30,0.0,0.5,1,20.0,52.75343034917734,0.0024642947224384104,True,20.0,28.658956406076005,0.004536103763095806,True,20.0,20.414155056810994,0.006368130331048245,True,20.0,10.91533102180899,0.011909854107058972,True,20.0,9.884530131761577,0.01315186440499342,True,20.0,9.370172633784493,0.013873810556198329,True,980.9493438419257,20.0,0.6232028788374461,26.360284020372717
2021-01-31,12.0125,15.3728,11.83,13.4704,5017946.71,,AVAXUSDT_daily,CRYPTO,BINANCE,USDT,1,1,1,13.4704,13.4704,13.4704,1.6103469565593616,31,0.0,0.5,1,20.0,52.75343034917734,0.0024642947224384104,True,20.0,28.658956406076005,0.004536103763095806,True,20.0,20.414155056810994,0.006368130331048245,True,20.0,10.91533102180899,0.011909854107058972,True,20.0,9.884530131761577,0.01315186440499342,True,20.0,9.370172633784493,0.013873810556198329,True,1083.007026932838,20.0,2.3699484360598833,28.7302324564326
2021-02-01,13.4704,13.6408,12.5741,13.2153,1820891.9,,AVAXUSDT_daily,CRYPTO,BINANCE,USDT,1,1,1,13.2153,13.2153,13.2153,1.366121851658535,32,0.0,0.5,1,20.0,52.75343034917734,0.0024642947224384104,True,20.0,28.658956406076005,0.004536103763095806,True,20.0,20.414155056810994,0.006368130331048245,True,20.0,10.91533102180899,0.011909854107058972,True,20.0,9.884530131761577,0.01315186440499342,True,20.0,9.370172633784493,0.013873810556198329,True,1064.0481153154717,20.0,-0.3787563843686903,28.35147607206391
2021-02-02,13.2105,13.725,12.765,13.4703,748745.41,,AVAXUSDT_daily,CRYPTO,BINANCE,USDT,1,1,1,13.4703,13.4703,13.4703,1.1537025620058852,33,0.0,0.5,1,20.0,52.75343034917734,0.0024642947224384104,True,20.0,28.658956406076005,0.004536103763095806,True,20.0,20.414155056810994,0.006368130331048245,True,20.0,10.91533102180899,0.011909854107058972,True,20.0,9.884530131761577,0.01315186440499342,True,20.0,9.370172633784493,0.013873810556198329,True,1083.0824046493046,20.0,0.3859163242605179,28.737392396324427
2021-02-03,13.47,14.9409,13.1814,14.84,1267446.12,,AVAXUSDT_daily,CRYPTO,BINANCE,USDT,1,1,1,14.84,14.84,14.84,1.1097985883056698,34,0.0,0.5,1,20.0,52.75343034917734,0.0024642947224384104,True,20.0,28.658956406076005,0.004536103763095806,True,20.0,20.414155056810994,0.006368130331048245,True,20.0,10.91533102180899,0.011909854107058972,True,20.0,9.884530131761577,0.01315186440499342,True,20.0,9.370172633784493,0.013873810556198329,True,1176.692466496295,20.0,2.0336592355032934,30.77105163182772
2021-02-04,14.84,15.8795,13.7978,15.2697,1649348.48,,AVAXUSDT_daily,CRYPTO,BINANCE,USDT,1,1,1,15.2697,15.2697,15.2697,1.0493289793707983,35,0.0,0.5,1,20.0,52.75343034917734,0.0024642947224384104,True,20.0,28.658956406076005,0.004536103763095806,True,20.0,20.414155056810994,0.006368130331048245,True,20.0,10.91533102180899,0.011909854107058972,True,20.0,9.884530131761577,0.01315186440499342,True,20.0,9.370172633784493,0.013873810556198329,True,1205.904713743313,20.0,0.5791105121293816,31.350162143957103
2021-02-05,15.2738,18.0321,15.1206,17.8973,1654441.43,,AVAXUSDT_daily,CRYPTO,BINANCE,USDT,1,1,1,17.8973,17.8973,17.8973,1.5696607512788412,36,0.0,0.5,1,20.0,52.75343034917734,0.0024642947224384104,True,20.0,28.658956406076005,0.004536103763095806,True,20.0,20.414155056810994,0.006368130331048245,True,20.0,10.91533102180899,0.011909854107058972,True,20.0,9.884530131761577,0.01315186440499342,True,20.0,9.370172633784493,0.013873810556198329,True,1354.2126832683246,20.0,3.441586933600531,34.79174907755763
2021-02-06,17.8971,18.6228,15.8,18.1216,1547693.33,,AVAXUSDT_daily,CRYPTO,BINANCE,USDT,1,1,1,18.1216,18.1216,18.1216,1.9524781607781894,37,0.0,0.5,1,20.0,52.75343034917734,0.0024642947224384104,True,20.0,28.658956406076005,0.004536103763095806,True,20.0,20.414155056810994,0.006368130331048245,True,20.0,10.91533102180899,0.011909854107058972,True,20.0,9.884530131761577,0.01315186440499342,True,20.0,9.370172633784493,0.013873810556198329,True,1366.989214081531,20.0,0.25065233303347423,35.042401410591104
2021-02-07,18.1232,24.4268,17.8802,23.705,4884650.65,,AVAXUSDT_daily,CRYPTO,BINANCE,USDT,1,1,1,23.705,23.705,23.705,3.0510859461535618,38,0.0,0.5,1,20.0,52.75343034917734,0.0024642947224384104,True,20.0,28.658956406076005,0.004536103763095806,True,20.0,20.414155056810994,0.006368130331048245,True,20.0,10.91533102180899,0.011909854107058972,True,20.0,9.884530131761577,0.01315186440499342,True,20.0,9.370172633784493,0.013873810556198329,True,1580.2294452825322,20.0,6.162149037612568,41.20455044820367
2021-02-08,23.7374,33.8167,23.55,30.056,5774862.08,,AVAXUSDT_daily,CRYPTO,BINANCE,USDT,1,1,1,30.056,30.056,30.056,4.715956112480489,39,0.0,0.5,1,20.0,52.75343034917734,0.0024642947224384104,True,20.0,28.658956406076005,0.004536103763095806,True,20.0,20.414155056810994,0.006368130331048245,True,20.0,10.91533102180899,0.011909854107058972,True,20.0,9.884530131761577,0.01315186440499342,True,20.0,9.370172633784493,0.013873810556198329,True,1761.3172434650426,20.0,5.358363214511708,46.562913662715374
2021-02-09,30.0564,33.0,27.4769,31.9194,2664482.65,,AVAXUSDT_daily,CRYPTO,BINANCE,USDT,1,1,1,31.9194,31.9194,31.9194,6.054972431020725,40,0.0,0.5,1,20.0,52.75343034917734,0.0024642947224384104,True,20.0,28.658956406076005,0.004536103763095806,True,20.0,20.414155056810994,0.006368130331048245,True,20.0,10.91533102180899,0.011909854107058972,True,20.0,9.884530131761577,0.01315186440499342,True,20.0,9.370172633784493,0.013873810556198329,True,1812.4762316455806,20.0,1.2399520894330562,47.80286575214843
2021-02-10,31.8487,60.3035,31.3408,54.6861,9715755.01,,AVAXUSDT_daily,CRYPTO,BINANCE,USDT,1,1,1,54.6861,54.6861,54.6861,10.53758143735279,41,0.0,0.5,1,20.0,52.75343034917734,0.0024642947224384104,True,20.0,28.658956406076005,0.004536103763095806,True,20.0,20.414155056810994,0.006368130331048245,True,20.0,10.91533102180899,0.011909854107058972,True,20.0,9.884530131761577,0.01315186440499342,True,20.0,9.370172633784493,0.013873810556198329,True,2058.434439430851,20.0,14.265117765371533,62.06798351751996
2021-02-11,54.6872,56.4998,41.6728,46.9673,4310924.37,,AVAXUSDT_daily,CRYPTO,BINANCE,USDT,1,1,1,46.9673,46.9673,46.9673,12.303903872075038,42,0.0,0.5,1,20.0,52.75343034917734,0.0024642947224384104,True,20.0,28.658956406076005,0.004536103763095806,True,20.0,20.414155056810994,0.006368130331048245,True,20.0,10.91533102180899,0.011909854107058972,True,20.0,9.884530131761577,0.01315186440499342,True,20.0,9.370172633784493,0.013873810556198329,True,1962.9492249639688,20.0,-2.8229476960324473,59.24503582148751
2021-02-12,46.9726,54.4775,43.5,48.2978,3209807.22,,AVAXUSDT_daily,CRYPTO,BINANCE,USDT,1,1,1,48.2978,48.2978,48.2978,13.761897443313892,43,0.0,0.5,1,20.0,52.75343034917734,0.0024642947224384104,True,20.0,28.658956406076005,0.004536103763095806,True,20.0,20.414155056810994,0.006368130331048245,True,20.0,10.91533102180899,0.011909854107058972,True,20.0,9.884530131761577,0.01315186440499342,True,20.0,9.370172633784493,0.013873810556198329,True,1979.2710590689046,20.0,0.5665643969314837,59.811600218418995
2021-02-13,48.2961,51.9,43.4014,44.0832,1890974.72,,AVAXUSDT_daily,CRYPTO,BINANCE,USDT,1,1,1,44.0832,44.0832,44.0832,14.49342166580193,44,0.0,0.5,1,20.0,52.75343034917734,0.0024642947224384104,True,20.0,28.658956406076005,0.004536103763095806,True,20.0,20.414155056810994,0.006368130331048245,True,20.0,10.91533102180899,0.011909854107058972,True,20.0,9.884530131761577,0.01315186440499342,True,20.0,9.370172633784493,0.013873810556198329,True,1922.5019768280574,20.0,-1.7452554774751672,58.066344740943826
2021-02-14,44.0691,45.75,38.3724,39.1711,2829524.14,,AVAXUSDT_daily,CRYPTO,BINANCE,USDT,1,1,1,39.1711,39.1711,39.1711,14.70197542765042,45,0.0,0.5,1,20.0,52.75343034917734,0.0024642947224384104,True,20.0,28.658956406076005,0.004536103763095806,True,20.0,20.414155056810994,0.006368130331048245,True,20.0,10.91533102180899,0.011909854107058972,True,20.0,9.884530131761577,0.01315186440499342,True,20.0,9.370172633784493,0.013873810556198329,True,1848.1264990678478,20.0,-2.228558725319394,55.83778601562443
2021-02-15,39.17,44.98,33.5,38.309,3933303.2,,AVAXUSDT_daily,CRYPTO,BINANCE,USDT,1,1,1,38.309,38.309,38.309,14.739162668906939,46,0.0,0.5,1,20.0,52.75343034917734,0.0024642947224384104,True,20.0,28.658956406076005,0.004536103763095806,True,20.0,20.414155056810994,0.006368130331048245,True,20.0,10.91533102180899,0.011909854107058972,True,20.0,9.884530131761577,0.01315186440499342,True,20.0,9.370172633784493,0.013873810556198329,True,1834.5493148930912,20.0,-0.44017145293341553,55.39761456269102
2021-02-16,38.3362,40.0,35.1417,36.5402,2556745.82,,AVAXUSDT_daily,CRYPTO,BINANCE,USDT,1,1,1,36.5402,36.5402,36.5402,14.529354209297699,47,0.0,0.5,1,20.0,52.75343034917734,0.0024642947224384104,True,20.0,28.658956406076005,0.004536103763095806,True,20.0,20.414155056810994,0.006368130331048245,True,20.0,10.91533102180899,0.011909854107058972,True,20.0,9.884530131761577,0.01315186440499342,True,20.0,9.370172633784493,0.013873810556198329,True,1804.9212298583072,20.0,-0.9234383565219662,54.474176206169055
2021-02-17,36.5402,42.1299,34.1386,37.3003,3076680.22,,AVAXUSDT_daily,CRYPTO,BINANCE,USDT,1,1,1,37.3003,37.3003,37.3003,14.271474043754292,48,0.0,0.5,1,20.0,52.75343034917734,0.0024642947224384104,True,20.0,28.658956406076005,0.004536103763095806,True,20.0,20.414155056810994,0.006368130331048245,True,20.0,10.91533102180899,0.011909854107058972,True,20.0,9.884530131761577,0.01315186440499342,True,20.0,9.370172633784493,0.013873810556198329,True,1817.6639496102716,20.0,0.41603494233747984,54.89021114850654
2021-02-18,37.3046,44.4907,36.19,40.9656,3097214.68,,AVAXUSDT_daily,CRYPTO,BINANCE,USDT,1,1,1,40.9656,40.9656,40.9656,13.99914481043959,49,0.0,0.5,1,20.0,52.75343034917734,0.0024642947224384104,True,20.0,28.658956406076005,0.004536103763095806,True,20.0,20.414155056810994,0.006368130331048245,True,20.0,10.91533102180899,0.011909854107058972,True,20.0,9.884530131761577,0.01315186440499342,True,20.0,9.370172633784493,0.013873810556198329,True,1874.7634471998467,20.0,1.9652925043498337,56.85550365285637
2021-02-19,41.023,41.2754,37.5,38.7274,2047933.74,,AVAXUSDT_daily,CRYPTO,BINANCE,USDT,1,1,1,38.7274,38.7274,38.7274,13.50920522269712,50,0.0,0.5,1,20.0,52.75343034917734,0.0024642947224384104,True,20.0,28.658956406076005,0.004536103763095806,True,20.0,20.414155056810994,0.006368130331048245,True,20.0,10.91533102180899,0.011909854107058972,True,20.0,9.884530131761577,0.01315186440499342,True,20.0,9.370172633784493,0.013873810556198329,True,1837.4062958497093,20.0,-1.0927216982053234,55.76278195465105
2021-02-20,38.7264,42.8463,31.9376,35.9985,3400687.05,,AVAXUSDT_daily,CRYPTO,BINANCE,USDT,1,1,1,35.9985,35.9985,35.9985,12.909656512837481,51,0.0,0.5,1,-20.0,52.75343034917734,0.0024642947224384104,True,20.0,28.658956406076005,0.004536103763095806,True,20.0,20.414155056810994,0.006368130331048245,True,20.0,10.91533102180899,0.011909854107058972,True,20.0,9.884530131761577,0.01315186440499342,True,20.0,9.370172633784493,0.013873810556198329,True,1787.8758409570075,16.933333333333334,-1.4092864483543965,54.35349550629665
2021-02-21,35.9553,38.0037,34.7906,36.1855,1516510.61,,AVAXUSDT_daily,CRYPTO,BINANCE,USDT,1,1,1,36.1855,36.1855,36.1855,12.152217576587011,52,0.0,0.5,1,-20.0,52.75343034917734,0.0024642947224384104,True,20.0,28.658956406076005,0.004536103763095806,True,20.0,20.414155056810994,0.006368130331048245,True,20.0,10.91533102180899,0.011909854107058972,True,20.0,9.884530131761577,0.01315186440499342,True,20.0,9.370172633784493,0.013873810556198329,True,1791.3247095781678,16.933333333333334,0.08796292438110906,54.44145843067776
2021-02-22,36.1932,36.2941,25.47,32.1502,2970210.71,,AVAXUSDT_daily,CRYPTO,BINANCE,USDT,1,1,1,32.1502,32.1502,32.1502,11.24611373812959,53,0.0,0.5,1,-20.0,52.75343034917734,0.0024642947224384104,True,20.0,28.658956406076005,0.004536103763095806,True,20.0,20.414155056810994,0.006368130331048245,True,20.0,10.91533102180899,0.011909854107058972,True,20.0,9.884530131761577,0.01315186440499342,True,20.0,9.370172633784493,0.013873810556198329,True,1707.359953673054,16.933333333333334,-1.8883552804300066,52.55310315024776
2021-02-23,32.1504,32.4108,22.51,27.5924,3657984.88,,AVAXUSDT_daily,CRYPTO,BINANCE,USDT,1,1,1,27.5924,27.5924,27.5924,10.431046515071184,54,0.0,0.5,1,-20.0,52.75343034917734,0.0024642947224384104,True,-20.0,28.658956406076005,0.004536103763095806,True,20.0,20.414155056810994,0.006368130331048245,True,20.0,10.91533102180899,0.011909854107058972,True,20.0,9.884530131761577,0.01315186440499342,True,20.0,9.370172633784493,0.013873810556198329,True,1597.2617556737123,8.466666666666667,-2.4005681665018144,50.152534983745944
2021-02-24,27.5966,32.2699,25.2501,29.7396,3233830.55,,AVAXUSDT_daily,CRYPTO,BINANCE,USDT,1,1,1,29.7396,29.7396,29.7396,9.470201511215379,55,0.0,0.5,1,-20.0,52.75343034917734,0.0024642947224384104,True,-20.0,28.658956406076005,0.004536103763095806,True,20.0,20.414155056810994,0.006368130331048245,True,20.0,10.91533102180899,0.011909854107058972,True,20.0,9.884530131761577,0.01315186440499342,True,20.0,9.370172633784493,0.013873810556198329,True,1646.3044983241937,8.466666666666667,0.6588635517992874,50.81139853554523
2021-02-25,29.732,32.1836,26.4439,26.7,2431285.39,,AVAXUSDT_daily,CRYPTO,BINANCE,USDT,1,1,1,26.7,26.7,26.7,8.793289131634761,56,0.0,0.5,1,-20.0,52.75343034917734,0.0024642947224384104,True,-20.0,28.658956406076005,0.004536103763095806,True,20.0,20.414155056810994,0.006368130331048245,True,20.0,10.91533102180899,0.011909854107058972,True,20.0,9.884530131761577,0.01315186440499342,True,20.0,9.370172633784493,0.013873810556198329,True,1568.373399922653,8.466666666666667,-0.8653539388559358,49.9460445966893
2021-02-26,26.7718,28.0474,24.7703,25.9695,1804008.06,,AVAXUSDT_daily,CRYPTO,BINANCE,USDT,1,1,1,25.9695,25.9695,25.9695,8.10846116450521,57,0.0,0.5,1,-20.0,52.75343034917734,0.0024642947224384104,True,-20.0,28.658956406076005,0.004536103763095806,True,20.0,20.414155056810994,0.006368130331048245,True,20.0,10.91533102180899,0.011909854107058972,True,20.0,9.884530131761577,0.01315186440499342,True,20.0,9.370172633784493,0.013873810556198329,True,1548.7185798562346,8.466666666666667,-0.23164419475655412,49.71440040193274
2021-02-27,25.9695,27.4999,25.0,25.7616,1690910.72,,AVAXUSDT_daily,CRYPTO,BINANCE,USDT,1,1,1,25.7616,25.7616,25.7616,7.952492337710348,58,0.0,0.5,1,-20.0,52.75343034917734,0.0024642947224384104,True,-20.0,28.658956406076005,0.004536103763095806,True,20.0,20.414155056810994,0.006368130331048245,True,20.0,10.91533102180899,0.011909854107058972,True,20.0,9.884530131761577,0.01315186440499342,True,20.0,9.370172633784493,0.013873810556198329,True,1542.955630075394,8.466666666666667,-0.06778028071391395,49.64662012121883
2021-02-28,25.7423,25.9299,22.1237,23.9566,1816997.15,,AVAXUSDT_daily,CRYPTO,BINANCE,USDT,1,1,1,23.9566,23.9566,23.9566,8.315476903580057,59,0.0,0.5,1,-20.0,52.75343034917734,0.0024642947224384104,True,-20.0,28.658956406076005,0.004536103763095806,True,20.0,20.414155056810994,0.006368130331048245,True,20.0,10.91533102180899,0.011909854107058972,True,20.0,9.884530131761577,0.01315186440499342,True,20.0,9.370172633784493,0.013873810556198329,True,1488.328560655377,8.466666666666667,-0.5932214355216036,49.053398685697225
2021-03-01,23.9698,27.8227,23.6073,27.5107,2250036.68,,AVAXUSDT_daily,CRYPTO,BINANCE,USDT,1,1,1,27.5107,27.5107,27.5107,8.487425105233452,60,0.0,0.5,1,-20.0,52.75343034917734,0.0024642947224384104,True,-20.0,28.658956406076005,0.004536103763095806,True,20.0,20.414155056810994,0.006368130331048245,True,20.0,10.91533102180899,0.011909854107058972,True,20.0,9.884530131761577,0.01315186440499342,True,20.0,9.370172633784493,0.013873810556198329,True,1581.9761391283846,8.466666666666667,1.2560789093610945,50.30947759505832
2021-03-02,27.5189,31.99,25.8604,27.1101,5223868.87,,AVAXUSDT_daily,CRYPTO,BINANCE,USDT,1,1,1,27.1101,27.1101,27.1101,7.43812518533646,61,0.0,0.5,1,-20.0,52.75343034917734,0.0024642947224384104,True,-20.0,28.658956406076005,0.004536103763095806,True,20.0,20.414155056810994,0.006368130331048245,True,20.0,10.91533102180899,0.011909854107058972,True,20.0,9.884530131761577,0.01315186440499342,True,20.0,9.370172633784493,0.013873810556198329,True,1571.0355708312186,8.466666666666667,-0.12328827207837932,50.18618932297994
2021-03-03,27.1144,29.4503,26.5202,27.22,2841940.87,,AVAXUSDT_daily,CRYPTO,BINANCE,USDT,1,1,1,27.22,27.22,27.22,6.986276028364447,62,0.0,0.5,1,-20.0,52.75343034917734,0.0024642947224384104,True,-20.0,28.658956406076005,0.004536103763095806,True,20.0,20.414155056810994,0.006368130331048245,True,20.0,10.91533102180899,0.011909854107058972,True,20.0,9.884530131761577,0.01315186440499342,True,20.0,9.370172633784493,0.013873810556198329,True,1574.0912414648071,8.466666666666667,0.034322509569003505,50.220511832548944
2021-03-04,27.2126,28.82,24.2222,25.7781,3087747.13,,AVAXUSDT_daily,CRYPTO,BINANCE,USDT,1,1,1,25.7781,25.7781,25.7781,6.2452025268748415,63,0.0,0.5,1,-20.0,52.75343034917734,0.0024642947224384104,True,-20.0,28.658956406076005,0.004536103763095806,True,20.0,20.414155056810994,0.006368130331048245,True,20.0,10.91533102180899,0.011909854107058972,True,20.0,9.884530131761577,0.01315186440499342,True,20.0,9.370172633784493,0.013873810556198329,True,1531.0414447811013,8.466666666666667,-0.4484969385255942,49.77201489402335
2021-03-05,25.7781,25.7781,23.5269,24.2414,2367099.9,,AVAXUSDT_daily,CRYPTO,BINANCE,USDT,1,1,1,24.2414,24.2414,24.2414,5.844421283844306,64,0.0,0.5,1,-20.0,52.75343034917734,0.0024642947224384104,True,-20.0,28.658956406076005,0.004536103763095806,True,20.0,20.414155056810994,0.006368130331048245,True,20.0,10.91533102180899,0.011909854107058972,True,20.0,9.884530131761577,0.01315186440499342,True,20.0,9.370172633784493,0.013873810556198329,True,1481.4625146039803,8.466666666666667,-0.5047201565152846,49.26729473750807
2021-03-06,24.2708,25.5,23.8267,24.911,1483862.28,,AVAXUSDT_daily,CRYPTO,BINANCE,USDT,1,1,1,24.911,24.911,24.911,5.707836616559885,65,0.0,0.5,1,-20.0,52.75343034917734,0.0024642947224384104,True,-20.0,28.658956406076005,0.004536103763095806,True,20.0,20.414155056810994,0.006368130331048245,True,20.0,10.91533102180899,0.011909854107058972,True,20.0,9.884530131761577,0.01315186440499342,True,20.0,9.370172633784493,0.013873810556198329,True,1502.9344691654576,8.466666666666667,0.23386768090952026,49.501162418417586
2021-03-07,24.9225,27.95,24.9225,26.6863,3010972.81,,AVAXUSDT_daily,CRYPTO,BINANCE,USDT,1,1,1,26.6863,26.6863,26.6863,5.472027597797029,66,0.0,0.5,1,-20.0,52.75343034917734,0.0024642947224384104,True,-20.0,28.658956406076005,0.004536103763095806,True,20.0,20.414155056810994,0.006368130331048245,True,20.0,10.91533102180899,0.011909854107058972,True,20.0,9.884530131761577,0.01315186440499342,True,20.0,9.370172633784493,0.013873810556198329,True,1556.9174863793623,8.466666666666667,0.6033829767304931,50.10454539514808
2021-03-08,26.6884,27.1147,24.8921,25.6179,2182937.86,,AVAXUSDT_daily,CRYPTO,BINANCE,USDT,1,1,1,25.6179,25.6179,25.6179,5.333724715359478,67,0.0,0.5,1,-20.0,52.75343034917734,0.0024642947224384104,True,-20.0,28.658956406076005,0.004536103763095806,True,20.0,20.414155056810994,0.006368130331048245,True,20.0,10.91533102180899,0.011909854107058972,True,20.0,9.884530131761577,0.01315186440499342,True,20.0,9.370172633784493,0.013873810556198329,True,1522.4526405504982,8.466666666666667,-0.33896743522581535,49.76557795992226
2021-03-09,25.6178,34.7857,23.4102,34.314,10511803.75,,AVAXUSDT_daily,CRYPTO,BINANCE,USDT,1,1,1,34.314,34.314,34.314,5.142416111804554,68,0.0,0.5,1,20.0,52.75343034917734,0.0024642947224384104,True,20.0,28.658956406076005,0.004536103763095806,True,20.0,20.414155056810994,0.006368130331048245,True,20.0,10.91533102180899,0.011909854107058972,True,20.0,9.884530131761577,0.01315186440499342,True,20.0,9.370172633784493,0.013873810556198329,True,1708.0222829658067,20.0,2.8740443205727253,52.63962228049499
2021-03-10,34.3007,35.8,28.691,29.5858,8435059.85,,AVAXUSDT_daily,CRYPTO,BINANCE,USDT,1,1,1,29.5858,29.5858,29.5858,4.36045683399774,69,0.0,0.5,1,20.0,52.75343034917734,0.0024642947224384104,True,20.0,28.658956406076005,0.004536103763095806,True,20.0,20.414155056810994,0.006368130331048245,True,20.0,10.91533102180899,0.011909854107058972,True,20.0,9.884530131761577,0.01315186440499342,True,20.0,9.370172633784493,0.013873810556198329,True,1591.90865422609,20.0,-2.7558430961123737,49.88377918438262
2021-03-11,29.6171,32.8333,28.4,30.8005,5275313.55,,AVAXUSDT_daily,CRYPTO,BINANCE,USDT,1,1,1,30.8005,30.8005,30.8005,3.7231289457397203,70,0.0,0.5,1,20.0,52.75343034917734,0.0024642947224384104,True,20.0,28.658956406076005,0.004536103763095806,True,20.0,20.414155056810994,0.006368130331048245,True,20.0,10.91533102180899,0.011909854107058972,True,20.0,9.884530131761577,0.01315186440499342,True,20.0,9.370172633784493,0.013873810556198329,True,1621.1828387018486,20.0,0.8211371671545153,50.704916351537136
2021-03-12,30.798,31.5823,26.7837,27.9561,4025302.52,,AVAXUSDT_daily,CRYPTO,BINANCE,USDT,1,1,1,27.9561,27.9561,27.9561,3.264328469552548,71,0.0,0.5,1,-20.0,52.75343034917734,0.0024642947224384104,True,-20.0,28.658956406076005,0.004536103763095806,True,20.0,20.414155056810994,0.006368130331048245,True,20.0,10.91533102180899,0.011909854107058972,True,20.0,9.884530131761577,0.01315186440499342,True,20.0,9.370172633784493,0.013873810556198329,True,1545.0647891049944,8.466666666666667,-1.8469830035226709,48.85793334801446
2021-03-13,27.9469,33.2249,26.8568,30.8799,4641909.98,,AVAXUSDT_daily,CRYPTO,BINANCE,USDT,1,1,1,30.8799,30.8799,30.8799,2.7360369040437265,72,0.0,0.5,1,20.0,52.75343034917734,0.0024642947224384104,True,20.0,28.658956406076005,0.004536103763095806,True,20.0,20.414155056810994,0.006368130331048245,True,20.0,10.91533102180899,0.011909854107058972,True,20.0,9.884530131761577,0.01315186440499342,True,20.0,9.370172633784493,0.013873810556198329,True,1616.728055769126,20.0,0.8854897500008935,49.743423098015356
2021-03-14,30.9086,32.3,28.8,28.8423,2905962.81,,AVAXUSDT_daily,CRYPTO,BINANCE,USDT,1,1,1,28.8423,28.8423,28.8423,2.5479079296138587,73,0.0,0.5,1,-20.0,52.75343034917734,0.0024642947224384104,True,-20.0,28.658956406076005,0.004536103763095806,True,20.0,20.414155056810994,0.006368130331048245,True,20.0,10.91533102180899,0.011909854107058972,True,20.0,9.884530131761577,0.01315186440499342,True,20.0,9.370172633784493,0.013873810556198329,True,1562.5311352298359,8.466666666666667,-1.3196933927894827,48.423729705225874
2021-03-15,28.8383,30.6472,27.0,28.9472,3223256.17,,AVAXUSDT_daily,CRYPTO,BINANCE,USDT,1,1,1,28.9472,28.9472,28.9472,2.566791064857303,74,0.0,0.5,1,-20.0,52.75343034917734,0.0024642947224384104,True,-20.0,28.658956406076005,0.004536103763095806,True,20.0,20.414155056810994,0.006368130331048245,True,20.0,10.91533102180899,0.011909854107058972,True,20.0,9.884530131761577,0.01315186440499342,True,20.0,9.370172633784493,0.013873810556198329,True,1565.3725521107049,8.466666666666667,0.030793429557743255,48.45452313478362
2021-03-16,28.9221,33.25,27.5189,33.036,3919260.34,,AVAXUSDT_daily,CRYPTO,BINANCE,USDT,1,1,1,33.036,33.036,33.036,2.804456589918366,75,0.0,0.5,1,20.0,52.75343034917734,0.0024642947224384104,True,20.0,28.658956406076005,0.004536103763095806,True,20.0,20.414155056810994,0.006368130331048245,True,20.0,10.91533102180899,0.011909854107058972,True,20.0,9.884530131761577,0.01315186440499342,True,20.0,9.370172633784493,0.013873810556198329,True,1662.3840523097685,20.0,1.1959190065590688,49.65044214134269
2021-03-17,33.036,33.9899,30.5307,32.6789,3711302.21,,AVAXUSDT_daily,CRYPTO,BINANCE,USDT,1,1,1,32.6789,32.6789,32.6789,2.994253199481462,76,0.0,0.5,1,20.0,52.75343034917734,0.0024642947224384104,True,20.0,28.658956406076005,0.004536103763095806,True,20.0,20.414155056810994,0.006368130331048245,True,20.0,10.91533102180899,0.011909854107058972,True,20.0,9.884530131761577,0.01315186440499342,True,20.0,9.370172633784493,0.013873810556198329,True,1653.640471031688,20.0,-0.216188400532753,49.434253740809936
2021-03-18,32.6789,35.6073,31.8187,33.2132,3784343.49,,AVAXUSDT_daily,CRYPTO,BINANCE,USDT,1,1,1,33.2132,33.2132,33.2132,3.1578620823521732,77,0.0,0.5,1,20.0,52.75343034917734,0.0024642947224384104,True,20.0,28.658956406076005,0.004536103763095806,True,20.0,20.414155056810994,0.006368130331048245,True,20.0,10.91533102180899,0.011909854107058972,True,20.0,9.884530131761577,0.01315186440499342,True,20.0,9.370172633784493,0.013873810556198329,True,1666.795481873585,20.0,0.3269999908197674,49.7612537316297
2021-03-19,33.2131,38.4866,31.3409,37.3166,4561567.37,,AVAXUSDT_daily,CRYPTO,BINANCE,USDT,1,1,1,37.3166,37.3166,37.3166,3.6572060348246187,78,0.0,0.5,1,20.0,52.75343034917734,0.0024642947224384104,True,20.0,28.658956406076005,0.004536103763095806,True,20.0,20.414155056810994,0.006368130331048245,True,20.0,10.91533102180899,0.011909854107058972,True,20.0,9.884530131761577,0.01315186440499342,True,20.0,9.370172633784493,0.013873810556198329,True,1757.1796670957347,20.0,2.470945286813677,52.23219901844338
2021-03-20,37.3219,39.3,34.1701,34.2022,2545309.31,,AVAXUSDT_daily,CRYPTO,BINANCE,USDT,1,1,1,34.2022,34.2022,34.2022,3.626575513142672,79,0.0,0.5,1,20.0,52.75343034917734,0.0024642947224384104,True,20.0,28.658956406076005,0.004536103763095806,True,20.0,20.414155056810994,0.006368130331048245,True,20.0,10.91533102180899,0.011909854107058972,True,20.0,9.884530131761577,0.01315186440499342,True,20.0,9.370172633784493,0.013873810556198329,True,1681.9919285445526,20.0,-1.6691767202799834,50.563022298163396
2021-03-21,34.1783,35.4516,32.0001,32.8117,2817582.7,,AVAXUSDT_daily,CRYPTO,BINANCE,USDT,1,1,1,32.8117,32.8117,32.8117,3.6637939110334843,80,0.0,0.5,1,20.0,52.75343034917734,0.0024642947224384104,True,20.0,28.658956406076005,0.004536103763095806,True,20.0,20.414155056810994,0.006368130331048245,True,20.0,10.91533102180899,0.011909854107058972,True,20.0,9.884530131761577,0.01315186440499342,True,20.0,9.370172633784493,0.013873810556198329,True,1646.417557548345,20.0,-0.8131055896989059,49.74991670846449
2021-03-22,32.8109,33.5892,28.6202,29.17,2819087.11,,AVAXUSDT_daily,CRYPTO,BINANCE,USDT,1,1,1,29.17,29.17,29.17,3.612571438080715,81,0.0,0.5,1,-20.0,52.75343034917734,0.0024642947224384104,True,-20.0,28.658956406076005,0.004536103763095806,True,20.0,20.414155056810994,0.006368130331048245,True,20.0,10.91533102180899,0.011909854107058972,True,20.0,9.884530131761577,0.01315186440499342,True,20.0,9.370172633784493,0.013873810556198329,True,1541.8853960197143,8.466666666666667,-2.219756976932008,47.53015973153248
2021-03-23,29.1805,30.8899,28.1111,28.4704,2208298.0,,AVAXUSDT_daily,CRYPTO,BINANCE,USDT,1,1,1,28.4704,28.4704,28.4704,3.574174993488521,82,0.0,0.5,1,-20.0,52.75343034917734,0.0024642947224384104,True,-20.0,28.658956406076005,0.004536103763095806,True,20.0,20.414155056810994,0.006368130331048245,True,20.0,10.91533102180899,0.011909854107058972,True,20.0,9.884530131761577,0.01315186440499342,True,20.0,9.370172633784493,0.013873810556198329,True,1520.892250206822,8.466666666666667,-0.20306067877956777,47.327099052752914
2021-03-24,28.4541,30.4914,24.6652,25.8387,2924723.82,,AVAXUSDT_daily,CRYPTO,BINANCE,USDT,1,1,1,25.8387,25.8387,25.8387,3.5704553792529827,83,0.0,0.5,1,-20.0,52.75343034917734,0.0024642947224384104,True,-20.0,28.658956406076005,0.004536103763095806,True,-20.0,20.414155056810994,0.006368130331048245,True,20.0,10.91533102180899,0.011909854107058972,True,20.0,9.884530131761577,0.01315186440499342,True,20.0,9.370172633784493,0.013873810556198329,True,1433.3408437230385,0.0,-0.7826278052527071,46.544471247500205
2021-03-25,25.8,27.5152,24.3291,25.825,2616910.89,,AVAXUSDT_daily,CRYPTO,BINANCE,USDT,1,1,1,25.825,25.825,25.825,3.452189535913134,84,0.0,0.5,1,-20.0,52.75343034917734,0.0024642947224384104,True,-20.0,28.658956406076005,0.004536103763095806,True,-20.0,20.414155056810994,0.006368130331048245,True,20.0,10.91533102180899,0.011909854107058972,True,20.0,9.884530131761577,0.01315186440499342,True,20.0,9.370172633784493,0.013873810556198329,True,1432.8749425298186,0.0,-0.0,46.544471247500205
2021-03-26,25.8109,28.8782,25.7873,28.2527,2119177.62,,AVAXUSDT_daily,CRYPTO,BINANCE,USDT,1,1,1,28.2527,28.2527,28.2527,3.2659535897852714,85,0.0,0.5,1,-20.0,52.75343034917734,0.0024642947224384104,True,-20.0,28.658956406076005,0.004536103763095806,True,-20.0,20.414155056810994,0.006368130331048245,True,20.0,10.91533102180899,0.011909854107058972,True,20.0,9.884530131761577,0.01315186440499342,True,20.0,9.370172633784493,0.013873810556198329,True,1508.7558903587746,0.0,0.0,46.544471247500205
2021-03-27,28.2744,28.6667,26.789,27.6225,1664560.96,,AVAXUSDT_daily,CRYPTO,BINANCE,USDT,1,1,1,27.6225,27.6225,27.6225,3.218977451663107,86,0.0,0.5,1,-20.0,52.75343034917734,0.0024642947224384104,True,-20.0,28.658956406076005,0.004536103763095806,True,-20.0,20.414155056810994,0.006368130331048245,True,20.0,10.91533102180899,0.011909854107058972,True,20.0,9.884530131761577,0.01315186440499342,True,20.0,9.370172633784493,0.013873810556198329,True,1488.2008806523743,0.0,-0.0,46.544471247500205
2021-03-28,27.6226,29.5578,27.22,28.7167,2149098.9,,AVAXUSDT_daily,CRYPTO,BINANCE,USDT,1,1,1,28.7167,28.7167,28.7167,3.0536499390246066,87,0.0,0.5,1,-20.0,52.75343034917734,0.0024642947224384104,True,-20.0,28.658956406076005,0.004536103763095806,True,-20.0,20.414155056810994,0.006368130331048245,True,20.0,10.91533102180899,0.011909854107058972,True,20.0,9.884530131761577,0.01315186440499342,True,20.0,9.370172633784493,0.013873810556198329,True,1523.177134480428,0.0,0.0,46.544471247500205
2021-03-29,28.7392,30.3702,28.2,29.5,1936628.46,,AVAXUSDT_daily,CRYPTO,BINANCE,USDT,1,1,1,29.5,29.5,29.5,2.9175866000947344,88,0.0,0.5,1,20.0,52.75343034917734,0.0024642947224384104,True,-20.0,28.658956406076005,0.004536103763095806,True,-20.0,20.414155056810994,0.006368130331048245,True,20.0,10.91533102180899,0.011909854107058972,True,20.0,9.884530131761577,0.01315186440499342,True,20.0,9.370172633784493,0.013873810556198329,True,1548.0468536068522,8.466666666666667,0.0,46.544471247500205
2021-03-30,29.5,30.9802,28.6023,29.6009,1916568.91,,AVAXUSDT_daily,CRYPTO,BINANCE,USDT,1,1,1,29.6009,29.6009,29.6009,2.9174257877856227,89,0.0,0.5,1,20.0,52.75343034917734,0.0024642947224384104,True,-20.0,28.658956406076005,0.004536103763095806,True,-20.0,20.414155056810994,0.006368130331048245,True,20.0,10.91533102180899,0.011909854107058972,True,20.0,9.884530131761577,0.01315186440499342,True,20.0,9.370172633784493,0.013873810556198329,True,1551.3073054097576,8.466666666666667,0.02895887005649609,46.573430117556704
2021-03-31,29.6009,29.9641,25.9,28.7218,1991045.26,,AVAXUSDT_daily,CRYPTO,BINANCE,USDT,1,1,1,28.7218,28.7218,28.7218,2.931303913457687,90,0.0,0.5,1,-9.647163923434094,52.75343034917734,0.0024642947224384104,True,-20.0,28.658956406076005,0.004536103763095806,True,-20.0,20.414155056810994,0.006368130331048245,True,20.0,10.91533102180899,0.011909854107058972,True,20.0,9.884530131761577,0.01315186440499342,True,20.0,9.370172633784493,0.013873810556198329,True,1521.4959115481574,2.191350302873117,-0.25144663394243616,46.32198348361427
2021-04-01,28.7217,29.373,27.6921,28.2456,1556653.75,,AVAXUSDT_daily,CRYPTO,BINANCE,USDT,1,1,1,28.2456,28.2456,28.2456,2.920959743190896,91,0.0,0.5,1,-20.0,52.75343034917734,0.0024642947224384104,True,-20.0,28.658956406076005,0.004536103763095806,True,-20.0,20.414155056810994,0.006368130331048245,True,20.0,10.91533102180899,0.011909854107058972,True,20.0,9.884530131761577,0.01315186440499342,True,20.0,9.370172633784493,0.013873810556198329,True,1504.7458313261627,0.0,-0.036332020076324675,46.285651463537945
2021-04-02,28.2686,29.5805,27.9429,29.0353,1502764.68,,AVAXUSDT_daily,CRYPTO,BINANCE,USDT,1,1,1,29.0353,29.0353,29.0353,2.9239794340616534,92,0.0,0.5,1,-6.901775508962123,52.75343034917734,0.0024642947224384104,True,-20.0,28.658956406076005,0.004536103763095806,True,-20.0,20.414155056810994,0.006368130331048245,True,20.0,10.91533102180899,0.011909854107058972,True,20.0,9.884530131761577,0.01315186440499342,True,20.0,9.370172633784493,0.013873810556198329,True,1532.2912024833813,2.7724575172696837,0.0,46.285651463537945
2021-04-03,29.0137,32.8727,27.8274,28.1787,4011015.62,,AVAXUSDT_daily,CRYPTO,BINANCE,USDT,1,1,1,28.1787,28.1787,28.1787,2.94154873645173,93,0.0,0.5,1,-20.0,52.75343034917734,0.0024642947224384104,True,-20.0,28.658956406076005,0.004536103763095806,True,-20.0,20.414155056810994,0.006368130331048245,True,20.0,10.91533102180899,0.011909854107058972,True,20.0,9.884530131761577,0.01315186440499342,True,20.0,9.370172633784493,0.013873810556198329,True,1500.9532006859515,0.0,-0.08179309699893633,46.20385836653901
2021-04-04,28.1709,29.9171,27.5607,29.1573,1645442.99,,AVAXUSDT_daily,CRYPTO,BINANCE,USDT,1,1,1,29.1573,29.1573,29.1573,2.9380799209687467,94,0.0,0.5,1,20.0,52.75343034917734,0.0024642947224384104,True,-20.0,28.658956406076005,0.004536103763095806,True,-20.0,20.414155056810994,0.006368130331048245,True,20.0,10.91533102180899,0.011909854107058972,True,20.0,9.884530131761577,0.01315186440499342,True,20.0,9.370172633784493,0.013873810556198329,True,1536.1718447265616,8.466666666666667,0.0,46.20385836653901
2021-04-05,29.174,33.0,28.5455,31.2559,3914406.49,,AVAXUSDT_daily,CRYPTO,BINANCE,USDT,1,1,1,31.2559,31.2559,31.2559,2.8667171153511264,95,0.0,0.5,1,20.0,52.75343034917734,0.0024642947224384104,True,20.0,28.658956406076005,0.004536103763095806,True,-20.0,20.414155056810994,0.006368130331048245,True,20.0,10.91533102180899,0.011909854107058972,True,20.0,9.884530131761577,0.01315186440499342,True,20.0,9.370172633784493,0.013873810556198329,True,1607.1880345356951,16.933333333333334,0.6093893010212432,46.813247667560255
2021-04-06,31.2913,34.5578,30.0,31.4635,3854943.21,,AVAXUSDT_daily,CRYPTO,BINANCE,USDT,1,1,1,31.4635,31.4635,31.4635,2.8169511912657272,96,0.0,0.5,1,20.0,52.75343034917734,0.0024642947224384104,True,20.0,28.658956406076005,0.004536103763095806,True,20.0,20.414155056810994,0.006368130331048245,True,20.0,10.91533102180899,0.011909854107058972,True,20.0,9.884530131761577,0.01315186440499342,True,20.0,9.370172633784493,0.013873810556198329,True,1614.310333912866,20.0,0.11247028561007684,46.925717953170334
2021-04-07,31.4838,34.15,28.6023,29.5068,3026403.42,,AVAXUSDT_daily,CRYPTO,BINANCE,USDT,1,1,1,29.5068,29.5068,29.5068,2.7022420553222735,97,0.0,0.5,1,20.0,52.75343034917734,0.0024642947224384104,True,20.0,28.658956406076005,0.004536103763095806,True,18.37754756976384,20.414155056810994,0.006368130331048245,True,20.0,10.91533102180899,0.011909854107058972,True,20.0,9.884530131761577,0.01315186440499342,True,20.0,9.370172633784493,0.013873810556198329,True,1542.309634145608,20.0,-1.2437904238244335,45.6819275293459
2021-04-08,29.54,31.6137,29.2287,30.751,1585910.41,,AVAXUSDT_daily,CRYPTO,BINANCE,USDT,1,1,1,30.751,30.751,30.751,2.0384399239239497,98,0.0,0.5,1,20.0,52.75343034917734,0.0024642947224384104,True,20.0,28.658956406076005,0.004536103763095806,True,20.0,20.414155056810994,0.006368130331048245,True,20.0,10.91533102180899,0.011909854107058972,True,20.0,9.884530131761577,0.01315186440499342,True,20.0,9.370172633784493,0.013873810556198329,True,1586.942082047441,20.0,0.8433310287798079,46.52525855812571
2021-04-09,30.7475,32.482,30.3031,31.5178,2411521.93,,AVAXUSDT_daily,CRYPTO,BINANCE,USDT,1,1,1,31.5178,31.5178,31.5178,1.7705779657842697,99,0.0,0.5,1,20.0,52.75343034917734,0.0024642947224384104,True,20.0,28.658956406076005,0.004536103763095806,True,20.0,20.414155056810994,0.006368130331048245,True,20.0,10.91533102180899,0.011909854107058972,True,20.0,9.884530131761577,0.01315186440499342,True,20.0,9.370172633784493,0.013873810556198329,True,1614.2953700778123,20.0,0.4987154889271883,47.023974047052896
2021-04-10,31.5178,33.97,30.865,31.776,3316903.42,,AVAXUSDT_daily,CRYPTO,BINANCE,USDT,1,1,1,31.776,31.776,31.776,1.6711908568757106,100,0.0,0.5,1,20.0,52.75343034917734,0.0024642947224384104,True,20.0,28.658956406076005,0.004536103763095806,True,20.0,20.414155056810994,0.006368130331048245,True,20.0,10.91533102180899,0.011909854107058972,True,20.0,9.884530131761577,0.01315186440499342,True,20.0,9.370172633784493,0.013873810556198329,True,1623.6155220587386,20.0,0.16384392311646234,47.187817970169355
2021-04-11,31.7628,32.33,30.8928,31.5976,1817836.56,,AVAXUSDT_daily,CRYPTO,BINANCE,USDT,1,1,1,31.5976,31.5976,31.5976,1.760022191516712,101,0.0,0.5,1,20.0,52.75343034917734,0.0024642947224384104,True,20.0,28.658956406076005,0.004536103763095806,True,20.0,20.414155056810994,0.006368130331048245,True,20.0,10.91533102180899,0.011909854107058972,True,20.0,9.884530131761577,0.01315186440499342,True,20.0,9.370172633784493,0.013873810556198329,True,1617.0134656329367,20.0,-0.11228600201409922,47.07553196815525
2021-04-12,31.5853,35.6418,31.1,33.8055,4048871.8,,AVAXUSDT_daily,CRYPTO,BINANCE,USDT,1,1,1,33.8055,33.8055,33.8055,2.0204126418746946,102,0.0,0.5,1,20.0,52.75343034917734,0.0024642947224384104,True,20.0,28.658956406076005,0.004536103763095806,True,20.0,20.414155056810994,0.006368130331048245,True,20.0,10.91533102180899,0.011909854107058972,True,20.0,9.884530131761577,0.01315186440499342,True,20.0,9.370172633784493,0.013873810556198329,True,1693.809223264906,20.0,1.3975112033825354,48.47304317153779
2021-04-13,33.8125,34.888,31.7,33.6462,3077724.42,,AVAXUSDT_daily,CRYPTO,BINANCE,USDT,1,1,1,33.6462,33.6462,33.6462,2.0262611483896653,103,0.0,0.5,1,20.0,52.75343034917734,0.0024642947224384104,True,20.0,28.658956406076005,0.004536103763095806,True,20.0,20.414155056810994,0.006368130331048245,True,20.0,10.91533102180899,0.011909854107058972,True,20.0,9.884530131761577,0.01315186440499342,True,20.0,9.370172633784493,0.013873810556198329,True,1688.1361491793534,20.0,-0.09424501930159312,48.37879815223619
2021-04-14,33.6426,39.45,32.8907,38.3391,7610260.01,,AVAXUSDT_daily,CRYPTO,BINANCE,USDT,1,1,1,38.3391,38.3391,38.3391,2.560533971547165,104,0.0,0.5,1,20.0,52.75343034917734,0.0024642947224384104,True,20.0,28.658956406076005,0.004536103763095806,True,20.0,20.414155056810994,0.006368130331048245,True,20.0,10.91533102180899,0.011909854107058972,True,20.0,9.884530131761577,0.01315186440499342,True,20.0,9.370172633784493,0.013873810556198329,True,1829.0291507153593,20.0,2.7895572159708992,51.168355368207095
2021-04-15,38.3892,40.759,36.21,37.0174,4740728.24,,AVAXUSDT_daily,CRYPTO,BINANCE,USDT,1,1,1,37.0174,37.0174,37.0174,2.8796010707990627,105,0.0,0.5,1,20.0,52.75343034917734,0.0024642947224384104,True,20.0,28.658956406076005,0.004536103763095806,True,20.0,20.414155056810994,0.006368130331048245,True,20.0,10.91533102180899,0.011909854107058972,True,20.0,9.884530131761577,0.01315186440499342,True,20.0,9.370172633784493,0.013873810556198329,True,1787.4878687762343,20.0,-0.6894788870891588,50.478876481117936
2021-04-16,37.0256,37.5412,33.0618,35.45,3675610.8,,AVAXUSDT_daily,CRYPTO,BINANCE,USDT,1,1,1,35.45,35.45,35.45,2.931746194671945,106,0.0,0.5,1,20.0,52.75343034917734,0.0024642947224384104,True,20.0,28.658956406076005,0.004536103763095806,True,20.0,20.414155056810994,0.006368130331048245,True,20.0,10.91533102180899,0.011909854107058972,True,20.0,9.884530131761577,0.01315186440499342,True,20.0,9.370172633784493,0.013873810556198329,True,1735.5980195261216,20.0,-0.846844997217524,49.63203148390041
2021-04-17,35.4383,36.9062,33.51,33.9342,2447216.38,,AVAXUSDT_daily,CRYPTO,BINANCE,USDT,1,1,1,33.9342,33.9342,33.9342,2.915860234737952,107,0.0,0.5,1,20.0,52.75343034917734,0.0024642947224384104,True,20.0,28.658956406076005,0.004536103763095806,True,20.0,20.414155056810994,0.006368130331048245,True,20.0,10.91533102180899,0.011909854107058972,True,20.0,9.884530131761577,0.01315186440499342,True,20.0,9.370172633784493,0.013873810556198329,True,1682.6715735998193,20.0,-0.8551763046544458,48.77685517924597
2021-04-18,33.9673,34.3,22.5473,29.3348,5871628.96,,AVAXUSDT_daily,CRYPTO,BINANCE,USDT,1,1,1,29.3348,29.3348,29.3348,2.922423414529322,108,0.0,0.5,1,-20.0,52.75343034917734,0.0024642947224384104,True,-20.0,28.658956406076005,0.004536103763095806,True,20.0,20.414155056810994,0.006368130331048245,True,20.0,10.91533102180899,0.011909854107058972,True,20.0,9.884530131761577,0.01315186440499342,True,20.0,9.370172633784493,0.013873810556198329,True,1505.787995811952,8.466666666666667,-2.7107755597597682,46.0660796194862
2021-04-19,29.323,30.5796,25.5472,26.1827,3255981.02,,AVAXUSDT_daily,CRYPTO,BINANCE,USDT,1,1,1,26.1827,26.1827,26.1827,3.13848600785051,109,0.0,0.5,1,-20.0,52.75343034917734,0.0024642947224384104,True,-20.0,28.658956406076005,0.004536103763095806,True,-13.444907482359417,20.414155056810994,0.006368130331048245,True,20.0,10.91533102180899,0.011909854107058972,True,20.0,9.884530131761577,0.01315186440499342,True,20.0,9.370172633784493,0.013873810556198329,True,1371.959658245579,1.3874945829005896,-0.9097651935585042,45.1563144259277
2021-04-20,26.2029,29.9752,23.8766,27.4058,3447186.95,,AVAXUSDT_daily,CRYPTO,BINANCE,USDT,1,1,1,27.4058,27.4058,27.4058,3.2115481029034743,110,0.0,0.5,1,-20.0,52.75343034917734,0.0024642947224384104,True,-20.0,28.658956406076005,0.004536103763095806,True,-20.0,20.414155056810994,0.006368130331048245,True,20.0,10.91533102180899,0.011909854107058972,True,20.0,9.884530131761577,0.01315186440499342,True,20.0,9.370172633784493,0.013873810556198329,True,1422.1301962410423,0.0,0.06481549360248223,45.22112991953018
2021-04-21,27.4059,28.4899,25.75,25.8131,2761857.45,,AVAXUSDT_daily,CRYPTO,BINANCE,USDT,1,1,1,25.8131,25.8131,25.8131,3.378236338881851,111,0.0,0.5,1,-20.0,52.75343034917734,0.0024642947224384104,True,-20.0,28.658956406076005,0.004536103763095806,True,-20.0,20.414155056810994,0.006368130331048245,True,20.0,10.91533102180899,0.011909854107058972,True,20.0,9.884530131761577,0.01315186440499342,True,20.0,9.370172633784493,0.013873810556198329,True,1352.0005829813124,0.0,-0.0,45.22112991953018
2021-04-22,25.8131,27.7519,22.87,23.9703,3474222.21,,AVAXUSDT_daily,CRYPTO,BINANCE,USDT,1,1,1,23.9703,23.9703,23.9703,3.7256508139729942,112,0.0,0.5,1,-20.0,52.75343034917734,0.0024642947224384104,True,-20.0,28.658956406076005,0.004536103763095806,True,-20.0,20.414155056810994,0.006368130331048245,True,20.0,10.91533102180899,0.011909854107058972,True,20.0,9.884530131761577,0.01315186440499342,True,20.0,9.370172633784493,0.013873810556198329,True,1264.0112422329505,0.0,-0.0,45.22112991953018
2021-04-23,23.9692,26.557,19.8,23.5317,4749135.19,,AVAXUSDT_daily,CRYPTO,BINANCE,USDT,1,1,1,23.5317,23.5317,23.5317,4.042623144662744,113,0.0,0.5,1,-20.0,52.75343034917734,0.0024642947224384104,True,-20.0,28.658956406076005,0.004536103763095806,True,-20.0,20.414155056810994,0.006368130331048245,True,20.0,10.91533102180899,0.011909854107058972,True,20.0,9.884530131761577,0.01315186440499342,True,20.0,9.370172633784493,0.013873810556198329,True,1242.2508450930573,0.0,-0.0,45.22112991953018
2021-04-24,23.55,23.9381,21.3801,21.8523,2231443.96,,AVAXUSDT_daily,CRYPTO,BINANCE,USDT,1,1,1,21.8523,21.8523,21.8523,4.500357155449442,114,0.0,0.5,1,-20.0,52.75343034917734,0.0024642947224384104,True,-20.0,28.658956406076005,0.004536103763095806,True,-20.0,20.414155056810994,0.006368130331048245,True,-20.0,10.91533102180899,0.011909854107058972,True,20.0,9.884530131761577,0.01315186440499342,True,20.0,9.370172633784493,0.013873810556198329,True,1151.834907795652,-8.466666666666667,-0.0,45.22112991953018
2021-04-25,21.8429,23.75,20.359,21.624,1711011.135,,AVAXUSDT_daily,CRYPTO,BINANCE,USDT,1,1,1,21.624,21.624,21.624,4.902223599862858,115,0.0,0.5,1,-20.0,52.75343034917734,0.0024642947224384104,True,-20.0,28.658956406076005,0.004536103763095806,True,-20.0,20.414155056810994,0.006368130331048245,True,-20.0,10.91533102180899,0.011909854107058972,True,20.0,9.884530131761577,0.01315186440499342,True,20.0,9.370172633784493,0.013873810556198329,True,1139.166060514594,-8.466666666666667,0.08845476219894492,45.30958468172912
2021-04-26,21.628,26.5,21.39,26.451,3025256.65,,AVAXUSDT_daily,CRYPTO,BINANCE,USDT,1,1,1,26.451,26.451,26.451,4.947404896165764,116,0.0,0.5,1,-20.0,52.75343034917734,0.0024642947224384104,True,-20.0,28.658956406076005,0.004536103763095806,True,-20.0,20.414155056810994,0.006368130331048245,True,-20.0,10.91533102180899,0.011909854107058972,True,20.0,9.884530131761577,0.01315186440499342,True,20.0,9.370172633784493,0.013873810556198329,True,1327.8568864777844,-8.466666666666667,-1.889964853866075,43.419619827863045
2021-04-27,26.441,28.0,25.7,27.949,2350750.048,,AVAXUSDT_daily,CRYPTO,BINANCE,USDT,1,1,1,27.949,27.949,27.949,4.962438247461437,117,0.0,0.5,1,20.0,52.75343034917734,0.0024642947224384104,True,-20.0,28.658956406076005,0.004536103763095806,True,-20.0,20.414155056810994,0.006368130331048245,True,-20.0,10.91533102180899,0.011909854107058972,True,20.0,9.884530131761577,0.01315186440499342,True,20.0,9.370172633784493,0.013873810556198329,True,1383.9770014402818,0.0,-0.4794928988192006,42.94012692904384
2021-04-28,27.961,29.077,25.826,28.233,2546834.944,,AVAXUSDT_daily,CRYPTO,BINANCE,USDT,1,1,1,28.233,28.233,28.233,4.963573785391533,118,0.0,0.5,1,20.0,52.75343034917734,0.0024642947224384104,True,-20.0,28.658956406076005,0.004536103763095806,True,-20.0,20.414155056810994,0.006368130331048245,True,-20.0,10.91533102180899,0.011909854107058972,True,20.0,9.884530131761577,0.01315186440499342,True,20.0,9.370172633784493,0.013873810556198329,True,1394.7284384238535,0.0,0.0,42.94012692904384
2021-04-29,28.246,29.765,26.6,27.912,2274429.724,,AVAXUSDT_daily,CRYPTO,BINANCE,USDT,1,1,1,27.912,27.912,27.912,4.950807363639605,119,0.0,0.5,1,20.0,52.75343034917734,0.0024642947224384104,True,-20.0,28.658956406076005,0.004536103763095806,True,-20.0,20.414155056810994,0.006368130331048245,True,-20.0,10.91533102180899,0.011909854107058972,True,20.0,9.884530131761577,0.01315186440499342,True,20.0,9.370172633784493,0.013873810556198329,True,1382.1883999532208,0.0,-0.0,42.94012692904384
2021-04-30,27.926,33.0,27.501,32.8,3368373.696,,AVAXUSDT_daily,CRYPTO,BINANCE,USDT,1,1,1,32.8,32.8,32.8,4.983046103938173,120,0.0,0.5,1,20.0,52.75343034917734,0.0024642947224384104,True,20.0,28.658956406076005,0.004536103763095806,True,-20.0,20.414155056810994,0.006368130331048245,True,-20.0,10.91533102180899,0.011909854107058972,True,20.0,9.884530131761577,0.01315186440499342,True,20.0,9.370172633784493,0.013873810556198329,True,1535.6178741273657,8.466666666666667,0.0,42.94012692904384
2021-05-01,32.819,35.68,31.722,31.805,3589503.042,,AVAXUSDT_daily,CRYPTO,BINANCE,USDT,1,1,1,31.805,31.805,31.805,4.988199267584575,121,0.0,0.5,1,20.0,52.75343034917734,0.0024642947224384104,True,20.0,28.658956406076005,0.004536103763095806,True,-20.0,20.414155056810994,0.006368130331048245,True,-20.0,10.91533102180899,0.011909854107058972,True,20.0,9.884530131761577,0.01315186440499342,True,20.0,9.370172633784493,0.013873810556198329,True,1502.881771517965,8.466666666666667,-0.2568394308943085,42.68328749814953
2021-05-02,31.815,32.681,30.383,31.28,2177846.529,,AVAXUSDT_daily,CRYPTO,BINANCE,USDT,1,1,1,31.28,31.28,31.28,4.90074881266545,122,0.0,0.5,1,20.0,52.75343034917734,0.0024642947224384104,True,20.0,28.658956406076005,0.004536103763095806,True,-20.0,20.414155056810994,0.006368130331048245,True,-20.0,10.91533102180899,0.011909854107058972,True,20.0,9.884530131761577,0.01315186440499342,True,20.0,9.370172633784493,0.013873810556198329,True,1484.9840764307085,8.466666666666667,-0.1397578997013048,42.54352959844823
2021-05-03,31.262,37.36,30.697,35.871,5397490.383,,AVAXUSDT_daily,CRYPTO,BINANCE,USDT,1,1,1,35.871,35.871,35.871,5.029896038540561,123,0.0,0.5,1,20.0,52.75343034917734,0.0024642947224384104,True,20.0,28.658956406076005,0.004536103763095806,True,-20.0,20.414155056810994,0.006368130331048245,True,-20.0,10.91533102180899,0.011909854107058972,True,20.0,9.884530131761577,0.01315186440499342,True,20.0,9.370172633784493,0.013873810556198329,True,1617.6814673696751,8.466666666666667,1.242661977834612,43.786191576282846
2021-05-04,35.885,36.194,29.501,30.287,4452223.237,,AVAXUSDT_daily,CRYPTO,BINANCE,USDT,1,1,1,30.287,30.287,30.287,4.572994609808961,124,0.0,0.5,1,20.0,52.75343034917734,0.0024642947224384104,True,20.0,28.658956406076005,0.004536103763095806,True,-20.0,20.414155056810994,0.006368130331048245,True,-20.0,10.91533102180899,0.011909854107058972,True,20.0,9.884530131761577,0.01315186440499342,True,20.0,9.370172633784493,0.013873810556198329,True,1435.5108245720312,8.466666666666667,-1.3179968962857658,42.46819467999708
2021-05-05,30.307,35.616,29.7,35.258,3289567.944,,AVAXUSDT_daily,CRYPTO,BINANCE,USDT,1,1,1,35.258,35.258,35.258,4.423825658560903,125,0.0,0.5,1,20.0,52.75343034917734,0.0024642947224384104,True,20.0,28.658956406076005,0.004536103763095806,True,20.0,20.414155056810994,0.006368130331048245,True,4.382925663187143,10.91533102180899,0.011909854107058972,True,20.0,9.884530131761577,0.01315186440499342,True,20.0,9.370172633784493,0.013873810556198329,True,1570.5791669889609,20.0,1.3896325156007543,43.857827195597835
2021-05-06,35.225,39.3,34.66,38.003,6195375.726,,AVAXUSDT_daily,CRYPTO,BINANCE,USDT,1,1,1,38.003,38.003,38.003,4.655161375853316,126,0.0,0.5,1,20.0,52.75343034917734,0.0024642947224384104,True,20.0,28.658956406076005,0.004536103763095806,True,20.0,20.414155056810994,0.006368130331048245,True,20.0,10.91533102180899,0.011909854107058972,True,20.0,9.884530131761577,0.01315186440499342,True,20.0,9.370172633784493,0.013873810556198329,True,1640.7190887000424,20.0,1.5570934256055358,45.41492062120337
2021-05-07,38.002,43.885,35.969,37.875,6802609.557,,AVAXUSDT_daily,CRYPTO,BINANCE,USDT,1,1,1,37.875,37.875,37.875,4.950176440053182,127,0.0,0.5,1,20.0,52.75343034917734,0.0024642947224384104,True,20.0,28.658956406076005,0.004536103763095806,True,20.0,20.414155056810994,0.006368130331048245,True,20.0,10.91533102180899,0.011909854107058972,True,20.0,9.884530131761577,0.01315186440499342,True,20.0,9.370172633784493,0.013873810556198329,True,1637.3706941113605,20.0,-0.06736310291292735,45.347557518290444
2021-05-08,37.852,39.844,37.157,38.399,2493215.197,,AVAXUSDT_daily,CRYPTO,BINANCE,USDT,1,1,1,38.399,38.399,38.399,5.3635460893031075,128,0.0,0.5,1,20.0,52.75343034917734,0.0024642947224384104,True,20.0,28.658956406076005,0.004536103763095806,True,20.0,20.414155056810994,0.006368130331048245,True,20.0,10.91533102180899,0.011909854107058972,True,20.0,9.884530131761577,0.01315186440499342,True,20.0,9.370172633784493,0.013873810556198329,True,1651.1793650343836,20.0,0.27669966996699547,45.62425718825744
2021-05-09,38.399,39.5,35.017,38.969,2403153.534,,AVAXUSDT_daily,CRYPTO,BINANCE,USDT,1,1,1,38.969,38.969,38.969,5.684085038106025,129,0.0,0.5,1,20.0,52.75343034917734,0.0024642947224384104,True,20.0,28.658956406076005,0.004536103763095806,True,20.0,20.414155056810994,0.006368130331048245,True,20.0,10.91533102180899,0.011909854107058972,True,20.0,9.884530131761577,0.01315186440499342,True,20.0,9.370172633784493,0.013873810556198329,True,1666.294320462618,20.0,0.2968827313211264,45.921139919578565
2021-05-10,38.988,41.8,29.69,34.652,4334618.088,,AVAXUSDT_daily,CRYPTO,BINANCE,USDT,1,1,1,34.652,34.652,34.652,5.723087275155985,130,0.0,0.5,1,-10.803440939470919,52.75343034917734,0.0024642947224384104,True,20.0,28.658956406076005,0.004536103763095806,True,20.0,20.414155056810994,0.006368130331048245,True,20.0,10.91533102180899,0.011909854107058972,True,20.0,9.884530131761577,0.01315186440499342,True,20.0,9.370172633784493,0.013873810556198329,True,1539.912799138334,18.879938334478656,-2.2156072775796143,43.70553264199895
2021-05-11,34.65,37.3,32.575,36.8,2729477.604,,AVAXUSDT_daily,CRYPTO,BINANCE,USDT,1,1,1,36.8,36.8,36.8,5.763873799731963,131,0.0,0.5,1,20.0,52.75343034917734,0.0024642947224384104,True,20.0,28.658956406076005,0.004536103763095806,True,20.0,20.414155056810994,0.006368130331048245,True,20.0,10.91533102180899,0.011909854107058972,True,20.0,9.884530131761577,0.01315186440499342,True,20.0,9.370172633784493,0.013873810556198329,True,1599.9993562476777,20.0,1.1703251628321618,44.875857804831114
2021-05-12,36.768,41.47,32.0,32.8,5512564.2,,AVAXUSDT_daily,CRYPTO,BINANCE,USDT,1,1,1,32.8,32.8,32.8,5.515707880227136,132,0.0,0.5,1,-20.0,52.75343034917734,0.0024642947224384104,True,20.0,28.658956406076005,0.004536103763095806,True,20.0,20.414155056810994,0.006368130331048245,True,20.0,10.91533102180899,0.011909854107058972,True,20.0,9.884530131761577,0.01315186440499342,True,20.0,9.370172633784493,0.013873810556198329,True,1476.2329879820218,16.933333333333334,-2.1739130434782616,42.70194476135285
2021-05-13,32.872,37.17,30.739,35.075,4599017.978,,AVAXUSDT_daily,CRYPTO,BINANCE,USDT,1,1,1,35.075,35.075,35.075,5.2211466888610785,133,0.0,0.5,1,-20.0,52.75343034917734,0.0024642947224384104,True,20.0,28.658956406076005,0.004536103763095806,True,20.0,20.414155056810994,0.006368130331048245,True,20.0,10.91533102180899,0.011909854107058972,True,20.0,9.884530131761577,0.01315186440499342,True,20.0,9.370172633784493,0.013873810556198329,True,1542.8228323840979,16.933333333333334,1.1744918699187026,43.87643663127155
2021-05-14,35.036,38.0,33.276,36.999,2531482.455,,AVAXUSDT_daily,CRYPTO,BINANCE,USDT,1,1,1,36.999,36.999,36.999,4.716098118482868,134,0.0,0.5,1,20.0,52.75343034917734,0.0024642947224384104,True,20.0,28.658956406076005,0.004536103763095806,True,20.0,20.414155056810994,0.006368130331048245,True,20.0,10.91533102180899,0.011909854107058972,True,20.0,9.884530131761577,0.01315186440499342,True,20.0,9.370172633784493,0.013873810556198329,True,1597.070184981837,20.0,0.9288591114278918,44.80529574269944
2021-05-15,36.993,39.99,34.031,34.439,4984162.837,,AVAXUSDT_daily,CRYPTO,BINANCE,USDT,1,1,1,34.439,34.439,34.439,3.8950971783701527,135,0.0,0.5,1,-20.0,52.75343034917734,0.0024642947224384104,True,20.0,28.658956406076005,0.004536103763095806,True,20.0,20.414155056810994,0.006368130331048245,True,20.0,10.91533102180899,0.011909854107058972,True,20.0,9.884530131761577,0.01315186440499342,True,20.0,9.370172633784493,0.013873810556198329,True,1519.1991153995625,16.933333333333334,-1.3838211843563353,43.42147455834311
2021-05-16,34.464,39.7,32.5,36.6,5278663.199,,AVAXUSDT_daily,CRYPTO,BINANCE,USDT,1,1,1,36.6,36.6,36.6,3.562603115405153,136,0.0,0.5,1,20.0,52.75343034917734,0.0024642947224384104,True,20.0,28.658956406076005,0.004536103763095806,True,20.0,20.414155056810994,0.006368130331048245,True,20.0,10.91533102180899,0.011909854107058972,True,20.0,9.884530131761577,0.01315186440499342,True,20.0,9.370172633784493,0.013873810556198329,True,1581.8634234343788,20.0,1.0625434342847735,44.484017992627884
2021-05-17,36.597,37.936,31.75,33.67,4761781.536,,AVAXUSDT_daily,CRYPTO,BINANCE,USDT,1,1,1,33.67,33.67,33.67,3.2594869837703286,137,0.0,0.5,1,-20.0,52.75343034917734,0.0024642947224384104,True,-20.0,28.658956406076005,0.004536103763095806,True,20.0,20.414155056810994,0.006368130331048245,True,20.0,10.91533102180899,0.011909854107058972,True,20.0,9.884530131761577,0.01315186440499342,True,20.0,9.370172633784493,0.013873810556198329,True,1489.5660599678654,8.466666666666667,-1.6010928961748627,42.88292509645302
2021-05-18,33.684,37.7,33.268,36.875,3692884.156,,AVAXUSDT_daily,CRYPTO,BINANCE,USDT,1,1,1,36.875,36.875,36.875,2.9598747035180555,138,0.0,0.5,1,20.0,52.75343034917734,0.0024642947224384104,True,20.0,28.658956406076005,0.004536103763095806,True,20.0,20.414155056810994,0.006368130331048245,True,20.0,10.91533102180899,0.011909854107058972,True,20.0,9.884530131761577,0.01315186440499342,True,20.0,9.370172633784493,0.013873810556198329,True,1581.7426562427042,20.0,0.8059301059301054,43.688855202383124
2021-05-19,36.907,38.535,17.775,23.052,7854204.012,,AVAXUSDT_daily,CRYPTO,BINANCE,USDT,1,1,1,23.052,23.052,23.052,3.67083542011607,139,0.0,0.5,1,-20.0,52.75343034917734,0.0024642947224384104,True,-20.0,28.658956406076005,0.004536103763095806,True,-20.0,20.414155056810994,0.006368130331048245,True,9.77254341595385,10.91533102180899,0.011909854107058972,True,20.0,9.884530131761577,0.01315186440499342,True,20.0,9.370172633784493,0.013873810556198329,True,1088.3333381118769,-2.164811643623102,-7.49722033898305,36.191634863400076
2021-05-20,23.064,28.2,20.809,25.086,4667836.199,,AVAXUSDT_daily,CRYPTO,BINANCE,USDT,1,1,1,25.086,25.086,25.086,4.2298921832097225,140,0.0,0.5,1,-20.0,52.75343034917734,0.0024642947224384104,True,-20.0,28.658956406076005,0.004536103763095806,True,-20.0,20.414155056810994,0.006368130331048245,True,-20.0,10.91533102180899,0.011909854107058972,True,20.0,9.884530131761577,0.01315186440499342,True,20.0,9.370172633784493,0.013873810556198329,True,1155.5974746990864,-8.466666666666667,-0.19101279208439118,36.00062207131568
2021-05-21,25.042,26.712,18.368,21.827,3781391.334,,AVAXUSDT_daily,CRYPTO,BINANCE,USDT,1,1,1,21.827,21.827,21.827,5.03733586933868,141,0.0,0.5,1,-20.0,52.75343034917734,0.0024642947224384104,True,-20.0,28.658956406076005,0.004536103763095806,True,-20.0,20.414155056810994,0.006368130331048245,True,-20.0,10.91533102180899,0.011909854107058972,True,20.0,9.884530131761577,0.01315186440499342,True,20.0,9.370172633784493,0.013873810556198329,True,1031.6325452053666,-8.466666666666667,1.0999309043556824,37.10055297567136
2021-05-22,21.825,22.474,18.3,18.797,2628918.371,,AVAXUSDT_daily,CRYPTO,BINANCE,USDT,1,1,1,18.797,18.797,18.797,6.027758622450476,142,0.0,0.5,1,-20.0,52.75343034917734,0.0024642947224384104,True,-20.0,28.658956406076005,0.004536103763095806,True,-20.0,20.414155056810994,0.006368130331048245,True,-20.0,10.91533102180899,0.011909854107058972,True,20.0,9.884530131761577,0.01315186440499342,True,20.0,9.370172633784493,0.013873810556198329,True,897.766105335403,-8.466666666666667,1.1753333027901225,38.275886278461485
2021-05-23,18.809,19.668,12.086,15.606,5463994.514,,AVAXUSDT_daily,CRYPTO,BINANCE,USDT,1,1,1,15.606,15.606,15.606,7.133398248823313,143,0.0,0.5,1,-20.0,52.75343034917734,0.0024642947224384104,True,-20.0,28.658956406076005,0.004536103763095806,True,-20.0,20.414155056810994,0.006368130331048245,True,-20.0,10.91533102180899,0.011909854107058972,True,20.0,9.884530131761577,0.01315186440499342,True,20.0,9.370172633784493,0.013873810556198329,True,729.3961452105848,-8.466666666666667,1.4373109184089665,39.71319719687045
2021-05-24,15.603,20.5,15.034,19.395,4361327.481,,AVAXUSDT_daily,CRYPTO,BINANCE,USDT,1,1,1,19.395,19.395,19.395,7.670882295201889,144,0.0,0.5,1,-20.0,52.75343034917734,0.0024642947224384104,True,-20.0,28.658956406076005,0.004536103763095806,True,-20.0,20.414155056810994,0.006368130331048245,True,-20.0,10.91533102180899,0.011909854107058972,True,20.0,9.884530131761577,0.01315186440499342,True,20.0,9.370172633784493,0.013873810556198329,True,878.9957514196699,-8.466666666666667,-2.055632449058054,37.6575647478124
2021-05-25,19.395,20.243,17.001,19.446,2878326.676,,AVAXUSDT_daily,CRYPTO,BINANCE,USDT,1,1,1,19.446,19.446,19.446,8.068657769255559,145,0.0,0.5,1,-20.0,52.75343034917734,0.0024642947224384104,True,-20.0,28.658956406076005,0.004536103763095806,True,-20.0,20.414155056810994,0.006368130331048245,True,-20.0,10.91533102180899,0.011909854107058972,True,20.0,9.884530131761577,0.01315186440499342,True,20.0,9.370172633784493,0.013873810556198329,True,881.0496580291546,-8.466666666666667,-0.022263469966486434,37.63530127784591
2021-05-26,19.431,21.453,18.918,20.797,3101870.521,,AVAXUSDT_daily,CRYPTO,BINANCE,USDT,1,1,1,20.797,20.797,20.797,8.167724745832455,146,0.0,0.5,1,-20.0,52.75343034917734,0.0024642947224384104,True,-20.0,28.658956406076005,0.004536103763095806,True,-20.0,20.414155056810994,0.006368130331048245,True,-20.0,10.91533102180899,0.011909854107058972,True,20.0,9.884530131761577,0.01315186440499342,True,20.0,9.370172633784493,0.013873810556198329,True,932.6466821400847,-8.466666666666667,-0.5882169426445889,37.047084335201326
2021-05-27,20.794,21.198,18.717,19.118,1878833.966,,AVAXUSDT_daily,CRYPTO,BINANCE,USDT,1,1,1,19.118,19.118,19.118,8.274898650357223,147,0.0,0.5,1,-20.0,52.75343034917734,0.0024642947224384104,True,-20.0,28.658956406076005,0.004536103763095806,True,-20.0,20.414155056810994,0.006368130331048245,True,-20.0,10.91533102180899,0.011909854107058972,True,17.48599194949167,9.884530131761577,0.01315186440499342,True,20.0,9.370172633784493,0.013873810556198329,True,861.7902601973263,-8.99879837069093,0.6835376897308912,37.73062202493222
2021-05-28,19.133,19.568,16.015,16.727,2318888.923,,AVAXUSDT_daily,CRYPTO,BINANCE,USDT,1,1,1,16.727,16.727,16.727,8.386528574226366,148,0.0,0.5,1,-20.0,52.75343034917734,0.0024642947224384104,True,-20.0,28.658956406076005,0.004536103763095806,True,-20.0,20.414155056810994,0.006368130331048245,True,-20.0,10.91533102180899,0.011909854107058972,True,-20.0,9.884530131761577,0.01315186440499342,True,20.0,9.370172633784493,0.013873810556198329,True,745.8260359717134,-16.933333333333334,1.1254381684445023,38.85606019337672
2021-05-29,16.727,17.592,15.169,16.168,1260980.209,,AVAXUSDT_daily,CRYPTO,BINANCE,USDT,1,1,1,16.168,16.168,16.168,8.343199010823726,149,0.0,0.5,1,-20.0,52.75343034917734,0.0024642947224384104,True,-20.0,28.658956406076005,0.004536103763095806,True,-20.0,20.414155056810994,0.006368130331048245,True,-20.0,10.91533102180899,0.011909854107058972,True,-20.0,9.884530131761577,0.01315186440499342,True,20.0,9.370172633784493,0.013873810556198329,True,717.1490056630869,-16.933333333333334,0.5658954584404474,39.421955651817164
2021-05-30,16.194,17.468,15.101,16.518,1133881.014,,AVAXUSDT_daily,CRYPTO,BINANCE,USDT,1,1,1,16.518,16.518,16.518,8.418145800809324,150,0.0,0.5,1,-20.0,52.75343034917734,0.0024642947224384104,True,-20.0,28.658956406076005,0.004536103763095806,True,-20.0,20.414155056810994,0.006368130331048245,True,-20.0,10.91533102180899,0.011909854107058972,True,-20.0,9.884530131761577,0.01315186440499342,True,20.0,9.370172633784493,0.013873810556198329,True,735.0745782309291,-16.933333333333334,-0.3665677057562279,39.05538794606094
2021-05-31,16.504,18.198,15.671,18.14,1357131.015,,AVAXUSDT_daily,CRYPTO,BINANCE,USDT,1,1,1,18.14,18.14,18.14,8.163853855644108,151,0.0,0.5,1,-20.0,52.75343034917734,0.0024642947224384104,True,-20.0,28.658956406076005,0.004536103763095806,True,-20.0,20.414155056810994,0.006368130331048245,True,-20.0,10.91533102180899,0.011909854107058972,True,-20.0,9.884530131761577,0.01315186440499342,True,20.0,9.370172633784493,0.013873810556198329,True,810.8873019725424,-16.933333333333334,-1.662784033579531,37.392603912481405
2021-06-01,18.153,18.583,17.066,17.748,1195464.415,,AVAXUSDT_daily,CRYPTO,BINANCE,USDT,1,1,1,17.748,17.748,17.748,8.08648208122663,152,0.0,0.5,1,-20.0,52.75343034917734,0.0024642947224384104,True,-20.0,28.658956406076005,0.004536103763095806,True,-20.0,20.414155056810994,0.006368130331048245,True,-20.0,10.91533102180899,0.011909854107058972,True,-20.0,9.884530131761577,0.01315186440499342,True,20.0,9.370172633784493,0.013873810556198329,True,791.7446999640596,-16.933333333333334,0.36592429253950703,37.758528205020916
2021-06-02,17.748,19.419,17.145,18.687,1696639.301,,AVAXUSDT_daily,CRYPTO,BINANCE,USDT,1,1,1,18.687,18.687,18.687,7.739135997438049,153,0.0,0.5,1,-20.0,52.75343034917734,0.0024642947224384104,True,-20.0,28.658956406076005,0.004536103763095806,True,-20.0,20.414155056810994,0.006368130331048245,True,-20.0,10.91533102180899,0.011909854107058972,True,-20.0,9.884530131761577,0.01315186440499342,True,20.0,9.370172633784493,0.013873810556198329,True,835.971603168494,-16.933333333333334,-0.8958981293666891,36.862630075654224
2021-06-03,18.686,20.7,18.219,20.268,1754635.671,,AVAXUSDT_daily,CRYPTO,BINANCE,USDT,1,1,1,20.268,20.268,20.268,7.052487814874028,154,0.0,0.5,1,20.0,52.75343034917734,0.0024642947224384104,True,-20.0,28.658956406076005,0.004536103763095806,True,-20.0,20.414155056810994,0.006368130331048245,True,-20.0,10.91533102180899,0.011909854107058972,True,-20.0,9.884530131761577,0.01315186440499342,True,20.0,9.370172633784493,0.013873810556198329,True,905.1775874042563,-8.466666666666667,-1.4326323112324069,35.42999776442181
2021-06-04,20.247,20.55,17.41,18.243,1844859.941,,AVAXUSDT_daily,CRYPTO,BINANCE,USDT,1,1,1,18.243,18.243,18.243,6.512348613454067,155,0.0,0.5,1,-20.0,52.75343034917734,0.0024642947224384104,True,-20.0,28.658956406076005,0.004536103763095806,True,-20.0,20.414155056810994,0.006368130331048245,True,-20.0,10.91533102180899,0.011909854107058972,True,-20.0,9.884530131761577,0.01315186440499342,True,20.0,9.370172633784493,0.013873810556198329,True,806.1356430685443,-16.933333333333334,0.8459147424511555,36.27591250687297
2021-06-05,18.236,19.142,16.86,17.23,1557214.89,,AVAXUSDT_daily,CRYPTO,BINANCE,USDT,1,1,1,17.23,17.23,17.23,5.537563951394931,156,0.0,0.5,1,-20.0,52.75343034917734,0.0024642947224384104,True,-20.0,28.658956406076005,0.004536103763095806,True,-20.0,20.414155056810994,0.006368130331048245,True,-20.0,10.91533102180899,0.011909854107058972,True,-20.0,9.884530131761577,0.01315186440499342,True,20.0,9.370172633784493,0.013873810556198329,True,752.7318389524266,-16.933333333333334,0.9402766357872412,37.21618914266021
2021-06-06,17.233,18.0,17.09,17.383,747036.541,,AVAXUSDT_daily,CRYPTO,BINANCE,USDT,1,1,1,17.383,17.383,17.383,4.6519122777061055,157,0.0,0.5,1,-20.0,52.75343034917734,0.0024642947224384104,True,-20.0,28.658956406076005,0.004536103763095806,True,-20.0,20.414155056810994,0.006368130331048245,True,-20.0,10.91533102180899,0.011909854107058972,True,-20.0,9.884530131761577,0.01315186440499342,True,20.0,9.370172633784493,0.013873810556198329,True,760.896530364825,-16.933333333333334,-0.1503656413232737,37.065823501336936
2021-06-07,17.38,18.053,15.304,15.536,2846106.846,,AVAXUSDT_daily,CRYPTO,BINANCE,USDT,1,1,1,15.536,15.536,15.536,2.4856922873452136,158,0.0,0.5,1,-20.0,52.75343034917734,0.0024642947224384104,True,-20.0,28.658956406076005,0.004536103763095806,True,-20.0,20.414155056810994,0.006368130331048245,True,-20.0,10.91533102180899,0.011909854107058972,True,-20.0,9.884530131761577,0.01315186440499342,True,20.0,9.370172633784493,0.013873810556198329,True,650.1675919639604,-16.933333333333334,1.799221461581239,38.86504496291818
2021-06-08,15.533,16.048,13.639,14.792,2622746.581,,AVAXUSDT_daily,CRYPTO,BINANCE,USDT,1,1,1,14.792,14.792,14.792,2.4255168608163293,159,0.0,0.5,1,-20.0,52.75343034917734,0.0024642947224384104,True,-20.0,28.658956406076005,0.004536103763095806,True,-20.0,20.414155056810994,0.006368130331048245,True,-20.0,10.91533102180899,0.011909854107058972,True,-20.0,9.884530131761577,0.01315186440499342,True,20.0,9.370172633784493,0.013873810556198329,True,602.3991355475093,-16.933333333333334,0.8109165808444899,39.67596154376267
2021-06-09,14.803,15.765,13.65,15.4,2507532.953,,AVAXUSDT_daily,CRYPTO,BINANCE,USDT,1,1,1,15.4,15.4,15.4,1.9319107830547508,160,0.0,0.5,1,-20.0,52.75343034917734,0.0024642947224384104,True,-20.0,28.658956406076005,0.004536103763095806,True,-20.0,20.414155056810994,0.006368130331048245,True,-20.0,10.91533102180899,0.011909854107058972,True,-20.0,9.884530131761577,0.01315186440499342,True,20.0,9.370172633784493,0.013873810556198329,True,640.4451549872165,-16.933333333333334,-0.6960158644312255,38.97994567933144
2021-06-10,15.403,15.578,13.73,14.193,2406206.41,,AVAXUSDT_daily,CRYPTO,BINANCE,USDT,1,1,1,14.193,14.193,14.193,1.8664220879868798,161,0.0,0.5,1,-20.0,52.75343034917734,0.0024642947224384104,True,-20.0,28.658956406076005,0.004536103763095806,True,-20.0,20.414155056810994,0.006368130331048245,True,-20.0,10.91533102180899,0.011909854107058972,True,-20.0,9.884530131761577,0.01315186440499342,True,20.0,9.370172633784493,0.013873810556198329,True,557.4510630583175,-16.933333333333334,1.3271774891774901,40.30712316850893
2021-06-11,14.193,14.616,13.14,13.408,1985298.581,,AVAXUSDT_daily,CRYPTO,BINANCE,USDT,1,1,1,13.408,13.408,13.408,2.050683513136926,162,0.0,0.5,1,-20.0,52.75343034917734,0.0024642947224384104,True,-20.0,28.658956406076005,0.004536103763095806,True,-20.0,20.414155056810994,0.006368130331048245,True,-20.0,10.91533102180899,0.011909854107058972,True,-20.0,9.884530131761577,0.01315186440499342,True,20.0,9.370172633784493,0.013873810556198329,True,499.26723098243264,-16.933333333333334,0.9365649733436666,41.243688141852594
2021-06-12,13.423,14.0,12.638,13.545,1721108.689,,AVAXUSDT_daily,CRYPTO,BINANCE,USDT,1,1,1,13.545,13.545,13.545,2.1845396455905446,163,0.0,0.5,1,-20.0,52.75343034917734,0.0024642947224384104,True,-20.0,28.658956406076005,0.004536103763095806,True,-20.0,20.414155056810994,0.006368130331048245,True,-20.0,10.91533102180899,0.011909854107058972,True,-20.0,9.884530131761577,0.01315186440499342,True,20.0,9.370172633784493,0.013873810556198329,True,509.51201072868656,-16.933333333333334,-0.1730210819411285,41.070667059911464
2021-06-13,13.551,14.999,13.241,14.761,1905070.736,,AVAXUSDT_daily,CRYPTO,BINANCE,USDT,1,1,1,14.761,14.761,14.761,2.178194530000769,164,0.0,0.5,1,-20.0,52.75343034917734,0.0024642947224384104,True,-20.0,28.658956406076005,0.004536103763095806,True,-20.0,20.414155056810994,0.006368130331048245,True,-20.0,10.91533102180899,0.011909854107058972,True,-20.0,9.884530131761577,0.01315186440499342,True,20.0,9.370172633784493,0.013873810556198329,True,592.4814167937667,-16.933333333333334,-1.5201870308847034,39.55048002902676
2021-06-14,14.762,15.419,14.371,15.113,1753753.579,,AVAXUSDT_daily,CRYPTO,BINANCE,USDT,1,1,1,15.113,15.113,15.113,2.127085994722901,165,0.0,0.5,1,-20.0,52.75343034917734,0.0024642947224384104,True,-20.0,28.658956406076005,0.004536103763095806,True,-20.0,20.414155056810994,0.006368130331048245,True,-20.0,10.91533102180899,0.011909854107058972,True,-20.0,9.884530131761577,0.01315186440499342,True,20.0,9.370172633784493,0.013873810556198329,True,616.3673009388712,-16.933333333333334,-0.40380281372084187,39.146677215305914
2021-06-15,15.111,15.632,14.581,14.714,1618961.454,,AVAXUSDT_daily,CRYPTO,BINANCE,USDT,1,1,1,14.714,14.714,14.714,1.9349578643580414,166,0.0,0.5,1,-20.0,52.75343034917734,0.0024642947224384104,True,-20.0,28.658956406076005,0.004536103763095806,True,-20.0,20.414155056810994,0.006368130331048245,True,-20.0,10.91533102180899,0.011909854107058972,True,-20.0,9.884530131761577,0.01315186440499342,True,20.0,9.370172633784493,0.013873810556198329,True,587.9920005319101,-16.933333333333334,0.4470588235294115,39.593736038835324
2021-06-16,14.715,14.951,13.913,14.078,1593156.605,,AVAXUSDT_daily,CRYPTO,BINANCE,USDT,1,1,1,14.078,14.078,14.078,1.8878562724058396,167,0.0,0.5,1,-20.0,52.75343034917734,0.0024642947224384104,True,-20.0,28.658956406076005,0.004536103763095806,True,-20.0,20.414155056810994,0.006368130331048245,True,-20.0,10.91533102180899,0.011909854107058972,True,-20.0,9.884530131761577,0.01315186440499342,True,20.0,9.370172633784493,0.013873810556198329,True,539.8625462177689,-16.933333333333334,0.7319287753160275,40.32566481415135
2021-06-17,14.081,15.498,14.02,14.844,2176578.341,,AVAXUSDT_daily,CRYPTO,BINANCE,USDT,1,1,1,14.844,14.844,14.844,1.9035412836132453,168,0.0,0.5,1,-20.0,52.75343034917734,0.0024642947224384104,True,-20.0,28.658956406076005,0.004536103763095806,True,-20.0,20.414155056810994,0.006368130331048245,True,-20.0,10.91533102180899,0.011909854107058972,True,-20.0,9.884530131761577,0.01315186440499342,True,20.0,9.370172633784493,0.013873810556198329,True,595.3228891465086,-16.933333333333334,-0.921361935881042,39.40430287827031
2021-06-18,14.858,15.3,13.1,13.64,1646645.548,,AVAXUSDT_daily,CRYPTO,BINANCE,USDT,1,1,1,13.64,13.64,13.64,1.9770014369185092,169,0.0,0.5,1,-20.0,52.75343034917734,0.0024642947224384104,True,-20.0,28.658956406076005,0.004536103763095806,True,-20.0,20.414155056810994,0.006368130331048245,True,-20.0,10.91533102180899,0.011909854107058972,True,-20.0,9.884530131761577,0.01315186440499342,True,20.0,9.370172633784493,0.013873810556198329,True,499.8585115617441,-16.933333333333334,1.3734662714452524,40.77776914971556
2021-06-19,13.635,14.04,13.209,13.383,677502.975,,AVAXUSDT_daily,CRYPTO,BINANCE,USDT,1,1,1,13.383,13.383,13.383,2.0493858669313214,170,0.0,0.5,1,-20.0,52.75343034917734,0.0024642947224384104,True,-20.0,28.658956406076005,0.004536103763095806,True,-20.0,20.414155056810994,0.006368130331048245,True,-20.0,10.91533102180899,0.011909854107058972,True,-20.0,9.884530131761577,0.01315186440499342,True,20.0,9.370172633784493,0.013873810556198329,True,478.66278943173677,-16.933333333333334,0.3190518084066483,41.09682095812221
2021-06-20,13.374,14.188,12.783,13.917,1178226.514,,AVAXUSDT_daily,CRYPTO,BINANCE,USDT,1,1,1,13.917,13.917,13.917,2.007886196056608,171,0.0,0.5,1,-20.0,52.75343034917734,0.0024642947224384104,True,-20.0,28.658956406076005,0.004536103763095806,True,-20.0,20.414155056810994,0.006368130331048245,True,-20.0,10.91533102180899,0.011909854107058972,True,-20.0,9.884530131761577,0.01315186440499342,True,20.0,9.370172633784493,0.013873810556198329,True,521.5314502007824,-16.933333333333334,-0.675663154748564,40.421157803373646
2021-06-21,13.914,14.069,11.077,11.2,2203255.627,,AVAXUSDT_daily,CRYPTO,BINANCE,USDT,1,1,1,11.2,11.2,11.2,2.1578669017778513,172,0.0,0.5,1,-20.0,52.75343034917734,0.0024642947224384104,True,-20.0,28.658956406076005,0.004536103763095806,True,-20.0,20.414155056810994,0.006368130331048245,True,-20.0,10.91533102180899,0.011909854107058972,True,-20.0,9.884530131761577,0.01315186440499342,True,20.0,9.370172633784493,0.013873810556198329,True,269.2318648063724,-16.933333333333334,3.305875308375848,43.72703311174949
2021-06-22,11.19,11.764,9.325,10.578,3283390.301,,AVAXUSDT_daily,CRYPTO,BINANCE,USDT,1,1,1,10.578,10.578,10.578,2.232050911982758,173,0.0,0.5,1,-20.0,52.75343034917734,0.0024642947224384104,True,-20.0,28.658956406076005,0.004536103763095806,True,-20.0,20.414155056810994,0.006368130331048245,True,-20.0,10.91533102180899,0.011909854107058972,True,-20.0,9.884530131761577,0.01315186440499342,True,20.0,9.370172633784493,0.013873810556198329,True,206.97607379996484,-16.933333333333334,0.9404047619047612,44.66743787365425
2021-06-23,10.585,11.899,10.15,11.456,2090766.333,,AVAXUSDT_daily,CRYPTO,BINANCE,USDT,1,1,1,11.456,11.456,11.456,1.950153437957582,174,0.0,0.5,1,-20.0,52.75343034917734,0.0024642947224384104,True,-20.0,28.658956406076005,0.004536103763095806,True,-20.0,20.414155056810994,0.006368130331048245,True,-20.0,10.91533102180899,0.011909854107058972,True,-20.0,9.884530131761577,0.01315186440499342,True,20.0,9.370172633784493,0.013873810556198329,True,287.48018143814954,-16.933333333333334,-1.4055082876410154,43.26192958601324
2021-06-24,11.467,11.757,10.822,11.493,1288733.896,,AVAXUSDT_daily,CRYPTO,BINANCE,USDT,1,1,1,11.493,11.493,11.493,1.8247883107215979,175,0.0,0.5,1,-20.0,52.75343034917734,0.0024642947224384104,True,-20.0,28.658956406076005,0.004536103763095806,True,-20.0,20.414155056810994,0.006368130331048245,True,-20.0,10.91533102180899,0.011909854107058972,True,-20.0,9.884530131761577,0.01315186440499342,True,20.0,9.370172633784493,0.013873810556198329,True,290.9290823201361,-16.933333333333334,-0.05469040968342928,43.20723917632981
2021-06-25,11.499,11.756,10.2,10.235,1369495.419,,AVAXUSDT_daily,CRYPTO,BINANCE,USDT,1,1,1,10.235,10.235,10.235,1.8499998143666645,176,0.0,0.5,1,-20.0,52.75343034917734,0.0024642947224384104,True,-20.0,28.658956406076005,0.004536103763095806,True,-20.0,20.414155056810994,0.006368130331048245,True,-20.0,10.91533102180899,0.011909854107058972,True,-20.0,9.884530131761577,0.01315186440499342,True,-7.2255644524968785,9.370172633784493,0.013873810556198329,True,159.58618080678406,-20.0,1.853487630151688,45.0607268064815
2021-06-26,10.238,10.6,9.784,10.318,1136001.579,,AVAXUSDT_daily,CRYPTO,BINANCE,USDT,1,1,1,10.318,10.318,10.318,1.7795824347593583,177,0.0,0.5,1,-20.0,52.75343034917734,0.0024642947224384104,True,-20.0,28.658956406076005,0.004536103763095806,True,-20.0,20.414155056810994,0.006368130331048245,True,-20.0,10.91533102180899,0.011909854107058972,True,-20.0,9.884530131761577,0.01315186440499342,True,-20.0,9.370172633784493,0.013873810556198329,True,168.34091179181658,-20.0,-0.16218856863702946,44.89853823784447
2021-06-27,10.317,10.98,10.087,10.941,692604.829,,AVAXUSDT_daily,CRYPTO,BINANCE,USDT,1,1,1,10.941,10.941,10.941,1.7764302014222477,178,0.0,0.5,1,-20.0,52.75343034917734,0.0024642947224384104,True,-20.0,28.658956406076005,0.004536103763095806,True,-20.0,20.414155056810994,0.006368130331048245,True,-20.0,10.91533102180899,0.011909854107058972,True,-20.0,9.884530131761577,0.01315186440499342,True,-20.0,9.370172633784493,0.013873810556198329,True,230.49515413048601,-20.0,-1.2075983717774763,43.69093986606699
2021-06-28,10.953,11.469,10.694,11.322,1022964.874,,AVAXUSDT_daily,CRYPTO,BINANCE,USDT,1,1,1,11.322,11.322,11.322,1.7719730149717963,179,0.0,0.5,1,-20.0,52.75343034917734,0.0024642947224384104,True,-20.0,28.658956406076005,0.004536103763095806,True,-20.0,20.414155056810994,0.006368130331048245,True,-20.0,10.91533102180899,0.011909854107058972,True,-20.0,9.884530131761577,0.01315186440499342,True,-20.0,9.370172633784493,0.013873810556198329,True,267.72938033956063,-20.0,-0.6964628461749367,42.99447701989205
2021-06-29,11.333,12.348,11.077,11.92,1388415.123,,AVAXUSDT_daily,CRYPTO,BINANCE,USDT,1,1,1,11.92,11.92,11.92,1.6850789603547767,180,0.0,0.5,1,20.0,52.75343034917734,0.0024642947224384104,True,-20.0,28.658956406076005,0.004536103763095806,True,-20.0,20.414155056810994,0.006368130331048245,True,-20.0,10.91533102180899,0.011909854107058972,True,-20.0,9.884530131761577,0.01315186440499342,True,-20.0,9.370172633784493,0.013873810556198329,True,323.70521532277394,-16.933333333333334,-1.056350468115177,41.938126551776875
2021-06-30,11.921,12.166,11.035,11.949,1137246.751,,AVAXUSDT_daily,CRYPTO,BINANCE,USDT,1,1,1,11.949,11.949,11.949,1.658647923523638,181,0.0,0.5,1,20.0,52.75343034917734,0.0024642947224384104,True,-20.0,28.658956406076005,0.004536103763095806,True,-20.0,20.414155056810994,0.006368130331048245,True,-20.0,10.91533102180899,0.011909854107058972,True,-20.0,9.884530131761577,0.01315186440499342,True,-20.0,9.370172633784493,0.013873810556198329,True,326.46779915353636,-16.933333333333334,-0.04119686800894898,41.89692968376793
2021-07-01,11.94,12.08,11.0,11.181,717086.767,,AVAXUSDT_daily,CRYPTO,BINANCE,USDT,1,1,1,11.181,11.181,11.181,1.6790562324048863,182,0.0,0.5,1,-20.0,52.75343034917734,0.0024642947224384104,True,-20.0,28.658956406076005,0.004536103763095806,True,-20.0,20.414155056810994,0.006368130331048245,True,-20.0,10.91533102180899,0.011909854107058972,True,-20.0,9.884530131761577,0.01315186440499342,True,-20.0,9.370172633784493,0.013873810556198329,True,247.4960253591879,-20.0,1.0883588584818817,42.98528854224981
2021-07-02,11.19,11.355,10.572,11.112,979100.755,,AVAXUSDT_daily,CRYPTO,BINANCE,USDT,1,1,1,11.112,11.112,11.112,1.6897052335583647,183,0.0,0.5,1,-20.0,52.75343034917734,0.0024642947224384104,True,-20.0,28.658956406076005,0.004536103763095806,True,-20.0,20.414155056810994,0.006368130331048245,True,-20.0,10.91533102180899,0.011909854107058972,True,-20.0,9.884530131761577,0.01315186440499342,True,-20.0,9.370172633784493,0.013873810556198329,True,240.2127855126038,-20.0,0.12342366514622949,43.10871220739604
2021-07-03,11.117,11.676,10.878,11.509,737397.368,,AVAXUSDT_daily,CRYPTO,BINANCE,USDT,1,1,1,11.509,11.509,11.509,1.605716146999703,184,0.0,0.5,1,-20.0,52.75343034917734,0.0024642947224384104,True,-20.0,28.658956406076005,0.004536103763095806,True,-20.0,20.414155056810994,0.006368130331048245,True,-20.0,10.91533102180899,0.011909854107058972,True,-20.0,9.884530131761577,0.01315186440499342,True,-20.0,9.370172633784493,0.013873810556198329,True,281.1916609257223,-20.0,-0.7145428365730755,42.394169370822965
2021-07-04,11.499,12.9,11.21,12.345,1361790.033,,AVAXUSDT_daily,CRYPTO,BINANCE,USDT,1,1,1,12.345,12.345,12.345,1.4580173587511829,185,0.0,0.5,1,20.0,52.75343034917734,0.0024642947224384104,True,-20.0,28.658956406076005,0.004536103763095806,True,-20.0,20.414155056810994,0.006368130331048245,True,-20.0,10.91533102180899,0.011909854107058972,True,-20.0,9.884530131761577,0.01315186440499342,True,-20.0,9.370172633784493,0.013873810556198329,True,361.4736710801459,-16.933333333333334,-1.45277608827874,40.941393282544226
2021-07-05,12.342,12.44,11.519,12.042,1408712.788,,AVAXUSDT_daily,CRYPTO,BINANCE,USDT,1,1,1,12.042,12.042,12.042,1.322675489301407,186,0.0,0.5,1,20.0,52.75343034917734,0.0024642947224384104,True,-20.0,28.658956406076005,0.004536103763095806,True,-20.0,20.414155056810994,0.006368130331048245,True,-20.0,10.91533102180899,0.011909854107058972,True,-20.0,9.884530131761577,0.01315186440499342,True,-20.0,9.370172633784493,0.013873810556198329,True,331.09793418185626,-16.933333333333334,0.41561765897124414,41.35701094151547
2021-07-06,12.041,14.226,12.026,13.384,2391422.133,,AVAXUSDT_daily,CRYPTO,BINANCE,USDT,1,1,1,13.384,13.384,13.384,1.2727086934643634,187,0.0,0.5,1,20.0,52.75343034917734,0.0024642947224384104,True,20.0,28.658956406076005,0.004536103763095806,True,-20.0,20.414155056810994,0.006368130331048245,True,-20.0,10.91533102180899,0.011909854107058972,True,-20.0,9.884530131761577,0.01315186440499342,True,-20.0,9.370172633784493,0.013873810556198329,True,449.0344381905364,-8.466666666666667,-1.8871062392736544,39.46990470224181
2021-07-07,13.369,14.2,13.04,13.105,2048553.788,,AVAXUSDT_daily,CRYPTO,BINANCE,USDT,1,1,1,13.105,13.105,13.105,1.1131598693519063,188,0.0,0.5,1,20.0,52.75343034917734,0.0024642947224384104,True,20.0,28.658956406076005,0.004536103763095806,True,-20.0,20.414155056810994,0.006368130331048245,True,-20.0,10.91533102180899,0.011909854107058972,True,-20.0,9.884530131761577,0.01315186440499342,True,-20.0,9.370172633784493,0.013873810556198329,True,423.53951407098515,-8.466666666666667,0.17649432157800346,39.64639902381982
2021-07-08,13.091,13.118,11.838,12.098,1467700.322,,AVAXUSDT_daily,CRYPTO,BINANCE,USDT,1,1,1,12.098,12.098,12.098,1.0333011687121354,189,0.0,0.5,1,20.0,52.75343034917734,0.0024642947224384104,True,20.0,28.658956406076005,0.004536103763095806,True,-20.0,20.414155056810994,0.006368130331048245,True,-20.0,10.91533102180899,0.011909854107058972,True,-20.0,9.884530131761577,0.01315186440499342,True,-20.0,9.370172633784493,0.013873810556198329,True,324.011201972138,-8.466666666666667,0.650586290220018,40.29698531403984
2021-07-09,12.093,12.88,11.639,12.552,1365886.913,,AVAXUSDT_daily,CRYPTO,BINANCE,USDT,1,1,1,12.552,12.552,12.552,0.9805759464930855,190,0.0,0.5,1,20.0,52.75343034917734,0.0024642947224384104,True,20.0,28.658956406076005,0.004536103763095806,True,-20.0,20.414155056810994,0.006368130331048245,True,-20.0,10.91533102180899,0.011909854107058972,True,-20.0,9.884530131761577,0.01315186440499342,True,-20.0,9.370172633784493,0.013873810556198329,True,367.8672749952217,-8.466666666666667,-0.3177274480630395,39.9792578659768
2021-07-10,12.559,12.851,11.838,12.015,729693.403,,AVAXUSDT_daily,CRYPTO,BINANCE,USDT,1,1,1,12.015,12.015,12.015,0.8397139785594703,191,0.0,0.5,1,-20.0,52.75343034917734,0.0024642947224384104,True,-20.0,28.658956406076005,0.004536103763095806,True,-20.0,20.414155056810994,0.006368130331048245,True,-20.0,10.91533102180899,0.011909854107058972,True,-20.0,9.884530131761577,0.01315186440499342,True,-20.0,9.370172633784493,0.013873810556198329,True,312.953512718987,-20.0,0.36222115997450566,40.3414790259513
2021-07-11,12.023,12.49,11.912,12.433,574831.74,,AVAXUSDT_daily,CRYPTO,BINANCE,USDT,1,1,1,12.433,12.433,12.433,0.8510691356657897,192,0.0,0.5,1,4.527789044631964,52.75343034917734,0.0024642947224384104,True,-4.4846044655807,28.658956406076005,0.004536103763095806,True,-20.0,20.414155056810994,0.006368130331048245,True,-20.0,10.91533102180899,0.011909854107058972,True,-20.0,9.884530131761577,0.01315186440499342,True,-20.0,9.370172633784493,0.013873810556198329,True,354.84719969322185,-16.92419259743415,-0.6957969205160186,39.645682105435284
2021-07-12,12.437,12.841,11.7,12.157,1105226.312,,AVAXUSDT_daily,CRYPTO,BINANCE,USDT,1,1,1,12.157,12.157,12.157,0.8139976900903292,193,0.0,0.5,1,-20.0,52.75343034917734,0.0024642947224384104,True,-20.0,28.658956406076005,0.004536103763095806,True,-20.0,20.414155056810994,0.006368130331048245,True,-20.0,10.91533102180899,0.011909854107058972,True,-20.0,9.884530131761577,0.01315186440499342,True,-20.0,9.370172633784493,0.013873810556198329,True,326.0533522370198,-20.0,0.3756999241447611,40.021382029580046
2021-07-13,12.162,12.434,11.744,11.91,937209.081,,AVAXUSDT_daily,CRYPTO,BINANCE,USDT,1,1,1,11.91,11.91,11.91,0.810859483899823,194,0.0,0.5,1,-20.0,52.75343034917734,0.0024642947224384104,True,-20.0,28.658956406076005,0.004536103763095806,True,-20.0,20.414155056810994,0.006368130331048245,True,-20.0,10.91533102180899,0.011909854107058972,True,-20.0,9.884530131761577,0.01315186440499342,True,-20.0,9.370172633784493,0.013873810556198329,True,299.27466620919313,-20.0,0.40635025088426424,40.42773228046431
2021-07-14,11.916,12.11,11.111,11.793,916149.504,,AVAXUSDT_daily,CRYPTO,BINANCE,USDT,1,1,1,11.793,11.793,11.793,0.8076293753284647,195,0.0,0.5,1,-20.0,52.75343034917734,0.0024642947224384104,True,-20.0,28.658956406076005,0.004536103763095806,True,-20.0,20.414155056810994,0.006368130331048245,True,-20.0,10.91533102180899,0.011909854107058972,True,-20.0,9.884530131761577,0.01315186440499342,True,-20.0,9.370172633784493,0.013873810556198329,True,286.2193694302711,-20.0,0.19647355163728175,40.624205832101595
2021-07-15,11.791,12.102,11.128,11.391,799151.217,,AVAXUSDT_daily,CRYPTO,BINANCE,USDT,1,1,1,11.391,11.391,11.391,0.7257363066850223,196,0.0,0.5,1,-20.0,52.75343034917734,0.0024642947224384104,True,-20.0,28.658956406076005,0.004536103763095806,True,-20.0,20.414155056810994,0.006368130331048245,True,-20.0,10.91533102180899,0.011909854107058972,True,-20.0,9.884530131761577,0.01315186440499342,True,-20.0,9.370172633784493,0.013873810556198329,True,239.0878477345564,-20.0,0.6817603663190019,41.3059661984206
2021-07-16,11.391,11.82,10.8,10.814,869808.847,,AVAXUSDT_daily,CRYPTO,BINANCE,USDT,1,1,1,10.814,10.814,10.814,0.6765812881482881,197,0.0,0.5,1,-20.0,52.75343034917734,0.0024642947224384104,True,-20.0,28.658956406076005,0.004536103763095806,True,-20.0,20.414155056810994,0.006368130331048245,True,-20.0,10.91533102180899,0.011909854107058972,True,-20.0,9.884530131761577,0.01315186440499342,True,-20.0,9.370172633784493,0.013873810556198329,True,167.1595206426512,-20.0,1.0130805021508205,42.31904670057142
2021-07-17,10.816,11.144,10.716,10.958,588168.81,,AVAXUSDT_daily,CRYPTO,BINANCE,USDT,1,1,1,10.958,10.958,10.958,0.6753243665074679,198,0.0,0.5,1,-20.0,52.75343034917734,0.0024642947224384104,True,-20.0,28.658956406076005,0.004536103763095806,True,-20.0,20.414155056810994,0.006368130331048245,True,-20.0,10.91533102180899,0.011909854107058972,True,-20.0,9.884530131761577,0.01315186440499342,True,-20.0,9.370172633784493,0.013873810556198329,True,185.1688086579747,-20.0,-0.2663214351766241,42.0527252653948
2021-07-18,10.956,11.275,10.65,10.69,669471.278,,AVAXUSDT_daily,CRYPTO,BINANCE,USDT,1,1,1,10.69,10.69,10.69,0.717253893239439,199,0.0,0.5,1,-20.0,52.75343034917734,0.0024642947224384104,True,-20.0,28.658956406076005,0.004536103763095806,True,-20.0,20.414155056810994,0.006368130331048245,True,-20.0,10.91533102180899,0.011909854107058972,True,-20.0,9.884530131761577,0.01315186440499342,True,-20.0,9.370172633784493,0.013873810556198329,True,150.2206950482097,-20.0,0.48914035407921386,42.54186561947401
2021-07-19,10.69,10.757,10.01,10.183,613091.689,,AVAXUSDT_daily,CRYPTO,BINANCE,USDT,1,1,1,10.183,10.183,10.183,0.809805855549908,200,0.0,0.5,1,-20.0,52.75343034917734,0.0024642947224384104,True,-20.0,28.658956406076005,0.004536103763095806,True,-20.0,20.414155056810994,0.006368130331048245,True,-20.0,10.91533102180899,0.011909854107058972,True,-20.0,9.884530131761577,0.01315186440499342,True,-20.0,9.370172633784493,0.013873810556198329,True,80.09372097577673,-20.0,0.9485500467726848,43.4904156662467
2021-07-20,10.186,10.366,9.327,9.639,784232.566,,AVAXUSDT_daily,CRYPTO,BINANCE,USDT,1,1,1,9.639,9.639,9.639,0.9390165894497612,201,0.0,0.5,1,-20.0,52.75343034917734,0.0024642947224384104,True,-20.0,28.658956406076005,0.004536103763095806,True,-20.0,20.414155056810994,0.006368130331048245,True,-20.0,10.91533102180899,0.011909854107058972,True,-20.0,9.884530131761577,0.01315186440499342,True,-20.0,9.370172633784493,0.013873810556198329,True,-0.072295304963788,-20.0,1.0684474123539234,44.55886307860062
2021-07-21,9.647,10.752,9.473,10.425,994914.755,,AVAXUSDT_daily,CRYPTO,BINANCE,USDT,1,1,1,10.425,10.425,10.425,0.9741093030092814,202,0.0,0.5,1,-20.0,52.75343034917734,0.0024642947224384104,True,-20.0,28.658956406076005,0.004536103763095806,True,-20.0,20.414155056810994,0.006368130331048245,True,-20.0,10.91533102180899,0.011909854107058972,True,-20.0,9.884530131761577,0.01315186440499342,True,-20.0,9.370172633784493,0.013873810556198329,True,104.04888336726069,-20.0,-1.6308745720510442,42.92798850654958
2021-07-22,10.44,10.96,10.238,10.833,879782.503,,AVAXUSDT_daily,CRYPTO,BINANCE,USDT,1,1,1,10.833,10.833,10.833,0.9838331908240961,203,0.0,0.5,1,-20.0,52.75343034917734,0.0024642947224384104,True,-20.0,28.658956406076005,0.004536103763095806,True,-20.0,20.414155056810994,0.006368130331048245,True,-20.0,10.91533102180899,0.011909854107058972,True,-20.0,9.884530131761577,0.01315186440499342,True,-20.0,9.370172633784493,0.013873810556198329,True,156.4629487588772,-20.0,-0.7827338129496386,42.145254693599945
2021-07-23,10.84,11.174,10.53,11.086,695996.732,,AVAXUSDT_daily,CRYPTO,BINANCE,USDT,1,1,1,11.086,11.086,11.086,0.9907272860186391,204,0.0,0.5,1,20.0,52.75343034917734,0.0024642947224384104,True,-20.0,28.658956406076005,0.004536103763095806,True,-20.0,20.414155056810994,0.006368130331048245,True,-20.0,10.91533102180899,0.011909854107058972,True,-20.0,9.884530131761577,0.01315186440499342,True,-20.0,9.370172633784493,0.013873810556198329,True,188.68640490741132,-16.933333333333334,-0.4670912951167727,41.67816339848317
2021-07-24,11.092,11.447,10.954,11.142,839109.691,,AVAXUSDT_daily,CRYPTO,BINANCE,USDT,1,1,1,11.142,11.142,11.142,0.9790963879214362,205,0.0,0.5,1,20.0,52.75343034917734,0.0024642947224384104,True,-20.0,28.658956406076005,0.004536103763095806,True,-20.0,20.414155056810994,0.006368130331048245,True,-20.0,10.91533102180899,0.011909854107058972,True,-20.0,9.884530131761577,0.01315186440499342,True,-20.0,9.370172633784493,0.013873810556198329,True,195.91219156868794,-16.933333333333334,-0.08553731433038392,41.59262608415279
2021-07-25,11.142,11.339,10.765,11.247,601383.149,,AVAXUSDT_daily,CRYPTO,BINANCE,USDT,1,1,1,11.247,11.247,11.247,0.9734443392293387,206,0.0,0.5,1,20.0,52.75343034917734,0.0024642947224384104,True,-20.0,28.658956406076005,0.004536103763095806,True,-20.0,20.414155056810994,0.006368130331048245,True,-20.0,10.91533102180899,0.011909854107058972,True,-20.0,9.884530131761577,0.01315186440499342,True,-20.0,9.370172633784493,0.013873810556198329,True,209.56980497976343,-16.933333333333334,-0.15957637767007724,41.43304970648271
2021-07-26,11.247,12.7,11.213,11.46,2057987.325,,AVAXUSDT_daily,CRYPTO,BINANCE,USDT,1,1,1,11.46,11.46,11.46,0.8658260719340796,207,0.0,0.5,1,20.0,52.75343034917734,0.0024642947224384104,True,-1.193819090328204,28.658956406076005,0.004536103763095806,True,-20.0,20.414155056810994,0.006368130331048245,True,-20.0,10.91533102180899,0.011909854107058972,True,-20.0,9.884530131761577,0.01315186440499342,True,-20.0,9.370172633784493,0.013873810556198329,True,237.18546181558014,-12.952691707452804,-0.32068996176758435,41.11235974471513
2021-07-27,11.455,12.352,11.175,11.917,977794.901,,AVAXUSDT_daily,CRYPTO,BINANCE,USDT,1,1,1,11.917,11.917,11.917,0.7788297749956296,208,0.0,0.5,1,20.0,52.75343034917734,0.0024642947224384104,True,20.0,28.658956406076005,0.004536103763095806,True,-20.0,20.414155056810994,0.006368130331048245,True,-20.0,10.91533102180899,0.011909854107058972,True,-20.0,9.884530131761577,0.01315186440499342,True,-20.0,9.370172633784493,0.013873810556198329,True,294.6181167266441,-8.466666666666667,-0.51652531503542,40.595834429679705
2021-07-28,11.921,12.485,11.691,12.32,1510307.384,,AVAXUSDT_daily,CRYPTO,BINANCE,USDT,1,1,1,12.32,12.32,12.32,0.7917195725619255,209,0.0,0.5,1,20.0,52.75343034917734,0.0024642947224384104,True,20.0,28.658956406076005,0.004536103763095806,True,-20.0,20.414155056810994,0.006368130331048245,True,-20.0,10.91533102180899,0.011909854107058972,True,-20.0,9.884530131761577,0.01315186440499342,True,-20.0,9.370172633784493,0.013873810556198329,True,344.17267971057714,-8.466666666666667,-0.2863192637968174,40.309515165882885
2021-07-29,12.331,12.65,11.98,12.433,1634174.61,,AVAXUSDT_daily,CRYPTO,BINANCE,USDT,1,1,1,12.433,12.433,12.433,0.7825914508516297,210,0.0,0.5,1,20.0,52.75343034917734,0.0024642947224384104,True,20.0,28.658956406076005,0.004536103763095806,True,-20.0,20.414155056810994,0.006368130331048245,True,-20.0,10.91533102180899,0.011909854107058972,True,-20.0,9.884530131761577,0.01315186440499342,True,-20.0,9.370172633784493,0.013873810556198329,True,358.1847658332592,-8.466666666666667,-0.07765692640692587,40.23185823947596
2021-07-30,12.433,13.0,11.93,12.978,1572248.756,,AVAXUSDT_daily,CRYPTO,BINANCE,USDT,1,1,1,12.978,12.978,12.978,0.8526478556755805,211,0.0,0.5,1,20.0,52.75343034917734,0.0024642947224384104,True,20.0,28.658956406076005,0.004536103763095806,True,20.0,20.414155056810994,0.006368130331048245,True,-20.0,10.91533102180899,0.011909854107058972,True,-20.0,9.884530131761577,0.01315186440499342,True,-20.0,9.370172633784493,0.013873810556198329,True,423.37884702507546,0.0,-0.3711359553875442,39.86072228408842
2021-07-31,12.978,13.63,12.585,13.525,1248768.221,,AVAXUSDT_daily,CRYPTO,BINANCE,USDT,1,1,1,13.525,13.525,13.525,0.9520871518592907,212,0.0,0.5,1,20.0,52.75343034917734,0.0024642947224384104,True,20.0,28.658956406076005,0.004536103763095806,True,20.0,20.414155056810994,0.006368130331048245,True,-20.0,10.91533102180899,0.011909854107058972,True,-20.0,9.884530131761577,0.01315186440499342,True,-20.0,9.370172633784493,0.013873810556198329,True,486.72002992161526,0.0,0.0,39.86072228408842
2021-08-01,13.535,14.077,12.617,12.853,1860616.438,,AVAXUSDT_daily,CRYPTO,BINANCE,USDT,1,1,1,12.853,12.853,12.853,0.9913881429584959,213,0.0,0.5,1,20.0,52.75343034917734,0.0024642947224384104,True,20.0,28.658956406076005,0.004536103763095806,True,20.0,20.414155056810994,0.006368130331048245,True,-20.0,10.91533102180899,0.011909854107058972,True,-20.0,9.884530131761577,0.01315186440499342,True,-20.0,9.370172633784493,0.013873810556198329,True,405.3487739494603,0.0,-0.0,39.86072228408842
2021-08-02,12.846,13.374,12.616,12.993,928801.989,,AVAXUSDT_daily,CRYPTO,BINANCE,USDT,1,1,1,12.993,12.993,12.993,1.0442854016018308,214,0.0,0.5,1,20.0,52.75343034917734,0.0024642947224384104,True,20.0,28.658956406076005,0.004536103763095806,True,20.0,20.414155056810994,0.006368130331048245,True,-20.0,10.91533102180899,0.011909854107058972,True,-20.0,9.884530131761577,0.01315186440499342,True,-20.0,9.370172633784493,0.013873810556198329,True,422.4104813768025,0.0,0.0,39.86072228408842
2021-08-03,12.992,13.522,12.325,12.557,1198368.484,,AVAXUSDT_daily,CRYPTO,BINANCE,USDT,1,1,1,12.557,12.557,12.557,1.06796341352608,215,0.0,0.5,1,20.0,52.75343034917734,0.0024642947224384104,True,20.0,28.658956406076005,0.004536103763095806,True,20.0,20.414155056810994,0.006368130331048245,True,-20.0,10.91533102180899,0.011909854107058972,True,-20.0,9.884530131761577,0.01315186440499342,True,-20.0,9.370172633784493,0.013873810556198329,True,367.0889869695429,0.0,-0.0,39.86072228408842
2021-08-04,12.568,13.78,12.41,13.696,1246721.964,,AVAXUSDT_daily,CRYPTO,BINANCE,USDT,1,1,1,13.696,13.696,13.696,1.167147060367723,216,0.0,0.5,1,20.0,52.75343034917734,0.0024642947224384104,True,20.0,28.658956406076005,0.004536103763095806,True,20.0,20.414155056810994,0.006368130331048245,True,-20.0,10.91533102180899,0.011909854107058972,True,-20.0,9.884530131761577,0.01315186440499342,True,-20.0,9.370172633784493,0.013873810556198329,True,494.9621201653774,0.0,0.0,39.86072228408842
2021-08-05,13.696,14.0,12.849,13.834,1372439.967,,AVAXUSDT_daily,CRYPTO,BINANCE,USDT,1,1,1,13.834,13.834,13.834,1.2412038924488935,217,0.0,0.5,1,20.0,52.75343034917734,0.0024642947224384104,True,20.0,28.658956406076005,0.004536103763095806,True,20.0,20.414155056810994,0.006368130331048245,True,-20.0,10.91533102180899,0.011909854107058972,True,-20.0,9.884530131761577,0.01315186440499342,True,-20.0,9.370172633784493,0.013873810556198329,True,510.5741175843963,0.0,0.0,39.86072228408842
2021-08-06,13.834,15.08,13.388,14.77,2108094.949,,AVAXUSDT_daily,CRYPTO,BINANCE,USDT,1,1,1,14.77,14.77,14.77,1.3834240692072222,218,0.0,0.5,1,20.0,52.75343034917734,0.0024642947224384104,True,20.0,28.658956406076005,0.004536103763095806,True,20.0,20.414155056810994,0.006368130331048245,True,-20.0,10.91533102180899,0.011909854107058972,True,-20.0,9.884530131761577,0.01315186440499342,True,-20.0,9.370172633784493,0.013873810556198329,True,609.1376250515559,0.0,0.0,39.86072228408842
2021-08-07,14.774,15.952,14.612,15.834,2346816.422,,AVAXUSDT_daily,CRYPTO,BINANCE,USDT,1,1,1,15.834,15.834,15.834,1.5848781083792445,219,0.0,0.5,1,20.0,52.75343034917734,0.0024642947224384104,True,20.0,28.658956406076005,0.004536103763095806,True,20.0,20.414155056810994,0.006368130331048245,True,-20.0,10.91533102180899,0.011909854107058972,True,-20.0,9.884530131761577,0.01315186440499342,True,-20.0,9.370172633784493,0.013873810556198329,True,712.9946783023158,0.0,0.0,39.86072228408842
2021-08-08,15.85,16.1,14.557,14.826,1318372.027,,AVAXUSDT_daily,CRYPTO,BINANCE,USDT,1,1,1,14.826,14.826,14.826,1.600554686745156,220,0.0,0.5,1,20.0,52.75343034917734,0.0024642947224384104,True,20.0,28.658956406076005,0.004536103763095806,True,20.0,20.414155056810994,0.006368130331048245,True,-20.0,10.91533102180899,0.011909854107058972,True,-20.0,9.884530131761577,0.01315186440499342,True,-20.0,9.370172633784493,0.013873810556198329,True,610.2761303020466,0.0,-0.0,39.86072228408842
2021-08-09,14.83,16.759,14.424,16.169,2569371.614,,AVAXUSDT_daily,CRYPTO,BINANCE,USDT,1,1,1,16.169,16.169,16.169,1.6476078640510754,221,0.0,0.5,1,20.0,52.75343034917734,0.0024642947224384104,True,20.0,28.658956406076005,0.004536103763095806,True,20.0,20.414155056810994,0.006368130331048245,True,-2.700574530992918,10.91533102180899,0.011909854107058972,True,-20.0,9.884530131761577,0.01315186440499342,True,-20.0,9.370172633784493,0.013873810556198329,True,733.2742640075824,3.661711724273166,0.0,39.86072228408842
2021-08-10,16.167,17.184,15.801,16.42,2076458.198,,AVAXUSDT_daily,CRYPTO,BINANCE,USDT,1,1,1,16.42,16.42,16.42,1.727578843504707,222,0.0,0.5,1,20.0,52.75343034917734,0.0024642947224384104,True,20.0,28.658956406076005,0.004536103763095806,True,20.0,20.414155056810994,0.006368130331048245,True,20.0,10.91533102180899,0.011909854107058972,True,-20.0,9.884530131761577,0.01315186440499342,True,-20.0,9.370172633784493,0.013873810556198329,True,756.3268978872815,8.466666666666667,0.0568427016384791,39.9175649857269
2021-08-11,16.43,17.547,16.378,16.688,1849892.045,,AVAXUSDT_daily,CRYPTO,BINANCE,USDT,1,1,1,16.688,16.688,16.688,1.8093848445779102,223,0.0,0.5,1,20.0,52.75343034917734,0.0024642947224384104,True,20.0,28.658956406076005,0.004536103763095806,True,20.0,20.414155056810994,0.006368130331048245,True,20.0,10.91533102180899,0.011909854107058972,True,-20.0,9.884530131761577,0.01315186440499342,True,-20.0,9.370172633784493,0.013873810556198329,True,780.9864395277228,8.466666666666667,0.13818920016240288,40.0557541858893
2021-08-12,16.674,17.538,15.429,16.575,1704787.841,,AVAXUSDT_daily,CRYPTO,BINANCE,USDT,1,1,1,16.575,16.575,16.575,1.849787933079677,224,0.0,0.5,1,20.0,52.75343034917734,0.0024642947224384104,True,20.0,28.658956406076005,0.004536103763095806,True,20.0,20.414155056810994,0.006368130331048245,True,20.0,10.91533102180899,0.011909854107058972,True,-20.0,9.884530131761577,0.01315186440499342,True,-20.0,9.370172633784493,0.013873810556198329,True,770.3652831586737,8.466666666666667,-0.05733061681048204,39.99842356907882
2021-08-13,16.574,18.291,16.389,18.031,1519296.777,,AVAXUSDT_daily,CRYPTO,BINANCE,USDT,1,1,1,18.031,18.031,18.031,1.9826962529791898,225,0.0,0.5,1,20.0,52.75343034917734,0.0024642947224384104,True,20.0,28.658956406076005,0.004536103763095806,True,20.0,20.414155056810994,0.006368130331048245,True,20.0,10.91533102180899,0.011909854107058972,True,-20.0,9.884530131761577,0.01315186440499342,True,-20.0,9.370172633784493,0.013873810556198329,True,893.9942821488689,8.466666666666667,0.7437385620915037,40.74216213117032
2021-08-14,18.044,18.433,17.169,18.093,1428803.971,,AVAXUSDT_daily,CRYPTO,BINANCE,USDT,1,1,1,18.093,18.093,18.093,2.0615527974904952,226,0.0,0.5,1,20.0,52.75343034917734,0.0024642947224384104,True,20.0,28.658956406076005,0.004536103763095806,True,20.0,20.414155056810994,0.006368130331048245,True,20.0,10.91533102180899,0.011909854107058972,True,-20.0,9.884530131761577,0.01315186440499342,True,-20.0,9.370172633784493,0.013873810556198329,True,899.3272436503601,8.466666666666667,0.02911282421015781,40.77127495538048
2021-08-15,18.09,18.855,17.058,18.762,1404168.533,,AVAXUSDT_daily,CRYPTO,BINANCE,USDT,1,1,1,18.762,18.762,18.762,2.1580684370395122,227,0.0,0.5,1,20.0,52.75343034917734,0.0024642947224384104,True,20.0,28.658956406076005,0.004536103763095806,True,20.0,20.414155056810994,0.006368130331048245,True,20.0,10.91533102180899,0.011909854107058972,True,-20.0,9.884530131761577,0.01315186440499342,True,-20.0,9.370172633784493,0.013873810556198329,True,955.6762845813136,8.466666666666667,0.31306029956336767,41.084335254943845
2021-08-16,18.762,21.13,18.441,19.071,3800908.89,,AVAXUSDT_daily,CRYPTO,BINANCE,USDT,1,1,1,19.071,19.071,19.071,2.252227842077791,228,0.0,0.5,1,20.0,52.75343034917734,0.0024642947224384104,True,20.0,28.658956406076005,0.004536103763095806,True,20.0,20.414155056810994,0.006368130331048245,True,20.0,10.91533102180899,0.011909854107058972,True,-20.0,9.884530131761577,0.01315186440499342,True,-20.0,9.370172633784493,0.013873810556198329,True,981.7348485624674,8.466666666666667,0.13944142415520827,41.22377667909905
2021-08-17,19.071,25.46,18.418,23.446,10172036.374,,AVAXUSDT_daily,CRYPTO,BINANCE,USDT,1,1,1,23.446,23.446,23.446,2.825073862098938,229,0.0,0.5,1,20.0,52.75343034917734,0.0024642947224384104,True,20.0,28.658956406076005,0.004536103763095806,True,20.0,20.414155056810994,0.006368130331048245,True,20.0,10.91533102180899,0.011909854107058972,True,-20.0,9.884530131761577,0.01315186440499342,True,-20.0,9.370172633784493,0.013873810556198329,True,1223.396508074666,8.466666666666667,1.942303322671421,43.166080001770474
2021-08-18,23.452,30.885,21.454,29.993,12872464.953,,AVAXUSDT_daily,CRYPTO,BINANCE,USDT,1,1,1,29.993,29.993,29.993,4.171468630691228,230,0.0,0.5,1,20.0,52.75343034917734,0.0024642947224384104,True,20.0,28.658956406076005,0.004536103763095806,True,20.0,20.414155056810994,0.006368130331048245,True,20.0,10.91533102180899,0.011909854107058972,True,-20.0,9.884530131761577,0.01315186440499342,True,-20.0,9.370172633784493,0.013873810556198329,True,1460.744026684466,8.466666666666667,2.3642099576331415,45.53028995940362
2021-08-19,29.992,33.755,28.714,30.653,11884539.989,,AVAXUSDT_daily,CRYPTO,BINANCE,USDT,1,1,1,30.653,30.653,30.653,5.134688577396001,231,0.0,0.5,1,20.0,52.75343034917734,0.0024642947224384104,True,20.0,28.658956406076005,0.004536103763095806,True,20.0,20.414155056810994,0.006368130331048245,True,20.0,10.91533102180899,0.011909854107058972,True,-16.193866312957343,9.884530131761577,0.01315186440499342,True,-20.0,9.370172633784493,0.013873810556198329,True,1484.6209807290622,9.272298297090696,0.18631013903244165,45.71660009843606
2021-08-20,30.653,39.229,29.943,39.155,8246852.137,,AVAXUSDT_daily,CRYPTO,BINANCE,USDT,1,1,1,39.155,39.155,39.155,6.974890517722083,232,0.0,0.5,1,20.0,52.75343034917734,0.0024642947224384104,True,20.0,28.658956406076005,0.004536103763095806,True,20.0,20.414155056810994,0.006368130331048245,True,20.0,10.91533102180899,0.011909854107058972,True,20.0,9.884530131761577,0.01315186440499342,True,-20.0,9.370172633784493,0.013873810556198329,True,1701.1382960084657,16.933333333333334,2.5717900408398884,48.28839013927595
2021-08-21,39.148,50.27,37.676,43.676,13275218.253,,AVAXUSDT_daily,CRYPTO,BINANCE,USDT,1,1,1,43.676,43.676,43.676,8.781414805683232,233,0.0,0.5,1,20.0,52.75343034917734,0.0024642947224384104,True,20.0,28.658956406076005,0.004536103763095806,True,20.0,20.414155056810994,0.006368130331048245,True,20.0,10.91533102180899,0.011909854107058972,True,20.0,9.884530131761577,0.01315186440499342,True,-20.0,9.370172633784493,0.013873810556198329,True,1805.9423954042109,16.933333333333334,1.955193461882263,50.24358360115821
2021-08-22,43.693,45.03,40.537,43.663,8717113.46,,AVAXUSDT_daily,CRYPTO,BINANCE,USDT,1,1,1,43.663,43.663,43.663,10.033841513388005,234,0.0,0.5,1,20.0,52.75343034917734,0.0024642947224384104,True,20.0,28.658956406076005,0.004536103763095806,True,20.0,20.414155056810994,0.006368130331048245,True,20.0,10.91533102180899,0.011909854107058972,True,20.0,9.884530131761577,0.01315186440499342,True,-20.0,9.370172633784493,0.013873810556198329,True,1805.6369647734934,16.933333333333334,-0.005040144091340348,50.23854345706687
2021-08-23,43.682,53.623,43.614,46.451,11058622.436,,AVAXUSDT_daily,CRYPTO,BINANCE,USDT,1,1,1,46.451,46.451,46.451,11.187348098821705,235,0.0,0.5,1,20.0,52.75343034917734,0.0024642947224384104,True,20.0,28.658956406076005,0.004536103763095806,True,20.0,20.414155056810994,0.006368130331048245,True,20.0,10.91533102180899,0.011909854107058972,True,20.0,9.884530131761577,0.01315186440499342,True,2.407539254769655,9.370172633784493,0.013873810556198329,True,1868.5589868018074,20.0,1.0812388826542714,51.31978233972114
2021-08-24,46.407,58.977,44.151,55.474,13474170.156,,AVAXUSDT_daily,CRYPTO,BINANCE,USDT,1,1,1,55.474,55.474,55.474,13.013630670226192,236,0.0,0.5,1,20.0,52.75343034917734,0.0024642947224384104,True,20.0,28.658956406076005,0.004536103763095806,True,20.0,20.414155056810994,0.006368130331048245,True,20.0,10.91533102180899,0.011909854107058972,True,20.0,9.884530131761577,0.01315186440499342,True,20.0,9.370172633784493,0.013873810556198329,True,2035.6451321404404,20.0,3.8849540375879954,55.20473637730913
2021-08-25,55.475,57.584,45.65,46.208,11480697.369,,AVAXUSDT_daily,CRYPTO,BINANCE,USDT,1,1,1,46.208,46.208,46.208,13.48084597103372,237,0.0,0.5,1,20.0,52.75343034917734,0.0024642947224384104,True,20.0,28.658956406076005,0.004536103763095806,True,20.0,20.414155056810994,0.006368130331048245,True,20.0,10.91533102180899,0.011909854107058972,True,20.0,9.884530131761577,0.01315186440499342,True,20.0,9.370172633784493,0.013873810556198329,True,1847.1231190177177,20.0,-3.340664094891299,51.86407228241783
2021-08-26,46.211,48.463,41.2,41.32,9280721.696,,AVAXUSDT_daily,CRYPTO,BINANCE,USDT,1,1,1,41.32,41.32,41.32,13.499837891424333,238,0.0,0.5,1,20.0,52.75343034917734,0.0024642947224384104,True,20.0,28.658956406076005,0.004536103763095806,True,20.0,20.414155056810994,0.006368130331048245,True,20.0,10.91533102180899,0.011909854107058972,True,20.0,9.884530131761577,0.01315186440499342,True,20.0,9.370172633784493,0.013873810556198329,True,1738.3504380340398,20.0,-2.115650969529086,49.748421312888745
2021-08-27,41.32,50.47,40.3,50.14,10990447.098,,AVAXUSDT_daily,CRYPTO,BINANCE,USDT,1,1,1,50.14,50.14,50.14,13.973548425130714,239,0.0,0.5,1,20.0,52.75343034917734,0.0024642947224384104,True,20.0,28.658956406076005,0.004536103763095806,True,20.0,20.414155056810994,0.006368130331048245,True,20.0,10.91533102180899,0.011909854107058972,True,20.0,9.884530131761577,0.01315186440499342,True,20.0,9.370172633784493,0.013873810556198329,True,1896.006861030379,20.0,4.269119070667959,54.01754038355671
2021-08-28,50.12,51.79,46.12,50.2,7177328.364,,AVAXUSDT_daily,CRYPTO,BINANCE,USDT,1,1,1,50.2,50.2,50.2,14.15726657902129,240,0.0,0.5,1,20.0,52.75343034917734,0.0024642947224384104,True,20.0,28.658956406076005,0.004536103763095806,True,20.0,20.414155056810994,0.006368130331048245,True,20.0,10.91533102180899,0.011909854107058972,True,20.0,9.884530131761577,0.01315186440499342,True,20.0,9.370172633784493,0.013873810556198329,True,1897.09766502528,20.0,0.023932987634625036,54.04147337119133
2021-08-29,50.2,52.4,46.66,47.39,5176181.901,,AVAXUSDT_daily,CRYPTO,BINANCE,USDT,1,1,1,47.39,47.39,47.39,14.039498388381544,241,0.0,0.5,1,20.0,52.75343034917734,0.0024642947224384104,True,20.0,28.658956406076005,0.004536103763095806,True,20.0,20.414155056810994,0.006368130331048245,True,20.0,10.91533102180899,0.011909854107058972,True,20.0,9.884530131761577,0.01315186440499342,True,20.0,9.370172633784493,0.013873810556198329,True,1842.8042137395325,20.0,-1.1195219123505984,52.92195145884073
2021-08-30,47.43,48.33,41.0,41.44,6827433.15,,AVAXUSDT_daily,CRYPTO,BINANCE,USDT,1,1,1,41.44,41.44,41.44,13.536567719660216,242,0.0,0.5,1,-20.0,52.75343034917734,0.0024642947224384104,True,20.0,28.658956406076005,0.004536103763095806,True,20.0,20.414155056810994,0.006368130331048245,True,20.0,10.91533102180899,0.011909854107058972,True,20.0,9.884530131761577,0.01315186440499342,True,20.0,9.370172633784493,0.013873810556198329,True,1714.59125367008,16.933333333333334,-2.511078286558346,50.410873172282386
2021-08-31,41.42,44.22,38.17,39.5,6855430.916,,AVAXUSDT_daily,CRYPTO,BINANCE,USDT,1,1,1,39.5,39.5,39.5,12.873027904048865,243,0.0,0.5,1,-20.0,52.75343034917734,0.0024642947224384104,True,20.0,28.658956406076005,0.004536103763095806,True,20.0,20.414155056810994,0.006368130331048245,True,20.0,10.91533102180899,0.011909854107058972,True,20.0,9.884530131761577,0.01315186440499342,True,20.0,9.370172633784493,0.013873810556198329,True,1670.2000766185936,16.933333333333334,-0.7927284427284426,49.61814472955395
2021-09-01,39.51,45.71,38.55,42.47,7820541.217,,AVAXUSDT_daily,CRYPTO,BINANCE,USDT,1,1,1,42.47,42.47,42.47,12.099478577716946,244,0.0,0.5,1,-20.0,52.75343034917734,0.0024642947224384104,True,20.0,28.658956406076005,0.004536103763095806,True,20.0,20.414155056810994,0.006368130331048245,True,20.0,10.91533102180899,0.011909854107058972,True,20.0,9.884530131761577,0.01315186440499342,True,20.0,9.370172633784493,0.013873810556198329,True,1734.6214883472053,16.933333333333334,1.2732151898734163,50.891359919427366
2021-09-02,42.5,47.98,41.0,47.58,6481497.68,,AVAXUSDT_daily,CRYPTO,BINANCE,USDT,1,1,1,47.58,47.58,47.58,11.412897039268648,245,0.0,0.5,1,20.0,52.75343034917734,0.0024642947224384104,True,20.0,28.658956406076005,0.004536103763095806,True,20.0,20.414155056810994,0.006368130331048245,True,20.0,10.91533102180899,0.011909854107058972,True,20.0,9.884530131761577,0.01315186440499342,True,20.0,9.370172633784493,0.013873810556198329,True,1834.4318822922455,20.0,2.0374224943097072,52.928782413737075
2021-09-03,47.6,51.66,44.45,45.89,9097559.66,,AVAXUSDT_daily,CRYPTO,BINANCE,USDT,1,1,1,45.89,45.89,45.89,10.415929232619963,246,0.0,0.5,1,20.0,52.75343034917734,0.0024642947224384104,True,20.0,28.658956406076005,0.004536103763095806,True,20.0,20.414155056810994,0.006368130331048245,True,20.0,10.91533102180899,0.011909854107058972,True,20.0,9.884530131761577,0.01315186440499342,True,20.0,9.370172633784493,0.013873810556198329,True,1799.7602425814232,20.0,-0.7103825136612008,52.21839990007587
2021-09-04,45.9,49.88,44.07,47.15,6077749.28,,AVAXUSDT_daily,CRYPTO,BINANCE,USDT,1,1,1,47.15,47.15,47.15,9.216889762535763,247,0.0,0.5,1,20.0,52.75343034917734,0.0024642947224384104,True,20.0,28.658956406076005,0.004536103763095806,True,20.0,20.414155056810994,0.006368130331048245,True,20.0,10.91533102180899,0.011909854107058972,True,20.0,9.884530131761577,0.01315186440499342,True,20.0,9.370172633784493,0.013873810556198329,True,1825.4863909055607,20.0,0.5491392460230982,52.76753914609897
2021-09-05,47.19,49.4,45.44,48.15,5904540.19,,AVAXUSDT_daily,CRYPTO,BINANCE,USDT,1,1,1,48.15,48.15,48.15,7.644823687168622,248,0.0,0.5,1,20.0,52.75343034917734,0.0024642947224384104,True,20.0,28.658956406076005,0.004536103763095806,True,20.0,20.414155056810994,0.006368130331048245,True,20.0,10.91533102180899,0.011909854107058972,True,20.0,9.884530131761577,0.01315186440499342,True,20.0,9.370172633784493,0.013873810556198329,True,1845.9232318941226,20.0,0.42417815482502785,53.191717300924
2021-09-06,48.14,51.36,42.45,47.1,7931732.22,,AVAXUSDT_daily,CRYPTO,BINANCE,USDT,1,1,1,47.1,47.1,47.1,6.143115053070622,249,0.0,0.5,1,20.0,52.75343034917734,0.0024642947224384104,True,20.0,28.658956406076005,0.004536103763095806,True,20.0,20.414155056810994,0.006368130331048245,True,20.0,10.91533102180899,0.011909854107058972,True,20.0,9.884530131761577,0.01315186440499342,True,20.0,9.370172633784493,0.013873810556198329,True,1823.6304316394449,20.0,-0.43613707165108817,52.75558022927291
2021-09-07,47.11,47.2,32.23,37.93,12849059.617,,AVAXUSDT_daily,CRYPTO,BINANCE,USDT,1,1,1,37.93,37.93,37.93,5.388382923133386,250,0.0,0.5,1,-20.0,52.75343034917734,0.0024642947224384104,True,20.0,28.658956406076005,0.004536103763095806,True,20.0,20.414155056810994,0.006368130331048245,True,20.0,10.91533102180899,0.011909854107058972,True,20.0,9.884530131761577,0.01315186440499342,True,20.0,9.370172633784493,0.013873810556198329,True,1599.0968031128034,16.933333333333334,-3.893842887473462,48.86173734179945
2021-09-08,37.97,39.5,33.08,37.0,7464147.83,,AVAXUSDT_daily,CRYPTO,BINANCE,USDT,1,1,1,37.0,37.0,37.0,4.663281386760289,251,0.0,0.5,1,-20.0,52.75343034917734,0.0024642947224384104,True,-20.0,28.658956406076005,0.004536103763095806,True,20.0,20.414155056810994,0.006368130331048245,True,20.0,10.91533102180899,0.011909854107058972,True,20.0,9.884530131761577,0.01315186440499342,True,20.0,9.370172633784493,0.013873810556198329,True,1575.2903878719083,8.466666666666667,-0.4151858687055107,48.44655147309393
2021-09-09,37.03,44.6,36.21,40.77,10152448.674,,AVAXUSDT_daily,CRYPTO,BINANCE,USDT,1,1,1,40.77,40.77,40.77,4.571751857013345,252,0.0,0.5,1,-20.0,52.75343034917734,0.0024642947224384104,True,-20.0,28.658956406076005,0.004536103763095806,True,20.0,20.414155056810994,0.006368130331048245,True,20.0,10.91533102180899,0.011909854107058972,True,20.0,9.884530131761577,0.01315186440499342,True,20.0,9.370172633784493,0.013873810556198329,True,1663.5233507035916,8.466666666666667,0.8626846846846862,49.30923615777862
2021-09-10,40.75,49.7,40.38,49.3,17253541.93,,AVAXUSDT_daily,CRYPTO,BINANCE,USDT,1,1,1,49.3,49.3,49.3,4.6597549980771475,253,0.0,0.5,1,20.0,52.75343034917734,0.0024642947224384104,True,20.0,28.658956406076005,0.004536103763095806,True,20.0,20.414155056810994,0.006368130331048245,True,20.0,10.91533102180899,0.011909854107058972,True,20.0,9.884530131761577,0.01315186440499342,True,20.0,9.370172633784493,0.013873810556198329,True,1821.6537360725858,20.0,1.771416891505191,51.08065304928381
2021-09-11,49.33,59.25,48.11,57.02,16295853.416,,AVAXUSDT_daily,CRYPTO,BINANCE,USDT,1,1,1,57.02,57.02,57.02,5.328565406570979,254,0.0,0.5,1,20.0,52.75343034917734,0.0024642947224384104,True,20.0,28.658956406076005,0.004536103763095806,True,20.0,20.414155056810994,0.006368130331048245,True,20.0,10.91533102180899,0.011909854107058972,True,20.0,9.884530131761577,0.01315186440499342,True,20.0,9.370172633784493,0.013873810556198329,True,1944.8090475474244,20.0,3.1318458417849904,54.212498891068805
2021-09-12,57.02,64.9,53.59,59.22,16140497.309,,AVAXUSDT_daily,CRYPTO,BINANCE,USDT,1,1,1,59.22,59.22,59.22,6.103615256550798,255,0.0,0.5,1,20.0,52.75343034917734,0.0024642947224384104,True,20.0,28.658956406076005,0.004536103763095806,True,20.0,20.414155056810994,0.006368130331048245,True,20.0,10.91533102180899,0.011909854107058972,True,20.0,9.884530131761577,0.01315186440499342,True,20.0,9.370172633784493,0.013873810556198329,True,1979.3725066539516,20.0,0.7716590669940349,54.98415795806284
2021-09-13,59.21,60.92,47.66,53.15,17195092.8,,AVAXUSDT_daily,CRYPTO,BINANCE,USDT,1,1,1,53.15,53.15,53.15,5.945095301790215,256,0.0,0.5,1,20.0,52.75343034917734,0.0024642947224384104,True,20.0,28.658956406076005,0.004536103763095806,True,20.0,20.414155056810994,0.006368130331048245,True,20.0,10.91533102180899,0.011909854107058972,True,20.0,9.884530131761577,0.01315186440499342,True,20.0,9.370172633784493,0.013873810556198329,True,1874.3650247892003,20.0,-2.049983113812901,52.93417484424994
2021-09-14,53.14,57.63,48.8,51.5,8170590.05,,AVAXUSDT_daily,CRYPTO,BINANCE,USDT,1,1,1,51.5,51.5,51.5,6.050753672064304,257,0.0,0.5,1,20.0,52.75343034917734,0.0024642947224384104,True,20.0,28.658956406076005,0.004536103763095806,True,20.0,20.414155056810994,0.006368130331048245,True,20.0,10.91533102180899,0.011909854107058972,True,20.0,9.884530131761577,0.01315186440499342,True,20.0,9.370172633784493,0.013873810556198329,True,1844.4263212460023,20.0,-0.6208842897460021,52.313290554503936
2021-09-15,51.51,58.18,50.3,57.84,6756093.54,,AVAXUSDT_daily,CRYPTO,BINANCE,USDT,1,1,1,57.84,57.84,57.84,6.393940470229743,258,0.0,0.5,1,20.0,52.75343034917734,0.0024642947224384104,True,20.0,28.658956406076005,0.004536103763095806,True,20.0,20.414155056810994,0.006368130331048245,True,20.0,10.91533102180899,0.011909854107058972,True,20.0,9.884530131761577,0.01315186440499342,True,20.0,9.370172633784493,0.013873810556198329,True,1947.3772245478547,20.0,2.4621359223300976,54.775426476834035
2021-09-16,57.83,68.33,57.17,67.56,15000080.374,,AVAXUSDT_daily,CRYPTO,BINANCE,USDT,1,1,1,67.56,67.56,67.56,7.799254755221279,259,0.0,0.5,1,20.0,52.75343034917734,0.0024642947224384104,True,20.0,28.658956406076005,0.004536103763095806,True,20.0,20.414155056810994,0.006368130331048245,True,20.0,10.91533102180899,0.011909854107058972,True,20.0,9.884530131761577,0.01315186440499342,True,20.0,9.370172633784493,0.013873810556198329,True,2080.9984140531824,20.0,3.360995850622408,58.136422327456444
2021-09-17,67.59,70.9,60.36,70.11,10905615.525,,AVAXUSDT_daily,CRYPTO,BINANCE,USDT,1,1,1,70.11,70.11,70.11,9.187188605535635,260,0.0,0.5,1,20.0,52.75343034917734,0.0024642947224384104,True,20.0,28.658956406076005,0.004536103763095806,True,20.0,20.414155056810994,0.006368130331048245,True,20.0,10.91533102180899,0.011909854107058972,True,20.0,9.884530131761577,0.01315186440499342,True,20.0,9.370172633784493,0.013873810556198329,True,2115.5436095527325,20.0,0.7548845470692722,58.89130687452572
2021-09-18,70.15,75.59,67.16,69.02,10521283.488,,AVAXUSDT_daily,CRYPTO,BINANCE,USDT,1,1,1,69.02,69.02,69.02,10.159372908538026,261,0.0,0.5,1,20.0,52.75343034917734,0.0024642947224384104,True,20.0,28.658956406076005,0.004536103763095806,True,20.0,20.414155056810994,0.006368130331048245,True,20.0,10.91533102180899,0.011909854107058972,True,20.0,9.884530131761577,0.01315186440499342,True,20.0,9.370172633784493,0.013873810556198329,True,2100.29444491402,20.0,-0.3109399515047784,58.58036692302094
2021-09-19,69.02,76.27,66.42,70.07,9524488.551,,AVAXUSDT_daily,CRYPTO,BINANCE,USDT,1,1,1,70.07,70.07,70.07,10.813784222487788,262,0.0,0.5,1,20.0,52.75343034917734,0.0024642947224384104,True,20.0,28.658956406076005,0.004536103763095806,True,20.0,20.414155056810994,0.006368130331048245,True,20.0,10.91533102180899,0.011909854107058972,True,20.0,9.884530131761577,0.01315186440499342,True,20.0,9.370172633784493,0.013873810556198329,True,2115.0747109700715,20.0,0.3042596348884352,58.88462655790937
2021-09-20,70.06,70.45,55.0,57.33,15410116.45,,AVAXUSDT_daily,CRYPTO,BINANCE,USDT,1,1,1,57.33,57.33,57.33,10.465637305512063,263,0.0,0.5,1,-20.0,52.75343034917734,0.0024642947224384104,True,20.0,28.658956406076005,0.004536103763095806,True,20.0,20.414155056810994,0.006368130331048245,True,20.0,10.91533102180899,0.011909854107058972,True,20.0,9.884530131761577,0.01315186440499342,True,20.0,9.370172633784493,0.013873810556198329,True,1909.9598068809375,16.933333333333334,-3.6363636363636354,55.24826292154574
2021-09-21,57.34,66.24,52.55,58.98,15940591.44,,AVAXUSDT_daily,CRYPTO,BINANCE,USDT,1,1,1,58.98,58.98,58.98,10.25632553213148,264,0.0,0.5,1,-20.0,52.75343034917734,0.0024642947224384104,True,20.0,28.658956406076005,0.004536103763095806,True,20.0,20.414155056810994,0.006368130331048245,True,20.0,10.91533102180899,0.011909854107058972,True,20.0,9.884530131761577,0.01315186440499342,True,20.0,9.370172633784493,0.013873810556198329,True,1936.3654633857172,16.933333333333334,0.48735391592534333,55.735616837471085
2021-09-22,59.0,74.69,57.72,74.07,13033656.1,,AVAXUSDT_daily,CRYPTO,BINANCE,USDT,1,1,1,74.07,74.07,74.07,11.108488267039164,265,0.0,0.5,1,20.0,52.75343034917734,0.0024642947224384104,True,20.0,28.658956406076005,0.004536103763095806,True,20.0,20.414155056810994,0.006368130331048245,True,20.0,10.91533102180899,0.011909854107058972,True,20.0,9.884530131761577,0.01315186440499342,True,20.0,9.370172633784493,0.013873810556198329,True,2115.666768691054,20.0,4.332383858935233,60.068000696406315
2021-09-23,74.04,79.8,72.76,76.44,11366707.86,,AVAXUSDT_daily,CRYPTO,BINANCE,USDT,1,1,1,76.44,76.44,76.44,11.870250950657205,266,0.0,0.5,1,20.0,52.75343034917734,0.0024642947224384104,True,20.0,28.658956406076005,0.004536103763095806,True,20.0,20.414155056810994,0.006368130331048245,True,20.0,10.91533102180899,0.011909854107058972,True,20.0,9.884530131761577,0.01315186440499342,True,20.0,9.370172633784493,0.013873810556198329,True,2143.5819742433446,20.0,0.6399351964358058,60.70793589284212
2021-09-24,76.43,78.86,66.59,72.31,11472906.45,,AVAXUSDT_daily,CRYPTO,BINANCE,USDT,1,1,1,72.31,72.31,72.31,12.158527990457404,267,0.0,0.5,1,20.0,52.75343034917734,0.0024642947224384104,True,20.0,28.658956406076005,0.004536103763095806,True,20.0,20.414155056810994,0.006368130331048245,True,20.0,10.91533102180899,0.011909854107058972,True,20.0,9.884530131761577,0.01315186440499342,True,20.0,9.370172633784493,0.013873810556198329,True,2091.6859707716276,20.0,-1.080586080586079,59.62734981225604
2021-09-25,72.3,72.6,67.5,68.28,4943069.71,,AVAXUSDT_daily,CRYPTO,BINANCE,USDT,1,1,1,68.28,68.28,68.28,12.155761034003126,268,0.0,0.5,1,20.0,52.75343034917734,0.0024642947224384104,True,20.0,28.658956406076005,0.004536103763095806,True,20.0,20.414155056810994,0.006368130331048245,True,20.0,10.91533102180899,0.011909854107058972,True,20.0,9.884530131761577,0.01315186440499342,True,20.0,9.370172633784493,0.013873810556198329,True,2037.5248827826213,20.0,-1.1146452772783855,58.51270453497766
2021-09-26,68.28,71.44,61.59,66.77,6395395.4,,AVAXUSDT_daily,CRYPTO,BINANCE,USDT,1,1,1,66.77,66.77,66.77,11.95768956516439,269,0.0,0.5,1,-20.0,52.75343034917734,0.0024642947224384104,True,20.0,28.658956406076005,0.004536103763095806,True,20.0,20.414155056810994,0.006368130331048245,True,20.0,10.91533102180899,0.011909854107058972,True,20.0,9.884530131761577,0.01315186440499342,True,20.0,9.370172633784493,0.013873810556198329,True,2016.3845998002805,16.933333333333334,-0.4422964264792051,58.070408108498455
2021-09-27,66.77,72.69,65.31,66.33,5974772.52,,AVAXUSDT_daily,CRYPTO,BINANCE,USDT,1,1,1,66.33,66.33,66.33,10.868916701454523,270,0.0,0.5,1,-20.0,52.75343034917734,0.0024642947224384104,True,20.0,28.658956406076005,0.004536103763095806,True,20.0,20.414155056810994,0.006368130331048245,True,20.0,10.91533102180899,0.011909854107058972,True,20.0,9.884530131761577,0.01315186440499342,True,20.0,9.370172633784493,0.013873810556198329,True,2010.0534620165674,16.933333333333334,-0.11158704008786378,57.95882106841059
2021-09-28,66.34,69.44,61.11,61.51,4765761.77,,AVAXUSDT_daily,CRYPTO,BINANCE,USDT,1,1,1,61.51,61.51,61.51,9.265760911180314,271,0.0,0.5,1,-20.0,52.75343034917734,0.0024642947224384104,True,20.0,28.658956406076005,0.004536103763095806,True,20.0,20.414155056810994,0.006368130331048245,True,20.0,10.91533102180899,0.011909854107058972,True,20.0,9.884530131761577,0.01315186440499342,True,20.0,9.370172633784493,0.013873810556198329,True,1934.844201338177,16.933333333333334,-1.2304939946730993,56.728327073737496
2021-09-29,61.51,69.5,61.26,65.46,6780246.71,,AVAXUSDT_daily,CRYPTO,BINANCE,USDT,1,1,1,65.46,65.46,65.46,7.75715647508457,272,0.0,0.5,1,-20.0,52.75343034917734,0.0024642947224384104,True,20.0,28.658956406076005,0.004536103763095806,True,20.0,20.414155056810994,0.006368130331048245,True,20.0,10.91533102180899,0.011909854107058972,True,20.0,9.884530131761577,0.01315186440499342,True,20.0,9.370172633784493,0.013873810556198329,True,1993.7756883947673,16.933333333333334,1.0874112610415627,57.815738334779056
2021-09-30,65.46,68.91,64.28,66.63,5085384.45,,AVAXUSDT_daily,CRYPTO,BINANCE,USDT,1,1,1,66.63,66.63,66.63,7.005646594749509,273,0.0,0.5,1,-20.0,52.75343034917734,0.0024642947224384104,True,20.0,28.658956406076005,0.004536103763095806,True,20.0,20.414155056810994,0.006368130331048245,True,20.0,10.91533102180899,0.011909854107058972,True,20.0,9.884530131761577,0.01315186440499342,True,20.0,9.370172633784493,0.013873810556198329,True,2011.3062977067161,16.933333333333334,0.3026581118240159,58.11839644660307
2021-10-01,66.64,69.58,63.12,67.67,6973676.03,,AVAXUSDT_daily,CRYPTO,BINANCE,USDT,1,1,1,67.67,67.67,67.67,6.810811741558155,274,0.0,0.5,1,20.0,52.75343034917734,0.0024642947224384104,True,20.0,28.658956406076005,0.004536103763095806,True,20.0,20.414155056810994,0.006368130331048245,True,20.0,10.91533102180899,0.011909854107058972,True,20.0,9.884530131761577,0.01315186440499342,True,20.0,9.370172633784493,0.013873810556198329,True,2026.9880089666733,20.0,0.26430536795237564,58.382701814555446
2021-10-02,67.66,73.41,65.8,69.08,6536616.52,,AVAXUSDT_daily,CRYPTO,BINANCE,USDT,1,1,1,69.08,69.08,69.08,6.725781093359232,275,0.0,0.5,1,20.0,52.75343034917734,0.0024642947224384104,True,20.0,28.658956406076005,0.004536103763095806,True,20.0,20.414155056810994,0.006368130331048245,True,20.0,10.91533102180899,0.011909854107058972,True,20.0,9.884530131761577,0.01315186440499342,True,20.0,9.370172633784493,0.013873810556198329,True,2048.2703911490917,20.0,0.41672823998817776,58.79943005454362
2021-10-03,69.09,71.61,67.55,68.69,4467356.39,,AVAXUSDT_daily,CRYPTO,BINANCE,USDT,1,1,1,68.69,68.69,68.69,6.090953494624895,276,0.0,0.5,1,20.0,52.75343034917734,0.0024642947224384104,True,20.0,28.658956406076005,0.004536103763095806,True,20.0,20.414155056810994,0.006368130331048245,True,20.0,10.91533102180899,0.011909854107058972,True,20.0,9.884530131761577,0.01315186440499342,True,20.0,9.370172633784493,0.013873810556198329,True,2042.2299223287139,20.0,-0.11291256514186498,58.68651748940176
2021-10-04,68.69,68.76,63.3,65.29,4826593.69,,AVAXUSDT_daily,CRYPTO,BINANCE,USDT,1,1,1,65.29,65.29,65.29,5.01497294949928,277,0.0,0.5,1,-20.0,52.75343034917734,0.0024642947224384104,True,20.0,28.658956406076005,0.004536103763095806,True,20.0,20.414155056810994,0.006368130331048245,True,20.0,10.91533102180899,0.011909854107058972,True,20.0,9.884530131761577,0.01315186440499342,True,20.0,9.370172633784493,0.013873810556198329,True,1986.245980758766,16.933333333333334,-0.989954869704468,57.69656261969729
2021-10-05,65.26,66.78,62.7,64.6,3831519.71,,AVAXUSDT_daily,CRYPTO,BINANCE,USDT,1,1,1,64.6,64.6,64.6,4.575663311132179,278,0.0,0.5,1,-20.0,52.75343034917734,0.0024642947224384104,True,-18.040079664857405,28.658956406076005,0.004536103763095806,True,20.0,20.414155056810994,0.006368130331048245,True,20.0,10.91533102180899,0.011909854107058972,True,20.0,9.884530131761577,0.01315186440499342,True,20.0,9.370172633784493,0.013873810556198329,True,1974.5329975409848,8.881516470938518,-0.1789554296216917,57.517607190075594
2021-10-06,64.6,65.76,58.16,60.01,5068720.14,,AVAXUSDT_daily,CRYPTO,BINANCE,USDT,1,1,1,60.01,60.01,60.01,4.856761835453205,279,0.0,0.5,1,-20.0,52.75343034917734,0.0024642947224384104,True,-20.0,28.658956406076005,0.004536103763095806,True,20.0,20.414155056810994,0.006368130331048245,True,20.0,10.91533102180899,0.011909854107058972,True,20.0,9.884530131761577,0.01315186440499342,True,20.0,9.370172633784493,0.013873810556198329,True,1890.3980390718493,8.466666666666667,-0.6310551176719473,56.886552072403646
2021-10-07,60.0,62.29,57.39,61.52,4761648.55,,AVAXUSDT_daily,CRYPTO,BINANCE,USDT,1,1,1,61.52,61.52,61.52,4.940082142935111,280,0.0,0.5,1,-20.0,52.75343034917734,0.0024642947224384104,True,-20.0,28.658956406076005,0.004536103763095806,True,20.0,20.414155056810994,0.006368130331048245,True,20.0,10.91533102180899,0.011909854107058972,True,20.0,9.884530131761577,0.01315186440499342,True,20.0,9.370172633784493,0.013873810556198329,True,1917.9441851261345,8.466666666666667,0.2130422707326565,57.0995943431363
2021-10-08,61.53,64.94,59.76,60.51,4392451.39,,AVAXUSDT_daily,CRYPTO,BINANCE,USDT,1,1,1,60.51,60.51,60.51,5.076486429971345,281,0.0,0.5,1,-20.0,52.75343034917734,0.0024642947224384104,True,-20.0,28.658956406076005,0.004536103763095806,True,20.0,20.414155056810994,0.006368130331048245,True,20.0,10.91533102180899,0.011909854107058972,True,20.0,9.884530131761577,0.01315186440499342,True,20.0,9.370172633784493,0.013873810556198329,True,1898.8476359827393,8.466666666666667,-0.13900086692674574,56.96059347620956
2021-10-09,60.52,62.04,59.7,60.63,1985268.84,,AVAXUSDT_daily,CRYPTO,BINANCE,USDT,1,1,1,60.63,60.63,60.63,5.124364376501431,282,0.0,0.5,1,-20.0,52.75343034917734,0.0024642947224384104,True,-20.0,28.658956406076005,0.004536103763095806,True,20.0,20.414155056810994,0.006368130331048245,True,20.0,10.91533102180899,0.011909854107058972,True,20.0,9.884530131761577,0.01315186440499342,True,20.0,9.370172633784493,0.013873810556198329,True,1901.159315713213,8.466666666666667,0.01679061312179906,56.97738408933136
2021-10-10,60.63,61.01,55.39,56.51,2515959.37,,AVAXUSDT_daily,CRYPTO,BINANCE,USDT,1,1,1,56.51,56.51,56.51,5.196829473722065,283,0.0,0.5,1,-20.0,52.75343034917734,0.0024642947224384104,True,-20.0,28.658956406076005,0.004536103763095806,True,20.0,20.414155056810994,0.006368130331048245,True,20.0,10.91533102180899,0.011909854107058972,True,20.0,9.884530131761577,0.01315186440499342,True,20.0,9.370172633784493,0.013873810556198329,True,1815.6942269757528,8.466666666666667,-0.5753367419869154,56.40204734734444
2021-10-11,56.5,59.23,53.76,55.3,3407191.2,,AVAXUSDT_daily,CRYPTO,BINANCE,USDT,1,1,1,55.3,55.3,55.3,5.498616548493576,284,0.0,0.5,1,-20.0,52.75343034917734,0.0024642947224384104,True,-20.0,28.658956406076005,0.004536103763095806,True,-20.0,20.414155056810994,0.006368130331048245,True,20.0,10.91533102180899,0.011909854107058972,True,20.0,9.884530131761577,0.01315186440499342,True,20.0,9.370172633784493,0.013873810556198329,True,1789.556523127648,0.0,-0.18128944729546423,56.22075790004898
2021-10-12,55.3,55.31,51.04,54.34,4070051.4,,AVAXUSDT_daily,CRYPTO,BINANCE,USDT,1,1,1,54.34,54.34,54.34,5.625985200272323,285,0.0,0.5,1,-20.0,52.75343034917734,0.0024642947224384104,True,-20.0,28.658956406076005,0.004536103763095806,True,-20.0,20.414155056810994,0.006368130331048245,True,20.0,10.91533102180899,0.011909854107058972,True,20.0,9.884530131761577,0.01315186440499342,True,20.0,9.370172633784493,0.013873810556198329,True,1768.0407960741834,0.0,-0.0,56.22075790004898
2021-10-13,54.33,57.09,53.23,55.01,3632007.14,,AVAXUSDT_daily,CRYPTO,BINANCE,USDT,1,1,1,55.01,55.01,55.01,5.238388537869564,286,0.0,0.5,1,-20.0,52.75343034917734,0.0024642947224384104,True,-20.0,28.658956406076005,0.004536103763095806,True,-20.0,20.414155056810994,0.006368130331048245,True,20.0,10.91533102180899,0.011909854107058972,True,20.0,9.884530131761577,0.01315186440499342,True,20.0,9.370172633784493,0.013873810556198329,True,1783.1662909539905,0.0,0.0,56.22075790004898
2021-10-14,55.0,58.46,54.92,56.18,3000941.32,,AVAXUSDT_daily,CRYPTO,BINANCE,USDT,1,1,1,56.18,56.18,56.18,5.01893719091152,287,0.0,0.5,1,-20.0,52.75343034917734,0.0024642947224384104,True,-20.0,28.658956406076005,0.004536103763095806,True,-20.0,20.414155056810994,0.006368130331048245,True,20.0,10.91533102180899,0.011909854107058972,True,20.0,9.884530131761577,0.01315186440499342,True,20.0,9.370172633784493,0.013873810556198329,True,1809.505378928003,0.0,0.0,56.22075790004898
2021-10-15,56.18,57.61,54.44,56.36,2963326.33,,AVAXUSDT_daily,CRYPTO,BINANCE,USDT,1,1,1,56.36,56.36,56.36,5.006170928805775,288,0.0,0.5,1,-20.0,52.75343034917734,0.0024642947224384104,True,-20.0,28.658956406076005,0.004536103763095806,True,-20.0,20.414155056810994,0.006368130331048245,True,20.0,10.91533102180899,0.011909854107058972,True,20.0,9.884530131761577,0.01315186440499342,True,20.0,9.370172633784493,0.013873810556198329,True,1813.6253093612152,0.0,0.0,56.22075790004898
2021-10-16,56.33,62.11,55.68,57.61,3914987.29,,AVAXUSDT_daily,CRYPTO,BINANCE,USDT,1,1,1,57.61,57.61,57.61,4.9578832495116805,289,0.0,0.5,1,-20.0,52.75343034917734,0.0024642947224384104,True,-20.0,28.658956406076005,0.004536103763095806,True,-20.0,20.414155056810994,0.006368130331048245,True,20.0,10.91533102180899,0.011909854107058972,True,20.0,9.884530131761577,0.01315186440499342,True,20.0,9.370172633784493,0.013873810556198329,True,1842.1176835567633,0.0,0.0,56.22075790004898
2021-10-17,57.62,58.55,53.27,56.1,2134508.3,,AVAXUSDT_daily,CRYPTO,BINANCE,USDT,1,1,1,56.1,56.1,56.1,4.9569329173761725,290,0.0,0.5,1,-20.0,52.75343034917734,0.0024642947224384104,True,-20.0,28.658956406076005,0.004536103763095806,True,-20.0,20.414155056810994,0.006368130331048245,True,20.0,10.91533102180899,0.011909854107058972,True,20.0,9.884530131761577,0.01315186440499342,True,20.0,9.370172633784493,0.013873810556198329,True,1806.2036985060847,0.0,-0.0,56.22075790004898
2021-10-18,56.11,56.46,54.05,55.48,1553173.47,,AVAXUSDT_daily,CRYPTO,BINANCE,USDT,1,1,1,55.48,55.48,55.48,5.102361579132702,291,0.0,0.5,1,-20.0,52.75343034917734,0.0024642947224384104,True,-20.0,28.658956406076005,0.004536103763095806,True,-20.0,20.414155056810994,0.006368130331048245,True,20.0,10.91533102180899,0.011909854107058972,True,20.0,9.884530131761577,0.01315186440499342,True,20.0,9.370172633784493,0.013873810556198329,True,1791.0115951073315,0.0,-0.0,56.22075790004898
2021-10-19,55.47,58.1,55.12,56.8,1873629.97,,AVAXUSDT_daily,CRYPTO,BINANCE,USDT,1,1,1,56.8,56.8,56.8,5.039669370942908,292,0.0,0.5,1,-20.0,52.75343034917734,0.0024642947224384104,True,-20.0,28.658956406076005,0.004536103763095806,True,-20.0,20.414155056810994,0.006368130331048245,True,20.0,10.91533102180899,0.011909854107058972,True,20.0,9.884530131761577,0.01315186440499342,True,20.0,9.370172633784493,0.013873810556198329,True,1823.1280275136285,0.0,0.0,56.22075790004898
2021-10-20,56.81,61.64,56.7,59.66,2707834.23,,AVAXUSDT_daily,CRYPTO,BINANCE,USDT,1,1,1,59.66,59.66,59.66,4.808478121204703,293,0.0,0.5,1,20.0,52.75343034917734,0.0024642947224384104,True,-20.0,28.658956406076005,0.004536103763095806,True,-20.0,20.414155056810994,0.006368130331048245,True,20.0,10.91533102180899,0.011909854107058972,True,20.0,9.884530131761577,0.01315186440499342,True,20.0,9.370172633784493,0.013873810556198329,True,1889.8678327348928,8.466666666666667,0.0,56.22075790004898
2021-10-21,59.66,64.35,58.78,61.48,3959021.69,,AVAXUSDT_daily,CRYPTO,BINANCE,USDT,1,1,1,61.48,61.48,61.48,4.466914159155311,294,0.0,0.5,1,20.0,52.75343034917734,0.0024642947224384104,True,20.0,28.658956406076005,0.004536103763095806,True,-20.0,20.414155056810994,0.006368130331048245,True,20.0,10.91533102180899,0.011909854107058972,True,20.0,9.884530131761577,0.01315186440499342,True,20.0,9.370172633784493,0.013873810556198329,True,1931.7238246571242,16.933333333333334,0.25828584199351945,56.4790437420425
2021-10-22,61.48,68.83,61.36,65.54,5522607.5,,AVAXUSDT_daily,CRYPTO,BINANCE,USDT,1,1,1,65.54,65.54,65.54,4.126948534998391,295,0.0,0.5,1,20.0,52.75343034917734,0.0024642947224384104,True,20.0,28.658956406076005,0.004536103763095806,True,20.0,20.414155056810994,0.006368130331048245,True,20.0,10.91533102180899,0.011909854107058972,True,20.0,9.884530131761577,0.01315186440499342,True,20.0,9.370172633784493,0.013873810556198329,True,2019.3454314439712,20.0,1.1182389937106936,57.59728273575319
2021-10-23,65.54,69.18,64.51,65.38,2978489.66,,AVAXUSDT_daily,CRYPTO,BINANCE,USDT,1,1,1,65.38,65.38,65.38,3.7862986717344413,296,0.0,0.5,1,20.0,52.75343034917734,0.0024642947224384104,True,20.0,28.658956406076005,0.004536103763095806,True,20.0,20.414155056810994,0.006368130331048245,True,20.0,10.91533102180899,0.011909854107058972,True,20.0,9.884530131761577,0.01315186440499342,True,20.0,9.370172633784493,0.013873810556198329,True,2015.8211205481173,20.0,-0.04882514494965129,57.54845759080354
2021-10-24,65.39,67.61,61.94,64.53,2184761.84,,AVAXUSDT_daily,CRYPTO,BINANCE,USDT,1,1,1,64.53,64.53,64.53,3.725449990481417,297,0.0,0.5,1,20.0,52.75343034917734,0.0024642947224384104,True,20.0,28.658956406076005,0.004536103763095806,True,20.0,20.414155056810994,0.006368130331048245,True,20.0,10.91533102180899,0.011909854107058972,True,20.0,9.884530131761577,0.01315186440499342,True,20.0,9.370172633784493,0.013873810556198329,True,1996.5466092653799,20.0,-0.26001835423676845,57.28843923656677
2021-10-25,64.53,69.9,64.35,69.73,2270486.65,,AVAXUSDT_daily,CRYPTO,BINANCE,USDT,1,1,1,69.73,69.73,69.73,4.257108482477044,298,0.0,0.5,1,20.0,52.75343034917734,0.0024642947224384104,True,20.0,28.658956406076005,0.004536103763095806,True,20.0,20.414155056810994,0.006368130331048245,True,20.0,10.91533102180899,0.011909854107058972,True,20.0,9.884530131761577,0.01315186440499342,True,20.0,9.370172633784493,0.013873810556198329,True,2104.4961624259677,20.0,1.6116534944986816,58.90009273106545
2021-10-26,69.74,73.01,67.61,68.66,3840473.4,,AVAXUSDT_daily,CRYPTO,BINANCE,USDT,1,1,1,68.66,68.66,68.66,4.731655184972033,299,0.0,0.5,1,20.0,52.75343034917734,0.0024642947224384104,True,20.0,28.658956406076005,0.004536103763095806,True,20.0,20.414155056810994,0.006368130331048245,True,20.0,10.91533102180899,0.011909854107058972,True,20.0,9.884530131761577,0.01315186440499342,True,20.0,9.370172633784493,0.013873810556198329,True,2081.609506724417,20.0,-0.3068980352789352,58.593194695786515
2021-10-27,68.68,69.82,57.02,61.57,4273308.61,,AVAXUSDT_daily,CRYPTO,BINANCE,USDT,1,1,1,61.57,61.57,61.57,4.732587920055123,300,0.0,0.5,1,-20.0,52.75343034917734,0.0024642947224384104,True,20.0,28.658956406076005,0.004536103763095806,True,20.0,20.414155056810994,0.006368130331048245,True,20.0,10.91533102180899,0.011909854107058972,True,20.0,9.884530131761577,0.01315186440499342,True,20.0,9.370172633784493,0.013873810556198329,True,1920.572109379499,16.933333333333334,-2.0652490533061463,56.52794564248037
2021-10-28,61.58,64.98,61.44,64.34,2484514.38,,AVAXUSDT_daily,CRYPTO,BINANCE,USDT,1,1,1,64.34,64.34,64.34,4.836244165835509,301,0.0,0.5,1,-20.0,52.75343034917734,0.0024642947224384104,True,20.0,28.658956406076005,0.004536103763095806,True,20.0,20.414155056810994,0.006368130331048245,True,20.0,10.91533102180899,0.011909854107058972,True,20.0,9.884530131761577,0.01315186440499342,True,20.0,9.370172633784493,0.013873810556198329,True,1981.4051453735708,16.933333333333334,0.7618212332846095,57.289766875764975
2021-10-29,64.34,66.19,63.43,64.87,1513107.96,,AVAXUSDT_daily,CRYPTO,BINANCE,USDT,1,1,1,64.87,64.87,64.87,4.954020031619096,302,0.0,0.5,1,20.0,52.75343034917734,0.0024642947224384104,True,20.0,28.658956406076005,0.004536103763095806,True,20.0,20.414155056810994,0.006368130331048245,True,20.0,10.91533102180899,0.011909854107058972,True,20.0,9.884530131761577,0.01315186440499342,True,20.0,9.370172633784493,0.013873810556198329,True,1993.1685364237912,20.0,0.13948813594446108,57.42925501170944
2021-10-30,64.87,64.96,60.89,62.35,1483432.23,,AVAXUSDT_daily,CRYPTO,BINANCE,USDT,1,1,1,62.35,62.35,62.35,4.892304886785186,303,0.0,0.5,1,-20.0,52.75343034917734,0.0024642947224384104,True,20.0,28.658956406076005,0.004536103763095806,True,20.0,20.414155056810994,0.006368130331048245,True,20.0,10.91533102180899,0.011909854107058972,True,20.0,9.884530131761577,0.01315186440499342,True,20.0,9.370172633784493,0.013873810556198329,True,1934.517198957339,16.933333333333334,-0.7769384923693545,56.65231651934008
2021-10-31,62.33,64.5,60.09,64.5,1531085.26,,AVAXUSDT_daily,CRYPTO,BINANCE,USDT,1,1,1,64.5,64.5,64.5,4.802956846952017,304,0.0,0.5,1,-20.0,52.75343034917734,0.0024642947224384104,True,20.0,28.658956406076005,0.004536103763095806,True,20.0,20.414155056810994,0.006368130331048245,True,20.0,10.91533102180899,0.011909854107058972,True,20.0,9.884530131761577,0.01315186440499342,True,20.0,9.370172633784493,0.013873810556198329,True,1983.533033875136,16.933333333333334,0.5839080459770126,57.236224565317094
2021-11-01,64.5,66.85,62.19,64.93,2515107.85,,AVAXUSDT_daily,CRYPTO,BINANCE,USDT,1,1,1,64.93,64.93,64.93,4.606988284403449,305,0.0,0.5,1,20.0,52.75343034917734,0.0024642947224384104,True,20.0,28.658956406076005,0.004536103763095806,True,20.0,20.414155056810994,0.006368130331048245,True,20.0,10.91533102180899,0.011909854107058972,True,20.0,9.884530131761577,0.01315186440499342,True,20.0,9.370172633784493,0.013873810556198329,True,1993.452118749995,20.0,0.1128888888888915,57.349113454205984
2021-11-02,64.94,68.04,64.26,67.74,1746644.56,,AVAXUSDT_daily,CRYPTO,BINANCE,USDT,1,1,1,67.74,67.74,67.74,4.534095946562073,306,0.0,0.5,1,20.0,52.75343034917734,0.0024642947224384104,True,20.0,28.658956406076005,0.004536103763095806,True,20.0,20.414155056810994,0.006368130331048245,True,20.0,10.91533102180899,0.011909854107058972,True,20.0,9.884530131761577,0.01315186440499342,True,20.0,9.370172633784493,0.013873810556198329,True,2056.1858120378556,20.0,0.8655475127059864,58.21466096691197
2021-11-03,67.75,75.57,67.09,75.55,4504183.21,,AVAXUSDT_daily,CRYPTO,BINANCE,USDT,1,1,1,75.55,75.55,75.55,5.2021897211401145,307,0.0,0.5,1,20.0,52.75343034917734,0.0024642947224384104,True,20.0,28.658956406076005,0.004536103763095806,True,20.0,20.414155056810994,0.006368130331048245,True,20.0,10.91533102180899,0.011909854107058972,True,20.0,9.884530131761577,0.01315186440499342,True,20.0,9.370172633784493,0.013873810556198329,True,2205.3214964055364,20.0,2.305875405963982,60.52053637287595
2021-11-04,75.56,80.91,73.91,78.97,4700338.465,,AVAXUSDT_daily,CRYPTO,BINANCE,USDT,1,1,1,78.97,78.97,78.97,6.036701325619469,308,0.0,0.5,1,20.0,52.75343034917734,0.0024642947224384104,True,20.0,28.658956406076005,0.004536103763095806,True,20.0,20.414155056810994,0.006368130331048245,True,20.0,10.91533102180899,0.011909854107058972,True,20.0,9.884530131761577,0.01315186440499342,True,20.0,9.370172633784493,0.013873810556198329,True,2268.6462059023647,20.0,0.9053606882859055,61.425897061161855
2021-11-05,78.96,81.0,72.13,74.19,2367154.9,,AVAXUSDT_daily,CRYPTO,BINANCE,USDT,1,1,1,74.19,74.19,74.19,6.207181134104107,309,0.0,0.5,1,20.0,52.75343034917734,0.0024642947224384104,True,20.0,28.658956406076005,0.004536103763095806,True,20.0,20.414155056810994,0.006368130331048245,True,20.0,10.91533102180899,0.011909854107058972,True,20.0,9.884530131761577,0.01315186440499342,True,20.0,9.370172633784493,0.013873810556198329,True,2175.651490985252,20.0,-1.2105862985944027,60.215310762567455
2021-11-06,74.19,78.72,72.32,78.72,1708791.07,,AVAXUSDT_daily,CRYPTO,BINANCE,USDT,1,1,1,78.72,78.72,78.72,6.529838778536816,310,0.0,0.5,1,20.0,52.75343034917734,0.0024642947224384104,True,20.0,28.658956406076005,0.004536103763095806,True,20.0,20.414155056810994,0.006368130331048245,True,20.0,10.91533102180899,0.011909854107058972,True,20.0,9.884530131761577,0.01315186440499342,True,20.0,9.370172633784493,0.013873810556198329,True,2259.174653561429,20.0,1.221188839466234,61.43649960203369
2021-11-07,78.7,88.88,78.0,87.57,4847020.516,,AVAXUSDT_daily,CRYPTO,BINANCE,USDT,1,1,1,87.57,87.57,87.57,7.599273788018305,311,0.0,0.5,1,20.0,52.75343034917734,0.0024642947224384104,True,20.0,28.658956406076005,0.004536103763095806,True,20.0,20.414155056810994,0.006368130331048245,True,20.0,10.91533102180899,0.011909854107058972,True,20.0,9.884530131761577,0.01315186440499342,True,20.0,9.370172633784493,0.013873810556198329,True,2401.4277780026455,20.0,2.2484756097560954,63.68497521178979
2021-11-08,87.56,96.92,83.61,91.18,6890764.661,,AVAXUSDT_daily,CRYPTO,BINANCE,USDT,1,1,1,91.18,91.18,91.18,8.766090228530377,312,0.0,0.5,1,20.0,52.75343034917734,0.0024642947224384104,True,20.0,28.658956406076005,0.004536103763095806,True,20.0,20.414155056810994,0.006368130331048245,True,20.0,10.91533102180899,0.011909854107058972,True,20.0,9.884530131761577,0.01315186440499342,True,20.0,9.370172633784493,0.013873810556198329,True,2458.1004765520124,20.0,0.8244832705264393,64.50945848231623
2021-11-09,91.18,91.49,87.0,88.33,2716240.59,,AVAXUSDT_daily,CRYPTO,BINANCE,USDT,1,1,1,88.33,88.33,88.33,9.382238132152684,313,0.0,0.5,1,20.0,52.75343034917734,0.0024642947224384104,True,20.0,28.658956406076005,0.004536103763095806,True,20.0,20.414155056810994,0.006368130331048245,True,20.0,10.91533102180899,0.011909854107058972,True,20.0,9.884530131761577,0.01315186440499342,True,20.0,9.370172633784493,0.013873810556198329,True,2411.713961399853,20.0,-0.6251370914674292,63.884321390848804
2021-11-10,88.35,94.0,78.31,85.23,4363326.07,,AVAXUSDT_daily,CRYPTO,BINANCE,USDT,1,1,1,85.23,85.23,85.23,9.613181958561894,314,0.0,0.5,1,20.0,52.75343034917734,0.0024642947224384104,True,20.0,28.658956406076005,0.004536103763095806,True,20.0,20.414155056810994,0.006368130331048245,True,20.0,10.91533102180899,0.011909854107058972,True,20.0,9.884530131761577,0.01315186440499342,True,20.0,9.370172633784493,0.013873810556198329,True,2359.2235110704087,20.0,-0.7019132797464045,63.1824081111024
2021-11-11,85.19,89.56,83.73,87.88,2085731.8,,AVAXUSDT_daily,CRYPTO,BINANCE,USDT,1,1,1,87.88,87.88,87.88,10.085615551498599,315,0.0,0.5,1,20.0,52.75343034917734,0.0024642947224384104,True,20.0,28.658956406076005,0.004536103763095806,True,20.0,20.414155056810994,0.006368130331048245,True,20.0,10.91533102180899,0.011909854107058972,True,20.0,9.884530131761577,0.01315186440499342,True,20.0,9.370172633784493,0.013873810556198329,True,2403.504528308382,20.0,0.6218467675701023,63.8042548786725
2021-11-12,87.86,89.88,81.11,84.78,2247279.59,,AVAXUSDT_daily,CRYPTO,BINANCE,USDT,1,1,1,84.78,84.78,84.78,10.214778715690567,316,0.0,0.5,1,20.0,52.75343034917734,0.0024642947224384104,True,20.0,28.658956406076005,0.004536103763095806,True,20.0,20.414155056810994,0.006368130331048245,True,20.0,10.91533102180899,0.011909854107058972,True,20.0,9.884530131761577,0.01315186440499342,True,20.0,9.370172633784493,0.013873810556198329,True,2349.5969996713584,20.0,-0.7055075102412367,63.09874736843126
2021-11-13,84.81,98.69,84.79,97.54,3519352.278,,AVAXUSDT_daily,CRYPTO,BINANCE,USDT,1,1,1,97.54,97.54,97.54,11.17777036189045,317,0.0,0.5,1,20.0,52.75343034917734,0.0024642947224384104,True,20.0,28.658956406076005,0.004536103763095806,True,20.0,20.414155056810994,0.006368130331048245,True,20.0,10.91533102180899,0.011909854107058972,True,20.0,9.884530131761577,0.01315186440499342,True,20.0,9.370172633784493,0.013873810556198329,True,2528.349116247884,20.0,3.010143901863649,66.1088912702949
2021-11-14,97.56,99.9,91.65,95.4,3548704.679,,AVAXUSDT_daily,CRYPTO,BINANCE,USDT,1,1,1,95.4,95.4,95.4,11.879936425489948,318,0.0,0.5,1,20.0,52.75343034917734,0.0024642947224384104,True,20.0,28.658956406076005,0.004536103763095806,True,20.0,20.414155056810994,0.006368130331048245,True,20.0,10.91533102180899,0.011909854107058972,True,20.0,9.884530131761577,0.01315186440499342,True,20.0,9.370172633784493,0.013873810556198329,True,2497.366001163499,20.0,-0.4387943407832684,65.67009692951163
2021-11-15,95.4,101.7,92.0,93.9,3770997.004,,AVAXUSDT_daily,CRYPTO,BINANCE,USDT,1,1,1,93.9,93.9,93.9,12.257915208678698,319,0.0,0.5,1,20.0,52.75343034917734,0.0024642947224384104,True,20.0,28.658956406076005,0.004536103763095806,True,20.0,20.414155056810994,0.006368130331048245,True,20.0,10.91533102180899,0.011909854107058972,True,20.0,9.884530131761577,0.01315186440499342,True,20.0,9.370172633784493,0.013873810556198329,True,2474.99879420029,20.0,-0.3144654088050314,65.3556315207066
2021-11-16,93.86,101.82,83.5,97.84,5618799.05,,AVAXUSDT_daily,CRYPTO,BINANCE,USDT,1,1,1,97.84,97.84,97.84,12.307842375793046,320,0.0,0.5,1,20.0,52.75343034917734,0.0024642947224384104,True,20.0,28.658956406076005,0.004536103763095806,True,20.0,20.414155056810994,0.006368130331048245,True,20.0,10.91533102180899,0.011909854107058972,True,20.0,9.884530131761577,0.01315186440499342,True,20.0,9.370172633784493,0.013873810556198329,True,2532.2920780918844,20.0,0.839190628328006,66.19482214903461
2021-11-17,97.8,110.0,91.5,107.63,7144221.098,,AVAXUSDT_daily,CRYPTO,BINANCE,USDT,1,1,1,107.63,107.63,107.63,13.133936155904177,321,0.0,0.5,1,20.0,52.75343034917734,0.0024642947224384104,True,20.0,28.658956406076005,0.004536103763095806,True,20.0,20.414155056810994,0.006368130331048245,True,20.0,10.91533102180899,0.011909854107058972,True,20.0,9.884530131761577,0.01315186440499342,True,20.0,9.370172633784493,0.013873810556198329,True,2659.889060763473,20.0,2.001226492232213,68.19604864126683
2021-11-18,107.62,110.41,92.0,100.63,5656362.447,,AVAXUSDT_daily,CRYPTO,BINANCE,USDT,1,1,1,100.63,100.63,100.63,13.047816554585053,322,0.0,0.5,1,20.0,52.75343034917734,0.0024642947224384104,True,20.0,28.658956406076005,0.004536103763095806,True,20.0,20.414155056810994,0.006368130331048245,True,20.0,10.91533102180899,0.011909854107058972,True,20.0,9.884530131761577,0.01315186440499342,True,20.0,9.370172633784493,0.013873810556198329,True,2564.012217005391,20.0,-1.300752578277431,66.8952960629894
2021-11-19,100.54,112.35,95.89,111.93,4039089.13,,AVAXUSDT_daily,CRYPTO,BINANCE,USDT,1,1,1,111.93,111.93,111.93,13.37519802116072,323,0.0,0.5,1,20.0,52.75343034917734,0.0024642947224384104,True,20.0,28.658956406076005,0.004536103763095806,True,20.0,20.414155056810994,0.006368130331048245,True,20.0,10.91533102180899,0.011909854107058972,True,20.0,9.884530131761577,0.01315186440499342,True,20.0,9.370172633784493,0.013873810556198329,True,2700.2990530521356,20.0,2.2458511378316626,69.14114720082107
2021-11-20,111.91,129.94,111.57,125.83,5546998.32,,AVAXUSDT_daily,CRYPTO,BINANCE,USDT,1,1,1,125.83,125.83,125.83,14.95004392706092,324,0.0,0.5,1,20.0,52.75343034917734,0.0024642947224384104,True,20.0,28.658956406076005,0.004536103763095806,True,20.0,20.414155056810994,0.006368130331048245,True,20.0,10.91533102180899,0.011909854107058972,True,20.0,9.884530131761577,0.01315186440499342,True,20.0,9.370172633784493,0.013873810556198329,True,2845.9802868219995,20.0,2.4836951666219953,71.62484236744307
2021-11-21,125.86,147.0,123.23,128.47,7608661.934,,AVAXUSDT_daily,CRYPTO,BINANCE,USDT,1,1,1,128.47,128.47,128.47,16.096778518828195,325,0.0,0.5,1,20.0,52.75343034917734,0.0024642947224384104,True,20.0,28.658956406076005,0.004536103763095806,True,20.0,20.414155056810994,0.006368130331048245,True,20.0,10.91533102180899,0.011909854107058972,True,20.0,9.884530131761577,0.01315186440499342,True,20.0,9.370172633784493,0.013873810556198329,True,2873.6140922117356,20.0,0.4196137646030351,72.0444561320461
2021-11-22,128.52,145.0,125.76,134.84,6564376.0,,AVAXUSDT_daily,CRYPTO,BINANCE,USDT,1,1,1,134.84,134.84,134.84,17.494430233949448,326,0.0,0.5,1,20.0,52.75343034917734,0.0024642947224384104,True,20.0,28.658956406076005,0.004536103763095806,True,20.0,20.414155056810994,0.006368130331048245,True,20.0,10.91533102180899,0.011909854107058972,True,20.0,9.884530131761577,0.01315186440499342,True,20.0,9.370172633784493,0.013873810556198329,True,2938.2795275845815,20.0,0.991671207285747,73.03612733933184
2021-11-23,134.84,136.49,121.75,123.83,4209995.63,,AVAXUSDT_daily,CRYPTO,BINANCE,USDT,1,1,1,123.83,123.83,123.83,17.805761478861367,327,0.0,0.5,1,20.0,52.75343034917734,0.0024642947224384104,True,20.0,28.658956406076005,0.004536103763095806,True,20.0,20.414155056810994,0.006368130331048245,True,20.0,10.91533102180899,0.011909854107058972,True,20.0,9.884530131761577,0.01315186440499342,True,20.0,9.370172633784493,0.013873810556198329,True,2820.726126946112,20.0,-1.6330465737169986,71.40308076561485
2021-11-24,123.83,124.68,112.64,115.24,4577775.34,,AVAXUSDT_daily,CRYPTO,BINANCE,USDT,1,1,1,115.24,115.24,115.24,17.53174282026141,328,0.0,0.5,1,20.0,52.75343034917734,0.0024642947224384104,True,20.0,28.658956406076005,0.004536103763095806,True,20.0,20.414155056810994,0.006368130331048245,True,20.0,10.91533102180899,0.011909854107058972,True,20.0,9.884530131761577,0.01315186440499342,True,20.0,9.370172633784493,0.013873810556198329,True,2723.6556249093787,20.0,-1.387385932326577,70.01569483328826
2021-11-25,115.25,130.0,114.22,119.27,4680745.85,,AVAXUSDT_daily,CRYPTO,BINANCE,USDT,1,1,1,119.27,119.27,119.27,16.84923381047334,329,0.0,0.5,1,20.0,52.75343034917734,0.0024642947224384104,True,20.0,28.658956406076005,0.004536103763095806,True,20.0,20.414155056810994,0.006368130331048245,True,20.0,10.91533102180899,0.011909854107058972,True,20.0,9.884530131761577,0.01315186440499342,True,20.0,9.370172633784493,0.013873810556198329,True,2768.4917568611186,20.0,0.6994099271086451,70.71510476039691
2021-11-26,119.25,119.87,101.31,104.27,4575826.59,,AVAXUSDT_daily,CRYPTO,BINANCE,USDT,1,1,1,104.27,104.27,104.27,15.867227222701512,330,0.0,0.5,1,-20.0,52.75343034917734,0.0024642947224384104,True,20.0,28.658956406076005,0.004536103763095806,True,20.0,20.414155056810994,0.006368130331048245,True,20.0,10.91533102180899,0.011909854107058972,True,20.0,9.884530131761577,0.01315186440499342,True,20.0,9.370172633784493,0.013873810556198329,True,2588.844879058196,16.933333333333334,-2.5153014169531307,68.19980334344378
2021-11-27,104.3,118.0,103.22,113.52,2842064.96,,AVAXUSDT_daily,CRYPTO,BINANCE,USDT,1,1,1,113.52,113.52,113.52,15.502968170813643,331,0.0,0.5,1,-20.0,52.75343034917734,0.0024642947224384104,True,20.0,28.658956406076005,0.004536103763095806,True,20.0,20.414155056810994,0.006368130331048245,True,20.0,10.91533102180899,0.011909854107058972,True,20.0,9.884530131761577,0.01315186440499342,True,20.0,9.370172633784493,0.013873810556198329,True,2690.4434560461195,16.933333333333334,1.5021898276909307,69.7019931711347
2021-11-28,113.55,113.97,100.57,110.42,3365794.57,,AVAXUSDT_daily,CRYPTO,BINANCE,USDT,1,1,1,110.42,110.42,110.42,15.168989453903292,332,0.0,0.5,1,-20.0,52.75343034917734,0.0024642947224384104,True,20.0,28.658956406076005,0.004536103763095806,True,20.0,20.414155056810994,0.006368130331048245,True,20.0,10.91533102180899,0.011909854107058972,True,20.0,9.884530131761577,0.01315186440499342,True,20.0,9.370172633784493,0.013873810556198329,True,2654.9461618597998,16.933333333333334,-0.46241484613577566,69.23957832499893
2021-11-29,110.42,120.41,109.03,120.39,2516574.06,,AVAXUSDT_daily,CRYPTO,BINANCE,USDT,1,1,1,120.39,120.39,120.39,14.856472840588895,333,0.0,0.5,1,20.0,52.75343034917734,0.0024642947224384104,True,20.0,28.658956406076005,0.004536103763095806,True,20.0,20.414155056810994,0.006368130331048245,True,20.0,10.91533102180899,0.011909854107058972,True,20.0,9.884530131761577,0.01315186440499342,True,20.0,9.370172633784493,0.013873810556198329,True,2759.4497042486387,20.0,1.528937994324698,70.76851631932362
2021-11-30,120.39,124.8,114.0,120.41,3625461.85,,AVAXUSDT_daily,CRYPTO,BINANCE,USDT,1,1,1,120.41,120.41,120.41,14.088657961562278,334,0.0,0.5,1,20.0,52.75343034917734,0.0024642947224384104,True,20.0,28.658956406076005,0.004536103763095806,True,20.0,20.414155056810994,0.006368130331048245,True,20.0,10.91533102180899,0.011909854107058972,True,20.0,9.884530131761577,0.01315186440499342,True,20.0,9.370172633784493,0.013873810556198329,True,2759.6633747738433,20.0,0.0033225350942744925,70.7718388544179
2021-12-01,120.42,127.41,117.25,119.65,3007063.68,,AVAXUSDT_daily,CRYPTO,BINANCE,USDT,1,1,1,119.65,119.65,119.65,13.265855052093523,335,0.0,0.5,1,20.0,52.75343034917734,0.0024642947224384104,True,20.0,28.658956406076005,0.004536103763095806,True,20.0,20.414155056810994,0.006368130331048245,True,20.0,10.91533102180899,0.011909854107058972,True,20.0,9.884530131761577,0.01315186440499342,True,20.0,9.370172633784493,0.013873810556198329,True,2751.3426281511543,20.0,-0.12623536251141765,70.64560349190647
2021-12-02,119.64,119.75,106.88,107.78,2475877.81,,AVAXUSDT_daily,CRYPTO,BINANCE,USDT,1,1,1,107.78,107.78,107.78,11.758061724889568,336,0.0,0.5,1,-20.0,52.75343034917734,0.0024642947224384104,True,20.0,28.658956406076005,0.004536103763095806,True,20.0,20.414155056810994,0.006368130331048245,True,20.0,10.91533102180899,0.011909854107058972,True,20.0,9.884530131761577,0.01315186440499342,True,20.0,9.370172633784493,0.013873810556198329,True,2611.3622111939594,16.933333333333334,-1.9841203510238192,68.66148314088265
2021-12-03,107.79,113.23,100.0,108.32,3316203.87,,AVAXUSDT_daily,CRYPTO,BINANCE,USDT,1,1,1,108.32,108.32,108.32,11.276321383650153,337,0.0,0.5,1,-20.0,52.75343034917734,0.0024642947224384104,True,-20.0,28.658956406076005,0.004536103763095806,True,20.0,20.414155056810994,0.006368130331048245,True,20.0,10.91533102180899,0.011909854107058972,True,20.0,9.884530131761577,0.01315186440499342,True,20.0,9.370172633784493,0.013873810556198329,True,2617.828012192219,8.466666666666667,0.08483948784561024,68.74632262872827
2021-12-04,108.36,108.81,76.57,93.05,6768729.16,,AVAXUSDT_daily,CRYPTO,BINANCE,USDT,1,1,1,93.05,93.05,93.05,11.479543315691586,338,0.0,0.5,1,-20.0,52.75343034917734,0.0024642947224384104,True,-20.0,28.658956406076005,0.004536103763095806,True,20.0,20.414155056810994,0.006368130331048245,True,20.0,10.91533102180899,0.011909854107058972,True,20.0,9.884530131761577,0.01315186440499342,True,20.0,9.370172633784493,0.013873810556198329,True,2417.3523158378007,8.466666666666667,-1.1935561299852286,67.55276649874304
2021-12-05,93.02,95.5,82.55,86.35,3562051.48,,AVAXUSDT_daily,CRYPTO,BINANCE,USDT,1,1,1,86.35,86.35,86.35,12.235156108525846,339,0.0,0.5,1,-20.0,52.75343034917734,0.0024642947224384104,True,-20.0,28.658956406076005,0.004536103763095806,True,20.0,20.414155056810994,0.006368130331048245,True,20.0,10.91533102180899,0.011909854107058972,True,20.0,9.884530131761577,0.01315186440499342,True,20.0,9.370172633784493,0.013873810556198329,True,2322.204614135249,8.466666666666667,-0.6096363962027582,66.94313010254028
2021-12-06,86.34,94.9,77.0,92.97,5155977.54,,AVAXUSDT_daily,CRYPTO,BINANCE,USDT,1,1,1,92.97,92.97,92.97,12.585372879907577,340,0.0,0.5,1,-20.0,52.75343034917734,0.0024642947224384104,True,-20.0,28.658956406076005,0.004536103763095806,True,20.0,20.414155056810994,0.006368130331048245,True,20.0,10.91533102180899,0.011909854107058972,True,20.0,9.884530131761577,0.01315186440499342,True,20.0,9.370172633784493,0.013873810556198329,True,2409.3214854257685,8.466666666666667,0.649094769349547,67.59222487188983
2021-12-07,92.93,96.62,88.0,89.57,2882225.85,,AVAXUSDT_daily,CRYPTO,BINANCE,USDT,1,1,1,89.57,89.57,89.57,13.544875162137602,341,0.0,0.5,1,-20.0,52.75343034917734,0.0024642947224384104,True,-20.0,28.658956406076005,0.004536103763095806,True,-20.0,20.414155056810994,0.006368130331048245,True,20.0,10.91533102180899,0.011909854107058972,True,20.0,9.884530131761577,0.01315186440499342,True,20.0,9.370172633784493,0.013873810556198329,True,2362.121986196689,0.0,-0.30963393209279005,67.28259093979703
2021-12-08,89.54,93.22,86.0,93.19,1976726.13,,AVAXUSDT_daily,CRYPTO,BINANCE,USDT,1,1,1,93.19,93.19,93.19,13.950505178553195,342,0.0,0.5,1,-20.0,52.75343034917734,0.0024642947224384104,True,-20.0,28.658956406076005,0.004536103763095806,True,-20.0,20.414155056810994,0.006368130331048245,True,20.0,10.91533102180899,0.011909854107058972,True,20.0,9.884530131761577,0.01315186440499342,True,20.0,9.370172633784493,0.013873810556198329,True,2411.0948536726496,0.0,0.0,67.28259093979703
2021-12-09,93.2,94.57,83.28,85.46,2603024.55,,AVAXUSDT_daily,CRYPTO,BINANCE,USDT,1,1,1,85.46,85.46,85.46,15.065219712967929,343,0.0,0.5,1,-20.0,52.75343034917734,0.0024642947224384104,True,-20.0,28.658956406076005,0.004536103763095806,True,-20.0,20.414155056810994,0.006368130331048245,True,20.0,10.91533102180899,0.011909854107058972,True,20.0,9.884530131761577,0.01315186440499342,True,20.0,9.370172633784493,0.013873810556198329,True,2297.5590780022176,0.0,-0.0,67.28259093979703
2021-12-10,85.41,91.78,80.22,80.61,3342367.08,,AVAXUSDT_daily,CRYPTO,BINANCE,USDT,1,1,1,80.61,80.61,80.61,15.879105925712494,344,0.0,0.5,1,-20.0,52.75343034917734,0.0024642947224384104,True,-20.0,28.658956406076005,0.004536103763095806,True,-20.0,20.414155056810994,0.006368130331048245,True,20.0,10.91533102180899,0.011909854107058972,True,20.0,9.884530131761577,0.01315186440499342,True,20.0,9.370172633784493,0.013873810556198329,True,2221.222564683855,0.0,-0.0,67.28259093979703
2021-12-11,80.57,87.07,78.32,86.55,2324989.97,,AVAXUSDT_daily,CRYPTO,BINANCE,USDT,1,1,1,86.55,86.55,86.55,15.71464703121859,345,0.0,0.5,1,-20.0,52.75343034917734,0.0024642947224384104,True,-20.0,28.658956406076005,0.004536103763095806,True,-20.0,20.414155056810994,0.006368130331048245,True,20.0,10.91533102180899,0.011909854107058972,True,20.0,9.884530131761577,0.01315186440499342,True,20.0,9.370172633784493,0.013873810556198329,True,2307.9173594267836,0.0,0.0,67.28259093979703
2021-12-12,86.55,88.97,82.94,88.0,1544788.55,,AVAXUSDT_daily,CRYPTO,BINANCE,USDT,1,1,1,88.0,88.0,88.0,14.523265500205921,346,0.0,0.5,1,-20.0,52.75343034917734,0.0024642947224384104,True,-20.0,28.658956406076005,0.004536103763095806,True,-20.0,20.414155056810994,0.006368130331048245,True,20.0,10.91533102180899,0.011909854107058972,True,20.0,9.884530131761577,0.01315186440499342,True,20.0,9.370172633784493,0.013873810556198329,True,2329.1274465977403,0.0,0.0,67.28259093979703
2021-12-13,88.01,89.92,75.5,79.05,3604282.51,,AVAXUSDT_daily,CRYPTO,BINANCE,USDT,1,1,1,79.05,79.05,79.05,14.585286484745618,347,0.0,0.5,1,-20.0,52.75343034917734,0.0024642947224384104,True,-20.0,28.658956406076005,0.004536103763095806,True,-20.0,20.414155056810994,0.006368130331048245,True,20.0,10.91533102180899,0.011909854107058972,True,20.0,9.884530131761577,0.01315186440499342,True,20.0,9.370172633784493,0.013873810556198329,True,2185.832136924539,0.0,-0.0,67.28259093979703
2021-12-14,79.05,87.46,76.31,87.17,2973253.39,,AVAXUSDT_daily,CRYPTO,BINANCE,USDT,1,1,1,87.17,87.17,87.17,14.462893719337083,348,0.0,0.5,1,-20.0,52.75343034917734,0.0024642947224384104,True,-20.0,28.658956406076005,0.004536103763095806,True,-20.0,20.414155056810994,0.006368130331048245,True,20.0,10.91533102180899,0.011909854107058972,True,20.0,9.884530131761577,0.01315186440499342,True,20.0,9.370172633784493,0.013873810556198329,True,2301.0039428367654,0.0,0.0,67.28259093979703
2021-12-15,87.16,105.77,86.1,101.24,6449158.02,,AVAXUSDT_daily,CRYPTO,BINANCE,USDT,1,1,1,101.24,101.24,101.24,13.694100256756677,349,0.0,0.5,1,20.0,52.75343034917734,0.0024642947224384104,True,-20.0,28.658956406076005,0.004536103763095806,True,-20.0,20.414155056810994,0.006368130331048245,True,20.0,10.91533102180899,0.011909854107058972,True,20.0,9.884530131761577,0.01315186440499342,True,20.0,9.370172633784493,0.013873810556198329,True,2462.2132038519185,8.466666666666667,0.0,67.28259093979703
2021-12-16,101.28,110.0,98.0,98.21,4989316.02,,AVAXUSDT_daily,CRYPTO,BINANCE,USDT,1,1,1,98.21,98.21,98.21,13.62421237704165,350,0.0,0.5,1,20.0,52.75343034917734,0.0024642947224384104,True,-20.0,28.658956406076005,0.004536103763095806,True,-20.0,20.414155056810994,0.006368130331048245,True,20.0,10.91533102180899,0.011909854107058972,True,20.0,9.884530131761577,0.01315186440499342,True,20.0,9.370172633784493,0.013873810556198329,True,2425.8211010420014,8.466666666666667,-0.2533978664559461,67.02919307334109
2021-12-17,98.23,116.1,98.14,110.81,6159186.26,,AVAXUSDT_daily,CRYPTO,BINANCE,USDT,1,1,1,110.81,110.81,110.81,13.47539707451278,351,0.0,0.5,1,20.0,52.75343034917734,0.0024642947224384104,True,20.0,28.658956406076005,0.004536103763095806,True,-20.0,20.414155056810994,0.006368130331048245,True,20.0,10.91533102180899,0.011909854107058972,True,20.0,9.884530131761577,0.01315186440499342,True,20.0,9.370172633784493,0.013873810556198329,True,2556.835355129088,16.933333333333334,1.0862437633642203,68.11543683670531
2021-12-18,110.82,117.39,105.51,115.9,3442233.16,,AVAXUSDT_daily,CRYPTO,BINANCE,USDT,1,1,1,115.9,115.9,115.9,13.794031279773382,352,0.0,0.5,1,20.0,52.75343034917734,0.0024642947224384104,True,20.0,28.658956406076005,0.004536103763095806,True,20.0,20.414155056810994,0.006368130331048245,True,20.0,10.91533102180899,0.011909854107058972,True,20.0,9.884530131761577,0.01315186440499342,True,20.0,9.370172633784493,0.013873810556198329,True,2608.3612787890293,20.0,0.7778239027765252,68.89326073948183
2021-12-19,115.91,116.69,106.66,107.61,2140304.15,,AVAXUSDT_daily,CRYPTO,BINANCE,USDT,1,1,1,107.61,107.61,107.61,12.985995087826375,353,0.0,0.5,1,20.0,52.75343034917734,0.0024642947224384104,True,20.0,28.658956406076005,0.004536103763095806,True,20.0,20.414155056810994,0.006368130331048245,True,20.0,10.91533102180899,0.011909854107058972,True,20.0,9.884530131761577,0.01315186440499342,True,20.0,9.370172633784493,0.013873810556198329,True,2518.137319039287,20.0,-1.4305435720448667,67.46271716743696
2021-12-20,107.61,116.33,100.96,113.55,4463038.26,,AVAXUSDT_daily,CRYPTO,BINANCE,USDT,1,1,1,113.55,113.55,113.55,12.430374766759984,354,0.0,0.5,1,20.0,52.75343034917734,0.0024642947224384104,True,20.0,28.658956406076005,0.004536103763095806,True,20.0,20.414155056810994,0.006368130331048245,True,20.0,10.91533102180899,0.011909854107058972,True,20.0,9.884530131761577,0.01315186440499342,True,20.0,9.370172633784493,0.013873810556198329,True,2580.3208897906043,20.0,1.1039866183440195,68.56670378578099
2021-12-21,113.52,123.97,110.59,123.24,3711910.2,,AVAXUSDT_daily,CRYPTO,BINANCE,USDT,1,1,1,123.24,123.24,123.24,12.791509221272241,355,0.0,0.5,1,20.0,52.75343034917734,0.0024642947224384104,True,20.0,28.658956406076005,0.004536103763095806,True,20.0,20.414155056810994,0.006368130331048245,True,20.0,10.91533102180899,0.011909854107058972,True,20.0,9.884530131761577,0.01315186440499342,True,20.0,9.370172633784493,0.013873810556198329,True,2674.20444334823,20.0,1.7067371202113613,70.27344090599235
2021-12-22,123.23,127.32,115.55,116.69,2949493.16,,AVAXUSDT_daily,CRYPTO,BINANCE,USDT,1,1,1,116.69,116.69,116.69,13.315326388868703,356,0.0,0.5,1,20.0,52.75343034917734,0.0024642947224384104,True,20.0,28.658956406076005,0.004536103763095806,True,20.0,20.414155056810994,0.006368130331048245,True,20.0,10.91533102180899,0.011909854107058972,True,20.0,9.884530131761577,0.01315186440499342,True,20.0,9.370172633784493,0.013873810556198329,True,2606.836144769807,20.0,-1.0629665692956825,69.21047433669666
2021-12-23,116.68,125.06,116.22,121.4,2526919.7,,AVAXUSDT_daily,CRYPTO,BINANCE,USDT,1,1,1,121.4,121.4,121.4,14.150286178991804,357,0.0,0.5,1,20.0,52.75343034917734,0.0024642947224384104,True,20.0,28.658956406076005,0.004536103763095806,True,20.0,20.414155056810994,0.006368130331048245,True,20.0,10.91533102180899,0.011909854107058972,True,20.0,9.884530131761577,0.01315186440499342,True,20.0,9.370172633784493,0.013873810556198329,True,2654.266162195875,20.0,0.8072671180049706,70.01774145470164
2021-12-24,121.45,124.57,113.19,114.94,2103167.74,,AVAXUSDT_daily,CRYPTO,BINANCE,USDT,1,1,1,114.94,114.94,114.94,14.54509628887446,358,0.0,0.5,1,20.0,52.75343034917734,0.0024642947224384104,True,20.0,28.658956406076005,0.004536103763095806,True,20.0,20.414155056810994,0.006368130331048245,True,20.0,10.91533102180899,0.011909854107058972,True,20.0,9.884530131761577,0.01315186440499342,True,20.0,9.370172633784493,0.013873810556198329,True,2585.2016623095165,20.0,-1.0642504118616158,68.95349104284001
2021-12-25,114.95,116.93,112.0,115.01,1699906.82,,AVAXUSDT_daily,CRYPTO,BINANCE,USDT,1,1,1,115.01,115.01,115.01,14.580106950369345,359,0.0,0.5,1,20.0,52.75343034917734,0.0024642947224384104,True,20.0,28.658956406076005,0.004536103763095806,True,20.0,20.414155056810994,0.006368130331048245,True,20.0,10.91533102180899,0.011909854107058972,True,20.0,9.884530131761577,0.01315186440499342,True,20.0,9.370172633784493,0.013873810556198329,True,2585.964936123825,20.0,0.012180267965895553,68.9656713108059
2021-12-26,114.99,118.0,109.28,115.02,1883628.3,,AVAXUSDT_daily,CRYPTO,BINANCE,USDT,1,1,1,115.02,115.02,115.02,14.768744343162085,360,0.0,0.5,1,20.0,52.75343034917734,0.0024642947224384104,True,20.0,28.658956406076005,0.004536103763095806,True,20.0,20.414155056810994,0.006368130331048245,True,20.0,10.91533102180899,0.011909854107058972,True,20.0,9.884530131761577,0.01315186440499342,True,20.0,9.370172633784493,0.013873810556198329,True,2586.076181604745,20.0,0.0017389792191968567,68.9674102900251
2021-12-27,115.06,120.96,113.23,113.85,1738245.11,,AVAXUSDT_daily,CRYPTO,BINANCE,USDT,1,1,1,113.85,113.85,113.85,14.67691330663652,361,0.0,0.5,1,-3.200702268694158,52.75343034917734,0.0024642947224384104,True,20.0,28.658956406076005,0.004536103763095806,True,20.0,20.414155056810994,0.006368130331048245,True,20.0,10.91533102180899,0.011909854107058972,True,20.0,9.884530131761577,0.01315186440499342,True,20.0,9.370172633784493,0.013873810556198329,True,2572.676892775688,20.0,-0.20344287949921824,68.76396741052588
2021-12-28,113.85,116.73,104.33,107.06,2819996.86,,AVAXUSDT_daily,CRYPTO,BINANCE,USDT,1,1,1,107.06,107.06,107.06,14.496914472070397,362,0.0,0.5,1,-20.0,52.75343034917734,0.0024642947224384104,True,20.0,28.658956406076005,0.004536103763095806,True,20.0,20.414155056810994,0.006368130331048245,True,20.0,10.91533102180899,0.011909854107058972,True,20.0,9.884530131761577,0.01315186440499342,True,20.0,9.370172633784493,0.013873810556198329,True,2489.8224340365296,16.933333333333334,-1.1927975406236269,67.57116986990225
2021-12-29,107.05,110.55,102.3,103.1,1941041.1,,AVAXUSDT_daily,CRYPTO,BINANCE,USDT,1,1,1,103.1,103.1,103.1,13.826277984140729,363,0.0,0.5,1,-20.0,52.75343034917734,0.0024642947224384104,True,-20.0,28.658956406076005,0.004536103763095806,True,20.0,20.414155056810994,0.006368130331048245,True,20.0,10.91533102180899,0.011909854107058972,True,20.0,9.884530131761577,0.01315186440499342,True,20.0,9.370172633784493,0.013873810556198329,True,2438.972590576277,8.466666666666667,-0.6263403698860467,66.9448295000162
2021-12-30,103.1,105.4,98.25,101.75,1935135.51,,AVAXUSDT_daily,CRYPTO,BINANCE,USDT,1,1,1,101.75,101.75,101.75,12.623269188288655,364,0.0,0.5,1,-20.0,52.75343034917734,0.0024642947224384104,True,-20.0,28.658956406076005,0.004536103763095806,True,20.0,20.414155056810994,0.006368130331048245,True,20.0,10.91533102180899,0.011909854107058972,True,20.0,9.884530131761577,0.01315186440499342,True,20.0,9.370172633784493,0.013873810556198329,True,2421.0693081328086,8.466666666666667,-0.11086323957322948,66.83396626044296
2021-12-31,101.75,111.99,100.13,109.43,2472910.64,,AVAXUSDT_daily,CRYPTO,BINANCE,USDT,1,1,1,109.43,109.43,109.43,11.775389266110006,365,0.0,0.5,1,-20.0,52.75343034917734,0.0024642947224384104,True,-20.0,28.658956406076005,0.004536103763095806,True,20.0,20.414155056810994,0.006368130331048245,True,20.0,10.91533102180899,0.011909854107058972,True,20.0,9.884530131761577,0.01315186440499342,True,20.0,9.370172633784493,0.013873810556198329,True,2515.3816463692733,8.466666666666667,0.6390565110565108,67.47302277149947
2022-01-01,109.43,114.5,108.42,114.13,1211127.98,,AVAXUSDT_daily,CRYPTO,BINANCE,USDT,1,1,1,114.13,114.13,114.13,10.960015174787694,366,0.0,0.5,1,20.0,52.75343034917734,0.0024642947224384104,True,-3.6662190366651926,28.658956406076005,0.004536103763095806,True,20.0,20.414155056810994,0.006368130331048245,True,20.0,10.91533102180899,0.011909854107058972,True,20.0,9.884530131761577,0.01315186440499342,True,20.0,9.370172633784493,0.013873810556198329,True,2571.484011763934,20.0,0.3636419019769104,67.83666467347638
2022-01-02,114.12,117.53,112.0,113.03,1157325.57,,AVAXUSDT_daily,CRYPTO,BINANCE,USDT,1,1,1,113.03,113.03,113.03,8.524446023056129,367,0.0,0.5,1,20.0,52.75343034917734,0.0024642947224384104,True,20.0,28.658956406076005,0.004536103763095806,True,20.0,20.414155056810994,0.006368130331048245,True,20.0,10.91533102180899,0.011909854107058972,True,20.0,9.884530131761577,0.01315186440499342,True,20.0,9.370172633784493,0.013873810556198329,True,2557.9800430969008,20.0,-0.19276263909576707,67.64390203438062
2022-01-03,113.02,114.13,106.01,108.11,1518111.91,,AVAXUSDT_daily,CRYPTO,BINANCE,USDT,1,1,1,108.11,108.11,108.11,6.6273805256357745,368,0.0,0.5,1,-20.0,52.75343034917734,0.0024642947224384104,True,-20.0,28.658956406076005,0.004536103763095806,True,20.0,20.414155056810994,0.006368130331048245,True,20.0,10.91533102180899,0.011909854107058972,True,20.0,9.884530131761577,0.01315186440499342,True,20.0,9.370172633784493,0.013873810556198329,True,2494.333605521285,8.466666666666667,-0.8705653366362909,66.77333669774433
2022-01-04,108.11,109.28,102.78,103.33,1646729.79,,AVAXUSDT_daily,CRYPTO,BINANCE,USDT,1,1,1,103.33,103.33,103.33,6.4767659855499105,369,0.0,0.5,1,-20.0,52.75343034917734,0.0024642947224384104,True,-20.0,28.658956406076005,0.004536103763095806,True,-10.532643784032462,20.414155056810994,0.006368130331048245,True,20.0,10.91533102180899,0.011909854107058972,True,20.0,9.884530131761577,0.01315186440499342,True,20.0,9.370172633784493,0.013873810556198329,True,2429.0773753284557,2.0039237323797963,-0.37434711559214423,66.39898958215218
2022-01-05,103.33,106.66,90.4,97.42,2277529.75,,AVAXUSDT_daily,CRYPTO,BINANCE,USDT,1,1,1,97.42,97.42,97.42,6.562693525968344,370,0.0,0.5,1,-20.0,52.75343034917734,0.0024642947224384104,True,-20.0,28.658956406076005,0.004536103763095806,True,-20.0,20.414155056810994,0.006368130331048245,True,20.0,10.91533102180899,0.011909854107058972,True,20.0,9.884530131761577,0.01315186440499342,True,20.0,9.370172633784493,0.013873810556198329,True,2343.2224677299923,0.0,-0.11461520621663208,66.28437437593556
2022-01-06,97.42,97.97,91.04,95.11,1633034.05,,AVAXUSDT_daily,CRYPTO,BINANCE,USDT,1,1,1,95.11,95.11,95.11,7.493464099501892,371,0.0,0.5,1,-20.0,52.75343034917734,0.0024642947224384104,True,-20.0,28.658956406076005,0.004536103763095806,True,-20.0,20.414155056810994,0.006368130331048245,True,20.0,10.91533102180899,0.011909854107058972,True,20.0,9.884530131761577,0.01315186440499342,True,20.0,9.370172633784493,0.013873810556198329,True,2308.253922799048,0.0,-0.0,66.28437437593556
2022-01-07,95.1,95.54,85.0,86.74,2602084.56,,AVAXUSDT_daily,CRYPTO,BINANCE,USDT,1,1,1,86.74,86.74,86.74,9.057759918260123,372,0.0,0.5,1,-20.0,52.75343034917734,0.0024642947224384104,True,-20.0,28.658956406076005,0.004536103763095806,True,-20.0,20.414155056810994,0.006368130331048245,True,20.0,10.91533102180899,0.011909854107058972,True,20.0,9.884530131761577,0.01315186440499342,True,20.0,9.370172633784493,0.013873810556198329,True,2171.4917319423716,0.0,-0.0,66.28437437593556
2022-01-08,86.74,89.64,79.18,83.9,2469062.48,,AVAXUSDT_daily,CRYPTO,BINANCE,USDT,1,1,1,83.9,83.9,83.9,10.662328902804326,373,0.0,0.5,1,-20.0,52.75343034917734,0.0024642947224384104,True,-20.0,28.658956406076005,0.004536103763095806,True,-20.0,20.414155056810994,0.006368130331048245,True,4.638529847167865,10.91533102180899,0.011909854107058972,True,20.0,9.884530131761577,0.01315186440499342,True,20.0,9.370172633784493,0.013873810556198329,True,2122.713696794343,-3.2515111823494687,-0.0,66.28437437593556
2022-01-09,83.87,91.88,82.46,89.33,1808479.57,,AVAXUSDT_daily,CRYPTO,BINANCE,USDT,1,1,1,89.33,89.33,89.33,11.33399566047105,374,0.0,0.5,1,-20.0,52.75343034917734,0.0024642947224384104,True,-20.0,28.658956406076005,0.004536103763095806,True,-20.0,20.414155056810994,0.006368130331048245,True,-20.0,10.91533102180899,0.011909854107058972,True,20.0,9.884530131761577,0.01315186440499342,True,20.0,9.370172633784493,0.013873810556198329,True,2209.4899339148787,-8.466666666666667,-0.21043749368483416,66.07393688225072
2022-01-10,89.32,92.4,80.1,84.36,2836094.17,,AVAXUSDT_daily,CRYPTO,BINANCE,USDT,1,1,1,84.36,84.36,84.36,11.664541173551212,375,0.0,0.5,1,-20.0,52.75343034917734,0.0024642947224384104,True,-20.0,28.658956406076005,0.004536103763095806,True,-20.0,20.414155056810994,0.006368130331048245,True,-20.0,10.91533102180899,0.011909854107058972,True,20.0,9.884530131761577,0.01315186440499342,True,20.0,9.370172633784493,0.013873810556198329,True,2124.792873417592,-8.466666666666667,0.4710548901078397,66.54499177235856
2022-01-11,84.42,91.0,83.21,89.59,1431317.89,,AVAXUSDT_daily,CRYPTO,BINANCE,USDT,1,1,1,89.59,89.59,89.59,11.77019987086022,376,0.0,0.5,1,-20.0,52.75343034917734,0.0024642947224384104,True,-20.0,28.658956406076005,0.004536103763095806,True,-20.0,20.414155056810994,0.006368130331048245,True,-20.0,10.91533102180899,0.011909854107058972,True,20.0,9.884530131761577,0.01315186440499342,True,20.0,9.370172633784493,0.013873810556198329,True,2208.2077818826374,-8.466666666666667,-0.5249012170064802,66.02009055535208
2022-01-12,89.57,96.89,88.8,95.94,1757081.56,,AVAXUSDT_daily,CRYPTO,BINANCE,USDT,1,1,1,95.94,95.94,95.94,11.06896223681326,377,0.0,0.5,1,20.0,52.75343034917734,0.0024642947224384104,True,-20.0,28.658956406076005,0.004536103763095806,True,-20.0,20.414155056810994,0.006368130331048245,True,-20.0,10.91533102180899,0.011909854107058972,True,20.0,9.884530131761577,0.01315186440499342,True,20.0,9.370172633784493,0.013873810556198329,True,2301.953788050848,0.0,-0.6001041782937081,65.41998637705838
2022-01-13,95.95,97.26,89.08,89.65,1429888.43,,AVAXUSDT_daily,CRYPTO,BINANCE,USDT,1,1,1,89.65,89.65,89.65,10.963875179304374,378,0.0,0.5,1,-20.0,52.75343034917734,0.0024642947224384104,True,-20.0,28.658956406076005,0.004536103763095806,True,-20.0,20.414155056810994,0.006368130331048245,True,-20.0,10.91533102180899,0.011909854107058972,True,20.0,9.884530131761577,0.01315186440499342,True,20.0,9.370172633784493,0.013873810556198329,True,2202.702273352088,-8.466666666666667,-0.0,65.41998637705838
2022-01-14,89.65,91.77,87.23,90.39,1200068.6,,AVAXUSDT_daily,CRYPTO,BINANCE,USDT,1,1,1,90.39,90.39,90.39,10.661580607613008,379,0.0,0.5,1,-20.0,52.75343034917734,0.0024642947224384104,True,-20.0,28.658956406076005,0.004536103763095806,True,-20.0,20.414155056810994,0.006368130331048245,True,-20.0,10.91533102180899,0.011909854107058972,True,20.0,9.884530131761577,0.01315186440499342,True,20.0,9.370172633784493,0.013873810556198329,True,2214.501218133225,-8.466666666666667,-0.06988659602156494,65.35009978103682
2022-01-15,90.4,94.44,89.47,92.98,914689.68,,AVAXUSDT_daily,CRYPTO,BINANCE,USDT,1,1,1,92.98,92.98,92.98,10.10419818949677,380,0.0,0.5,1,1.4805445125644836,52.75343034917734,0.0024642947224384104,True,-20.0,28.658956406076005,0.004536103763095806,True,-20.0,20.414155056810994,0.006368130331048245,True,-20.0,10.91533102180899,0.011909854107058972,True,20.0,9.884530131761577,0.01315186440499342,True,20.0,9.370172633784493,0.013873810556198329,True,2255.20915307539,-3.919951411507184,-0.24260058266032475,65.10749919837649
2022-01-16,92.98,94.9,91.8,92.24,967418.87,,AVAXUSDT_daily,CRYPTO,BINANCE,USDT,1,1,1,92.24,92.24,92.24,9.509796320249448,381,0.0,0.5,1,4.731147806397257,52.75343034917734,0.0024642947224384104,True,-20.0,28.658956406076005,0.004536103763095806,True,-20.0,20.414155056810994,0.006368130331048245,True,-20.0,10.91533102180899,0.011909854107058972,True,20.0,9.884530131761577,0.01315186440499342,True,20.0,9.370172633784493,0.013873810556198329,True,2243.2619545403163,-3.2319070476459135,0.031197720418534476,65.13869691879502
2022-01-17,92.25,92.5,85.34,86.67,1328305.0,,AVAXUSDT_daily,CRYPTO,BINANCE,USDT,1,1,1,86.67,86.67,86.67,9.510332331345209,382,0.0,0.5,1,-20.0,52.75343034917734,0.0024642947224384104,True,-20.0,28.658956406076005,0.004536103763095806,True,-20.0,20.414155056810994,0.006368130331048245,True,-20.0,10.91533102180899,0.011909854107058972,True,20.0,9.884530131761577,0.01315186440499342,True,20.0,9.370172633784493,0.013873810556198329,True,2147.5567769231707,-8.466666666666667,0.19516177640272883,65.33385869519775
2022-01-18,86.67,87.41,83.7,86.0,1041520.48,,AVAXUSDT_daily,CRYPTO,BINANCE,USDT,1,1,1,86.0,86.0,86.0,9.640275984256366,383,0.0,0.5,1,-20.0,52.75343034917734,0.0024642947224384104,True,-20.0,28.658956406076005,0.004536103763095806,True,-20.0,20.414155056810994,0.006368130331048245,True,-20.0,10.91533102180899,0.011909854107058972,True,20.0,9.884530131761577,0.01315186440499342,True,20.0,9.370172633784493,0.013873810556198329,True,2135.734183686077,-8.466666666666667,0.06545132879504612,65.3993100239928
2022-01-19,86.03,86.38,81.08,82.61,1139560.79,,AVAXUSDT_daily,CRYPTO,BINANCE,USDT,1,1,1,82.61,82.61,82.61,9.933270834608443,384,0.0,0.5,1,-20.0,52.75343034917734,0.0024642947224384104,True,-20.0,28.658956406076005,0.004536103763095806,True,-20.0,20.414155056810994,0.006368130331048245,True,-20.0,10.91533102180899,0.011909854107058972,True,20.0,9.884530131761577,0.01315186440499342,True,20.0,9.370172633784493,0.013873810556198329,True,2072.7132794644585,-8.466666666666667,0.33374418604651135,65.73305421003931
2022-01-20,82.58,87.8,78.68,79.33,1225812.76,,AVAXUSDT_daily,CRYPTO,BINANCE,USDT,1,1,1,79.33,79.33,79.33,9.839610122785333,385,0.0,0.5,1,-20.0,52.75343034917734,0.0024642947224384104,True,-20.0,28.658956406076005,0.004536103763095806,True,-20.0,20.414155056810994,0.006368130331048245,True,-20.0,10.91533102180899,0.011909854107058972,True,20.0,9.884530131761577,0.01315186440499342,True,20.0,9.370172633784493,0.013873810556198329,True,2008.4308311353973,-8.466666666666667,0.3361659201872255,66.06922013022654
2022-01-21,79.32,80.38,63.93,66.06,3392205.59,,AVAXUSDT_daily,CRYPTO,BINANCE,USDT,1,1,1,66.06,66.06,66.06,10.278810844082098,386,0.0,0.5,1,-20.0,52.75343034917734,0.0024642947224384104,True,-20.0,28.658956406076005,0.004536103763095806,True,-20.0,20.414155056810994,0.006368130331048245,True,-20.0,10.91533102180899,0.011909854107058972,True,20.0,9.884530131761577,0.01315186440499342,True,20.0,9.370172633784493,0.013873810556198329,True,1729.4765301778157,-8.466666666666667,1.4162695911592924,67.48548972138583
2022-01-22,66.03,67.54,52.95,59.78,5109157.94,,AVAXUSDT_daily,CRYPTO,BINANCE,USDT,1,1,1,59.78,59.78,59.78,11.042075558135698,387,0.0,0.5,1,-20.0,52.75343034917734,0.0024642947224384104,True,-20.0,28.658956406076005,0.004536103763095806,True,-20.0,20.414155056810994,0.006368130331048245,True,-20.0,10.91533102180899,0.011909854107058972,True,20.0,9.884530131761577,0.01315186440499342,True,20.0,9.370172633784493,0.013873810556198329,True,1584.5362703256599,-8.466666666666667,0.8048844484811787,68.29037416986701
2022-01-23,59.81,66.88,59.02,64.83,2926022.98,,AVAXUSDT_daily,CRYPTO,BINANCE,USDT,1,1,1,64.83,64.83,64.83,11.1294044385984,388,0.0,0.5,1,-20.0,52.75343034917734,0.0024642947224384104,True,-20.0,28.658956406076005,0.004536103763095806,True,-20.0,20.414155056810994,0.006368130331048245,True,-20.0,10.91533102180899,0.011909854107058972,True,20.0,9.884530131761577,0.01315186440499342,True,20.0,9.370172633784493,0.013873810556198329,True,1688.749532262662,-8.466666666666667,-0.7152336344373814,67.57514053542963
2022-01-24,64.8,64.83,55.14,63.06,3701249.83,,AVAXUSDT_daily,CRYPTO,BINANCE,USDT,1,1,1,63.06,63.06,63.06,11.432132220424254,389,0.0,0.5,1,-20.0,52.75343034917734,0.0024642947224384104,True,-20.0,28.658956406076005,0.004536103763095806,True,-20.0,20.414155056810994,0.006368130331048245,True,-20.0,10.91533102180899,0.011909854107058972,True,20.0,9.884530131761577,0.01315186440499342,True,20.0,9.370172633784493,0.013873810556198329,True,1650.4535751876117,-8.466666666666667,0.2311584143143598,67.80629894974399
2022-01-25,63.0,70.53,61.65,68.01,2702688.81,,AVAXUSDT_daily,CRYPTO,BINANCE,USDT,1,1,1,68.01,68.01,68.01,11.47932278398629,390,0.0,0.5,1,-20.0,52.75343034917734,0.0024642947224384104,True,-20.0,28.658956406076005,0.004536103763095806,True,-20.0,20.414155056810994,0.006368130331048245,True,-20.0,10.91533102180899,0.011909854107058972,True,11.076176536111385,9.884530131761577,0.01315186440499342,True,20.0,9.370172633784493,0.013873810556198329,True,1747.8336276860546,-10.355542633189755,-0.6646051379638452,67.14169381178014
2022-01-26,68.01,73.5,64.39,65.87,3400732.97,,AVAXUSDT_daily,CRYPTO,BINANCE,USDT,1,1,1,65.87,65.87,65.87,11.626915280820102,391,0.0,0.5,1,-20.0,52.75343034917734,0.0024642947224384104,True,-20.0,28.658956406076005,0.004536103763095806,True,-20.0,20.414155056810994,0.006368130331048245,True,-20.0,10.91533102180899,0.011909854107058972,True,-20.0,9.884530131761577,0.01315186440499342,True,20.0,9.370172633784493,0.013873810556198329,True,1703.5562974773075,-16.933333333333334,0.32584709947104973,67.46754091125119
2022-01-27,65.87,67.96,61.06,64.7,2519156.06,,AVAXUSDT_daily,CRYPTO,BINANCE,USDT,1,1,1,64.7,64.7,64.7,12.076749519111841,392,0.0,0.5,1,-20.0,52.75343034917734,0.0024642947224384104,True,-20.0,28.658956406076005,0.004536103763095806,True,-20.0,20.414155056810994,0.006368130331048245,True,-20.0,10.91533102180899,0.011909854107058972,True,-20.0,9.884530131761577,0.01315186440499342,True,20.0,9.370172633784493,0.013873810556198329,True,1678.4178918029531,-16.933333333333334,0.30077425231516697,67.76831516356636
2022-01-28,64.68,67.5,61.71,67.01,1790400.08,,AVAXUSDT_daily,CRYPTO,BINANCE,USDT,1,1,1,67.01,67.01,67.01,12.359607162467828,393,0.0,0.5,1,-20.0,52.75343034917734,0.0024642947224384104,True,-20.0,28.658956406076005,0.004536103763095806,True,-20.0,20.414155056810994,0.006368130331048245,True,-20.0,10.91533102180899,0.011909854107058972,True,-20.0,9.884530131761577,0.01315186440499342,True,20.0,9.370172633784493,0.013873810556198329,True,1726.7501874510142,-16.933333333333334,-0.6045749613601235,67.16374020220623
2022-01-29,67.02,73.58,66.86,71.89,1662626.47,,AVAXUSDT_daily,CRYPTO,BINANCE,USDT,1,1,1,71.89,71.89,71.89,12.200734350202465,394,0.0,0.5,1,20.0,52.75343034917734,0.0024642947224384104,True,-20.0,28.658956406076005,0.004536103763095806,True,-20.0,20.414155056810994,0.006368130331048245,True,-20.0,10.91533102180899,0.011909854107058972,True,-20.0,9.884530131761577,0.01315186440499342,True,20.0,9.370172633784493,0.013873810556198329,True,1820.7625450810488,-8.466666666666667,-1.2331691787295416,65.93057102347669
2022-01-30,71.91,72.39,66.85,67.96,1307594.65,,AVAXUSDT_daily,CRYPTO,BINANCE,USDT,1,1,1,67.96,67.96,67.96,12.304888320458147,395,0.0,0.5,1,-20.0,52.75343034917734,0.0024642947224384104,True,-20.0,28.658956406076005,0.004536103763095806,True,-20.0,20.414155056810994,0.006368130331048245,True,-20.0,10.91533102180899,0.011909854107058972,True,-20.0,9.884530131761577,0.01315186440499342,True,20.0,9.370172633784493,0.013873810556198329,True,1739.9789523287488,-16.933333333333334,0.46284601474474935,66.39341703822144
2022-01-31,67.94,70.65,64.25,69.87,1747136.27,,AVAXUSDT_daily,CRYPTO,BINANCE,USDT,1,1,1,69.87,69.87,69.87,12.049660783607148,396,0.0,0.5,1,20.0,52.75343034917734,0.0024642947224384104,True,-20.0,28.658956406076005,0.004536103763095806,True,-20.0,20.414155056810994,0.006368130331048245,True,-20.0,10.91533102180899,0.011909854107058972,True,-20.0,9.884530131761577,0.01315186440499342,True,20.0,9.370172633784493,0.013873810556198329,True,1778.682232363922,-8.466666666666667,-0.4759073965077523,65.91750964171369
2022-02-01,69.9,73.87,68.47,73.33,1951093.27,,AVAXUSDT_daily,CRYPTO,BINANCE,USDT,1,1,1,73.33,73.33,73.33,11.129909253897814,397,0.0,0.5,1,20.0,52.75343034917734,0.0024642947224384104,True,-20.0,28.658956406076005,0.004536103763095806,True,-20.0,20.414155056810994,0.006368130331048245,True,-20.0,10.91533102180899,0.011909854107058972,True,-20.0,9.884530131761577,0.01315186440499342,True,20.0,9.370172633784493,0.013873810556198329,True,1845.793413522859,-8.466666666666667,-0.4192738896045027,65.4982357521092
2022-02-02,73.32,74.86,67.43,67.79,2238866.41,,AVAXUSDT_daily,CRYPTO,BINANCE,USDT,1,1,1,67.79,67.79,67.79,10.691826637301299,398,0.0,0.5,1,-20.0,52.75343034917734,0.0024642947224384104,True,-20.0,28.658956406076005,0.004536103763095806,True,-20.0,20.414155056810994,0.006368130331048245,True,-20.0,10.91533102180899,0.011909854107058972,True,-20.0,9.884530131761577,0.01315186440499342,True,20.0,9.370172633784493,0.013873810556198329,True,1730.2463995544538,-16.933333333333334,0.6396472566934855,66.13788300880267
2022-02-03,67.79,69.31,64.85,68.44,1792227.65,,AVAXUSDT_daily,CRYPTO,BINANCE,USDT,1,1,1,68.44,68.44,68.44,10.028940897538298,399,0.0,0.5,1,-20.0,52.75343034917734,0.0024642947224384104,True,-20.0,28.658956406076005,0.004536103763095806,True,-20.0,20.414155056810994,0.006368130331048245,True,-20.0,10.91533102180899,0.011909854107058972,True,-20.0,9.884530131761577,0.01315186440499342,True,20.0,9.370172633784493,0.013873810556198329,True,1743.921117053887,-16.933333333333334,-0.16236416383930702,65.97551884496336
2022-02-04,68.44,77.95,67.43,77.77,2263149.96,,AVAXUSDT_daily,CRYPTO,BINANCE,USDT,1,1,1,77.77,77.77,77.77,8.946068763193699,400,0.0,0.5,1,20.0,52.75343034917734,0.0024642947224384104,True,-20.0,28.658956406076005,0.004536103763095806,True,-20.0,20.414155056810994,0.006368130331048245,True,-20.0,10.91533102180899,0.011909854107058972,True,-20.0,9.884530131761577,0.01315186440499342,True,20.0,9.370172633784493,0.013873810556198329,True,1904.541422952167,-8.466666666666667,-2.308416130917592,63.66710271404577
2022-02-05,77.8,80.93,74.94,77.01,1700729.64,,AVAXUSDT_daily,CRYPTO,BINANCE,USDT,1,1,1,77.01,77.01,77.01,7.709733065895932,401,0.0,0.5,1,20.0,52.75343034917734,0.0024642947224384104,True,20.0,28.658956406076005,0.004536103763095806,True,-20.0,20.414155056810994,0.006368130331048245,True,-20.0,10.91533102180899,0.011909854107058972,True,-20.0,9.884530131761577,0.01315186440499342,True,20.0,9.370172633784493,0.013873810556198329,True,1891.0682766989999,0.0,0.08273970254168184,63.74984241658745
2022-02-06,77.01,79.15,74.1,78.93,1113858.87,,AVAXUSDT_daily,CRYPTO,BINANCE,USDT,1,1,1,78.93,78.93,78.93,7.070638231447054,402,0.0,0.5,1,20.0,52.75343034917734,0.0024642947224384104,True,20.0,28.658956406076005,0.004536103763095806,True,-20.0,20.414155056810994,0.006368130331048245,True,-20.0,10.91533102180899,0.011909854107058972,True,-20.0,9.884530131761577,0.01315186440499342,True,20.0,9.370172633784493,0.013873810556198329,True,1924.8657418030768,0.0,0.0,63.74984241658745
2022-02-07,78.91,85.42,77.44,83.2,1879396.49,,AVAXUSDT_daily,CRYPTO,BINANCE,USDT,1,1,1,83.2,83.2,83.2,6.7800115471102345,403,0.0,0.5,1,20.0,52.75343034917734,0.0024642947224384104,True,20.0,28.658956406076005,0.004536103763095806,True,-20.0,20.414155056810994,0.006368130331048245,True,-20.0,10.91533102180899,0.011909854107058972,True,-20.0,9.884530131761577,0.01315186440499342,True,20.0,9.370172633784493,0.013873810556198329,True,1996.7329441770296,0.0,0.0,63.74984241658745
2022-02-08,83.23,95.5,81.65,86.34,5245827.4,,AVAXUSDT_daily,CRYPTO,BINANCE,USDT,1,1,1,86.34,86.34,86.34,7.160496821928128,404,0.0,0.5,1,20.0,52.75343034917734,0.0024642947224384104,True,20.0,28.658956406076005,0.004536103763095806,True,-20.0,20.414155056810994,0.006368130331048245,True,-20.0,10.91533102180899,0.011909854107058972,True,-20.0,9.884530131761577,0.01315186440499342,True,20.0,9.370172633784493,0.013873810556198329,True,2048.428915848509,0.0,0.0,63.74984241658745
2022-02-09,86.35,92.03,84.34,90.05,1774621.17,,AVAXUSDT_daily,CRYPTO,BINANCE,USDT,1,1,1,90.05,90.05,90.05,8.145661744951022,405,0.0,0.5,1,20.0,52.75343034917734,0.0024642947224384104,True,20.0,28.658956406076005,0.004536103763095806,True,-20.0,20.414155056810994,0.006368130331048245,True,-20.0,10.91533102180899,0.011909854107058972,True,-20.0,9.884530131761577,0.01315186440499342,True,20.0,9.370172633784493,0.013873810556198329,True,2107.793916357185,0.0,0.0,63.74984241658745
2022-02-10,90.05,95.0,84.93,91.16,2654551.53,,AVAXUSDT_daily,CRYPTO,BINANCE,USDT,1,1,1,91.16,91.16,91.16,9.122951969158853,406,0.0,0.5,1,20.0,52.75343034917734,0.0024642947224384104,True,20.0,28.658956406076005,0.004536103763095806,True,20.0,20.414155056810994,0.006368130331048245,True,-20.0,10.91533102180899,0.011909854107058972,True,-20.0,9.884530131761577,0.01315186440499342,True,20.0,9.370172633784493,0.013873810556198329,True,2125.6826950407353,8.466666666666667,0.0,63.74984241658745
2022-02-11,91.18,92.66,80.0,81.75,2422691.49,,AVAXUSDT_daily,CRYPTO,BINANCE,USDT,1,1,1,81.75,81.75,81.75,8.782721838629364,407,0.0,0.5,1,20.0,52.75343034917734,0.0024642947224384104,True,20.0,28.658956406076005,0.004536103763095806,True,20.0,20.414155056810994,0.006368130331048245,True,-20.0,10.91533102180899,0.011909854107058972,True,-20.0,9.884530131761577,0.01315186440499342,True,20.0,9.370172633784493,0.013873810556198329,True,1963.9565968950214,8.466666666666667,-0.8739725025596021,62.875869914027845
2022-02-12,81.76,84.8,78.65,81.31,2173440.39,,AVAXUSDT_daily,CRYPTO,BINANCE,USDT,1,1,1,81.31,81.31,81.31,8.654335618636487,408,0.0,0.5,1,-20.0,52.75343034917734,0.0024642947224384104,True,20.0,28.658956406076005,0.004536103763095806,True,-3.262217171371799,20.414155056810994,0.006368130331048245,True,-20.0,10.91533102180899,0.011909854107058972,True,-20.0,9.884530131761577,0.01315186440499342,True,20.0,9.370172633784493,0.013873810556198329,True,1956.2052410487977,-4.923835967940365,-0.04556982670744133,62.8303000873204
2022-02-13,81.29,83.28,77.49,77.91,1168439.44,,AVAXUSDT_daily,CRYPTO,BINANCE,USDT,1,1,1,77.91,77.91,77.91,8.222843982339372,409,0.0,0.5,1,-20.0,52.75343034917734,0.0024642947224384104,True,20.0,28.658956406076005,0.004536103763095806,True,-20.0,20.414155056810994,0.006368130331048245,True,-20.0,10.91533102180899,0.011909854107058972,True,-20.0,9.884530131761577,0.01315186440499342,True,20.0,9.370172633784493,0.013873810556198329,True,1893.0954604910582,-8.466666666666667,0.20589155443361543,63.036191641754016
2022-02-14,77.93,82.6,76.14,81.86,1524047.88,,AVAXUSDT_daily,CRYPTO,BINANCE,USDT,1,1,1,81.86,81.86,81.86,8.140318676679357,410,0.0,0.5,1,-20.0,52.75343034917734,0.0024642947224384104,True,20.0,28.658956406076005,0.004536103763095806,True,-20.0,20.414155056810994,0.006368130331048245,True,-20.0,10.91533102180899,0.011909854107058972,True,-20.0,9.884530131761577,0.01315186440499342,True,20.0,9.370172633784493,0.013873810556198329,True,1963.329456383542,-8.466666666666667,-0.42925597912120916,62.60693566263281
2022-02-15,81.84,93.68,81.41,92.97,2301376.54,,AVAXUSDT_daily,CRYPTO,BINANCE,USDT,1,1,1,92.97,92.97,92.97,8.572993013558696,411,0.0,0.5,1,20.0,52.75343034917734,0.0024642947224384104,True,20.0,28.658956406076005,0.004536103763095806,True,20.0,20.414155056810994,0.006368130331048245,True,-20.0,10.91533102180899,0.011909854107058972,True,-20.0,9.884530131761577,0.01315186440499342,True,20.0,9.370172633784493,0.013873810556198329,True,2126.625162902215,8.466666666666667,-1.149091945598176,61.457843717034635
2022-02-16,92.96,97.35,91.44,95.32,2885648.71,,AVAXUSDT_daily,CRYPTO,BINANCE,USDT,1,1,1,95.32,95.32,95.32,8.883555638902333,412,0.0,0.5,1,20.0,52.75343034917734,0.0024642947224384104,True,20.0,28.658956406076005,0.004536103763095806,True,20.0,20.414155056810994,0.006368130331048245,True,-20.0,10.91533102180899,0.011909854107058972,True,-20.0,9.884530131761577,0.01315186440499342,True,20.0,9.370172633784493,0.013873810556198329,True,2160.965214814601,8.466666666666667,0.21401168835825216,61.67185540539289
2022-02-17,95.33,98.77,86.32,88.24,3177570.87,,AVAXUSDT_daily,CRYPTO,BINANCE,USDT,1,1,1,88.24,88.24,88.24,8.628427617932157,413,0.0,0.5,1,20.0,52.75343034917734,0.0024642947224384104,True,20.0,28.658956406076005,0.004536103763095806,True,20.0,20.414155056810994,0.006368130331048245,True,-20.0,10.91533102180899,0.011909854107058972,True,-20.0,9.884530131761577,0.01315186440499342,True,20.0,9.370172633784493,0.013873810556198329,True,2050.719487594298,8.466666666666667,-0.628871170793118,61.04298423459977
2022-02-18,88.24,89.99,82.35,83.67,2364097.49,,AVAXUSDT_daily,CRYPTO,BINANCE,USDT,1,1,1,83.67,83.67,83.67,8.434428442869995,414,0.0,0.5,1,-20.0,52.75343034917734,0.0024642947224384104,True,20.0,28.658956406076005,0.004536103763095806,True,20.0,20.414155056810994,0.006368130331048245,True,-20.0,10.91533102180899,0.011909854107058972,True,-20.0,9.884530131761577,0.01315186440499342,True,20.0,9.370172633784493,0.013873810556198329,True,1975.3172379856635,0.0,-0.43849350256875136,60.60449073203102
2022-02-19,83.69,86.34,80.82,85.01,1584310.2,,AVAXUSDT_daily,CRYPTO,BINANCE,USDT,1,1,1,85.01,85.01,85.01,7.920277291131961,415,0.0,0.5,1,-20.0,52.75343034917734,0.0024642947224384104,True,20.0,28.658956406076005,0.004536103763095806,True,20.0,20.414155056810994,0.006368130331048245,True,-20.0,10.91533102180899,0.011909854107058972,True,-20.0,9.884530131761577,0.01315186440499342,True,20.0,9.370172633784493,0.013873810556198329,True,1997.4996263697606,0.0,0.0,60.60449073203102
2022-02-20,85.01,85.73,76.56,77.37,1851608.12,,AVAXUSDT_daily,CRYPTO,BINANCE,USDT,1,1,1,77.37,77.37,77.37,7.502368240130971,416,0.0,0.5,1,-20.0,52.75343034917734,0.0024642947224384104,True,-20.0,28.658956406076005,0.004536103763095806,True,-20.0,20.414155056810994,0.006368130331048245,True,-20.0,10.91533102180899,0.011909854107058972,True,-20.0,9.884530131761577,0.01315186440499342,True,20.0,9.370172633784493,0.013873810556198329,True,1861.3568226785442,-16.933333333333334,-0.0,60.60449073203102
2022-02-21,77.34,82.7,69.38,70.04,3597142.77,,AVAXUSDT_daily,CRYPTO,BINANCE,USDT,1,1,1,70.04,70.04,70.04,7.7343016559520565,417,0.0,0.5,1,-20.0,52.75343034917734,0.0024642947224384104,True,-20.0,28.658956406076005,0.004536103763095806,True,-20.0,20.414155056810994,0.006368130331048245,True,-20.0,10.91533102180899,0.011909854107058972,True,-20.0,9.884530131761577,0.01315186440499342,True,20.0,9.370172633784493,0.013873810556198329,True,1719.5947039063642,-16.933333333333334,1.604256602472965,62.20874733450398
2022-02-22,70.03,74.94,67.2,74.42,3024268.59,,AVAXUSDT_daily,CRYPTO,BINANCE,USDT,1,1,1,74.42,74.42,74.42,7.227369962783622,418,0.0,0.5,1,-20.0,52.75343034917734,0.0024642947224384104,True,-20.0,28.658956406076005,0.004536103763095806,True,-20.0,20.414155056810994,0.006368130331048245,True,-20.0,10.91533102180899,0.011909854107058972,True,-20.0,9.884530131761577,0.01315186440499342,True,20.0,9.370172633784493,0.013873810556198329,True,1799.2813243801875,-16.933333333333334,-1.0589377498572232,61.14980958464676
2022-02-23,74.42,82.5,73.28,73.47,3483406.5,,AVAXUSDT_daily,CRYPTO,BINANCE,USDT,1,1,1,73.47,73.47,73.47,6.80050926885546,419,0.0,0.5,1,-20.0,52.75343034917734,0.0024642947224384104,True,-20.0,28.658956406076005,0.004536103763095806,True,-20.0,20.414155056810994,0.006368130331048245,True,-20.0,10.91533102180899,0.011909854107058972,True,-20.0,9.884530131761577,0.01315186440499342,True,20.0,9.370172633784493,0.013873810556198329,True,1781.4253818316406,-16.933333333333334,0.21616053032338975,61.36597011497015
2022-02-24,73.46,79.98,64.45,76.39,7820713.29,,AVAXUSDT_daily,CRYPTO,BINANCE,USDT,1,1,1,76.39,76.39,76.39,6.856621770614353,420,0.0,0.5,1,-20.0,52.75343034917734,0.0024642947224384104,True,-20.0,28.658956406076005,0.004536103763095806,True,-20.0,20.414155056810994,0.006368130331048245,True,-20.0,10.91533102180899,0.011909854107058972,True,-20.0,9.884530131761577,0.01315186440499342,True,20.0,9.370172633784493,0.013873810556198329,True,1834.820234732363,-16.933333333333334,-0.6730003175899469,60.69296979738021
2022-02-25,76.39,81.99,72.68,80.98,3877124.6,,AVAXUSDT_daily,CRYPTO,BINANCE,USDT,1,1,1,80.98,80.98,80.98,6.751434525928121,421,0.0,0.5,1,20.0,52.75343034917734,0.0024642947224384104,True,-20.0,28.658956406076005,0.004536103763095806,True,-20.0,20.414155056810994,0.006368130331048245,True,-20.0,10.91533102180899,0.011909854107058972,True,-20.0,9.884530131761577,0.01315186440499342,True,20.0,9.370172633784493,0.013873810556198329,True,1914.2103744492754,-8.466666666666667,-1.01746301871973,59.67550677866048
2022-02-26,80.98,84.95,78.02,81.81,2805070.69,,AVAXUSDT_daily,CRYPTO,BINANCE,USDT,1,1,1,81.81,81.81,81.81,6.701373209629231,422,0.0,0.5,1,20.0,52.75343034917734,0.0024642947224384104,True,-20.0,28.658956406076005,0.004536103763095806,True,-20.0,20.414155056810994,0.006368130331048245,True,-20.0,10.91533102180899,0.011909854107058972,True,-20.0,9.884530131761577,0.01315186440499342,True,20.0,9.370172633784493,0.013873810556198329,True,1928.7012138568143,-8.466666666666667,-0.08677862846793391,59.588728150192544
2022-02-27,81.81,83.07,73.02,75.07,3334479.25,,AVAXUSDT_daily,CRYPTO,BINANCE,USDT,1,1,1,75.07,75.07,75.07,6.910435358362368,423,0.0,0.5,1,-20.0,52.75343034917734,0.0024642947224384104,True,-20.0,28.658956406076005,0.004536103763095806,True,-20.0,20.414155056810994,0.006368130331048245,True,-20.0,10.91533102180899,0.011909854107058972,True,-20.0,9.884530131761577,0.01315186440499342,True,20.0,9.370172633784493,0.013873810556198329,True,1802.3963589498699,-16.933333333333334,0.6975349386790536,60.2862630888716
2022-02-28,75.06,85.88,71.76,84.54,3896436.49,,AVAXUSDT_daily,CRYPTO,BINANCE,USDT,1,1,1,84.54,84.54,84.54,6.866039308762604,424,0.0,0.5,1,20.0,52.75343034917734,0.0024642947224384104,True,-20.0,28.658956406076005,0.004536103763095806,True,-20.0,20.414155056810994,0.006368130331048245,True,-20.0,10.91533102180899,0.011909854107058972,True,-20.0,9.884530131761577,0.01315186440499342,True,20.0,9.370172633784493,0.013873810556198329,True,1952.0444408270762,-8.466666666666667,-2.1361218418365113,58.15014124703509
2022-03-01,84.54,90.8,83.48,86.89,4517499.99,,AVAXUSDT_daily,CRYPTO,BINANCE,USDT,1,1,1,86.89,86.89,86.89,6.709667730419381,425,0.0,0.5,1,20.0,52.75343034917734,0.0024642947224384104,True,20.0,28.658956406076005,0.004536103763095806,True,-20.0,20.414155056810994,0.006368130331048245,True,-20.0,10.91533102180899,0.011909854107058972,True,-20.0,9.884530131761577,0.01315186440499342,True,20.0,9.370172633784493,0.013873810556198329,True,1988.8423846358787,0.0,-0.2353521015692757,57.91478914546581
2022-03-02,86.89,89.94,82.29,83.36,3048063.73,,AVAXUSDT_daily,CRYPTO,BINANCE,USDT,1,1,1,83.36,83.36,83.36,6.367745945077603,426,0.0,0.5,1,20.0,52.75343034917734,0.0024642947224384104,True,20.0,28.658956406076005,0.004536103763095806,True,-20.0,20.414155056810994,0.006368130331048245,True,-20.0,10.91533102180899,0.011909854107058972,True,-20.0,9.884530131761577,0.01315186440499342,True,20.0,9.370172633784493,0.013873810556198329,True,1930.6318695636198,0.0,-0.0,57.91478914546581
2022-03-03,83.35,84.33,77.02,78.5,2971518.96,,AVAXUSDT_daily,CRYPTO,BINANCE,USDT,1,1,1,78.5,78.5,78.5,6.405583317042921,427,0.0,0.5,1,-20.0,52.75343034917734,0.0024642947224384104,True,-20.0,28.658956406076005,0.004536103763095806,True,-20.0,20.414155056810994,0.006368130331048245,True,-20.0,10.91533102180899,0.011909854107058972,True,-20.0,9.884530131761577,0.01315186440499342,True,20.0,9.370172633784493,0.013873810556198329,True,1845.2862479625524,-16.933333333333334,-0.0,57.91478914546581
2022-03-04,78.5,82.24,74.92,75.79,3853710.64,,AVAXUSDT_daily,CRYPTO,BINANCE,USDT,1,1,1,75.79,75.79,75.79,6.5299419478357486,428,0.0,0.5,1,-20.0,52.75343034917734,0.0024642947224384104,True,-20.0,28.658956406076005,0.004536103763095806,True,-20.0,20.414155056810994,0.006368130331048245,True,-20.0,10.91533102180899,0.011909854107058972,True,-20.0,9.884530131761577,0.01315186440499342,True,20.0,9.370172633784493,0.013873810556198329,True,1795.274017582078,-16.933333333333334,0.5845774946921435,58.49936664015795
2022-03-05,75.78,78.74,73.27,76.68,1992002.84,,AVAXUSDT_daily,CRYPTO,BINANCE,USDT,1,1,1,76.68,76.68,76.68,6.568046172669272,429,0.0,0.5,1,-20.0,52.75343034917734,0.0024642947224384104,True,-20.0,28.658956406076005,0.004536103763095806,True,-20.0,20.414155056810994,0.006368130331048245,True,-20.0,10.91533102180899,0.011909854107058972,True,-20.0,9.884530131761577,0.01315186440499342,True,20.0,9.370172633784493,0.013873810556198329,True,1811.8198328135052,-16.933333333333334,-0.19884769318731452,58.300518946970634
2022-03-06,76.69,77.1,72.09,72.51,1936414.77,,AVAXUSDT_daily,CRYPTO,BINANCE,USDT,1,1,1,72.51,72.51,72.51,6.839667793563917,430,0.0,0.5,1,-20.0,52.75343034917734,0.0024642947224384104,True,-20.0,28.658956406076005,0.004536103763095806,True,-20.0,20.414155056810994,0.006368130331048245,True,-20.0,10.91533102180899,0.011909854107058972,True,-20.0,9.884530131761577,0.01315186440499342,True,20.0,9.370172633784493,0.013873810556198329,True,1729.361126910815,-16.933333333333334,0.9208659363588952,59.22138488332953
2022-03-07,72.51,76.53,70.35,71.69,2451038.1,,AVAXUSDT_daily,CRYPTO,BINANCE,USDT,1,1,1,71.69,71.69,71.69,6.467575707041677,431,0.0,0.5,1,-20.0,52.75343034917734,0.0024642947224384104,True,-20.0,28.658956406076005,0.004536103763095806,True,-20.0,20.414155056810994,0.006368130331048245,True,-20.0,10.91533102180899,0.011909854107058972,True,-20.0,9.884530131761577,0.01315186440499342,True,20.0,9.370172633784493,0.013873810556198329,True,1712.6400810429925,-16.933333333333334,0.19149542591826588,59.4128803092478
2022-03-08,71.67,76.62,71.19,73.0,3043774.1,,AVAXUSDT_daily,CRYPTO,BINANCE,USDT,1,1,1,73.0,73.0,73.0,5.456698707961957,432,0.0,0.5,1,-20.0,52.75343034917734,0.0024642947224384104,True,-20.0,28.658956406076005,0.004536103763095806,True,-20.0,20.414155056810994,0.006368130331048245,True,-20.0,10.91533102180899,0.011909854107058972,True,-20.0,9.884530131761577,0.01315186440499342,True,20.0,9.370172633784493,0.013873810556198329,True,1739.315105891426,-16.933333333333334,-0.3094248384246982,59.1034554708231
2022-03-09,73.02,80.44,72.34,77.63,3319070.88,,AVAXUSDT_daily,CRYPTO,BINANCE,USDT,1,1,1,77.63,77.63,77.63,4.949171009796551,433,0.0,0.5,1,-20.0,52.75343034917734,0.0024642947224384104,True,-20.0,28.658956406076005,0.004536103763095806,True,-20.0,20.414155056810994,0.006368130331048245,True,-20.0,10.91533102180899,0.011909854107058972,True,-20.0,9.884530131761577,0.01315186440499342,True,20.0,9.370172633784493,0.013873810556198329,True,1827.5833681365334,-16.933333333333334,-1.073990867579908,58.02946460324319
2022-03-10,77.6,79.0,71.5,73.93,2525259.61,,AVAXUSDT_daily,CRYPTO,BINANCE,USDT,1,1,1,73.93,73.93,73.93,4.833626077039029,434,0.0,0.5,1,-20.0,52.75343034917734,0.0024642947224384104,True,-20.0,28.658956406076005,0.004536103763095806,True,-20.0,20.414155056810994,0.006368130331048245,True,-20.0,10.91533102180899,0.011909854107058972,True,-20.0,9.884530131761577,0.01315186440499342,True,20.0,9.370172633784493,0.013873810556198329,True,1753.0152867765942,-16.933333333333334,0.8070763021168759,58.83654090536007
2022-03-11,73.93,76.97,70.79,71.22,3182516.66,,AVAXUSDT_daily,CRYPTO,BINANCE,USDT,1,1,1,71.22,71.22,71.22,4.680172595782767,435,0.0,0.5,1,-20.0,52.75343034917734,0.0024642947224384104,True,-20.0,28.658956406076005,0.004536103763095806,True,-20.0,20.414155056810994,0.006368130331048245,True,-20.0,10.91533102180899,0.011909854107058972,True,-20.0,9.884530131761577,0.01315186440499342,True,20.0,9.370172633784493,0.013873810556198329,True,1695.5971941952726,-16.933333333333334,0.6207132873438849,59.45725419270395
2022-03-12,71.23,73.62,70.67,70.94,1178080.64,,AVAXUSDT_daily,CRYPTO,BINANCE,USDT,1,1,1,70.94,70.94,70.94,4.854012013950851,436,0.0,0.5,1,-20.0,52.75343034917734,0.0024642947224384104,True,-20.0,28.658956406076005,0.004536103763095806,True,-20.0,20.414155056810994,0.006368130331048245,True,-20.0,10.91533102180899,0.011909854107058972,True,-20.0,9.884530131761577,0.01315186440499342,True,20.0,9.370172633784493,0.013873810556198329,True,1689.5263864058634,-16.933333333333334,0.06657306000187278,59.52382725270582
2022-03-13,70.93,71.99,67.21,67.94,1213188.75,,AVAXUSDT_daily,CRYPTO,BINANCE,USDT,1,1,1,67.94,67.94,67.94,5.019694475919746,437,0.0,0.5,1,-20.0,52.75343034917734,0.0024642947224384104,True,-20.0,28.658956406076005,0.004536103763095806,True,-20.0,20.414155056810994,0.006368130331048245,True,-20.0,10.91533102180899,0.011909854107058972,True,-20.0,9.884530131761577,0.01315186440499342,True,20.0,9.370172633784493,0.013873810556198329,True,1620.9089129261458,-16.933333333333334,0.716098111079785,60.23992536378561
2022-03-14,67.92,71.5,65.55,68.97,2929390.22,,AVAXUSDT_daily,CRYPTO,BINANCE,USDT,1,1,1,68.97,68.97,68.97,5.270937672498957,438,0.0,0.5,1,-20.0,52.75343034917734,0.0024642947224384104,True,-20.0,28.658956406076005,0.004536103763095806,True,-20.0,20.414155056810994,0.006368130331048245,True,-20.0,10.91533102180899,0.011909854107058972,True,-20.0,9.884530131761577,0.01315186440499342,True,20.0,9.370172633784493,0.013873810556198329,True,1644.4881517304295,-16.933333333333334,-0.2567167108232769,59.98320865296233
2022-03-15,68.97,72.24,66.04,69.82,2272701.89,,AVAXUSDT_daily,CRYPTO,BINANCE,USDT,1,1,1,69.82,69.82,69.82,5.426428601614637,439,0.0,0.5,1,-20.0,52.75343034917734,0.0024642947224384104,True,-20.0,28.658956406076005,0.004536103763095806,True,-20.0,20.414155056810994,0.006368130331048245,True,-20.0,10.91533102180899,0.011909854107058972,True,-20.0,9.884530131761577,0.01315186440499342,True,20.0,9.370172633784493,0.013873810556198329,True,1664.0327614726673,-16.933333333333334,-0.2086897684983804,59.77451888446395
2022-03-16,69.82,74.72,68.07,74.08,2655390.64,,AVAXUSDT_daily,CRYPTO,BINANCE,USDT,1,1,1,74.08,74.08,74.08,5.439637057358682,440,0.0,0.5,1,20.0,52.75343034917734,0.0024642947224384104,True,-20.0,28.658956406076005,0.004536103763095806,True,-20.0,20.414155056810994,0.006368130331048245,True,-20.0,10.91533102180899,0.011909854107058972,True,-20.0,9.884530131761577,0.01315186440499342,True,20.0,9.370172633784493,0.013873810556198329,True,1755.5231906435442,-8.466666666666667,-1.033171011171586,58.74134787329236
2022-03-17,74.07,81.73,73.16,79.4,3601064.66,,AVAXUSDT_daily,CRYPTO,BINANCE,USDT,1,1,1,79.4,79.4,79.4,5.3709915530708345,441,0.0,0.5,1,20.0,52.75343034917734,0.0024642947224384104,True,20.0,28.658956406076005,0.004536103763095806,True,-20.0,20.414155056810994,0.006368130331048245,True,-20.0,10.91533102180899,0.011909854107058972,True,-20.0,9.884530131761577,0.01315186440499342,True,20.0,9.370172633784493,0.013873810556198329,True,1860.6467927919302,0.0,-0.6080273578113752,58.13332051548099
2022-03-18,79.4,86.95,76.48,85.71,3592188.77,,AVAXUSDT_daily,CRYPTO,BINANCE,USDT,1,1,1,85.71,85.71,85.71,5.667546833089559,442,0.0,0.5,1,20.0,52.75343034917734,0.0024642947224384104,True,20.0,28.658956406076005,0.004536103763095806,True,-20.0,20.414155056810994,0.006368130331048245,True,-20.0,10.91533102180899,0.011909854107058972,True,-20.0,9.884530131761577,0.01315186440499342,True,20.0,9.370172633784493,0.013873810556198329,True,1974.3853131623675,0.0,0.0,58.13332051548099
2022-03-19,85.72,92.39,85.58,89.53,3285297.07,,AVAXUSDT_daily,CRYPTO,BINANCE,USDT,1,1,1,89.53,89.53,89.53,6.4294194507501565,443,0.0,0.5,1,20.0,52.75343034917734,0.0024642947224384104,True,20.0,28.658956406076005,0.004536103763095806,True,20.0,20.414155056810994,0.006368130331048245,True,-20.0,10.91533102180899,0.011909854107058972,True,-20.0,9.884530131761577,0.01315186440499342,True,20.0,9.370172633784493,0.013873810556198329,True,2041.0475081363347,8.466666666666667,0.0,58.13332051548099
2022-03-20,89.54,89.98,84.26,84.84,2817986.41,,AVAXUSDT_daily,CRYPTO,BINANCE,USDT,1,1,1,84.84,84.84,84.84,6.4492221277167845,444,0.0,0.5,1,20.0,52.75343034917734,0.0024642947224384104,True,20.0,28.658956406076005,0.004536103763095806,True,20.0,20.414155056810994,0.006368130331048245,True,-20.0,10.91533102180899,0.011909854107058972,True,-20.0,9.884530131761577,0.01315186440499342,True,20.0,9.370172633784493,0.013873810556198329,True,1955.145437742533,8.466666666666667,-0.44352358613500126,57.68979692934599
2022-03-21,84.87,92.5,83.02,86.25,4199445.72,,AVAXUSDT_daily,CRYPTO,BINANCE,USDT,1,1,1,86.25,86.25,86.25,6.3969659543452995,445,0.0,0.5,1,20.0,52.75343034917734,0.0024642947224384104,True,20.0,28.658956406076005,0.004536103763095806,True,20.0,20.414155056810994,0.006368130331048245,True,-20.0,10.91533102180899,0.011909854107058972,True,-20.0,9.884530131761577,0.01315186440499342,True,20.0,9.370172633784493,0.013873810556198329,True,1981.0180462773308,8.466666666666667,0.1407119283356911,57.83050885768168
2022-03-22,86.24,89.89,83.7,83.98,3258174.08,,AVAXUSDT_daily,CRYPTO,BINANCE,USDT,1,1,1,83.98,83.98,83.98,6.432904292120255,446,0.0,0.5,1,20.0,52.75343034917734,0.0024642947224384104,True,20.0,28.658956406076005,0.004536103763095806,True,20.0,20.414155056810994,0.006368130331048245,True,-20.0,10.91533102180899,0.011909854107058972,True,-20.0,9.884530131761577,0.01315186440499342,True,20.0,9.370172633784493,0.013873810556198329,True,1937.7539271364687,8.466666666666667,-0.22283285024154573,57.60767600744013
2022-03-23,83.97,87.3,82.21,86.0,2633332.52,,AVAXUSDT_daily,CRYPTO,BINANCE,USDT,1,1,1,86.0,86.0,86.0,6.758592562142864,447,0.0,0.5,1,20.0,52.75343034917734,0.0024642947224384104,True,20.0,28.658956406076005,0.004536103763095806,True,20.0,20.414155056810994,0.006368130331048245,True,-20.0,10.91533102180899,0.011909854107058972,True,-20.0,9.884530131761577,0.01315186440499342,True,20.0,9.370172633784493,0.013873810556198329,True,1975.9662609269137,8.466666666666667,0.20365166309438643,57.81132767053452
2022-03-24,85.99,88.3,83.63,87.56,2936844.44,,AVAXUSDT_daily,CRYPTO,BINANCE,USDT,1,1,1,87.56,87.56,87.56,7.149242433182778,448,0.0,0.5,1,20.0,52.75343034917734,0.0024642947224384104,True,20.0,28.658956406076005,0.004536103763095806,True,20.0,20.414155056810994,0.006368130331048245,True,-20.0,10.91533102180899,0.011909854107058972,True,-20.0,9.884530131761577,0.01315186440499342,True,20.0,9.370172633784493,0.013873810556198329,True,2005.4613298305208,8.466666666666667,0.15358139534883777,57.964909065883354
2022-03-25,87.57,87.8,82.25,83.54,2533187.45,,AVAXUSDT_daily,CRYPTO,BINANCE,USDT,1,1,1,83.54,83.54,83.54,7.267177183097055,449,0.0,0.5,1,20.0,52.75343034917734,0.0024642947224384104,True,20.0,28.658956406076005,0.004536103763095806,True,20.0,20.414155056810994,0.006368130331048245,True,-20.0,10.91533102180899,0.011909854107058972,True,-20.0,9.884530131761577,0.01315186440499342,True,20.0,9.370172633784493,0.013873810556198329,True,1925.9537420536226,8.466666666666667,-0.38871630881681074,57.57619275706654
2022-03-26,83.54,86.74,82.46,85.86,1350476.61,,AVAXUSDT_daily,CRYPTO,BINANCE,USDT,1,1,1,85.86,85.86,85.86,7.355996104145963,450,0.0,0.5,1,20.0,52.75343034917734,0.0024642947224384104,True,20.0,28.658956406076005,0.004536103763095806,True,20.0,20.414155056810994,0.006368130331048245,True,-20.0,10.91533102180899,0.011909854107058972,True,-20.0,9.884530131761577,0.01315186440499342,True,20.0,9.370172633784493,0.013873810556198329,True,1971.2371227731637,8.466666666666667,0.23512888037666455,57.81132163744321
2022-03-27,85.87,89.99,84.4,89.88,1651306.21,,AVAXUSDT_daily,CRYPTO,BINANCE,USDT,1,1,1,89.88,89.88,89.88,7.578534367402095,451,0.0,0.5,1,20.0,52.75343034917734,0.0024642947224384104,True,20.0,28.658956406076005,0.004536103763095806,True,20.0,20.414155056810994,0.006368130331048245,True,-20.0,10.91533102180899,0.011909854107058972,True,-20.0,9.884530131761577,0.01315186440499342,True,20.0,9.370172633784493,0.013873810556198329,True,2046.6065403478947,8.466666666666667,0.3964127649662238,58.20773440240943
2022-03-28,89.88,96.23,88.58,89.58,3900950.93,,AVAXUSDT_daily,CRYPTO,BINANCE,USDT,1,1,1,89.58,89.58,89.58,7.734843991894548,452,0.0,0.5,1,20.0,52.75343034917734,0.0024642947224384104,True,20.0,28.658956406076005,0.004536103763095806,True,20.0,20.414155056810994,0.006368130331048245,True,0.9677899430144861,10.91533102180899,0.011909854107058972,True,-20.0,9.884530131761577,0.01315186440499342,True,20.0,9.370172633784493,0.013873810556198329,True,2040.8665106484675,12.9048488712714,-0.028259902091677194,58.17947450031775
2022-03-29,89.57,96.46,89.27,92.74,2945036.4,,AVAXUSDT_daily,CRYPTO,BINANCE,USDT,1,1,1,92.74,92.74,92.74,8.181944997821004,453,0.0,0.5,1,20.0,52.75343034917734,0.0024642947224384104,True,20.0,28.658956406076005,0.004536103763095806,True,20.0,20.414155056810994,0.006368130331048245,True,20.0,10.91533102180899,0.011909854107058972,True,-20.0,9.884530131761577,0.01315186440499342,True,20.0,9.370172633784493,0.013873810556198329,True,2099.9517181672786,16.933333333333334,0.45522797983051677,58.63470248014827
2022-03-30,92.73,100.48,89.5,95.58,3528529.66,,AVAXUSDT_daily,CRYPTO,BINANCE,USDT,1,1,1,95.58,95.58,95.58,8.606189877670948,454,0.0,0.5,1,20.0,52.75343034917734,0.0024642947224384104,True,20.0,28.658956406076005,0.004536103763095806,True,20.0,20.414155056810994,0.006368130331048245,True,20.0,10.91533102180899,0.011909854107058972,True,-20.0,9.884530131761577,0.01315186440499342,True,20.0,9.370172633784493,0.013873810556198329,True,2152.194415220486,16.933333333333334,0.5185536625691917,59.15325614271746
2022-03-31,95.57,101.98,93.68,97.41,4416636.71,,AVAXUSDT_daily,CRYPTO,BINANCE,USDT,1,1,1,97.41,97.41,97.41,8.841500512683854,455,0.0,0.5,1,20.0,52.75343034917734,0.0024642947224384104,True,20.0,28.658956406076005,0.004536103763095806,True,20.0,20.414155056810994,0.006368130331048245,True,20.0,10.91533102180899,0.011909854107058972,True,-20.0,9.884530131761577,0.01315186440499342,True,20.0,9.370172633784493,0.013873810556198329,True,2185.785939679016,16.933333333333334,0.3242100857920082,59.47746622850947
2022-04-01,97.43,99.8,90.26,96.83,3360841.07,,AVAXUSDT_daily,CRYPTO,BINANCE,USDT,1,1,1,96.83,96.83,96.83,8.804008955254972,456,0.0,0.5,1,20.0,52.75343034917734,0.0024642947224384104,True,20.0,28.658956406076005,0.004536103763095806,True,20.0,20.414155056810994,0.006368130331048245,True,20.0,10.91533102180899,0.011909854107058972,True,-20.0,9.884530131761577,0.01315186440499342,True,20.0,9.370172633784493,0.013873810556198329,True,2174.916813588591,16.933333333333334,-0.10082469287889646,59.376641535630576
2022-04-02,96.81,103.62,95.73,96.25,3326092.55,,AVAXUSDT_daily,CRYPTO,BINANCE,USDT,1,1,1,96.25,96.25,96.25,8.210668589354313,457,0.0,0.5,1,20.0,52.75343034917734,0.0024642947224384104,True,20.0,28.658956406076005,0.004536103763095806,True,20.0,20.414155056810994,0.006368130331048245,True,20.0,10.91533102180899,0.011909854107058972,True,-20.0,9.884530131761577,0.01315186440499342,True,20.0,9.370172633784493,0.013873810556198329,True,2163.819825627966,16.933333333333334,-0.10142862060656012,59.275212915024014
2022-04-03,96.25,100.09,94.41,98.05,2729825.05,,AVAXUSDT_daily,CRYPTO,BINANCE,USDT,1,1,1,98.05,98.05,98.05,7.548810624337061,458,0.0,0.5,1,20.0,52.75343034917734,0.0024642947224384104,True,20.0,28.658956406076005,0.004536103763095806,True,20.0,20.414155056810994,0.006368130331048245,True,20.0,10.91533102180899,0.011909854107058972,True,-18.325676274857486,9.884530131761577,0.01315186440499342,True,20.0,9.370172633784493,0.013873810556198329,True,2198.171528676238,17.287731855155165,0.31667532467532405,59.59188823969934
2022-04-04,98.02,98.08,90.81,96.16,2600693.06,,AVAXUSDT_daily,CRYPTO,BINANCE,USDT,1,1,1,96.16,96.16,96.16,6.500273091429045,459,0.0,0.5,1,20.0,52.75343034917734,0.0024642947224384104,True,20.0,28.658956406076005,0.004536103763095806,True,20.0,20.414155056810994,0.006368130331048245,True,20.0,10.91533102180899,0.011909854107058972,True,4.213231857033834,9.884530131761577,0.01315186440499342,True,20.0,9.370172633784493,0.013873810556198329,True,2161.084666518208,20.0,-0.33323623871742303,59.25865200098191
2022-04-05,96.16,97.7,90.6,91.06,2436266.33,,AVAXUSDT_daily,CRYPTO,BINANCE,USDT,1,1,1,91.06,91.06,91.06,5.4836891875143365,460,0.0,0.5,1,-20.0,52.75343034917734,0.0024642947224384104,True,20.0,28.658956406076005,0.004536103763095806,True,20.0,20.414155056810994,0.006368130331048245,True,20.0,10.91533102180899,0.011909854107058972,True,12.01803469243353,9.884530131761577,0.01315186440499342,True,20.0,9.370172633784493,0.013873810556198329,True,2057.489642030582,15.243817343231765,-1.0607321131447578,58.19791988783715
2022-04-06,91.07,91.11,82.63,82.94,3526547.24,,AVAXUSDT_daily,CRYPTO,BINANCE,USDT,1,1,1,82.94,82.94,82.94,5.17862395358362,461,0.0,0.5,1,-20.0,52.75343034917734,0.0024642947224384104,True,-20.0,28.658956406076005,0.004536103763095806,True,20.0,20.414155056810994,0.006368130331048245,True,20.0,10.91533102180899,0.011909854107058972,True,-2.2448503774875848,9.884530131761577,0.01315186440499342,True,20.0,9.370172633784493,0.013873810556198329,True,1886.8718508738273,3.758173336765128,-1.3593212917531523,56.838598596084
2022-04-07,82.94,88.66,81.34,87.55,3392547.98,,AVAXUSDT_daily,CRYPTO,BINANCE,USDT,1,1,1,87.55,87.55,87.55,5.1145812968515525,462,0.0,0.5,1,-20.0,52.75343034917734,0.0024642947224384104,True,-20.0,28.658956406076005,0.004536103763095806,True,20.0,20.414155056810994,0.006368130331048245,True,20.0,10.91533102180899,0.011909854107058972,True,-3.982760698185077,9.884530131761577,0.01315186440499342,True,20.0,9.370172633784493,0.013873810556198329,True,1977.8696758506069,3.3903156522174918,0.20888810082574424,57.04748669690974
2022-04-08,87.56,90.56,82.69,83.66,3189742.2,,AVAXUSDT_daily,CRYPTO,BINANCE,USDT,1,1,1,83.66,83.66,83.66,5.312374233805304,463,0.0,0.5,1,-20.0,52.75343034917734,0.0024642947224384104,True,-20.0,28.658956406076005,0.004536103763095806,True,20.0,20.414155056810994,0.006368130331048245,True,20.0,10.91533102180899,0.011909854107058972,True,-15.706143841223437,9.884530131761577,0.01315186440499342,True,20.0,9.370172633784493,0.013873810556198329,True,1897.4481179240024,0.9088662202743726,-0.15063766861366143,56.89684902829608
2022-04-09,83.66,85.56,81.88,84.55,1368929.8,,AVAXUSDT_daily,CRYPTO,BINANCE,USDT,1,1,1,84.55,84.55,84.55,5.326960498998771,464,0.0,0.5,1,-20.0,52.75343034917734,0.0024642947224384104,True,-20.0,28.658956406076005,0.004536103763095806,True,20.0,20.414155056810994,0.006368130331048245,True,20.0,10.91533102180899,0.011909854107058972,True,-20.0,9.884530131761577,0.01315186440499342,True,20.0,9.370172633784493,0.013873810556198329,True,1915.9612906346472,0.0,0.009668789577387007,56.90651781787347
2022-04-10,84.57,85.66,80.67,81.01,1119413.47,,AVAXUSDT_daily,CRYPTO,BINANCE,USDT,1,1,1,81.01,81.01,81.01,5.629544690385819,465,0.0,0.5,1,-20.0,52.75343034917734,0.0024642947224384104,True,-20.0,28.658956406076005,0.004536103763095806,True,-20.0,20.414155056810994,0.006368130331048245,True,20.0,10.91533102180899,0.011909854107058972,True,-20.0,9.884530131761577,0.01315186440499342,True,20.0,9.370172633784493,0.013873810556198329,True,1838.8638251326024,-8.466666666666667,-0.0,56.90651781787347
2022-04-11,81.0,81.54,72.73,74.35,3030700.6,,AVAXUSDT_daily,CRYPTO,BINANCE,USDT,1,1,1,74.35,74.35,74.35,6.475630105492169,466,0.0,0.5,1,-20.0,52.75343034917734,0.0024642947224384104,True,-20.0,28.658956406076005,0.004536103763095806,True,-20.0,20.414155056810994,0.006368130331048245,True,-20.0,10.91533102180899,0.011909854107058972,True,-20.0,9.884530131761577,0.01315186440499342,True,20.0,9.370172633784493,0.013873810556198329,True,1685.9163359224158,-16.933333333333334,0.6960622145414153,57.602580032414885
2022-04-12,74.35,79.5,73.88,76.31,2146833.6,,AVAXUSDT_daily,CRYPTO,BINANCE,USDT,1,1,1,76.31,76.31,76.31,7.051038949201501,467,0.0,0.5,1,-20.0,52.75343034917734,0.0024642947224384104,True,-20.0,28.658956406076005,0.004536103763095806,True,-20.0,20.414155056810994,0.006368130331048245,True,-20.0,10.91533102180899,0.011909854107058972,True,-20.0,9.884530131761577,0.01315186440499342,True,20.0,9.370172633784493,0.013873810556198329,True,1730.1743606341659,-16.933333333333334,-0.4463931853844435,57.15618684703044
2022-04-13,76.32,80.65,75.8,80.2,1680567.89,,AVAXUSDT_daily,CRYPTO,BINANCE,USDT,1,1,1,80.2,80.2,80.2,7.29298182826251,468,0.0,0.5,1,-20.0,52.75343034917734,0.0024642947224384104,True,-20.0,28.658956406076005,0.004536103763095806,True,-20.0,20.414155056810994,0.006368130331048245,True,-20.0,10.91533102180899,0.011909854107058972,True,-20.0,9.884530131761577,0.01315186440499342,True,20.0,9.370172633784493,0.013873810556198329,True,1813.1915080497422,-16.933333333333334,-0.8631983575765506,56.29298848945389
2022-04-14,80.2,81.87,76.16,76.81,1741713.69,,AVAXUSDT_daily,CRYPTO,BINANCE,USDT,1,1,1,76.81,76.81,76.81,7.663949030156772,469,0.0,0.5,1,-20.0,52.75343034917734,0.0024642947224384104,True,-20.0,28.658956406076005,0.004536103763095806,True,-20.0,20.414155056810994,0.006368130331048245,True,-20.0,10.91533102180899,0.011909854107058972,True,-20.0,9.884530131761577,0.01315186440499342,True,20.0,9.370172633784493,0.013873810556198329,True,1737.2339383127494,-16.933333333333334,0.7157605985037403,57.00874908795763
2022-04-15,76.8,78.53,74.75,77.43,1318038.23,,AVAXUSDT_daily,CRYPTO,BINANCE,USDT,1,1,1,77.43,77.43,77.43,8.002840860725906,470,0.0,0.5,1,-20.0,52.75343034917734,0.0024642947224384104,True,-20.0,28.658956406076005,0.004536103763095806,True,-20.0,20.414155056810994,0.006368130331048245,True,-20.0,10.91533102180899,0.011909854107058972,True,-20.0,9.884530131761577,0.01315186440499342,True,20.0,9.370172633784493,0.013873810556198329,True,1751.2463590616455,-16.933333333333334,-0.13668359154624043,56.872065496411395
2022-04-16,77.44,78.26,76.5,77.74,616267.4,,AVAXUSDT_daily,CRYPTO,BINANCE,USDT,1,1,1,77.74,77.74,77.74,8.262422529296755,471,0.0,0.5,1,-20.0,52.75343034917734,0.0024642947224384104,True,-20.0,28.658956406076005,0.004536103763095806,True,-20.0,20.414155056810994,0.006368130331048245,True,-20.0,10.91533102180899,0.011909854107058972,True,-20.0,9.884530131761577,0.01315186440499342,True,20.0,9.370172633784493,0.013873810556198329,True,1758.3459433114558,-16.933333333333334,-0.06779456713590527,56.80427092927549
2022-04-17,77.74,78.68,75.08,75.42,776597.8,,AVAXUSDT_daily,CRYPTO,BINANCE,USDT,1,1,1,75.42,75.42,75.42,8.611904169291002,472,0.0,0.5,1,-20.0,52.75343034917734,0.0024642947224384104,True,-20.0,28.658956406076005,0.004536103763095806,True,-20.0,20.414155056810994,0.006368130331048245,True,-20.0,10.91533102180899,0.011909854107058972,True,-20.0,9.884530131761577,0.01315186440499342,True,20.0,9.370172633784493,0.013873810556198329,True,1702.9507133931647,-16.933333333333334,0.5053425949747012,57.30961352425019
2022-04-18,75.41,77.95,71.5,77.73,1812465.17,,AVAXUSDT_daily,CRYPTO,BINANCE,USDT,1,1,1,77.73,77.73,77.73,8.656942209640299,473,0.0,0.5,1,-20.0,52.75343034917734,0.0024642947224384104,True,-20.0,28.658956406076005,0.004536103763095806,True,-20.0,20.414155056810994,0.006368130331048245,True,-20.0,10.91533102180899,0.011909854107058972,True,-20.0,9.884530131761577,0.01315186440499342,True,20.0,9.370172633784493,0.013873810556198329,True,1756.8016108168833,-16.933333333333334,-0.5186422699549196,56.79097125429527
2022-04-19,77.73,81.1,76.8,80.28,1467897.35,,AVAXUSDT_daily,CRYPTO,BINANCE,USDT,1,1,1,80.28,80.28,80.28,8.377033201746146,474,0.0,0.5,1,20.0,52.75343034917734,0.0024642947224384104,True,-20.0,28.658956406076005,0.004536103763095806,True,-20.0,20.414155056810994,0.006368130331048245,True,-20.0,10.91533102180899,0.011909854107058972,True,-20.0,9.884530131761577,0.01315186440499342,True,20.0,9.370172633784493,0.013873810556198329,True,1814.7023994492984,-8.466666666666667,-0.5555126720699861,56.235458582225284
2022-04-20,80.27,81.31,77.46,78.21,1497709.36,,AVAXUSDT_daily,CRYPTO,BINANCE,USDT,1,1,1,78.21,78.21,78.21,7.9177476196466765,475,0.0,0.5,1,-20.0,52.75343034917734,0.0024642947224384104,True,-20.0,28.658956406076005,0.004536103763095806,True,-20.0,20.414155056810994,0.006368130331048245,True,-20.0,10.91533102180899,0.011909854107058972,True,-20.0,9.884530131761577,0.01315186440499342,True,20.0,9.370172633784493,0.013873810556198329,True,1765.903899593552,-16.933333333333334,0.21831091180867077,56.453769494033956
2022-04-21,78.22,80.21,74.13,75.02,1363115.38,,AVAXUSDT_daily,CRYPTO,BINANCE,USDT,1,1,1,75.02,75.02,75.02,7.494212696966117,476,0.0,0.5,1,-20.0,52.75343034917734,0.0024642947224384104,True,-20.0,28.658956406076005,0.004536103763095806,True,-20.0,20.414155056810994,0.006368130331048245,True,-20.0,10.91533102180899,0.011909854107058972,True,-20.0,9.884530131761577,0.01315186440499342,True,20.0,9.370172633784493,0.013873810556198329,True,1687.2666895905145,-16.933333333333334,0.6906704172526954,57.14443991128665
2022-04-22,75.01,77.22,73.33,74.03,1261738.35,,AVAXUSDT_daily,CRYPTO,BINANCE,USDT,1,1,1,74.03,74.03,74.03,6.983873510490166,477,0.0,0.5,1,-20.0,52.75343034917734,0.0024642947224384104,True,-20.0,28.658956406076005,0.004536103763095806,True,-20.0,20.414155056810994,0.006368130331048245,True,-20.0,10.91533102180899,0.011909854107058972,True,-20.0,9.884530131761577,0.01315186440499342,True,20.0,9.370172633784493,0.013873810556198329,True,1662.1278273243227,-16.933333333333334,0.2234604105571827,57.367900321843834
2022-04-23,74.04,74.42,72.35,72.83,865209.06,,AVAXUSDT_daily,CRYPTO,BINANCE,USDT,1,1,1,72.83,72.83,72.83,6.036823384773446,478,0.0,0.5,1,-20.0,52.75343034917734,0.0024642947224384104,True,-20.0,28.658956406076005,0.004536103763095806,True,-20.0,20.414155056810994,0.006368130331048245,True,-20.0,10.91533102180899,0.011909854107058972,True,-20.0,9.884530131761577,0.01315186440499342,True,20.0,9.370172633784493,0.013873810556198329,True,1630.6669135174288,-16.933333333333334,0.2744833175739572,57.642383639417794
2022-04-24,72.84,73.49,71.0,71.51,671237.21,,AVAXUSDT_daily,CRYPTO,BINANCE,USDT,1,1,1,71.51,71.51,71.51,5.03192293472913,479,0.0,0.5,1,-20.0,52.75343034917734,0.0024642947224384104,True,-20.0,28.658956406076005,0.004536103763095806,True,-20.0,20.414155056810994,0.006368130331048245,True,-20.0,10.91533102180899,0.011909854107058972,True,-20.0,9.884530131761577,0.01315186440499342,True,20.0,9.370172633784493,0.013873810556198329,True,1594.8864957025712,-16.933333333333334,0.30690649457640884,57.949290133994204
2022-04-25,71.5,72.99,67.36,72.88,2017379.58,,AVAXUSDT_daily,CRYPTO,BINANCE,USDT,1,1,1,72.88,72.88,72.88,4.317025169696145,480,0.0,0.5,1,-20.0,52.75343034917734,0.0024642947224384104,True,-20.0,28.658956406076005,0.004536103763095806,True,-20.0,20.414155056810994,0.006368130331048245,True,-20.0,10.91533102180899,0.011909854107058972,True,-20.0,9.884530131761577,0.01315186440499342,True,20.0,9.370172633784493,0.013873810556198329,True,1631.666482293171,-16.933333333333334,-0.32441150421852194,57.62487862977568
2022-04-26,72.9,73.18,67.5,68.7,1568050.0,,AVAXUSDT_daily,CRYPTO,BINANCE,USDT,1,1,1,68.7,68.7,68.7,4.626582119152738,481,0.0,0.5,1,-20.0,52.75343034917734,0.0024642947224384104,True,-20.0,28.658956406076005,0.004536103763095806,True,-20.0,20.414155056810994,0.006368130331048245,True,-20.0,10.91533102180899,0.011909854107058972,True,-20.0,9.884530131761577,0.01315186440499342,True,20.0,9.370172633784493,0.013873810556198329,True,1514.2203677168286,-16.933333333333334,0.9712038053421131,58.59608243511779
2022-04-27,68.7,71.98,68.32,69.86,1173322.27,,AVAXUSDT_daily,CRYPTO,BINANCE,USDT,1,1,1,69.86,69.86,69.86,4.240987068571456,482,0.0,0.5,1,-20.0,52.75343034917734,0.0024642947224384104,True,-20.0,28.658956406076005,0.004536103763095806,True,-20.0,20.414155056810994,0.006368130331048245,True,-20.0,10.91533102180899,0.011909854107058972,True,-20.0,9.884530131761577,0.01315186440499342,True,20.0,9.370172633784493,0.013873810556198329,True,1546.5902668030458,-16.933333333333334,-0.2859194565744758,58.31016297854332
2022-04-28,69.86,70.76,66.65,67.26,1530116.95,,AVAXUSDT_daily,CRYPTO,BINANCE,USDT,1,1,1,67.26,67.26,67.26,4.352776820907842,483,0.0,0.5,1,-20.0,52.75343034917734,0.0024642947224384104,True,-20.0,28.658956406076005,0.004536103763095806,True,-20.0,20.414155056810994,0.006368130331048245,True,-20.0,10.91533102180899,0.011909854107058972,True,-20.0,9.884530131761577,0.01315186440499342,True,20.0,9.370172633784493,0.013873810556198329,True,1470.773239003332,-16.933333333333334,0.6302128065655113,58.94037578510883
2022-04-29,67.26,67.99,62.2,63.4,1419116.89,,AVAXUSDT_daily,CRYPTO,BINANCE,USDT,1,1,1,63.4,63.4,63.4,4.6262010104917515,484,0.0,0.5,1,-20.0,52.75343034917734,0.0024642947224384104,True,-20.0,28.658956406076005,0.004536103763095806,True,-20.0,20.414155056810994,0.006368130331048245,True,-20.0,10.91533102180899,0.011909854107058972,True,-20.0,9.884530131761577,0.01315186440499342,True,3.4475551807213147,9.370172633784493,0.013873810556198329,True,1352.539750899028,-20.0,0.9717910595698298,59.91216684467866
2022-04-30,63.4,64.65,55.05,56.98,2393352.67,,AVAXUSDT_daily,CRYPTO,BINANCE,USDT,1,1,1,56.98,56.98,56.98,5.825019426215755,485,0.0,0.5,1,-20.0,52.75343034917734,0.0024642947224384104,True,-20.0,28.658956406076005,0.004536103763095806,True,-20.0,20.414155056810994,0.006368130331048245,True,-20.0,10.91533102180899,0.011909854107058972,True,-20.0,9.884530131761577,0.01315186440499342,True,-20.0,9.370172633784493,0.013873810556198329,True,1147.0752183977318,-20.0,2.025236593059938,61.937403437738595
2022-05-01,56.98,61.14,56.27,58.77,2344079.85,,AVAXUSDT_daily,CRYPTO,BINANCE,USDT,1,1,1,58.77,58.77,58.77,6.665100998168826,486,0.0,0.5,1,-20.0,52.75343034917734,0.0024642947224384104,True,-20.0,28.658956406076005,0.004536103763095806,True,-20.0,20.414155056810994,0.006368130331048245,True,-20.0,10.91533102180899,0.011909854107058972,True,-20.0,9.884530131761577,0.01315186440499342,True,-20.0,9.370172633784493,0.013873810556198329,True,1202.427314863202,-20.0,-0.6282906282906309,61.30911280944797
2022-05-02,58.74,62.46,56.74,60.34,2855611.45,,AVAXUSDT_daily,CRYPTO,BINANCE,USDT,1,1,1,60.34,60.34,60.34,7.133439415509085,487,0.0,0.5,1,-20.0,52.75343034917734,0.0024642947224384104,True,-20.0,28.658956406076005,0.004536103763095806,True,-20.0,20.414155056810994,0.006368130331048245,True,-20.0,10.91533102180899,0.011909854107058972,True,-20.0,9.884530131761577,0.01315186440499342,True,-20.0,9.370172633784493,0.013873810556198329,True,1249.8419555854368,-20.0,-0.534286200442402,60.774826609005565
2022-05-03,60.34,62.55,58.12,59.63,1686585.01,,AVAXUSDT_daily,CRYPTO,BINANCE,USDT,1,1,1,59.63,59.63,59.63,7.334100795168155,488,0.0,0.5,1,-20.0,52.75343034917734,0.0024642947224384104,True,-20.0,28.658956406076005,0.004536103763095806,True,-20.0,20.414155056810994,0.006368130331048245,True,-20.0,10.91533102180899,0.011909854107058972,True,-20.0,9.884530131761577,0.01315186440499342,True,-20.0,9.370172633784493,0.013873810556198329,True,1227.7627407381863,-20.0,0.23533311236327403,61.01015972136884
2022-05-04,59.63,67.64,59.3,67.27,2409142.35,,AVAXUSDT_daily,CRYPTO,BINANCE,USDT,1,1,1,67.27,67.27,67.27,7.228109219895538,489,0.0,0.5,1,20.0,52.75343034917734,0.0024642947224384104,True,-20.0,28.658956406076005,0.004536103763095806,True,-20.0,20.414155056810994,0.006368130331048245,True,-20.0,10.91533102180899,0.011909854107058972,True,-20.0,9.884530131761577,0.01315186440499342,True,-20.0,9.370172633784493,0.013873810556198329,True,1411.9909668701052,-16.933333333333334,-2.5624685560959204,58.447691165272914
2022-05-05,67.28,69.52,56.51,59.04,4442154.36,,AVAXUSDT_daily,CRYPTO,BINANCE,USDT,1,1,1,59.04,59.04,59.04,7.435339159786514,490,0.0,0.5,1,-20.0,52.75343034917734,0.0024642947224384104,True,-20.0,28.658956406076005,0.004536103763095806,True,-20.0,20.414155056810994,0.006368130331048245,True,-20.0,10.91533102180899,0.011909854107058972,True,-20.0,9.884530131761577,0.01315186440499342,True,-20.0,9.370172633784493,0.013873810556198329,True,1200.2989451972853,-20.0,2.0716713740647132,60.51936253933763
2022-05-06,59.04,59.4,55.0,57.0,2822758.39,,AVAXUSDT_daily,CRYPTO,BINANCE,USDT,1,1,1,57.0,57.0,57.0,7.646177992614299,491,0.0,0.5,1,-20.0,52.75343034917734,0.0024642947224384104,True,-20.0,28.658956406076005,0.004536103763095806,True,-20.0,20.414155056810994,0.006368130331048245,True,-20.0,10.91533102180899,0.011909854107058972,True,-20.0,9.884530131761577,0.01315186440499342,True,-20.0,9.370172633784493,0.013873810556198329,True,1145.0551220872103,-20.0,0.6910569105691056,61.21041944990673
2022-05-07,57.0,57.53,53.24,55.04,1898625.35,,AVAXUSDT_daily,CRYPTO,BINANCE,USDT,1,1,1,55.04,55.04,55.04,7.99838398151727,492,0.0,0.5,1,-20.0,52.75343034917734,0.0024642947224384104,True,-20.0,28.658956406076005,0.004536103763095806,True,-20.0,20.414155056810994,0.006368130331048245,True,-20.0,10.91533102180899,0.011909854107058972,True,-20.0,9.884530131761577,0.01315186440499342,True,-20.0,9.370172633784493,0.013873810556198329,True,1089.1768485207208,-20.0,0.6877192982456148,61.89813874815235
2022-05-08,55.05,55.47,50.63,51.62,3163317.55,,AVAXUSDT_daily,CRYPTO,BINANCE,USDT,1,1,1,51.62,51.62,51.62,8.32853451126103,493,0.0,0.5,1,-20.0,52.75343034917734,0.0024642947224384104,True,-20.0,28.658956406076005,0.004536103763095806,True,-20.0,20.414155056810994,0.006368130331048245,True,-20.0,10.91533102180899,0.011909854107058972,True,-20.0,9.884530131761577,0.01315186440499342,True,-20.0,9.370172633784493,0.013873810556198329,True,984.71139087227,-20.0,1.2427325581395365,63.140871306291885
2022-05-09,51.62,53.06,41.15,41.2,5783146.8,,AVAXUSDT_daily,CRYPTO,BINANCE,USDT,1,1,1,41.2,41.2,41.2,9.322849392191044,494,0.0,0.5,1,-20.0,52.75343034917734,0.0024642947224384104,True,-20.0,28.658956406076005,0.004536103763095806,True,-20.0,20.414155056810994,0.006368130331048245,True,-20.0,10.91533102180899,0.011909854107058972,True,-20.0,9.884530131761577,0.01315186440499342,True,-20.0,9.370172633784493,0.013873810556198329,True,641.6886146962165,-20.0,4.037194885703215,67.1780661919951
2022-05-10,41.2,50.32,40.0,44.58,6887935.36,,AVAXUSDT_daily,CRYPTO,BINANCE,USDT,1,1,1,44.58,44.58,44.58,9.657401088775243,495,0.0,0.5,1,-20.0,52.75343034917734,0.0024642947224384104,True,-20.0,28.658956406076005,0.004536103763095806,True,-20.0,20.414155056810994,0.006368130331048245,True,-20.0,10.91533102180899,0.011909854107058972,True,-20.0,9.884530131761577,0.01315186440499342,True,-20.0,9.370172633784493,0.013873810556198329,True,741.8233794613778,-20.0,-1.640776699029125,65.53728949296598
2022-05-11,44.58,46.25,26.11,31.17,12956731.613,,AVAXUSDT_daily,CRYPTO,BINANCE,USDT,1,1,1,31.17,31.17,31.17,11.441819635833777,496,0.0,0.5,1,-20.0,52.75343034917734,0.0024642947224384104,True,-20.0,28.658956406076005,0.004536103763095806,True,-20.0,20.414155056810994,0.006368130331048245,True,-20.0,10.91533102180899,0.011909854107058972,True,-20.0,9.884530131761577,0.01315186440499342,True,-20.0,9.370172633784493,0.013873810556198329,True,280.8059858457103,-20.0,6.016150740242258,71.55344023320824
2022-05-12,31.17,33.94,23.51,30.32,11602675.67,,AVAXUSDT_daily,CRYPTO,BINANCE,USDT,1,1,1,30.32,30.32,30.32,12.751711133887474,497,0.0,0.5,1,-20.0,52.75343034917734,0.0024642947224384104,True,-20.0,28.658956406076005,0.004536103763095806,True,-20.0,20.414155056810994,0.006368130331048245,True,-20.0,10.91533102180899,0.011909854107058972,True,-20.0,9.884530131761577,0.01315186440499342,True,-20.0,9.370172633784493,0.013873810556198329,True,250.08052032387064,-20.0,0.545396214308631,72.09883644751686
2022-05-13,30.31,37.99,29.55,32.21,7405352.03,,AVAXUSDT_daily,CRYPTO,BINANCE,USDT,1,1,1,32.21,32.21,32.21,13.474684607187019,498,0.0,0.5,1,-20.0,52.75343034917734,0.0024642947224384104,True,-20.0,28.658956406076005,0.004536103763095806,True,-20.0,20.414155056810994,0.006368130331048245,True,-20.0,10.91533102180899,0.011909854107058972,True,-20.0,9.884530131761577,0.01315186440499342,True,-20.0,9.370172633784493,0.013873810556198329,True,314.2974520861426,-20.0,-1.246701846965701,70.85213460055115
2022-05-14,32.2,34.32,29.27,33.93,4033165.08,,AVAXUSDT_daily,CRYPTO,BINANCE,USDT,1,1,1,33.93,33.93,33.93,13.805228986453876,499,0.0,0.5,1,-20.0,52.75343034917734,0.0024642947224384104,True,-20.0,28.658956406076005,0.004536103763095806,True,-20.0,20.414155056810994,0.006368130331048245,True,-20.0,10.91533102180899,0.011909854107058972,True,-20.0,9.884530131761577,0.01315186440499342,True,-20.0,9.370172633784493,0.013873810556198329,True,370.06364193760936,-20.0,-1.0679913070475022,69.78414329350365
2022-05-15,33.93,37.07,31.87,36.57,3611773.82,,AVAXUSDT_daily,CRYPTO,BINANCE,USDT,1,1,1,36.57,36.57,36.57,13.58576944143375,500,0.0,0.5,1,-20.0,52.75343034917734,0.0024642947224384104,True,-20.0,28.658956406076005,0.004536103763095806,True,-20.0,20.414155056810994,0.006368130331048245,True,-20.0,10.91533102180899,0.011909854107058972,True,-20.0,9.884530131761577,0.01315186440499342,True,-20.0,9.370172633784493,0.013873810556198329,True,449.17847491472725,-20.0,-1.556145004420868,68.22799828908278
2022-05-16,36.56,36.56,31.4,32.56,4737925.3,,AVAXUSDT_daily,CRYPTO,BINANCE,USDT,1,1,1,32.56,32.56,32.56,13.684952502658021,501,0.0,0.5,1,-20.0,52.75343034917734,0.0024642947224384104,True,-20.0,28.658956406076005,0.004536103763095806,True,-20.0,20.414155056810994,0.006368130331048245,True,-20.0,10.91533102180899,0.011909854107058972,True,-20.0,9.884530131761577,0.01315186440499342,True,-20.0,9.370172633784493,0.013873810556198329,True,313.83768247185446,-20.0,2.1930544161881316,70.42105270527091
2022-05-17,32.56,35.77,32.2,34.39,3323237.18,,AVAXUSDT_daily,CRYPTO,BINANCE,USDT,1,1,1,34.39,34.39,34.39,13.329159329119712,502,0.0,0.5,1,-20.0,52.75343034917734,0.0024642947224384104,True,-20.0,28.658956406076005,0.004536103763095806,True,-20.0,20.414155056810994,0.006368130331048245,True,-20.0,10.91533102180899,0.011909854107058972,True,-20.0,9.884530131761577,0.01315186440499342,True,-20.0,9.370172633784493,0.013873810556198329,True,372.6802410565562,-20.0,-1.1240786240786216,69.29697408119229
2022-05-18,34.4,35.16,29.37,29.58,3400565.86,,AVAXUSDT_daily,CRYPTO,BINANCE,USDT,1,1,1,29.58,29.58,29.58,13.224900755771545,503,0.0,0.5,1,-20.0,52.75343034917734,0.0024642947224384104,True,-20.0,28.658956406076005,0.004536103763095806,True,-20.0,20.414155056810994,0.006368130331048245,True,-20.0,10.91533102180899,0.011909854107058972,True,-20.0,9.884530131761577,0.01315186440499342,True,-20.0,9.370172633784493,0.013873810556198329,True,195.1351948096905,-20.0,2.7973248037220144,72.09429888491431
2022-05-19,29.59,31.89,27.51,30.39,4763307.53,,AVAXUSDT_daily,CRYPTO,BINANCE,USDT,1,1,1,30.39,30.39,30.39,13.100796872107347,504,0.0,0.5,1,-20.0,52.75343034917734,0.0024642947224384104,True,-20.0,28.658956406076005,0.004536103763095806,True,-20.0,20.414155056810994,0.006368130331048245,True,-20.0,10.91533102180899,0.011909854107058972,True,-20.0,9.884530131761577,0.01315186440499342,True,-20.0,9.370172633784493,0.013873810556198329,True,224.68327759124,-20.0,-0.5476673427991896,71.54663154211512
2022-05-20,30.39,31.93,27.83,28.8,4866371.46,,AVAXUSDT_daily,CRYPTO,BINANCE,USDT,1,1,1,28.8,28.8,28.8,13.273438643435998,505,0.0,0.5,1,-20.0,52.75343034917734,0.0024642947224384104,True,-20.0,28.658956406076005,0.004536103763095806,True,-20.0,20.414155056810994,0.006368130331048245,True,-20.0,10.91533102180899,0.011909854107058972,True,-20.0,9.884530131761577,0.01315186440499342,True,-20.0,9.370172633784493,0.013873810556198329,True,162.2146722534697,-20.0,1.0463968410661395,72.59302838318126
2022-05-21,28.8,30.61,28.19,29.89,2170197.88,,AVAXUSDT_daily,CRYPTO,BINANCE,USDT,1,1,1,29.89,29.89,29.89,13.120076730761157,506,0.0,0.5,1,-20.0,52.75343034917734,0.0024642947224384104,True,-20.0,28.658956406076005,0.004536103763095806,True,-20.0,20.414155056810994,0.006368130331048245,True,-20.0,10.91533102180899,0.011909854107058972,True,-20.0,9.884530131761577,0.01315186440499342,True,-20.0,9.370172633784493,0.013873810556198329,True,203.9554365439156,-20.0,-0.7569444444444429,71.83608393873682
2022-05-22,29.89,32.7,29.01,31.71,3775539.16,,AVAXUSDT_daily,CRYPTO,BINANCE,USDT,1,1,1,31.71,31.71,31.71,12.596927152453434,507,0.0,0.5,1,-20.0,52.75343034917734,0.0024642947224384104,True,-20.0,28.658956406076005,0.004536103763095806,True,-20.0,20.414155056810994,0.006368130331048245,True,-20.0,10.91533102180899,0.011909854107058972,True,-20.0,9.884530131761577,0.01315186440499342,True,-20.0,9.370172633784493,0.013873810556198329,True,269.8865736412563,-20.0,-1.2177985948477765,70.61828534388904
2022-05-23,31.71,33.08,28.54,29.06,4621612.58,,AVAXUSDT_daily,CRYPTO,BINANCE,USDT,1,1,1,29.06,29.06,29.06,12.039961214748159,508,0.0,0.5,1,-20.0,52.75343034917734,0.0024642947224384104,True,-20.0,28.658956406076005,0.004536103763095806,True,-20.0,20.414155056810994,0.006368130331048245,True,-20.0,10.91533102180899,0.011909854107058972,True,-20.0,9.884530131761577,0.01315186440499342,True,-20.0,9.370172633784493,0.013873810556198329,True,164.08886953685592,-20.0,1.6713970356354468,72.28968237952449
2022-05-24,29.06,29.66,26.87,29.08,4251299.31,,AVAXUSDT_daily,CRYPTO,BINANCE,USDT,1,1,1,29.08,29.08,29.08,10.271874271652683,509,0.0,0.5,1,-20.0,52.75343034917734,0.0024642947224384104,True,-20.0,28.658956406076005,0.004536103763095806,True,-20.0,20.414155056810994,0.006368130331048245,True,-20.0,10.91533102180899,0.011909854107058972,True,-20.0,9.884530131761577,0.01315186440499342,True,-20.0,9.370172633784493,0.013873810556198329,True,164.903555667133,-20.0,-0.013764624913972234,72.27591775461052
2022-05-25,29.07,29.68,27.11,27.25,3491521.18,,AVAXUSDT_daily,CRYPTO,BINANCE,USDT,1,1,1,27.25,27.25,27.25,9.146078754250723,510,0.0,0.5,1,-20.0,52.75343034917734,0.0024642947224384104,True,-20.0,28.658956406076005,0.004536103763095806,True,-20.0,20.414155056810994,0.006368130331048245,True,-20.0,10.91533102180899,0.011909854107058972,True,-20.0,9.884530131761577,0.01315186440499342,True,-20.0,9.370172633784493,0.013873810556198329,True,84.04365754825486,-20.0,1.258596973865198,73.53451472847571
2022-05-26,27.25,28.03,22.84,23.43,7355985.5,,AVAXUSDT_daily,CRYPTO,BINANCE,USDT,1,1,1,23.43,23.43,23.43,8.071290837869933,511,0.0,0.5,1,-20.0,52.75343034917734,0.0024642947224384104,True,-20.0,28.658956406076005,0.004536103763095806,True,-20.0,20.414155056810994,0.006368130331048245,True,-20.0,10.91533102180899,0.011909854107058972,True,-20.0,9.884530131761577,0.01315186440499342,True,-20.0,9.370172633784493,0.013873810556198329,True,-108.43121209261537,-20.0,2.8036697247706432,76.33818445324636
2022-05-27,23.42,23.88,21.35,22.58,7882719.859,,AVAXUSDT_daily,CRYPTO,BINANCE,USDT,1,1,1,22.58,22.58,22.58,6.812701295916195,512,0.0,0.5,1,-20.0,52.75343034917734,0.0024642947224384104,True,-20.0,28.658956406076005,0.004536103763095806,True,-20.0,20.414155056810994,0.006368130331048245,True,-20.0,10.91533102180899,0.011909854107058972,True,-20.0,9.884530131761577,0.01315186440499342,True,-20.0,9.370172633784493,0.013873810556198329,True,-153.85313981151205,-20.0,0.72556551429791,77.06374996754427
2022-05-28,22.57,25.73,22.17,24.76,5080017.44,,AVAXUSDT_daily,CRYPTO,BINANCE,USDT,1,1,1,24.76,24.76,24.76,5.335900358101621,513,0.0,0.5,1,-20.0,52.75343034917734,0.0024642947224384104,True,-20.0,28.658956406076005,0.004536103763095806,True,-20.0,20.414155056810994,0.006368130331048245,True,-20.0,10.91533102180899,0.011909854107058972,True,-20.0,9.884530131761577,0.01315186440499342,True,-20.0,9.370172633784493,0.013873810556198329,True,-50.3215886604585,-20.0,-1.9309123117803395,75.13283765576392
2022-05-29,24.76,27.0,23.72,26.16,5201437.75,,AVAXUSDT_daily,CRYPTO,BINANCE,USDT,1,1,1,26.16,26.16,26.16,4.889538671599074,514,0.0,0.5,1,-20.0,52.75343034917734,0.0024642947224384104,True,-20.0,28.658956406076005,0.004536103763095806,True,-20.0,20.414155056810994,0.006368130331048245,True,-20.0,10.91533102180899,0.011909854107058972,True,-20.0,9.884530131761577,0.01315186440499342,True,-20.0,9.370172633784493,0.013873810556198329,True,12.86195919492559,-20.0,-1.1308562197092087,74.0019814360547
2022-05-30,26.16,28.48,25.32,27.71,6453169.48,,AVAXUSDT_daily,CRYPTO,BINANCE,USDT,1,1,1,27.71,27.71,27.71,3.604723326854403,515,0.0,0.5,1,15.844000272570344,52.75343034917734,0.0024642947224384104,True,-20.0,28.658956406076005,0.004536103763095806,True,-20.0,20.414155056810994,0.006368130331048245,True,-20.0,10.91533102180899,0.011909854107058972,True,-20.0,9.884530131761577,0.01315186440499342,True,-20.0,9.370172633784493,0.013873810556198329,True,79.21581555112857,-17.813019942305946,-1.1850152905198774,72.81696614553483
2022-05-31,27.71,29.11,25.55,26.42,6372299.65,,AVAXUSDT_daily,CRYPTO,BINANCE,USDT,1,1,1,26.42,26.42,26.42,3.6504664446024324,516,0.0,0.5,1,-20.0,52.75343034917734,0.0024642947224384104,True,-20.0,28.658956406076005,0.004536103763095806,True,-20.0,20.414155056810994,0.006368130331048245,True,-20.0,10.91533102180899,0.011909854107058972,True,-20.0,9.884530131761577,0.01315186440499342,True,-20.0,9.370172633784493,0.013873810556198329,True,20.214731959953866,-20.0,0.8292600406198,73.64622618615464
2022-06-01,26.43,27.03,23.2,23.68,5323660.08,,AVAXUSDT_daily,CRYPTO,BINANCE,USDT,1,1,1,23.68,23.68,23.68,3.852975063780683,517,0.0,0.5,1,-20.0,52.75343034917734,0.0024642947224384104,True,-20.0,28.658956406076005,0.004536103763095806,True,-20.0,20.414155056810994,0.006368130331048245,True,-20.0,10.91533102180899,0.011909854107058972,True,-20.0,9.884530131761577,0.01315186440499342,True,-20.0,9.370172633784493,0.013873810556198329,True,-119.25068455755209,-20.0,2.0741862225586694,75.7204124087133
2022-06-02,23.68,24.9,22.5,24.63,4487201.1,,AVAXUSDT_daily,CRYPTO,BINANCE,USDT,1,1,1,24.63,24.63,24.63,3.894018219621913,518,0.0,0.5,1,-20.0,52.75343034917734,0.0024642947224384104,True,-20.0,28.658956406076005,0.004536103763095806,True,-20.0,20.414155056810994,0.006368130331048245,True,-20.0,10.91533102180899,0.011909854107058972,True,-20.0,9.884530131761577,0.01315186440499342,True,-20.0,9.370172633784493,0.013873810556198329,True,-72.27006483102522,-20.0,-0.802364864864864,74.91804754384843
2022-06-03,24.64,24.7,22.5,23.0,3150778.48,,AVAXUSDT_daily,CRYPTO,BINANCE,USDT,1,1,1,23.0,23.0,23.0,3.8778451354776307,519,0.0,0.5,1,-20.0,52.75343034917734,0.0024642947224384104,True,-20.0,28.658956406076005,0.004536103763095806,True,-20.0,20.414155056810994,0.006368130331048245,True,-20.0,10.91533102180899,0.011909854107058972,True,-20.0,9.884530131761577,0.01315186440499342,True,-20.0,9.370172633784493,0.013873810556198329,True,-159.79350144368038,-20.0,1.3235891189606175,76.24163666280904
2022-06-04,23.0,24.67,22.14,24.57,2472290.13,,AVAXUSDT_daily,CRYPTO,BINANCE,USDT,1,1,1,24.57,24.57,24.57,3.39361610427118,520,0.0,0.5,1,-20.0,52.75343034917734,0.0024642947224384104,True,-20.0,28.658956406076005,0.004536103763095806,True,-20.0,20.414155056810994,0.006368130331048245,True,-20.0,10.91533102180899,0.011909854107058972,True,-20.0,9.884530131761577,0.01315186440499342,True,-20.0,9.370172633784493,0.013873810556198329,True,-81.14606140151575,-20.0,-1.3652173913043475,74.8764192715047
2022-06-05,24.58,25.2,23.93,24.18,2624339.66,,AVAXUSDT_daily,CRYPTO,BINANCE,USDT,1,1,1,24.18,24.18,24.18,3.247916376615102,521,0.0,0.5,1,-20.0,52.75343034917734,0.0024642947224384104,True,-20.0,28.658956406076005,0.004536103763095806,True,-20.0,20.414155056810994,0.006368130331048245,True,-20.0,10.91533102180899,0.011909854107058972,True,-20.0,9.884530131761577,0.01315186440499342,True,-20.0,9.370172633784493,0.013873810556198329,True,-101.43165995882794,-20.0,0.31746031746031855,75.19387958896502
2022-06-06,24.18,27.79,24.05,25.99,5560470.13,,AVAXUSDT_daily,CRYPTO,BINANCE,USDT,1,1,1,25.99,25.99,25.99,2.756590714711204,522,0.0,0.5,1,20.0,52.75343034917734,0.0024642947224384104,True,-20.0,28.658956406076005,0.004536103763095806,True,-20.0,20.414155056810994,0.006368130331048245,True,-20.0,10.91533102180899,0.011909854107058972,True,-20.0,9.884530131761577,0.01315186440499342,True,-20.0,9.370172633784493,0.013873810556198329,True,-14.317970408460766,-16.933333333333334,-1.497105045492142,73.69677454347287
2022-06-07,26.0,26.21,23.12,24.6,7021609.51,,AVAXUSDT_daily,CRYPTO,BINANCE,USDT,1,1,1,24.6,24.6,24.6,2.701752793633378,523,0.0,0.5,1,-20.0,52.75343034917734,0.0024642947224384104,True,-20.0,28.658956406076005,0.004536103763095806,True,-20.0,20.414155056810994,0.006368130331048245,True,-20.0,10.91533102180899,0.011909854107058972,True,-20.0,9.884530131761577,0.01315186440499342,True,-20.0,9.370172633784493,0.013873810556198329,True,-86.04384156585346,-20.0,0.9056303706553788,74.60240491412824
2022-06-08,24.6,25.45,23.72,24.5,3467088.16,,AVAXUSDT_daily,CRYPTO,BINANCE,USDT,1,1,1,24.5,24.5,24.5,2.560637256212958,524,0.0,0.5,1,-20.0,52.75343034917734,0.0024642947224384104,True,-20.0,28.658956406076005,0.004536103763095806,True,-20.0,20.414155056810994,0.006368130331048245,True,-20.0,10.91533102180899,0.011909854107058972,True,-20.0,9.884530131761577,0.01315186440499342,True,-20.0,9.370172633784493,0.013873810556198329,True,-91.33580358487342,-20.0,0.08130081300813163,74.68370572713637
2022-06-09,24.51,25.38,23.72,24.41,3066998.4,,AVAXUSDT_daily,CRYPTO,BINANCE,USDT,1,1,1,24.41,24.41,24.41,2.5045526441621377,525,0.0,0.5,1,-20.0,52.75343034917734,0.0024642947224384104,True,-20.0,28.658956406076005,0.004536103763095806,True,-20.0,20.414155056810994,0.006368130331048245,True,-20.0,10.91533102180899,0.011909854107058972,True,-20.0,9.884530131761577,0.01315186440499342,True,-20.0,9.370172633784493,0.013873810556198329,True,-96.21735485928276,-20.0,0.07346938775510292,74.75717511489147
2022-06-10,24.42,24.87,21.91,22.08,3881414.9,,AVAXUSDT_daily,CRYPTO,BINANCE,USDT,1,1,1,22.08,22.08,22.08,2.4548641295900797,526,0.0,0.5,1,-20.0,52.75343034917734,0.0024642947224384104,True,-20.0,28.658956406076005,0.004536103763095806,True,-20.0,20.414155056810994,0.006368130331048245,True,-20.0,10.91533102180899,0.011909854107058972,True,-20.0,9.884530131761577,0.01315186440499342,True,-20.0,9.370172633784493,0.013873810556198329,True,-235.02078050807575,-20.0,1.9090536665301117,76.66622878142158
2022-06-11,22.07,23.02,19.67,19.9,4541127.87,,AVAXUSDT_daily,CRYPTO,BINANCE,USDT,1,1,1,19.9,19.9,19.9,2.295151583117122,527,0.0,0.5,1,-20.0,52.75343034917734,0.0024642947224384104,True,-20.0,28.658956406076005,0.004536103763095806,True,-20.0,20.414155056810994,0.006368130331048245,True,-20.0,10.91533102180899,0.011909854107058972,True,-20.0,9.884530131761577,0.01315186440499342,True,-20.0,9.370172633784493,0.013873810556198329,True,-378.4092830008796,-20.0,1.9746376811594213,78.640866462581
2022-06-12,19.91,20.16,17.21,17.29,8238012.468,,AVAXUSDT_daily,CRYPTO,BINANCE,USDT,1,1,1,17.29,17.29,17.29,2.653248059109696,528,0.0,0.5,1,-20.0,52.75343034917734,0.0024642947224384104,True,-20.0,28.658956406076005,0.004536103763095806,True,-20.0,20.414155056810994,0.006368130331048245,True,-20.0,10.91533102180899,0.011909854107058972,True,-20.0,9.884530131761577,0.01315186440499342,True,-20.0,9.370172633784493,0.013873810556198329,True,-571.4532849273876,-20.0,2.6231155778894477,81.26398204047045
2022-06-13,17.29,17.5,14.58,16.11,14886625.66,,AVAXUSDT_daily,CRYPTO,BINANCE,USDT,1,1,1,16.11,16.11,16.11,2.989954893166369,529,0.0,0.5,1,-20.0,52.75343034917734,0.0024642947224384104,True,-20.0,28.658956406076005,0.004536103763095806,True,-20.0,20.414155056810994,0.006368130331048245,True,-20.0,10.91533102180899,0.011909854107058972,True,-20.0,9.884530131761577,0.01315186440499342,True,-20.0,9.370172633784493,0.013873810556198329,True,-666.5682769422278,-20.0,1.3649508386350484,82.6289328791055
2022-06-14,16.11,17.3,14.67,16.55,9763946.74,,AVAXUSDT_daily,CRYPTO,BINANCE,USDT,1,1,1,16.55,16.55,16.55,3.2593975468532195,530,0.0,0.5,1,-20.0,52.75343034917734,0.0024642947224384104,True,-20.0,28.658956406076005,0.004536103763095806,True,-20.0,20.414155056810994,0.006368130331048245,True,-20.0,10.91533102180899,0.011909854107058972,True,-20.0,9.884530131761577,0.01315186440499342,True,-20.0,9.370172633784493,0.013873810556198329,True,-631.7349006164748,-20.0,-0.5462445685909367,82.08268831051457
2022-06-15,16.55,18.48,14.55,18.31,10721989.07,,AVAXUSDT_daily,CRYPTO,BINANCE,USDT,1,1,1,18.31,18.31,18.31,3.4309416767828442,531,0.0,0.5,1,-20.0,52.75343034917734,0.0024642947224384104,True,-20.0,28.658956406076005,0.004536103763095806,True,-20.0,20.414155056810994,0.006368130331048245,True,-20.0,10.91533102180899,0.011909854107058972,True,-20.0,9.884530131761577,0.01315186440499342,True,-20.0,9.370172633784493,0.013873810556198329,True,-510.96577075121604,-20.0,-2.1268882175226578,79.95580009299191
2022-06-16,18.31,18.72,15.5,15.79,6686483.0,,AVAXUSDT_daily,CRYPTO,BINANCE,USDT,1,1,1,15.79,15.79,15.79,3.7795385404780877,532,0.0,0.5,1,-20.0,52.75343034917734,0.0024642947224384104,True,-20.0,28.658956406076005,0.004536103763095806,True,-20.0,20.414155056810994,0.006368130331048245,True,-20.0,10.91533102180899,0.011909854107058972,True,-20.0,9.884530131761577,0.01315186440499342,True,-20.0,9.370172633784493,0.013873810556198329,True,-706.490940730828,-20.0,2.7525942108137635,82.70839430380568
2022-06-17,15.8,16.74,15.5,15.99,3480673.4,,AVAXUSDT_daily,CRYPTO,BINANCE,USDT,1,1,1,15.99,15.99,15.99,4.009209496831719,533,0.0,0.5,1,-20.0,52.75343034917734,0.0024642947224384104,True,-20.0,28.658956406076005,0.004536103763095806,True,-20.0,20.414155056810994,0.006368130331048245,True,-20.0,10.91533102180899,0.011909854107058972,True,-20.0,9.884530131761577,0.01315186440499342,True,-20.0,9.370172633784493,0.013873810556198329,True,-690.9061652642964,-20.0,-0.2533248891703632,82.45506941463532
2022-06-18,16.0,16.3,13.78,14.83,5914211.73,,AVAXUSDT_daily,CRYPTO,BINANCE,USDT,1,1,1,14.83,14.83,14.83,4.200282070730047,534,0.0,0.5,1,-20.0,52.75343034917734,0.0024642947224384104,True,-20.0,28.658956406076005,0.004536103763095806,True,-20.0,20.414155056810994,0.006368130331048245,True,-20.0,10.91533102180899,0.011909854107058972,True,-20.0,9.884530131761577,0.01315186440499342,True,-20.0,9.370172633784493,0.013873810556198329,True,-789.6800773164224,-20.0,1.4509068167604755,83.9059762313958
2022-06-19,14.83,16.42,13.71,16.16,5183939.46,,AVAXUSDT_daily,CRYPTO,BINANCE,USDT,1,1,1,16.16,16.16,16.16,4.098203040102691,535,0.0,0.5,1,-20.0,52.75343034917734,0.0024642947224384104,True,-20.0,28.658956406076005,0.004536103763095806,True,-20.0,20.414155056810994,0.006368130331048245,True,-20.0,10.91533102180899,0.011909854107058972,True,-20.0,9.884530131761577,0.01315186440499342,True,-20.0,9.370172633784493,0.013873810556198329,True,-688.1648936351633,-20.0,-1.7936614969656084,82.11231473443019
2022-06-20,16.17,17.87,15.32,17.1,5578156.93,,AVAXUSDT_daily,CRYPTO,BINANCE,USDT,1,1,1,17.1,17.1,17.1,3.9713397911604593,536,0.0,0.5,1,-20.0,52.75343034917734,0.0024642947224384104,True,-20.0,28.658956406076005,0.004536103763095806,True,-20.0,20.414155056810994,0.006368130331048245,True,-20.0,10.91533102180899,0.011909854107058972,True,-20.0,9.884530131761577,0.01315186440499342,True,-20.0,9.370172633784493,0.013873810556198329,True,-620.2186181554579,-20.0,-1.1633663366336666,80.94894839779651
2022-06-21,17.1,18.49,16.62,16.9,4574348.39,,AVAXUSDT_daily,CRYPTO,BINANCE,USDT,1,1,1,16.9,16.9,16.9,3.9734957100652704,537,0.0,0.5,1,-20.0,52.75343034917734,0.0024642947224384104,True,-20.0,28.658956406076005,0.004536103763095806,True,-20.0,20.414155056810994,0.006368130331048245,True,-20.0,10.91533102180899,0.011909854107058972,True,-20.0,9.884530131761577,0.01315186440499342,True,-20.0,9.370172633784493,0.013873810556198329,True,-635.1654680399965,-20.0,0.23391812865497297,81.18286652645149
2022-06-22,16.91,17.41,15.97,16.09,4115611.37,,AVAXUSDT_daily,CRYPTO,BINANCE,USDT,1,1,1,16.09,16.09,16.09,3.924668105312163,538,0.0,0.5,1,-20.0,52.75343034917734,0.0024642947224384104,True,-20.0,28.658956406076005,0.004536103763095806,True,-20.0,20.414155056810994,0.006368130331048245,True,-20.0,10.91533102180899,0.011909854107058972,True,-20.0,9.884530131761577,0.01315186440499342,True,-20.0,9.370172633784493,0.013873810556198329,True,-699.8691318077566,-20.0,0.9585798816568025,82.1414464081083
2022-06-23,16.08,18.4,16.03,18.29,4695733.0,,AVAXUSDT_daily,CRYPTO,BINANCE,USDT,1,1,1,18.29,18.29,18.29,3.858081879572567,539,0.0,0.5,1,20.0,52.75343034917734,0.0024642947224384104,True,-20.0,28.658956406076005,0.004536103763095806,True,-20.0,20.414155056810994,0.006368130331048245,True,-20.0,10.91533102180899,0.011909854107058972,True,-20.0,9.884530131761577,0.01315186440499342,True,-20.0,9.370172633784493,0.013873810556198329,True,-553.8498172514394,-16.933333333333334,-2.7346177750155354,79.40682863309276
2022-06-24,18.29,20.95,17.98,20.47,5577636.08,,AVAXUSDT_daily,CRYPTO,BINANCE,USDT,1,1,1,20.47,20.47,20.47,3.678236276434088,540,0.0,0.5,1,20.0,52.75343034917734,0.0024642947224384104,True,-20.0,28.658956406076005,0.004536103763095806,True,-20.0,20.414155056810994,0.006368130331048245,True,-20.0,10.91533102180899,0.011909854107058972,True,-20.0,9.884530131761577,0.01315186440499342,True,-20.0,9.370172633784493,0.013873810556198329,True,-427.942646714784,-16.933333333333334,-2.0182977947876806,77.38853083830507
2022-06-25,20.47,21.68,19.86,21.36,3710311.2,,AVAXUSDT_daily,CRYPTO,BINANCE,USDT,1,1,1,21.36,21.36,21.36,3.531518832339773,541,0.0,0.5,1,20.0,52.75343034917734,0.0024642947224384104,True,20.0,28.658956406076005,0.004536103763095806,True,-20.0,20.414155056810994,0.006368130331048245,True,-20.0,10.91533102180899,0.011909854107058972,True,-20.0,9.884530131761577,0.01315186440499342,True,-20.0,9.370172633784493,0.013873810556198329,True,-377.8638237776813,-8.466666666666667,-0.7362318840579706,76.6522989542471
2022-06-26,21.37,22.05,19.6,19.73,3449424.73,,AVAXUSDT_daily,CRYPTO,BINANCE,USDT,1,1,1,19.73,19.73,19.73,3.1487426061862602,542,0.0,0.5,1,20.0,52.75343034917734,0.0024642947224384104,True,20.0,28.658956406076005,0.004536103763095806,True,-20.0,20.414155056810994,0.006368130331048245,True,-20.0,10.91533102180899,0.011909854107058972,True,-20.0,9.884530131761577,0.01315186440499342,True,-20.0,9.370172633784493,0.013873810556198329,True,-477.4179233247594,-8.466666666666667,0.6460986267166042,77.29839758096371
2022-06-27,19.73,21.39,19.18,19.32,3808707.61,,AVAXUSDT_daily,CRYPTO,BINANCE,USDT,1,1,1,19.32,19.32,19.32,2.8456465364726893,543,0.0,0.5,1,20.0,52.75343034917734,0.0024642947224384104,True,20.0,28.658956406076005,0.004536103763095806,True,-20.0,20.414155056810994,0.006368130331048245,True,-20.0,10.91533102180899,0.011909854107058972,True,-20.0,9.884530131761577,0.01315186440499342,True,-20.0,9.370172633784493,0.013873810556198329,True,-503.52524615721273,-8.466666666666667,0.17594188207467526,77.47433946303839
2022-06-28,19.33,20.53,17.99,18.12,4832850.59,,AVAXUSDT_daily,CRYPTO,BINANCE,USDT,1,1,1,18.12,18.12,18.12,2.4785224800722085,544,0.0,0.5,1,-20.0,52.75343034917734,0.0024642947224384104,True,-20.0,28.658956406076005,0.004536103763095806,True,-20.0,20.414155056810994,0.006368130331048245,True,-20.0,10.91533102180899,0.011909854107058972,True,-20.0,9.884530131761577,0.01315186440499342,True,-20.0,9.370172633784493,0.013873810556198329,True,-585.8336655492633,-20.0,0.5258799171842651,78.00021938022266
2022-06-29,18.11,18.68,17.18,17.79,3932196.54,,AVAXUSDT_daily,CRYPTO,BINANCE,USDT,1,1,1,17.79,17.79,17.79,2.008675656931621,545,0.0,0.5,1,-20.0,52.75343034917734,0.0024642947224384104,True,-20.0,28.658956406076005,0.004536103763095806,True,-20.0,20.414155056810994,0.006368130331048245,True,-20.0,10.91533102180899,0.011909854107058972,True,-20.0,9.884530131761577,0.01315186440499342,True,-20.0,9.370172633784493,0.013873810556198329,True,-609.3799043598312,-20.0,0.36423841059602946,78.36445779081869
2022-06-30,17.79,17.81,15.79,16.99,3831530.37,,AVAXUSDT_daily,CRYPTO,BINANCE,USDT,1,1,1,16.99,16.99,16.99,1.75937630994989,546,0.0,0.5,1,-20.0,52.75343034917734,0.0024642947224384104,True,-20.0,28.658956406076005,0.004536103763095806,True,-20.0,20.414155056810994,0.006368130331048245,True,-20.0,10.91533102180899,0.011909854107058972,True,-20.0,9.884530131761577,0.01315186440499342,True,-20.0,9.370172633784493,0.013873810556198329,True,-670.1324343763597,-20.0,0.8993816750983696,79.26383946591706
2022-07-01,16.98,17.68,15.8,16.12,4908972.09,,AVAXUSDT_daily,CRYPTO,BINANCE,USDT,1,1,1,16.12,16.12,16.12,1.7077331080804126,547,0.0,0.5,1,-20.0,52.75343034917734,0.0024642947224384104,True,-20.0,28.658956406076005,0.004536103763095806,True,-20.0,20.414155056810994,0.006368130331048245,True,-20.0,10.91533102180899,0.011909854107058972,True,-20.0,9.884530131761577,0.01315186440499342,True,-20.0,9.370172633784493,0.013873810556198329,True,-740.8054741268263,-20.0,1.0241318422601497,80.2879713081772
2022-07-02,16.12,16.61,15.96,16.33,1937632.45,,AVAXUSDT_daily,CRYPTO,BINANCE,USDT,1,1,1,16.33,16.33,16.33,1.7263160502283765,548,0.0,0.5,1,-20.0,52.75343034917734,0.0024642947224384104,True,-20.0,28.658956406076005,0.004536103763095806,True,-20.0,20.414155056810994,0.006368130331048245,True,-20.0,10.91533102180899,0.011909854107058972,True,-20.0,9.884530131761577,0.01315186440499342,True,-20.0,9.370172633784493,0.013873810556198329,True,-723.6482746143332,-20.0,-0.2605459057071924,80.02742540247002
2022-07-03,16.33,16.9,15.83,16.65,2285393.04,,AVAXUSDT_daily,CRYPTO,BINANCE,USDT,1,1,1,16.65,16.65,16.65,1.708925408742148,549,0.0,0.5,1,-20.0,52.75343034917734,0.0024642947224384104,True,-20.0,28.658956406076005,0.004536103763095806,True,-20.0,20.414155056810994,0.006368130331048245,True,-20.0,10.91533102180899,0.011909854107058972,True,-20.0,9.884530131761577,0.01315186440499342,True,-20.0,9.370172633784493,0.013873810556198329,True,-697.5595085288197,-20.0,-0.39191671769748915,79.63550868477253
2022-07-04,16.65,18.06,16.31,17.92,3950488.78,,AVAXUSDT_daily,CRYPTO,BINANCE,USDT,1,1,1,17.92,17.92,17.92,1.698609648169652,550,0.0,0.5,1,20.0,52.75343034917734,0.0024642947224384104,True,-20.0,28.658956406076005,0.004536103763095806,True,-20.0,20.414155056810994,0.006368130331048245,True,-20.0,10.91533102180899,0.011909854107058972,True,-20.0,9.884530131761577,0.01315186440499342,True,-20.0,9.370172633784493,0.013873810556198329,True,-602.1760356599125,-16.933333333333334,-1.5255255255255307,78.10998315924701
2022-07-05,17.92,18.65,16.66,18.03,4832782.93,,AVAXUSDT_daily,CRYPTO,BINANCE,USDT,1,1,1,18.03,18.03,18.03,1.6928390976520016,551,0.0,0.5,1,20.0,52.75343034917734,0.0024642947224384104,True,-20.0,28.658956406076005,0.004536103763095806,True,-20.0,20.414155056810994,0.006368130331048245,True,-20.0,10.91533102180899,0.011909854107058972,True,-20.0,9.884530131761577,0.01315186440499342,True,-20.0,9.370172633784493,0.013873810556198329,True,-593.7951929184117,-16.933333333333334,-0.1039434523809513,78.00603970686606
2022-07-06,18.03,19.47,17.79,19.17,4491727.98,,AVAXUSDT_daily,CRYPTO,BINANCE,USDT,1,1,1,19.17,19.17,19.17,1.6819274657406873,552,0.0,0.5,1,20.0,52.75343034917734,0.0024642947224384104,True,7.359621769405928,28.658956406076005,0.004536103763095806,True,-20.0,20.414155056810994,0.006368130331048245,True,-20.0,10.91533102180899,0.011909854107058972,True,-20.0,9.884530131761577,0.01315186440499342,True,-20.0,9.370172633784493,0.013873810556198329,True,-511.9336052168663,-11.142213392142413,-1.0706600110926225,76.93537969577343
2022-07-07,19.17,20.6,18.86,20.18,3901523.31,,AVAXUSDT_daily,CRYPTO,BINANCE,USDT,1,1,1,20.18,20.18,20.18,1.7223816894705344,553,0.0,0.5,1,20.0,52.75343034917734,0.0024642947224384104,True,20.0,28.658956406076005,0.004536103763095806,True,-20.0,20.414155056810994,0.006368130331048245,True,-20.0,10.91533102180899,0.011909854107058972,True,-20.0,9.884530131761577,0.01315186440499342,True,-20.0,9.370172633784493,0.013873810556198329,True,-442.402036152684,-8.466666666666667,-0.5870441067325939,76.34833558904084
2022-07-08,20.18,21.12,19.42,19.72,4363644.25,,AVAXUSDT_daily,CRYPTO,BINANCE,USDT,1,1,1,19.72,19.72,19.72,1.6104481233208139,554,0.0,0.5,1,20.0,52.75343034917734,0.0024642947224384104,True,20.0,28.658956406076005,0.004536103763095806,True,-20.0,20.414155056810994,0.006368130331048245,True,-20.0,10.91533102180899,0.011909854107058972,True,-20.0,9.884530131761577,0.01315186440499342,True,-20.0,9.370172633784493,0.013873810556198329,True,-475.37410379576033,-8.466666666666667,0.1929963660389828,76.54133195507983
2022-07-09,19.72,20.27,19.49,19.89,1907418.34,,AVAXUSDT_daily,CRYPTO,BINANCE,USDT,1,1,1,19.89,19.89,19.89,1.587086954143583,555,0.0,0.5,1,20.0,52.75343034917734,0.0024642947224384104,True,20.0,28.658956406076005,0.004536103763095806,True,-20.0,20.414155056810994,0.006368130331048245,True,-20.0,10.91533102180899,0.011909854107058972,True,-20.0,9.884530131761577,0.01315186440499342,True,-20.0,9.370172633784493,0.013873810556198329,True,-463.0464165458011,-8.466666666666667,-0.072988505747128,76.46834344933269
2022-07-10,19.9,19.99,18.76,19.16,1946346.67,,AVAXUSDT_daily,CRYPTO,BINANCE,USDT,1,1,1,19.16,19.16,19.16,1.57129606242815,556,0.0,0.5,1,20.0,52.75343034917734,0.0024642947224384104,True,20.0,28.658956406076005,0.004536103763095806,True,-20.0,20.414155056810994,0.006368130331048245,True,-20.0,10.91533102180899,0.011909854107058972,True,-20.0,9.884530131761577,0.01315186440499342,True,-20.0,9.370172633784493,0.013873810556198329,True,-518.6933056937446,-8.466666666666667,0.3107424166247694,76.77908586595746
2022-07-11,19.17,19.17,17.32,17.35,2340215.74,,AVAXUSDT_daily,CRYPTO,BINANCE,USDT,1,1,1,17.35,17.35,17.35,1.5516117257165694,557,0.0,0.5,1,-20.0,52.75343034917734,0.0024642947224384104,True,-20.0,28.658956406076005,0.004536103763095806,True,-20.0,20.414155056810994,0.006368130331048245,True,-20.0,10.91533102180899,0.011909854107058972,True,-20.0,9.884530131761577,0.01315186440499342,True,-20.0,9.370172633784493,0.013873810556198329,True,-667.5735358619205,-20.0,0.7998260264439798,77.57891189240144
2022-07-12,17.34,18.07,16.71,16.75,2847335.47,,AVAXUSDT_daily,CRYPTO,BINANCE,USDT,1,1,1,16.75,16.75,16.75,1.5054675790569754,558,0.0,0.5,1,-20.0,52.75343034917734,0.0024642947224384104,True,-20.0,28.658956406076005,0.004536103763095806,True,-20.0,20.414155056810994,0.006368130331048245,True,-20.0,10.91533102180899,0.011909854107058972,True,-20.0,9.884530131761577,0.01315186440499342,True,-20.0,9.370172633784493,0.013873810556198329,True,-719.5285513172794,-20.0,0.691642651296831,78.27055454369827
2022-07-13,16.75,18.92,16.37,18.83,5090897.41,,AVAXUSDT_daily,CRYPTO,BINANCE,USDT,1,1,1,18.83,18.83,18.83,1.5069676768133036,559,0.0,0.5,1,-20.0,52.75343034917734,0.0024642947224384104,True,-20.0,28.658956406076005,0.004536103763095806,True,-20.0,20.414155056810994,0.006368130331048245,True,-20.0,10.91533102180899,0.011909854107058972,True,-20.0,9.884530131761577,0.01315186440499342,True,-20.0,9.370172633784493,0.013873810556198329,True,-568.2293965508678,-20.0,-2.4835820895522387,75.78697245414602
2022-07-14,18.82,19.98,17.78,19.76,4727801.64,,AVAXUSDT_daily,CRYPTO,BINANCE,USDT,1,1,1,19.76,19.76,19.76,1.465768255543861,560,0.0,0.5,1,20.0,52.75343034917734,0.0024642947224384104,True,20.0,28.658956406076005,0.004536103763095806,True,-20.0,20.414155056810994,0.006368130331048245,True,-20.0,10.91533102180899,0.011909854107058972,True,-20.0,9.884530131761577,0.01315186440499342,True,-20.0,9.370172633784493,0.013873810556198329,True,-503.06961086114325,-8.466666666666667,-0.9877854487519944,74.79918700539403
2022-07-15,19.76,20.28,19.09,19.35,3455357.97,,AVAXUSDT_daily,CRYPTO,BINANCE,USDT,1,1,1,19.35,19.35,19.35,1.3177956075092379,561,0.0,0.5,1,20.0,52.75343034917734,0.0024642947224384104,True,20.0,28.658956406076005,0.004536103763095806,True,-20.0,20.414155056810994,0.006368130331048245,True,-20.0,10.91533102180899,0.011909854107058972,True,-20.0,9.884530131761577,0.01315186440499342,True,-20.0,9.370172633784493,0.013873810556198329,True,-532.9352542448501,-8.466666666666667,0.17567476383265893,74.97486176922669
2022-07-16,19.36,21.5,18.67,21.25,3961722.82,,AVAXUSDT_daily,CRYPTO,BINANCE,USDT,1,1,1,21.25,21.25,21.25,1.4393141641666094,562,0.0,0.5,1,20.0,52.75343034917734,0.0024642947224384104,True,20.0,28.658956406076005,0.004536103763095806,True,-20.0,20.414155056810994,0.006368130331048245,True,-20.0,10.91533102180899,0.011909854107058972,True,-20.0,9.884530131761577,0.01315186440499342,True,-20.0,9.370172633784493,0.013873810556198329,True,-409.3864420292173,-8.466666666666667,-0.8313522825150722,74.14350948671162
2022-07-17,21.25,22.12,20.57,20.63,3026561.51,,AVAXUSDT_daily,CRYPTO,BINANCE,USDT,1,1,1,20.63,20.63,20.63,1.509836083822584,563,0.0,0.5,1,20.0,52.75343034917734,0.0024642947224384104,True,20.0,28.658956406076005,0.004536103763095806,True,-20.0,20.414155056810994,0.006368130331048245,True,-20.0,10.91533102180899,0.011909854107058972,True,-20.0,9.884530131761577,0.01315186440499342,True,-20.0,9.370172633784493,0.013873810556198329,True,-451.5218661230781,-8.466666666666667,0.24702745098039272,74.39053693769202
2022-07-18,20.62,24.33,20.59,23.95,6122739.72,,AVAXUSDT_daily,CRYPTO,BINANCE,USDT,1,1,1,23.95,23.95,23.95,1.935499119637599,564,0.0,0.5,1,20.0,52.75343034917734,0.0024642947224384104,True,20.0,28.658956406076005,0.004536103763095806,True,20.0,20.414155056810994,0.006368130331048245,True,-20.0,10.91533102180899,0.011909854107058972,True,-20.0,9.884530131761577,0.01315186440499342,True,-20.0,9.370172633784493,0.013873810556198329,True,-271.43578542920187,0.0,-1.3625464533850387,73.02799048430698
2022-07-19,23.95,26.29,23.03,24.72,6902992.92,,AVAXUSDT_daily,CRYPTO,BINANCE,USDT,1,1,1,24.72,24.72,24.72,2.3274876335274293,565,0.0,0.5,1,20.0,52.75343034917734,0.0024642947224384104,True,20.0,28.658956406076005,0.004536103763095806,True,20.0,20.414155056810994,0.006368130331048245,True,-20.0,10.91533102180899,0.011909854107058972,True,-20.0,9.884530131761577,0.01315186440499342,True,-20.0,9.370172633784493,0.013873810556198329,True,-230.1462254348955,0.0,0.0,73.02799048430698
2022-07-20,24.71,26.38,23.35,23.59,6483006.16,,AVAXUSDT_daily,CRYPTO,BINANCE,USDT,1,1,1,23.59,23.59,23.59,2.4704759290067964,566,0.0,0.5,1,20.0,52.75343034917734,0.0024642947224384104,True,20.0,28.658956406076005,0.004536103763095806,True,20.0,20.414155056810994,0.006368130331048245,True,-20.0,10.91533102180899,0.011909854107058972,True,-20.0,9.884530131761577,0.01315186440499342,True,-20.0,9.370172633784493,0.013873810556198329,True,-294.02827995081066,0.0,-0.0,73.02799048430698
2022-07-21,23.59,25.46,22.64,24.99,4561440.24,,AVAXUSDT_daily,CRYPTO,BINANCE,USDT,1,1,1,24.99,24.99,24.99,2.6289900001835425,567,0.0,0.5,1,20.0,52.75343034917734,0.0024642947224384104,True,20.0,28.658956406076005,0.004536103763095806,True,20.0,20.414155056810994,0.006368130331048245,True,-20.0,10.91533102180899,0.011909854107058972,True,-20.0,9.884530131761577,0.01315186440499342,True,-20.0,9.370172633784493,0.013873810556198329,True,-218.39362711834218,0.0,0.0,73.02799048430698
2022-07-22,24.99,25.55,23.59,23.63,3744683.03,,AVAXUSDT_daily,CRYPTO,BINANCE,USDT,1,1,1,23.63,23.63,23.63,2.612350020879917,568,0.0,0.5,1,20.0,52.75343034917734,0.0024642947224384104,True,20.0,28.658956406076005,0.004536103763095806,True,20.0,20.414155056810994,0.006368130331048245,True,-20.0,10.91533102180899,0.011909854107058972,True,-20.0,9.884530131761577,0.01315186440499342,True,-20.0,9.370172633784493,0.013873810556198329,True,-296.1844269866797,0.0,-0.0,73.02799048430698
2022-07-23,23.64,24.66,22.83,23.6,2404591.64,,AVAXUSDT_daily,CRYPTO,BINANCE,USDT,1,1,1,23.6,23.6,23.6,2.566474696628303,569,0.0,0.5,1,20.0,52.75343034917734,0.0024642947224384104,True,20.0,28.658956406076005,0.004536103763095806,True,20.0,20.414155056810994,0.006368130331048245,True,-20.0,10.91533102180899,0.011909854107058972,True,-20.0,9.884530131761577,0.01315186440499342,True,-20.0,9.370172633784493,0.013873810556198329,True,-297.9376509272065,0.0,-0.0,73.02799048430698
2022-07-24,23.59,24.47,23.23,23.79,2196886.66,,AVAXUSDT_daily,CRYPTO,BINANCE,USDT,1,1,1,23.79,23.79,23.79,2.5766565443187512,570,0.0,0.5,1,20.0,52.75343034917734,0.0024642947224384104,True,20.0,28.658956406076005,0.004536103763095806,True,20.0,20.414155056810994,0.006368130331048245,True,-20.0,10.91533102180899,0.011909854107058972,True,-20.0,9.884530131761577,0.01315186440499342,True,-20.0,9.370172633784493,0.013873810556198329,True,-286.69296485272383,0.0,0.0,73.02799048430698
2022-07-25,23.79,23.85,20.89,20.92,3848762.01,,AVAXUSDT_daily,CRYPTO,BINANCE,USDT,1,1,1,20.92,20.92,20.92,2.4856605073716196,571,0.0,0.5,1,-20.0,52.75343034917734,0.0024642947224384104,True,20.0,28.658956406076005,0.004536103763095806,True,20.0,20.414155056810994,0.006368130331048245,True,-20.0,10.91533102180899,0.011909854107058972,True,-20.0,9.884530131761577,0.01315186440499342,True,-20.0,9.370172633784493,0.013873810556198329,True,-470.1564255928985,-8.466666666666667,-0.0,73.02799048430698
2022-07-26,20.93,20.99,19.55,20.71,2582466.15,,AVAXUSDT_daily,CRYPTO,BINANCE,USDT,1,1,1,20.71,20.71,20.71,2.447542860226101,572,0.0,0.5,1,-20.0,52.75343034917734,0.0024642947224384104,True,-20.0,28.658956406076005,0.004536103763095806,True,20.0,20.414155056810994,0.006368130331048245,True,-20.0,10.91533102180899,0.011909854107058972,True,-20.0,9.884530131761577,0.01315186440499342,True,-20.0,9.370172633784493,0.013873810556198329,True,-483.99531993573964,-16.933333333333334,0.08499043977055468,73.11298092407753
2022-07-27,20.72,23.49,20.21,23.39,4294616.47,,AVAXUSDT_daily,CRYPTO,BINANCE,USDT,1,1,1,23.39,23.39,23.39,2.486322373985436,573,0.0,0.5,1,-20.0,52.75343034917734,0.0024642947224384104,True,20.0,28.658956406076005,0.004536103763095806,True,20.0,20.414155056810994,0.006368130331048245,True,-20.0,10.91533102180899,0.011909854107058972,True,-20.0,9.884530131761577,0.01315186440499342,True,-20.0,9.370172633784493,0.013873810556198329,True,-334.24991093854817,-8.466666666666667,-2.191276356027685,70.92170456804985
2022-07-28,23.38,24.69,22.42,24.2,5656707.22,,AVAXUSDT_daily,CRYPTO,BINANCE,USDT,1,1,1,24.2,24.2,24.2,2.5378525941208236,574,0.0,0.5,1,20.0,52.75343034917734,0.0024642947224384104,True,20.0,28.658956406076005,0.004536103763095806,True,20.0,20.414155056810994,0.006368130331048245,True,-20.0,10.91533102180899,0.011909854107058972,True,-20.0,9.884530131761577,0.01315186440499342,True,-20.0,9.370172633784493,0.013873810556198329,True,-289.6782992987558,0.0,-0.29320222317229583,70.62850234487755
2022-07-29,24.21,25.37,23.46,24.49,4714786.88,,AVAXUSDT_daily,CRYPTO,BINANCE,USDT,1,1,1,24.49,24.49,24.49,2.589976833875559,575,0.0,0.5,1,20.0,52.75343034917734,0.0024642947224384104,True,20.0,28.658956406076005,0.004536103763095806,True,20.0,20.414155056810994,0.006368130331048245,True,-20.0,10.91533102180899,0.011909854107058972,True,-20.0,9.884530131761577,0.01315186440499342,True,-20.0,9.370172633784493,0.013873810556198329,True,-273.5748856070777,0.0,0.0,70.62850234487755
2022-07-30,24.49,25.83,23.91,24.23,3897237.98,,AVAXUSDT_daily,CRYPTO,BINANCE,USDT,1,1,1,24.23,24.23,24.23,2.570871805850552,576,0.0,0.5,1,20.0,52.75343034917734,0.0024642947224384104,True,20.0,28.658956406076005,0.004536103763095806,True,20.0,20.414155056810994,0.006368130331048245,True,-20.0,10.91533102180899,0.011909854107058972,True,-20.0,9.884530131761577,0.01315186440499342,True,-20.0,9.370172633784493,0.013873810556198329,True,-288.445040415743,0.0,-0.0,70.62850234487755
2022-07-31,24.24,25.22,23.53,23.72,2308947.34,,AVAXUSDT_daily,CRYPTO,BINANCE,USDT,1,1,1,23.72,23.72,23.72,2.3485998068303444,577,0.0,0.5,1,20.0,52.75343034917734,0.0024642947224384104,True,20.0,28.658956406076005,0.004536103763095806,True,20.0,20.414155056810994,0.006368130331048245,True,-20.0,10.91533102180899,0.011909854107058972,True,-20.0,9.884530131761577,0.01315186440499342,True,-20.0,9.370172633784493,0.013873810556198329,True,-318.7358344859464,0.0,-0.0,70.62850234487755
2022-08-01,23.72,24.33,22.96,23.57,2662595.41,,AVAXUSDT_daily,CRYPTO,BINANCE,USDT,1,1,1,23.57,23.57,23.57,1.9594075366673283,578,0.0,0.5,1,20.0,52.75343034917734,0.0024642947224384104,True,20.0,28.658956406076005,0.004536103763095806,True,20.0,20.414155056810994,0.006368130331048245,True,-20.0,10.91533102180899,0.011909854107058972,True,-20.0,9.884530131761577,0.01315186440499342,True,-20.0,9.370172633784493,0.013873810556198329,True,-327.8785920698029,0.0,-0.0,70.62850234487755
2022-08-02,23.58,24.0,22.24,22.85,2826174.06,,AVAXUSDT_daily,CRYPTO,BINANCE,USDT,1,1,1,22.85,22.85,22.85,1.7389836717284497,579,0.0,0.5,1,-20.0,52.75343034917734,0.0024642947224384104,True,20.0,28.658956406076005,0.004536103763095806,True,20.0,20.414155056810994,0.006368130331048245,True,-20.0,10.91533102180899,0.011909854107058972,True,-20.0,9.884530131761577,0.01315186440499342,True,-20.0,9.370172633784493,0.013873810556198329,True,-373.76360366484585,-8.466666666666667,-0.0,70.62850234487755
2022-08-03,22.85,24.19,22.28,23.04,2493366.49,,AVAXUSDT_daily,CRYPTO,BINANCE,USDT,1,1,1,23.04,23.04,23.04,1.5777362197018807,580,0.0,0.5,1,-20.0,52.75343034917734,0.0024642947224384104,True,20.0,28.658956406076005,0.004536103763095806,True,20.0,20.414155056810994,0.006368130331048245,True,-20.0,10.91533102180899,0.011909854107058972,True,-20.0,9.884530131761577,0.01315186440499342,True,-20.0,9.370172633784493,0.013873810556198329,True,-361.5114836407161,-8.466666666666667,-0.07040116703136252,70.55810117784618
2022-08-04,23.04,24.0,22.88,23.36,1991779.1,,AVAXUSDT_daily,CRYPTO,BINANCE,USDT,1,1,1,23.36,23.36,23.36,1.3188961692547794,581,0.0,0.5,1,-20.0,52.75343034917734,0.0024642947224384104,True,20.0,28.658956406076005,0.004536103763095806,True,20.0,20.414155056810994,0.006368130331048245,True,-20.0,10.91533102180899,0.011909854107058972,True,-20.0,9.884530131761577,0.01315186440499342,True,-20.0,9.370172633784493,0.013873810556198329,True,-340.7581858017161,-8.466666666666667,-0.11759259259259218,70.4405085852536
2022-08-05,23.36,24.98,23.11,24.95,2970807.41,,AVAXUSDT_daily,CRYPTO,BINANCE,USDT,1,1,1,24.95,24.95,24.95,1.2853968258914203,582,0.0,0.5,1,20.0,52.75343034917734,0.0024642947224384104,True,20.0,28.658956406076005,0.004536103763095806,True,20.0,20.414155056810994,0.006368130331048245,True,-20.0,10.91533102180899,0.011909854107058972,True,-20.0,9.884530131761577,0.01315186440499342,True,-20.0,9.370172633784493,0.013873810556198329,True,-244.34765745374602,0.0,-0.576284246575343,69.86422433867826
2022-08-06,24.95,26.94,24.71,26.63,3517848.23,,AVAXUSDT_daily,CRYPTO,BINANCE,USDT,1,1,1,26.63,26.63,26.63,1.3009036333140032,583,0.0,0.5,1,20.0,52.75343034917734,0.0024642947224384104,True,20.0,28.658956406076005,0.004536103763095806,True,20.0,20.414155056810994,0.006368130331048245,True,-20.0,10.91533102180899,0.011909854107058972,True,-20.0,9.884530131761577,0.01315186440499342,True,-20.0,9.370172633784493,0.013873810556198329,True,-148.75783629002356,0.0,0.0,69.86422433867826
2022-08-07,26.64,28.5,25.82,27.9,3666990.33,,AVAXUSDT_daily,CRYPTO,BINANCE,USDT,1,1,1,27.9,27.9,27.9,1.6029853727575927,584,0.0,0.5,1,20.0,52.75343034917734,0.0024642947224384104,True,20.0,28.658956406076005,0.004536103763095806,True,20.0,20.414155056810994,0.006368130331048245,True,-20.0,10.91533102180899,0.011909854107058972,True,-20.0,9.884530131761577,0.01315186440499342,True,-20.0,9.370172633784493,0.013873810556198329,True,-78.88108832976391,0.0,0.0,69.86422433867826
2022-08-08,27.89,30.89,27.57,27.91,5280186.71,,AVAXUSDT_daily,CRYPTO,BINANCE,USDT,1,1,1,27.91,27.91,27.91,1.8300309890994308,585,0.0,0.5,1,20.0,52.75343034917734,0.0024642947224384104,True,20.0,28.658956406076005,0.004536103763095806,True,20.0,20.414155056810994,0.006368130331048245,True,-20.0,10.91533102180899,0.011909854107058972,True,-20.0,9.884530131761577,0.01315186440499342,True,-20.0,9.370172633784493,0.013873810556198329,True,-78.3208617952875,0.0,0.0,69.86422433867826
2022-08-09,27.9,28.81,26.96,27.42,3737879.06,,AVAXUSDT_daily,CRYPTO,BINANCE,USDT,1,1,1,27.42,27.42,27.42,1.971682423454381,586,0.0,0.5,1,20.0,52.75343034917734,0.0024642947224384104,True,20.0,28.658956406076005,0.004536103763095806,True,20.0,20.414155056810994,0.006368130331048245,True,-20.0,10.91533102180899,0.011909854107058972,True,-20.0,9.884530131761577,0.01315186440499342,True,-20.0,9.370172633784493,0.013873810556198329,True,-106.64173927994884,0.0,-0.0,69.86422433867826
2022-08-10,27.41,30.2,26.6,29.18,4778667.33,,AVAXUSDT_daily,CRYPTO,BINANCE,USDT,1,1,1,29.18,29.18,29.18,2.255016571303554,587,0.0,0.5,1,20.0,52.75343034917734,0.0024642947224384104,True,20.0,28.658956406076005,0.004536103763095806,True,20.0,20.414155056810994,0.006368130331048245,True,20.0,10.91533102180899,0.011909854107058972,True,-20.0,9.884530131761577,0.01315186440499342,True,-20.0,9.370172633784493,0.013873810556198329,True,-10.7909308524993,8.466666666666667,0.0,69.86422433867826
2022-08-11,29.17,30.09,28.31,28.53,3518091.35,,AVAXUSDT_daily,CRYPTO,BINANCE,USDT,1,1,1,28.53,28.53,28.53,2.418680534160573,588,0.0,0.5,1,20.0,52.75343034917734,0.0024642947224384104,True,20.0,28.658956406076005,0.004536103763095806,True,20.0,20.414155056810994,0.006368130331048245,True,20.0,10.91533102180899,0.011909854107058972,True,-20.0,9.884530131761577,0.01315186440499342,True,-20.0,9.370172633784493,0.013873810556198329,True,-47.380276283913,8.466666666666667,-0.18859949737262963,69.67562484130562
2022-08-12,28.53,29.45,28.07,29.34,2021882.17,,AVAXUSDT_daily,CRYPTO,BINANCE,USDT,1,1,1,29.34,29.34,29.34,2.6117009480636737,589,0.0,0.5,1,20.0,52.75343034917734,0.0024642947224384104,True,20.0,28.658956406076005,0.004536103763095806,True,20.0,20.414155056810994,0.006368130331048245,True,20.0,10.91533102180899,0.011909854107058972,True,-20.0,9.884530131761577,0.01315186440499342,True,-20.0,9.370172633784493,0.013873810556198329,True,-2.256230025366335,8.466666666666667,0.24037854889589944,69.91600339020152
2022-08-13,29.33,30.35,28.87,29.16,2359927.97,,AVAXUSDT_daily,CRYPTO,BINANCE,USDT,1,1,1,29.16,29.16,29.16,2.752305253880407,590,0.0,0.5,1,20.0,52.75343034917734,0.0024642947224384104,True,20.0,28.658956406076005,0.004536103763095806,True,20.0,20.414155056810994,0.006368130331048245,True,20.0,10.91533102180899,0.011909854107058972,True,-20.0,9.884530131761577,0.01315186440499342,True,-20.0,9.370172633784493,0.013873810556198329,True,-12.510842911184321,8.466666666666667,-0.05194274028629827,69.86406064991523
2022-08-14,29.16,29.85,27.84,28.18,2248073.33,,AVAXUSDT_daily,CRYPTO,BINANCE,USDT,1,1,1,28.18,28.18,28.18,2.6234380816844824,591,0.0,0.5,1,20.0,52.75343034917734,0.0024642947224384104,True,20.0,28.658956406076005,0.004536103763095806,True,20.0,20.414155056810994,0.006368130331048245,True,20.0,10.91533102180899,0.011909854107058972,True,-20.0,9.884530131761577,0.01315186440499342,True,-20.0,9.370172633784493,0.013873810556198329,True,-70.51369715876922,8.466666666666667,-0.28454503886602694,69.5795156110492
2022-08-15,28.19,29.3,27.03,27.88,2302258.65,,AVAXUSDT_daily,CRYPTO,BINANCE,USDT,1,1,1,27.88,27.88,27.88,2.39447890166891,592,0.0,0.5,1,20.0,52.75343034917734,0.0024642947224384104,True,20.0,28.658956406076005,0.004536103763095806,True,20.0,20.414155056810994,0.006368130331048245,True,20.0,10.91533102180899,0.011909854107058972,True,-20.0,9.884530131761577,0.01315186440499342,True,-20.0,9.370172633784493,0.013873810556198329,True,-88.74523337610643,8.466666666666667,-0.09013484740951051,69.48938076363969
2022-08-16,27.87,28.41,26.93,27.1,1936702.68,,AVAXUSDT_daily,CRYPTO,BINANCE,USDT,1,1,1,27.1,27.1,27.1,2.324613380420979,593,0.0,0.5,1,-20.0,52.75343034917734,0.0024642947224384104,True,20.0,28.658956406076005,0.004536103763095806,True,20.0,20.414155056810994,0.006368130331048245,True,20.0,10.91533102180899,0.011909854107058972,True,-20.0,9.884530131761577,0.01315186440499342,True,-20.0,9.370172633784493,0.013873810556198329,True,-137.93947021032363,0.0,-0.23687230989956848,69.25250845374012
2022-08-17,27.11,28.23,25.26,25.55,2779421.89,,AVAXUSDT_daily,CRYPTO,BINANCE,USDT,1,1,1,25.55,25.55,25.55,2.2832651481712083,594,0.0,0.5,1,-20.0,52.75343034917734,0.0024642947224384104,True,-6.648639546528856,28.658956406076005,0.004536103763095806,True,20.0,20.414155056810994,0.006368130331048245,True,20.0,10.91533102180899,0.011909854107058972,True,-20.0,9.884530131761577,0.01315186440499342,True,-20.0,9.370172633784493,0.013873810556198329,True,-240.49193772541514,-5.640628704015275,-0.0,69.25250845374012
2022-08-18,25.56,26.29,23.95,24.21,1882128.59,,AVAXUSDT_daily,CRYPTO,BINANCE,USDT,1,1,1,24.21,24.21,24.21,2.2954473821505283,595,0.0,0.5,1,-20.0,52.75343034917734,0.0024642947224384104,True,-20.0,28.658956406076005,0.004536103763095806,True,20.0,20.414155056810994,0.006368130331048245,True,20.0,10.91533102180899,0.011909854107058972,True,-20.0,9.884530131761577,0.01315186440499342,True,-20.0,9.370172633784493,0.013873810556198329,True,-333.77433930579446,-8.466666666666667,0.2958294506215446,69.54833790436166
2022-08-19,24.2,24.43,21.32,22.44,4153725.4,,AVAXUSDT_daily,CRYPTO,BINANCE,USDT,1,1,1,22.44,22.44,22.44,2.4098054081760134,596,0.0,0.5,1,-20.0,52.75343034917734,0.0024642947224384104,True,-20.0,28.658956406076005,0.004536103763095806,True,20.0,20.414155056810994,0.006368130331048245,True,11.919050449113703,10.91533102180899,0.011909854107058972,True,-20.0,9.884530131761577,0.01315186440499342,True,-20.0,9.370172633784493,0.013873810556198329,True,-464.37872764680117,-10.177134321604266,0.6190004130524575,70.16733831741412
2022-08-20,22.44,23.09,21.63,22.3,2536233.27,,AVAXUSDT_daily,CRYPTO,BINANCE,USDT,1,1,1,22.3,22.3,22.3,2.5041176616064016,597,0.0,0.5,1,-20.0,52.75343034917734,0.0024642947224384104,True,-20.0,28.658956406076005,0.004536103763095806,True,-20.0,20.414155056810994,0.006368130331048245,True,-20.0,10.91533102180899,0.011909854107058972,True,-20.0,9.884530131761577,0.01315186440499342,True,-20.0,9.370172633784493,0.013873810556198329,True,-474.9713405638856,-20.0,0.06349370788879655,70.23083202530292
2022-08-21,22.3,23.55,22.15,22.97,2347004.68,,AVAXUSDT_daily,CRYPTO,BINANCE,USDT,1,1,1,22.97,22.97,22.97,2.539058051617747,598,0.0,0.5,1,-20.0,52.75343034917734,0.0024642947224384104,True,-20.0,28.658956406076005,0.004536103763095806,True,-20.0,20.414155056810994,0.006368130331048245,True,-20.0,10.91533102180899,0.011909854107058972,True,-20.0,9.884530131761577,0.01315186440499342,True,-20.0,9.370172633784493,0.013873810556198329,True,-425.280420282961,-20.0,-0.6008968609865439,69.62993516431638
2022-08-22,22.98,23.0,21.61,22.55,2133704.42,,AVAXUSDT_daily,CRYPTO,BINANCE,USDT,1,1,1,22.55,22.55,22.55,2.5597286040373533,599,0.0,0.5,1,-20.0,52.75343034917734,0.0024642947224384104,True,-20.0,28.658956406076005,0.004536103763095806,True,-20.0,20.414155056810994,0.006368130331048245,True,-20.0,10.91533102180899,0.011909854107058972,True,-20.0,9.884530131761577,0.01315186440499342,True,-20.0,9.370172633784493,0.013873810556198329,True,-457.5469943331633,-20.0,0.3656943839791005,69.99562954829548
2022-08-23,22.56,23.74,21.83,23.5,2722607.74,,AVAXUSDT_daily,CRYPTO,BINANCE,USDT,1,1,1,23.5,23.5,23.5,2.53337947788297,600,0.0,0.5,1,-20.0,52.75343034917734,0.0024642947224384104,True,-20.0,28.658956406076005,0.004536103763095806,True,-20.0,20.414155056810994,0.006368130331048245,True,-20.0,10.91533102180899,0.011909854107058972,True,-20.0,9.884530131761577,0.01315186440499342,True,-20.0,9.370172633784493,0.013873810556198329,True,-387.3737012142034,-20.0,-0.8425720620842547,69.15305748621122
2022-08-24,23.52,23.64,22.81,23.01,1854532.2,,AVAXUSDT_daily,CRYPTO,BINANCE,USDT,1,1,1,23.01,23.01,23.01,2.5540854270036224,601,0.0,0.5,1,-20.0,52.75343034917734,0.0024642947224384104,True,-20.0,28.658956406076005,0.004536103763095806,True,-20.0,20.414155056810994,0.006368130331048245,True,-20.0,10.91533102180899,0.011909854107058972,True,-20.0,9.884530131761577,0.01315186440499342,True,-20.0,9.370172633784493,0.013873810556198329,True,-424.90788092585495,-20.0,0.41702127659574373,69.57007876280697
2022-08-25,23.02,23.65,22.67,22.99,1649374.38,,AVAXUSDT_daily,CRYPTO,BINANCE,USDT,1,1,1,22.99,22.99,22.99,2.63427184586291,602,0.0,0.5,1,-20.0,52.75343034917734,0.0024642947224384104,True,-20.0,28.658956406076005,0.004536103763095806,True,-20.0,20.414155056810994,0.006368130331048245,True,-20.0,10.91533102180899,0.011909854107058972,True,-20.0,9.884530131761577,0.01315186440499342,True,-20.0,9.370172633784493,0.013873810556198329,True,-426.4692196641149,-20.0,0.017383746197308092,69.58746250900428
2022-08-26,22.99,23.23,20.34,20.66,3844695.98,,AVAXUSDT_daily,CRYPTO,BINANCE,USDT,1,1,1,20.66,20.66,20.66,2.8785849959587217,603,0.0,0.5,1,-20.0,52.75343034917734,0.0024642947224384104,True,-20.0,28.658956406076005,0.004536103763095806,True,-20.0,20.414155056810994,0.006368130331048245,True,-20.0,10.91533102180899,0.011909854107058972,True,-20.0,9.884530131761577,0.01315186440499342,True,-20.0,9.370172633784493,0.013873810556198329,True,-617.4537635075071,-20.0,2.0269682470639405,71.61443075606822
2022-08-27,20.65,20.91,19.79,20.03,2352564.36,,AVAXUSDT_daily,CRYPTO,BINANCE,USDT,1,1,1,20.03,20.03,20.03,3.083834719786187,604,0.0,0.5,1,-20.0,52.75343034917734,0.0024642947224384104,True,-20.0,28.658956406076005,0.004536103763095806,True,-20.0,20.414155056810994,0.006368130331048245,True,-20.0,10.91533102180899,0.011909854107058972,True,-20.0,9.884530131761577,0.01315186440499342,True,-20.0,9.370172633784493,0.013873810556198329,True,-671.5232528195851,-20.0,0.6098741529525653,72.22430490902079
2022-08-28,20.04,20.47,18.05,18.53,2506950.07,,AVAXUSDT_daily,CRYPTO,BINANCE,USDT,1,1,1,18.53,18.53,18.53,3.3583349179413466,605,0.0,0.5,1,-20.0,52.75343034917734,0.0024642947224384104,True,-20.0,28.658956406076005,0.004536103763095806,True,-20.0,20.414155056810994,0.006368130331048245,True,-20.0,10.91533102180899,0.011909854107058972,True,-20.0,9.884530131761577,0.01315186440499342,True,-20.0,9.370172633784493,0.013873810556198329,True,-808.9150787999085,-20.0,1.497753369945083,73.72205827896587
2022-08-29,18.53,19.47,17.48,19.32,5227679.45,,AVAXUSDT_daily,CRYPTO,BINANCE,USDT,1,1,1,19.32,19.32,19.32,3.507845755177503,606,0.0,0.5,1,-20.0,52.75343034917734,0.0024642947224384104,True,-20.0,28.658956406076005,0.004536103763095806,True,-20.0,20.414155056810994,0.006368130331048245,True,-20.0,10.91533102180899,0.011909854107058972,True,-20.0,9.884530131761577,0.01315186440499342,True,-20.0,9.370172633784493,0.013873810556198329,True,-739.7968517864274,-20.0,-0.852671343766862,72.86938693519902
2022-08-30,19.32,20.66,18.87,19.39,4781627.02,,AVAXUSDT_daily,CRYPTO,BINANCE,USDT,1,1,1,19.39,19.39,19.39,3.4845230739145983,607,0.0,0.5,1,-20.0,52.75343034917734,0.0024642947224384104,True,-20.0,28.658956406076005,0.004536103763095806,True,-20.0,20.414155056810994,0.006368130331048245,True,-20.0,10.91533102180899,0.011909854107058972,True,-20.0,9.884530131761577,0.01315186440499342,True,-20.0,9.370172633784493,0.013873810556198329,True,-733.5883045690747,-20.0,-0.07246376811594235,72.79692316708308
2022-08-31,19.4,20.07,18.99,19.14,2920043.96,,AVAXUSDT_daily,CRYPTO,BINANCE,USDT,1,1,1,19.14,19.14,19.14,3.4577919254940364,608,0.0,0.5,1,-20.0,52.75343034917734,0.0024642947224384104,True,-20.0,28.658956406076005,0.004536103763095806,True,-20.0,20.414155056810994,0.006368130331048245,True,-20.0,10.91533102180899,0.011909854107058972,True,-20.0,9.884530131761577,0.01315186440499342,True,-20.0,9.370172633784493,0.013873810556198329,True,-756.4676315514779,-20.0,0.2578648788035065,73.05478804588658
2022-09-01,19.14,19.47,18.33,19.33,2037932.03,,AVAXUSDT_daily,CRYPTO,BINANCE,USDT,1,1,1,19.33,19.33,19.33,3.2742353064673164,609,0.0,0.5,1,-20.0,52.75343034917734,0.0024642947224384104,True,-20.0,28.658956406076005,0.004536103763095806,True,-20.0,20.414155056810994,0.006368130331048245,True,-20.0,10.91533102180899,0.011909854107058972,True,-20.0,9.884530131761577,0.01315186440499342,True,-20.0,9.370172633784493,0.013873810556198329,True,-738.9865948406268,-20.0,-0.19853709508881767,72.85625095079776
2022-09-02,19.32,19.66,18.68,18.86,2012974.14,,AVAXUSDT_daily,CRYPTO,BINANCE,USDT,1,1,1,18.86,18.86,18.86,3.041540641467113,610,0.0,0.5,1,-20.0,52.75343034917734,0.0024642947224384104,True,-20.0,28.658956406076005,0.004536103763095806,True,-20.0,20.414155056810994,0.006368130331048245,True,-20.0,10.91533102180899,0.011909854107058972,True,-20.0,9.884530131761577,0.01315186440499342,True,-20.0,9.370172633784493,0.013873810556198329,True,-784.0193071058242,-20.0,0.48629073978271986,73.34254169058048
2022-09-03,18.86,19.01,18.57,18.89,869692.47,,AVAXUSDT_daily,CRYPTO,BINANCE,USDT,1,1,1,18.89,18.89,18.89,2.812651633341459,611,0.0,0.5,1,-20.0,52.75343034917734,0.0024642947224384104,True,-20.0,28.658956406076005,0.004536103763095806,True,-20.0,20.414155056810994,0.006368130331048245,True,-20.0,10.91533102180899,0.011909854107058972,True,-20.0,9.884530131761577,0.01315186440499342,True,-20.0,9.370172633784493,0.013873810556198329,True,-781.100744752266,-20.0,-0.031813361611878754,73.3107283289686
2022-09-04,18.89,19.15,18.73,19.01,1137571.79,,AVAXUSDT_daily,CRYPTO,BINANCE,USDT,1,1,1,19.01,19.01,19.01,2.508339564021029,612,0.0,0.5,1,-20.0,52.75343034917734,0.0024642947224384104,True,-20.0,28.658956406076005,0.004536103763095806,True,-20.0,20.414155056810994,0.006368130331048245,True,-20.0,10.91533102180899,0.011909854107058972,True,-20.0,9.884530131761577,0.01315186440499342,True,-20.0,9.370172633784493,0.013873810556198329,True,-769.3177894270812,-20.0,-0.12705134992059275,73.183676979048
2022-09-05,19.02,19.49,18.44,19.44,1355494.58,,AVAXUSDT_daily,CRYPTO,BINANCE,USDT,1,1,1,19.44,19.44,19.44,2.1682503254228833,613,0.0,0.5,1,-20.0,52.75343034917734,0.0024642947224384104,True,-20.0,28.658956406076005,0.004536103763095806,True,-20.0,20.414155056810994,0.006368130331048245,True,-20.0,10.91533102180899,0.011909854107058972,True,-20.0,9.884530131761577,0.01315186440499342,True,-20.0,9.370172633784493,0.013873810556198329,True,-727.6667124037142,-20.0,-0.4523934771173055,72.73128350193069
2022-09-06,19.45,20.49,18.15,18.21,3455459.74,,AVAXUSDT_daily,CRYPTO,BINANCE,USDT,1,1,1,18.21,18.21,18.21,1.9903554297799197,614,0.0,0.5,1,-20.0,52.75343034917734,0.0024642947224384104,True,-20.0,28.658956406076005,0.004536103763095806,True,-20.0,20.414155056810994,0.006368130331048245,True,-20.0,10.91533102180899,0.011909854107058972,True,-20.0,9.884530131761577,0.01315186440499342,True,-20.0,9.370172633784493,0.013873810556198329,True,-853.1591571702188,-20.0,1.2654320987654333,73.99671560069612
2022-09-07,18.21,19.31,17.84,19.01,1888919.24,,AVAXUSDT_daily,CRYPTO,BINANCE,USDT,1,1,1,19.01,19.01,19.01,1.8475927439186313,615,0.0,0.5,1,-20.0,52.75343034917734,0.0024642947224384104,True,-20.0,28.658956406076005,0.004536103763095806,True,-20.0,20.414155056810994,0.006368130331048245,True,-20.0,10.91533102180899,0.011909854107058972,True,-20.0,9.884530131761577,0.01315186440499342,True,-20.0,9.370172633784493,0.013873810556198329,True,-775.6194951549239,-20.0,-0.8786381109280628,73.11807748976805
2022-09-08,19.0,19.16,18.4,19.13,1853702.72,,AVAXUSDT_daily,CRYPTO,BINANCE,USDT,1,1,1,19.13,19.13,19.13,1.8105662824570339,616,0.0,0.5,1,-20.0,52.75343034917734,0.0024642947224384104,True,-20.0,28.658956406076005,0.004536103763095806,True,-20.0,20.414155056810994,0.006368130331048245,True,-20.0,10.91533102180899,0.011909854107058972,True,-20.0,9.884530131761577,0.01315186440499342,True,-20.0,9.370172633784493,0.013873810556198329,True,-763.8722840364993,-20.0,-0.1262493424513389,72.99182814731671
2022-09-09,19.13,20.81,19.1,20.38,2646242.57,,AVAXUSDT_daily,CRYPTO,BINANCE,USDT,1,1,1,20.38,20.38,20.38,1.749567991793158,617,0.0,0.5,1,20.0,52.75343034917734,0.0024642947224384104,True,-20.0,28.658956406076005,0.004536103763095806,True,-20.0,20.414155056810994,0.006368130331048245,True,-20.0,10.91533102180899,0.011909854107058972,True,-20.0,9.884530131761577,0.01315186440499342,True,-20.0,9.370172633784493,0.013873810556198329,True,-652.152225841776,-16.933333333333334,-1.30684788290643,71.68498026441029
2022-09-10,20.39,21.17,20.04,20.44,2316069.87,,AVAXUSDT_daily,CRYPTO,BINANCE,USDT,1,1,1,20.44,20.44,20.44,1.6272673251131338,618,0.0,0.5,1,20.0,52.75343034917734,0.0024642947224384104,True,-20.0,28.658956406076005,0.004536103763095806,True,-20.0,20.414155056810994,0.006368130331048245,True,-20.0,10.91533102180899,0.011909854107058972,True,-20.0,9.884530131761577,0.01315186440499342,True,-20.0,9.370172633784493,0.013873810556198329,True,-646.7099816239877,-16.933333333333334,-0.04985279685966709,71.63512746755062
2022-09-11,20.44,20.95,19.95,20.68,1721338.28,,AVAXUSDT_daily,CRYPTO,BINANCE,USDT,1,1,1,20.68,20.68,20.68,1.5293165828365187,619,0.0,0.5,1,20.0,52.75343034917734,0.0024642947224384104,True,20.0,28.658956406076005,0.004536103763095806,True,-20.0,20.414155056810994,0.006368130331048245,True,-20.0,10.91533102180899,0.011909854107058972,True,-20.0,9.884530131761577,0.01315186440499342,True,-20.0,9.370172633784493,0.013873810556198329,True,-624.8437148002482,-8.466666666666667,-0.19882583170254214,71.43630163584808
2022-09-12,20.67,21.91,20.06,21.38,4690982.41,,AVAXUSDT_daily,CRYPTO,BINANCE,USDT,1,1,1,21.38,21.38,21.38,1.3348852700599396,620,0.0,0.5,1,20.0,52.75343034917734,0.0024642947224384104,True,20.0,28.658956406076005,0.004536103763095806,True,-20.0,20.414155056810994,0.006368130331048245,True,-20.0,10.91533102180899,0.011909854107058972,True,-20.0,9.884530131761577,0.01315186440499342,True,-20.0,9.370172633784493,0.013873810556198329,True,-562.7642460770118,-8.466666666666667,-0.28658929722759446,71.14971233862049
2022-09-13,21.38,21.8,18.76,18.87,4534638.7,,AVAXUSDT_daily,CRYPTO,BINANCE,USDT,1,1,1,18.87,18.87,18.87,1.1313218863519034,621,0.0,0.5,1,-20.0,52.75343034917734,0.0024642947224384104,True,-20.0,28.658956406076005,0.004536103763095806,True,-20.0,20.414155056810994,0.006368130331048245,True,-20.0,10.91533102180899,0.011909854107058972,True,-20.0,9.884530131761577,0.01315186440499342,True,-20.0,9.370172633784493,0.013873810556198329,True,-790.5263784514839,-20.0,0.9939819145618953,72.14369425318239
2022-09-14,18.87,19.31,18.44,19.12,2492314.62,,AVAXUSDT_daily,CRYPTO,BINANCE,USDT,1,1,1,19.12,19.12,19.12,0.825940612120143,622,0.0,0.5,1,-20.0,52.75343034917734,0.0024642947224384104,True,-20.0,28.658956406076005,0.004536103763095806,True,-20.0,20.414155056810994,0.006368130331048245,True,-20.0,10.91533102180899,0.011909854107058972,True,-20.0,9.884530131761577,0.01315186440499342,True,-20.0,9.370172633784493,0.013873810556198329,True,-767.7751954723188,-20.0,-0.26497085320614566,71.87872339997624
2022-09-15,19.12,19.37,18.09,18.21,2502262.69,,AVAXUSDT_daily,CRYPTO,BINANCE,USDT,1,1,1,18.21,18.21,18.21,0.825120565360603,623,0.0,0.5,1,-20.0,52.75343034917734,0.0024642947224384104,True,-20.0,28.658956406076005,0.004536103763095806,True,-20.0,20.414155056810994,0.006368130331048245,True,-20.0,10.91533102180899,0.011909854107058972,True,-20.0,9.884530131761577,0.01315186440499342,True,-20.0,9.370172633784493,0.013873810556198329,True,-855.0723653492059,-20.0,0.9518828451882855,72.83060624516452
2022-09-16,18.21,18.31,17.56,18.05,2145273.72,,AVAXUSDT_daily,CRYPTO,BINANCE,USDT,1,1,1,18.05,18.05,18.05,0.8596356327335626,624,0.0,0.5,1,-20.0,52.75343034917734,0.0024642947224384104,True,-20.0,28.658956406076005,0.004536103763095806,True,-20.0,20.414155056810994,0.006368130331048245,True,-20.0,10.91533102180899,0.011909854107058972,True,-20.0,9.884530131761577,0.01315186440499342,True,-20.0,9.370172633784493,0.013873810556198329,True,-870.844505709406,-20.0,0.175727622185613,73.00633386735014
2022-09-17,18.05,18.59,18.04,18.48,1309153.1,,AVAXUSDT_daily,CRYPTO,BINANCE,USDT,1,1,1,18.48,18.48,18.48,0.861968982231026,625,0.0,0.5,1,-20.0,52.75343034917734,0.0024642947224384104,True,-20.0,28.658956406076005,0.004536103763095806,True,-20.0,20.414155056810994,0.006368130331048245,True,-20.0,10.91533102180899,0.011909854107058972,True,-20.0,9.884530131761577,0.01315186440499342,True,-20.0,9.370172633784493,0.013873810556198329,True,-829.0101850467137,-20.0,-0.47645429362880964,72.52987957372133
2022-09-18,18.48,18.78,16.29,16.7,3634544.44,,AVAXUSDT_daily,CRYPTO,BINANCE,USDT,1,1,1,16.7,16.7,16.7,1.0351780929980865,626,0.0,0.5,1,-20.0,52.75343034917734,0.0024642947224384104,True,-20.0,28.658956406076005,0.004536103763095806,True,-20.0,20.414155056810994,0.006368130331048245,True,-20.0,10.91533102180899,0.011909854107058972,True,-20.0,9.884530131761577,0.01315186440499342,True,-20.0,9.370172633784493,0.013873810556198329,True,-1011.840128906381,-20.0,1.9264069264069272,74.45628650012826
2022-09-19,16.7,17.38,16.39,17.28,2420422.85,,AVAXUSDT_daily,CRYPTO,BINANCE,USDT,1,1,1,17.28,17.28,17.28,1.1125573906010744,627,0.0,0.5,1,-20.0,52.75343034917734,0.0024642947224384104,True,-20.0,28.658956406076005,0.004536103763095806,True,-20.0,20.414155056810994,0.006368130331048245,True,-20.0,10.91533102180899,0.011909854107058972,True,-20.0,9.884530131761577,0.01315186440499342,True,-20.0,9.370172633784493,0.013873810556198329,True,-954.064658364057,-20.0,-0.6946107784431144,73.76167572168514
2022-09-20,17.28,17.43,16.58,16.65,1816611.71,,AVAXUSDT_daily,CRYPTO,BINANCE,USDT,1,1,1,16.65,16.65,16.65,1.2325130510730136,628,0.0,0.5,1,-20.0,52.75343034917734,0.0024642947224384104,True,-20.0,28.658956406076005,0.004536103763095806,True,-20.0,20.414155056810994,0.006368130331048245,True,-20.0,10.91533102180899,0.011909854107058972,True,-20.0,9.884530131761577,0.01315186440499342,True,-20.0,9.370172633784493,0.013873810556198329,True,-1020.0106920284836,-20.0,0.7291666666666696,74.49084238835181
2022-09-21,16.65,17.94,16.19,16.55,3111286.16,,AVAXUSDT_daily,CRYPTO,BINANCE,USDT,1,1,1,16.55,16.55,16.55,1.3347031998132224,629,0.0,0.5,1,-20.0,52.75343034917734,0.0024642947224384104,True,-20.0,28.658956406076005,0.004536103763095806,True,-20.0,20.414155056810994,0.006368130331048245,True,-20.0,10.91533102180899,0.011909854107058972,True,-20.0,9.884530131761577,0.01315186440499342,True,-20.0,9.370172633784493,0.013873810556198329,True,-1030.7367818098944,-20.0,0.12012012012011741,74.61096250847193
2022-09-22,16.54,17.88,16.39,17.68,2032595.22,,AVAXUSDT_daily,CRYPTO,BINANCE,USDT,1,1,1,17.68,17.68,17.68,1.3562820697201223,630,0.0,0.5,1,-20.0,52.75343034917734,0.0024642947224384104,True,-20.0,28.658956406076005,0.004536103763095806,True,-20.0,20.414155056810994,0.006368130331048245,True,-20.0,10.91533102180899,0.011909854107058972,True,-20.0,9.884530131761577,0.01315186440499342,True,-20.0,9.370172633784493,0.013873810556198329,True,-920.4532884647904,-20.0,-1.365558912386704,73.24540359608523
2022-09-23,17.68,18.24,17.15,17.97,1946185.89,,AVAXUSDT_daily,CRYPTO,BINANCE,USDT,1,1,1,17.97,17.97,17.97,1.3653555542372156,631,0.0,0.5,1,20.0,52.75343034917734,0.0024642947224384104,True,-20.0,28.658956406076005,0.004536103763095806,True,-20.0,20.414155056810994,0.006368130331048245,True,-20.0,10.91533102180899,0.011909854107058972,True,-20.0,9.884530131761577,0.01315186440499342,True,-20.0,9.370172633784493,0.013873810556198329,True,-892.1798575876635,-16.933333333333334,-0.32805429864253277,72.9173492974427
2022-09-24,17.97,18.19,17.54,17.6,1139374.01,,AVAXUSDT_daily,CRYPTO,BINANCE,USDT,1,1,1,17.6,17.6,17.6,1.3827328965388215,632,0.0,0.5,1,-20.0,52.75343034917734,0.0024642947224384104,True,-20.0,28.658956406076005,0.004536103763095806,True,-20.0,20.414155056810994,0.006368130331048245,True,-20.0,10.91533102180899,0.011909854107058972,True,-20.0,9.884530131761577,0.01315186440499342,True,-20.0,9.370172633784493,0.013873810556198329,True,-929.6082029109419,-20.0,0.34865516601743446,73.26600446346013
2022-09-25,17.6,17.88,17.13,17.32,854961.36,,AVAXUSDT_daily,CRYPTO,BINANCE,USDT,1,1,1,17.32,17.32,17.32,1.3954643633882062,633,0.0,0.5,1,-20.0,52.75343034917734,0.0024642947224384104,True,-20.0,28.658956406076005,0.004536103763095806,True,-20.0,20.414155056810994,0.006368130331048245,True,-20.0,10.91533102180899,0.011909854107058972,True,-20.0,9.884530131761577,0.01315186440499342,True,-20.0,9.370172633784493,0.013873810556198329,True,-958.8879738065294,-20.0,0.3181818181818197,73.58418628164195
2022-09-26,17.32,17.59,16.97,17.57,1339230.13,,AVAXUSDT_daily,CRYPTO,BINANCE,USDT,1,1,1,17.57,17.57,17.57,1.4093831237411842,634,0.0,0.5,1,-20.0,52.75343034917734,0.0024642947224384104,True,-20.0,28.658956406076005,0.004536103763095806,True,-20.0,20.414155056810994,0.006368130331048245,True,-20.0,10.91533102180899,0.011909854107058972,True,-20.0,9.884530131761577,0.01315186440499342,True,-20.0,9.370172633784493,0.013873810556198329,True,-932.7350474354268,-20.0,-0.2886836027713624,73.29550267887059
2022-09-27,17.57,18.5,16.99,17.3,3034663.42,,AVAXUSDT_daily,CRYPTO,BINANCE,USDT,1,1,1,17.3,17.3,17.3,1.4256211942470818,635,0.0,0.5,1,-20.0,52.75343034917734,0.0024642947224384104,True,-20.0,28.658956406076005,0.004536103763095806,True,-20.0,20.414155056810994,0.006368130331048245,True,-20.0,10.91533102180899,0.011909854107058972,True,-20.0,9.884530131761577,0.01315186440499342,True,-20.0,9.370172633784493,0.013873810556198329,True,-961.9034343956507,-20.0,0.3073420603301069,73.60284473920069
2022-09-28,17.3,17.45,16.73,17.26,1969129.47,,AVAXUSDT_daily,CRYPTO,BINANCE,USDT,1,1,1,17.26,17.26,17.26,1.4343106725099584,636,0.0,0.5,1,-20.0,52.75343034917734,0.0024642947224384104,True,-20.0,28.658956406076005,0.004536103763095806,True,-20.0,20.414155056810994,0.006368130331048245,True,-20.0,10.91533102180899,0.011909854107058972,True,-20.0,9.884530131761577,0.01315186440499342,True,-20.0,9.370172633784493,0.013873810556198329,True,-966.3116110946406,-20.0,0.046242774566473965,73.64908751376717
2022-09-29,17.26,17.39,16.88,17.35,1200459.71,,AVAXUSDT_daily,CRYPTO,BINANCE,USDT,1,1,1,17.35,17.35,17.35,1.3582151600779142,637,0.0,0.5,1,-20.0,52.75343034917734,0.0024642947224384104,True,-20.0,28.658956406076005,0.004536103763095806,True,-20.0,20.414155056810994,0.006368130331048245,True,-20.0,10.91533102180899,0.011909854107058972,True,-20.0,9.884530131761577,0.01315186440499342,True,-20.0,9.370172633784493,0.013873810556198329,True,-956.2805051031174,-20.0,-0.10428736964078755,73.54480014412638
2022-09-30,17.35,17.74,17.01,17.2,1992313.11,,AVAXUSDT_daily,CRYPTO,BINANCE,USDT,1,1,1,17.2,17.2,17.2,1.2567455882942602,638,0.0,0.5,1,-20.0,52.75343034917734,0.0024642947224384104,True,-20.0,28.658956406076005,0.004536103763095806,True,-20.0,20.414155056810994,0.006368130331048245,True,-20.0,10.91533102180899,0.011909854107058972,True,-20.0,9.884530131761577,0.01315186440499342,True,-20.0,9.370172633784493,0.013873810556198329,True,-973.433843950304,-20.0,0.17291066282421053,73.71771080695059
2022-10-01,17.21,17.3,16.86,16.95,614626.35,,AVAXUSDT_daily,CRYPTO,BINANCE,USDT,1,1,1,16.95,16.95,16.95,1.0988581394061883,639,0.0,0.5,1,-20.0,52.75343034917734,0.0024642947224384104,True,-20.0,28.658956406076005,0.004536103763095806,True,-20.0,20.414155056810994,0.006368130331048245,True,-20.0,10.91533102180899,0.011909854107058972,True,-20.0,9.884530131761577,0.01315186440499342,True,-20.0,9.370172633784493,0.013873810556198329,True,-1002.9076858379287,-20.0,0.29069767441860517,74.0084084813692
2022-10-02,16.96,17.18,16.47,16.53,1072930.57,,AVAXUSDT_daily,CRYPTO,BINANCE,USDT,1,1,1,16.53,16.53,16.53,0.736825338163892,640,0.0,0.5,1,-20.0,52.75343034917734,0.0024642947224384104,True,-20.0,28.658956406076005,0.004536103763095806,True,-20.0,20.414155056810994,0.006368130331048245,True,-20.0,10.91533102180899,0.011909854107058972,True,-20.0,9.884530131761577,0.01315186440499342,True,-20.0,9.370172633784493,0.013873810556198329,True,-1054.3094271475704,-20.0,0.49557522123893527,74.50398370260814
2022-10-03,16.54,17.32,16.34,17.14,1488274.32,,AVAXUSDT_daily,CRYPTO,BINANCE,USDT,1,1,1,17.14,17.14,17.14,0.6699998036231717,641,0.0,0.5,1,-20.0,52.75343034917734,0.0024642947224384104,True,-20.0,28.658956406076005,0.004536103763095806,True,-20.0,20.414155056810994,0.006368130331048245,True,-20.0,10.91533102180899,0.011909854107058972,True,-20.0,9.884530131761577,0.01315186440499342,True,-20.0,9.370172633784493,0.013873810556198329,True,-982.632743927819,-20.0,-0.73805202661827,73.76593167598986
2022-10-04,17.15,17.55,17.07,17.44,1156113.08,,AVAXUSDT_daily,CRYPTO,BINANCE,USDT,1,1,1,17.44,17.44,17.44,0.542123262360091,642,0.0,0.5,1,20.0,52.75343034917734,0.0024642947224384104,True,-20.0,28.658956406076005,0.004536103763095806,True,-20.0,20.414155056810994,0.006368130331048245,True,-20.0,10.91533102180899,0.011909854107058972,True,-20.0,9.884530131761577,0.01315186440499342,True,-20.0,9.370172633784493,0.013873810556198329,True,-947.582297658663,-16.933333333333334,-0.350058343057178,73.41587333293268
2022-10-05,17.45,17.49,16.94,17.39,1304224.29,,AVAXUSDT_daily,CRYPTO,BINANCE,USDT,1,1,1,17.39,17.39,17.39,0.5042605320898469,643,0.0,0.5,1,20.0,52.75343034917734,0.0024642947224384104,True,-20.0,28.658956406076005,0.004536103763095806,True,-20.0,20.414155056810994,0.006368130331048245,True,-20.0,10.91533102180899,0.011909854107058972,True,-20.0,9.884530131761577,0.01315186440499342,True,-20.0,9.370172633784493,0.013873810556198329,True,-953.5386794059569,-16.933333333333334,0.04854740061162121,73.4644207335443
2022-10-06,17.39,17.67,16.98,17.04,1151476.36,,AVAXUSDT_daily,CRYPTO,BINANCE,USDT,1,1,1,17.04,17.04,17.04,0.47720678515973897,644,0.0,0.5,1,-20.0,52.75343034917734,0.0024642947224384104,True,-20.0,28.658956406076005,0.004536103763095806,True,-20.0,20.414155056810994,0.006368130331048245,True,-20.0,10.91533102180899,0.011909854107058972,True,-20.0,9.884530131761577,0.01315186440499342,True,-20.0,9.370172633784493,0.013873810556198329,True,-996.6167676211193,-20.0,0.34080889400038494,73.80522962754469
2022-10-07,17.04,17.17,16.72,16.9,1022147.52,,AVAXUSDT_daily,CRYPTO,BINANCE,USDT,1,1,1,16.9,16.9,16.9,0.38897841911776004,645,0.0,0.5,1,-20.0,52.75343034917734,0.0024642947224384104,True,-20.0,28.658956406076005,0.004536103763095806,True,-20.0,20.414155056810994,0.006368130331048245,True,-20.0,10.91533102180899,0.011909854107058972,True,-20.0,9.884530131761577,0.01315186440499342,True,-20.0,9.370172633784493,0.013873810556198329,True,-1014.2686097780226,-20.0,0.16431924882629234,73.96954887637098
2022-10-08,16.9,16.99,16.62,16.79,338134.43,,AVAXUSDT_daily,CRYPTO,BINANCE,USDT,1,1,1,16.79,16.79,16.79,0.38348094032426494,646,0.0,0.5,1,-20.0,52.75343034917734,0.0024642947224384104,True,-20.0,28.658956406076005,0.004536103763095806,True,-20.0,20.414155056810994,0.006368130331048245,True,-20.0,10.91533102180899,0.011909854107058972,True,-20.0,9.884530131761577,0.01315186440499342,True,-20.0,9.370172633784493,0.013873810556198329,True,-1028.4518241388485,-20.0,0.13017751479289963,74.09972639116388
2022-10-09,16.79,16.99,16.7,16.9,412498.93,,AVAXUSDT_daily,CRYPTO,BINANCE,USDT,1,1,1,16.9,16.9,16.9,0.3884554435092736,647,0.0,0.5,1,-20.0,52.75343034917734,0.0024642947224384104,True,-20.0,28.658956406076005,0.004536103763095806,True,-20.0,20.414155056810994,0.006368130331048245,True,-20.0,10.91533102180899,0.011909854107058972,True,-20.0,9.884530131761577,0.01315186440499342,True,-20.0,9.370172633784493,0.013873810556198329,True,-1014.1590621632597,-20.0,-0.1310303752233466,73.96869601594054
2022-10-10,16.9,17.24,16.17,16.21,1180161.9,,AVAXUSDT_daily,CRYPTO,BINANCE,USDT,1,1,1,16.21,16.21,16.21,0.43007312721197255,648,0.0,0.5,1,-20.0,52.75343034917734,0.0024642947224384104,True,-20.0,28.658956406076005,0.004536103763095806,True,-20.0,20.414155056810994,0.006368130331048245,True,-20.0,10.91533102180899,0.011909854107058972,True,-20.0,9.884530131761577,0.01315186440499342,True,-20.0,9.370172633784493,0.013873810556198329,True,-1107.156376569135,-20.0,0.8165680473372761,74.78526406327781
2022-10-11,16.21,16.32,15.59,15.95,1530642.33,,AVAXUSDT_daily,CRYPTO,BINANCE,USDT,1,1,1,15.95,15.95,15.95,0.49106195344204057,649,0.0,0.5,1,-20.0,52.75343034917734,0.0024642947224384104,True,-20.0,28.658956406076005,0.004536103763095806,True,-20.0,20.414155056810994,0.006368130331048245,True,-20.0,10.91533102180899,0.011909854107058972,True,-20.0,9.884530131761577,0.01315186440499342,True,-20.0,9.370172633784493,0.013873810556198329,True,-1143.2714640596785,-20.0,0.3207896360271456,75.10605369930495
2022-10-12,15.95,16.17,15.83,15.96,695088.15,,AVAXUSDT_daily,CRYPTO,BINANCE,USDT,1,1,1,15.96,15.96,15.96,0.5371099564113709,650,0.0,0.5,1,-20.0,52.75343034917734,0.0024642947224384104,True,-20.0,28.658956406076005,0.004536103763095806,True,-20.0,20.414155056810994,0.006368130331048245,True,-20.0,10.91533102180899,0.011909854107058972,True,-20.0,9.884530131761577,0.01315186440499342,True,-20.0,9.370172633784493,0.013873810556198329,True,-1141.862656541569,-20.0,-0.012539184952982119,75.09351451435197
2022-10-13,15.95,15.99,14.42,15.66,3240864.9,,AVAXUSDT_daily,CRYPTO,BINANCE,USDT,1,1,1,15.66,15.66,15.66,0.5734025866081174,651,0.0,0.5,1,-20.0,52.75343034917734,0.0024642947224384104,True,-20.0,28.658956406076005,0.004536103763095806,True,-20.0,20.414155056810994,0.006368130331048245,True,-20.0,10.91533102180899,0.011909854107058972,True,-20.0,9.884530131761577,0.01315186440499342,True,-20.0,9.370172633784493,0.013873810556198329,True,-1185.4770950177738,-20.0,0.3759398496240607,75.46945436397603
2022-10-14,15.65,16.4,15.54,15.67,1482124.17,,AVAXUSDT_daily,CRYPTO,BINANCE,USDT,1,1,1,15.67,15.67,15.67,0.6144083589861523,652,0.0,0.5,1,-20.0,52.75343034917734,0.0024642947224384104,True,-20.0,28.658956406076005,0.004536103763095806,True,-20.0,20.414155056810994,0.006368130331048245,True,-20.0,10.91533102180899,0.011909854107058972,True,-20.0,9.884530131761577,0.01315186440499342,True,-20.0,9.370172633784493,0.013873810556198329,True,-1184.0034035998524,-20.0,-0.012771392081738497,75.45668297189428
2022-10-15,15.67,15.78,15.36,15.43,578141.35,,AVAXUSDT_daily,CRYPTO,BINANCE,USDT,1,1,1,15.43,15.43,15.43,0.6766994201832053,653,0.0,0.5,1,-20.0,52.75343034917734,0.0024642947224384104,True,-20.0,28.658956406076005,0.004536103763095806,True,-20.0,20.414155056810994,0.006368130331048245,True,-20.0,10.91533102180899,0.011909854107058972,True,-20.0,9.884530131761577,0.01315186440499342,True,-20.0,9.370172633784493,0.013873810556198329,True,-1220.4048147304868,-20.0,0.3063178047224002,75.76300077661668
2022-10-16,15.42,15.88,15.41,15.75,853653.89,,AVAXUSDT_daily,CRYPTO,BINANCE,USDT,1,1,1,15.75,15.75,15.75,0.6804402599652433,654,0.0,0.5,1,-20.0,52.75343034917734,0.0024642947224384104,True,-20.0,28.658956406076005,0.004536103763095806,True,-20.0,20.414155056810994,0.006368130331048245,True,-20.0,10.91533102180899,0.011909854107058972,True,-20.0,9.884530131761577,0.01315186440499342,True,-20.0,9.370172633784493,0.013873810556198329,True,-1172.7899820370342,-20.0,-0.41477640959170614,75.34822436702497
2022-10-17,15.75,16.27,15.65,16.18,1239751.09,,AVAXUSDT_daily,CRYPTO,BINANCE,USDT,1,1,1,16.18,16.18,16.18,0.6693476793136972,655,0.0,0.5,1,20.0,52.75343034917734,0.0024642947224384104,True,-20.0,28.658956406076005,0.004536103763095806,True,-20.0,20.414155056810994,0.006368130331048245,True,-20.0,10.91533102180899,0.011909854107058972,True,-20.0,9.884530131761577,0.01315186440499342,True,-20.0,9.370172633784493,0.013873810556198329,True,-1110.7396802478536,-16.933333333333334,-0.5460317460317476,74.80219262099322
2022-10-18,16.17,16.36,15.54,15.88,1504483.22,,AVAXUSDT_daily,CRYPTO,BINANCE,USDT,1,1,1,15.88,15.88,15.88,0.6672283598766606,656,0.0,0.5,1,-20.0,52.75343034917734,0.0024642947224384104,True,-20.0,28.658956406076005,0.004536103763095806,True,-20.0,20.414155056810994,0.006368130331048245,True,-20.0,10.91533102180899,0.011909854107058972,True,-20.0,9.884530131761577,0.01315186440499342,True,-20.0,9.370172633784493,0.013873810556198329,True,-1155.309340374148,-20.0,0.3139678615574774,75.1161604825507
2022-10-19,15.87,15.92,15.01,15.06,1799942.85,,AVAXUSDT_daily,CRYPTO,BINANCE,USDT,1,1,1,15.06,15.06,15.06,0.7115903241942511,657,0.0,0.5,1,-20.0,52.75343034917734,0.0024642947224384104,True,-20.0,28.658956406076005,0.004536103763095806,True,-20.0,20.414155056810994,0.006368130331048245,True,-20.0,10.91533102180899,0.011909854107058972,True,-20.0,9.884530131761577,0.01315186440499342,True,-20.0,9.370172633784493,0.013873810556198329,True,-1280.5859181093522,-20.0,1.0327455919395478,76.14890607449024
2022-10-20,15.06,15.48,14.87,15.14,1584061.75,,AVAXUSDT_daily,CRYPTO,BINANCE,USDT,1,1,1,15.14,15.14,15.14,0.7385068506346224,658,0.0,0.5,1,-20.0,52.75343034917734,0.0024642947224384104,True,-20.0,28.658956406076005,0.004536103763095806,True,-20.0,20.414155056810994,0.006368130331048245,True,-20.0,10.91533102180899,0.011909854107058972,True,-20.0,9.884530131761577,0.01315186440499342,True,-20.0,9.370172633784493,0.013873810556198329,True,-1268.2758366825606,-20.0,-0.10624169986719778,76.04266437462304
2022-10-21,15.15,15.75,14.58,15.69,1889118.85,,AVAXUSDT_daily,CRYPTO,BINANCE,USDT,1,1,1,15.69,15.69,15.69,0.7337321682671893,659,0.0,0.5,1,-20.0,52.75343034917734,0.0024642947224384104,True,-20.0,28.658956406076005,0.004536103763095806,True,-20.0,20.414155056810994,0.006368130331048245,True,-20.0,10.91533102180899,0.011909854107058972,True,-20.0,9.884530131761577,0.01315186440499342,True,-20.0,9.370172633784493,0.013873810556198329,True,-1187.8812663313968,-20.0,-0.7265521796565366,75.31611219496651
2022-10-22,15.69,15.93,15.52,15.69,690851.93,,AVAXUSDT_daily,CRYPTO,BINANCE,USDT,1,1,1,15.69,15.69,15.69,0.740001955909631,660,0.0,0.5,1,-20.0,52.75343034917734,0.0024642947224384104,True,-20.0,28.658956406076005,0.004536103763095806,True,-20.0,20.414155056810994,0.006368130331048245,True,-20.0,10.91533102180899,0.011909854107058972,True,-20.0,9.884530131761577,0.01315186440499342,True,-20.0,9.370172633784493,0.013873810556198329,True,-1187.8812663313968,-20.0,-0.0,75.31611219496651
2022-10-23,15.69,16.42,15.59,16.31,1416439.93,,AVAXUSDT_daily,CRYPTO,BINANCE,USDT,1,1,1,16.31,16.31,16.31,0.706649619135093,661,0.0,0.5,1,20.0,52.75343034917734,0.0024642947224384104,True,-20.0,28.658956406076005,0.004536103763095806,True,-20.0,20.414155056810994,0.006368130331048245,True,-20.0,10.91533102180899,0.011909854107058972,True,-20.0,9.884530131761577,0.01315186440499342,True,-20.0,9.370172633784493,0.013873810556198329,True,-1100.8049951891044,-16.933333333333334,-0.7903123008285506,74.52579989413796
2022-10-24,16.31,16.49,15.63,15.75,1061043.2,,AVAXUSDT_daily,CRYPTO,BINANCE,USDT,1,1,1,15.75,15.75,15.75,0.6426743056721326,662,0.0,0.5,1,20.0,52.75343034917734,0.0024642947224384104,True,-20.0,28.658956406076005,0.004536103763095806,True,-20.0,20.414155056810994,0.006368130331048245,True,-20.0,10.91533102180899,0.011909854107058972,True,-20.0,9.884530131761577,0.01315186440499342,True,-20.0,9.370172633784493,0.013873810556198329,True,-1181.975834029975,-16.933333333333334,0.5814020028612289,75.10720189699919
2022-10-25,15.75,17.05,15.59,16.64,2100542.67,,AVAXUSDT_daily,CRYPTO,BINANCE,USDT,1,1,1,16.64,16.64,16.64,0.5802993782818687,663,0.0,0.5,1,20.0,52.75343034917734,0.0024642947224384104,True,20.0,28.658956406076005,0.004536103763095806,True,-20.0,20.414155056810994,0.006368130331048245,True,-20.0,10.91533102180899,0.011909854107058972,True,-20.0,9.884530131761577,0.01315186440499342,True,-20.0,9.370172633784493,0.013873810556198329,True,-1064.482496971075,-8.466666666666667,-0.9568677248677268,74.15033417213147
2022-10-26,16.63,17.34,16.63,17.0,2023800.42,,AVAXUSDT_daily,CRYPTO,BINANCE,USDT,1,1,1,17.0,17.0,17.0,0.5766929311647373,664,0.0,0.5,1,20.0,52.75343034917734,0.0024642947224384104,True,20.0,28.658956406076005,0.004536103763095806,True,-20.0,20.414155056810994,0.006368130331048245,True,-20.0,10.91533102180899,0.011909854107058972,True,-20.0,9.884530131761577,0.01315186440499342,True,-20.0,9.370172633784493,0.013873810556198329,True,-1017.5223189074356,-8.466666666666667,-0.18317307692307722,73.96716109520838
2022-10-27,17.0,17.51,16.82,16.88,2138708.14,,AVAXUSDT_daily,CRYPTO,BINANCE,USDT,1,1,1,16.88,16.88,16.88,0.5751164641893783,665,0.0,0.5,1,20.0,52.75343034917734,0.0024642947224384104,True,20.0,28.658956406076005,0.004536103763095806,True,-20.0,20.414155056810994,0.006368130331048245,True,-20.0,10.91533102180899,0.011909854107058972,True,-20.0,9.884530131761577,0.01315186440499342,True,-20.0,9.370172633784493,0.013873810556198329,True,-1033.5149759600388,-8.466666666666667,0.05976470588235311,74.02692580109074
2022-10-28,16.89,18.4,16.73,18.33,2746152.29,,AVAXUSDT_daily,CRYPTO,BINANCE,USDT,1,1,1,18.33,18.33,18.33,0.7569843216151507,666,0.0,0.5,1,20.0,52.75343034917734,0.0024642947224384104,True,20.0,28.658956406076005,0.004536103763095806,True,11.412328082508896,20.414155056810994,0.006368130331048245,True,-20.0,10.91533102180899,0.011909854107058972,True,-20.0,9.884530131761577,0.01315186440499342,True,-20.0,9.370172633784493,0.013873810556198329,True,-869.4944963166392,-1.8177238892022844,-0.7272906793048974,73.29963512178584
2022-10-29,18.33,18.9,18.16,18.29,2028623.81,,AVAXUSDT_daily,CRYPTO,BINANCE,USDT,1,1,1,18.29,18.29,18.29,0.8866214702973235,667,0.0,0.5,1,20.0,52.75343034917734,0.0024642947224384104,True,20.0,28.658956406076005,0.004536103763095806,True,20.0,20.414155056810994,0.006368130331048245,True,-20.0,10.91533102180899,0.011909854107058972,True,-20.0,9.884530131761577,0.01315186440499342,True,-20.0,9.370172633784493,0.013873810556198329,True,-874.1006212473877,0.0,0.003966664242667278,73.30360178602851
2022-10-30,18.29,18.83,17.92,18.26,1629726.62,,AVAXUSDT_daily,CRYPTO,BINANCE,USDT,1,1,1,18.26,18.26,18.26,1.0020473778128658,668,0.0,0.5,1,20.0,52.75343034917734,0.0024642947224384104,True,20.0,28.658956406076005,0.004536103763095806,True,20.0,20.414155056810994,0.006368130331048245,True,-20.0,10.91533102180899,0.011909854107058972,True,-20.0,9.884530131761577,0.01315186440499342,True,-20.0,9.370172633784493,0.013873810556198329,True,-877.6153994520606,0.0,-0.0,73.30360178602851
2022-10-31,18.25,19.83,18.18,19.28,3179542.03,,AVAXUSDT_daily,CRYPTO,BINANCE,USDT,1,1,1,19.28,19.28,19.28,1.2017788350750056,669,0.0,0.5,1,20.0,52.75343034917734,0.0024642947224384104,True,20.0,28.658956406076005,0.004536103763095806,True,20.0,20.414155056810994,0.006368130331048245,True,-20.0,10.91533102180899,0.011909854107058972,True,-20.0,9.884530131761577,0.01315186440499342,True,-20.0,9.370172633784493,0.013873810556198329,True,-766.2788224709957,0.0,0.0,73.30360178602851
2022-11-01,19.28,19.53,18.57,18.62,1699673.61,,AVAXUSDT_daily,CRYPTO,BINANCE,USDT,1,1,1,18.62,18.62,18.62,1.2895551048459348,670,0.0,0.5,1,20.0,52.75343034917734,0.0024642947224384104,True,20.0,28.658956406076005,0.004536103763095806,True,20.0,20.414155056810994,0.006368130331048245,True,-20.0,10.91533102180899,0.011909854107058972,True,-20.0,9.884530131761577,0.01315186440499342,True,-20.0,9.370172633784493,0.013873810556198329,True,-840.381868557971,0.0,-0.0,73.30360178602851
2022-11-02,18.63,18.77,17.43,17.91,2488654.37,,AVAXUSDT_daily,CRYPTO,BINANCE,USDT,1,1,1,17.91,17.91,17.91,1.303552231813427,671,0.0,0.5,1,20.0,52.75343034917734,0.0024642947224384104,True,20.0,28.658956406076005,0.004536103763095806,True,20.0,20.414155056810994,0.006368130331048245,True,-20.0,10.91533102180899,0.011909854107058972,True,-20.0,9.884530131761577,0.01315186440499342,True,-20.0,9.370172633784493,0.013873810556198329,True,-922.6469009303638,0.0,-0.0,73.30360178602851
2022-11-03,17.92,18.87,17.8,18.03,1411887.43,,AVAXUSDT_daily,CRYPTO,BINANCE,USDT,1,1,1,18.03,18.03,18.03,1.3133300382945616,672,0.0,0.5,1,20.0,52.75343034917734,0.0024642947224384104,True,20.0,28.658956406076005,0.004536103763095806,True,20.0,20.414155056810994,0.006368130331048245,True,-20.0,10.91533102180899,0.011909854107058972,True,-20.0,9.884530131761577,0.01315186440499342,True,-20.0,9.370172633784493,0.013873810556198329,True,-908.6052848557005,0.0,0.0,73.30360178602851
2022-11-04,18.03,19.69,17.88,19.38,2208518.7,,AVAXUSDT_daily,CRYPTO,BINANCE,USDT,1,1,1,19.38,19.38,19.38,1.3902641740681088,673,0.0,0.5,1,20.0,52.75343034917734,0.0024642947224384104,True,20.0,28.658956406076005,0.004536103763095806,True,20.0,20.414155056810994,0.006368130331048245,True,-20.0,10.91533102180899,0.011909854107058972,True,-20.0,9.884530131761577,0.01315186440499342,True,-20.0,9.370172633784493,0.013873810556198329,True,-767.9617055288159,0.0,0.0,73.30360178602851
2022-11-05,19.39,20.63,19.18,19.61,2448681.6,,AVAXUSDT_daily,CRYPTO,BINANCE,USDT,1,1,1,19.61,19.61,19.61,1.4725819609081117,674,0.0,0.5,1,20.0,52.75343034917734,0.0024642947224384104,True,20.0,28.658956406076005,0.004536103763095806,True,20.0,20.414155056810994,0.006368130331048245,True,-20.0,10.91533102180899,0.011909854107058972,True,-20.0,9.884530131761577,0.01315186440499342,True,-20.0,9.370172633784493,0.013873810556198329,True,-743.8780784190469,0.0,0.0,73.30360178602851
2022-11-06,19.6,19.75,18.17,18.23,1243880.65,,AVAXUSDT_daily,CRYPTO,BINANCE,USDT,1,1,1,18.23,18.23,18.23,1.469446369076449,675,0.0,0.5,1,20.0,52.75343034917734,0.0024642947224384104,True,20.0,28.658956406076005,0.004536103763095806,True,20.0,20.414155056810994,0.006368130331048245,True,-20.0,10.91533102180899,0.011909854107058972,True,-20.0,9.884530131761577,0.01315186440499342,True,-20.0,9.370172633784493,0.013873810556198329,True,-891.6844101624218,0.0,-0.0,73.30360178602851
2022-11-07,18.23,18.87,17.73,18.08,1903927.05,,AVAXUSDT_daily,CRYPTO,BINANCE,USDT,1,1,1,18.08,18.08,18.08,1.439674305277464,676,0.0,0.5,1,-20.0,52.75343034917734,0.0024642947224384104,True,20.0,28.658956406076005,0.004536103763095806,True,20.0,20.414155056810994,0.006368130331048245,True,-20.0,10.91533102180899,0.011909854107058972,True,-20.0,9.884530131761577,0.01315186440499342,True,-20.0,9.370172633784493,0.013873810556198329,True,-908.1467225454712,-8.466666666666667,-0.0,73.30360178602851
2022-11-08,18.08,18.16,14.82,16.02,7033866.0,,AVAXUSDT_daily,CRYPTO,BINANCE,USDT,1,1,1,16.02,16.02,16.02,1.3716302248409344,677,0.0,0.5,1,-20.0,52.75343034917734,0.0024642947224384104,True,-20.0,28.658956406076005,0.004536103763095806,True,20.0,20.414155056810994,0.006368130331048245,True,-20.0,10.91533102180899,0.011909854107058972,True,-20.0,9.884530131761577,0.01315186440499342,True,-20.0,9.370172633784493,0.013873810556198329,True,-1137.4866584327328,-16.933333333333334,0.9646755162241882,74.2682773022527
2022-11-09,16.02,16.16,12.03,12.91,6217665.583,,AVAXUSDT_daily,CRYPTO,BINANCE,USDT,1,1,1,12.91,12.91,12.91,1.6352063285271095,678,0.0,0.5,1,-20.0,52.75343034917734,0.0024642947224384104,True,-20.0,28.658956406076005,0.004536103763095806,True,-20.0,20.414155056810994,0.006368130331048245,True,-20.0,10.91533102180899,0.011909854107058972,True,-20.0,9.884530131761577,0.01315186440499342,True,-20.0,9.370172633784493,0.013873810556198329,True,-1489.8167638171944,-20.0,3.287307532251351,77.55558483450405
2022-11-10,12.92,15.94,12.68,15.42,4437282.29,,AVAXUSDT_daily,CRYPTO,BINANCE,USDT,1,1,1,15.42,15.42,15.42,1.6506349655471046,679,0.0,0.5,1,-20.0,52.75343034917734,0.0024642947224384104,True,-20.0,28.658956406076005,0.004536103763095806,True,-20.0,20.414155056810994,0.006368130331048245,True,-20.0,10.91533102180899,0.011909854107058972,True,-20.0,9.884530131761577,0.01315186440499342,True,-20.0,9.370172633784493,0.013873810556198329,True,-1285.2972295082564,-20.0,-3.8884585592563914,73.66712627524765
2022-11-11,15.41,15.46,13.58,14.13,3576037.51,,AVAXUSDT_daily,CRYPTO,BINANCE,USDT,1,1,1,14.13,14.13,14.13,1.7651938912474268,680,0.0,0.5,1,-20.0,52.75343034917734,0.0024642947224384104,True,-20.0,28.658956406076005,0.004536103763095806,True,-20.0,20.414155056810994,0.006368130331048245,True,-20.0,10.91533102180899,0.011909854107058972,True,-20.0,9.884530131761577,0.01315186440499342,True,-20.0,9.370172633784493,0.013873810556198329,True,-1400.1106489799608,-20.0,1.6731517509727611,75.34027802622042
2022-11-12,14.13,14.15,12.89,13.09,1559675.2,,AVAXUSDT_daily,CRYPTO,BINANCE,USDT,1,1,1,13.09,13.09,13.09,1.9885411208940933,681,0.0,0.5,1,-20.0,52.75343034917734,0.0024642947224384104,True,-20.0,28.658956406076005,0.004536103763095806,True,-20.0,20.414155056810994,0.006368130331048245,True,-20.0,10.91533102180899,0.011909854107058972,True,-20.0,9.884530131761577,0.01315186440499342,True,-20.0,9.370172633784493,0.013873810556198329,True,-1500.8215243126344,-20.0,1.472045293701345,76.81232331992176
2022-11-13,13.1,13.36,12.7,13.02,1769291.13,,AVAXUSDT_daily,CRYPTO,BINANCE,USDT,1,1,1,13.02,13.02,13.02,2.170916069073249,682,0.0,0.5,1,-20.0,52.75343034917734,0.0024642947224384104,True,-20.0,28.658956406076005,0.004536103763095806,True,-20.0,20.414155056810994,0.006368130331048245,True,-20.0,10.91533102180899,0.011909854107058972,True,-20.0,9.884530131761577,0.01315186440499342,True,-20.0,9.370172633784493,0.013873810556198329,True,-1507.7878813648952,-20.0,0.10695187165775444,76.91927519157952
2022-11-14,13.03,13.61,12.06,13.14,2870740.18,,AVAXUSDT_daily,CRYPTO,BINANCE,USDT,1,1,1,13.14,13.14,13.14,2.332805573149716,683,0.0,0.5,1,-20.0,52.75343034917734,0.0024642947224384104,True,-20.0,28.658956406076005,0.004536103763095806,True,-20.0,20.414155056810994,0.006368130331048245,True,-20.0,10.91533102180899,0.011909854107058972,True,-20.0,9.884530131761577,0.01315186440499342,True,-20.0,9.370172633784493,0.013873810556198329,True,-1495.7112568388748,-20.0,-0.18433179723502668,76.73494339434448
2022-11-15,13.14,14.01,13.02,13.51,1631061.03,,AVAXUSDT_daily,CRYPTO,BINANCE,USDT,1,1,1,13.51,13.51,13.51,2.443505032145097,684,0.0,0.5,1,-20.0,52.75343034917734,0.0024642947224384104,True,-20.0,28.658956406076005,0.004536103763095806,True,-20.0,20.414155056810994,0.006368130331048245,True,-20.0,10.91533102180899,0.011909854107058972,True,-20.0,9.884530131761577,0.01315186440499342,True,-20.0,9.370172633784493,0.013873810556198329,True,-1458.9051964241148,-20.0,-0.5631659056316574,76.17177748871282
2022-11-16,13.52,13.75,12.81,13.07,1270112.16,,AVAXUSDT_daily,CRYPTO,BINANCE,USDT,1,1,1,13.07,13.07,13.07,2.566521863085798,685,0.0,0.5,1,-20.0,52.75343034917734,0.0024642947224384104,True,-20.0,28.658956406076005,0.004536103763095806,True,-20.0,20.414155056810994,0.006368130331048245,True,-20.0,10.91533102180899,0.011909854107058972,True,-20.0,9.884530131761577,0.01315186440499342,True,-20.0,9.370172633784493,0.013873810556198329,True,-1505.0256959139974,-20.0,0.6513693560325673,76.82314684474538
2022-11-17,13.07,13.36,12.64,12.87,1670047.32,,AVAXUSDT_daily,CRYPTO,BINANCE,USDT,1,1,1,12.87,12.87,12.87,2.6415630839200173,686,0.0,0.5,1,-20.0,52.75343034917734,0.0024642947224384104,True,-20.0,28.658956406076005,0.004536103763095806,True,-20.0,20.414155056810994,0.006368130331048245,True,-20.0,10.91533102180899,0.011909854107058972,True,-20.0,9.884530131761577,0.01315186440499342,True,-20.0,9.370172633784493,0.013873810556198329,True,-1526.7733008793512,-20.0,0.3060443764345844,77.12919122117997
2022-11-18,12.86,13.32,12.85,13.0,1339374.3,,AVAXUSDT_daily,CRYPTO,BINANCE,USDT,1,1,1,13.0,13.0,13.0,2.6798878609713723,687,0.0,0.5,1,-20.0,52.75343034917734,0.0024642947224384104,True,-20.0,28.658956406076005,0.004536103763095806,True,-20.0,20.414155056810994,0.006368130331048245,True,-20.0,10.91533102180899,0.011909854107058972,True,-20.0,9.884530131761577,0.01315186440499342,True,-20.0,9.370172633784493,0.013873810556198329,True,-1512.5031857531196,-20.0,-0.20202020202020332,76.92717101915976
2022-11-19,13.0,13.0,12.49,12.89,699870.16,,AVAXUSDT_daily,CRYPTO,BINANCE,USDT,1,1,1,12.89,12.89,12.89,2.697730966652235,688,0.0,0.5,1,-20.0,52.75343034917734,0.0024642947224384104,True,-20.0,28.658956406076005,0.004536103763095806,True,-20.0,20.414155056810994,0.006368130331048245,True,-20.0,10.91533102180899,0.011909854107058972,True,-20.0,9.884530131761577,0.01315186440499342,True,-20.0,9.370172633784493,0.013873810556198329,True,-1524.9399359228821,-20.0,0.16923076923076819,77.09640178839052
2022-11-20,12.9,13.14,12.07,12.19,1130084.38,,AVAXUSDT_daily,CRYPTO,BINANCE,USDT,1,1,1,12.19,12.19,12.19,2.655664056118693,689,0.0,0.5,1,-20.0,52.75343034917734,0.0024642947224384104,True,-20.0,28.658956406076005,0.004536103763095806,True,-20.0,20.414155056810994,0.006368130331048245,True,-20.0,10.91533102180899,0.011909854107058972,True,-20.0,9.884530131761577,0.01315186440499342,True,-20.0,9.370172633784493,0.013873810556198329,True,-1609.5436241288342,-20.0,1.0861132660977524,78.18251505448828
2022-11-21,12.19,12.2,11.57,11.82,1802036.274,,AVAXUSDT_daily,CRYPTO,BINANCE,USDT,1,1,1,11.82,11.82,11.82,2.6375435142357695,690,0.0,0.5,1,-20.0,52.75343034917734,0.0024642947224384104,True,-20.0,28.658956406076005,0.004536103763095806,True,-20.0,20.414155056810994,0.006368130331048245,True,-20.0,10.91533102180899,0.011909854107058972,True,-20.0,9.884530131761577,0.01315186440499342,True,-20.0,9.370172633784493,0.013873810556198329,True,-1656.54517376156,-20.0,0.6070549630844946,78.78957001757277
2022-11-22,11.82,12.38,11.44,12.36,2051456.21,,AVAXUSDT_daily,CRYPTO,BINANCE,USDT,1,1,1,12.36,12.36,12.36,2.597620925712171,691,0.0,0.5,1,-20.0,52.75343034917734,0.0024642947224384104,True,-20.0,28.658956406076005,0.004536103763095806,True,-20.0,20.414155056810994,0.006368130331048245,True,-20.0,10.91533102180899,0.011909854107058972,True,-20.0,9.884530131761577,0.01315186440499342,True,-20.0,9.370172633784493,0.013873810556198329,True,-1590.7277537910113,-20.0,-0.9137055837563457,77.87586443381643
2022-11-23,12.36,13.07,12.35,13.06,1871100.38,,AVAXUSDT_daily,CRYPTO,BINANCE,USDT,1,1,1,13.06,13.06,13.06,2.491663996950192,692,0.0,0.5,1,-20.0,52.75343034917734,0.0024642947224384104,True,-20.0,28.658956406076005,0.004536103763095806,True,-20.0,20.414155056810994,0.006368130331048245,True,-20.0,10.91533102180899,0.011909854107058972,True,-20.0,9.884530131761577,0.01315186440499342,True,-20.0,9.370172633784493,0.013873810556198329,True,-1510.0983712467432,-20.0,-1.1326860841423958,76.74317834967404
2022-11-24,13.07,13.4,12.75,12.95,1358354.49,,AVAXUSDT_daily,CRYPTO,BINANCE,USDT,1,1,1,12.95,12.95,12.95,2.2131860221035904,693,0.0,0.5,1,20.0,52.75343034917734,0.0024642947224384104,True,-20.0,28.658956406076005,0.004536103763095806,True,-20.0,20.414155056810994,0.006368130331048245,True,-20.0,10.91533102180899,0.011909854107058972,True,-20.0,9.884530131761577,0.01315186440499342,True,-20.0,9.370172633784493,0.013873810556198329,True,-1523.140704340571,-16.933333333333334,0.16845329249617347,76.9116316421702
2022-11-25,12.95,13.04,12.52,12.82,915142.46,,AVAXUSDT_daily,CRYPTO,BINANCE,USDT,1,1,1,12.82,12.82,12.82,1.800745167398338,694,0.0,0.5,1,-5.246577907938012,52.75343034917734,0.0024642947224384104,True,-20.0,28.658956406076005,0.004536103763095806,True,-20.0,20.414155056810994,0.006368130331048245,True,-20.0,10.91533102180899,0.011909854107058972,True,-20.0,9.884530131761577,0.01315186440499342,True,-20.0,9.370172633784493,0.013873810556198329,True,-1539.0284949560137,-20.0,0.16998712998712853,77.08161877215734
2022-11-26,12.82,13.25,12.62,12.78,903394.4,,AVAXUSDT_daily,CRYPTO,BINANCE,USDT,1,1,1,12.78,12.78,12.78,1.4648056274910934,695,0.0,0.5,1,-20.0,52.75343034917734,0.0024642947224384104,True,-20.0,28.658956406076005,0.004536103763095806,True,-20.0,20.414155056810994,0.006368130331048245,True,-20.0,10.91533102180899,0.011909854107058972,True,-20.0,9.884530131761577,0.01315186440499342,True,-20.0,9.370172633784493,0.013873810556198329,True,-1544.0318860807308,-20.0,0.06240249609984483,77.14402126825719
2022-11-27,12.77,13.26,12.69,12.86,893001.06,,AVAXUSDT_daily,CRYPTO,BINANCE,USDT,1,1,1,12.86,12.86,12.86,0.983658450572282,696,0.0,0.5,1,1.9548821720545901,52.75343034917734,0.0024642947224384104,True,-20.0,28.658956406076005,0.004536103763095806,True,-20.0,20.414155056810994,0.006368130331048245,True,-20.0,10.91533102180899,0.011909854107058972,True,-20.0,9.884530131761577,0.01315186440499342,True,-20.0,9.370172633784493,0.013873810556198329,True,-1533.895627453032,-20.0,-0.12519561815336644,77.01882565010382
2022-11-28,12.86,12.99,11.99,12.45,1800437.67,,AVAXUSDT_daily,CRYPTO,BINANCE,USDT,1,1,1,12.45,12.45,12.45,0.7371645535165443,697,0.0,0.5,1,-20.0,52.75343034917734,0.0024642947224384104,True,-20.0,28.658956406076005,0.004536103763095806,True,-20.0,20.414155056810994,0.006368130331048245,True,-20.0,10.91533102180899,0.011909854107058972,True,-20.0,9.884530131761577,0.01315186440499342,True,-20.0,9.370172633784493,0.013873810556198329,True,-1588.3662169499075,-20.0,0.637636080870918,77.65646173097474
2022-11-29,12.46,12.72,12.28,12.47,1718397.88,,AVAXUSDT_daily,CRYPTO,BINANCE,USDT,1,1,1,12.47,12.47,12.47,0.7470256812419066,698,0.0,0.5,1,-20.0,52.75343034917734,0.0024642947224384104,True,-20.0,28.658956406076005,0.004536103763095806,True,-20.0,20.414155056810994,0.006368130331048245,True,-20.0,10.91533102180899,0.011909854107058972,True,-20.0,9.884530131761577,0.01315186440499342,True,-20.0,9.370172633784493,0.013873810556198329,True,-1585.6621097972395,-20.0,-0.03212851405622885,77.62433321691852
2022-11-30,12.47,13.2,12.46,13.15,1761126.78,,AVAXUSDT_daily,CRYPTO,BINANCE,USDT,1,1,1,13.15,13.15,13.15,0.4860504089226803,699,0.0,0.5,1,20.0,52.75343034917734,0.0024642947224384104,True,-20.0,28.658956406076005,0.004536103763095806,True,-20.0,20.414155056810994,0.006368130331048245,True,-20.0,10.91533102180899,0.011909854107058972,True,-20.0,9.884530131761577,0.01315186440499342,True,-20.0,9.370172633784493,0.013873810556198329,True,-1498.936781526782,-16.933333333333334,-1.090617481956695,76.53371573496182
2022-12-01,13.15,13.32,12.79,12.9,1309898.35,,AVAXUSDT_daily,CRYPTO,BINANCE,USDT,1,1,1,12.9,12.9,12.9,0.3876107651718084,700,0.0,0.5,1,20.0,52.75343034917734,0.0024642947224384104,True,-20.0,28.658956406076005,0.004536103763095806,True,-20.0,20.414155056810994,0.006368130331048245,True,-20.0,10.91533102180899,0.011909854107058972,True,-20.0,9.884530131761577,0.01315186440499342,True,-20.0,9.370172633784493,0.013873810556198329,True,-1532.0117181820767,-16.933333333333334,0.32192648922687034,76.85564222418868
2022-12-02,12.9,13.66,12.79,13.58,1771717.38,,AVAXUSDT_daily,CRYPTO,BINANCE,USDT,1,1,1,13.58,13.58,13.58,0.419730176502171,701,0.0,0.5,1,20.0,52.75343034917734,0.0024642947224384104,True,-16.202185420045463,28.658956406076005,0.004536103763095806,True,-20.0,20.414155056810994,0.006368130331048245,True,-20.0,10.91533102180899,0.011909854107058972,True,-20.0,9.884530131761577,0.01315186440499342,True,-20.0,9.370172633784493,0.013873810556198329,True,-1446.780039740978,-16.12946258057629,-0.8926098191214457,75.96303240506724
2022-12-03,13.59,13.9,13.28,13.4,1661995.09,,AVAXUSDT_daily,CRYPTO,BINANCE,USDT,1,1,1,13.4,13.4,13.4,0.4363638631538362,702,0.0,0.5,1,20.0,52.75343034917734,0.0024642947224384104,True,20.0,28.658956406076005,0.004536103763095806,True,-20.0,20.414155056810994,0.006368130331048245,True,-20.0,10.91533102180899,0.011909854107058972,True,-20.0,9.884530131761577,0.01315186440499342,True,-20.0,9.370172633784493,0.013873810556198329,True,-1470.0589223012867,-8.466666666666667,0.21379258206949353,76.17682498713673
2022-12-04,13.4,13.95,13.4,13.93,1096735.8,,AVAXUSDT_daily,CRYPTO,BINANCE,USDT,1,1,1,13.93,13.93,13.93,0.49458222669367,703,0.0,0.5,1,20.0,52.75343034917734,0.0024642947224384104,True,20.0,28.658956406076005,0.004536103763095806,True,-20.0,20.414155056810994,0.006368130331048245,True,-20.0,10.91533102180899,0.011909854107058972,True,-20.0,9.884530131761577,0.01315186440499342,True,-20.0,9.370172633784493,0.013873810556198329,True,-1403.6507496881502,-8.466666666666667,-0.3348756218905472,75.84194936524618
2022-12-05,13.93,14.35,13.38,13.6,1432042.28,,AVAXUSDT_daily,CRYPTO,BINANCE,USDT,1,1,1,13.6,13.6,13.6,0.5007665177276306,704,0.0,0.5,1,20.0,52.75343034917734,0.0024642947224384104,True,20.0,28.658956406076005,0.004536103763095806,True,-20.0,20.414155056810994,0.006368130331048245,True,-20.0,10.91533102180899,0.011909854107058972,True,-20.0,9.884530131761577,0.01315186440499342,True,-20.0,9.370172633784493,0.013873810556198329,True,-1446.6015911239954,-8.466666666666667,0.20057430007178784,76.04252366531797
2022-12-06,13.6,13.69,13.45,13.67,800288.63,,AVAXUSDT_daily,CRYPTO,BINANCE,USDT,1,1,1,13.67,13.67,13.67,0.5282331522839022,705,0.0,0.5,1,20.0,52.75343034917734,0.0024642947224384104,True,20.0,28.658956406076005,0.004536103763095806,True,-20.0,20.414155056810994,0.006368130331048245,True,-20.0,10.91533102180899,0.011909854107058972,True,-20.0,9.884530131761577,0.01315186440499342,True,-20.0,9.370172633784493,0.013873810556198329,True,-1437.3669893576011,-8.466666666666667,-0.04357843137254887,75.99894523394542
2022-12-07,13.68,13.7,13.0,13.28,1097954.06,,AVAXUSDT_daily,CRYPTO,BINANCE,USDT,1,1,1,13.28,13.28,13.28,0.533406135395017,706,0.0,0.5,1,-1.9867512853239078,52.75343034917734,0.0024642947224384104,True,20.0,28.658956406076005,0.004536103763095806,True,-20.0,20.414155056810994,0.006368130331048245,True,-20.0,10.91533102180899,0.011909854107058972,True,-20.0,9.884530131761577,0.01315186440499342,True,-20.0,9.370172633784493,0.013873810556198329,True,-1490.9472023295987,-13.120529022060225,0.2415508412582301,76.24049607520365
2022-12-08,13.28,13.55,13.06,13.42,894124.36,,AVAXUSDT_daily,CRYPTO,BINANCE,USDT,1,1,1,13.42,13.42,13.42,0.5433221396025621,707,0.0,0.5,1,8.020558164271801,52.75343034917734,0.0024642947224384104,True,20.0,28.658956406076005,0.004536103763095806,True,-20.0,20.414155056810994,0.006368130331048245,True,-20.0,10.91533102180899,0.011909854107058972,True,-20.0,9.884530131761577,0.01315186440499342,True,-20.0,9.370172633784493,0.013873810556198329,True,-1471.5819835938728,-11.002315188562468,-0.13831883005184145,76.10217724515181
2022-12-09,13.41,13.63,13.36,13.46,726329.12,,AVAXUSDT_daily,CRYPTO,BINANCE,USDT,1,1,1,13.46,13.46,13.46,0.5532666150982728,708,0.0,0.5,1,20.0,52.75343034917734,0.0024642947224384104,True,20.0,28.658956406076005,0.004536103763095806,True,-20.0,20.414155056810994,0.006368130331048245,True,-20.0,10.91533102180899,0.011909854107058972,True,-20.0,9.884530131761577,0.01315186440499342,True,-20.0,9.370172633784493,0.013873810556198329,True,-1465.9644115836381,-8.466666666666667,-0.032793785956968934,76.06938345919484
2022-12-10,13.46,14.06,13.34,13.49,507889.21,,AVAXUSDT_daily,CRYPTO,BINANCE,USDT,1,1,1,13.49,13.49,13.49,0.5279540949075548,709,0.0,0.5,1,20.0,52.75343034917734,0.0024642947224384104,True,20.0,28.658956406076005,0.004536103763095806,True,-20.0,20.414155056810994,0.006368130331048245,True,-20.0,10.91533102180899,0.011909854107058972,True,-20.0,9.884530131761577,0.01315186440499342,True,-20.0,9.370172633784493,0.013873810556198329,True,-1461.6842884696603,-8.466666666666667,-0.018870728083209443,76.05051273111162
2022-12-11,13.49,13.5,12.92,12.98,611673.63,,AVAXUSDT_daily,CRYPTO,BINANCE,USDT,1,1,1,12.98,12.98,12.98,0.4394071963730003,710,0.0,0.5,1,-20.0,52.75343034917734,0.0024642947224384104,True,-20.0,28.658956406076005,0.004536103763095806,True,-20.0,20.414155056810994,0.006368130331048245,True,-20.0,10.91533102180899,0.011909854107058972,True,-20.0,9.884530131761577,0.01315186440499342,True,-20.0,9.370172633784493,0.013873810556198329,True,-1537.6096667453123,-20.0,0.32008895478131955,76.37060168589295
2022-12-12,12.98,13.06,12.52,13.0,1072315.11,,AVAXUSDT_daily,CRYPTO,BINANCE,USDT,1,1,1,13.0,13.0,13.0,0.4020588461945853,711,0.0,0.5,1,-20.0,52.75343034917734,0.0024642947224384104,True,-20.0,28.658956406076005,0.004536103763095806,True,-20.0,20.414155056810994,0.006368130331048245,True,-20.0,10.91533102180899,0.011909854107058972,True,-20.0,9.884530131761577,0.01315186440499342,True,-20.0,9.370172633784493,0.013873810556198329,True,-1534.5839045358996,-20.0,-0.030816640986133237,76.33978504490682
2022-12-13,13.01,14.4,12.55,13.76,3034773.16,,AVAXUSDT_daily,CRYPTO,BINANCE,USDT,1,1,1,13.76,13.76,13.76,0.42260937545724975,712,0.0,0.5,1,20.0,52.75343034917734,0.0024642947224384104,True,20.0,28.658956406076005,0.004536103763095806,True,-20.0,20.414155056810994,0.006368130331048245,True,-20.0,10.91533102180899,0.011909854107058972,True,-20.0,9.884530131761577,0.01315186440499342,True,-20.0,9.370172633784493,0.013873810556198329,True,-1428.0173443542928,-8.466666666666667,-1.1692307692307669,75.17055427567605
2022-12-14,13.76,14.19,13.56,13.71,1646728.29,,AVAXUSDT_daily,CRYPTO,BINANCE,USDT,1,1,1,13.71,13.71,13.71,0.43321897952924326,713,0.0,0.5,1,20.0,52.75343034917734,0.0024642947224384104,True,20.0,28.658956406076005,0.004536103763095806,True,-20.0,20.414155056810994,0.006368130331048245,True,-20.0,10.91533102180899,0.011909854107058972,True,-20.0,9.884530131761577,0.01315186440499342,True,-20.0,9.370172633784493,0.013873810556198329,True,-1435.1785154877896,-8.466666666666667,0.03076550387596858,75.20131977955202
2022-12-15,13.71,13.89,13.06,13.17,1230073.86,,AVAXUSDT_daily,CRYPTO,BINANCE,USDT,1,1,1,13.17,13.17,13.17,0.42248762051391897,714,0.0,0.5,1,-20.0,52.75343034917734,0.0024642947224384104,True,-20.0,28.658956406076005,0.004536103763095806,True,-20.0,20.414155056810994,0.006368130331048245,True,-20.0,10.91533102180899,0.011909854107058972,True,-20.0,9.884530131761577,0.01315186440499342,True,-20.0,9.370172633784493,0.013873810556198329,True,-1515.7527275898747,-20.0,0.3334792122538299,75.53479899180586
2022-12-16,13.17,13.29,11.59,11.84,1740839.24,,AVAXUSDT_daily,CRYPTO,BINANCE,USDT,1,1,1,11.84,11.84,11.84,0.5191126031514556,715,0.0,0.5,1,-20.0,52.75343034917734,0.0024642947224384104,True,-20.0,28.658956406076005,0.004536103763095806,True,-20.0,20.414155056810994,0.006368130331048245,True,-20.0,10.91533102180899,0.011909854107058972,True,-20.0,9.884530131761577,0.01315186440499342,True,-20.0,9.370172633784493,0.013873810556198329,True,-1720.7590374563158,-20.0,2.019741837509492,77.55454082931534
2022-12-17,11.84,11.99,11.52,11.95,853841.63,,AVAXUSDT_daily,CRYPTO,BINANCE,USDT,1,1,1,11.95,11.95,11.95,0.5865373412199999,716,0.0,0.5,1,-20.0,52.75343034917734,0.0024642947224384104,True,-20.0,28.658956406076005,0.004536103763095806,True,-20.0,20.414155056810994,0.006368130331048245,True,-20.0,10.91533102180899,0.011909854107058972,True,-20.0,9.884530131761577,0.01315186440499342,True,-20.0,9.370172633784493,0.013873810556198329,True,-1703.6856635950649,-20.0,-0.1858108108108114,77.36873001850454
2022-12-18,11.96,12.03,11.79,11.93,640622.87,,AVAXUSDT_daily,CRYPTO,BINANCE,USDT,1,1,1,11.93,11.93,11.93,0.6296320981027105,717,0.0,0.5,1,-20.0,52.75343034917734,0.0024642947224384104,True,-20.0,28.658956406076005,0.004536103763095806,True,-20.0,20.414155056810994,0.006368130331048245,True,-20.0,10.91533102180899,0.011909854107058972,True,-20.0,9.884530131761577,0.01315186440499342,True,-20.0,9.370172633784493,0.013873810556198329,True,-1706.8520741872742,-20.0,0.033472803347278646,77.40220282185182
2022-12-19,11.93,12.1,11.15,11.39,991190.79,,AVAXUSDT_daily,CRYPTO,BINANCE,USDT,1,1,1,11.39,11.39,11.39,0.7282168199485431,718,0.0,0.5,1,-20.0,52.75343034917734,0.0024642947224384104,True,-20.0,28.658956406076005,0.004536103763095806,True,-20.0,20.414155056810994,0.006368130331048245,True,-20.0,10.91533102180899,0.011909854107058972,True,-20.0,9.884530131761577,0.01315186440499342,True,-20.0,9.370172633784493,0.013873810556198329,True,-1796.7529926324876,-20.0,0.9052808046940464,78.30748362654586
2022-12-20,11.4,12.05,11.34,11.95,1211409.88,,AVAXUSDT_daily,CRYPTO,BINANCE,USDT,1,1,1,11.95,11.95,11.95,0.770403004594063,719,0.0,0.5,1,-20.0,52.75343034917734,0.0024642947224384104,True,-20.0,28.658956406076005,0.004536103763095806,True,-20.0,20.414155056810994,0.006368130331048245,True,-20.0,10.91533102180899,0.011909854107058972,True,-20.0,9.884530131761577,0.01315186440499342,True,-20.0,9.370172633784493,0.013873810556198329,True,-1708.9571499758404,-20.0,-0.9833187006145705,77.32416492593129
2022-12-21,11.95,11.98,11.62,11.71,551520.66,,AVAXUSDT_daily,CRYPTO,BINANCE,USDT,1,1,1,11.71,11.71,11.71,0.8242693734537802,720,0.0,0.5,1,-20.0,52.75343034917734,0.0024642947224384104,True,-20.0,28.658956406076005,0.004536103763095806,True,-20.0,20.414155056810994,0.006368130331048245,True,-20.0,10.91533102180899,0.011909854107058972,True,-20.0,9.884530131761577,0.01315186440499342,True,-20.0,9.370172633784493,0.013873810556198329,True,-1747.9796936842586,-20.0,0.4016736401673615,77.72583856609864
2022-12-22,11.71,11.87,11.45,11.85,624119.17,,AVAXUSDT_daily,CRYPTO,BINANCE,USDT,1,1,1,11.85,11.85,11.85,0.8463698022254621,721,0.0,0.5,1,-20.0,52.75343034917734,0.0024642947224384104,True,-20.0,28.658956406076005,0.004536103763095806,True,-20.0,20.414155056810994,0.006368130331048245,True,-20.0,10.91533102180899,0.011909854107058972,True,-20.0,9.884530131761577,0.01315186440499342,True,-20.0,9.370172633784493,0.013873810556198329,True,-1725.1449072951018,-20.0,-0.23911187019641122,77.48672669590223
2022-12-23,11.85,11.89,11.67,11.79,503382.85,,AVAXUSDT_daily,CRYPTO,BINANCE,USDT,1,1,1,11.79,11.79,11.79,0.869993345415097,722,0.0,0.5,1,-20.0,52.75343034917734,0.0024642947224384104,True,-20.0,28.658956406076005,0.004536103763095806,True,-20.0,20.414155056810994,0.006368130331048245,True,-20.0,10.91533102180899,0.011909854107058972,True,-20.0,9.884530131761577,0.01315186440499342,True,-20.0,9.370172633784493,0.013873810556198329,True,-1735.1583319508056,-20.0,0.10126582278481067,77.58799251868705
2022-12-24,11.79,11.83,11.64,11.67,345957.08,,AVAXUSDT_daily,CRYPTO,BINANCE,USDT,1,1,1,11.67,11.67,11.67,0.8614058277106925,723,0.0,0.5,1,-20.0,52.75343034917734,0.0024642947224384104,True,-20.0,28.658956406076005,0.004536103763095806,True,-20.0,20.414155056810994,0.006368130331048245,True,-20.0,10.91533102180899,0.011909854107058972,True,-20.0,9.884530131761577,0.01315186440499342,True,-20.0,9.370172633784493,0.013873810556198329,True,-1755.7449430973588,-20.0,0.20356234096692072,77.79155485965397
2022-12-25,11.68,11.74,11.51,11.68,630940.44,,AVAXUSDT_daily,CRYPTO,BINANCE,USDT,1,1,1,11.68,11.68,11.68,0.8605842568696322,724,0.0,0.5,1,-20.0,52.75343034917734,0.0024642947224384104,True,-20.0,28.658956406076005,0.004536103763095806,True,-20.0,20.414155056810994,0.006368130331048245,True,-20.0,10.91533102180899,0.011909854107058972,True,-20.0,9.884530131761577,0.01315186440499342,True,-20.0,9.370172633784493,0.013873810556198329,True,-1754.0014120761025,-20.0,-0.01713796058269157,77.77441689907128
2022-12-26,11.69,11.78,11.57,11.71,656385.55,,AVAXUSDT_daily,CRYPTO,BINANCE,USDT,1,1,1,11.71,11.71,11.71,0.8419219866430198,725,0.0,0.5,1,-20.0,52.75343034917734,0.0024642947224384104,True,-20.0,28.658956406076005,0.004536103763095806,True,-20.0,20.414155056810994,0.006368130331048245,True,-20.0,10.91533102180899,0.011909854107058972,True,-20.0,9.884530131761577,0.01315186440499342,True,-20.0,9.370172633784493,0.013873810556198329,True,-1748.6969329859028,-20.0,-0.05136986301370161,77.72304703605758
2022-12-27,11.72,11.8,11.53,11.64,843496.11,,AVAXUSDT_daily,CRYPTO,BINANCE,USDT,1,1,1,11.64,11.64,11.64,0.8404854487066878,726,0.0,0.5,1,-20.0,52.75343034917734,0.0024642947224384104,True,-20.0,28.658956406076005,0.004536103763095806,True,-20.0,20.414155056810994,0.006368130331048245,True,-20.0,10.91533102180899,0.011909854107058972,True,-20.0,9.884530131761577,0.01315186440499342,True,-20.0,9.370172633784493,0.013873810556198329,True,-1761.3614459830796,-20.0,0.11955593509820783,77.84260297115578
2022-12-28,11.64,11.68,11.09,11.21,964246.13,,AVAXUSDT_daily,CRYPTO,BINANCE,USDT,1,1,1,11.21,11.21,11.21,0.8452808627054826,727,0.0,0.5,1,-20.0,52.75343034917734,0.0024642947224384104,True,-20.0,28.658956406076005,0.004536103763095806,True,-20.0,20.414155056810994,0.006368130331048245,True,-20.0,10.91533102180899,0.011909854107058972,True,-20.0,9.884530131761577,0.01315186440499342,True,-20.0,9.370172633784493,0.013873810556198329,True,-1842.4338092031687,-20.0,0.7388316151202745,78.58143458627606
2022-12-29,11.22,11.22,10.61,10.98,1028379.841,,AVAXUSDT_daily,CRYPTO,BINANCE,USDT,1,1,1,10.98,10.98,10.98,0.8472088849574738,728,0.0,0.5,1,-20.0,52.75343034917734,0.0024642947224384104,True,-20.0,28.658956406076005,0.004536103763095806,True,-20.0,20.414155056810994,0.006368130331048245,True,-20.0,10.91533102180899,0.011909854107058972,True,-20.0,9.884530131761577,0.01315186440499342,True,-20.0,9.370172633784493,0.013873810556198329,True,-1887.3386575571442,-20.0,0.41034790365744866,78.99178248993351
2022-12-30,10.98,10.99,10.54,10.87,1037690.22,,AVAXUSDT_daily,CRYPTO,BINANCE,USDT,1,1,1,10.87,10.87,10.87,0.8349123811661892,729,0.0,0.5,1,-20.0,52.75343034917734,0.0024642947224384104,True,-20.0,28.658956406076005,0.004536103763095806,True,-20.0,20.414155056810994,0.006368130331048245,True,-20.0,10.91533102180899,0.011909854107058972,True,-20.0,9.884530131761577,0.01315186440499342,True,-20.0,9.370172633784493,0.013873810556198329,True,-1909.3917659577492,-20.0,0.20036429872495765,79.19214678865848
2022-12-31,10.87,11.08,10.84,10.9,444155.56,,AVAXUSDT_daily,CRYPTO,BINANCE,USDT,1,1,1,10.9,10.9,10.9,0.8411175210543508,730,0.0,0.5,1,-20.0,52.75343034917734,0.0024642947224384104,True,-20.0,28.658956406076005,0.004536103763095806,True,-20.0,20.414155056810994,0.006368130331048245,True,-20.0,10.91533102180899,0.011909854107058972,True,-20.0,9.884530131761577,0.01315186440499342,True,-20.0,9.370172633784493,0.013873810556198329,True,-1903.303910496162,-20.0,-0.05519779208831732,79.13694899657015
2023-01-01,10.9,10.94,10.64,10.87,855821.06,,AVAXUSDT_daily,CRYPTO,BINANCE,USDT,1,1,1,10.87,10.87,10.87,0.8340572995672896,731,0.0,0.5,1,-20.0,52.75343034917734,0.0024642947224384104,True,-20.0,28.658956406076005,0.004536103763095806,True,-20.0,20.414155056810994,0.006368130331048245,True,-20.0,10.91533102180899,0.011909854107058972,True,-20.0,9.884530131761577,0.01315186440499342,True,-20.0,9.370172633784493,0.013873810556198329,True,-1909.5062809505534,-20.0,0.055045871559635806,79.1919948681298
2023-01-02,10.87,11.27,10.7,11.16,989618.96,,AVAXUSDT_daily,CRYPTO,BINANCE,USDT,1,1,1,11.16,11.16,11.16,0.7107512704421913,732,0.0,0.5,1,-20.0,52.75343034917734,0.0024642947224384104,True,-20.0,28.658956406076005,0.004536103763095806,True,-20.0,20.414155056810994,0.006368130331048245,True,-20.0,10.91533102180899,0.011909854107058972,True,-20.0,9.884530131761577,0.01315186440499342,True,-20.0,9.370172633784493,0.013873810556198329,True,-1851.1397043002876,-20.0,-0.5335786568537282,78.65841621127606
2023-01-03,11.16,11.56,11.06,11.38,1149421.99,,AVAXUSDT_daily,CRYPTO,BINANCE,USDT,1,1,1,11.38,11.38,11.38,0.5323421436528349,733,0.0,0.5,1,20.0,52.75343034917734,0.0024642947224384104,True,-20.0,28.658956406076005,0.004536103763095806,True,-20.0,20.414155056810994,0.006368130331048245,True,-20.0,10.91533102180899,0.011909854107058972,True,-20.0,9.884530131761577,0.01315186440499342,True,-20.0,9.370172633784493,0.013873810556198329,True,-1807.4090071626385,-16.933333333333334,-0.394265232974913,78.26415097830115
2023-01-04,11.38,12.3,11.34,12.08,1889080.62,,AVAXUSDT_daily,CRYPTO,BINANCE,USDT,1,1,1,12.08,12.08,12.08,0.4008097068021193,734,0.0,0.5,1,20.0,52.75343034917734,0.0024642947224384104,True,-17.55552179489619,28.658956406076005,0.004536103763095806,True,-20.0,20.414155056810994,0.006368130331048245,True,-20.0,10.91533102180899,0.011909854107058972,True,-20.0,9.884530131761577,0.01315186440499342,True,-20.0,9.370172633784493,0.013873810556198329,True,-1681.8984693225755,-16.415918779919696,-1.041593438781486,77.22255753951966
2023-01-05,12.09,12.17,11.67,11.74,1194570.76,,AVAXUSDT_daily,CRYPTO,BINANCE,USDT,1,1,1,11.74,11.74,11.74,0.3973212938422581,735,0.0,0.5,1,20.0,52.75343034917734,0.0024642947224384104,True,20.0,28.658956406076005,0.004536103763095806,True,-20.0,20.414155056810994,0.006368130331048245,True,-20.0,10.91533102180899,0.011909854107058972,True,-20.0,9.884530131761577,0.01315186440499342,True,-20.0,9.370172633784493,0.013873810556198329,True,-1744.950155803112,-8.466666666666667,0.4620374491036997,77.68459498862336
2023-01-06,11.74,11.82,11.36,11.78,1216666.03,,AVAXUSDT_daily,CRYPTO,BINANCE,USDT,1,1,1,11.78,11.78,11.78,0.38944596275851767,736,0.0,0.5,1,20.0,52.75343034917734,0.0024642947224384104,True,20.0,28.658956406076005,0.004536103763095806,True,-20.0,20.414155056810994,0.006368130331048245,True,-20.0,10.91533102180899,0.011909854107058972,True,-20.0,9.884530131761577,0.01315186440499342,True,-20.0,9.370172633784493,0.013873810556198329,True,-1737.4372256465329,-8.466666666666667,-0.028847245883021035,77.65574774274035
2023-01-07,11.79,11.87,11.65,11.75,508959.94,,AVAXUSDT_daily,CRYPTO,BINANCE,USDT,1,1,1,11.75,11.75,11.75,0.3813338777632576,737,0.0,0.5,1,20.0,52.75343034917734,0.0024642947224384104,True,20.0,28.658956406076005,0.004536103763095806,True,-20.0,20.414155056810994,0.006368130331048245,True,-20.0,10.91533102180899,0.011909854107058972,True,-20.0,9.884530131761577,0.01315186440499342,True,-20.0,9.370172633784493,0.013873810556198329,True,-1743.1781244698057,-8.466666666666667,0.021561969439728088,77.67730971218008
2023-01-08,11.75,12.16,11.58,12.09,981816.74,,AVAXUSDT_daily,CRYPTO,BINANCE,USDT,1,1,1,12.09,12.09,12.09,0.4017524113358462,738,0.0,0.5,1,20.0,52.75343034917734,0.0024642947224384104,True,20.0,28.658956406076005,0.004536103763095806,True,-20.0,20.414155056810994,0.006368130331048245,True,-20.0,10.91533102180899,0.011909854107058972,True,-20.0,9.884530131761577,0.01315186440499342,True,-20.0,9.370172633784493,0.013873810556198329,True,-1679.767644174759,-8.466666666666667,-0.2449929078014184,77.43231680437866
2023-01-09,12.09,12.65,12.08,12.19,2600007.21,,AVAXUSDT_daily,CRYPTO,BINANCE,USDT,1,1,1,12.19,12.19,12.19,0.41788785956528984,739,0.0,0.5,1,20.0,52.75343034917734,0.0024642947224384104,True,20.0,28.658956406076005,0.004536103763095806,True,-20.0,20.414155056810994,0.006368130331048245,True,-20.0,10.91533102180899,0.011909854107058972,True,-20.0,9.884530131761577,0.01315186440499342,True,-20.0,9.370172633784493,0.013873810556198329,True,-1660.9886675771904,-8.466666666666667,-0.07003032809484488,77.36228647628381
2023-01-10,12.19,12.95,12.02,12.73,1873010.99,,AVAXUSDT_daily,CRYPTO,BINANCE,USDT,1,1,1,12.73,12.73,12.73,0.49351878331816224,740,0.0,0.5,1,20.0,52.75343034917734,0.0024642947224384104,True,20.0,28.658956406076005,0.004536103763095806,True,-20.0,20.414155056810994,0.006368130331048245,True,-20.0,10.91533102180899,0.011909854107058972,True,-20.0,9.884530131761577,0.01315186440499342,True,-20.0,9.370172633784493,0.013873810556198329,True,-1565.0864301298232,-8.466666666666667,-0.37506152584085317,76.98722495044296
2023-01-11,12.73,16.04,12.25,15.86,9296759.42,,AVAXUSDT_daily,CRYPTO,BINANCE,USDT,1,1,1,15.86,15.86,15.86,1.0731331403214708,741,0.0,0.5,1,20.0,52.75343034917734,0.0024642947224384104,True,20.0,28.658956406076005,0.004536103763095806,True,20.0,20.414155056810994,0.006368130331048245,True,-20.0,10.91533102180899,0.011909854107058972,True,-20.0,9.884530131761577,0.01315186440499342,True,-20.0,9.370172633784493,0.013873810556198329,True,-1276.6066580611862,0.0,-2.081749148991881,74.90547580145109
2023-01-12,15.86,16.5,14.65,15.43,8264385.87,,AVAXUSDT_daily,CRYPTO,BINANCE,USDT,1,1,1,15.43,15.43,15.43,1.3448905257789094,742,0.0,0.5,1,20.0,52.75343034917734,0.0024642947224384104,True,20.0,28.658956406076005,0.004536103763095806,True,20.0,20.414155056810994,0.006368130331048245,True,-20.0,10.91533102180899,0.011909854107058972,True,-20.0,9.884530131761577,0.01315186440499342,True,-20.0,9.370172633784493,0.013873810556198329,True,-1317.7993524158146,0.0,-0.0,74.90547580145109
2023-01-13,15.44,16.6,14.95,15.96,5273534.1,,AVAXUSDT_daily,CRYPTO,BINANCE,USDT,1,1,1,15.96,15.96,15.96,1.6081780308664242,743,0.0,0.5,1,20.0,52.75343034917734,0.0024642947224384104,True,20.0,28.658956406076005,0.004536103763095806,True,20.0,20.414155056810994,0.006368130331048245,True,-20.0,10.91533102180899,0.011909854107058972,True,-20.0,9.884530131761577,0.01315186440499342,True,-20.0,9.370172633784493,0.013873810556198329,True,-1267.7547399561674,0.0,0.0,74.90547580145109
2023-01-14,15.97,18.54,15.79,16.94,10287102.04,,AVAXUSDT_daily,CRYPTO,BINANCE,USDT,1,1,1,16.94,16.94,16.94,1.918703715372025,744,0.0,0.5,1,20.0,52.75343034917734,0.0024642947224384104,True,20.0,28.658956406076005,0.004536103763095806,True,20.0,20.414155056810994,0.006368130331048245,True,-20.0,10.91533102180899,0.011909854107058972,True,-20.0,9.884530131761577,0.01315186440499342,True,-20.0,9.370172633784493,0.013873810556198329,True,-1179.6279570890779,0.0,0.0,74.90547580145109
2023-01-15,16.93,17.2,16.0,16.8,4678970.49,,AVAXUSDT_daily,CRYPTO,BINANCE,USDT,1,1,1,16.8,16.8,16.8,2.1384834764293394,745,0.0,0.5,1,20.0,52.75343034917734,0.0024642947224384104,True,20.0,28.658956406076005,0.004536103763095806,True,20.0,20.414155056810994,0.006368130331048245,True,20.0,10.91533102180899,0.011909854107058972,True,-20.0,9.884530131761577,0.01315186440499342,True,-20.0,9.370172633784493,0.013873810556198329,True,-1192.5343850254512,8.466666666666667,-0.0,74.90547580145109
2023-01-16,16.79,17.34,16.06,16.74,3928124.39,,AVAXUSDT_daily,CRYPTO,BINANCE,USDT,1,1,1,16.74,16.74,16.74,2.3010640559288174,746,0.0,0.5,1,20.0,52.75343034917734,0.0024642947224384104,True,20.0,28.658956406076005,0.004536103763095806,True,20.0,20.414155056810994,0.006368130331048245,True,20.0,10.91533102180899,0.011909854107058972,True,-20.0,9.884530131761577,0.01315186440499342,True,-20.0,9.370172633784493,0.013873810556198329,True,-1198.1861561217681,8.466666666666667,-0.03023809523809607,74.875237706213
2023-01-17,16.74,18.21,16.53,17.12,4359330.19,,AVAXUSDT_daily,CRYPTO,BINANCE,USDT,1,1,1,17.12,17.12,17.12,2.438140523132363,747,0.0,0.5,1,20.0,52.75343034917734,0.0024642947224384104,True,20.0,28.658956406076005,0.004536103763095806,True,20.0,20.414155056810994,0.006368130331048245,True,20.0,10.91533102180899,0.011909854107058972,True,-20.0,9.884530131761577,0.01315186440499342,True,-20.0,9.370172633784493,0.013873810556198329,True,-1162.473409197501,8.466666666666667,0.19219434488251905,75.06743205109552
2023-01-18,17.13,17.41,15.5,15.82,4109688.2,,AVAXUSDT_daily,CRYPTO,BINANCE,USDT,1,1,1,15.82,15.82,15.82,2.4392373160937657,748,0.0,0.5,1,20.0,52.75343034917734,0.0024642947224384104,True,20.0,28.658956406076005,0.004536103763095806,True,20.0,20.414155056810994,0.006368130331048245,True,20.0,10.91533102180899,0.011909854107058972,True,-20.0,9.884530131761577,0.01315186440499342,True,-20.0,9.370172633784493,0.013873810556198329,True,-1290.8689334413639,8.466666666666667,-0.6429127725856705,74.42451927850985
2023-01-19,15.81,16.3,15.7,16.19,2010163.26,,AVAXUSDT_daily,CRYPTO,BINANCE,USDT,1,1,1,16.19,16.19,16.19,2.426173671488557,749,0.0,0.5,1,20.0,52.75343034917734,0.0024642947224384104,True,20.0,28.658956406076005,0.004536103763095806,True,20.0,20.414155056810994,0.006368130331048245,True,20.0,10.91533102180899,0.011909854107058972,True,-20.0,9.884530131761577,0.01315186440499342,True,-20.0,9.370172633784493,0.013873810556198329,True,-1254.4517814887008,8.466666666666667,0.19801938474504918,74.6225386632549
2023-01-20,16.19,17.57,15.86,17.48,3086123.26,,AVAXUSDT_daily,CRYPTO,BINANCE,USDT,1,1,1,17.48,17.48,17.48,2.4614597188217595,750,0.0,0.5,1,20.0,52.75343034917734,0.0024642947224384104,True,20.0,28.658956406076005,0.004536103763095806,True,20.0,20.414155056810994,0.006368130331048245,True,20.0,10.91533102180899,0.011909854107058972,True,-20.0,9.884530131761577,0.01315186440499342,True,-20.0,9.370172633784493,0.013873810556198329,True,-1137.5466383265548,8.466666666666667,0.674613959234095,75.297152622489
2023-01-21,17.49,17.76,16.83,16.88,3798234.96,,AVAXUSDT_daily,CRYPTO,BINANCE,USDT,1,1,1,16.88,16.88,16.88,2.4120343019322563,751,0.0,0.5,1,20.0,52.75343034917734,0.0024642947224384104,True,20.0,28.658956406076005,0.004536103763095806,True,20.0,20.414155056810994,0.006368130331048245,True,20.0,10.91533102180899,0.011909854107058972,True,-20.0,9.884530131761577,0.01315186440499342,True,-20.0,9.370172633784493,0.013873810556198329,True,-1194.1710093816764,8.466666666666667,-0.29061784897025267,75.00653477351874
2023-01-22,16.87,18.45,16.79,17.34,4196670.88,,AVAXUSDT_daily,CRYPTO,BINANCE,USDT,1,1,1,17.34,17.34,17.34,2.3697934620226153,752,0.0,0.5,1,20.0,52.75343034917734,0.0024642947224384104,True,20.0,28.658956406076005,0.004536103763095806,True,20.0,20.414155056810994,0.006368130331048245,True,20.0,10.91533102180899,0.011909854107058972,True,-20.0,9.884530131761577,0.01315186440499342,True,-20.0,9.370172633784493,0.013873810556198329,True,-1151.095545571606,8.466666666666667,0.23072669826224357,75.23726147178098
2023-01-23,17.34,18.32,17.21,17.97,3276110.41,,AVAXUSDT_daily,CRYPTO,BINANCE,USDT,1,1,1,17.97,17.97,17.97,2.339634418138827,753,0.0,0.5,1,20.0,52.75343034917734,0.0024642947224384104,True,20.0,28.658956406076005,0.004536103763095806,True,20.0,20.414155056810994,0.006368130331048245,True,20.0,10.91533102180899,0.011909854107058972,True,-20.0,9.884530131761577,0.01315186440499342,True,-20.0,9.370172633784493,0.013873810556198329,True,-1093.193246097485,8.466666666666667,0.30761245674740484,75.54487392852839
2023-01-24,17.97,18.97,16.75,17.0,3499087.1,,AVAXUSDT_daily,CRYPTO,BINANCE,USDT,1,1,1,17.0,17.0,17.0,2.2691210331693057,754,0.0,0.5,1,20.0,52.75343034917734,0.0024642947224384104,True,20.0,28.658956406076005,0.004536103763095806,True,20.0,20.414155056810994,0.006368130331048245,True,20.0,10.91533102180899,0.011909854107058972,True,-20.0,9.884530131761577,0.01315186440499342,True,-20.0,9.370172633784493,0.013873810556198329,True,-1186.472422070322,8.466666666666667,-0.4570209608606935,75.0878529676677
2023-01-25,16.99,18.27,16.52,17.79,2663219.54,,AVAXUSDT_daily,CRYPTO,BINANCE,USDT,1,1,1,17.79,17.79,17.79,2.17207904286065,755,0.0,0.5,1,20.0,52.75343034917734,0.0024642947224384104,True,20.0,28.658956406076005,0.004536103763095806,True,20.0,20.414155056810994,0.006368130331048245,True,20.0,10.91533102180899,0.011909854107058972,True,-20.0,9.884530131761577,0.01315186440499342,True,-20.0,9.370172633784493,0.013873810556198329,True,-1112.9845310809326,8.466666666666667,0.3934509803921562,75.48130394805986
2023-01-26,17.8,18.8,17.78,18.08,3441891.58,,AVAXUSDT_daily,CRYPTO,BINANCE,USDT,1,1,1,18.08,18.08,18.08,2.042989553522679,756,0.0,0.5,1,20.0,52.75343034917734,0.0024642947224384104,True,20.0,28.658956406076005,0.004536103763095806,True,20.0,20.414155056810994,0.006368130331048245,True,20.0,10.91533102180899,0.011909854107058972,True,-20.0,9.884530131761577,0.01315186440499342,True,-20.0,9.370172633784493,0.013873810556198329,True,-1085.9091629703125,8.466666666666667,0.13801761289113681,75.619321560951
2023-01-27,18.09,21.67,17.45,21.2,4903029.78,,AVAXUSDT_daily,CRYPTO,BINANCE,USDT,1,1,1,21.2,21.2,21.2,2.1219838657089314,757,0.0,0.5,1,20.0,52.75343034917734,0.0024642947224384104,True,20.0,28.658956406076005,0.004536103763095806,True,20.0,20.414155056810994,0.006368130331048245,True,20.0,10.91533102180899,0.011909854107058972,True,-20.0,9.884530131761577,0.01315186440499342,True,-20.0,9.370172633784493,0.013873810556198329,True,-866.4901973807292,8.466666666666667,1.4610619469026562,77.08038350785365
2023-01-28,21.19,21.81,20.05,20.54,4474456.15,,AVAXUSDT_daily,CRYPTO,BINANCE,USDT,1,1,1,20.54,20.54,20.54,2.063165937151851,758,0.0,0.5,1,20.0,52.75343034917734,0.0024642947224384104,True,20.0,28.658956406076005,0.004536103763095806,True,20.0,20.414155056810994,0.006368130331048245,True,20.0,10.91533102180899,0.011909854107058972,True,-20.0,9.884530131761577,0.01315186440499342,True,-20.0,9.370172633784493,0.013873810556198329,True,-914.7052954749571,8.466666666666667,-0.2635849056603778,76.81679860219327
2023-01-29,20.54,21.17,20.08,20.99,2599913.75,,AVAXUSDT_daily,CRYPTO,BINANCE,USDT,1,1,1,20.99,20.99,20.99,1.963557727030577,759,0.0,0.5,1,20.0,52.75343034917734,0.0024642947224384104,True,20.0,28.658956406076005,0.004536103763095806,True,20.0,20.414155056810994,0.006368130331048245,True,20.0,10.91533102180899,0.011909854107058972,True,-20.0,9.884530131761577,0.01315186440499342,True,-20.0,9.370172633784493,0.013873810556198329,True,-881.8576682746711,8.466666666666667,0.18549172346640758,77.00229032565969
2023-01-30,20.99,21.31,19.25,19.74,4917486.44,,AVAXUSDT_daily,CRYPTO,BINANCE,USDT,1,1,1,19.74,19.74,19.74,1.7269756802031113,760,0.0,0.5,1,20.0,52.75343034917734,0.0024642947224384104,True,20.0,28.658956406076005,0.004536103763095806,True,20.0,20.414155056810994,0.006368130331048245,True,20.0,10.91533102180899,0.011909854107058972,True,-20.0,9.884530131761577,0.01315186440499342,True,-20.0,9.370172633784493,0.013873810556198329,True,-977.7262707084466,8.466666666666667,-0.5042083531840561,76.49808197247563
2023-01-31,19.73,20.19,19.31,19.8,2564633.38,,AVAXUSDT_daily,CRYPTO,BINANCE,USDT,1,1,1,19.8,19.8,19.8,1.7434674313629972,761,0.0,0.5,1,20.0,52.75343034917734,0.0024642947224384104,True,20.0,28.658956406076005,0.004536103763095806,True,20.0,20.414155056810994,0.006368130331048245,True,20.0,10.91533102180899,0.011909854107058972,True,-20.0,9.884530131761577,0.01315186440499342,True,-20.0,9.370172633784493,0.013873810556198329,True,-973.0456503404124,8.466666666666667,0.025734549138805168,76.52381652161444
2023-02-01,19.8,21.06,18.69,20.95,4614268.07,,AVAXUSDT_daily,CRYPTO,BINANCE,USDT,1,1,1,20.95,20.95,20.95,1.7865116700937975,762,0.0,0.5,1,20.0,52.75343034917734,0.0024642947224384104,True,20.0,28.658956406076005,0.004536103763095806,True,20.0,20.414155056810994,0.006368130331048245,True,20.0,10.91533102180899,0.011909854107058972,True,-20.0,9.884530131761577,0.01315186440499342,True,-20.0,9.370172633784493,0.013873810556198329,True,-887.3802998010838,8.466666666666667,0.4917508417508407,77.01556736336528
2023-02-02,20.95,22.79,20.82,21.21,6298959.25,,AVAXUSDT_daily,CRYPTO,BINANCE,USDT,1,1,1,21.21,21.21,21.21,1.8454350506936428,763,0.0,0.5,1,20.0,52.75343034917734,0.0024642947224384104,True,20.0,28.658956406076005,0.004536103763095806,True,20.0,20.414155056810994,0.006368130331048245,True,20.0,10.91533102180899,0.011909854107058972,True,20.0,9.884530131761577,0.01315186440499342,True,-20.0,9.370172633784493,0.013873810556198329,True,-867.8558776106219,16.933333333333334,0.10507557677008857,77.12064294013537
2023-02-03,21.21,21.96,20.68,21.36,3283902.72,,AVAXUSDT_daily,CRYPTO,BINANCE,USDT,1,1,1,21.36,21.36,21.36,1.9329252442898088,764,0.0,0.5,1,20.0,52.75343034917734,0.0024642947224384104,True,20.0,28.658956406076005,0.004536103763095806,True,20.0,20.414155056810994,0.006368130331048245,True,20.0,10.91533102180899,0.011909854107058972,True,20.0,9.884530131761577,0.01315186440499342,True,-20.0,9.370172633784493,0.013873810556198329,True,-856.4478594314332,16.933333333333334,0.11975483262611825,77.24039777276148
2023-02-04,21.35,21.69,20.84,21.04,2173964.82,,AVAXUSDT_daily,CRYPTO,BINANCE,USDT,1,1,1,21.04,21.04,21.04,1.9631676872936326,765,0.0,0.5,1,20.0,52.75343034917734,0.0024642947224384104,True,20.0,28.658956406076005,0.004536103763095806,True,20.0,20.414155056810994,0.006368130331048245,True,20.0,10.91533102180899,0.011909854107058972,True,20.0,9.884530131761577,0.01315186440499342,True,-20.0,9.370172633784493,0.013873810556198329,True,-881.5056806557873,16.933333333333334,-0.25368289637952623,76.98671487638195
2023-02-05,21.03,21.15,19.71,20.08,2975611.73,,AVAXUSDT_daily,CRYPTO,BINANCE,USDT,1,1,1,20.08,20.08,20.08,1.9237761659961508,766,0.0,0.5,1,-20.0,52.75343034917734,0.0024642947224384104,True,20.0,28.658956406076005,0.004536103763095806,True,20.0,20.414155056810994,0.006368130331048245,True,20.0,10.91533102180899,0.011909854107058972,True,20.0,9.884530131761577,0.01315186440499342,True,-20.0,9.370172633784493,0.013873810556198329,True,-960.0708581222711,8.466666666666667,-0.7726235741444877,76.21409130223746
2023-02-06,20.09,20.43,19.42,19.58,1856607.05,,AVAXUSDT_daily,CRYPTO,BINANCE,USDT,1,1,1,19.58,19.58,19.58,1.8801752437954133,767,0.0,0.5,1,-20.0,52.75343034917734,0.0024642947224384104,True,20.0,28.658956406076005,0.004536103763095806,True,20.0,20.414155056810994,0.006368130331048245,True,20.0,10.91533102180899,0.011909854107058972,True,20.0,9.884530131761577,0.01315186440499342,True,-20.0,9.370172633784493,0.013873810556198329,True,-1002.5396650051454,8.466666666666667,-0.2108233731739706,76.0032679290635
2023-02-07,19.58,21.0,19.51,20.83,2538688.73,,AVAXUSDT_daily,CRYPTO,BINANCE,USDT,1,1,1,20.83,20.83,20.83,1.7565902227153005,768,0.0,0.5,1,20.0,52.75343034917734,0.0024642947224384104,True,20.0,28.658956406076005,0.004536103763095806,True,20.0,20.414155056810994,0.006368130331048245,True,20.0,10.91533102180899,0.011909854107058972,True,20.0,9.884530131761577,0.01315186440499342,True,-20.0,9.370172633784493,0.013873810556198329,True,-902.7233160424944,16.933333333333334,0.5405175348995582,76.54378546396306
2023-02-08,20.83,21.02,19.62,20.11,1760631.93,,AVAXUSDT_daily,CRYPTO,BINANCE,USDT,1,1,1,20.11,20.11,20.11,1.6030013789966833,769,0.0,0.5,1,-20.0,52.75343034917734,0.0024642947224384104,True,20.0,28.658956406076005,0.004536103763095806,True,20.0,20.414155056810994,0.006368130331048245,True,20.0,10.91533102180899,0.011909854107058972,True,20.0,9.884530131761577,0.01315186440499342,True,-20.0,9.370172633784493,0.013873810556198329,True,-962.6259994330151,8.466666666666667,-0.5853096495439263,75.95847581441913
2023-02-09,20.11,20.24,17.44,17.9,3124670.9,,AVAXUSDT_daily,CRYPTO,BINANCE,USDT,1,1,1,17.9,17.9,17.9,1.57771812238335,770,0.0,0.5,1,-20.0,52.75343034917734,0.0024642947224384104,True,-20.0,28.658956406076005,0.004536103763095806,True,20.0,20.414155056810994,0.006368130331048245,True,20.0,10.91533102180899,0.011909854107058972,True,20.0,9.884530131761577,0.01315186440499342,True,-20.0,9.370172633784493,0.013873810556198329,True,-1156.1676048527745,0.0,-0.9304491960881819,75.02802661833095
2023-02-10,17.9,18.24,17.49,17.79,1666736.69,,AVAXUSDT_daily,CRYPTO,BINANCE,USDT,1,1,1,17.79,17.79,17.79,1.5092260128646608,771,0.0,0.5,1,-20.0,52.75343034917734,0.0024642947224384104,True,-20.0,28.658956406076005,0.004536103763095806,True,20.0,20.414155056810994,0.006368130331048245,True,20.0,10.91533102180899,0.011909854107058972,True,20.0,9.884530131761577,0.01315186440499342,True,-20.0,9.370172633784493,0.013873810556198329,True,-1166.057506612034,0.0,-0.0,75.02802661833095
2023-02-11,17.78,18.11,17.66,18.01,937640.27,,AVAXUSDT_daily,CRYPTO,BINANCE,USDT,1,1,1,18.01,18.01,18.01,1.463996962181198,772,0.0,0.5,1,-20.0,52.75343034917734,0.0024642947224384104,True,-20.0,28.658956406076005,0.004536103763095806,True,20.0,20.414155056810994,0.006368130331048245,True,20.0,10.91533102180899,0.011909854107058972,True,20.0,9.884530131761577,0.01315186440499342,True,-20.0,9.370172633784493,0.013873810556198329,True,-1146.1333330571867,0.0,0.0,75.02802661833095
2023-02-12,18.02,18.49,17.52,17.78,2661843.26,,AVAXUSDT_daily,CRYPTO,BINANCE,USDT,1,1,1,17.78,17.78,17.78,1.4756903825924248,773,0.0,0.5,1,-20.0,52.75343034917734,0.0024642947224384104,True,-20.0,28.658956406076005,0.004536103763095806,True,20.0,20.414155056810994,0.006368130331048245,True,20.0,10.91533102180899,0.011909854107058972,True,20.0,9.884530131761577,0.01315186440499342,True,-20.0,9.370172633784493,0.013873810556198329,True,-1167.6310362879472,0.0,-0.0,75.02802661833095
2023-02-13,17.78,17.86,16.84,17.63,1833234.74,,AVAXUSDT_daily,CRYPTO,BINANCE,USDT,1,1,1,17.63,17.63,17.63,1.4233114649746919,774,0.0,0.5,1,-20.0,52.75343034917734,0.0024642947224384104,True,-20.0,28.658956406076005,0.004536103763095806,True,20.0,20.414155056810994,0.006368130331048245,True,20.0,10.91533102180899,0.011909854107058972,True,20.0,9.884530131761577,0.01315186440499342,True,-20.0,9.370172633784493,0.013873810556198329,True,-1182.0458643011173,0.0,-0.0,75.02802661833095
2023-02-14,17.63,18.29,17.11,18.14,2085039.59,,AVAXUSDT_daily,CRYPTO,BINANCE,USDT,1,1,1,18.14,18.14,18.14,1.401606596960855,775,0.0,0.5,1,-20.0,52.75343034917734,0.0024642947224384104,True,-20.0,28.658956406076005,0.004536103763095806,True,20.0,20.414155056810994,0.006368130331048245,True,20.0,10.91533102180899,0.011909854107058972,True,20.0,9.884530131761577,0.01315186440499342,True,-20.0,9.370172633784493,0.013873810556198329,True,-1133.7345086091766,0.0,0.0,75.02802661833095
2023-02-15,18.15,19.96,17.91,19.94,2162105.31,,AVAXUSDT_daily,CRYPTO,BINANCE,USDT,1,1,1,19.94,19.94,19.94,1.353676864190332,776,0.0,0.5,1,20.0,52.75343034917734,0.0024642947224384104,True,-20.0,28.658956406076005,0.004536103763095806,True,20.0,20.414155056810994,0.006368130331048245,True,20.0,10.91533102180899,0.011909854107058972,True,20.0,9.884530131761577,0.01315186440499342,True,-20.0,9.370172633784493,0.013873810556198329,True,-985.0903038742312,8.466666666666667,0.0,75.02802661833095
2023-02-16,19.94,20.39,18.55,18.59,3100356.46,,AVAXUSDT_daily,CRYPTO,BINANCE,USDT,1,1,1,18.59,18.59,18.59,1.3302096194177684,777,0.0,0.5,1,20.0,52.75343034917734,0.0024642947224384104,True,-20.0,28.658956406076005,0.004536103763095806,True,20.0,20.414155056810994,0.006368130331048245,True,20.0,10.91533102180899,0.011909854107058972,True,20.0,9.884530131761577,0.01315186440499342,True,-20.0,9.370172633784493,0.013873810556198329,True,-1102.8466591009415,8.466666666666667,-0.5732196589769318,74.45480695935402
2023-02-17,18.59,19.65,18.48,19.45,1832312.79,,AVAXUSDT_daily,CRYPTO,BINANCE,USDT,1,1,1,19.45,19.45,19.45,1.311894572148875,778,0.0,0.5,1,20.0,52.75343034917734,0.0024642947224384104,True,1.4265338425972163,28.658956406076005,0.004536103763095806,True,20.0,20.414155056810994,0.006368130331048245,True,20.0,10.91533102180899,0.011909854107058972,True,20.0,9.884530131761577,0.01315186440499342,True,-20.0,9.370172633784493,0.013873810556198329,True,-1030.496936897193,13.001949663349746,0.39168011475703746,74.84648707411105
2023-02-18,19.46,20.11,19.29,19.54,2371957.08,,AVAXUSDT_daily,CRYPTO,BINANCE,USDT,1,1,1,19.54,19.54,19.54,1.2671986302208875,779,0.0,0.5,1,20.0,52.75343034917734,0.0024642947224384104,True,20.0,28.658956406076005,0.004536103763095806,True,20.0,20.414155056810994,0.006368130331048245,True,20.0,10.91533102180899,0.011909854107058972,True,20.0,9.884530131761577,0.01315186440499342,True,-20.0,9.370172633784493,0.013873810556198329,True,-1022.8076586436157,16.933333333333334,0.060163263223726636,74.90665033733478
2023-02-19,19.55,20.42,19.26,19.81,2282135.36,,AVAXUSDT_daily,CRYPTO,BINANCE,USDT,1,1,1,19.81,19.81,19.81,1.2680698137895323,780,0.0,0.5,1,20.0,52.75343034917734,0.0024642947224384104,True,20.0,28.658956406076005,0.004536103763095806,True,20.0,20.414155056810994,0.006368130331048245,True,20.0,10.91533102180899,0.011909854107058972,True,20.0,9.884530131761577,0.01315186440499342,True,-20.0,9.370172633784493,0.013873810556198329,True,-999.6071745092368,16.933333333333334,0.23398157625383612,75.14063191358862
2023-02-20,19.8,21.38,19.02,20.82,3948087.09,,AVAXUSDT_daily,CRYPTO,BINANCE,USDT,1,1,1,20.82,20.82,20.82,1.3018068415261193,781,0.0,0.5,1,20.0,52.75343034917734,0.0024642947224384104,True,20.0,28.658956406076005,0.004536103763095806,True,20.0,20.414155056810994,0.006368130331048245,True,20.0,10.91533102180899,0.011909854107058972,True,20.0,9.884530131761577,0.01315186440499342,True,-20.0,9.370172633784493,0.013873810556198329,True,-916.5284409802337,16.933333333333334,0.8633350159851956,76.00396692957382
2023-02-21,20.82,21.66,19.9,20.98,4109262.76,,AVAXUSDT_daily,CRYPTO,BINANCE,USDT,1,1,1,20.98,20.98,20.98,1.3035476895610685,782,0.0,0.5,1,20.0,52.75343034917734,0.0024642947224384104,True,20.0,28.658956406076005,0.004536103763095806,True,20.0,20.414155056810994,0.006368130331048245,True,20.0,10.91533102180899,0.011909854107058972,True,20.0,9.884530131761577,0.01315186440499342,True,-20.0,9.370172633784493,0.013873810556198329,True,-903.2097066992319,16.933333333333334,0.1301312840217737,76.13409821359559
2023-02-22,20.98,21.56,19.58,20.32,5077444.91,,AVAXUSDT_daily,CRYPTO,BINANCE,USDT,1,1,1,20.32,20.32,20.32,1.2575393684376381,783,0.0,0.5,1,20.0,52.75343034917734,0.0024642947224384104,True,20.0,28.658956406076005,0.004536103763095806,True,20.0,20.414155056810994,0.006368130331048245,True,20.0,10.91533102180899,0.011909854107058972,True,20.0,9.884530131761577,0.01315186440499342,True,-20.0,9.370172633784493,0.013873810556198329,True,-960.3468388342949,16.933333333333334,-0.5326978074356526,75.60140040615994
2023-02-23,20.31,20.73,19.52,19.71,2303332.47,,AVAXUSDT_daily,CRYPTO,BINANCE,USDT,1,1,1,19.71,19.71,19.71,1.1797764061184248,784,0.0,0.5,1,3.9222752512636703,52.75343034917734,0.0024642947224384104,True,20.0,28.658956406076005,0.004536103763095806,True,20.0,20.414155056810994,0.006368130331048245,True,20.0,10.91533102180899,0.011909854107058972,True,20.0,9.884530131761577,0.01315186440499342,True,-20.0,9.370172633784493,0.013873810556198329,True,-1015.2917570501418,13.530214928184144,-0.5083333333333324,75.09306707282661
2023-02-24,19.72,19.82,18.03,18.39,2530031.98,,AVAXUSDT_daily,CRYPTO,BINANCE,USDT,1,1,1,18.39,18.39,18.39,1.1341168602239615,785,0.0,0.5,1,-20.0,52.75343034917734,0.0024642947224384104,True,-20.0,28.658956406076005,0.004536103763095806,True,20.0,20.414155056810994,0.006368130331048245,True,20.0,10.91533102180899,0.011909854107058972,True,20.0,9.884530131761577,0.01315186440499342,True,-20.0,9.370172633784493,0.013873810556198329,True,-1140.3701521493203,0.0,-0.9061331154339457,74.18693395739267
2023-02-25,18.39,18.62,17.44,17.94,2202952.2,,AVAXUSDT_daily,CRYPTO,BINANCE,USDT,1,1,1,17.94,17.94,17.94,1.154442677117205,786,0.0,0.5,1,-20.0,52.75343034917734,0.0024642947224384104,True,-20.0,28.658956406076005,0.004536103763095806,True,20.0,20.414155056810994,0.006368130331048245,True,20.0,10.91533102180899,0.011909854107058972,True,20.0,9.884530131761577,0.01315186440499342,True,-20.0,9.370172633784493,0.013873810556198329,True,-1184.7383127820522,0.0,-0.0,74.18693395739267
2023-02-26,17.95,18.57,17.82,18.43,1010025.02,,AVAXUSDT_daily,CRYPTO,BINANCE,USDT,1,1,1,18.43,18.43,18.43,1.1611993572944863,787,0.0,0.5,1,-20.0,52.75343034917734,0.0024642947224384104,True,-20.0,28.658956406076005,0.004536103763095806,True,20.0,20.414155056810994,0.006368130331048245,True,20.0,10.91533102180899,0.011909854107058972,True,20.0,9.884530131761577,0.01315186440499342,True,-20.0,9.370172633784493,0.013873810556198329,True,-1137.098156213066,0.0,0.0,74.18693395739267
2023-02-27,18.44,18.65,17.71,17.93,1411212.86,,AVAXUSDT_daily,CRYPTO,BINANCE,USDT,1,1,1,17.93,17.93,17.93,1.1146558354898972,788,0.0,0.5,1,-20.0,52.75343034917734,0.0024642947224384104,True,-20.0,28.658956406076005,0.004536103763095806,True,-20.0,20.414155056810994,0.006368130331048245,True,20.0,10.91533102180899,0.011909854107058972,True,20.0,9.884530131761577,0.01315186440499342,True,-20.0,9.370172633784493,0.013873810556198329,True,-1187.7256922883416,-8.466666666666667,-0.0,74.18693395739267
2023-02-28,17.93,17.94,16.93,17.09,1522776.6,,AVAXUSDT_daily,CRYPTO,BINANCE,USDT,1,1,1,17.09,17.09,17.09,1.1545811498511953,789,0.0,0.5,1,-20.0,52.75343034917734,0.0024642947224384104,True,-20.0,28.658956406076005,0.004536103763095806,True,-20.0,20.414155056810994,0.006368130331048245,True,20.0,10.91533102180899,0.011909854107058972,True,20.0,9.884530131761577,0.01315186440499342,True,-20.0,9.370172633784493,0.013873810556198329,True,-1277.1559980016673,-8.466666666666667,0.3966536530953705,74.58358761048804
2023-03-01,17.1,17.83,16.98,17.77,1103389.17,,AVAXUSDT_daily,CRYPTO,BINANCE,USDT,1,1,1,17.77,17.77,17.77,1.1603225504425025,790,0.0,0.5,1,-20.0,52.75343034917734,0.0024642947224384104,True,-20.0,28.658956406076005,0.004536103763095806,True,-20.0,20.414155056810994,0.006368130331048245,True,20.0,10.91533102180899,0.011909854107058972,True,20.0,9.884530131761577,0.01315186440499342,True,-20.0,9.370172633784493,0.013873810556198329,True,-1207.3014309729172,-8.466666666666667,-0.3368831675443719,74.24670444294367
2023-03-02,17.76,17.86,17.11,17.47,877078.59,,AVAXUSDT_daily,CRYPTO,BINANCE,USDT,1,1,1,17.47,17.47,17.47,1.1771110934523363,791,0.0,0.5,1,-20.0,52.75343034917734,0.0024642947224384104,True,-20.0,28.658956406076005,0.004536103763095806,True,-20.0,20.414155056810994,0.006368130331048245,True,20.0,10.91533102180899,0.011909854107058972,True,20.0,9.884530131761577,0.01315186440499342,True,-20.0,9.370172633784493,0.013873810556198329,True,-1239.1830402833684,-8.466666666666667,0.14293753517163799,74.3896419781153
2023-03-03,17.47,17.48,15.81,16.66,2000407.8,,AVAXUSDT_daily,CRYPTO,BINANCE,USDT,1,1,1,16.66,16.66,16.66,1.259814000478742,792,0.0,0.5,1,-20.0,52.75343034917734,0.0024642947224384104,True,-20.0,28.658956406076005,0.004536103763095806,True,-20.0,20.414155056810994,0.006368130331048245,True,20.0,10.91533102180899,0.011909854107058972,True,20.0,9.884530131761577,0.01315186440499342,True,-20.0,9.370172633784493,0.013873810556198329,True,-1329.6382273871357,-8.466666666666667,0.3925586720091575,74.78220065012447
2023-03-04,16.66,16.9,15.74,16.14,1088928.35,,AVAXUSDT_daily,CRYPTO,BINANCE,USDT,1,1,1,16.14,16.14,16.14,1.372515458646393,793,0.0,0.5,1,-20.0,52.75343034917734,0.0024642947224384104,True,-20.0,28.658956406076005,0.004536103763095806,True,-20.0,20.414155056810994,0.006368130331048245,True,20.0,10.91533102180899,0.011909854107058972,True,20.0,9.884530131761577,0.01315186440499342,True,-20.0,9.370172633784493,0.013873810556198329,True,-1390.34439139549,-8.466666666666667,0.26426570628251245,75.04646635640698
2023-03-05,16.14,16.52,16.06,16.14,745976.87,,AVAXUSDT_daily,CRYPTO,BINANCE,USDT,1,1,1,16.14,16.14,16.14,1.4672498441901307,794,0.0,0.5,1,-20.0,52.75343034917734,0.0024642947224384104,True,-20.0,28.658956406076005,0.004536103763095806,True,-20.0,20.414155056810994,0.006368130331048245,True,-20.0,10.91533102180899,0.011909854107058972,True,20.0,9.884530131761577,0.01315186440499342,True,-20.0,9.370172633784493,0.013873810556198329,True,-1390.34439139549,-16.933333333333334,-0.0,75.04646635640698
2023-03-06,16.14,16.7,15.82,16.52,1348393.86,,AVAXUSDT_daily,CRYPTO,BINANCE,USDT,1,1,1,16.52,16.52,16.52,1.5349836275527258,795,0.0,0.5,1,-20.0,52.75343034917734,0.0024642947224384104,True,-20.0,28.658956406076005,0.004536103763095806,True,-20.0,20.414155056810994,0.006368130331048245,True,-20.0,10.91533102180899,0.011909854107058972,True,11.813469372520599,9.884530131761577,0.01315186440499342,True,-20.0,9.370172633784493,0.013873810556198329,True,-1345.767450635946,-18.666148982816473,-0.39867823213547937,74.6477881242715
2023-03-07,16.51,16.73,15.85,16.17,1448118.8,,AVAXUSDT_daily,CRYPTO,BINANCE,USDT,1,1,1,16.17,16.17,16.17,1.5774105196115795,796,0.0,0.5,1,-20.0,52.75343034917734,0.0024642947224384104,True,-20.0,28.658956406076005,0.004536103763095806,True,-20.0,20.414155056810994,0.006368130331048245,True,-20.0,10.91533102180899,0.011909854107058972,True,-15.703366360596315,9.884530131761577,0.01315186440499342,True,-20.0,9.370172633784493,0.013873810556198329,True,-1388.36683966182,-20.0,0.39546925811051536,75.04325738238201
2023-03-08,16.17,16.26,15.0,15.12,1623242.29,,AVAXUSDT_daily,CRYPTO,BINANCE,USDT,1,1,1,15.12,15.12,15.12,1.7268376938975807,797,0.0,0.5,1,-20.0,52.75343034917734,0.0024642947224384104,True,-20.0,28.658956406076005,0.004536103763095806,True,-20.0,20.414155056810994,0.006368130331048245,True,-20.0,10.91533102180899,0.011909854107058972,True,-20.0,9.884530131761577,0.01315186440499342,True,-20.0,9.370172633784493,0.013873810556198329,True,-1522.7952627998802,-20.0,1.2987012987013014,76.34195868108331
2023-03-09,15.11,15.69,14.2,14.41,2487752.3,,AVAXUSDT_daily,CRYPTO,BINANCE,USDT,1,1,1,14.41,14.41,14.41,1.8832016411063255,798,0.0,0.5,1,-20.0,52.75343034917734,0.0024642947224384104,True,-20.0,28.658956406076005,0.004536103763095806,True,-20.0,20.414155056810994,0.006368130331048245,True,-20.0,10.91533102180899,0.011909854107058972,True,-20.0,9.884530131761577,0.01315186440499342,True,-20.0,9.370172633784493,0.013873810556198329,True,-1618.5952205129242,-20.0,0.9391534391534373,77.28111212023676
2023-03-10,14.42,15.28,13.88,14.8,3176465.15,,AVAXUSDT_daily,CRYPTO,BINANCE,USDT,1,1,1,14.8,14.8,14.8,1.9584658335201042,799,0.0,0.5,1,-20.0,52.75343034917734,0.0024642947224384104,True,-20.0,28.658956406076005,0.004536103763095806,True,-20.0,20.414155056810994,0.006368130331048245,True,-20.0,10.91533102180899,0.011909854107058972,True,-20.0,9.884530131761577,0.01315186440499342,True,-20.0,9.370172633784493,0.013873810556198329,True,-1567.1600956533914,-20.0,-0.5412907702984038,76.73982134993835
2023-03-11,14.79,15.19,13.93,14.51,2626062.79,,AVAXUSDT_daily,CRYPTO,BINANCE,USDT,1,1,1,14.51,14.51,14.51,2.00609964595149,800,0.0,0.5,1,-20.0,52.75343034917734,0.0024642947224384104,True,-20.0,28.658956406076005,0.004536103763095806,True,-20.0,20.414155056810994,0.006368130331048245,True,-20.0,10.91533102180899,0.011909854107058972,True,-20.0,9.884530131761577,0.01315186440499342,True,-20.0,9.370172633784493,0.013873810556198329,True,-1606.8407380978206,-20.0,0.39189189189189344,77.13171324183024
2023-03-12,14.51,16.29,14.2,16.18,2935250.36,,AVAXUSDT_daily,CRYPTO,BINANCE,USDT,1,1,1,16.18,16.18,16.18,1.8476767773875542,801,0.0,0.5,1,-20.0,52.75343034917734,0.0024642947224384104,True,-20.0,28.658956406076005,0.004536103763095806,True,-20.0,20.414155056810994,0.006368130331048245,True,-20.0,10.91533102180899,0.011909854107058972,True,-20.0,9.884530131761577,0.01315186440499342,True,-20.0,9.370172633784493,0.013873810556198329,True,-1424.5344455742147,-20.0,-2.3018607856650597,74.82985245616518
2023-03-13,16.17,16.78,15.45,16.47,3653015.82,,AVAXUSDT_daily,CRYPTO,BINANCE,USDT,1,1,1,16.47,16.47,16.47,1.614024962310203,802,0.0,0.5,1,20.0,52.75343034917734,0.0024642947224384104,True,-20.0,28.658956406076005,0.004536103763095806,True,-20.0,20.414155056810994,0.006368130331048245,True,-20.0,10.91533102180899,0.011909854107058972,True,-20.0,9.884530131761577,0.01315186440499342,True,-20.0,9.370172633784493,0.013873810556198329,True,-1392.9231476437153,-16.933333333333334,-0.3584672435105052,74.47138521265468
2023-03-14,16.47,17.91,16.07,17.15,4819447.82,,AVAXUSDT_daily,CRYPTO,BINANCE,USDT,1,1,1,17.15,17.15,17.15,1.403266865122223,803,0.0,0.5,1,20.0,52.75343034917734,0.0024642947224384104,True,-20.0,28.658956406076005,0.004536103763095806,True,-20.0,20.414155056810994,0.006368130331048245,True,-20.0,10.91533102180899,0.011909854107058972,True,-20.0,9.884530131761577,0.01315186440499342,True,-20.0,9.370172633784493,0.013873810556198329,True,-1321.3664316437507,-16.933333333333334,-0.6991297308237211,73.77225548183095
2023-03-15,17.15,17.42,15.33,15.55,3381885.34,,AVAXUSDT_daily,CRYPTO,BINANCE,USDT,1,1,1,15.55,15.55,15.55,1.2402699196938358,804,0.0,0.5,1,-20.0,52.75343034917734,0.0024642947224384104,True,-20.0,28.658956406076005,0.004536103763095806,True,-20.0,20.414155056810994,0.006368130331048245,True,-20.0,10.91533102180899,0.011909854107058972,True,-20.0,9.884530131761577,0.01315186440499342,True,-20.0,9.370172633784493,0.013873810556198329,True,-1498.4064003250082,-20.0,1.5797862001943623,75.35204168202532
2023-03-16,15.55,16.09,15.24,15.83,2101663.41,,AVAXUSDT_daily,CRYPTO,BINANCE,USDT,1,1,1,15.83,15.83,15.83,1.1695991216123254,805,0.0,0.5,1,-20.0,52.75343034917734,0.0024642947224384104,True,-20.0,28.658956406076005,0.004536103763095806,True,-20.0,20.414155056810994,0.006368130331048245,True,-20.0,10.91533102180899,0.011909854107058972,True,-20.0,9.884530131761577,0.01315186440499342,True,-20.0,9.370172633784493,0.013873810556198329,True,-1467.4760634327986,-20.0,-0.36012861736334223,74.99191306466197
2023-03-17,15.83,17.77,15.63,17.64,2625807.19,,AVAXUSDT_daily,CRYPTO,BINANCE,USDT,1,1,1,17.64,17.64,17.64,1.150770451303002,806,0.0,0.5,1,20.0,52.75343034917734,0.0024642947224384104,True,-20.0,28.658956406076005,0.004536103763095806,True,-20.0,20.414155056810994,0.006368130331048245,True,-20.0,10.91533102180899,0.011909854107058972,True,-20.0,9.884530131761577,0.01315186440499342,True,-20.0,9.370172633784493,0.013873810556198329,True,-1300.3719728021508,-16.933333333333334,-2.286797220467469,72.70511584419451
2023-03-18,17.64,18.25,16.85,16.98,2990812.4,,AVAXUSDT_daily,CRYPTO,BINANCE,USDT,1,1,1,16.98,16.98,16.98,1.0580183811021535,807,0.0,0.5,1,20.0,52.75343034917734,0.0024642947224384104,True,20.0,28.658956406076005,0.004536103763095806,True,-20.0,20.414155056810994,0.006368130331048245,True,-20.0,10.91533102180899,0.011909854107058972,True,-20.0,9.884530131761577,0.01315186440499342,True,-20.0,9.370172633784493,0.013873810556198329,True,-1364.2806598403567,-8.466666666666667,0.6335600907029486,73.33867593489745
2023-03-19,16.99,18.08,16.96,17.53,1927204.31,,AVAXUSDT_daily,CRYPTO,BINANCE,USDT,1,1,1,17.53,17.53,17.53,1.0295081861142927,808,0.0,0.5,1,20.0,52.75343034917734,0.0024642947224384104,True,20.0,28.658956406076005,0.004536103763095806,True,-20.0,20.414155056810994,0.006368130331048245,True,-20.0,10.91533102180899,0.011909854107058972,True,-20.0,9.884530131761577,0.01315186440499342,True,-20.0,9.370172633784493,0.013873810556198329,True,-1311.9540498430138,-8.466666666666667,-0.27424420887318424,73.06443172602427
2023-03-20,17.53,17.78,16.52,16.64,2421215.7,,AVAXUSDT_daily,CRYPTO,BINANCE,USDT,1,1,1,16.64,16.64,16.64,1.016316361858653,809,0.0,0.5,1,20.0,52.75343034917734,0.0024642947224384104,True,20.0,28.658956406076005,0.004536103763095806,True,-20.0,20.414155056810994,0.006368130331048245,True,-20.0,10.91533102180899,0.011909854107058972,True,-20.0,9.884530131761577,0.01315186440499342,True,-20.0,9.370172633784493,0.013873810556198329,True,-1401.2383322574856,-8.466666666666667,0.4298535843316223,73.49428531035589
2023-03-21,16.64,17.55,16.33,17.44,2044599.43,,AVAXUSDT_daily,CRYPTO,BINANCE,USDT,1,1,1,17.44,17.44,17.44,0.9933403243668256,810,0.0,0.5,1,20.0,52.75343034917734,0.0024642947224384104,True,20.0,28.658956406076005,0.004536103763095806,True,-20.0,20.414155056810994,0.006368130331048245,True,-20.0,10.91533102180899,0.011909854107058972,True,-20.0,9.884530131761577,0.01315186440499342,True,-20.0,9.370172633784493,0.013873810556198329,True,-1324.262057423413,-8.466666666666667,-0.4070512820512825,73.08723402830461
2023-03-22,17.43,17.93,16.26,16.74,3533834.3,,AVAXUSDT_daily,CRYPTO,BINANCE,USDT,1,1,1,16.74,16.74,16.74,0.9596704478279244,811,0.0,0.5,1,9.149615133640737,52.75343034917734,0.0024642947224384104,True,20.0,28.658956406076005,0.004536103763095806,True,-20.0,20.414155056810994,0.006368130331048245,True,-20.0,10.91533102180899,0.011909854107058972,True,-20.0,9.884530131761577,0.01315186440499342,True,-20.0,9.370172633784493,0.013873810556198329,True,-1394.9620146368768,-10.763331463379377,0.3398318042813466,73.42706583258595
2023-03-23,16.75,17.9,16.57,17.54,2132767.64,,AVAXUSDT_daily,CRYPTO,BINANCE,USDT,1,1,1,17.54,17.54,17.54,0.9997131167503319,812,0.0,0.5,1,20.0,52.75343034917734,0.0024642947224384104,True,20.0,28.658956406076005,0.004536103763095806,True,-20.0,20.414155056810994,0.006368130331048245,True,-20.0,10.91533102180899,0.011909854107058972,True,-20.0,9.884530131761577,0.01315186440499342,True,-20.0,9.370172633784493,0.013873810556198329,True,-1317.4627694902638,-8.466666666666667,-0.5143766529691475,72.9126891796168
2023-03-24,17.54,17.65,16.66,16.95,1168422.63,,AVAXUSDT_daily,CRYPTO,BINANCE,USDT,1,1,1,16.95,16.95,16.95,1.0103072747866693,813,0.0,0.5,1,20.0,52.75343034917734,0.0024642947224384104,True,20.0,28.658956406076005,0.004536103763095806,True,-20.0,20.414155056810994,0.006368130331048245,True,-20.0,10.91533102180899,0.011909854107058972,True,-20.0,9.884530131761577,0.01315186440499342,True,-20.0,9.370172633784493,0.013873810556198329,True,-1377.225570300914,-8.466666666666667,0.28479665526415815,73.19748583488096
2023-03-25,16.96,17.15,16.38,16.89,1012240.42,,AVAXUSDT_daily,CRYPTO,BINANCE,USDT,1,1,1,16.89,16.89,16.89,1.0173448414028379,814,0.0,0.5,1,-20.0,52.75343034917734,0.0024642947224384104,True,12.12983940291324,28.658956406076005,0.004536103763095806,True,-20.0,20.414155056810994,0.006368130331048245,True,-20.0,10.91533102180899,0.011909854107058972,True,-20.0,9.884530131761577,0.01315186440499342,True,-20.0,9.370172633784493,0.013873810556198329,True,-1383.4450556455674,-18.599183993050033,0.02997050147492555,73.22745633635589
2023-03-26,16.89,17.29,16.86,17.12,842868.94,,AVAXUSDT_daily,CRYPTO,BINANCE,USDT,1,1,1,17.12,17.12,17.12,1.0312797364197617,815,0.0,0.5,1,20.0,52.75343034917734,0.0024642947224384104,True,20.0,28.658956406076005,0.004536103763095806,True,-20.0,20.414155056810994,0.006368130331048245,True,-20.0,10.91533102180899,0.011909854107058972,True,-20.0,9.884530131761577,0.01315186440499342,True,-20.0,9.370172633784493,0.013873810556198329,True,-1359.4897922141226,-8.466666666666667,-0.2532748560332468,72.97418148032264
2023-03-27,17.12,17.15,16.0,16.49,1496965.41,,AVAXUSDT_daily,CRYPTO,BINANCE,USDT,1,1,1,16.49,16.49,16.49,1.0302830474718612,816,0.0,0.5,1,-20.0,52.75343034917734,0.0024642947224384104,True,-20.0,28.658956406076005,0.004536103763095806,True,-20.0,20.414155056810994,0.006368130331048245,True,-20.0,10.91533102180899,0.011909854107058972,True,-20.0,9.884530131761577,0.01315186440499342,True,-20.0,9.370172633784493,0.013873810556198329,True,-1428.1493397922764,-20.0,0.3115654205607488,73.2857469008834
2023-03-28,16.48,16.85,16.3,16.71,1416651.25,,AVAXUSDT_daily,CRYPTO,BINANCE,USDT,1,1,1,16.71,16.71,16.71,0.9868251858265354,817,0.0,0.5,1,-20.0,52.75343034917734,0.0024642947224384104,True,-20.0,28.658956406076005,0.004536103763095806,True,-20.0,20.414155056810994,0.006368130331048245,True,-20.0,10.91533102180899,0.011909854107058972,True,-20.0,9.884530131761577,0.01315186440499342,True,-20.0,9.370172633784493,0.013873810556198329,True,-1404.0674028502692,-20.0,-0.2668283808368743,73.01891852004653
2023-03-29,16.72,17.41,16.65,17.31,1647283.13,,AVAXUSDT_daily,CRYPTO,BINANCE,USDT,1,1,1,17.31,17.31,17.31,0.8734340875396887,818,0.0,0.5,1,20.0,52.75343034917734,0.0024642947224384104,True,12.28155224577617,28.658956406076005,0.004536103763095806,True,-20.0,20.414155056810994,0.006368130331048245,True,-20.0,10.91533102180899,0.011909854107058972,True,-20.0,9.884530131761577,0.01315186440499342,True,-20.0,9.370172633784493,0.013873810556198329,True,-1340.1244948995463,-10.100404774644044,-0.7181328545780952,72.30078566546842
2023-03-30,17.32,17.57,16.91,17.23,1878919.84,,AVAXUSDT_daily,CRYPTO,BINANCE,USDT,1,1,1,17.23,17.23,17.23,0.769220384553809,819,0.0,0.5,1,20.0,52.75343034917734,0.0024642947224384104,True,20.0,28.658956406076005,0.004536103763095806,True,-20.0,20.414155056810994,0.006368130331048245,True,-20.0,10.91533102180899,0.011909854107058972,True,-20.0,9.884530131761577,0.01315186440499342,True,-20.0,9.370172633784493,0.013873810556198329,True,-1348.8495833421625,-8.466666666666667,0.046680091390612584,72.34746575685904
2023-03-31,17.23,17.84,17.08,17.7,1573547.04,,AVAXUSDT_daily,CRYPTO,BINANCE,USDT,1,1,1,17.7,17.7,17.7,0.5916211003073435,820,0.0,0.5,1,20.0,52.75343034917734,0.0024642947224384104,True,20.0,28.658956406076005,0.004536103763095806,True,-20.0,20.414155056810994,0.006368130331048245,True,-20.0,10.91533102180899,0.011909854107058972,True,-20.0,9.884530131761577,0.01315186440499342,True,-20.0,9.370172633784493,0.013873810556198329,True,-1298.298756591786,-8.466666666666667,-0.23095376281679092,72.11651199404224
2023-04-01,17.7,17.89,17.54,17.8,864902.81,,AVAXUSDT_daily,CRYPTO,BINANCE,USDT,1,1,1,17.8,17.8,17.8,0.5980712420267209,821,0.0,0.5,1,20.0,52.75343034917734,0.0024642947224384104,True,20.0,28.658956406076005,0.004536103763095806,True,-15.016415136617878,20.414155056810994,0.006368130331048245,True,-20.0,10.91533102180899,0.011909854107058972,True,-20.0,9.884530131761577,0.01315186440499342,True,-20.0,9.370172633784493,0.013873810556198329,True,-1287.4040259126562,-7.411807870584117,-0.04783427495291952,72.06867771908932
2023-04-02,17.79,17.85,17.06,17.25,918449.47,,AVAXUSDT_daily,CRYPTO,BINANCE,USDT,1,1,1,17.25,17.25,17.25,0.5880339678806685,822,0.0,0.5,1,20.0,52.75343034917734,0.0024642947224384104,True,20.0,28.658956406076005,0.004536103763095806,True,-20.0,20.414155056810994,0.006368130331048245,True,-20.0,10.91533102180899,0.011909854107058972,True,-20.0,9.884530131761577,0.01315186440499342,True,-20.0,9.370172633784493,0.013873810556198329,True,-1349.6605267754019,-8.466666666666667,0.22901653532703747,72.29769425441636
2023-04-03,17.24,17.45,16.65,17.11,1669238.44,,AVAXUSDT_daily,CRYPTO,BINANCE,USDT,1,1,1,17.11,17.11,17.11,0.5876525557919848,823,0.0,0.5,1,-20.0,52.75343034917734,0.0024642947224384104,True,20.0,28.658956406076005,0.004536103763095806,True,-20.0,20.414155056810994,0.006368130331048245,True,-20.0,10.91533102180899,0.011909854107058972,True,-20.0,9.884530131761577,0.01315186440499342,True,-20.0,9.370172633784493,0.013873810556198329,True,-1365.9163064194506,-16.933333333333334,0.06871497584541124,72.36640923026177
2023-04-04,17.1,17.67,16.97,17.65,1290395.25,,AVAXUSDT_daily,CRYPTO,BINANCE,USDT,1,1,1,17.65,17.65,17.65,0.49024027407877635,824,0.0,0.5,1,20.0,52.75343034917734,0.0024642947224384104,True,20.0,28.658956406076005,0.004536103763095806,True,-2.278698547701663,20.414155056810994,0.006368130331048245,True,-20.0,10.91533102180899,0.011909854107058972,True,-20.0,9.884530131761577,0.01315186440499342,True,-20.0,9.370172633784493,0.013873810556198329,True,-1304.6211947641355,-4.715657859263519,-0.5344243132670943,71.83198491699467
2023-04-05,17.65,18.38,17.44,18.0,2189499.57,,AVAXUSDT_daily,CRYPTO,BINANCE,USDT,1,1,1,18.0,18.0,18.0,0.42356134212099816,825,0.0,0.5,1,20.0,52.75343034917734,0.0024642947224384104,True,20.0,28.658956406076005,0.004536103763095806,True,20.0,20.414155056810994,0.006368130331048245,True,-20.0,10.91533102180899,0.011909854107058972,True,-20.0,9.884530131761577,0.01315186440499342,True,-20.0,9.370172633784493,0.013873810556198329,True,-1265.0823719079483,0.0,-0.09351162893723701,71.73847328805743
2023-04-06,17.99,18.35,17.63,17.97,1494645.37,,AVAXUSDT_daily,CRYPTO,BINANCE,USDT,1,1,1,17.97,17.97,17.97,0.44596288494656655,826,0.0,0.5,1,20.0,52.75343034917734,0.0024642947224384104,True,20.0,28.658956406076005,0.004536103763095806,True,20.0,20.414155056810994,0.006368130331048245,True,-20.0,10.91533102180899,0.011909854107058972,True,-20.0,9.884530131761577,0.01315186440499342,True,-20.0,9.370172633784493,0.013873810556198329,True,-1268.536683676472,0.0,-0.0,71.73847328805743
2023-04-07,17.98,18.14,17.42,17.6,1023361.07,,AVAXUSDT_daily,CRYPTO,BINANCE,USDT,1,1,1,17.6,17.6,17.6,0.4475697534726218,827,0.0,0.5,1,20.0,52.75343034917734,0.0024642947224384104,True,20.0,28.658956406076005,0.004536103763095806,True,20.0,20.414155056810994,0.006368130331048245,True,-20.0,10.91533102180899,0.011909854107058972,True,-20.0,9.884530131761577,0.01315186440499342,True,-20.0,9.370172633784493,0.013873810556198329,True,-1312.5089164849544,0.0,-0.0,71.73847328805743
2023-04-08,17.6,17.74,17.33,17.45,565313.8,,AVAXUSDT_daily,CRYPTO,BINANCE,USDT,1,1,1,17.45,17.45,17.45,0.4456039662636094,828,0.0,0.5,1,-20.0,52.75343034917734,0.0024642947224384104,True,20.0,28.658956406076005,0.004536103763095806,True,20.0,20.414155056810994,0.006368130331048245,True,-20.0,10.91533102180899,0.011909854107058972,True,-20.0,9.884530131761577,0.01315186440499342,True,-20.0,9.370172633784493,0.013873810556198329,True,-1330.779659463693,-8.466666666666667,-0.0,71.73847328805743
2023-04-09,17.45,17.65,17.25,17.54,627757.54,,AVAXUSDT_daily,CRYPTO,BINANCE,USDT,1,1,1,17.54,17.54,17.54,0.42246737651981653,829,0.0,0.5,1,-20.0,52.75343034917734,0.0024642947224384104,True,20.0,28.658956406076005,0.004536103763095806,True,20.0,20.414155056810994,0.006368130331048245,True,-20.0,10.91533102180899,0.011909854107058972,True,-20.0,9.884530131761577,0.01315186440499342,True,-20.0,9.370172633784493,0.013873810556198329,True,-1319.686399651986,-8.466666666666667,-0.04366762177650346,71.69480566628093
2023-04-10,17.54,17.97,17.37,17.94,1022190.46,,AVAXUSDT_daily,CRYPTO,BINANCE,USDT,1,1,1,17.94,17.94,17.94,0.44391173851561205,830,0.0,0.5,1,20.0,52.75343034917734,0.0024642947224384104,True,20.0,28.658956406076005,0.004536103763095806,True,20.0,20.414155056810994,0.006368130331048245,True,-20.0,10.91533102180899,0.011909854107058972,True,-20.0,9.884530131761577,0.01315186440499342,True,-20.0,9.370172633784493,0.013873810556198329,True,-1270.9436311307877,0.0,-0.19308247814519372,71.50172318813573
2023-04-11,17.93,18.62,17.87,18.14,1487121.23,,AVAXUSDT_daily,CRYPTO,BINANCE,USDT,1,1,1,18.14,18.14,18.14,0.4530304393309148,831,0.0,0.5,1,20.0,52.75343034917734,0.0024642947224384104,True,20.0,28.658956406076005,0.004536103763095806,True,20.0,20.414155056810994,0.006368130331048245,True,-20.0,10.91533102180899,0.011909854107058972,True,-20.0,9.884530131761577,0.01315186440499342,True,-20.0,9.370172633784493,0.013873810556198329,True,-1246.4547261720063,0.0,0.0,71.50172318813573
2023-04-12,18.13,19.21,17.68,18.26,3554063.45,,AVAXUSDT_daily,CRYPTO,BINANCE,USDT,1,1,1,18.26,18.26,18.26,0.4901930339563211,832,0.0,0.5,1,20.0,52.75343034917734,0.0024642947224384104,True,20.0,28.658956406076005,0.004536103763095806,True,20.0,20.414155056810994,0.006368130331048245,True,-4.157972776376414,10.91533102180899,0.011909854107058972,True,-20.0,9.884530131761577,0.01315186440499342,True,-20.0,9.370172633784493,0.013873810556198329,True,-1231.6157391333843,3.353229095666993,0.0,71.50172318813573
2023-04-13,18.26,19.08,18.11,18.84,2456777.92,,AVAXUSDT_daily,CRYPTO,BINANCE,USDT,1,1,1,18.84,18.84,18.84,0.5642041437303028,833,0.0,0.5,1,20.0,52.75343034917734,0.0024642947224384104,True,20.0,28.658956406076005,0.004536103763095806,True,20.0,20.414155056810994,0.006368130331048245,True,20.0,10.91533102180899,0.011909854107058972,True,-20.0,9.884530131761577,0.01315186440499342,True,-20.0,9.370172633784493,0.013873810556198329,True,-1161.7689857255973,8.466666666666667,0.10651001508690296,71.60823320322262
2023-04-14,18.83,19.32,18.46,19.22,2348398.47,,AVAXUSDT_daily,CRYPTO,BINANCE,USDT,1,1,1,19.22,19.22,19.22,0.6541388473343387,834,0.0,0.5,1,20.0,52.75343034917734,0.0024642947224384104,True,20.0,28.658956406076005,0.004536103763095806,True,20.0,20.414155056810994,0.006368130331048245,True,20.0,10.91533102180899,0.011909854107058972,True,-20.0,9.884530131761577,0.01315186440499342,True,-20.0,9.370172633784493,0.013873810556198329,True,-1116.3248364700019,8.466666666666667,0.17077140835102522,71.77900461157365
2023-04-15,19.22,19.52,18.99,19.07,1527045.96,,AVAXUSDT_daily,CRYPTO,BINANCE,USDT,1,1,1,19.07,19.07,19.07,0.7112287366258526,835,0.0,0.5,1,20.0,52.75343034917734,0.0024642947224384104,True,20.0,28.658956406076005,0.004536103763095806,True,20.0,20.414155056810994,0.006368130331048245,True,20.0,10.91533102180899,0.011909854107058972,True,-20.0,9.884530131761577,0.01315186440499342,True,-20.0,9.370172633784493,0.013873810556198329,True,-1134.6423331791218,8.466666666666667,-0.06607700312174779,71.7129276084519
2023-04-16,19.07,20.55,18.84,20.17,2486851.7,,AVAXUSDT_daily,CRYPTO,BINANCE,USDT,1,1,1,20.17,20.17,20.17,0.8303366470181361,836,0.0,0.5,1,20.0,52.75343034917734,0.0024642947224384104,True,20.0,28.658956406076005,0.004536103763095806,True,20.0,20.414155056810994,0.006368130331048245,True,20.0,10.91533102180899,0.011909854107058972,True,-20.0,9.884530131761577,0.01315186440499342,True,-20.0,9.370172633784493,0.013873810556198329,True,-1010.8816944371891,8.466666666666667,0.48837615801433454,72.20130376646624
2023-04-17,20.17,21.28,19.96,20.51,4308383.8,,AVAXUSDT_daily,CRYPTO,BINANCE,USDT,1,1,1,20.51,20.51,20.51,0.9572141596222277,837,0.0,0.5,1,20.0,52.75343034917734,0.0024642947224384104,True,20.0,28.658956406076005,0.004536103763095806,True,20.0,20.414155056810994,0.006368130331048245,True,20.0,10.91533102180899,0.011909854107058972,True,-18.69838800631535,9.884530131761577,0.01315186440499342,True,-20.0,9.370172633784493,0.013873810556198329,True,-972.6824782354367,8.74217453866325,0.1427202115352826,72.34402397800152
2023-04-18,20.52,21.56,20.26,21.2,2400684.58,,AVAXUSDT_daily,CRYPTO,BINANCE,USDT,1,1,1,21.2,21.2,21.2,1.1549111380772714,838,0.0,0.5,1,20.0,52.75343034917734,0.0024642947224384104,True,20.0,28.658956406076005,0.004536103763095806,True,20.0,20.414155056810994,0.006368130331048245,True,20.0,10.91533102180899,0.011909854107058972,True,20.0,9.884530131761577,0.01315186440499342,True,-20.0,9.370172633784493,0.013873810556198329,True,-897.1771122777493,16.933333333333334,0.29410533552791895,72.63812931352943
2023-04-19,21.2,21.22,18.55,18.98,3606353.32,,AVAXUSDT_daily,CRYPTO,BINANCE,USDT,1,1,1,18.98,18.98,18.98,1.1330722093457968,839,0.0,0.5,1,20.0,52.75343034917734,0.0024642947224384104,True,20.0,28.658956406076005,0.004536103763095806,True,20.0,20.414155056810994,0.006368130331048245,True,20.0,10.91533102180899,0.011909854107058972,True,20.0,9.884530131761577,0.01315186440499342,True,-20.0,9.370172633784493,0.013873810556198329,True,-1130.7252010608518,16.933333333333334,-1.77320754716981,70.86492176635963
2023-04-20,18.98,19.43,18.13,18.3,2533024.6,,AVAXUSDT_daily,CRYPTO,BINANCE,USDT,1,1,1,18.3,18.3,18.3,1.1208831104897754,840,0.0,0.5,1,-20.0,52.75343034917734,0.0024642947224384104,True,20.0,28.658956406076005,0.004536103763095806,True,20.0,20.414155056810994,0.006368130331048245,True,20.0,10.91533102180899,0.011909854107058972,True,20.0,9.884530131761577,0.01315186440499342,True,-20.0,9.370172633784493,0.013873810556198329,True,-1205.081898281956,8.466666666666667,-0.6066736916051986,70.25824807475443
2023-04-21,18.3,18.52,16.72,16.94,2949411.14,,AVAXUSDT_daily,CRYPTO,BINANCE,USDT,1,1,1,16.94,16.94,16.94,1.162841800351363,841,0.0,0.5,1,-20.0,52.75343034917734,0.0024642947224384104,True,-20.0,28.658956406076005,0.004536103763095806,True,20.0,20.414155056810994,0.006368130331048245,True,20.0,10.91533102180899,0.011909854107058972,True,20.0,9.884530131761577,0.01315186440499342,True,-20.0,9.370172633784493,0.013873810556198329,True,-1359.8091535721865,0.0,-0.6292167577413473,69.62903131701309
2023-04-22,16.94,17.36,16.81,17.21,1163505.95,,AVAXUSDT_daily,CRYPTO,BINANCE,USDT,1,1,1,17.21,17.21,17.21,1.1649689401832855,842,0.0,0.5,1,-20.0,52.75343034917734,0.0024642947224384104,True,-20.0,28.658956406076005,0.004536103763095806,True,20.0,20.414155056810994,0.006368130331048245,True,20.0,10.91533102180899,0.011909854107058972,True,8.432407699661299,9.884530131761577,0.01315186440499342,True,-20.0,9.370172633784493,0.013873810556198329,True,-1329.1167193710069,-2.4484737035716915,0.0,69.62903131701309
2023-04-23,17.22,17.25,16.49,16.84,1071665.53,,AVAXUSDT_daily,CRYPTO,BINANCE,USDT,1,1,1,16.84,16.84,16.84,1.18220256079475,843,0.0,0.5,1,-20.0,52.75343034917734,0.0024642947224384104,True,-20.0,28.658956406076005,0.004536103763095806,True,20.0,20.414155056810994,0.006368130331048245,True,20.0,10.91533102180899,0.011909854107058972,True,-8.954127193869159,9.884530131761577,0.01315186440499342,True,-20.0,9.370172633784493,0.013873810556198329,True,-1372.737195284776,-6.1286235893689724,0.05264005057068736,69.68167136758377
2023-04-24,16.85,17.26,16.54,16.92,1229193.95,,AVAXUSDT_daily,CRYPTO,BINANCE,USDT,1,1,1,16.92,16.92,16.92,1.2170564143877232,844,0.0,0.5,1,-20.0,52.75343034917734,0.0024642947224384104,True,-20.0,28.658956406076005,0.004536103763095806,True,-20.0,20.414155056810994,0.006368130331048245,True,20.0,10.91533102180899,0.011909854107058972,True,-20.0,9.884530131761577,0.01315186440499342,True,-20.0,9.370172633784493,0.013873810556198329,True,-1363.1846783611386,-16.933333333333334,-0.02911460137467455,69.6525567662091
2023-04-25,16.93,17.77,16.75,17.63,1680320.99,,AVAXUSDT_daily,CRYPTO,BINANCE,USDT,1,1,1,17.63,17.63,17.63,1.2255193313823238,845,0.0,0.5,1,-20.0,52.75343034917734,0.0024642947224384104,True,-20.0,28.658956406076005,0.004536103763095806,True,-20.0,20.414155056810994,0.006368130331048245,True,20.0,10.91533102180899,0.011909854107058972,True,-20.0,9.884530131761577,0.01315186440499342,True,-20.0,9.370172633784493,0.013873810556198329,True,-1282.0789109875213,-16.933333333333334,-0.7105594956658773,68.94199727054323
2023-04-26,17.62,18.24,16.27,17.18,2820375.37,,AVAXUSDT_daily,CRYPTO,BINANCE,USDT,1,1,1,17.18,17.18,17.18,1.250431925381321,846,0.0,0.5,1,-20.0,52.75343034917734,0.0024642947224384104,True,-20.0,28.658956406076005,0.004536103763095806,True,-20.0,20.414155056810994,0.006368130331048245,True,20.0,10.91533102180899,0.011909854107058972,True,-20.0,9.884530131761577,0.01315186440499342,True,-20.0,9.370172633784493,0.013873810556198329,True,-1335.424502815835,-16.933333333333334,0.4322178105501986,69.37421508109342
2023-04-27,17.18,17.93,17.11,17.72,1574922.98,,AVAXUSDT_daily,CRYPTO,BINANCE,USDT,1,1,1,17.72,17.72,17.72,1.2471951689637515,847,0.0,0.5,1,-20.0,52.75343034917734,0.0024642947224384104,True,-20.0,28.658956406076005,0.004536103763095806,True,-20.0,20.414155056810994,0.006368130331048245,True,20.0,10.91533102180899,0.011909854107058972,True,-20.0,9.884530131761577,0.01315186440499342,True,-20.0,9.370172633784493,0.013873810556198329,True,-1272.9915266532194,-16.933333333333334,-0.5322467986030248,68.8419682824904
2023-04-28,17.72,17.81,17.21,17.55,915809.55,,AVAXUSDT_daily,CRYPTO,BINANCE,USDT,1,1,1,17.55,17.55,17.55,1.2437913177531426,848,0.0,0.5,1,-20.0,52.75343034917734,0.0024642947224384104,True,-20.0,28.658956406076005,0.004536103763095806,True,-20.0,20.414155056810994,0.006368130331048245,True,20.0,10.91533102180899,0.011909854107058972,True,-20.0,9.884530131761577,0.01315186440499342,True,-20.0,9.370172633784493,0.013873810556198329,True,-1293.1711970356107,-16.933333333333334,0.16245297215951696,69.00442125464991
2023-04-29,17.56,17.72,17.33,17.49,596818.68,,AVAXUSDT_daily,CRYPTO,BINANCE,USDT,1,1,1,17.49,17.49,17.49,1.2454653537458427,849,0.0,0.5,1,-20.0,52.75343034917734,0.0024642947224384104,True,-20.0,28.658956406076005,0.004536103763095806,True,-20.0,20.414155056810994,0.006368130331048245,True,15.892815181003696,10.91533102180899,0.011909854107058972,True,-20.0,9.884530131761577,0.01315186440499342,True,-20.0,9.370172633784493,0.013873810556198329,True,-1300.4439087538528,-17.802687453354217,0.05789173789173957,69.06231299254165
2023-04-30,17.49,17.85,17.07,17.1,893876.28,,AVAXUSDT_daily,CRYPTO,BINANCE,USDT,1,1,1,17.1,17.1,17.1,1.2723135785324726,850,0.0,0.5,1,-20.0,52.75343034917734,0.0024642947224384104,True,-20.0,28.658956406076005,0.004536103763095806,True,-20.0,20.414155056810994,0.006368130331048245,True,-14.4935374776378,10.91533102180899,0.011909854107058972,True,-20.0,9.884530131761577,0.01315186440499342,True,-20.0,9.370172633784493,0.013873810556198329,True,-1349.3570091205381,-20.0,0.3969724475018921,69.45928544004354
2023-05-01,17.1,17.21,16.51,16.65,1160711.97,,AVAXUSDT_daily,CRYPTO,BINANCE,USDT,1,1,1,16.65,16.65,16.65,1.322556933412743,851,0.0,0.5,1,-20.0,52.75343034917734,0.0024642947224384104,True,-20.0,28.658956406076005,0.004536103763095806,True,-20.0,20.414155056810994,0.006368130331048245,True,-20.0,10.91533102180899,0.011909854107058972,True,-20.0,9.884530131761577,0.01315186440499342,True,-20.0,9.370172633784493,0.013873810556198329,True,-1407.8837770859873,-20.0,0.5263157894736881,69.98560122951723
2023-05-02,16.64,16.97,16.49,16.84,781092.7,,AVAXUSDT_daily,CRYPTO,BINANCE,USDT,1,1,1,16.84,16.84,16.84,1.3562316212724075,852,0.0,0.5,1,-20.0,52.75343034917734,0.0024642947224384104,True,-20.0,28.658956406076005,0.004536103763095806,True,-20.0,20.414155056810994,0.006368130331048245,True,-20.0,10.91533102180899,0.011909854107058972,True,-20.0,9.884530131761577,0.01315186440499342,True,-20.0,9.370172633784493,0.013873810556198329,True,-1383.099907534256,-20.0,-0.22822822822822886,69.757373001289
2023-05-03,16.84,17.37,16.39,17.21,1404905.59,,AVAXUSDT_daily,CRYPTO,BINANCE,USDT,1,1,1,17.21,17.21,17.21,1.3595327177156116,853,0.0,0.5,1,-20.0,52.75343034917734,0.0024642947224384104,True,-20.0,28.658956406076005,0.004536103763095806,True,-20.0,20.414155056810994,0.006368130331048245,True,-20.0,10.91533102180899,0.011909854107058972,True,-20.0,9.884530131761577,0.01315186440499342,True,-20.0,9.370172633784493,0.013873810556198329,True,-1335.451544269148,-20.0,-0.4394299287410952,69.3179430725479
2023-05-04,17.22,17.27,16.78,16.93,913527.62,,AVAXUSDT_daily,CRYPTO,BINANCE,USDT,1,1,1,16.93,16.93,16.93,1.351017550243346,854,0.0,0.5,1,-20.0,52.75343034917734,0.0024642947224384104,True,-20.0,28.658956406076005,0.004536103763095806,True,-20.0,20.414155056810994,0.006368130331048245,True,-20.0,10.91533102180899,0.011909854107058972,True,-20.0,9.884530131761577,0.01315186440499342,True,-20.0,9.370172633784493,0.013873810556198329,True,-1372.605613240178,-20.0,0.32539221382916983,69.64333528637708
2023-05-05,16.93,17.73,16.73,17.38,1637028.01,,AVAXUSDT_daily,CRYPTO,BINANCE,USDT,1,1,1,17.38,17.38,17.38,1.328092716330757,855,0.0,0.5,1,20.0,52.75343034917734,0.0024642947224384104,True,-20.0,28.658956406076005,0.004536103763095806,True,-20.0,20.414155056810994,0.006368130331048245,True,-20.0,10.91533102180899,0.011909854107058972,True,-20.0,9.884530131761577,0.01315186440499342,True,-20.0,9.370172633784493,0.013873810556198329,True,-1314.1437080389273,-16.933333333333334,-0.5316007088009433,69.11173457757614
2023-05-06,17.38,17.51,16.43,16.58,1231115.03,,AVAXUSDT_daily,CRYPTO,BINANCE,USDT,1,1,1,16.58,16.58,16.58,1.2356357835084846,856,0.0,0.5,1,-20.0,52.75343034917734,0.0024642947224384104,True,-20.0,28.658956406076005,0.004536103763095806,True,-20.0,20.414155056810994,0.006368130331048245,True,-20.0,10.91533102180899,0.011909854107058972,True,-20.0,9.884530131761577,0.01315186440499342,True,-20.0,9.370172633784493,0.013873810556198329,True,-1421.673202730527,-20.0,0.7794399693133878,69.89117454688953
2023-05-07,16.58,16.73,16.31,16.41,783994.9,,AVAXUSDT_daily,CRYPTO,BINANCE,USDT,1,1,1,16.41,16.41,16.41,1.066035942917462,857,0.0,0.5,1,-20.0,52.75343034917734,0.0024642947224384104,True,-20.0,28.658956406076005,0.004536103763095806,True,-20.0,20.414155056810994,0.006368130331048245,True,-20.0,10.91533102180899,0.011909854107058972,True,-20.0,9.884530131761577,0.01315186440499342,True,-20.0,9.370172633784493,0.013873810556198329,True,-1445.1320244784208,-20.0,0.20506634499396714,70.0962408918835
2023-05-08,16.41,16.5,14.8,15.42,2627129.13,,AVAXUSDT_daily,CRYPTO,BINANCE,USDT,1,1,1,15.42,15.42,15.42,0.7260158038096987,858,0.0,0.5,1,-20.0,52.75343034917734,0.0024642947224384104,True,-20.0,28.658956406076005,0.004536103763095806,True,-20.0,20.414155056810994,0.006368130331048245,True,-20.0,10.91533102180899,0.011909854107058972,True,-20.0,9.884530131761577,0.01315186440499342,True,-20.0,9.370172633784493,0.013873810556198329,True,-1586.4361326041223,-20.0,1.2065813528336378,71.30282224471713
2023-05-09,15.42,15.58,15.21,15.31,965502.37,,AVAXUSDT_daily,CRYPTO,BINANCE,USDT,1,1,1,15.31,15.31,15.31,0.7063954088874459,859,0.0,0.5,1,-20.0,52.75343034917734,0.0024642947224384104,True,-20.0,28.658956406076005,0.004536103763095806,True,-20.0,20.414155056810994,0.006368130331048245,True,-20.0,10.91533102180899,0.011909854107058972,True,-20.0,9.884530131761577,0.01315186440499342,True,-20.0,9.370172633784493,0.013873810556198329,True,-1602.5194741779353,-20.0,0.14267185473411104,71.44549409945125
2023-05-10,15.32,15.74,14.66,15.52,2652746.29,,AVAXUSDT_daily,CRYPTO,BINANCE,USDT,1,1,1,15.52,15.52,15.52,0.7066025086823793,860,0.0,0.5,1,-20.0,52.75343034917734,0.0024642947224384104,True,-20.0,28.658956406076005,0.004536103763095806,True,-20.0,20.414155056810994,0.006368130331048245,True,-20.0,10.91533102180899,0.011909854107058972,True,-20.0,9.884530131761577,0.01315186440499342,True,-20.0,9.370172633784493,0.013873810556198329,True,-1571.9041738307321,-20.0,-0.2743305029392529,71.171163596512
2023-05-11,15.52,15.53,14.76,14.95,1333686.77,,AVAXUSDT_daily,CRYPTO,BINANCE,USDT,1,1,1,14.95,14.95,14.95,0.8225928199185253,861,0.0,0.5,1,-20.0,52.75343034917734,0.0024642947224384104,True,-20.0,28.658956406076005,0.004536103763095806,True,-20.0,20.414155056810994,0.006368130331048245,True,-20.0,10.91533102180899,0.011909854107058972,True,-20.0,9.884530131761577,0.01315186440499342,True,-20.0,9.370172633784493,0.013873810556198329,True,-1658.3917613253047,-20.0,0.7345360824742264,71.90569967898622
2023-05-12,14.96,15.22,14.52,15.19,1520092.84,,AVAXUSDT_daily,CRYPTO,BINANCE,USDT,1,1,1,15.19,15.19,15.19,0.8838367317746865,862,0.0,0.5,1,-20.0,52.75343034917734,0.0024642947224384104,True,-20.0,28.658956406076005,0.004536103763095806,True,-20.0,20.414155056810994,0.006368130331048245,True,-20.0,10.91533102180899,0.011909854107058972,True,-20.0,9.884530131761577,0.01315186440499342,True,-20.0,9.370172633784493,0.013873810556198329,True,-1622.2487255588583,-20.0,-0.32107023411371394,71.5846294448725
2023-05-13,15.19,15.21,14.9,14.91,588938.52,,AVAXUSDT_daily,CRYPTO,BINANCE,USDT,1,1,1,14.91,14.91,14.91,0.9628000557652365,863,0.0,0.5,1,-20.0,52.75343034917734,0.0024642947224384104,True,-20.0,28.658956406076005,0.004536103763095806,True,-20.0,20.414155056810994,0.006368130331048245,True,-20.0,10.91533102180899,0.011909854107058972,True,-20.0,9.884530131761577,0.01315186440499342,True,-20.0,9.370172633784493,0.013873810556198329,True,-1665.8177288162972,-20.0,0.3686635944700445,71.95329303934255
2023-05-14,14.91,15.14,14.79,15.03,651517.07,,AVAXUSDT_daily,CRYPTO,BINANCE,USDT,1,1,1,15.03,15.03,15.03,1.0153246823255366,864,0.0,0.5,1,-20.0,52.75343034917734,0.0024642947224384104,True,-20.0,28.658956406076005,0.004536103763095806,True,-20.0,20.414155056810994,0.006368130331048245,True,-20.0,10.91533102180899,0.011909854107058972,True,-20.0,9.884530131761577,0.01315186440499342,True,-20.0,9.370172633784493,0.013873810556198329,True,-1647.0565565028764,-20.0,-0.16096579476861272,71.79232724457394
2023-05-15,15.02,15.35,14.8,15.08,1309248.51,,AVAXUSDT_daily,CRYPTO,BINANCE,USDT,1,1,1,15.08,15.08,15.08,1.0194470895707188,865,0.0,0.5,1,-20.0,52.75343034917734,0.0024642947224384104,True,-20.0,28.658956406076005,0.004536103763095806,True,-20.0,20.414155056810994,0.006368130331048245,True,-20.0,10.91533102180899,0.011909854107058972,True,-20.0,9.884530131761577,0.01315186440499342,True,-20.0,9.370172633784493,0.013873810556198329,True,-1639.1502466187728,-20.0,-0.06653359946773296,71.72579364510621
2023-05-16,15.08,15.16,14.73,14.9,1044669.55,,AVAXUSDT_daily,CRYPTO,BINANCE,USDT,1,1,1,14.9,14.9,14.9,1.0456540385970052,866,0.0,0.5,1,-20.0,52.75343034917734,0.0024642947224384104,True,-20.0,28.658956406076005,0.004536103763095806,True,-20.0,20.414155056810994,0.006368130331048245,True,-20.0,10.91533102180899,0.011909854107058972,True,-20.0,9.884530131761577,0.01315186440499342,True,-20.0,9.370172633784493,0.013873810556198329,True,-1668.3953594282004,-20.0,0.23872679045092715,71.96452043555713
2023-05-17,14.91,15.3,14.61,15.17,1366340.39,,AVAXUSDT_daily,CRYPTO,BINANCE,USDT,1,1,1,15.17,15.17,15.17,1.0063791270597857,867,0.0,0.5,1,-20.0,52.75343034917734,0.0024642947224384104,True,-20.0,28.658956406076005,0.004536103763095806,True,-20.0,20.414155056810994,0.006368130331048245,True,-20.0,10.91533102180899,0.011909854107058972,True,-20.0,9.884530131761577,0.01315186440499342,True,-20.0,9.370172633784493,0.013873810556198329,True,-1625.0678207564304,-20.0,-0.3624161073825505,71.60210432817459
2023-05-18,15.18,15.19,14.42,14.68,1392832.43,,AVAXUSDT_daily,CRYPTO,BINANCE,USDT,1,1,1,14.68,14.68,14.68,0.9903793797341969,868,0.0,0.5,1,-20.0,52.75343034917734,0.0024642947224384104,True,-20.0,28.658956406076005,0.004536103763095806,True,-20.0,20.414155056810994,0.006368130331048245,True,-20.0,10.91533102180899,0.011909854107058972,True,-20.0,9.884530131761577,0.01315186440499342,True,-20.0,9.370172633784493,0.013873810556198329,True,-1706.4509900557007,-20.0,0.646011865524061,72.24811619369865
2023-05-19,14.68,14.84,14.56,14.68,850528.6,,AVAXUSDT_daily,CRYPTO,BINANCE,USDT,1,1,1,14.68,14.68,14.68,0.9573103769979615,869,0.0,0.5,1,-20.0,52.75343034917734,0.0024642947224384104,True,-20.0,28.658956406076005,0.004536103763095806,True,-20.0,20.414155056810994,0.006368130331048245,True,-20.0,10.91533102180899,0.011909854107058972,True,-20.0,9.884530131761577,0.01315186440499342,True,-20.0,9.370172633784493,0.013873810556198329,True,-1706.4509900557007,-20.0,-0.0,72.24811619369865
2023-05-20,14.68,14.71,14.53,14.63,449868.14,,AVAXUSDT_daily,CRYPTO,BINANCE,USDT,1,1,1,14.63,14.63,14.63,0.9395254961457934,870,0.0,0.5,1,-20.0,52.75343034917734,0.0024642947224384104,True,-20.0,28.658956406076005,0.004536103763095806,True,-20.0,20.414155056810994,0.006368130331048245,True,-20.0,10.91533102180899,0.011909854107058972,True,-20.0,9.884530131761577,0.01315186440499342,True,-20.0,9.370172633784493,0.013873810556198329,True,-1715.0386893975754,-20.0,0.06811989100817373,72.31623608470683
2023-05-21,14.63,14.7,14.17,14.31,799580.25,,AVAXUSDT_daily,CRYPTO,BINANCE,USDT,1,1,1,14.31,14.31,14.31,0.9570584044283642,871,0.0,0.5,1,-20.0,52.75343034917734,0.0024642947224384104,True,-20.0,28.658956406076005,0.004536103763095806,True,-20.0,20.414155056810994,0.006368130331048245,True,-20.0,10.91533102180899,0.011909854107058972,True,-20.0,9.884530131761577,0.01315186440499342,True,-20.0,9.370172633784493,0.013873810556198329,True,-1771.7810458917809,-20.0,0.4374572795625431,72.75369336426937
2023-05-22,14.31,14.79,14.08,14.68,1338597.29,,AVAXUSDT_daily,CRYPTO,BINANCE,USDT,1,1,1,14.68,14.68,14.68,0.925966209462274,872,0.0,0.5,1,-20.0,52.75343034917734,0.0024642947224384104,True,-20.0,28.658956406076005,0.004536103763095806,True,-20.0,20.414155056810994,0.006368130331048245,True,-20.0,10.91533102180899,0.011909854107058972,True,-20.0,9.884530131761577,0.01315186440499342,True,-20.0,9.370172633784493,0.013873810556198329,True,-1708.2052442010563,-20.0,-0.5171208944793859,72.23657246978998
2023-05-23,14.68,14.97,14.6,14.71,1082049.27,,AVAXUSDT_daily,CRYPTO,BINANCE,USDT,1,1,1,14.71,14.71,14.71,0.8404527288830734,873,0.0,0.5,1,-20.0,52.75343034917734,0.0024642947224384104,True,-20.0,28.658956406076005,0.004536103763095806,True,-20.0,20.414155056810994,0.006368130331048245,True,-20.0,10.91533102180899,0.011909854107058972,True,-20.0,9.884530131761577,0.01315186440499342,True,-20.0,9.370172633784493,0.013873810556198329,True,-1702.987406317946,-20.0,-0.04087193460490468,72.19570053518507
2023-05-24,14.71,14.72,14.0,14.14,1527725.49,,AVAXUSDT_daily,CRYPTO,BINANCE,USDT,1,1,1,14.14,14.14,14.14,0.789786113626026,874,0.0,0.5,1,-20.0,52.75343034917734,0.0024642947224384104,True,-20.0,28.658956406076005,0.004536103763095806,True,-20.0,20.414155056810994,0.006368130331048245,True,-20.0,10.91533102180899,0.011909854107058972,True,-20.0,9.884530131761577,0.01315186440499342,True,-20.0,9.370172633784493,0.013873810556198329,True,-1805.143727655591,-20.0,0.774983004758667,72.97068353994374
2023-05-25,14.14,14.25,13.71,14.08,1411087.75,,AVAXUSDT_daily,CRYPTO,BINANCE,USDT,1,1,1,14.08,14.08,14.08,0.6367425324610808,875,0.0,0.5,1,-20.0,52.75343034917734,0.0024642947224384104,True,-20.0,28.658956406076005,0.004536103763095806,True,-20.0,20.414155056810994,0.006368130331048245,True,-20.0,10.91533102180899,0.011909854107058972,True,-20.0,9.884530131761577,0.01315186440499342,True,-20.0,9.370172633784493,0.013873810556198329,True,-1816.1053917323943,-20.0,0.08486562942008558,73.05554916936381
2023-05-26,14.08,14.39,13.96,14.33,1159336.18,,AVAXUSDT_daily,CRYPTO,BINANCE,USDT,1,1,1,14.33,14.33,14.33,0.5374528131186773,876,0.0,0.5,1,-20.0,52.75343034917734,0.0024642947224384104,True,-20.0,28.658956406076005,0.004536103763095806,True,-20.0,20.414155056810994,0.006368130331048245,True,-20.0,10.91533102180899,0.011909854107058972,True,-20.0,9.884530131761577,0.01315186440499342,True,-20.0,9.370172633784493,0.013873810556198329,True,-1771.1032389682232,-20.0,-0.3551136363636376,72.70043553300017
2023-05-27,14.33,14.62,14.26,14.56,866210.61,,AVAXUSDT_daily,CRYPTO,BINANCE,USDT,1,1,1,14.56,14.56,14.56,0.4088932430646559,877,0.0,0.5,1,-20.0,52.75343034917734,0.0024642947224384104,True,-20.0,28.658956406076005,0.004536103763095806,True,-20.0,20.414155056810994,0.006368130331048245,True,-20.0,10.91533102180899,0.011909854107058972,True,-20.0,9.884530131761577,0.01315186440499342,True,-20.0,9.370172633784493,0.013873810556198329,True,-1730.126235242957,-20.0,-0.32100488485694356,72.37943064814323
2023-05-28,14.56,15.06,14.24,14.89,1663810.9,,AVAXUSDT_daily,CRYPTO,BINANCE,USDT,1,1,1,14.89,14.89,14.89,0.383966487041909,878,0.0,0.5,1,20.0,52.75343034917734,0.0024642947224384104,True,-20.0,28.658956406076005,0.004536103763095806,True,-20.0,20.414155056810994,0.006368130331048245,True,-20.0,10.91533102180899,0.011909854107058972,True,-20.0,9.884530131761577,0.01315186440499342,True,-20.0,9.370172633784493,0.013873810556198329,True,-1672.6327881850461,-16.933333333333334,-0.4532967032967017,71.92613394484653
2023-05-29,14.9,14.98,14.35,14.48,1345784.55,,AVAXUSDT_daily,CRYPTO,BINANCE,USDT,1,1,1,14.48,14.48,14.48,0.3690870671959546,879,0.0,0.5,1,20.0,52.75343034917734,0.0024642947224384104,True,-20.0,28.658956406076005,0.004536103763095806,True,-20.0,20.414155056810994,0.006368130331048245,True,-20.0,10.91533102180899,0.011909854107058972,True,-20.0,9.884530131761577,0.01315186440499342,True,-20.0,9.370172633784493,0.013873810556198329,True,-1746.12141014778,-16.933333333333334,0.46626371166330866,72.39239765650983
2023-05-30,14.48,14.73,14.37,14.45,1193651.11,,AVAXUSDT_daily,CRYPTO,BINANCE,USDT,1,1,1,14.45,14.45,14.45,0.3260267183315754,880,0.0,0.5,1,-20.0,52.75343034917734,0.0024642947224384104,True,-20.0,28.658956406076005,0.004536103763095806,True,-20.0,20.414155056810994,0.006368130331048245,True,-20.0,10.91533102180899,0.011909854107058972,True,-20.0,9.884530131761577,0.01315186440499342,True,-20.0,9.370172633784493,0.013873810556198329,True,-1751.589367781555,-20.0,0.03508287292817882,72.42748052943801
2023-05-31,14.44,14.46,13.96,14.11,1145769.56,,AVAXUSDT_daily,CRYPTO,BINANCE,USDT,1,1,1,14.11,14.11,14.11,0.3446810119711145,881,0.0,0.5,1,-20.0,52.75343034917734,0.0024642947224384104,True,-20.0,28.658956406076005,0.004536103763095806,True,-20.0,20.414155056810994,0.006368130331048245,True,-20.0,10.91533102180899,0.011909854107058972,True,-20.0,9.884530131761577,0.01315186440499342,True,-20.0,9.370172633784493,0.013873810556198329,True,-1815.3827360370674,-20.0,0.4705882352941182,72.89806876473213
2023-06-01,14.1,14.3,13.83,14.09,1037684.09,,AVAXUSDT_daily,CRYPTO,BINANCE,USDT,1,1,1,14.09,14.09,14.09,0.3418136611676146,882,0.0,0.5,1,-20.0,52.75343034917734,0.0024642947224384104,True,-20.0,28.658956406076005,0.004536103763095806,True,-20.0,20.414155056810994,0.006368130331048245,True,-20.0,10.91533102180899,0.011909854107058972,True,-20.0,9.884530131761577,0.01315186440499342,True,-20.0,9.370172633784493,0.013873810556198329,True,-1819.1942601149788,-20.0,0.028348688873138794,72.92641745360527
2023-06-02,14.09,14.57,13.96,14.49,1166756.42,,AVAXUSDT_daily,CRYPTO,BINANCE,USDT,1,1,1,14.49,14.49,14.49,0.3342938354718741,883,0.0,0.5,1,-20.0,52.75343034917734,0.0024642947224384104,True,-20.0,28.658956406076005,0.004536103763095806,True,-20.0,20.414155056810994,0.006368130331048245,True,-20.0,10.91533102180899,0.011909854107058972,True,-20.0,9.884530131761577,0.01315186440499342,True,-20.0,9.370172633784493,0.013873810556198329,True,-1745.8784961152242,-20.0,-0.5677785663591184,72.35863888724614
2023-06-03,14.49,14.6,14.39,14.58,728715.16,,AVAXUSDT_daily,CRYPTO,BINANCE,USDT,1,1,1,14.58,14.58,14.58,0.3167034143248639,884,0.0,0.5,1,20.0,52.75343034917734,0.0024642947224384104,True,-20.0,28.658956406076005,0.004536103763095806,True,-20.0,20.414155056810994,0.006368130331048245,True,-20.0,10.91533102180899,0.011909854107058972,True,-20.0,9.884530131761577,0.01315186440499342,True,-20.0,9.370172633784493,0.013873810556198329,True,-1729.2756795191515,-16.933333333333334,-0.12422360248447006,72.23441528476167
2023-06-04,14.57,14.93,14.52,14.79,1070607.7,,AVAXUSDT_daily,CRYPTO,BINANCE,USDT,1,1,1,14.79,14.79,14.79,0.29730145964691557,885,0.0,0.5,1,20.0,52.75343034917734,0.0024642947224384104,True,-20.0,28.658956406076005,0.004536103763095806,True,-20.0,20.414155056810994,0.006368130331048245,True,-20.0,10.91533102180899,0.011909854107058972,True,-20.0,9.884530131761577,0.01315186440499342,True,-20.0,9.370172633784493,0.013873810556198329,True,-1690.7882420770063,-16.933333333333334,-0.24389574759945112,71.99051953716221
2023-06-05,14.79,14.9,13.48,13.87,2829208.26,,AVAXUSDT_daily,CRYPTO,BINANCE,USDT,1,1,1,13.87,13.87,13.87,0.3195786700160814,886,0.0,0.5,1,-20.0,52.75343034917734,0.0024642947224384104,True,-20.0,28.658956406076005,0.004536103763095806,True,-20.0,20.414155056810994,0.006368130331048245,True,-20.0,10.91533102180899,0.011909854107058972,True,-20.0,9.884530131761577,0.01315186440499342,True,-20.0,9.370172633784493,0.013873810556198329,True,-1858.6616672086311,-20.0,1.0533243182330394,73.04384385539525
2023-06-06,13.87,14.67,13.81,14.62,1992149.85,,AVAXUSDT_daily,CRYPTO,BINANCE,USDT,1,1,1,14.62,14.62,14.62,0.27866741167429643,887,0.0,0.5,1,10.143723844043006,52.75343034917734,0.0024642947224384104,True,-20.0,28.658956406076005,0.004536103763095806,True,-20.0,20.414155056810994,0.006368130331048245,True,-20.0,10.91533102180899,0.011909854107058972,True,-20.0,9.884530131761577,0.01315186440499342,True,-20.0,9.370172633784493,0.013873810556198329,True,-1734.9046949802425,-19.019578453010897,-1.0814708002883933,71.96237305510687
2023-06-07,14.63,14.7,13.95,14.02,1702244.4,,AVAXUSDT_daily,CRYPTO,BINANCE,USDT,1,1,1,14.02,14.02,14.02,0.2899087878568455,888,0.0,0.5,1,-20.0,52.75343034917734,0.0024642947224384104,True,-20.0,28.658956406076005,0.004536103763095806,True,-20.0,20.414155056810994,0.006368130331048245,True,-20.0,10.91533102180899,0.011909854107058972,True,-20.0,9.884530131761577,0.01315186440499342,True,-20.0,9.370172633784493,0.013873810556198329,True,-1837.0167215456215,-20.0,0.7805572552535257,72.74293031036039
2023-06-08,14.01,14.11,13.79,13.93,920454.95,,AVAXUSDT_daily,CRYPTO,BINANCE,USDT,1,1,1,13.93,13.93,13.93,0.3034468652226834,889,0.0,0.5,1,-20.0,52.75343034917734,0.0024642947224384104,True,-20.0,28.658956406076005,0.004536103763095806,True,-20.0,20.414155056810994,0.006368130331048245,True,-20.0,10.91533102180899,0.011909854107058972,True,-20.0,9.884530131761577,0.01315186440499342,True,-20.0,9.370172633784493,0.013873810556198329,True,-1852.6799678840746,-20.0,0.12838801711840153,72.87131832747879
2023-06-09,13.93,14.25,13.7,13.75,1330825.25,,AVAXUSDT_daily,CRYPTO,BINANCE,USDT,1,1,1,13.75,13.75,13.75,0.3292159745641408,890,0.0,0.5,1,-20.0,52.75343034917734,0.0024642947224384104,True,-20.0,28.658956406076005,0.004536103763095806,True,-20.0,20.414155056810994,0.006368130331048245,True,-20.0,10.91533102180899,0.011909854107058972,True,-20.0,9.884530131761577,0.01315186440499342,True,-20.0,9.370172633784493,0.013873810556198329,True,-1884.8743316692937,-20.0,0.25843503230437825,73.12975335978317
2023-06-10,13.76,13.76,10.0,11.65,7634205.663,,AVAXUSDT_daily,CRYPTO,BINANCE,USDT,1,1,1,11.65,11.65,11.65,0.686791932034905,891,0.0,0.5,1,-20.0,52.75343034917734,0.0024642947224384104,True,-20.0,28.658956406076005,0.004536103763095806,True,-20.0,20.414155056810994,0.006368130331048245,True,-20.0,10.91533102180899,0.011909854107058972,True,-20.0,9.884530131761577,0.01315186440499342,True,-20.0,9.370172633784493,0.013873810556198329,True,-2228.702312708393,-20.0,3.0545454545454542,76.18429881432861
2023-06-11,11.65,11.81,11.44,11.58,1692031.53,,AVAXUSDT_daily,CRYPTO,BINANCE,USDT,1,1,1,11.58,11.58,11.58,0.8939468958753106,892,0.0,0.5,1,-20.0,52.75343034917734,0.0024642947224384104,True,-20.0,28.658956406076005,0.004536103763095806,True,-20.0,20.414155056810994,0.006368130331048245,True,-20.0,10.91533102180899,0.011909854107058972,True,-20.0,9.884530131761577,0.01315186440499342,True,-20.0,9.370172633784493,0.013873810556198329,True,-2240.4485118189614,-20.0,0.12017167381974225,76.30447048814835
2023-06-12,11.58,11.61,11.16,11.52,1987087.75,,AVAXUSDT_daily,CRYPTO,BINANCE,USDT,1,1,1,11.52,11.52,11.52,1.0432352260423603,893,0.0,0.5,1,-20.0,52.75343034917734,0.0024642947224384104,True,-20.0,28.658956406076005,0.004536103763095806,True,-20.0,20.414155056810994,0.006368130331048245,True,-20.0,10.91533102180899,0.011909854107058972,True,-20.0,9.884530131761577,0.01315186440499342,True,-20.0,9.370172633784493,0.013873810556198329,True,-2250.755684909814,-20.0,0.10362694300518172,76.40809743115354
2023-06-13,11.52,12.08,11.43,11.8,1946941.54,,AVAXUSDT_daily,CRYPTO,BINANCE,USDT,1,1,1,11.8,11.8,11.8,1.1411142984464044,894,0.0,0.5,1,-20.0,52.75343034917734,0.0024642947224384104,True,-20.0,28.658956406076005,0.004536103763095806,True,-20.0,20.414155056810994,0.006368130331048245,True,-20.0,10.91533102180899,0.011909854107058972,True,-20.0,9.884530131761577,0.01315186440499342,True,-20.0,9.370172633784493,0.013873810556198329,True,-2203.5410059454784,-20.0,-0.4861111111111116,75.92198632004242
2023-06-14,11.8,11.96,11.16,11.38,2059036.04,,AVAXUSDT_daily,CRYPTO,BINANCE,USDT,1,1,1,11.38,11.38,11.38,1.2574722974924557,895,0.0,0.5,1,-20.0,52.75343034917734,0.0024642947224384104,True,-20.0,28.658956406076005,0.004536103763095806,True,-20.0,20.414155056810994,0.006368130331048245,True,-20.0,10.91533102180899,0.011909854107058972,True,-20.0,9.884530131761577,0.01315186440499342,True,-20.0,9.370172633784493,0.013873810556198329,True,-2277.862636089486,-20.0,0.7118644067796609,76.63385072682209
2023-06-15,11.39,11.57,11.02,11.41,2323911.7,,AVAXUSDT_daily,CRYPTO,BINANCE,USDT,1,1,1,11.41,11.41,11.41,1.3404683981091827,896,0.0,0.5,1,-20.0,52.75343034917734,0.0024642947224384104,True,-20.0,28.658956406076005,0.004536103763095806,True,-20.0,20.414155056810994,0.006368130331048245,True,-20.0,10.91533102180899,0.011909854107058972,True,-20.0,9.884530131761577,0.01315186440499342,True,-20.0,9.370172633784493,0.013873810556198329,True,-2272.48104834238,-20.0,-0.05272407732864526,76.58112664949344
2023-06-16,11.4,11.73,11.22,11.55,1210256.45,,AVAXUSDT_daily,CRYPTO,BINANCE,USDT,1,1,1,11.55,11.55,11.55,1.3833049669514599,897,0.0,0.5,1,-20.0,52.75343034917734,0.0024642947224384104,True,-20.0,28.658956406076005,0.004536103763095806,True,-20.0,20.414155056810994,0.006368130331048245,True,-20.0,10.91533102180899,0.011909854107058972,True,-20.0,9.884530131761577,0.01315186440499342,True,-20.0,9.370172633784493,0.013873810556198329,True,-2247.360798995628,-20.0,-0.245398773006138,76.3357278764873
2023-06-17,11.54,11.85,11.47,11.62,1144774.1,,AVAXUSDT_daily,CRYPTO,BINANCE,USDT,1,1,1,11.62,11.62,11.62,1.3847039394808036,898,0.0,0.5,1,-20.0,52.75343034917734,0.0024642947224384104,True,-20.0,28.658956406076005,0.004536103763095806,True,-20.0,20.414155056810994,0.006368130331048245,True,-20.0,10.91533102180899,0.011909854107058972,True,-20.0,9.884530131761577,0.01315186440499342,True,-20.0,9.370172633784493,0.013873810556198329,True,-2234.683019401735,-20.0,-0.12121212121211755,76.21451575527519
2023-06-18,11.63,11.63,11.25,11.34,1329941.71,,AVAXUSDT_daily,CRYPTO,BINANCE,USDT,1,1,1,11.34,11.34,11.34,1.4079020413041592,899,0.0,0.5,1,-20.0,52.75343034917734,0.0024642947224384104,True,-20.0,28.658956406076005,0.004536103763095806,True,-20.0,20.414155056810994,0.006368130331048245,True,-20.0,10.91533102180899,0.011909854107058972,True,-20.0,9.884530131761577,0.01315186440499342,True,-20.0,9.370172633784493,0.013873810556198329,True,-2287.430231681097,-20.0,0.4819277108433728,76.69644346611857
2023-06-19,11.34,11.52,11.17,11.47,1123434.72,,AVAXUSDT_daily,CRYPTO,BINANCE,USDT,1,1,1,11.47,11.47,11.47,1.407122016185788,900,0.0,0.5,1,-20.0,52.75343034917734,0.0024642947224384104,True,-20.0,28.658956406076005,0.004536103763095806,True,-20.0,20.414155056810994,0.006368130331048245,True,-20.0,10.91533102180899,0.011909854107058972,True,-20.0,9.884530131761577,0.01315186440499342,True,-20.0,9.370172633784493,0.013873810556198329,True,-2262.91661992515,-20.0,-0.22927689594356426,76.467166570175
2023-06-20,11.48,12.13,11.17,12.12,1626750.24,,AVAXUSDT_daily,CRYPTO,BINANCE,USDT,1,1,1,12.12,12.12,12.12,1.3856516612516687,901,0.0,0.5,1,20.0,52.75343034917734,0.0024642947224384104,True,-20.0,28.658956406076005,0.004536103763095806,True,-20.0,20.414155056810994,0.006368130331048245,True,-20.0,10.91533102180899,0.011909854107058972,True,-20.0,9.884530131761577,0.01315186440499342,True,-20.0,9.370172633784493,0.013873810556198329,True,-2150.600193224557,-16.933333333333334,-1.133391455972097,75.3337751142029
2023-06-21,12.12,13.04,12.06,12.9,2738855.15,,AVAXUSDT_daily,CRYPTO,BINANCE,USDT,1,1,1,12.9,12.9,12.9,1.3515234094641195,902,0.0,0.5,1,20.0,52.75343034917734,0.0024642947224384104,True,-20.0,28.658956406076005,0.004536103763095806,True,-20.0,20.414155056810994,0.006368130331048245,True,-20.0,10.91533102180899,0.011909854107058972,True,-20.0,9.884530131761577,0.01315186440499342,True,-20.0,9.370172633784493,0.013873810556198329,True,-2028.0754442188302,-16.933333333333334,-1.0897689768976908,74.2440061373052
2023-06-22,12.9,13.24,12.58,12.65,2240979.03,,AVAXUSDT_daily,CRYPTO,BINANCE,USDT,1,1,1,12.65,12.65,12.65,1.285681776954426,903,0.0,0.5,1,20.0,52.75343034917734,0.0024642947224384104,True,-20.0,28.658956406076005,0.004536103763095806,True,-20.0,20.414155056810994,0.006368130331048245,True,-20.0,10.91533102180899,0.011909854107058972,True,-20.0,9.884530131761577,0.01315186440499342,True,-20.0,9.370172633784493,0.013873810556198329,True,-2068.703251430867,-16.933333333333334,0.3281653746770032,74.5721715119822
2023-06-23,12.66,13.51,12.62,13.29,2283130.73,,AVAXUSDT_daily,CRYPTO,BINANCE,USDT,1,1,1,13.29,13.29,13.29,1.212870019509213,904,0.0,0.5,1,20.0,52.75343034917734,0.0024642947224384104,True,20.0,28.658956406076005,0.004536103763095806,True,-20.0,20.414155056810994,0.006368130331048245,True,-20.0,10.91533102180899,0.011909854107058972,True,-20.0,9.884530131761577,0.01315186440499342,True,-20.0,9.370172633784493,0.013873810556198329,True,-1970.7207621720177,-8.466666666666667,-0.8567061923583651,73.71546531962385
2023-06-24,13.28,13.4,12.73,13.01,1396657.31,,AVAXUSDT_daily,CRYPTO,BINANCE,USDT,1,1,1,13.01,13.01,13.01,1.101001458009971,905,0.0,0.5,1,20.0,52.75343034917734,0.0024642947224384104,True,20.0,28.658956406076005,0.004536103763095806,True,-20.0,20.414155056810994,0.006368130331048245,True,-20.0,10.91533102180899,0.011909854107058972,True,-20.0,9.884530131761577,0.01315186440499342,True,-20.0,9.370172633784493,0.013873810556198329,True,-2015.069521774091,-8.466666666666667,0.17837973413594105,73.89384505375979
2023-06-25,13.01,13.68,12.97,13.44,1464082.61,,AVAXUSDT_daily,CRYPTO,BINANCE,USDT,1,1,1,13.44,13.44,13.44,1.076225739386971,906,0.0,0.5,1,20.0,52.75343034917734,0.0024642947224384104,True,20.0,28.658956406076005,0.004536103763095806,True,-20.0,20.414155056810994,0.006368130331048245,True,-20.0,10.91533102180899,0.011909854107058972,True,-20.0,9.884530131761577,0.01315186440499342,True,-20.0,9.370172633784493,0.013873810556198329,True,-1948.7045782250489,-8.466666666666667,-0.2798360235716115,73.61400903018819
2023-06-26,13.44,13.69,12.96,13.15,2115880.03,,AVAXUSDT_daily,CRYPTO,BINANCE,USDT,1,1,1,13.15,13.15,13.15,0.9648392285017675,907,0.0,0.5,1,20.0,52.75343034917734,0.0024642947224384104,True,20.0,28.658956406076005,0.004536103763095806,True,-20.0,20.414155056810994,0.006368130331048245,True,-20.0,10.91533102180899,0.011909854107058972,True,-20.0,9.884530131761577,0.01315186440499342,True,-20.0,9.370172633784493,0.013873810556198329,True,-1994.9824932737306,-8.466666666666667,0.1826884920634919,73.79669752225168
2023-06-27,13.15,13.47,13.09,13.2,1323233.27,,AVAXUSDT_daily,CRYPTO,BINANCE,USDT,1,1,1,13.2,13.2,13.2,0.9071331359450917,908,0.0,0.5,1,20.0,52.75343034917734,0.0024642947224384104,True,20.0,28.658956406076005,0.004536103763095806,True,-20.0,20.414155056810994,0.006368130331048245,True,-20.0,10.91533102180899,0.011909854107058972,True,-20.0,9.884530131761577,0.01315186440499342,True,-20.0,9.370172633784493,0.013873810556198329,True,-1986.890535139431,-8.466666666666667,-0.03219264892268628,73.76450487332899
2023-06-28,13.2,13.21,12.08,12.34,2629569.82,,AVAXUSDT_daily,CRYPTO,BINANCE,USDT,1,1,1,12.34,12.34,12.34,0.8263443592194472,909,0.0,0.5,1,-20.0,52.75343034917734,0.0024642947224384104,True,20.0,28.658956406076005,0.004536103763095806,True,-20.0,20.414155056810994,0.006368130331048245,True,-20.0,10.91533102180899,0.011909854107058972,True,-20.0,9.884530131761577,0.01315186440499342,True,-20.0,9.370172633784493,0.013873810556198329,True,-2131.002404763478,-16.933333333333334,0.5516161616161609,74.31612103494516
2023-06-29,12.34,12.96,12.27,12.67,1769980.72,,AVAXUSDT_daily,CRYPTO,BINANCE,USDT,1,1,1,12.67,12.67,12.67,0.7560456335525036,910,0.0,0.5,1,-20.0,52.75343034917734,0.0024642947224384104,True,5.812207902967252,28.658956406076005,0.004536103763095806,True,-20.0,20.414155056810994,0.006368130331048245,True,-20.0,10.91533102180899,0.011909854107058972,True,-20.0,9.884530131761577,0.01315186440499342,True,-20.0,9.370172633784493,0.013873810556198329,True,-2076.684566290937,-19.936415993871933,-0.45283630470016156,73.863284730245
2023-06-30,12.68,13.34,12.12,13.03,3869609.02,,AVAXUSDT_daily,CRYPTO,BINANCE,USDT,1,1,1,13.03,13.03,13.03,0.7656869980358586,911,0.0,0.5,1,20.0,52.75343034917734,0.0024642947224384104,True,20.0,28.658956406076005,0.004536103763095806,True,-20.0,20.414155056810994,0.006368130331048245,True,-20.0,10.91533102180899,0.011909854107058972,True,-20.0,9.884530131761577,0.01315186440499342,True,-20.0,9.370172633784493,0.013873810556198329,True,-2018.5884787107639,-8.466666666666667,-0.566464858547268,73.29681987169774
2023-07-01,13.03,13.16,12.83,12.99,1571688.38,,AVAXUSDT_daily,CRYPTO,BINANCE,USDT,1,1,1,12.99,12.99,12.99,0.7633816731892079,912,0.0,0.5,1,20.0,52.75343034917734,0.0024642947224384104,True,20.0,28.658956406076005,0.004536103763095806,True,-20.0,20.414155056810994,0.006368130331048245,True,-20.0,10.91533102180899,0.011909854107058972,True,-20.0,9.884530131761577,0.01315186440499342,True,-20.0,9.370172633784493,0.013873810556198329,True,-2025.1795782680695,-8.466666666666667,0.02599130212330419,73.32281117382104
2023-07-02,13.0,13.22,12.71,13.13,2019538.49,,AVAXUSDT_daily,CRYPTO,BINANCE,USDT,1,1,1,13.13,13.13,13.13,0.7567762305805257,913,0.0,0.5,1,20.0,52.75343034917734,0.0024642947224384104,True,20.0,28.658956406076005,0.004536103763095806,True,-20.0,20.414155056810994,0.006368130331048245,True,-20.0,10.91533102180899,0.011909854107058972,True,-20.0,9.884530131761577,0.01315186440499342,True,-20.0,9.370172633784493,0.013873810556198329,True,-2001.9785394925113,-8.466666666666667,-0.09124967924044133,73.23156149458059
2023-07-03,13.13,13.49,13.07,13.25,2397430.98,,AVAXUSDT_daily,CRYPTO,BINANCE,USDT,1,1,1,13.25,13.25,13.25,0.763227909682964,914,0.0,0.5,1,20.0,52.75343034917734,0.0024642947224384104,True,20.0,28.658956406076005,0.004536103763095806,True,-20.0,20.414155056810994,0.006368130331048245,True,-20.0,10.91533102180899,0.011909854107058972,True,-20.0,9.884530131761577,0.01315186440499342,True,-20.0,9.370172633784493,0.013873810556198329,True,-1981.9403008741194,-8.466666666666667,-0.07738004569687774,73.1541814488837
2023-07-04,13.25,13.4,13.0,13.04,2120178.89,,AVAXUSDT_daily,CRYPTO,BINANCE,USDT,1,1,1,13.04,13.04,13.04,0.7246487352417276,915,0.0,0.5,1,20.0,52.75343034917734,0.0024642947224384104,True,20.0,28.658956406076005,0.004536103763095806,True,-20.0,20.414155056810994,0.006368130331048245,True,-20.0,10.91533102180899,0.011909854107058972,True,-20.0,9.884530131761577,0.01315186440499342,True,-20.0,9.370172633784493,0.013873810556198329,True,-2018.045389375229,-8.466666666666667,0.13418867924528374,73.28837012812899
2023-07-05,13.04,13.16,12.5,12.67,1996286.11,,AVAXUSDT_daily,CRYPTO,BINANCE,USDT,1,1,1,12.67,12.67,12.67,0.6703110040264928,916,0.0,0.5,1,-20.0,52.75343034917734,0.0024642947224384104,True,15.301405535929181,28.658956406076005,0.004536103763095806,True,-20.0,20.414155056810994,0.006368130331048245,True,-20.0,10.91533102180899,0.011909854107058972,True,-20.0,9.884530131761577,0.01315186440499342,True,-20.0,9.370172633784493,0.013873810556198329,True,-2083.8843298860734,-17.92786916156166,0.24023517382412996,73.52860530195312
2023-07-06,12.67,13.12,12.24,12.37,2295716.98,,AVAXUSDT_daily,CRYPTO,BINANCE,USDT,1,1,1,12.37,12.37,12.37,0.623372829231642,917,0.0,0.5,1,-20.0,52.75343034917734,0.0024642947224384104,True,-20.0,28.658956406076005,0.004536103763095806,True,-20.0,20.414155056810994,0.006368130331048245,True,-20.0,10.91533102180899,0.011909854107058972,True,-20.0,9.884530131761577,0.01315186440499342,True,-20.0,9.370172633784493,0.013873810556198329,True,-2139.1081674726315,-20.0,0.424495718111168,73.9531010200643
2023-07-07,12.37,12.75,12.25,12.74,1501124.31,,AVAXUSDT_daily,CRYPTO,BINANCE,USDT,1,1,1,12.74,12.74,12.74,0.5708534700115724,918,0.0,0.5,1,-20.0,52.75343034917734,0.0024642947224384104,True,-20.0,28.658956406076005,0.004536103763095806,True,-20.0,20.414155056810994,0.006368130331048245,True,-20.0,10.91533102180899,0.011909854107058972,True,-20.0,9.884530131761577,0.01315186440499342,True,-20.0,9.370172633784493,0.013873810556198329,True,-2072.8518932427796,-20.0,-0.5982215036378369,73.35487951642646
2023-07-08,12.74,13.89,12.72,13.64,4132298.8,,AVAXUSDT_daily,CRYPTO,BINANCE,USDT,1,1,1,13.64,13.64,13.64,0.5014242872091288,919,0.0,0.5,1,20.0,52.75343034917734,0.0024642947224384104,True,20.0,28.658956406076005,0.004536103763095806,True,-20.0,20.414155056810994,0.006368130331048245,True,-20.0,10.91533102180899,0.011909854107058972,True,-20.0,9.884530131761577,0.01315186440499342,True,-20.0,9.370172633784493,0.013873810556198329,True,-1929.7433786522295,-8.466666666666667,-1.4128728414442726,71.9420066749822
2023-07-09,13.64,14.21,13.57,13.58,2882299.75,,AVAXUSDT_daily,CRYPTO,BINANCE,USDT,1,1,1,13.58,13.58,13.58,0.40794059166682906,920,0.0,0.5,1,20.0,52.75343034917734,0.0024642947224384104,True,20.0,28.658956406076005,0.004536103763095806,True,-20.0,20.414155056810994,0.006368130331048245,True,-20.0,10.91533102180899,0.011909854107058972,True,-20.0,9.884530131761577,0.01315186440499342,True,-20.0,9.370172633784493,0.013873810556198329,True,-1939.4879978812146,-8.466666666666667,0.03724340175953076,71.97925007674172
2023-07-10,13.58,13.85,13.16,13.39,2544390.52,,AVAXUSDT_daily,CRYPTO,BINANCE,USDT,1,1,1,13.39,13.39,13.39,0.36701355204148034,921,0.0,0.5,1,20.0,52.75343034917734,0.0024642947224384104,True,20.0,28.658956406076005,0.004536103763095806,True,7.118104899852983,20.414155056810994,0.006368130331048245,True,-20.0,10.91533102180899,0.011909854107058972,True,-20.0,9.884530131761577,0.01315186440499342,True,-20.0,9.370172633784493,0.013873810556198329,True,-1971.207363996535,-2.726667796197786,0.11845851742758917,72.0977085941693
2023-07-11,13.38,13.69,13.15,13.27,2000014.47,,AVAXUSDT_daily,CRYPTO,BINANCE,USDT,1,1,1,13.27,13.27,13.27,0.36974920378263304,922,0.0,0.5,1,20.0,52.75343034917734,0.0024642947224384104,True,20.0,28.658956406076005,0.004536103763095806,True,17.269016518523483,20.414155056810994,0.006368130331048245,True,-20.0,10.91533102180899,0.011909854107058972,True,-20.0,9.884530131761577,0.01315186440499342,True,-20.0,9.370172633784493,0.013873810556198329,True,-1991.737313024295,-0.5780581702458621,0.024436156500652544,72.12214475066996
2023-07-12,13.26,13.38,12.85,13.01,1755979.45,,AVAXUSDT_daily,CRYPTO,BINANCE,USDT,1,1,1,13.01,13.01,13.01,0.35821891279964835,923,0.0,0.5,1,-20.0,52.75343034917734,0.0024642947224384104,True,20.0,28.658956406076005,0.004536103763095806,True,-19.641725763339902,20.414155056810994,0.006368130331048245,True,-20.0,10.91533102180899,0.011909854107058972,True,-20.0,9.884530131761577,0.01315186440499342,True,-20.0,9.370172633784493,0.013873810556198329,True,-2037.5922227332971,-16.857498619906945,0.011325932499165307,72.13347068316912
2023-07-13,13.01,14.2,12.89,14.11,4270359.34,,AVAXUSDT_daily,CRYPTO,BINANCE,USDT,1,1,1,14.11,14.11,14.11,0.42632178359962597,924,0.0,0.5,1,20.0,52.75343034917734,0.0024642947224384104,True,20.0,28.658956406076005,0.004536103763095806,True,20.0,20.414155056810994,0.006368130331048245,True,-20.0,10.91533102180899,0.011909854107058972,True,-20.0,9.884530131761577,0.01315186440499342,True,-20.0,9.370172633784493,0.013873810556198329,True,-1871.7356692021092,0.0,-1.4253073391158817,70.70816334405325
2023-07-14,14.11,15.97,14.02,14.64,8887780.0,,AVAXUSDT_daily,CRYPTO,BINANCE,USDT,1,1,1,14.64,14.64,14.64,0.5467136265791657,925,0.0,0.5,1,20.0,52.75343034917734,0.0024642947224384104,True,20.0,28.658956406076005,0.004536103763095806,True,20.0,20.414155056810994,0.006368130331048245,True,-20.0,10.91533102180899,0.011909854107058972,True,-20.0,9.884530131761577,0.01315186440499342,True,-20.0,9.370172633784493,0.013873810556198329,True,-1794.283038931637,0.0,0.0,70.70816334405325
2023-07-15,14.63,15.35,14.41,14.84,2332639.5,,AVAXUSDT_daily,CRYPTO,BINANCE,USDT,1,1,1,14.84,14.84,14.84,0.6593705132153385,926,0.0,0.5,1,20.0,52.75343034917734,0.0024642947224384104,True,20.0,28.658956406076005,0.004536103763095806,True,20.0,20.414155056810994,0.006368130331048245,True,-20.0,10.91533102180899,0.011909854107058972,True,-20.0,9.884530131761577,0.01315186440499342,True,-20.0,9.370172633784493,0.013873810556198329,True,-1764.9457878138835,0.0,0.0,70.70816334405325
2023-07-16,14.84,14.93,14.16,14.29,1645509.68,,AVAXUSDT_daily,CRYPTO,BINANCE,USDT,1,1,1,14.29,14.29,14.29,0.6981328481727888,927,0.0,0.5,1,20.0,52.75343034917734,0.0024642947224384104,True,20.0,28.658956406076005,0.004536103763095806,True,20.0,20.414155056810994,0.006368130331048245,True,-20.0,10.91533102180899,0.011909854107058972,True,-20.0,9.884530131761577,0.01315186440499342,True,-20.0,9.370172633784493,0.013873810556198329,True,-1848.1276388176227,0.0,-0.0,70.70816334405325
2023-07-17,14.29,14.62,13.8,14.4,1862297.69,,AVAXUSDT_daily,CRYPTO,BINANCE,USDT,1,1,1,14.4,14.4,14.4,0.738576155082017,928,0.0,0.5,1,20.0,52.75343034917734,0.0024642947224384104,True,20.0,28.658956406076005,0.004536103763095806,True,20.0,20.414155056810994,0.006368130331048245,True,-20.0,10.91533102180899,0.011909854107058972,True,-20.0,9.884530131761577,0.01315186440499342,True,-20.0,9.370172633784493,0.013873810556198329,True,-1831.325199489334,0.0,0.0,70.70816334405325
2023-07-18,14.4,14.59,13.61,13.8,1504811.26,,AVAXUSDT_daily,CRYPTO,BINANCE,USDT,1,1,1,13.8,13.8,13.8,0.7026948128552105,929,0.0,0.5,1,-20.0,52.75343034917734,0.0024642947224384104,True,20.0,28.658956406076005,0.004536103763095806,True,20.0,20.414155056810994,0.006368130331048245,True,-20.0,10.91533102180899,0.011909854107058972,True,-20.0,9.884530131761577,0.01315186440499342,True,-20.0,9.370172633784493,0.013873810556198329,True,-1925.9793060634784,-8.466666666666667,-0.0,70.70816334405325
2023-07-19,13.8,14.27,13.76,13.99,1249131.35,,AVAXUSDT_daily,CRYPTO,BINANCE,USDT,1,1,1,13.99,13.99,13.99,0.6881087735410265,930,0.0,0.5,1,-20.0,52.75343034917734,0.0024642947224384104,True,20.0,28.658956406076005,0.004536103763095806,True,20.0,20.414155056810994,0.006368130331048245,True,-20.0,10.91533102180899,0.011909854107058972,True,-20.0,9.884530131761577,0.01315186440499342,True,-20.0,9.370172633784493,0.013873810556198329,True,-1895.937705744162,-8.466666666666667,-0.11657004830917776,70.59159329574408
2023-07-20,13.99,14.42,13.68,13.88,1776280.27,,AVAXUSDT_daily,CRYPTO,BINANCE,USDT,1,1,1,13.88,13.88,13.88,0.6831989384412765,931,0.0,0.5,1,-20.0,52.75343034917734,0.0024642947224384104,True,20.0,28.658956406076005,0.004536103763095806,True,20.0,20.414155056810994,0.006368130331048245,True,-20.0,10.91533102180899,0.011909854107058972,True,-20.0,9.884530131761577,0.01315186440499342,True,-20.0,9.370172633784493,0.013873810556198329,True,-1913.747771092087,-8.466666666666667,0.06657136049559141,70.65816465623966
2023-07-21,13.87,14.07,13.72,13.98,920020.15,,AVAXUSDT_daily,CRYPTO,BINANCE,USDT,1,1,1,13.98,13.98,13.98,0.676203799871728,932,0.0,0.5,1,-20.0,52.75343034917734,0.0024642947224384104,True,20.0,28.658956406076005,0.004536103763095806,True,20.0,20.414155056810994,0.006368130331048245,True,-20.0,10.91533102180899,0.011909854107058972,True,-20.0,9.884530131761577,0.01315186440499342,True,-20.0,9.370172633784493,0.013873810556198329,True,-1897.3991059193304,-8.466666666666667,-0.06099903938520666,70.59716561685445
2023-07-22,13.98,14.05,13.29,13.53,911581.17,,AVAXUSDT_daily,CRYPTO,BINANCE,USDT,1,1,1,13.53,13.53,13.53,0.6673979322814783,933,0.0,0.5,1,-20.0,52.75343034917734,0.0024642947224384104,True,-5.722610268355884,28.658956406076005,0.004536103763095806,True,20.0,20.414155056810994,0.006368130331048245,True,-20.0,10.91533102180899,0.011909854107058972,True,-20.0,9.884530131761577,0.01315186440499342,True,-20.0,9.370172633784493,0.013873810556198329,True,-1973.387390490746,-13.911285840135328,0.2725321888412025,70.86969780569565
2023-07-23,13.52,13.75,13.39,13.54,798875.26,,AVAXUSDT_daily,CRYPTO,BINANCE,USDT,1,1,1,13.54,13.54,13.54,0.6620420959846101,934,0.0,0.5,1,-20.0,52.75343034917734,0.0024642947224384104,True,-20.0,28.658956406076005,0.004536103763095806,True,20.0,20.414155056810994,0.006368130331048245,True,-20.0,10.91533102180899,0.011909854107058972,True,-20.0,9.884530131761577,0.01315186440499342,True,-20.0,9.370172633784493,0.013873810556198329,True,-1971.6710952886858,-16.933333333333334,-0.010281807716286189,70.85941599797937
2023-07-24,13.54,13.6,12.77,13.11,1501733.4,,AVAXUSDT_daily,CRYPTO,BINANCE,USDT,1,1,1,13.11,13.11,13.11,0.6589057915353704,935,0.0,0.5,1,-20.0,52.75343034917734,0.0024642947224384104,True,-20.0,28.658956406076005,0.004536103763095806,True,10.940360282155803,20.414155056810994,0.006368130331048245,True,-20.0,10.91533102180899,0.011909854107058972,True,-20.0,9.884530131761577,0.01315186440499342,True,-20.0,9.370172633784493,0.013873810556198329,True,-2047.9765685558466,-18.850957073610353,0.5377646479566716,71.39718064593605
2023-07-25,13.11,13.55,13.04,13.33,1578349.7,,AVAXUSDT_daily,CRYPTO,BINANCE,USDT,1,1,1,13.33,13.33,13.33,0.6233914036292512,936,0.0,0.5,1,-20.0,52.75343034917734,0.0024642947224384104,True,-20.0,28.658956406076005,0.004536103763095806,True,-20.0,20.414155056810994,0.006368130331048245,True,-20.0,10.91533102180899,0.011909854107058972,True,-20.0,9.884530131761577,0.01315186440499342,True,-20.0,9.370172633784493,0.013873810556198329,True,-2009.129241965316,-20.0,-0.316339477970577,71.08084116796547
2023-07-26,13.34,13.47,13.08,13.27,1381301.05,,AVAXUSDT_daily,CRYPTO,BINANCE,USDT,1,1,1,13.27,13.27,13.27,0.5529642607780257,937,0.0,0.5,1,-20.0,52.75343034917734,0.0024642947224384104,True,-20.0,28.658956406076005,0.004536103763095806,True,-20.0,20.414155056810994,0.006368130331048245,True,-20.0,10.91533102180899,0.011909854107058972,True,-20.0,9.884530131761577,0.01315186440499342,True,-20.0,9.370172633784493,0.013873810556198329,True,-2019.946981110567,-20.0,0.09002250562640812,71.17086367359188
2023-07-27,13.27,13.43,13.02,13.15,898069.06,,AVAXUSDT_daily,CRYPTO,BINANCE,USDT,1,1,1,13.15,13.15,13.15,0.5215450225434912,938,0.0,0.5,1,-20.0,52.75343034917734,0.0024642947224384104,True,-20.0,28.658956406076005,0.004536103763095806,True,-20.0,20.414155056810994,0.006368130331048245,True,-20.0,10.91533102180899,0.011909854107058972,True,-20.0,9.884530131761577,0.01315186440499342,True,-20.0,9.370172633784493,0.013873810556198329,True,-2042.1138124267322,-20.0,0.1808590806330046,71.35172275422488
2023-07-28,13.15,13.3,13.01,13.22,669907.99,,AVAXUSDT_daily,CRYPTO,BINANCE,USDT,1,1,1,13.22,13.22,13.22,0.5339847721196582,939,0.0,0.5,1,-20.0,52.75343034917734,0.0024642947224384104,True,-20.0,28.658956406076005,0.004536103763095806,True,-20.0,20.414155056810994,0.006368130331048245,True,-20.0,10.91533102180899,0.011909854107058972,True,-20.0,9.884530131761577,0.01315186440499342,True,-20.0,9.370172633784493,0.013873810556198329,True,-2029.0513644685414,-20.0,-0.10646387832699666,71.24525887589789
2023-07-29,13.23,13.3,13.15,13.23,306523.52,,AVAXUSDT_daily,CRYPTO,BINANCE,USDT,1,1,1,13.23,13.23,13.23,0.5443286546050161,940,0.0,0.5,1,-20.0,52.75343034917734,0.0024642947224384104,True,-20.0,28.658956406076005,0.004536103763095806,True,-20.0,20.414155056810994,0.006368130331048245,True,-20.0,10.91533102180899,0.011909854107058972,True,-20.0,9.884530131761577,0.01315186440499342,True,-20.0,9.370172633784493,0.013873810556198329,True,-2027.1568108586064,-20.0,-0.015128593040847349,71.23013028285705
2023-07-30,13.24,13.41,12.92,13.12,898388.07,,AVAXUSDT_daily,CRYPTO,BINANCE,USDT,1,1,1,13.12,13.12,13.12,0.5556264837885853,941,0.0,0.5,1,-20.0,52.75343034917734,0.0024642947224384104,True,-20.0,28.658956406076005,0.004536103763095806,True,-20.0,20.414155056810994,0.006368130331048245,True,-20.0,10.91533102180899,0.011909854107058972,True,-20.0,9.884530131761577,0.01315186440499342,True,-20.0,9.370172633784493,0.013873810556198329,True,-2048.4803730669673,-20.0,0.16628873771731056,71.39641902057436
2023-07-31,13.12,13.42,12.69,12.82,1110757.24,,AVAXUSDT_daily,CRYPTO,BINANCE,USDT,1,1,1,12.82,12.82,12.82,0.5818310480153486,942,0.0,0.5,1,-20.0,52.75343034917734,0.0024642947224384104,True,-20.0,28.658956406076005,0.004536103763095806,True,-20.0,20.414155056810994,0.006368130331048245,True,-20.0,10.91533102180899,0.011909854107058972,True,-20.0,9.884530131761577,0.01315186440499342,True,-20.0,9.370172633784493,0.013873810556198329,True,-2108.3645572737464,-20.0,0.457317073170731,71.85373609374508
2023-08-01,12.81,12.9,12.4,12.89,1385072.75,,AVAXUSDT_daily,CRYPTO,BINANCE,USDT,1,1,1,12.89,12.89,12.89,0.5894877348064769,943,0.0,0.5,1,-20.0,52.75343034917734,0.0024642947224384104,True,-20.0,28.658956406076005,0.004536103763095806,True,-20.0,20.414155056810994,0.006368130331048245,True,-20.0,10.91533102180899,0.011909854107058972,True,-20.0,9.884530131761577,0.01315186440499342,True,-20.0,9.370172633784493,0.013873810556198329,True,-2094.269097067675,-20.0,-0.109204368174729,71.74453172557035
2023-08-02,12.89,12.96,12.42,12.55,1017575.22,,AVAXUSDT_daily,CRYPTO,BINANCE,USDT,1,1,1,12.55,12.55,12.55,0.628321908790574,944,0.0,0.5,1,-20.0,52.75343034917734,0.0024642947224384104,True,-20.0,28.658956406076005,0.004536103763095806,True,-20.0,20.414155056810994,0.006368130331048245,True,-20.0,10.91533102180899,0.011909854107058972,True,-20.0,9.884530131761577,0.01315186440499342,True,-20.0,9.370172633784493,0.013873810556198329,True,-2164.782936414538,-20.0,0.5275407292474776,72.27207245481783
2023-08-03,12.54,12.64,12.36,12.44,956470.45,,AVAXUSDT_daily,CRYPTO,BINANCE,USDT,1,1,1,12.44,12.44,12.44,0.6253664189164239,945,0.0,0.5,1,-20.0,52.75343034917734,0.0024642947224384104,True,-20.0,28.658956406076005,0.004536103763095806,True,-20.0,20.414155056810994,0.006368130331048245,True,-20.0,10.91533102180899,0.011909854107058972,True,-20.0,9.884530131761577,0.01315186440499342,True,-20.0,9.370172633784493,0.013873810556198329,True,-2188.1356799361056,-20.0,0.175298804780879,72.44737125959871
2023-08-04,12.45,12.61,12.25,12.41,699345.21,,AVAXUSDT_daily,CRYPTO,BINANCE,USDT,1,1,1,12.41,12.41,12.41,0.5793451384859613,946,0.0,0.5,1,-20.0,52.75343034917734,0.0024642947224384104,True,-20.0,28.658956406076005,0.004536103763095806,True,-20.0,20.414155056810994,0.006368130331048245,True,-20.0,10.91533102180899,0.011909854107058972,True,-20.0,9.884530131761577,0.01315186440499342,True,-20.0,9.370172633784493,0.013873810556198329,True,-2194.6160116267497,-20.0,0.0482315112540177,72.49560277085273
2023-08-05,12.41,12.45,12.29,12.45,412492.25,,AVAXUSDT_daily,CRYPTO,BINANCE,USDT,1,1,1,12.45,12.45,12.45,0.5677793771054729,947,0.0,0.5,1,-20.0,52.75343034917734,0.0024642947224384104,True,-20.0,28.658956406076005,0.004536103763095806,True,-20.0,20.414155056810994,0.006368130331048245,True,-20.0,10.91533102180899,0.011909854107058972,True,-20.0,9.884530131761577,0.01315186440499342,True,-20.0,9.370172633784493,0.013873810556198329,True,-2185.885073367581,-20.0,-0.06446414182111226,72.43113862903161
2023-08-06,12.45,12.67,12.42,12.59,562034.72,,AVAXUSDT_daily,CRYPTO,BINANCE,USDT,1,1,1,12.59,12.59,12.59,0.5178040678144964,948,0.0,0.5,1,-20.0,52.75343034917734,0.0024642947224384104,True,-20.0,28.658956406076005,0.004536103763095806,True,-20.0,20.414155056810994,0.006368130331048245,True,-20.0,10.91533102180899,0.011909854107058972,True,-20.0,9.884530131761577,0.01315186440499342,True,-20.0,9.370172633784493,0.013873810556198329,True,-2155.379325855202,-20.0,-0.22489959839357532,72.20623903063803
2023-08-07,12.6,12.77,12.2,12.47,1011365.55,,AVAXUSDT_daily,CRYPTO,BINANCE,USDT,1,1,1,12.47,12.47,12.47,0.5173645258860035,949,0.0,0.5,1,-20.0,52.75343034917734,0.0024642947224384104,True,-20.0,28.658956406076005,0.004536103763095806,True,-20.0,20.414155056810994,0.006368130331048245,True,-20.0,10.91533102180899,0.011909854107058972,True,-20.0,9.884530131761577,0.01315186440499342,True,-20.0,9.370172633784493,0.013873810556198329,True,-2182.1267028167395,-20.0,0.1906274821286713,72.3968665127667
2023-08-08,12.46,12.81,12.38,12.68,1262794.87,,AVAXUSDT_daily,CRYPTO,BINANCE,USDT,1,1,1,12.68,12.68,12.68,0.48014361887931184,950,0.0,0.5,1,-20.0,52.75343034917734,0.0024642947224384104,True,-20.0,28.658956406076005,0.004536103763095806,True,-20.0,20.414155056810994,0.006368130331048245,True,-20.0,10.91533102180899,0.011909854107058972,True,-20.0,9.884530131761577,0.01315186440499342,True,-20.0,9.370172633784493,0.013873810556198329,True,-2135.897358673057,-20.0,-0.3368083400160371,72.06005817275067
2023-08-09,12.69,12.81,12.5,12.62,824323.31,,AVAXUSDT_daily,CRYPTO,BINANCE,USDT,1,1,1,12.62,12.62,12.62,0.44449853473561624,951,0.0,0.5,1,-20.0,52.75343034917734,0.0024642947224384104,True,-20.0,28.658956406076005,0.004536103763095806,True,-20.0,20.414155056810994,0.006368130331048245,True,-20.0,10.91533102180899,0.011909854107058972,True,-20.0,9.884530131761577,0.01315186440499342,True,-20.0,9.370172633784493,0.013873810556198329,True,-2149.3538086537983,-20.0,0.09463722397476504,72.15469539672544
2023-08-10,12.63,12.67,12.47,12.48,902127.87,,AVAXUSDT_daily,CRYPTO,BINANCE,USDT,1,1,1,12.48,12.48,12.48,0.3880789393558922,952,0.0,0.5,1,-20.0,52.75343034917734,0.0024642947224384104,True,-20.0,28.658956406076005,0.004536103763095806,True,-20.0,20.414155056810994,0.006368130331048245,True,-20.0,10.91533102180899,0.011909854107058972,True,-20.0,9.884530131761577,0.01315186440499342,True,-20.0,9.370172633784493,0.013873810556198329,True,-2181.472087930827,-20.0,0.22187004754357975,72.37656544426902
2023-08-11,12.49,12.55,12.35,12.44,499834.93,,AVAXUSDT_daily,CRYPTO,BINANCE,USDT,1,1,1,12.44,12.44,12.44,0.37034088139815197,953,0.0,0.5,1,-20.0,52.75343034917734,0.0024642947224384104,True,-20.0,28.658956406076005,0.004536103763095806,True,-20.0,20.414155056810994,0.006368130331048245,True,-20.0,10.91533102180899,0.011909854107058972,True,-20.0,9.884530131761577,0.01315186440499342,True,-20.0,9.370172633784493,0.013873810556198329,True,-2190.8052492731467,-20.0,0.0641025641025661,72.44066800837159
2023-08-12,12.44,12.49,12.35,12.39,316232.47,,AVAXUSDT_daily,CRYPTO,BINANCE,USDT,1,1,1,12.39,12.39,12.39,0.3443850354549319,954,0.0,0.5,1,-20.0,52.75343034917734,0.0024642947224384104,True,-20.0,28.658956406076005,0.004536103763095806,True,-20.0,20.414155056810994,0.006368130331048245,True,-20.0,10.91533102180899,0.011909854107058972,True,-20.0,9.884530131761577,0.01315186440499342,True,-20.0,9.370172633784493,0.013873810556198329,True,-2202.677057883514,-20.0,0.08038585209003024,72.52105386046162
2023-08-13,12.4,12.43,12.2,12.27,504796.73,,AVAXUSDT_daily,CRYPTO,BINANCE,USDT,1,1,1,12.27,12.27,12.27,0.35350723957901414,955,0.0,0.5,1,-20.0,52.75343034917734,0.0024642947224384104,True,-20.0,28.658956406076005,0.004536103763095806,True,-20.0,20.414155056810994,0.006368130331048245,True,-20.0,10.91533102180899,0.011909854107058972,True,-20.0,9.884530131761577,0.01315186440499342,True,-20.0,9.370172633784493,0.013873810556198329,True,-2231.7855592758256,-20.0,0.19370460048426352,72.71475846094589
2023-08-14,12.27,12.46,12.15,12.37,698660.88,,AVAXUSDT_daily,CRYPTO,BINANCE,USDT,1,1,1,12.37,12.37,12.37,0.3339571356248904,956,0.0,0.5,1,-20.0,52.75343034917734,0.0024642947224384104,True,-20.0,28.658956406076005,0.004536103763095806,True,-20.0,20.414155056810994,0.006368130331048245,True,-20.0,10.91533102180899,0.011909854107058972,True,-20.0,9.884530131761577,0.01315186440499342,True,-20.0,9.370172633784493,0.013873810556198329,True,-2207.504601970032,-20.0,-0.1629991850040735,72.55175927594182
2023-08-15,12.37,12.38,11.29,11.83,1220493.22,,AVAXUSDT_daily,CRYPTO,BINANCE,USDT,1,1,1,11.83,11.83,11.83,0.35741616611901156,957,0.0,0.5,1,-20.0,52.75343034917734,0.0024642947224384104,True,-20.0,28.658956406076005,0.004536103763095806,True,-20.0,20.414155056810994,0.006368130331048245,True,-20.0,10.91533102180899,0.011909854107058972,True,-20.0,9.884530131761577,0.01315186440499342,True,-20.0,9.370172633784493,0.013873810556198329,True,-2339.273728614507,-20.0,0.8730800323362953,73.42483930827811
2023-08-16,11.83,11.87,11.07,11.38,1453581.04,,AVAXUSDT_daily,CRYPTO,BINANCE,USDT,1,1,1,11.38,11.38,11.38,0.43108034421862296,958,0.0,0.5,1,-20.0,52.75343034917734,0.0024642947224384104,True,-20.0,28.658956406076005,0.004536103763095806,True,-20.0,20.414155056810994,0.006368130331048245,True,-20.0,10.91533102180899,0.011909854107058972,True,-20.0,9.884530131761577,0.01315186440499342,True,-20.0,9.370172633784493,0.013873810556198329,True,-2451.4707407041856,-20.0,0.7607776838546054,74.18561699213271
2023-08-17,11.39,11.51,9.99,10.57,2153968.62,,AVAXUSDT_daily,CRYPTO,BINANCE,USDT,1,1,1,10.57,10.57,10.57,0.5875193166034559,959,0.0,0.5,1,-20.0,52.75343034917734,0.0024642947224384104,True,-20.0,28.658956406076005,0.004536103763095806,True,-20.0,20.414155056810994,0.006368130331048245,True,-20.0,10.91533102180899,0.011909854107058972,True,-20.0,9.884530131761577,0.01315186440499342,True,-20.0,9.370172633784493,0.013873810556198329,True,-2651.4007536905306,-20.0,1.423550087873462,75.60916708000617
2023-08-18,10.58,11.0,10.53,10.81,1456015.19,,AVAXUSDT_daily,CRYPTO,BINANCE,USDT,1,1,1,10.81,10.81,10.81,0.6531212509441422,960,0.0,0.5,1,-20.0,52.75343034917734,0.0024642947224384104,True,-20.0,28.658956406076005,0.004536103763095806,True,-20.0,20.414155056810994,0.006368130331048245,True,-20.0,10.91533102180899,0.011909854107058972,True,-20.0,9.884530131761577,0.01315186440499342,True,-20.0,9.370172633784493,0.013873810556198329,True,-2593.916407679219,-20.0,-0.45411542100283864,75.15505165900333
2023-08-19,10.8,10.89,10.56,10.81,867573.99,,AVAXUSDT_daily,CRYPTO,BINANCE,USDT,1,1,1,10.81,10.81,10.81,0.6991970959330237,961,0.0,0.5,1,-20.0,52.75343034917734,0.0024642947224384104,True,-20.0,28.658956406076005,0.004536103763095806,True,-20.0,20.414155056810994,0.006368130331048245,True,-20.0,10.91533102180899,0.011909854107058972,True,-20.0,9.884530131761577,0.01315186440499342,True,-20.0,9.370172633784493,0.013873810556198329,True,-2593.916407679219,-20.0,-0.0,75.15505165900333
2023-08-20,10.81,10.93,10.74,10.86,444700.39,,AVAXUSDT_daily,CRYPTO,BINANCE,USDT,1,1,1,10.86,10.86,10.86,0.7385866659855936,962,0.0,0.5,1,-20.0,52.75343034917734,0.0024642947224384104,True,-20.0,28.658956406076005,0.004536103763095806,True,-20.0,20.414155056810994,0.006368130331048245,True,-20.0,10.91533102180899,0.011909854107058972,True,-20.0,9.884530131761577,0.01315186440499342,True,-20.0,9.370172633784493,0.013873810556198329,True,-2581.686760917328,-20.0,-0.09250693802035137,75.06254472098298
2023-08-21,10.87,10.87,10.15,10.36,1327961.76,,AVAXUSDT_daily,CRYPTO,BINANCE,USDT,1,1,1,10.36,10.36,10.36,0.8037275003075863,963,0.0,0.5,1,-20.0,52.75343034917734,0.0024642947224384104,True,-20.0,28.658956406076005,0.004536103763095806,True,-20.0,20.414155056810994,0.006368130331048245,True,-20.0,10.91533102180899,0.011909854107058972,True,-20.0,9.884530131761577,0.01315186440499342,True,-20.0,9.370172633784493,0.013873810556198329,True,-2707.740113100031,-20.0,0.9208103130755063,75.98335503405849
2023-08-22,10.36,10.38,9.71,10.15,1950280.84,,AVAXUSDT_daily,CRYPTO,BINANCE,USDT,1,1,1,10.15,10.15,10.15,0.8829609277957076,964,0.0,0.5,1,-20.0,52.75343034917734,0.0024642947224384104,True,-20.0,28.658956406076005,0.004536103763095806,True,-20.0,20.414155056810994,0.006368130331048245,True,-20.0,10.91533102180899,0.011909854107058972,True,-20.0,9.884530131761577,0.01315186440499342,True,-20.0,9.370172633784493,0.013873810556198329,True,-2762.482569133696,-20.0,0.4054054054054035,76.3887604394639
2023-08-23,10.15,10.47,10.06,10.33,1041985.33,,AVAXUSDT_daily,CRYPTO,BINANCE,USDT,1,1,1,10.33,10.33,10.33,0.9296760896101499,965,0.0,0.5,1,-20.0,52.75343034917734,0.0024642947224384104,True,-20.0,28.658956406076005,0.004536103763095806,True,-20.0,20.414155056810994,0.006368130331048245,True,-20.0,10.91533102180899,0.011909854107058972,True,-20.0,9.884530131761577,0.01315186440499342,True,-20.0,9.370172633784493,0.013873810556198329,True,-2716.46465182214,-20.0,-0.35467980295566637,76.03408063650822
2023-08-24,10.34,10.36,9.98,10.12,907479.29,,AVAXUSDT_daily,CRYPTO,BINANCE,USDT,1,1,1,10.12,10.12,10.12,0.9790860399873441,966,0.0,0.5,1,-20.0,52.75343034917734,0.0024642947224384104,True,-20.0,28.658956406076005,0.004536103763095806,True,-20.0,20.414155056810994,0.006368130331048245,True,-20.0,10.91533102180899,0.011909854107058972,True,-20.0,9.884530131761577,0.01315186440499342,True,-20.0,9.370172633784493,0.013873810556198329,True,-2771.937974009525,-20.0,0.4065827686350443,76.44066340514327
2023-08-25,10.12,10.13,9.89,10.04,1276333.67,,AVAXUSDT_daily,CRYPTO,BINANCE,USDT,1,1,1,10.04,10.04,10.04,1.0164296387552962,967,0.0,0.5,1,-20.0,52.75343034917734,0.0024642947224384104,True,-20.0,28.658956406076005,0.004536103763095806,True,-20.0,20.414155056810994,0.006368130331048245,True,-20.0,10.91533102180899,0.011909854107058972,True,-20.0,9.884530131761577,0.01315186440499342,True,-20.0,9.370172633784493,0.013873810556198329,True,-2793.5597038178644,-20.0,0.15810276679841806,76.59876617194169
2023-08-26,10.05,10.13,10.01,10.09,400362.23,,AVAXUSDT_daily,CRYPTO,BINANCE,USDT,1,1,1,10.09,10.09,10.09,1.026220839069369,968,0.0,0.5,1,-20.0,52.75343034917734,0.0024642947224384104,True,-20.0,28.658956406076005,0.004536103763095806,True,-20.0,20.414155056810994,0.006368130331048245,True,-20.0,10.91533102180899,0.011909854107058972,True,-20.0,9.884530131761577,0.01315186440499342,True,-20.0,9.370172633784493,0.013873810556198329,True,-2779.9786759092517,-20.0,-0.09960159362549792,76.4991645783162
2023-08-27,10.1,10.28,10.07,10.2,542549.14,,AVAXUSDT_daily,CRYPTO,BINANCE,USDT,1,1,1,10.2,10.2,10.2,1.0217580308948646,969,0.0,0.5,1,-20.0,52.75343034917734,0.0024642947224384104,True,-20.0,28.658956406076005,0.004536103763095806,True,-20.0,20.414155056810994,0.006368130331048245,True,-20.0,10.91533102180899,0.011909854107058972,True,-20.0,9.884530131761577,0.01315186440499342,True,-20.0,9.370172633784493,0.013873810556198329,True,-2750.257868802012,-20.0,-0.218037661050543,76.28112691726565
2023-08-28,10.21,10.45,9.91,10.37,1100627.11,,AVAXUSDT_daily,CRYPTO,BINANCE,USDT,1,1,1,10.37,10.37,10.37,0.9801260660124874,970,0.0,0.5,1,-20.0,52.75343034917734,0.0024642947224384104,True,-20.0,28.658956406076005,0.004536103763095806,True,-20.0,20.414155056810994,0.006368130331048245,True,-20.0,10.91533102180899,0.011909854107058972,True,-20.0,9.884530131761577,0.01315186440499342,True,-20.0,9.370172633784493,0.013873810556198329,True,-2705.0545230152816,-20.0,-0.33333333333333215,75.94779358393232
2023-08-29,10.37,11.21,10.33,10.81,2530985.01,,AVAXUSDT_daily,CRYPTO,BINANCE,USDT,1,1,1,10.81,10.81,10.81,0.916253240111035,971,0.0,0.5,1,20.0,52.75343034917734,0.0024642947224384104,True,-20.0,28.658956406076005,0.004536103763095806,True,-20.0,20.414155056810994,0.006368130331048245,True,-20.0,10.91533102180899,0.011909854107058972,True,-20.0,9.884530131761577,0.01315186440499342,True,-20.0,9.370172633784493,0.013873810556198329,True,-2597.1093996881236,-16.933333333333334,-0.8486017357762821,75.09919184815604
2023-08-30,10.81,10.83,10.33,10.41,1031201.84,,AVAXUSDT_daily,CRYPTO,BINANCE,USDT,1,1,1,10.41,10.41,10.41,0.8594703081202402,972,0.0,0.5,1,20.0,52.75343034917734,0.0024642947224384104,True,-20.0,28.658956406076005,0.004536103763095806,True,-20.0,20.414155056810994,0.006368130331048245,True,-20.0,10.91533102180899,0.011909854107058972,True,-20.0,9.884530131761577,0.01315186440499342,True,-20.0,9.370172633784493,0.013873810556198329,True,-2698.0265270056643,-16.933333333333334,0.6265803268578485,75.72577217501389
2023-08-31,10.4,10.55,9.82,9.98,1826854.02,,AVAXUSDT_daily,CRYPTO,BINANCE,USDT,1,1,1,9.98,9.98,9.98,0.8064664642182832,973,0.0,0.5,1,-20.0,52.75343034917734,0.0024642947224384104,True,-20.0,28.658956406076005,0.004536103763095806,True,-20.0,20.414155056810994,0.006368130331048245,True,-20.0,10.91533102180899,0.011909854107058972,True,-20.0,9.884530131761577,0.01315186440499342,True,-20.0,9.370172633784493,0.013873810556198329,True,-2809.8389929367186,-20.0,0.6994556516170346,76.42522782663092
2023-09-01,9.98,10.07,9.75,9.92,947344.83,,AVAXUSDT_daily,CRYPTO,BINANCE,USDT,1,1,1,9.92,9.92,9.92,0.7375521391120474,974,0.0,0.5,1,-20.0,52.75343034917734,0.0024642947224384104,True,-20.0,28.658956406076005,0.004536103763095806,True,-20.0,20.414155056810994,0.006368130331048245,True,-20.0,10.91533102180899,0.011909854107058972,True,-20.0,9.884530131761577,0.01315186440499342,True,-20.0,9.370172633784493,0.013873810556198329,True,-2825.7800929567907,-20.0,0.12024048096192397,76.54546830759284
2023-09-02,9.92,9.97,9.76,9.92,504146.54,,AVAXUSDT_daily,CRYPTO,BINANCE,USDT,1,1,1,9.92,9.92,9.92,0.6540503360746024,975,0.0,0.5,1,-20.0,52.75343034917734,0.0024642947224384104,True,-20.0,28.658956406076005,0.004536103763095806,True,-20.0,20.414155056810994,0.006368130331048245,True,-20.0,10.91533102180899,0.011909854107058972,True,-20.0,9.884530131761577,0.01315186440499342,True,-20.0,9.370172633784493,0.013873810556198329,True,-2825.7800929567907,-20.0,-0.0,76.54546830759284
2023-09-03,9.92,9.99,9.83,9.88,412221.11,,AVAXUSDT_daily,CRYPTO,BINANCE,USDT,1,1,1,9.88,9.88,9.88,0.5148592040685059,976,0.0,0.5,1,-20.0,52.75343034917734,0.0024642947224384104,True,-20.0,28.658956406076005,0.004536103763095806,True,-20.0,20.414155056810994,0.006368130331048245,True,-20.0,10.91533102180899,0.011909854107058972,True,-20.0,9.884530131761577,0.01315186440499342,True,-20.0,9.370172633784493,0.013873810556198329,True,-2836.7658453111367,-20.0,0.08064516129032029,76.62611346888316
2023-09-04,9.88,10.05,9.68,9.81,769303.74,,AVAXUSDT_daily,CRYPTO,BINANCE,USDT,1,1,1,9.81,9.81,9.81,0.41709395636369834,977,0.0,0.5,1,-20.0,52.75343034917734,0.0024642947224384104,True,-20.0,28.658956406076005,0.004536103763095806,True,-20.0,20.414155056810994,0.006368130331048245,True,-20.0,10.91533102180899,0.011909854107058972,True,-20.0,9.884530131761577,0.01315186440499342,True,-20.0,9.370172633784493,0.013873810556198329,True,-2856.4176114153893,-20.0,0.14170040485830038,76.76781387374146
2023-09-05,9.81,9.97,9.65,9.91,726190.8,,AVAXUSDT_daily,CRYPTO,BINANCE,USDT,1,1,1,9.91,9.91,9.91,0.34819648115362206,978,0.0,0.5,1,-20.0,52.75343034917734,0.0024642947224384104,True,-20.0,28.658956406076005,0.004536103763095806,True,-20.0,20.414155056810994,0.006368130331048245,True,-20.0,10.91533102180899,0.011909854107058972,True,-20.0,9.884530131761577,0.01315186440499342,True,-20.0,9.370172633784493,0.013873810556198329,True,-2828.410595790433,-20.0,-0.20387359836901098,76.56394027537245
2023-09-06,9.91,10.05,9.76,9.95,806313.46,,AVAXUSDT_daily,CRYPTO,BINANCE,USDT,1,1,1,9.95,9.95,9.95,0.3474459443202801,979,0.0,0.5,1,-20.0,52.75343034917734,0.0024642947224384104,True,-20.0,28.658956406076005,0.004536103763095806,True,-20.0,20.414155056810994,0.006368130331048245,True,-20.0,10.91533102180899,0.011909854107058972,True,-20.0,9.884530131761577,0.01315186440499342,True,-20.0,9.370172633784493,0.013873810556198329,True,-2817.1158802168493,-20.0,-0.08072653884964698,76.4832137365228
2023-09-07,9.94,10.14,9.83,10.1,675529.11,,AVAXUSDT_daily,CRYPTO,BINANCE,USDT,1,1,1,10.1,10.1,10.1,0.32103287258043794,980,0.0,0.5,1,20.0,52.75343034917734,0.0024642947224384104,True,-20.0,28.658956406076005,0.004536103763095806,True,-20.0,20.414155056810994,0.006368130331048245,True,-20.0,10.91533102180899,0.011909854107058972,True,-20.0,9.884530131761577,0.01315186440499342,True,-20.0,9.370172633784493,0.013873810556198329,True,-2775.2260681701505,-16.933333333333334,-0.3015075376884413,76.18170619883436
2023-09-08,10.09,10.15,9.84,9.93,689024.96,,AVAXUSDT_daily,CRYPTO,BINANCE,USDT,1,1,1,9.93,9.93,9.93,0.29218054982887964,981,0.0,0.5,1,-20.0,52.75343034917734,0.0024642947224384104,True,-20.0,28.658956406076005,0.004536103763095806,True,-20.0,20.414155056810994,0.006368130331048245,True,-20.0,10.91533102180899,0.011909854107058972,True,-20.0,9.884530131761577,0.01315186440499342,True,-20.0,9.370172633784493,0.013873810556198329,True,-2823.984519979454,-20.0,0.2850165016501653,76.46672270048452
2023-09-09,9.92,9.93,9.83,9.84,320699.91,,AVAXUSDT_daily,CRYPTO,BINANCE,USDT,1,1,1,9.84,9.84,9.84,0.24881614436831365,982,0.0,0.5,1,-20.0,52.75343034917734,0.0024642947224384104,True,-20.0,28.658956406076005,0.004536103763095806,True,-20.0,20.414155056810994,0.006368130331048245,True,-20.0,10.91533102180899,0.011909854107058972,True,-20.0,9.884530131761577,0.01315186440499342,True,-20.0,9.370172633784493,0.013873810556198329,True,-2850.3892022777122,-20.0,0.1812688821752273,76.64799158265976
2023-09-10,9.83,9.84,9.22,9.47,1644037.72,,AVAXUSDT_daily,CRYPTO,BINANCE,USDT,1,1,1,9.47,9.47,9.47,0.27878070992203796,983,0.0,0.5,1,-20.0,52.75343034917734,0.0024642947224384104,True,-20.0,28.658956406076005,0.004536103763095806,True,-20.0,20.414155056810994,0.006368130331048245,True,-20.0,10.91533102180899,0.011909854107058972,True,-20.0,9.884530131761577,0.01315186440499342,True,-20.0,9.370172633784493,0.013873810556198329,True,-2961.433472101671,-20.0,0.752032520325201,77.40002410298496
2023-09-11,9.46,9.51,9.05,9.23,1436614.67,,AVAXUSDT_daily,CRYPTO,BINANCE,USDT,1,1,1,9.23,9.23,9.23,0.3338684739666989,984,0.0,0.5,1,-20.0,52.75343034917734,0.0024642947224384104,True,-20.0,28.658956406076005,0.004536103763095806,True,-20.0,20.414155056810994,0.006368130331048245,True,-20.0,10.91533102180899,0.011909854107058972,True,-20.0,9.884530131761577,0.01315186440499342,True,-20.0,9.370172633784493,0.013873810556198329,True,-3035.6969508689062,-20.0,0.5068637803590281,77.90688788334398
2023-09-12,9.24,9.6,9.19,9.22,1493579.6,,AVAXUSDT_daily,CRYPTO,BINANCE,USDT,1,1,1,9.22,9.22,9.22,0.36922393720288055,985,0.0,0.5,1,-20.0,52.75343034917734,0.0024642947224384104,True,-20.0,28.658956406076005,0.004536103763095806,True,-20.0,20.414155056810994,0.006368130331048245,True,-20.0,10.91533102180899,0.011909854107058972,True,-20.0,9.884530131761577,0.01315186440499342,True,-20.0,9.370172633784493,0.013873810556198329,True,-3038.8345736356414,-20.0,0.021668472372697867,77.92855635571668
2023-09-13,9.22,9.46,9.1,9.29,1166588.89,,AVAXUSDT_daily,CRYPTO,BINANCE,USDT,1,1,1,9.29,9.29,9.29,0.39597016104143673,986,0.0,0.5,1,-20.0,52.75343034917734,0.0024642947224384104,True,-20.0,28.658956406076005,0.004536103763095806,True,-20.0,20.414155056810994,0.006368130331048245,True,-20.0,10.91533102180899,0.011909854107058972,True,-20.0,9.884530131761577,0.01315186440499342,True,-20.0,9.370172633784493,0.013873810556198329,True,-3016.874964239977,-20.0,-0.15184381778741596,77.77671253792926
2023-09-14,9.29,9.48,9.25,9.4,846740.43,,AVAXUSDT_daily,CRYPTO,BINANCE,USDT,1,1,1,9.4,9.4,9.4,0.4112020248944439,987,0.0,0.5,1,-20.0,52.75343034917734,0.0024642947224384104,True,-20.0,28.658956406076005,0.004536103763095806,True,-20.0,20.414155056810994,0.006368130331048245,True,-20.0,10.91533102180899,0.011909854107058972,True,-20.0,9.884530131761577,0.01315186440499342,True,-20.0,9.370172633784493,0.013873810556198329,True,-2982.637233196066,-20.0,-0.23681377825619077,77.53989875967306
2023-09-15,9.4,9.52,9.18,9.43,1025374.07,,AVAXUSDT_daily,CRYPTO,BINANCE,USDT,1,1,1,9.43,9.43,9.43,0.42039173462433005,988,0.0,0.5,1,-20.0,52.75343034917734,0.0024642947224384104,True,-20.0,28.658956406076005,0.004536103763095806,True,-20.0,20.414155056810994,0.006368130331048245,True,-20.0,10.91533102180899,0.011909854107058972,True,-20.0,9.884530131761577,0.01315186440499342,True,-20.0,9.370172633784493,0.013873810556198329,True,-2973.221728679087,-20.0,-0.06382978723403987,77.47606897243902
2023-09-16,9.42,9.61,9.36,9.38,874568.63,,AVAXUSDT_daily,CRYPTO,BINANCE,USDT,1,1,1,9.38,9.38,9.38,0.42478322646713224,989,0.0,0.5,1,-20.0,52.75343034917734,0.0024642947224384104,True,-20.0,28.658956406076005,0.004536103763095806,True,-20.0,20.414155056810994,0.006368130331048245,True,-20.0,10.91533102180899,0.011909854107058972,True,-20.0,9.884530131761577,0.01315186440499342,True,-20.0,9.370172633784493,0.013873810556198329,True,-2989.2130148994306,-20.0,0.10604453870625363,77.58211351114528
2023-09-17,9.38,9.38,9.0,9.1,1030936.69,,AVAXUSDT_daily,CRYPTO,BINANCE,USDT,1,1,1,9.1,9.1,9.1,0.4319222639774596,990,0.0,0.5,1,-20.0,52.75343034917734,0.0024642947224384104,True,-20.0,28.658956406076005,0.004536103763095806,True,-20.0,20.414155056810994,0.006368130331048245,True,-20.0,10.91533102180899,0.011909854107058972,True,-20.0,9.884530131761577,0.01315186440499342,True,-20.0,9.370172633784493,0.013873810556198329,True,-3080.95174495629,-20.0,0.597014925373136,78.17912843651841
2023-09-18,9.09,9.31,8.81,9.11,1649478.75,,AVAXUSDT_daily,CRYPTO,BINANCE,USDT,1,1,1,9.11,9.11,9.11,0.37575748059711145,991,0.0,0.5,1,-20.0,52.75343034917734,0.0024642947224384104,True,-20.0,28.658956406076005,0.004536103763095806,True,-20.0,20.414155056810994,0.006368130331048245,True,-20.0,10.91533102180899,0.011909854107058972,True,-20.0,9.884530131761577,0.01315186440499342,True,-20.0,9.370172633784493,0.013873810556198329,True,-3077.6406749729986,-20.0,-0.0219780219780219,78.15715041454038
2023-09-19,9.11,9.31,9.04,9.21,1104724.32,,AVAXUSDT_daily,CRYPTO,BINANCE,USDT,1,1,1,9.21,9.21,9.21,0.3449088361833137,992,0.0,0.5,1,-20.0,52.75343034917734,0.0024642947224384104,True,-20.0,28.658956406076005,0.004536103763095806,True,-20.0,20.414155056810994,0.006368130331048245,True,-20.0,10.91533102180899,0.011909854107058972,True,-20.0,9.884530131761577,0.01315186440499342,True,-20.0,9.370172633784493,0.013873810556198329,True,-3044.7625409732304,-20.0,-0.21953896816685248,77.93761144637352
2023-09-20,9.21,9.24,8.86,9.05,1653192.29,,AVAXUSDT_daily,CRYPTO,BINANCE,USDT,1,1,1,9.05,9.05,9.05,0.3541167663705042,993,0.0,0.5,1,-20.0,52.75343034917734,0.0024642947224384104,True,-20.0,28.658956406076005,0.004536103763095806,True,-20.0,20.414155056810994,0.006368130331048245,True,-20.0,10.91533102180899,0.011909854107058972,True,-20.0,9.884530131761577,0.01315186440499342,True,-20.0,9.370172633784493,0.013873810556198329,True,-3098.733024792904,-20.0,0.34744842562432154,78.28505987199784
2023-09-21,9.05,9.11,8.77,8.83,1429451.17,,AVAXUSDT_daily,CRYPTO,BINANCE,USDT,1,1,1,8.83,8.83,8.83,0.3784330574375757,994,0.0,0.5,1,-20.0,52.75343034917734,0.0024642947224384104,True,-20.0,28.658956406076005,0.004536103763095806,True,-20.0,20.414155056810994,0.006368130331048245,True,-20.0,10.91533102180899,0.011909854107058972,True,-20.0,9.884530131761577,0.01315186440499342,True,-20.0,9.370172633784493,0.013873810556198329,True,-3174.9006696277684,-20.0,0.48618784530386927,78.77124771730172
2023-09-22,8.82,8.92,8.72,8.87,897556.95,,AVAXUSDT_daily,CRYPTO,BINANCE,USDT,1,1,1,8.87,8.87,8.87,0.3901885509306339,995,0.0,0.5,1,-20.0,52.75343034917734,0.0024642947224384104,True,-20.0,28.658956406076005,0.004536103763095806,True,-20.0,20.414155056810994,0.006368130331048245,True,-20.0,10.91533102180899,0.011909854107058972,True,-20.0,9.884530131761577,0.01315186440499342,True,-20.0,9.370172633784493,0.013873810556198329,True,-3160.995150756504,-20.0,-0.09060022650056343,78.68064749080115
2023-09-23,8.86,8.99,8.83,8.9,639062.46,,AVAXUSDT_daily,CRYPTO,BINANCE,USDT,1,1,1,8.9,8.9,8.9,0.39491871250661253,996,0.0,0.5,1,-20.0,52.75343034917734,0.0024642947224384104,True,-20.0,28.658956406076005,0.004536103763095806,True,-20.0,20.414155056810994,0.006368130331048245,True,-20.0,10.91533102180899,0.011909854107058972,True,-20.0,9.884530131761577,0.01315186440499342,True,-20.0,9.370172633784493,0.013873810556198329,True,-3150.4998864662407,-20.0,-0.06764374295377795,78.61300374784737
2023-09-24,8.9,9.05,8.73,8.78,1047017.16,,AVAXUSDT_daily,CRYPTO,BINANCE,USDT,1,1,1,8.78,8.78,8.78,0.4058519304966864,997,0.0,0.5,1,-20.0,52.75343034917734,0.0024642947224384104,True,-20.0,28.658956406076005,0.004536103763095806,True,-20.0,20.414155056810994,0.006368130331048245,True,-20.0,10.91533102180899,0.011909854107058972,True,-20.0,9.884530131761577,0.01315186440499342,True,-20.0,9.370172633784493,0.013873810556198329,True,-3193.502859211891,-20.0,0.26966292134831704,78.88266666919569
2023-09-25,8.78,8.96,8.61,8.95,974057.28,,AVAXUSDT_daily,CRYPTO,BINANCE,USDT,1,1,1,8.95,8.95,8.95,0.39269112009782314,998,0.0,0.5,1,-20.0,52.75343034917734,0.0024642947224384104,True,-20.0,28.658956406076005,0.004536103763095806,True,-20.0,20.414155056810994,0.006368130331048245,True,-20.0,10.91533102180899,0.011909854107058972,True,-20.0,9.884530131761577,0.01315186440499342,True,-20.0,9.370172633784493,0.013873810556198329,True,-3134.3926352233625,-20.0,-0.38724373576309645,78.4954229334326
2023-09-26,8.95,9.07,8.85,9.04,934956.91,,AVAXUSDT_daily,CRYPTO,BINANCE,USDT,1,1,1,9.04,9.04,9.04,0.3654308920388648,999,0.0,0.5,1,15.05577982871132,52.75343034917734,0.0024642947224384104,True,-20.0,28.658956406076005,0.004536103763095806,True,-20.0,20.414155056810994,0.006368130331048245,True,-20.0,10.91533102180899,0.011909854107058972,True,-20.0,9.884530131761577,0.01315186440499342,True,-20.0,9.370172633784493,0.013873810556198329,True,-3103.2513815131583,-17.979859936256105,-0.2011173184357551,78.29430561499684
2023-09-27,9.05,9.19,8.81,8.92,1223697.83,,AVAXUSDT_daily,CRYPTO,BINANCE,USDT,1,1,1,8.92,8.92,8.92,0.31366886665552207,1000,0.0,0.5,1,-20.0,52.75343034917734,0.0024642947224384104,True,-20.0,28.658956406076005,0.004536103763095806,True,-20.0,20.414155056810994,0.006368130331048245,True,-20.0,10.91533102180899,0.011909854107058972,True,-20.0,9.884530131761577,0.01315186440499342,True,-20.0,9.370172633784493,0.013873810556198329,True,-3145.7239879936624,-20.0,0.23867070711844224,78.53297632211529
2023-09-28,8.93,9.36,8.91,9.27,1399102.7,,AVAXUSDT_daily,CRYPTO,BINANCE,USDT,1,1,1,9.27,9.27,9.27,0.26320844254079945,1001,0.0,0.5,1,20.0,52.75343034917734,0.0024642947224384104,True,-20.0,28.658956406076005,0.004536103763095806,True,-20.0,20.414155056810994,0.006368130331048245,True,-20.0,10.91533102180899,0.011909854107058972,True,-20.0,9.884530131761577,0.01315186440499342,True,-20.0,9.370172633784493,0.013873810556198329,True,-3032.5636195113257,-16.933333333333334,-0.7847533632287007,77.74822295888659
2023-09-29,9.28,9.37,9.07,9.17,1405080.87,,AVAXUSDT_daily,CRYPTO,BINANCE,USDT,1,1,1,9.17,9.17,9.17,0.20995989595388928,1002,0.0,0.5,1,20.0,52.75343034917734,0.0024642947224384104,True,-20.0,28.658956406076005,0.004536103763095806,True,-20.0,20.414155056810994,0.006368130331048245,True,-20.0,10.91533102180899,0.011909854107058972,True,-20.0,9.884530131761577,0.01315186440499342,True,-20.0,9.370172633784493,0.013873810556198329,True,-3065.602191256335,-16.933333333333334,0.18266810499820055,77.93089106388479
2023-09-30,9.17,9.3,9.11,9.24,805999.91,,AVAXUSDT_daily,CRYPTO,BINANCE,USDT,1,1,1,9.24,9.24,9.24,0.19626713807440305,1003,0.0,0.5,1,20.0,52.75343034917734,0.0024642947224384104,True,-12.80573112323118,28.658956406076005,0.004536103763095806,True,-20.0,20.414155056810994,0.006368130331048245,True,-20.0,10.91533102180899,0.011909854107058972,True,-20.0,9.884530131761577,0.01315186440499342,True,-20.0,9.370172633784493,0.013873810556198329,True,-3042.4162148738583,-15.410546421083934,-0.129262086513997,77.80162897737078
2023-10-01,9.23,9.83,9.21,9.75,1684642.75,,AVAXUSDT_daily,CRYPTO,BINANCE,USDT,1,1,1,9.75,9.75,9.75,0.24101703371451808,1004,0.0,0.5,1,20.0,52.75343034917734,0.0024642947224384104,True,20.0,28.658956406076005,0.004536103763095806,True,-20.0,20.414155056810994,0.006368130331048245,True,-20.0,10.91533102180899,0.011909854107058972,True,-20.0,9.884530131761577,0.01315186440499342,True,-20.0,9.370172633784493,0.013873810556198329,True,-2894.760032185992,-8.466666666666667,-0.8505821076572309,76.95104686971355
2023-10-02,9.75,9.84,9.15,9.31,1934866.84,,AVAXUSDT_daily,CRYPTO,BINANCE,USDT,1,1,1,9.31,9.31,9.31,0.24331050124116876,1005,0.0,0.5,1,20.0,52.75343034917734,0.0024642947224384104,True,20.0,28.658956406076005,0.004536103763095806,True,-20.0,20.414155056810994,0.006368130331048245,True,-20.0,10.91533102180899,0.011909854107058972,True,-20.0,9.884530131761577,0.01315186440499342,True,-20.0,9.370172633784493,0.013873810556198329,True,-3023.0899754865163,-8.466666666666667,0.3820854700854693,77.33313233979902
2023-10-03,9.32,9.48,9.23,9.42,1282164.09,,AVAXUSDT_daily,CRYPTO,BINANCE,USDT,1,1,1,9.42,9.42,9.42,0.24891924290402342,1006,0.0,0.5,1,20.0,52.75343034917734,0.0024642947224384104,True,20.0,28.658956406076005,0.004536103763095806,True,-20.0,20.414155056810994,0.006368130331048245,True,-20.0,10.91533102180899,0.011909854107058972,True,-20.0,9.884530131761577,0.01315186440499342,True,-20.0,9.370172633784493,0.013873810556198329,True,-2991.019744316794,-8.466666666666667,-0.10003580379520141,77.23309653600381
2023-10-04,9.42,10.3,9.11,10.1,3916501.71,,AVAXUSDT_daily,CRYPTO,BINANCE,USDT,1,1,1,10.1,10.1,10.1,0.32311436791183673,1007,0.0,0.5,1,20.0,52.75343034917734,0.0024642947224384104,True,20.0,28.658956406076005,0.004536103763095806,True,-20.0,20.414155056810994,0.006368130331048245,True,-20.0,10.91533102180899,0.011909854107058972,True,-20.0,9.884530131761577,0.01315186440499342,True,-20.0,9.370172633784493,0.013873810556198329,True,-2822.3191777234597,-8.466666666666667,-0.611181882519462,76.62191465348435
2023-10-05,10.1,10.35,9.81,10.14,3629799.18,,AVAXUSDT_daily,CRYPTO,BINANCE,USDT,1,1,1,10.14,10.14,10.14,0.3839695711813201,1008,0.0,0.5,1,20.0,52.75343034917734,0.0024642947224384104,True,20.0,28.658956406076005,0.004536103763095806,True,12.421695897371569,20.414155056810994,0.006368130331048245,True,-20.0,10.91533102180899,0.011909854107058972,True,-20.0,9.884530131761577,0.01315186440499342,True,-20.0,9.370172633784493,0.013873810556198329,True,-2812.2717087882797,-1.604074368389684,-0.03353135313531356,76.58838330034904
2023-10-06,10.14,10.83,10.12,10.66,3037211.24,,AVAXUSDT_daily,CRYPTO,BINANCE,USDT,1,1,1,10.66,10.66,10.66,0.4999673673703759,1009,0.0,0.5,1,20.0,52.75343034917734,0.0024642947224384104,True,20.0,28.658956406076005,0.004536103763095806,True,20.0,20.414155056810994,0.006368130331048245,True,-20.0,10.91533102180899,0.011909854107058972,True,-20.0,9.884530131761577,0.01315186440499342,True,-20.0,9.370172633784493,0.013873810556198329,True,-2690.963693398936,0.0,-0.08226022401998387,76.50612307632905
2023-10-07,10.66,11.88,10.24,10.35,5342085.38,,AVAXUSDT_daily,CRYPTO,BINANCE,USDT,1,1,1,10.35,10.35,10.35,0.5504187401314461,1010,0.0,0.5,1,20.0,52.75343034917734,0.0024642947224384104,True,20.0,28.658956406076005,0.004536103763095806,True,20.0,20.414155056810994,0.006368130331048245,True,-20.0,10.91533102180899,0.011909854107058972,True,-20.0,9.884530131761577,0.01315186440499342,True,-20.0,9.370172633784493,0.013873810556198329,True,-2764.9976255627366,0.0,-0.0,76.50612307632905
2023-10-08,10.34,10.54,9.95,10.09,1875461.06,,AVAXUSDT_daily,CRYPTO,BINANCE,USDT,1,1,1,10.09,10.09,10.09,0.5708430976366985,1011,0.0,0.5,1,20.0,52.75343034917734,0.0024642947224384104,True,20.0,28.658956406076005,0.004536103763095806,True,20.0,20.414155056810994,0.006368130331048245,True,-20.0,10.91533102180899,0.011909854107058972,True,-20.0,9.884530131761577,0.01315186440499342,True,-20.0,9.370172633784493,0.013873810556198329,True,-2828.7650335349854,0.0,-0.0,76.50612307632905
2023-10-09,10.08,10.09,9.28,9.54,2374413.48,,AVAXUSDT_daily,CRYPTO,BINANCE,USDT,1,1,1,9.54,9.54,9.54,0.5697543330367889,1012,0.0,0.5,1,-20.0,52.75343034917734,0.0024642947224384104,True,20.0,28.658956406076005,0.004536103763095806,True,20.0,20.414155056810994,0.006368130331048245,True,-20.0,10.91533102180899,0.011909854107058972,True,-20.0,9.884530131761577,0.01315186440499342,True,-20.0,9.370172633784493,0.013873810556198329,True,-2966.2134626280085,-8.466666666666667,-0.0,76.50612307632905
2023-10-10,9.54,9.86,9.42,9.53,1854748.33,,AVAXUSDT_daily,CRYPTO,BINANCE,USDT,1,1,1,9.53,9.53,9.53,0.5634676472415053,1013,0.0,0.5,1,-20.0,52.75343034917734,0.0024642947224384104,True,20.0,28.658956406076005,0.004536103763095806,True,20.0,20.414155056810994,0.006368130331048245,True,-20.0,10.91533102180899,0.011909854107058972,True,-20.0,9.884530131761577,0.01315186440499342,True,-20.0,9.370172633784493,0.013873810556198329,True,-2968.758265108082,-8.466666666666667,0.008874912648497239,76.51499798897754
2023-10-11,9.52,9.57,9.2,9.3,1815554.11,,AVAXUSDT_daily,CRYPTO,BINANCE,USDT,1,1,1,9.3,9.3,9.3,0.5460892061438515,1014,0.0,0.5,1,-20.0,52.75343034917734,0.0024642947224384104,True,-20.0,28.658956406076005,0.004536103763095806,True,1.4635940797943476,20.414155056810994,0.006368130331048245,True,-20.0,10.91533102180899,0.011909854107058972,True,-20.0,9.884530131761577,0.01315186440499342,True,-20.0,9.370172633784493,0.013873810556198329,True,-3029.200507552042,-20.0,0.20433718083245733,76.71933516981
2023-10-12,9.31,9.32,8.88,9.12,2057336.14,,AVAXUSDT_daily,CRYPTO,BINANCE,USDT,1,1,1,9.12,9.12,9.12,0.534453976171726,1015,0.0,0.5,1,-20.0,52.75343034917734,0.0024642947224384104,True,-20.0,28.658956406076005,0.004536103763095806,True,-20.0,20.414155056810994,0.006368130331048245,True,-20.0,10.91533102180899,0.011909854107058972,True,-20.0,9.884530131761577,0.01315186440499342,True,-20.0,9.370172633784493,0.013873810556198329,True,-3078.0020155621664,-20.0,0.3870967741935516,77.10643194400355
2023-10-13,9.11,9.35,9.0,9.15,1415530.31,,AVAXUSDT_daily,CRYPTO,BINANCE,USDT,1,1,1,9.15,9.15,9.15,0.523000201281513,1016,0.0,0.5,1,-20.0,52.75343034917734,0.0024642947224384104,True,-20.0,28.658956406076005,0.004536103763095806,True,-20.0,20.414155056810994,0.006368130331048245,True,-20.0,10.91533102180899,0.011909854107058972,True,-20.0,9.884530131761577,0.01315186440499342,True,-20.0,9.370172633784493,0.013873810556198329,True,-3069.7650036481937,-20.0,-0.0657894736842124,77.04064247031934
2023-10-14,9.15,9.25,9.11,9.15,469812.77,,AVAXUSDT_daily,CRYPTO,BINANCE,USDT,1,1,1,9.15,9.15,9.15,0.5026561030256391,1017,0.0,0.5,1,-20.0,52.75343034917734,0.0024642947224384104,True,-20.0,28.658956406076005,0.004536103763095806,True,-20.0,20.414155056810994,0.006368130331048245,True,-20.0,10.91533102180899,0.011909854107058972,True,-20.0,9.884530131761577,0.01315186440499342,True,-20.0,9.370172633784493,0.013873810556198329,True,-3069.7650036481937,-20.0,-0.0,77.04064247031934
2023-10-15,9.15,9.27,9.07,9.17,998932.66,,AVAXUSDT_daily,CRYPTO,BINANCE,USDT,1,1,1,9.17,9.17,9.17,0.4920515591442517,1018,0.0,0.5,1,-20.0,52.75343034917734,0.0024642947224384104,True,-20.0,28.658956406076005,0.004536103763095806,True,-20.0,20.414155056810994,0.006368130331048245,True,-20.0,10.91533102180899,0.011909854107058972,True,-20.0,9.884530131761577,0.01315186440499342,True,-20.0,9.370172633784493,0.013873810556198329,True,-3064.107380579185,-20.0,-0.043715846994536456,76.99692662332481
2023-10-16,9.18,9.83,9.17,9.4,2396526.73,,AVAXUSDT_daily,CRYPTO,BINANCE,USDT,1,1,1,9.4,9.4,9.4,0.4799660075830727,1019,0.0,0.5,1,-20.0,52.75343034917734,0.0024642947224384104,True,-20.0,28.658956406076005,0.004536103763095806,True,-20.0,20.414155056810994,0.006368130331048245,True,-20.0,10.91533102180899,0.011909854107058972,True,-20.0,9.884530131761577,0.01315186440499342,True,-20.0,9.370172633784493,0.013873810556198329,True,-3000.5529864067303,-20.0,-0.5016357688113438,76.49529085451347
2023-10-17,9.4,9.42,9.01,9.1,2216404.32,,AVAXUSDT_daily,CRYPTO,BINANCE,USDT,1,1,1,9.1,9.1,9.1,0.46931753364071266,1020,0.0,0.5,1,-20.0,52.75343034917734,0.0024642947224384104,True,-20.0,28.658956406076005,0.004536103763095806,True,-20.0,20.414155056810994,0.006368130331048245,True,-20.0,10.91533102180899,0.011909854107058972,True,-20.0,9.884530131761577,0.01315186440499342,True,-20.0,9.370172633784493,0.013873810556198329,True,-3085.8900992145664,-20.0,0.6382978723404276,77.1335887268539
2023-10-18,9.11,9.21,8.84,8.91,1617532.29,,AVAXUSDT_daily,CRYPTO,BINANCE,USDT,1,1,1,8.91,8.91,8.91,0.4871074668127239,1021,0.0,0.5,1,-20.0,52.75343034917734,0.0024642947224384104,True,-20.0,28.658956406076005,0.004536103763095806,True,-20.0,20.414155056810994,0.006368130331048245,True,-20.0,10.91533102180899,0.011909854107058972,True,-20.0,9.884530131761577,0.01315186440499342,True,-20.0,9.370172633784493,0.013873810556198329,True,-3141.6017948548415,-20.0,0.4175824175824161,77.55117114443632
2023-10-19,8.9,9.12,8.65,9.06,1655127.66,,AVAXUSDT_daily,CRYPTO,BINANCE,USDT,1,1,1,9.06,9.06,9.06,0.4919828302668104,1022,0.0,0.5,1,-20.0,52.75343034917734,0.0024642947224384104,True,-20.0,28.658956406076005,0.004536103763095806,True,-20.0,20.414155056810994,0.006368130331048245,True,-20.0,10.91533102180899,0.011909854107058972,True,-20.0,9.884530131761577,0.01315186440499342,True,-20.0,9.370172633784493,0.013873810556198329,True,-3098.023855417185,-20.0,-0.3367003367003374,77.21447080773599
2023-10-20,9.06,9.39,9.02,9.22,1958799.09,,AVAXUSDT_daily,CRYPTO,BINANCE,USDT,1,1,1,9.22,9.22,9.22,0.49261146215426443,1023,0.0,0.5,1,-20.0,52.75343034917734,0.0024642947224384104,True,-20.0,28.658956406076005,0.004536103763095806,True,-20.0,20.414155056810994,0.006368130331048245,True,-20.0,10.91533102180899,0.011909854107058972,True,-20.0,9.884530131761577,0.01315186440499342,True,-20.0,9.370172633784493,0.013873810556198329,True,-3052.0035964109898,-20.0,-0.3532008830022093,76.86126992473379
2023-10-21,9.22,9.81,9.17,9.63,2742101.15,,AVAXUSDT_daily,CRYPTO,BINANCE,USDT,1,1,1,9.63,9.63,9.63,0.49043348174261525,1024,0.0,0.5,1,20.0,52.75343034917734,0.0024642947224384104,True,-10.569445059392327,28.658956406076005,0.004536103763095806,True,-20.0,20.414155056810994,0.006368130331048245,True,-20.0,10.91533102180899,0.011909854107058972,True,-20.0,9.884530131761577,0.01315186440499342,True,-20.0,9.370172633784493,0.013873810556198329,True,-2942.008191122338,-14.937199204238045,-0.8893709327548827,75.9718989919789
2023-10-22,9.64,10.09,9.53,10.09,3289863.42,,AVAXUSDT_daily,CRYPTO,BINANCE,USDT,1,1,1,10.09,10.09,10.09,0.5038930024409112,1025,0.0,0.5,1,20.0,52.75343034917734,0.0024642947224384104,True,20.0,28.658956406076005,0.004536103763095806,True,-20.0,20.414155056810994,0.006368130331048245,True,-20.0,10.91533102180899,0.011909854107058972,True,-20.0,9.884530131761577,0.01315186440499342,True,-20.0,9.370172633784493,0.013873810556198329,True,-2826.9788280649136,-8.466666666666667,-0.7135110730996345,75.25838791887927
2023-10-23,10.09,10.68,9.86,10.58,5134792.1,,AVAXUSDT_daily,CRYPTO,BINANCE,USDT,1,1,1,10.58,10.58,10.58,0.5518340234960657,1026,0.0,0.5,1,20.0,52.75343034917734,0.0024642947224384104,True,20.0,28.658956406076005,0.004536103763095806,True,20.0,20.414155056810994,0.006368130331048245,True,-20.0,10.91533102180899,0.011909854107058972,True,-20.0,9.884530131761577,0.01315186440499342,True,-20.0,9.370172633784493,0.013873810556198329,True,-2712.183848891507,0.0,-0.4111661711265281,74.84722174775274
2023-10-24,10.59,10.8,10.06,10.32,4867065.26,,AVAXUSDT_daily,CRYPTO,BINANCE,USDT,1,1,1,10.32,10.32,10.32,0.5640779621493752,1027,0.0,0.5,1,20.0,52.75343034917734,0.0024642947224384104,True,20.0,28.658956406076005,0.004536103763095806,True,20.0,20.414155056810994,0.006368130331048245,True,-20.0,10.91533102180899,0.011909854107058972,True,-20.0,9.884530131761577,0.01315186440499342,True,-20.0,9.370172633784493,0.013873810556198329,True,-2774.594851323327,0.0,-0.0,74.84722174775274
2023-10-25,10.33,10.64,10.17,10.52,2884290.26,,AVAXUSDT_daily,CRYPTO,BINANCE,USDT,1,1,1,10.52,10.52,10.52,0.5882040015016811,1028,0.0,0.5,1,20.0,52.75343034917734,0.0024642947224384104,True,20.0,28.658956406076005,0.004536103763095806,True,20.0,20.414155056810994,0.006368130331048245,True,-20.0,10.91533102180899,0.011909854107058972,True,-20.0,9.884530131761577,0.01315186440499342,True,-20.0,9.370172633784493,0.013873810556198329,True,-2726.874584192881,0.0,0.0,74.84722174775274
2023-10-26,10.52,11.47,10.37,11.05,6154843.18,,AVAXUSDT_daily,CRYPTO,BINANCE,USDT,1,1,1,11.05,11.05,11.05,0.6287112968215287,1029,0.0,0.5,1,20.0,52.75343034917734,0.0024642947224384104,True,20.0,28.658956406076005,0.004536103763095806,True,20.0,20.414155056810994,0.006368130331048245,True,-20.0,10.91533102180899,0.011909854107058972,True,-20.0,9.884530131761577,0.01315186440499342,True,-20.0,9.370172633784493,0.013873810556198329,True,-2608.567673478638,0.0,0.0,74.84722174775274
2023-10-27,11.05,11.07,10.38,10.59,2529788.17,,AVAXUSDT_daily,CRYPTO,BINANCE,USDT,1,1,1,10.59,10.59,10.59,0.6445839131306307,1030,0.0,0.5,1,20.0,52.75343034917734,0.0024642947224384104,True,20.0,28.658956406076005,0.004536103763095806,True,20.0,20.414155056810994,0.006368130331048245,True,-20.0,10.91533102180899,0.011909854107058972,True,-20.0,9.884530131761577,0.01315186440499342,True,-20.0,9.370172633784493,0.013873810556198329,True,-2713.1064529257196,0.0,-0.0,74.84722174775274
2023-10-28,10.6,11.09,10.55,10.97,2619953.67,,AVAXUSDT_daily,CRYPTO,BINANCE,USDT,1,1,1,10.97,10.97,10.97,0.7018246894709547,1031,0.0,0.5,1,20.0,52.75343034917734,0.0024642947224384104,True,20.0,28.658956406076005,0.004536103763095806,True,20.0,20.414155056810994,0.006368130331048245,True,-20.0,10.91533102180899,0.011909854107058972,True,-20.0,9.884530131761577,0.01315186440499342,True,-20.0,9.370172633784493,0.013873810556198329,True,-2629.513170832653,0.0,0.0,74.84722174775274
2023-10-29,10.97,11.44,10.77,11.37,2022533.88,,AVAXUSDT_daily,CRYPTO,BINANCE,USDT,1,1,1,11.37,11.37,11.37,0.7907775986587283,1032,0.0,0.5,1,20.0,52.75343034917734,0.0024642947224384104,True,20.0,28.658956406076005,0.004536103763095806,True,20.0,20.414155056810994,0.006368130331048245,True,20.0,10.91533102180899,0.011909854107058972,True,-20.0,9.884530131761577,0.01315186440499342,True,-20.0,9.370172633784493,0.013873810556198329,True,-2544.2983801208643,8.466666666666667,0.0,74.84722174775274
2023-10-30,11.38,11.69,11.06,11.46,2156521.47,,AVAXUSDT_daily,CRYPTO,BINANCE,USDT,1,1,1,11.46,11.46,11.46,0.8685535465197483,1033,0.0,0.5,1,20.0,52.75343034917734,0.0024642947224384104,True,20.0,28.658956406076005,0.004536103763095806,True,20.0,20.414155056810994,0.006368130331048245,True,20.0,10.91533102180899,0.011909854107058972,True,-20.0,9.884530131761577,0.01315186440499342,True,-20.0,9.370172633784493,0.013873810556198329,True,-2524.949765124734,8.466666666666667,0.06701846965699397,74.91424021740974
2023-10-31,11.46,11.76,11.0,11.33,3346450.77,,AVAXUSDT_daily,CRYPTO,BINANCE,USDT,1,1,1,11.33,11.33,11.33,0.9113233581841413,1034,0.0,0.5,1,20.0,52.75343034917734,0.0024642947224384104,True,20.0,28.658956406076005,0.004536103763095806,True,20.0,20.414155056810994,0.006368130331048245,True,20.0,10.91533102180899,0.011909854107058972,True,-20.0,9.884530131761577,0.01315186440499342,True,-20.0,9.370172633784493,0.013873810556198329,True,-2553.491067193033,8.466666666666667,-0.096044211751019,74.81819600565872
2023-11-01,11.32,12.33,10.88,12.23,4822225.84,,AVAXUSDT_daily,CRYPTO,BINANCE,USDT,1,1,1,12.23,12.23,12.23,1.0113955965129011,1035,0.0,0.5,1,20.0,52.75343034917734,0.0024642947224384104,True,20.0,28.658956406076005,0.004536103763095806,True,20.0,20.414155056810994,0.006368130331048245,True,20.0,10.91533102180899,0.011909854107058972,True,-20.0,9.884530131761577,0.01315186440499342,True,-20.0,9.370172633784493,0.013873810556198329,True,-2381.7248547309623,8.466666666666667,0.6725507502206527,75.49074675587937
2023-11-02,12.23,12.55,11.43,11.88,4220621.92,,AVAXUSDT_daily,CRYPTO,BINANCE,USDT,1,1,1,11.88,11.88,11.88,1.0506603186935586,1036,0.0,0.5,1,20.0,52.75343034917734,0.0024642947224384104,True,20.0,28.658956406076005,0.004536103763095806,True,20.0,20.414155056810994,0.006368130331048245,True,20.0,10.91533102180899,0.011909854107058972,True,-20.0,9.884530131761577,0.01315186440499342,True,-20.0,9.370172633784493,0.013873810556198329,True,-2450.0551994826224,8.466666666666667,-0.2423003543199784,75.24844640155939
2023-11-03,11.88,12.19,11.43,12.11,2411690.33,,AVAXUSDT_daily,CRYPTO,BINANCE,USDT,1,1,1,12.11,12.11,12.11,1.0877425924282342,1037,0.0,0.5,1,20.0,52.75343034917734,0.0024642947224384104,True,20.0,28.658956406076005,0.004536103763095806,True,20.0,20.414155056810994,0.006368130331048245,True,20.0,10.91533102180899,0.011909854107058972,True,-20.0,9.884530131761577,0.01315186440499342,True,-20.0,9.370172633784493,0.013873810556198329,True,-2405.2811469039634,8.466666666666667,0.1639169472502796,75.41236334880968
2023-11-04,12.12,12.33,11.92,12.22,1471832.59,,AVAXUSDT_daily,CRYPTO,BINANCE,USDT,1,1,1,12.22,12.22,12.22,1.1124397086032192,1038,0.0,0.5,1,20.0,52.75343034917734,0.0024642947224384104,True,20.0,28.658956406076005,0.004536103763095806,True,20.0,20.414155056810994,0.006368130331048245,True,20.0,10.91533102180899,0.011909854107058972,True,-20.0,9.884530131761577,0.01315186440499342,True,-20.0,9.370172633784493,0.013873810556198329,True,-2383.6880216562645,8.466666666666667,0.07690613817781572,75.4892694869875
2023-11-05,12.21,12.67,12.1,12.35,2559244.68,,AVAXUSDT_daily,CRYPTO,BINANCE,USDT,1,1,1,12.35,12.35,12.35,1.1399098533209766,1039,0.0,0.5,1,20.0,52.75343034917734,0.0024642947224384104,True,20.0,28.658956406076005,0.004536103763095806,True,20.0,20.414155056810994,0.006368130331048245,True,20.0,10.91533102180899,0.011909854107058972,True,-20.0,9.884530131761577,0.01315186440499342,True,-20.0,9.370172633784493,0.013873810556198329,True,-2357.99984521842,8.466666666666667,0.09007092198581432,75.57934040897331
2023-11-06,12.34,13.17,12.24,13.08,2999305.97,,AVAXUSDT_daily,CRYPTO,BINANCE,USDT,1,1,1,13.08,13.08,13.08,1.183368408183901,1040,0.0,0.5,1,20.0,52.75343034917734,0.0024642947224384104,True,20.0,28.658956406076005,0.004536103763095806,True,20.0,20.414155056810994,0.006368130331048245,True,20.0,10.91533102180899,0.011909854107058972,True,-20.0,9.884530131761577,0.01315186440499342,True,-20.0,9.370172633784493,0.013873810556198329,True,-2224.5901534220966,8.466666666666667,0.5004588394062083,76.07979924837952
2023-11-07,13.07,13.1,12.29,12.81,2677547.02,,AVAXUSDT_daily,CRYPTO,BINANCE,USDT,1,1,1,12.81,12.81,12.81,1.1506532469648862,1041,0.0,0.5,1,20.0,52.75343034917734,0.0024642947224384104,True,20.0,28.658956406076005,0.004536103763095806,True,20.0,20.414155056810994,0.006368130331048245,True,20.0,10.91533102180899,0.011909854107058972,True,-20.0,9.884530131761577,0.01315186440499342,True,-20.0,9.370172633784493,0.013873810556198329,True,-2274.9515417149164,8.466666666666667,-0.17477064220183428,75.90502860617768
2023-11-08,12.8,13.15,12.66,12.99,2037125.6,,AVAXUSDT_daily,CRYPTO,BINANCE,USDT,1,1,1,12.99,12.99,12.99,1.111007129643745,1042,0.0,0.5,1,20.0,52.75343034917734,0.0024642947224384104,True,20.0,28.658956406076005,0.004536103763095806,True,20.0,20.414155056810994,0.006368130331048245,True,20.0,10.91533102180899,0.011909854107058972,True,-20.0,9.884530131761577,0.01315186440499342,True,-20.0,9.370172633784493,0.013873810556198329,True,-2241.2703986842034,8.466666666666667,0.11896955503512895,76.02399816121282
2023-11-09,12.98,13.96,11.9,12.96,6349228.52,,AVAXUSDT_daily,CRYPTO,BINANCE,USDT,1,1,1,12.96,12.96,12.96,1.0483827143764923,1043,0.0,0.5,1,20.0,52.75343034917734,0.0024642947224384104,True,20.0,28.658956406076005,0.004536103763095806,True,20.0,20.414155056810994,0.006368130331048245,True,20.0,10.91533102180899,0.011909854107058972,True,-20.0,9.884530131761577,0.01315186440499342,True,-20.0,9.370172633784493,0.013873810556198329,True,-2246.975913792038,8.466666666666667,-0.019553502694380016,76.00444465851844
2023-11-10,12.97,14.85,12.88,14.74,7715255.48,,AVAXUSDT_daily,CRYPTO,BINANCE,USDT,1,1,1,14.74,14.74,14.74,1.1765734146299236,1044,0.0,0.5,1,20.0,52.75343034917734,0.0024642947224384104,True,20.0,28.658956406076005,0.004536103763095806,True,20.0,20.414155056810994,0.006368130331048245,True,20.0,10.91533102180899,0.011909854107058972,True,-20.0,9.884530131761577,0.01315186440499342,True,-20.0,9.370172633784493,0.013873810556198329,True,-2000.2652882167245,8.466666666666667,1.1628600823045254,77.16730474082296
2023-11-11,14.75,17.0,13.99,16.79,10333477.54,,AVAXUSDT_daily,CRYPTO,BINANCE,USDT,1,1,1,16.79,16.79,16.79,1.5605021964986259,1045,0.0,0.5,1,20.0,52.75343034917734,0.0024642947224384104,True,20.0,28.658956406076005,0.004536103763095806,True,20.0,20.414155056810994,0.006368130331048245,True,20.0,10.91533102180899,0.011909854107058972,True,3.0568368763575884,9.884530131761577,0.01315186440499342,True,-20.0,9.370172633784493,0.013873810556198329,True,-1776.2498920399687,13.347030472162357,1.1775214834916317,78.34482622431459
2023-11-12,16.8,19.73,15.87,18.98,12880795.74,,AVAXUSDT_daily,CRYPTO,BINANCE,USDT,1,1,1,18.98,18.98,18.98,2.1456219194132173,1046,0.0,0.5,1,20.0,52.75343034917734,0.0024642947224384104,True,20.0,28.658956406076005,0.004536103763095806,True,20.0,20.414155056810994,0.006368130331048245,True,20.0,10.91533102180899,0.011909854107058972,True,20.0,9.884530131761577,0.01315186440499342,True,-20.0,9.370172633784493,0.013873810556198329,True,-1576.3338055797644,16.933333333333334,1.7409170181081355,80.08574324242272
2023-11-13,18.98,19.75,16.1,16.12,9459851.54,,AVAXUSDT_daily,CRYPTO,BINANCE,USDT,1,1,1,16.12,16.12,16.12,2.220777187338538,1047,0.0,0.5,1,20.0,52.75343034917734,0.0024642947224384104,True,20.0,28.658956406076005,0.004536103763095806,True,20.0,20.414155056810994,0.006368130331048245,True,20.0,10.91533102180899,0.011909854107058972,True,20.0,9.884530131761577,0.01315186440499342,True,-20.0,9.370172633784493,0.013873810556198329,True,-1838.6695966751122,16.933333333333334,-2.5515981735159805,77.53414506890674
2023-11-14,16.12,18.1,15.56,17.05,10623733.95,,AVAXUSDT_daily,CRYPTO,BINANCE,USDT,1,1,1,17.05,17.05,17.05,2.340468689007457,1048,0.0,0.5,1,20.0,52.75343034917734,0.0024642947224384104,True,20.0,28.658956406076005,0.004536103763095806,True,20.0,20.414155056810994,0.006368130331048245,True,20.0,10.91533102180899,0.011909854107058972,True,20.0,9.884530131761577,0.01315186440499342,True,-20.0,9.370172633784493,0.013873810556198329,True,-1756.6982687981504,16.933333333333334,0.9769230769230772,78.51106814582981
2023-11-15,17.05,20.95,17.01,20.7,14801379.2,,AVAXUSDT_daily,CRYPTO,BINANCE,USDT,1,1,1,20.7,20.7,20.7,2.827843282714346,1049,0.0,0.5,1,20.0,52.75343034917734,0.0024642947224384104,True,20.0,28.658956406076005,0.004536103763095806,True,20.0,20.414155056810994,0.006368130331048245,True,20.0,10.91533102180899,0.011909854107058972,True,20.0,9.884530131761577,0.01315186440499342,True,-20.0,9.370172633784493,0.013873810556198329,True,-1522.5584506229977,16.933333333333334,3.6250244379276606,82.13609258375747
2023-11-16,20.69,24.07,20.23,21.71,17186161.77,,AVAXUSDT_daily,CRYPTO,BINANCE,USDT,1,1,1,21.71,21.71,21.71,3.257822771505527,1050,0.0,0.5,1,20.0,52.75343034917734,0.0024642947224384104,True,20.0,28.658956406076005,0.004536103763095806,True,20.0,20.414155056810994,0.006368130331048245,True,20.0,10.91533102180899,0.011909854107058972,True,20.0,9.884530131761577,0.01315186440499342,True,-20.0,9.370172633784493,0.013873810556198329,True,-1459.3732206241823,16.933333333333334,0.8262157809983903,82.96230836475587
2023-11-17,21.71,24.69,20.0,21.94,15838526.82,,AVAXUSDT_daily,CRYPTO,BINANCE,USDT,1,1,1,21.94,21.94,21.94,3.5929534838146293,1051,0.0,0.5,1,20.0,52.75343034917734,0.0024642947224384104,True,20.0,28.658956406076005,0.004536103763095806,True,20.0,20.414155056810994,0.006368130331048245,True,20.0,10.91533102180899,0.011909854107058972,True,20.0,9.884530131761577,0.01315186440499342,True,-20.0,9.370172633784493,0.013873810556198329,True,-1444.8365427273848,16.933333333333334,0.1793950560417633,83.14170342079764
2023-11-18,21.94,22.69,20.17,21.99,6017391.55,,AVAXUSDT_daily,CRYPTO,BINANCE,USDT,1,1,1,21.99,21.99,21.99,3.844491068914178,1052,0.0,0.5,1,20.0,52.75343034917734,0.0024642947224384104,True,20.0,28.658956406076005,0.004536103763095806,True,20.0,20.414155056810994,0.006368130331048245,True,20.0,10.91533102180899,0.011909854107058972,True,20.0,9.884530131761577,0.01315186440499342,True,-20.0,9.370172633784493,0.013873810556198329,True,-1441.6231850597317,16.933333333333334,0.038590094196290746,83.18029351499393
2023-11-19,22.0,23.04,20.75,22.85,5314132.45,,AVAXUSDT_daily,CRYPTO,BINANCE,USDT,1,1,1,22.85,22.85,22.85,4.086114194505552,1053,0.0,0.5,1,20.0,52.75343034917734,0.0024642947224384104,True,20.0,28.658956406076005,0.004536103763095806,True,20.0,20.414155056810994,0.006368130331048245,True,20.0,10.91533102180899,0.011909854107058972,True,20.0,9.884530131761577,0.01315186440499342,True,-20.0,9.370172633784493,0.013873810556198329,True,-1387.2184967031556,16.933333333333334,0.6622404123086266,83.84253392730255
2023-11-20,22.84,23.25,20.71,20.85,5827146.19,,AVAXUSDT_daily,CRYPTO,BINANCE,USDT,1,1,1,20.85,20.85,20.85,4.087401535915314,1054,0.0,0.5,1,20.0,52.75343034917734,0.0024642947224384104,True,20.0,28.658956406076005,0.004536103763095806,True,20.0,20.414155056810994,0.006368130331048245,True,20.0,10.91533102180899,0.011909854107058972,True,20.0,9.884530131761577,0.01315186440499342,True,-20.0,9.370172633784493,0.013873810556198329,True,-1520.967540904936,16.933333333333334,-1.4821298322392416,82.36040409506332
2023-11-21,20.86,22.29,18.9,19.02,11207307.49,,AVAXUSDT_daily,CRYPTO,BINANCE,USDT,1,1,1,19.02,19.02,19.02,4.011305208245511,1055,0.0,0.5,1,-20.0,52.75343034917734,0.0024642947224384104,True,20.0,28.658956406076005,0.004536103763095806,True,20.0,20.414155056810994,0.006368130331048245,True,20.0,10.91533102180899,0.011909854107058972,True,20.0,9.884530131761577,0.01315186440499342,True,-20.0,9.370172633784493,0.013873810556198329,True,-1651.7480648107737,8.466666666666667,-1.4862350119904082,80.87416908307291
2023-11-22,19.02,21.25,18.96,20.78,6214364.77,,AVAXUSDT_daily,CRYPTO,BINANCE,USDT,1,1,1,20.78,20.78,20.78,3.9466156054086903,1056,0.0,0.5,1,20.0,52.75343034917734,0.0024642947224384104,True,20.0,28.658956406076005,0.004536103763095806,True,20.0,20.414155056810994,0.006368130331048245,True,20.0,10.91533102180899,0.011909854107058972,True,20.0,9.884530131761577,0.01315186440499342,True,-20.0,9.370172633784493,0.013873810556198329,True,-1536.2993742231758,16.933333333333334,0.7834560112162644,81.65762509428917
2023-11-23,20.79,21.49,20.42,20.64,3128091.29,,AVAXUSDT_daily,CRYPTO,BINANCE,USDT,1,1,1,20.64,20.64,20.64,3.8381674286747267,1057,0.0,0.5,1,20.0,52.75343034917734,0.0024642947224384104,True,20.0,28.658956406076005,0.004536103763095806,True,20.0,20.414155056810994,0.006368130331048245,True,20.0,10.91533102180899,0.011909854107058972,True,20.0,9.884530131761577,0.01315186440499342,True,-20.0,9.370172633784493,0.013873810556198329,True,-1545.7294508881218,16.933333333333334,-0.11408405518126362,81.54354103910791
2023-11-24,20.64,21.88,20.45,20.89,3692026.02,,AVAXUSDT_daily,CRYPTO,BINANCE,USDT,1,1,1,20.89,20.89,20.89,3.6939503886350997,1058,0.0,0.5,1,20.0,52.75343034917734,0.0024642947224384104,True,20.0,28.658956406076005,0.004536103763095806,True,20.0,20.414155056810994,0.006368130331048245,True,20.0,10.91533102180899,0.011909854107058972,True,20.0,9.884530131761577,0.01315186440499342,True,-20.0,9.370172633784493,0.013873810556198329,True,-1528.7113655557018,16.933333333333334,0.2051033591731251,81.74864439828103
2023-11-25,20.89,21.48,20.63,21.36,2069224.51,,AVAXUSDT_daily,CRYPTO,BINANCE,USDT,1,1,1,21.36,21.36,21.36,3.518769035661325,1059,0.0,0.5,1,20.0,52.75343034917734,0.0024642947224384104,True,20.0,28.658956406076005,0.004536103763095806,True,20.0,20.414155056810994,0.006368130331048245,True,20.0,10.91533102180899,0.011909854107058972,True,20.0,9.884530131761577,0.01315186440499342,True,-20.0,9.370172633784493,0.013873810556198329,True,-1496.7024108069402,16.933333333333334,0.3809797351204699,82.1296241334015
2023-11-26,21.36,21.52,20.1,21.06,2825385.24,,AVAXUSDT_daily,CRYPTO,BINANCE,USDT,1,1,1,21.06,21.06,21.06,3.329632941681242,1060,0.0,0.5,1,20.0,52.75343034917734,0.0024642947224384104,True,20.0,28.658956406076005,0.004536103763095806,True,20.0,20.414155056810994,0.006368130331048245,True,20.0,10.91533102180899,0.011909854107058972,True,20.0,9.884530131761577,0.01315186440499342,True,-20.0,9.370172633784493,0.013873810556198329,True,-1517.7849603191262,16.933333333333334,-0.23782771535580488,81.8917964180457
2023-11-27,21.07,21.3,19.82,20.35,2994013.72,,AVAXUSDT_daily,CRYPTO,BINANCE,USDT,1,1,1,20.35,20.35,20.35,3.0274972728072194,1061,0.0,0.5,1,-20.0,52.75343034917734,0.0024642947224384104,True,20.0,28.658956406076005,0.004536103763095806,True,20.0,20.414155056810994,0.006368130331048245,True,20.0,10.91533102180899,0.011909854107058972,True,20.0,9.884530131761577,0.01315186440499342,True,-20.0,9.370172633784493,0.013873810556198329,True,-1569.9380396020051,8.466666666666667,-0.5708768597657464,81.32091955827995
2023-11-28,20.36,20.86,19.47,20.68,3188388.54,,AVAXUSDT_daily,CRYPTO,BINANCE,USDT,1,1,1,20.68,20.68,20.68,2.6655247335705132,1062,0.0,0.5,1,-20.0,52.75343034917734,0.0024642947224384104,True,20.0,28.658956406076005,0.004536103763095806,True,20.0,20.414155056810994,0.006368130331048245,True,20.0,10.91533102180899,0.011909854107058972,True,20.0,9.884530131761577,0.01315186440499342,True,-20.0,9.370172633784493,0.013873810556198329,True,-1545.5464630046322,8.466666666666667,0.1372972972972959,81.45821685557725
2023-11-29,20.69,21.56,20.55,21.12,3710793.82,,AVAXUSDT_daily,CRYPTO,BINANCE,USDT,1,1,1,21.12,21.12,21.12,2.1803860112162905,1063,0.0,0.5,1,20.0,52.75343034917734,0.0024642947224384104,True,20.0,28.658956406076005,0.004536103763095806,True,20.0,20.414155056810994,0.006368130331048245,True,20.0,10.91533102180899,0.011909854107058972,True,20.0,9.884530131761577,0.01315186440499342,True,-20.0,9.370172633784493,0.013873810556198329,True,-1512.9950537230663,16.933333333333334,0.1801418439716324,81.63835869954887
2023-11-30,21.12,21.5,20.81,21.39,2759264.75,,AVAXUSDT_daily,CRYPTO,BINANCE,USDT,1,1,1,21.39,21.39,21.39,1.8156288601770034,1064,0.0,0.5,1,20.0,52.75343034917734,0.0024642947224384104,True,20.0,28.658956406076005,0.004536103763095806,True,20.0,20.414155056810994,0.006368130331048245,True,20.0,10.91533102180899,0.011909854107058972,True,20.0,9.884530131761577,0.01315186440499342,True,-20.0,9.370172633784493,0.013873810556198329,True,-1492.8361129494574,16.933333333333334,0.21647727272727135,81.85483597227615
2023-12-01,21.4,22.64,21.1,21.87,4149300.78,,AVAXUSDT_daily,CRYPTO,BINANCE,USDT,1,1,1,21.87,21.87,21.87,1.6439838486888239,1065,0.0,0.5,1,20.0,52.75343034917734,0.0024642947224384104,True,20.0,28.658956406076005,0.004536103763095806,True,20.0,20.414155056810994,0.006368130331048245,True,20.0,10.91533102180899,0.011909854107058972,True,20.0,9.884530131761577,0.01315186440499342,True,-20.0,9.370172633784493,0.013873810556198329,True,-1457.0236635429937,16.933333333333334,0.37999064983637215,82.23482662211252
2023-12-02,21.86,22.45,21.75,22.24,2115296.06,,AVAXUSDT_daily,CRYPTO,BINANCE,USDT,1,1,1,22.24,22.24,22.24,1.6399084538031263,1066,0.0,0.5,1,20.0,52.75343034917734,0.0024642947224384104,True,20.0,28.658956406076005,0.004536103763095806,True,20.0,20.414155056810994,0.006368130331048245,True,20.0,10.91533102180899,0.011909854107058972,True,20.0,9.884530131761577,0.01315186440499342,True,-20.0,9.370172633784493,0.013873810556198329,True,-1429.2866231226214,16.933333333333334,0.28648071940252734,82.52130734151505
2023-12-03,22.24,22.74,21.59,21.94,2457069.2,,AVAXUSDT_daily,CRYPTO,BINANCE,USDT,1,1,1,21.94,21.94,21.94,1.248351650024176,1067,0.0,0.5,1,20.0,52.75343034917734,0.0024642947224384104,True,20.0,28.658956406076005,0.004536103763095806,True,20.0,20.414155056810994,0.006368130331048245,True,20.0,10.91533102180899,0.011909854107058972,True,20.0,9.884530131761577,0.01315186440499342,True,-20.0,9.370172633784493,0.013873810556198329,True,-1452.4509548855997,16.933333333333334,-0.22841726618704894,82.292890075328
2023-12-04,21.94,23.2,20.56,22.68,5307454.35,,AVAXUSDT_daily,CRYPTO,BINANCE,USDT,1,1,1,22.68,22.68,22.68,0.8885890649386666,1068,0.0,0.5,1,20.0,52.75343034917734,0.0024642947224384104,True,20.0,28.658956406076005,0.004536103763095806,True,20.0,20.414155056810994,0.006368130331048245,True,20.0,10.91533102180899,0.011909854107058972,True,20.0,9.884530131761577,0.01315186440499342,True,-13.257303348250465,9.370172633784493,0.013873810556198329,True,-1396.1292600243498,18.360537457953654,0.5711333941051331,82.86402346943314
2023-12-05,22.67,24.83,21.81,24.54,6173878.71,,AVAXUSDT_daily,CRYPTO,BINANCE,USDT,1,1,1,24.54,24.54,24.54,1.1327539798915425,1069,0.0,0.5,1,20.0,52.75343034917734,0.0024642947224384104,True,20.0,28.658956406076005,0.004536103763095806,True,20.0,20.414155056810994,0.006368130331048245,True,20.0,10.91533102180899,0.011909854107058972,True,20.0,9.884530131761577,0.01315186440499342,True,20.0,9.370172633784493,0.013873810556198329,True,-1266.2925808083223,20.0,1.5057583629538727,84.369781832387
2023-12-06,24.54,27.68,24.45,26.2,10747936.78,,AVAXUSDT_daily,CRYPTO,BINANCE,USDT,1,1,1,26.2,26.2,26.2,1.5468524068035017,1070,0.0,0.5,1,20.0,52.75343034917734,0.0024642947224384104,True,20.0,28.658956406076005,0.004536103763095806,True,20.0,20.414155056810994,0.006368130331048245,True,20.0,10.91533102180899,0.011909854107058972,True,20.0,9.884530131761577,0.01315186440499342,True,20.0,9.370172633784493,0.013873810556198329,True,-1157.0945386718254,20.0,1.3528932355338208,85.72267506792083
2023-12-07,26.2,27.9,25.71,26.28,7035602.62,,AVAXUSDT_daily,CRYPTO,BINANCE,USDT,1,1,1,26.28,26.28,26.28,1.8534470730625914,1071,0.0,0.5,1,20.0,52.75343034917734,0.0024642947224384104,True,20.0,28.658956406076005,0.004536103763095806,True,20.0,20.414155056810994,0.006368130331048245,True,20.0,10.91533102180899,0.011909854107058972,True,20.0,9.884530131761577,0.01315186440499342,True,20.0,9.370172633784493,0.013873810556198329,True,-1151.749923792835,20.0,0.0610687022900791,85.78374377021092
2023-12-08,26.28,30.8,26.03,30.44,8000503.43,,AVAXUSDT_daily,CRYPTO,BINANCE,USDT,1,1,1,30.44,30.44,30.44,2.655744320289418,1072,0.0,0.5,1,20.0,52.75343034917734,0.0024642947224384104,True,20.0,28.658956406076005,0.004536103763095806,True,20.0,20.414155056810994,0.006368130331048245,True,20.0,10.91533102180899,0.011909854107058972,True,20.0,9.884530131761577,0.01315186440499342,True,20.0,9.370172633784493,0.013873810556198329,True,-933.1000140016276,20.0,3.165905631659056,88.94964940186998
2023-12-09,30.44,34.26,30.44,31.91,10263975.2,,AVAXUSDT_daily,CRYPTO,BINANCE,USDT,1,1,1,31.91,31.91,31.91,3.4096065523925003,1073,0.0,0.5,1,20.0,52.75343034917734,0.0024642947224384104,True,20.0,28.658956406076005,0.004536103763095806,True,20.0,20.414155056810994,0.006368130331048245,True,20.0,10.91533102180899,0.011909854107058972,True,20.0,9.884530131761577,0.01315186440499342,True,20.0,9.370172633784493,0.013873810556198329,True,-857.9242567362919,20.0,0.9658344283837028,89.91548383025368
2023-12-10,31.91,37.99,31.52,37.14,9029970.15,,AVAXUSDT_daily,CRYPTO,BINANCE,USDT,1,1,1,37.14,37.14,37.14,4.639968551392052,1074,0.0,0.5,1,20.0,52.75343034917734,0.0024642947224384104,True,20.0,28.658956406076005,0.004536103763095806,True,20.0,20.414155056810994,0.006368130331048245,True,20.0,10.91533102180899,0.011909854107058972,True,20.0,9.884530131761577,0.01315186440499342,True,20.0,9.370172633784493,0.013873810556198329,True,-643.8597890784222,20.0,3.277969288624254,93.19345311887793
2023-12-11,37.14,39.39,31.6,38.04,17625128.99,,AVAXUSDT_daily,CRYPTO,BINANCE,USDT,1,1,1,38.04,38.04,38.04,5.513132527263452,1075,0.0,0.5,1,20.0,52.75343034917734,0.0024642947224384104,True,20.0,28.658956406076005,0.004536103763095806,True,20.0,20.414155056810994,0.006368130331048245,True,20.0,10.91533102180899,0.011909854107058972,True,20.0,9.884530131761577,0.01315186440499342,True,20.0,9.370172633784493,0.013873810556198329,True,-607.1258701794401,20.0,0.48465266558966213,93.67810578446759
2023-12-12,38.04,42.89,36.0,37.49,12429466.44,,AVAXUSDT_daily,CRYPTO,BINANCE,USDT,1,1,1,37.49,37.49,37.49,6.13809682487913,1076,0.0,0.5,1,20.0,52.75343034917734,0.0024642947224384104,True,20.0,28.658956406076005,0.004536103763095806,True,20.0,20.414155056810994,0.006368130331048245,True,20.0,10.91533102180899,0.011909854107058972,True,20.0,9.884530131761577,0.01315186440499342,True,20.0,9.370172633784493,0.013873810556198329,True,-630.0875088302192,20.0,-0.28916929547844195,93.38893648898915
2023-12-13,37.49,41.47,34.02,38.99,11810098.4,,AVAXUSDT_daily,CRYPTO,BINANCE,USDT,1,1,1,38.99,38.99,38.99,6.73000232658219,1077,0.0,0.5,1,20.0,52.75343034917734,0.0024642947224384104,True,20.0,28.658956406076005,0.004536103763095806,True,20.0,20.414155056810994,0.006368130331048245,True,20.0,10.91533102180899,0.011909854107058972,True,20.0,9.884530131761577,0.01315186440499342,True,20.0,9.370172633784493,0.013873810556198329,True,-568.5486951372404,20.0,0.8002133902373965,94.18914987922655
2023-12-14,38.98,40.34,36.51,39.3,7164273.35,,AVAXUSDT_daily,CRYPTO,BINANCE,USDT,1,1,1,39.3,39.3,39.3,7.190008344919504,1078,0.0,0.5,1,20.0,52.75343034917734,0.0024642947224384104,True,20.0,28.658956406076005,0.004536103763095806,True,20.0,20.414155056810994,0.006368130331048245,True,20.0,10.91533102180899,0.011909854107058972,True,20.0,9.884530131761577,0.01315186440499342,True,20.0,9.370172633784493,0.013873810556198329,True,-555.7061597346329,20.0,0.1590151320851474,94.34816501131169
2023-12-15,39.29,42.27,38.52,39.71,8958206.04,,AVAXUSDT_daily,CRYPTO,BINANCE,USDT,1,1,1,39.71,39.71,39.71,7.5599876601132525,1079,0.0,0.5,1,20.0,52.75343034917734,0.0024642947224384104,True,20.0,28.658956406076005,0.004536103763095806,True,20.0,20.414155056810994,0.006368130331048245,True,20.0,10.91533102180899,0.011909854107058972,True,20.0,9.884530131761577,0.01315186440499342,True,20.0,9.370172633784493,0.013873810556198329,True,-538.5821655004448,20.0,0.20865139949109768,94.5568164108028
2023-12-16,39.72,45.33,38.5,42.22,8705680.65,,AVAXUSDT_daily,CRYPTO,BINANCE,USDT,1,1,1,42.22,42.22,42.22,7.981694368992833,1080,0.0,0.5,1,20.0,52.75343034917734,0.0024642947224384104,True,20.0,28.658956406076005,0.004536103763095806,True,20.0,20.414155056810994,0.006368130331048245,True,20.0,10.91533102180899,0.011909854107058972,True,20.0,9.884530131761577,0.01315186440499342,True,20.0,9.370172633784493,0.013873810556198329,True,-438.4410672248201,20.0,1.2641651976832025,95.820981608486
2023-12-17,42.23,44.06,40.28,40.62,4937788.07,,AVAXUSDT_daily,CRYPTO,BINANCE,USDT,1,1,1,40.62,40.62,40.62,8.081549486656314,1081,0.0,0.5,1,20.0,52.75343034917734,0.0024642947224384104,True,20.0,28.658956406076005,0.004536103763095806,True,20.0,20.414155056810994,0.006368130331048245,True,20.0,10.91533102180899,0.011909854107058972,True,20.0,9.884530131761577,0.01315186440499342,True,20.0,9.370172633784493,0.013873810556198329,True,-504.1262568956407,20.0,-0.7579346281383237,95.06304698034766
2023-12-18,40.62,41.44,36.5,41.16,6850358.5,,AVAXUSDT_daily,CRYPTO,BINANCE,USDT,1,1,1,41.16,41.16,41.16,8.103925884215242,1082,0.0,0.5,1,20.0,52.75343034917734,0.0024642947224384104,True,20.0,28.658956406076005,0.004536103763095806,True,20.0,20.414155056810994,0.006368130331048245,True,20.0,10.91533102180899,0.011909854107058972,True,20.0,9.884530131761577,0.01315186440499342,True,20.0,9.370172633784493,0.013873810556198329,True,-481.812688505688,20.0,0.26587887740029625,95.32892585774796
2023-12-19,41.15,42.17,38.73,39.74,4755734.07,,AVAXUSDT_daily,CRYPTO,BINANCE,USDT,1,1,1,39.74,39.74,39.74,7.945224649866968,1083,0.0,0.5,1,20.0,52.75343034917734,0.0024642947224384104,True,20.0,28.658956406076005,0.004536103763095806,True,20.0,20.414155056810994,0.006368130331048245,True,20.0,10.91533102180899,0.011909854107058972,True,20.0,9.884530131761577,0.01315186440499342,True,20.0,9.370172633784493,0.013873810556198329,True,-542.3568196748753,20.0,-0.6899902818270132,94.63893557592095
2023-12-20,39.73,44.49,39.08,43.46,6459700.84,,AVAXUSDT_daily,CRYPTO,BINANCE,USDT,1,1,1,43.46,43.46,43.46,7.898045244503351,1084,0.0,0.5,1,20.0,52.75343034917734,0.0024642947224384104,True,20.0,28.658956406076005,0.004536103763095806,True,20.0,20.414155056810994,0.006368130331048245,True,20.0,10.91533102180899,0.011909854107058972,True,20.0,9.884530131761577,0.01315186440499342,True,20.0,9.370172633784493,0.013873810556198329,True,-398.49712608306777,20.0,1.8721690991444362,96.51110467506538
2023-12-21,43.46,47.38,43.06,45.97,7253794.87,,AVAXUSDT_daily,CRYPTO,BINANCE,USDT,1,1,1,45.97,45.97,45.97,7.901096043222222,1085,0.0,0.5,1,20.0,52.75343034917734,0.0024642947224384104,True,20.0,28.658956406076005,0.004536103763095806,True,20.0,20.414155056810994,0.006368130331048245,True,20.0,10.91533102180899,0.011909854107058972,True,20.0,9.884530131761577,0.01315186440499342,True,20.0,9.370172633784493,0.013873810556198329,True,-305.2433929775925,20.0,1.1550851357570169,97.6661898108224
2023-12-22,45.96,48.88,43.66,45.35,6546935.03,,AVAXUSDT_daily,CRYPTO,BINANCE,USDT,1,1,1,45.35,45.35,45.35,7.700541949486457,1086,0.0,0.5,1,20.0,52.75343034917734,0.0024642947224384104,True,20.0,28.658956406076005,0.004536103763095806,True,20.0,20.414155056810994,0.006368130331048245,True,20.0,10.91533102180899,0.011909854107058972,True,20.0,9.884530131761577,0.01315186440499342,True,20.0,9.370172633784493,0.013873810556198329,True,-328.79430460023696,20.0,-0.26974113552316714,97.39644867529924
2023-12-23,45.35,48.27,43.34,48.05,4660235.64,,AVAXUSDT_daily,CRYPTO,BINANCE,USDT,1,1,1,48.05,48.05,48.05,7.4618605518160095,1087,0.0,0.5,1,20.0,52.75343034917734,0.0024642947224384104,True,20.0,28.658956406076005,0.004536103763095806,True,20.0,20.414155056810994,0.006368130331048245,True,20.0,10.91533102180899,0.011909854107058972,True,20.0,9.884530131761577,0.01315186440499342,True,20.0,9.370172633784493,0.013873810556198329,True,-230.58902173808525,20.0,1.1907386990077162,98.58718737430695
2023-12-24,48.04,49.96,46.32,47.68,6410094.86,,AVAXUSDT_daily,CRYPTO,BINANCE,USDT,1,1,1,47.68,47.68,47.68,7.0241421840010885,1088,0.0,0.5,1,20.0,52.75343034917734,0.0024642947224384104,True,20.0,28.658956406076005,0.004536103763095806,True,20.0,20.414155056810994,0.006368130331048245,True,20.0,10.91533102180899,0.011909854107058972,True,20.0,9.884530131761577,0.01315186440499342,True,20.0,9.370172633784493,0.013873810556198329,True,-244.30443552756105,20.0,-0.15400624349635628,98.4331811308106
2023-12-25,47.68,48.9,45.94,48.18,4146186.27,,AVAXUSDT_daily,CRYPTO,BINANCE,USDT,1,1,1,48.18,48.18,48.18,6.5767119244234005,1089,0.0,0.5,1,20.0,52.75343034917734,0.0024642947224384104,True,20.0,28.658956406076005,0.004536103763095806,True,20.0,20.414155056810994,0.006368130331048245,True,20.0,10.91533102180899,0.011909854107058972,True,20.0,9.884530131761577,0.01315186440499342,True,20.0,9.370172633784493,0.013873810556198329,True,-225.61623703894855,20.0,0.20973154362416313,98.64291267443475
2023-12-26,48.18,48.35,40.53,44.41,4773394.73,,AVAXUSDT_daily,CRYPTO,BINANCE,USDT,1,1,1,44.41,44.41,44.41,5.876881647161834,1090,0.0,0.5,1,20.0,52.75343034917734,0.0024642947224384104,True,20.0,28.658956406076005,0.004536103763095806,True,20.0,20.414155056810994,0.006368130331048245,True,20.0,10.91533102180899,0.011909854107058972,True,20.0,9.884530131761577,0.01315186440499342,True,20.0,9.370172633784493,0.013873810556198329,True,-370.47032622241915,20.0,-1.5649647156496482,97.0779479587851
2023-12-27,44.41,44.95,41.87,42.39,4199478.73,,AVAXUSDT_daily,CRYPTO,BINANCE,USDT,1,1,1,42.39,42.39,42.39,4.8710885792992,1091,0.0,0.5,1,-20.0,52.75343034917734,0.0024642947224384104,True,20.0,28.658956406076005,0.004536103763095806,True,20.0,20.414155056810994,0.006368130331048245,True,20.0,10.91533102180899,0.011909854107058972,True,20.0,9.884530131761577,0.01315186440499342,True,20.0,9.370172633784493,0.013873810556198329,True,-451.29079483016005,16.933333333333334,-0.9097050213915758,96.16824293739353
2023-12-28,42.4,43.39,39.23,39.8,5049991.19,,AVAXUSDT_daily,CRYPTO,BINANCE,USDT,1,1,1,39.8,39.8,39.8,4.1943727653544896,1092,0.0,0.5,1,-20.0,52.75343034917734,0.0024642947224384104,True,20.0,28.658956406076005,0.004536103763095806,True,20.0,20.414155056810994,0.006368130331048245,True,20.0,10.91533102180899,0.011909854107058972,True,20.0,9.884530131761577,0.01315186440499342,True,20.0,9.370172633784493,0.013873810556198329,True,-559.9632417986323,16.933333333333334,-1.0346150821734708,95.13362785522006
2023-12-29,39.8,42.15,38.5,40.18,5054515.59,,AVAXUSDT_daily,CRYPTO,BINANCE,USDT,1,1,1,40.18,40.18,40.18,3.5488002420403038,1093,0.0,0.5,1,-20.0,52.75343034917734,0.0024642947224384104,True,20.0,28.658956406076005,0.004536103763095806,True,20.0,20.414155056810994,0.006368130331048245,True,20.0,10.91533102180899,0.011909854107058972,True,20.0,9.884530131761577,0.01315186440499342,True,20.0,9.370172633784493,0.013873810556198329,True,-543.8296135415626,16.933333333333334,0.1616750418760493,95.29530289709611
2023-12-30,40.18,40.36,38.15,39.33,2217519.52,,AVAXUSDT_daily,CRYPTO,BINANCE,USDT,1,1,1,39.33,39.33,39.33,3.422690961957156,1094,0.0,0.5,1,-20.0,52.75343034917734,0.0024642947224384104,True,-20.0,28.658956406076005,0.004536103763095806,True,20.0,20.414155056810994,0.006368130331048245,True,20.0,10.91533102180899,0.011909854107058972,True,20.0,9.884530131761577,0.01315186440499342,True,20.0,9.370172633784493,0.013873810556198329,True,-581.2280596789776,8.466666666666667,-0.35822133731541506,94.9370815597807
2023-12-31,39.33,40.55,37.51,38.55,2208181.77,,AVAXUSDT_daily,CRYPTO,BINANCE,USDT,1,1,1,38.55,38.55,38.55,3.3925908435279246,1095,0.0,0.5,1,-20.0,52.75343034917734,0.0024642947224384104,True,-20.0,28.658956406076005,0.004536103763095806,True,20.0,20.414155056810994,0.006368130331048245,True,20.0,10.91533102180899,0.011909854107058972,True,20.0,9.884530131761577,0.01315186440499342,True,20.0,9.370172633784493,0.013873810556198329,True,-616.7790370283324,8.466666666666667,-0.16791253496059028,94.7691690248201
2024-01-01,38.57,42.0,38.0,41.94,2734126.31,,AVAXUSDT_daily,CRYPTO,BINANCE,USDT,1,1,1,41.94,41.94,41.94,3.2135326929146997,1096,0.0,0.5,1,-20.0,52.75343034917734,0.0024642947224384104,True,-20.0,28.658956406076005,0.004536103763095806,True,20.0,20.414155056810994,0.006368130331048245,True,20.0,10.91533102180899,0.011909854107058972,True,20.0,9.884530131761577,0.01315186440499342,True,20.0,9.370172633784493,0.013873810556198329,True,-477.835864728164,8.466666666666667,0.7445395590142683,95.51370858383437
2024-01-02,41.95,43.44,40.31,40.61,3642001.26,,AVAXUSDT_daily,CRYPTO,BINANCE,USDT,1,1,1,40.61,40.61,40.61,3.144008294821323,1097,0.0,0.5,1,-20.0,52.75343034917734,0.0024642947224384104,True,-20.0,28.658956406076005,0.004536103763095806,True,20.0,20.414155056810994,0.006368130331048245,True,20.0,10.91533102180899,0.011909854107058972,True,20.0,9.884530131761577,0.01315186440499342,True,20.0,9.370172633784493,0.013873810556198329,True,-534.6003850940205,8.466666666666667,-0.26849467493244317,95.24521390890193
2024-01-03,40.61,41.43,33.06,36.8,6289630.67,,AVAXUSDT_daily,CRYPTO,BINANCE,USDT,1,1,1,36.8,36.8,36.8,3.319884073754451,1098,0.0,0.5,1,-20.0,52.75343034917734,0.0024642947224384104,True,-20.0,28.658956406076005,0.004536103763095806,True,20.0,20.414155056810994,0.006368130331048245,True,20.0,10.91533102180899,0.011909854107058972,True,20.0,9.884530131761577,0.01315186440499342,True,20.0,9.370172633784493,0.013873810556198329,True,-705.9907956163181,8.466666666666667,-0.7943363703521303,94.4508775385498
2024-01-04,36.79,39.45,36.07,38.72,3541865.71,,AVAXUSDT_daily,CRYPTO,BINANCE,USDT,1,1,1,38.72,38.72,38.72,3.3676879465404324,1099,0.0,0.5,1,-20.0,52.75343034917734,0.0024642947224384104,True,-20.0,28.658956406076005,0.004536103763095806,True,20.0,20.414155056810994,0.006368130331048245,True,20.0,10.91533102180899,0.011909854107058972,True,20.0,9.884530131761577,0.01315186440499342,True,20.0,9.370172633784493,0.013873810556198329,True,-623.2949715910602,8.466666666666667,0.4417391304347838,94.89261666898459
2024-01-05,38.72,38.91,35.0,36.46,3385914.09,,AVAXUSDT_daily,CRYPTO,BINANCE,USDT,1,1,1,36.46,36.46,36.46,3.608772936231058,1100,0.0,0.5,1,-20.0,52.75343034917734,0.0024642947224384104,True,-20.0,28.658956406076005,0.004536103763095806,True,20.0,20.414155056810994,0.006368130331048245,True,20.0,10.91533102180899,0.011909854107058972,True,20.0,9.884530131761577,0.01315186440499342,True,20.0,9.370172633784493,0.013873810556198329,True,-726.2782740480352,8.466666666666667,-0.49418044077134904,94.39843622821324
2024-01-06,36.46,36.51,33.42,34.61,2367153.87,,AVAXUSDT_daily,CRYPTO,BINANCE,USDT,1,1,1,34.61,34.61,34.61,3.9602146074237825,1101,0.0,0.5,1,-20.0,52.75343034917734,0.0024642947224384104,True,-20.0,28.658956406076005,0.004536103763095806,True,20.0,20.414155056810994,0.006368130331048245,True,20.0,10.91533102180899,0.011909854107058972,True,20.0,9.884530131761577,0.01315186440499342,True,20.0,9.370172633784493,0.013873810556198329,True,-815.4762735884468,8.466666666666667,-0.42960321813859986,93.96883301007465
2024-01-07,34.62,35.78,33.08,33.64,2727132.92,,AVAXUSDT_daily,CRYPTO,BINANCE,USDT,1,1,1,33.64,33.64,33.64,4.3490377338598645,1102,0.0,0.5,1,-20.0,52.75343034917734,0.0024642947224384104,True,-20.0,28.658956406076005,0.004536103763095806,True,20.0,20.414155056810994,0.006368130331048245,True,20.0,10.91533102180899,0.011909854107058972,True,20.0,9.884530131761577,0.01315186440499342,True,20.0,9.370172633784493,0.013873810556198329,True,-864.4063270556421,8.466666666666667,-0.2372917268612155,93.73154128321343
2024-01-08,33.65,36.46,31.12,36.08,5416852.99,,AVAXUSDT_daily,CRYPTO,BINANCE,USDT,1,1,1,36.08,36.08,36.08,4.492484337905524,1103,0.0,0.5,1,-20.0,52.75343034917734,0.0024642947224384104,True,-20.0,28.658956406076005,0.004536103763095806,True,20.0,20.414155056810994,0.006368130331048245,True,20.0,10.91533102180899,0.011909854107058972,True,20.0,9.884530131761577,0.01315186440499342,True,20.0,9.370172633784493,0.013873810556198329,True,-751.1622450772477,8.466666666666667,0.6141101862861675,94.3456514694996
2024-01-09,36.08,37.6,33.78,34.65,4305952.25,,AVAXUSDT_daily,CRYPTO,BINANCE,USDT,1,1,1,34.65,34.65,34.65,4.6780731525985475,1104,0.0,0.5,1,-20.0,52.75343034917734,0.0024642947224384104,True,-20.0,28.658956406076005,0.004536103763095806,True,-16.790149877874978,20.414155056810994,0.006368130331048245,True,20.0,10.91533102180899,0.011909854107058972,True,20.0,9.884530131761577,0.01315186440499342,True,20.0,9.370172633784493,0.013873810556198329,True,-821.0033594125468,0.6794182758497956,-0.3355691056910572,94.01008236380855
2024-01-10,34.64,39.55,33.32,38.53,4360929.64,,AVAXUSDT_daily,CRYPTO,BINANCE,USDT,1,1,1,38.53,38.53,38.53,4.527837406418,1105,0.0,0.5,1,20.0,52.75343034917734,0.0024642947224384104,True,-20.0,28.658956406076005,0.004536103763095806,True,20.0,20.414155056810994,0.006368130331048245,True,20.0,10.91533102180899,0.011909854107058972,True,20.0,9.884530131761577,0.01315186440499342,True,20.0,9.370172633784493,0.013873810556198329,True,-659.252367349071,16.933333333333334,0.07607916047033793,94.0861615242789
2024-01-11,38.54,41.85,37.54,39.29,5071643.06,,AVAXUSDT_daily,CRYPTO,BINANCE,USDT,1,1,1,39.29,39.29,39.29,4.3720529924089195,1106,0.0,0.5,1,20.0,52.75343034917734,0.0024642947224384104,True,-20.0,28.658956406076005,0.004536103763095806,True,20.0,20.414155056810994,0.006368130331048245,True,20.0,10.91533102180899,0.011909854107058972,True,20.0,9.884530131761577,0.01315186440499342,True,20.0,9.370172633784493,0.013873810556198329,True,-627.5313557939818,16.933333333333334,0.334008132191365,94.42016965647026
2024-01-12,39.29,39.59,34.34,35.93,3189656.48,,AVAXUSDT_daily,CRYPTO,BINANCE,USDT,1,1,1,35.93,35.93,35.93,4.022820298982483,1107,0.0,0.5,1,-20.0,52.75343034917734,0.0024642947224384104,True,-20.0,28.658956406076005,0.004536103763095806,True,20.0,20.414155056810994,0.006368130331048245,True,20.0,10.91533102180899,0.011909854107058972,True,20.0,9.884530131761577,0.01315186440499342,True,20.0,9.370172633784493,0.013873810556198329,True,-776.88092317529,8.466666666666667,-1.4481038432171025,92.97206581325317
2024-01-13,35.93,36.63,34.7,36.49,1741500.31,,AVAXUSDT_daily,CRYPTO,BINANCE,USDT,1,1,1,36.49,36.49,36.49,3.560612713389039,1108,0.0,0.5,1,-20.0,52.75343034917734,0.0024642947224384104,True,-20.0,28.658956406076005,0.004536103763095806,True,15.80055051943512,20.414155056810994,0.006368130331048245,True,20.0,10.91533102180899,0.011909854107058972,True,20.0,9.884530131761577,0.01315186440499342,True,20.0,9.370172633784493,0.013873810556198329,True,-751.8589594728114,7.5777831932804345,0.13196029316263078,93.1040261064158
2024-01-14,36.48,37.86,35.28,35.29,2179493.62,,AVAXUSDT_daily,CRYPTO,BINANCE,USDT,1,1,1,35.29,35.29,35.29,2.8806971013080394,1109,0.0,0.5,1,-20.0,52.75343034917734,0.0024642947224384104,True,-20.0,28.658956406076005,0.004536103763095806,True,-20.0,20.414155056810994,0.006368130331048245,True,20.0,10.91533102180899,0.011909854107058972,True,20.0,9.884530131761577,0.01315186440499342,True,20.0,9.370172633784493,0.013873810556198329,True,-808.1009218216598,0.0,-0.24920087234684976,92.85482523406895
2024-01-15,35.28,36.81,35.16,35.61,1568139.13,,AVAXUSDT_daily,CRYPTO,BINANCE,USDT,1,1,1,35.61,35.61,35.61,2.5306323320488273,1110,0.0,0.5,1,-20.0,52.75343034917734,0.0024642947224384104,True,-20.0,28.658956406076005,0.004536103763095806,True,-20.0,20.414155056810994,0.006368130331048245,True,20.0,10.91533102180899,0.011909854107058972,True,20.0,9.884530131761577,0.01315186440499342,True,20.0,9.370172633784493,0.013873810556198329,True,-792.9226924260422,0.0,0.0,92.85482523406895
2024-01-16,35.6,36.54,34.74,35.57,1813027.08,,AVAXUSDT_daily,CRYPTO,BINANCE,USDT,1,1,1,35.57,35.57,35.57,2.3227352297193335,1111,0.0,0.5,1,-20.0,52.75343034917734,0.0024642947224384104,True,-20.0,28.658956406076005,0.004536103763095806,True,-20.0,20.414155056810994,0.006368130331048245,True,20.0,10.91533102180899,0.011909854107058972,True,20.0,9.884530131761577,0.01315186440499342,True,20.0,9.370172633784493,0.013873810556198329,True,-794.8628270505337,0.0,-0.0,92.85482523406895
2024-01-17,35.58,36.51,35.25,36.06,2106057.31,,AVAXUSDT_daily,CRYPTO,BINANCE,USDT,1,1,1,36.06,36.06,36.06,2.2696280706226477,1112,0.0,0.5,1,-20.0,52.75343034917734,0.0024642947224384104,True,-20.0,28.658956406076005,0.004536103763095806,True,-20.0,20.414155056810994,0.006368130331048245,True,20.0,10.91533102180899,0.011909854107058972,True,20.0,9.884530131761577,0.01315186440499342,True,20.0,9.370172633784493,0.013873810556198329,True,-770.9477971550737,0.0,0.0,92.85482523406895
2024-01-18,36.07,36.19,32.72,33.59,2528256.1,,AVAXUSDT_daily,CRYPTO,BINANCE,USDT,1,1,1,33.59,33.59,33.59,2.295044719208935,1113,0.0,0.5,1,-20.0,52.75343034917734,0.0024642947224384104,True,-20.0,28.658956406076005,0.004536103763095806,True,-20.0,20.414155056810994,0.006368130331048245,True,20.0,10.91533102180899,0.011909854107058972,True,20.0,9.884530131761577,0.01315186440499342,True,20.0,9.370172633784493,0.013873810556198329,True,-898.7860523775744,0.0,-0.0,92.85482523406895
2024-01-19,33.59,33.75,31.18,32.73,2406347.38,,AVAXUSDT_daily,CRYPTO,BINANCE,USDT,1,1,1,32.73,32.73,32.73,2.3975686697833556,1114,0.0,0.5,1,-20.0,52.75343034917734,0.0024642947224384104,True,-20.0,28.658956406076005,0.004536103763095806,True,-20.0,20.414155056810994,0.006368130331048245,True,20.0,10.91533102180899,0.011909854107058972,True,20.0,9.884530131761577,0.01315186440499342,True,20.0,9.370172633784493,0.013873810556198329,True,-945.2675735672537,0.0,-0.0,92.85482523406895
2024-01-20,32.74,32.99,32.03,32.89,1224130.01,,AVAXUSDT_daily,CRYPTO,BINANCE,USDT,1,1,1,32.89,32.89,32.89,2.482540029890948,1115,0.0,0.5,1,-20.0,52.75343034917734,0.0024642947224384104,True,-20.0,28.658956406076005,0.004536103763095806,True,-20.0,20.414155056810994,0.006368130331048245,True,20.0,10.91533102180899,0.011909854107058972,True,20.0,9.884530131761577,0.01315186440499342,True,20.0,9.370172633784493,0.013873810556198329,True,-936.4861510468061,0.0,0.0,92.85482523406895
2024-01-21,32.87,33.5,32.45,32.54,1038127.76,,AVAXUSDT_daily,CRYPTO,BINANCE,USDT,1,1,1,32.54,32.54,32.54,2.2305025985450526,1116,0.0,0.5,1,-20.0,52.75343034917734,0.0024642947224384104,True,-20.0,28.658956406076005,0.004536103763095806,True,-20.0,20.414155056810994,0.006368130331048245,True,20.0,10.91533102180899,0.011909854107058972,True,20.0,9.884530131761577,0.01315186440499342,True,20.0,9.370172633784493,0.013873810556198329,True,-956.2984609009113,0.0,-0.0,92.85482523406895
2024-01-22,32.54,32.74,29.32,29.53,3467720.04,,AVAXUSDT_daily,CRYPTO,BINANCE,USDT,1,1,1,29.53,29.53,29.53,2.3470686644835217,1117,0.0,0.5,1,-20.0,52.75343034917734,0.0024642947224384104,True,-20.0,28.658956406076005,0.004536103763095806,True,-20.0,20.414155056810994,0.006368130331048245,True,20.0,10.91533102180899,0.011909854107058972,True,20.0,9.884530131761577,0.01315186440499342,True,20.0,9.370172633784493,0.013873810556198329,True,-1137.2307789368417,0.0,-0.0,92.85482523406895
2024-01-23,29.53,30.88,27.24,30.63,4731522.21,,AVAXUSDT_daily,CRYPTO,BINANCE,USDT,1,1,1,30.63,30.63,30.63,2.53097152139574,1118,0.0,0.5,1,-20.0,52.75343034917734,0.0024642947224384104,True,-20.0,28.658956406076005,0.004536103763095806,True,-20.0,20.414155056810994,0.006368130331048245,True,20.0,10.91533102180899,0.011909854107058972,True,20.0,9.884530131761577,0.01315186440499342,True,20.0,9.370172633784493,0.013873810556198329,True,-1073.1334042160192,0.0,0.0,92.85482523406895
2024-01-24,30.64,31.91,29.49,31.2,3391798.91,,AVAXUSDT_daily,CRYPTO,BINANCE,USDT,1,1,1,31.2,31.2,31.2,2.49854989523091,1119,0.0,0.5,1,-20.0,52.75343034917734,0.0024642947224384104,True,-20.0,28.658956406076005,0.004536103763095806,True,-20.0,20.414155056810994,0.006368130331048245,True,20.0,10.91533102180899,0.011909854107058972,True,20.0,9.884530131761577,0.01315186440499342,True,20.0,9.370172633784493,0.013873810556198329,True,-1039.9954489688705,0.0,0.0,92.85482523406895
2024-01-25,31.19,31.36,29.61,30.51,2064388.45,,AVAXUSDT_daily,CRYPTO,BINANCE,USDT,1,1,1,30.51,30.51,30.51,2.6127828983088603,1120,0.0,0.5,1,-20.0,52.75343034917734,0.0024642947224384104,True,-20.0,28.658956406076005,0.004536103763095806,True,-20.0,20.414155056810994,0.006368130331048245,True,20.0,10.91533102180899,0.011909854107058972,True,20.0,9.884530131761577,0.01315186440499342,True,20.0,9.370172633784493,0.013873810556198329,True,-1081.7756167692785,0.0,-0.0,92.85482523406895
2024-01-26,30.51,33.11,30.12,32.26,2655940.67,,AVAXUSDT_daily,CRYPTO,BINANCE,USDT,1,1,1,32.26,32.26,32.26,2.6492042499410613,1121,0.0,0.5,1,-20.0,52.75343034917734,0.0024642947224384104,True,-20.0,28.658956406076005,0.004536103763095806,True,-20.0,20.414155056810994,0.006368130331048245,True,20.0,10.91533102180899,0.011909854107058972,True,20.0,9.884530131761577,0.01315186440499342,True,20.0,9.370172633784493,0.013873810556198329,True,-982.585365984629,0.0,0.0,92.85482523406895
2024-01-27,32.26,33.32,31.85,33.28,1194938.73,,AVAXUSDT_daily,CRYPTO,BINANCE,USDT,1,1,1,33.28,33.28,33.28,2.6540774985731104,1122,0.0,0.5,1,20.0,52.75343034917734,0.0024642947224384104,True,-20.0,28.658956406076005,0.004536103763095806,True,-20.0,20.414155056810994,0.006368130331048245,True,20.0,10.91533102180899,0.011909854107058972,True,20.0,9.884530131761577,0.01315186440499342,True,20.0,9.370172633784493,0.013873810556198329,True,-925.8822152377948,8.466666666666667,0.0,92.85482523406895
2024-01-28,33.29,36.72,33.19,34.82,4440497.0,,AVAXUSDT_daily,CRYPTO,BINANCE,USDT,1,1,1,34.82,34.82,34.82,2.620166728325046,1123,0.0,0.5,1,20.0,52.75343034917734,0.0024642947224384104,True,-20.0,28.658956406076005,0.004536103763095806,True,-20.0,20.414155056810994,0.006368130331048245,True,20.0,10.91533102180899,0.011909854107058972,True,20.0,9.884530131761577,0.01315186440499342,True,20.0,9.370172633784493,0.013873810556198329,True,-843.7658143774098,8.466666666666667,0.39178685897435783,93.24661209304331
2024-01-29,34.83,36.55,34.34,36.06,3030189.03,,AVAXUSDT_daily,CRYPTO,BINANCE,USDT,1,1,1,36.06,36.06,36.06,2.655327266976311,1124,0.0,0.5,1,20.0,52.75343034917734,0.0024642947224384104,True,20.0,28.658956406076005,0.004536103763095806,True,-20.0,20.414155056810994,0.006368130331048245,True,20.0,10.91533102180899,0.011909854107058972,True,20.0,9.884530131761577,0.01315186440499342,True,20.0,9.370172633784493,0.013873810556198329,True,-779.1688543489616,16.933333333333334,0.30151254068542943,93.54812463372873
2024-01-30,36.07,37.15,35.0,35.22,2959029.15,,AVAXUSDT_daily,CRYPTO,BINANCE,USDT,1,1,1,35.22,35.22,35.22,2.463569297629271,1125,0.0,0.5,1,20.0,52.75343034917734,0.0024642947224384104,True,20.0,28.658956406076005,0.004536103763095806,True,-20.0,20.414155056810994,0.006368130331048245,True,20.0,10.91533102180899,0.011909854107058972,True,20.0,9.884530131761577,0.01315186440499342,True,20.0,9.370172633784493,0.013873810556198329,True,-824.5926897157653,16.933333333333334,-0.39445368829728383,93.15367094543144
2024-01-31,35.23,35.5,33.13,33.17,2629653.91,,AVAXUSDT_daily,CRYPTO,BINANCE,USDT,1,1,1,33.17,33.17,33.17,2.1255386933323943,1126,0.0,0.5,1,20.0,52.75343034917734,0.0024642947224384104,True,20.0,28.658956406076005,0.004536103763095806,True,-20.0,20.414155056810994,0.006368130331048245,True,20.0,10.91533102180899,0.011909854107058972,True,20.0,9.884530131761577,0.01315186440499342,True,20.0,9.370172633784493,0.013873810556198329,True,-941.0372537643794,16.933333333333334,-0.9856142343365492,92.16805671109489
2024-02-01,33.18,33.97,32.3,33.85,2100203.11,,AVAXUSDT_daily,CRYPTO,BINANCE,USDT,1,1,1,33.85,33.85,33.85,2.0589304837349873,1127,0.0,0.5,1,20.0,52.75343034917734,0.0024642947224384104,True,20.0,28.658956406076005,0.004536103763095806,True,-20.0,20.414155056810994,0.006368130331048245,True,20.0,10.91533102180899,0.011909854107058972,True,20.0,9.884530131761577,0.01315186440499342,True,20.0,9.370172633784493,0.013873810556198329,True,-902.5610103779931,16.933333333333334,0.3471409908551889,92.51519770195009
2024-02-02,33.87,36.94,33.76,36.76,3620321.22,,AVAXUSDT_daily,CRYPTO,BINANCE,USDT,1,1,1,36.76,36.76,36.76,2.0798969483607967,1128,0.0,0.5,1,20.0,52.75343034917734,0.0024642947224384104,True,20.0,28.658956406076005,0.004536103763095806,True,-20.0,20.414155056810994,0.006368130331048245,True,20.0,10.91533102180899,0.011909854107058972,True,20.0,9.884530131761577,0.01315186440499342,True,20.0,9.370172633784493,0.013873810556198329,True,-756.7019175333386,16.933333333333334,1.4557163958641044,93.97091409781419
2024-02-03,36.76,37.6,35.4,35.95,1968125.41,,AVAXUSDT_daily,CRYPTO,BINANCE,USDT,1,1,1,35.95,35.95,35.95,2.1134463623018376,1129,0.0,0.5,1,20.0,52.75343034917734,0.0024642947224384104,True,20.0,28.658956406076005,0.004536103763095806,True,-18.978687480165924,20.414155056810994,0.006368130331048245,True,20.0,10.91533102180899,0.011909854107058972,True,20.0,9.884530131761577,0.01315186440499342,True,20.0,9.370172633784493,0.013873810556198329,True,-798.8174717358335,17.149511150031547,-0.3731229597388436,93.59779113807534
2024-02-04,35.96,36.53,34.68,34.87,1546090.99,,AVAXUSDT_daily,CRYPTO,BINANCE,USDT,1,1,1,34.87,34.87,34.87,2.0828737107054582,1130,0.0,0.5,1,20.0,52.75343034917734,0.0024642947224384104,True,20.0,28.658956406076005,0.004536103763095806,True,-20.0,20.414155056810994,0.006368130331048245,True,20.0,10.91533102180899,0.011909854107058972,True,20.0,9.884530131761577,0.01315186440499342,True,20.0,9.370172633784493,0.013873810556198329,True,-857.3433983666155,16.933333333333334,-0.515200891294414,93.08259024678092
2024-02-05,34.86,35.92,34.11,34.55,2069405.65,,AVAXUSDT_daily,CRYPTO,BINANCE,USDT,1,1,1,34.55,34.55,34.55,2.0435579782666804,1131,0.0,0.5,1,-20.0,52.75343034917734,0.0024642947224384104,True,20.0,28.658956406076005,0.004536103763095806,True,-20.0,20.414155056810994,0.006368130331048245,True,20.0,10.91533102180899,0.011909854107058972,True,20.0,9.884530131761577,0.01315186440499342,True,20.0,9.370172633784493,0.013873810556198329,True,-875.1823305055069,8.466666666666667,-0.1553962336296715,92.92719401315125
2024-02-06,34.55,34.75,33.72,34.16,1814138.17,,AVAXUSDT_daily,CRYPTO,BINANCE,USDT,1,1,1,34.16,34.16,34.16,1.9619707466059244,1132,0.0,0.5,1,-20.0,52.75343034917734,0.0024642947224384104,True,20.0,28.658956406076005,0.004536103763095806,True,-20.0,20.414155056810994,0.006368130331048245,True,20.0,10.91533102180899,0.011909854107058972,True,20.0,9.884530131761577,0.01315186440499342,True,20.0,9.370172633784493,0.013873810556198329,True,-897.5831095355834,8.466666666666667,-0.095571635311143,92.8316223778401
2024-02-07,34.16,35.5,33.65,35.28,2098188.17,,AVAXUSDT_daily,CRYPTO,BINANCE,USDT,1,1,1,35.28,35.28,35.28,2.005209268514736,1133,0.0,0.5,1,20.0,52.75343034917734,0.0024642947224384104,True,20.0,28.658956406076005,0.004536103763095806,True,-20.0,20.414155056810994,0.006368130331048245,True,20.0,10.91533102180899,0.011909854107058972,True,20.0,9.884530131761577,0.01315186440499342,True,20.0,9.370172633784493,0.013873810556198329,True,-834.6533709912612,16.933333333333334,0.27759562841530083,93.1092180062554
2024-02-08,35.28,36.15,35.08,35.42,2450459.44,,AVAXUSDT_daily,CRYPTO,BINANCE,USDT,1,1,1,35.42,35.42,35.42,2.0398422926683435,1134,0.0,0.5,1,20.0,52.75343034917734,0.0024642947224384104,True,20.0,28.658956406076005,0.004536103763095806,True,0.0985473731926959,20.414155056810994,0.006368130331048245,True,20.0,10.91533102180899,0.011909854107058972,True,20.0,9.884530131761577,0.01315186440499342,True,20.0,9.370172633784493,0.013873810556198329,True,-826.6631828082818,20.0,0.06719576719576696,93.17641377345117
2024-02-09,35.43,38.61,35.41,38.0,4106859.37,,AVAXUSDT_daily,CRYPTO,BINANCE,USDT,1,1,1,38.0,38.0,38.0,2.2492457215254475,1135,0.0,0.5,1,20.0,52.75343034917734,0.0024642947224384104,True,20.0,28.658956406076005,0.004536103763095806,True,20.0,20.414155056810994,0.006368130331048245,True,20.0,10.91533102180899,0.011909854107058972,True,20.0,9.884530131761577,0.01315186440499342,True,20.0,9.370172633784493,0.013873810556198329,True,-693.0566784329594,20.0,1.456804065499715,94.63321783895088
2024-02-10,38.0,41.24,38.0,40.2,3494637.43,,AVAXUSDT_daily,CRYPTO,BINANCE,USDT,1,1,1,40.2,40.2,40.2,2.6256195258924837,1136,0.0,0.5,1,20.0,52.75343034917734,0.0024642947224384104,True,20.0,28.658956406076005,0.004536103763095806,True,20.0,20.414155056810994,0.006368130331048245,True,20.0,10.91533102180899,0.011909854107058972,True,20.0,9.884530131761577,0.01315186440499342,True,20.0,9.370172633784493,0.013873810556198329,True,-585.7724585437812,20.0,1.1578947368421089,95.791112575793
2024-02-11,40.2,41.2,39.33,39.72,2087708.31,,AVAXUSDT_daily,CRYPTO,BINANCE,USDT,1,1,1,39.72,39.72,39.72,2.6427726170206447,1137,0.0,0.5,1,20.0,52.75343034917734,0.0024642947224384104,True,20.0,28.658956406076005,0.004536103763095806,True,20.0,20.414155056810994,0.006368130331048245,True,20.0,10.91533102180899,0.011909854107058972,True,20.0,9.884530131761577,0.01315186440499342,True,20.0,9.370172633784493,0.013873810556198329,True,-609.8295793506442,20.0,-0.2388059701492562,95.55230660564374
2024-02-12,39.73,41.18,38.38,40.97,4287581.66,,AVAXUSDT_daily,CRYPTO,BINANCE,USDT,1,1,1,40.97,40.97,40.97,2.7921692660971074,1138,0.0,0.5,1,20.0,52.75343034917734,0.0024642947224384104,True,20.0,28.658956406076005,0.004536103763095806,True,20.0,20.414155056810994,0.006368130331048245,True,20.0,10.91533102180899,0.011909854107058972,True,20.0,9.884530131761577,0.01315186440499342,True,20.0,9.370172633784493,0.013873810556198329,True,-548.1984654452052,20.0,0.6294058408862035,96.18171244652994
2024-02-13,40.96,41.7,38.88,39.74,3441748.25,,AVAXUSDT_daily,CRYPTO,BINANCE,USDT,1,1,1,39.74,39.74,39.74,2.783139981730283,1139,0.0,0.5,1,20.0,52.75343034917734,0.0024642947224384104,True,20.0,28.658956406076005,0.004536103763095806,True,20.0,20.414155056810994,0.006368130331048245,True,20.0,10.91533102180899,0.011909854107058972,True,20.0,9.884530131761577,0.01315186440499342,True,20.0,9.370172633784493,0.013873810556198329,True,-610.9588092769693,20.0,-0.6004393458628243,95.58127310066712
2024-02-14,39.73,42.42,39.1,42.22,3949578.16,,AVAXUSDT_daily,CRYPTO,BINANCE,USDT,1,1,1,42.22,42.22,42.22,2.8558757528646663,1140,0.0,0.5,1,20.0,52.75343034917734,0.0024642947224384104,True,20.0,28.658956406076005,0.004536103763095806,True,20.0,20.414155056810994,0.006368130331048245,True,20.0,10.91533102180899,0.011909854107058972,True,20.0,9.884530131761577,0.01315186440499342,True,20.0,9.370172633784493,0.013873810556198329,True,-492.9994278439925,20.0,1.248112732762956,96.82938583343008
2024-02-15,42.23,43.6,40.84,41.55,3666472.28,,AVAXUSDT_daily,CRYPTO,BINANCE,USDT,1,1,1,41.55,41.55,41.55,2.9148051753997417,1141,0.0,0.5,1,20.0,52.75343034917734,0.0024642947224384104,True,20.0,28.658956406076005,0.004536103763095806,True,20.0,20.414155056810994,0.006368130331048245,True,20.0,10.91533102180899,0.011909854107058972,True,20.0,9.884530131761577,0.01315186440499342,True,20.0,9.370172633784493,0.013873810556198329,True,-525.7898467375459,20.0,-0.317385125532923,96.51200070789716
2024-02-16,41.54,41.81,39.41,40.26,2493109.32,,AVAXUSDT_daily,CRYPTO,BINANCE,USDT,1,1,1,40.26,40.26,40.26,2.890250899691697,1142,0.0,0.5,1,20.0,52.75343034917734,0.0024642947224384104,True,20.0,28.658956406076005,0.004536103763095806,True,20.0,20.414155056810994,0.006368130331048245,True,20.0,10.91533102180899,0.011909854107058972,True,20.0,9.884530131761577,0.01315186440499342,True,20.0,9.370172633784493,0.013873810556198329,True,-591.1582782180236,20.0,-0.6209386281588447,95.89106207973832
2024-02-17,40.25,40.47,38.38,39.76,1859591.84,,AVAXUSDT_daily,CRYPTO,BINANCE,USDT,1,1,1,39.76,39.76,39.76,2.8927686155599526,1143,0.0,0.5,1,20.0,52.75343034917734,0.0024642947224384104,True,20.0,28.658956406076005,0.004536103763095806,True,20.0,20.414155056810994,0.006368130331048245,True,20.0,10.91533102180899,0.011909854107058972,True,20.0,9.884530131761577,0.01315186440499342,True,20.0,9.370172633784493,0.013873810556198329,True,-617.215658521854,20.0,-0.2483854942871333,95.64267658545118
2024-02-18,39.75,40.75,38.97,40.29,1612326.72,,AVAXUSDT_daily,CRYPTO,BINANCE,USDT,1,1,1,40.29,40.29,40.29,2.9449208728553558,1144,0.0,0.5,1,20.0,52.75343034917734,0.0024642947224384104,True,20.0,28.658956406076005,0.004536103763095806,True,20.0,20.414155056810994,0.006368130331048245,True,20.0,10.91533102180899,0.011909854107058972,True,20.0,9.884530131761577,0.01315186440499342,True,20.0,9.370172633784493,0.013873810556198329,True,-589.4487754612727,20.0,0.2665995975855129,95.9092761830367
2024-02-19,40.29,40.64,39.11,39.51,2680806.5,,AVAXUSDT_daily,CRYPTO,BINANCE,USDT,1,1,1,39.51,39.51,39.51,2.918794406854377,1145,0.0,0.5,1,-20.0,52.75343034917734,0.0024642947224384104,True,20.0,28.658956406076005,0.004536103763095806,True,20.0,20.414155056810994,0.006368130331048245,True,20.0,10.91533102180899,0.011909854107058972,True,20.0,9.884530131761577,0.01315186440499342,True,20.0,9.370172633784493,0.013873810556198329,True,-631.6124182502483,16.933333333333334,-0.387192851824274,95.52208333121243
2024-02-20,39.51,39.72,36.84,38.49,3285660.95,,AVAXUSDT_daily,CRYPTO,BINANCE,USDT,1,1,1,38.49,38.49,38.49,2.7083649660790488,1146,0.0,0.5,1,-20.0,52.75343034917734,0.0024642947224384104,True,20.0,28.658956406076005,0.004536103763095806,True,20.0,20.414155056810994,0.006368130331048245,True,20.0,10.91533102180899,0.011909854107058972,True,20.0,9.884530131761577,0.01315186440499342,True,20.0,9.370172633784493,0.013873810556198329,True,-688.6826684469607,16.933333333333334,-0.43715515059478444,95.08492818061764
2024-02-21,38.5,38.55,35.9,37.61,2338956.78,,AVAXUSDT_daily,CRYPTO,BINANCE,USDT,1,1,1,37.61,37.61,37.61,2.523672084381081,1147,0.0,0.5,1,-20.0,52.75343034917734,0.0024642947224384104,True,-20.0,28.658956406076005,0.004536103763095806,True,20.0,20.414155056810994,0.006368130331048245,True,20.0,10.91533102180899,0.011909854107058972,True,20.0,9.884530131761577,0.01315186440499342,True,20.0,9.370172633784493,0.013873810556198329,True,-739.6322879434694,8.466666666666667,-0.3871481770156762,94.69778000360196
2024-02-22,37.6,38.22,36.52,36.78,1867725.13,,AVAXUSDT_daily,CRYPTO,BINANCE,USDT,1,1,1,36.78,36.78,36.78,2.523048020906487,1148,0.0,0.5,1,-20.0,52.75343034917734,0.0024642947224384104,True,-20.0,28.658956406076005,0.004536103763095806,True,20.0,20.414155056810994,0.006368130331048245,True,20.0,10.91533102180899,0.011909854107058972,True,20.0,9.884530131761577,0.01315186440499342,True,20.0,9.370172633784493,0.013873810556198329,True,-789.3680941403724,8.466666666666667,-0.186847469644598,94.51093253395736
2024-02-23,36.77,36.96,35.14,35.92,2257491.88,,AVAXUSDT_daily,CRYPTO,BINANCE,USDT,1,1,1,35.92,35.92,35.92,2.5245062049751503,1149,0.0,0.5,1,-20.0,52.75343034917734,0.0024642947224384104,True,-20.0,28.658956406076005,0.004536103763095806,True,20.0,20.414155056810994,0.006368130331048245,True,20.0,10.91533102180899,0.011909854107058972,True,20.0,9.884530131761577,0.01315186440499342,True,20.0,9.370172633784493,0.013873810556198329,True,-842.7600663004872,8.466666666666667,-0.19796991118361418,94.31296262277374
2024-02-24,35.91,36.95,35.2,36.76,1363828.68,,AVAXUSDT_daily,CRYPTO,BINANCE,USDT,1,1,1,36.76,36.76,36.76,2.4241102002938213,1150,0.0,0.5,1,-20.0,52.75343034917734,0.0024642947224384104,True,-20.0,28.658956406076005,0.004536103763095806,True,9.270607496878155,20.414155056810994,0.006368130331048245,True,20.0,10.91533102180899,0.011909854107058972,True,20.0,9.884530131761577,0.01315186440499342,True,20.0,9.370172633784493,0.013873810556198329,True,-791.2742450254859,6.195611920172543,0.19799554565701397,94.51095816843075
2024-02-25,36.76,37.49,36.42,37.46,1434112.18,,AVAXUSDT_daily,CRYPTO,BINANCE,USDT,1,1,1,37.46,37.46,37.46,2.2655695229165964,1151,0.0,0.5,1,-20.0,52.75343034917734,0.0024642947224384104,True,-20.0,28.658956406076005,0.004536103763095806,True,-4.797324905175458,20.414155056810994,0.006368130331048245,True,20.0,10.91533102180899,0.011909854107058972,True,20.0,9.884530131761577,0.01315186440499342,True,20.0,9.370172633784493,0.013873810556198329,True,-748.6067050218223,3.2178995617378616,0.11797955234278512,94.62893772077354
2024-02-26,37.46,39.35,36.28,39.29,2919488.8,,AVAXUSDT_daily,CRYPTO,BINANCE,USDT,1,1,1,39.29,39.29,39.29,2.02542594610825,1152,0.0,0.5,1,20.0,52.75343034917734,0.0024642947224384104,True,-20.0,28.658956406076005,0.004536103763095806,True,20.0,20.414155056810994,0.006368130331048245,True,20.0,10.91533102180899,0.011909854107058972,True,20.0,9.884530131761577,0.01315186440499342,True,20.0,9.370172633784493,0.013873810556198329,True,-643.5406757420612,16.933333333333334,0.15720117987133722,94.78613890064487
2024-02-27,39.29,39.94,38.31,39.26,2163692.33,,AVAXUSDT_daily,CRYPTO,BINANCE,USDT,1,1,1,39.26,39.26,39.26,1.8535924579072345,1153,0.0,0.5,1,20.0,52.75343034917734,0.0024642947224384104,True,20.0,28.658956406076005,0.004536103763095806,True,20.0,20.414155056810994,0.006368130331048245,True,20.0,10.91533102180899,0.011909854107058972,True,20.0,9.884530131761577,0.01315186440499342,True,20.0,9.370172633784493,0.013873810556198329,True,-645.2954247847615,20.0,-0.012929498600153607,94.77320940204471
2024-02-28,39.25,41.3,36.2,40.33,5048286.26,,AVAXUSDT_daily,CRYPTO,BINANCE,USDT,1,1,1,40.33,40.33,40.33,1.676702277187678,1154,0.0,0.5,1,20.0,52.75343034917734,0.0024642947224384104,True,20.0,28.658956406076005,0.004536103763095806,True,20.0,20.414155056810994,0.006368130331048245,True,20.0,10.91533102180899,0.011909854107058972,True,20.0,9.884530131761577,0.01315186440499342,True,20.0,9.370172633784493,0.013873810556198329,True,-583.7431012681692,20.0,0.5450840550178304,95.31829345706254
2024-02-29,40.33,44.65,39.59,40.97,5668569.24,,AVAXUSDT_daily,CRYPTO,BINANCE,USDT,1,1,1,40.97,40.97,40.97,1.6956832965255637,1155,0.0,0.5,1,20.0,52.75343034917734,0.0024642947224384104,True,20.0,28.658956406076005,0.004536103763095806,True,20.0,20.414155056810994,0.006368130331048245,True,20.0,10.91533102180899,0.011909854107058972,True,20.0,9.884530131761577,0.01315186440499342,True,20.0,9.370172633784493,0.013873810556198329,True,-546.912599271129,20.0,0.3173816017852715,95.63567505884781
2024-03-01,40.98,43.37,40.98,42.67,3451947.63,,AVAXUSDT_daily,CRYPTO,BINANCE,USDT,1,1,1,42.67,42.67,42.67,1.8439676900954067,1156,0.0,0.5,1,20.0,52.75343034917734,0.0024642947224384104,True,20.0,28.658956406076005,0.004536103763095806,True,20.0,20.414155056810994,0.006368130331048245,True,20.0,10.91533102180899,0.011909854107058972,True,20.0,9.884530131761577,0.01315186440499342,True,20.0,9.370172633784493,0.013873810556198329,True,-453.08107914256874,20.0,0.8298755186722007,96.46555057752
2024-03-02,42.68,44.58,41.95,44.35,3750371.17,,AVAXUSDT_daily,CRYPTO,BINANCE,USDT,1,1,1,44.35,44.35,44.35,2.142429695465059,1157,0.0,0.5,1,20.0,52.75343034917734,0.0024642947224384104,True,20.0,28.658956406076005,0.004536103763095806,True,20.0,20.414155056810994,0.006368130331048245,True,20.0,10.91533102180899,0.011909854107058972,True,20.0,9.884530131761577,0.01315186440499342,True,20.0,9.370172633784493,0.013873810556198329,True,-363.58833326281626,20.0,0.7874384813686408,97.25298905888864
2024-03-03,44.35,44.89,40.35,42.58,3292222.38,,AVAXUSDT_daily,CRYPTO,BINANCE,USDT,1,1,1,42.58,42.58,42.58,2.2210879268858004,1158,0.0,0.5,1,20.0,52.75343034917734,0.0024642947224384104,True,20.0,28.658956406076005,0.004536103763095806,True,20.0,20.414155056810994,0.006368130331048245,True,20.0,10.91533102180899,0.011909854107058972,True,20.0,9.884530131761577,0.01315186440499342,True,20.0,9.370172633784493,0.013873810556198329,True,-460.0528124073587,20.0,-0.7981961668545678,96.45479289203408
2024-03-04,42.59,43.99,41.42,43.08,4856334.08,,AVAXUSDT_daily,CRYPTO,BINANCE,USDT,1,1,1,43.08,43.08,43.08,2.339536841255,1159,0.0,0.5,1,20.0,52.75343034917734,0.0024642947224384104,True,20.0,28.658956406076005,0.004536103763095806,True,20.0,20.414155056810994,0.006368130331048245,True,20.0,10.91533102180899,0.011909854107058972,True,20.0,9.884530131761577,0.01315186440499342,True,20.0,9.370172633784493,0.013873810556198329,True,-432.6448914664087,20.0,0.23485204321277653,96.68964493524686
2024-03-05,43.09,45.18,34.83,39.43,9520539.61,,AVAXUSDT_daily,CRYPTO,BINANCE,USDT,1,1,1,39.43,39.43,39.43,2.279918915919684,1160,0.0,0.5,1,-20.0,52.75343034917734,0.0024642947224384104,True,20.0,28.658956406076005,0.004536103763095806,True,20.0,20.414155056810994,0.006368130331048245,True,20.0,10.91533102180899,0.011909854107058972,True,20.0,9.884530131761577,0.01315186440499342,True,20.0,9.370172633784493,0.013873810556198329,True,-632.1847322255832,16.933333333333334,-1.6945218198700096,94.99512311537686
2024-03-06,39.42,42.14,37.9,41.56,4232399.84,,AVAXUSDT_daily,CRYPTO,BINANCE,USDT,1,1,1,41.56,41.56,41.56,2.280319922155423,1161,0.0,0.5,1,-20.0,52.75343034917734,0.0024642947224384104,True,20.0,28.658956406076005,0.004536103763095806,True,20.0,20.414155056810994,0.006368130331048245,True,20.0,10.91533102180899,0.011909854107058972,True,20.0,9.884530131761577,0.01315186440499342,True,20.0,9.370172633784493,0.013873810556198329,True,-523.0577788015634,16.933333333333334,0.914734973370532,95.90985808874738
2024-03-07,41.56,44.5,41.55,43.2,4954173.81,,AVAXUSDT_daily,CRYPTO,BINANCE,USDT,1,1,1,43.2,43.2,43.2,2.4018381119051204,1162,0.0,0.5,1,20.0,52.75343034917734,0.0024642947224384104,True,20.0,28.658956406076005,0.004536103763095806,True,20.0,20.414155056810994,0.006368130331048245,True,20.0,10.91533102180899,0.011909854107058972,True,20.0,9.884530131761577,0.01315186440499342,True,20.0,9.370172633784493,0.013873810556198329,True,-441.7858556143988,20.0,0.6682066089188317,96.57806469766622
2024-03-08,43.2,43.96,41.09,42.61,3926241.42,,AVAXUSDT_daily,CRYPTO,BINANCE,USDT,1,1,1,42.61,42.61,42.61,2.472539446763173,1163,0.0,0.5,1,20.0,52.75343034917734,0.0024642947224384104,True,20.0,28.658956406076005,0.004536103763095806,True,20.0,20.414155056810994,0.006368130331048245,True,20.0,10.91533102180899,0.011909854107058972,True,20.0,9.884530131761577,0.01315186440499342,True,20.0,9.370172633784493,0.013873810556198329,True,-471.8473971622482,20.0,-0.27314814814815014,96.30491654951807
2024-03-09,42.62,43.54,42.33,42.92,2418252.27,,AVAXUSDT_daily,CRYPTO,BINANCE,USDT,1,1,1,42.92,42.92,42.92,2.5514348904117563,1164,0.0,0.5,1,20.0,52.75343034917734,0.0024642947224384104,True,20.0,28.658956406076005,0.004536103763095806,True,20.0,20.414155056810994,0.006368130331048245,True,20.0,10.91533102180899,0.011909854107058972,True,20.0,9.884530131761577,0.01315186440499342,True,20.0,9.370172633784493,0.013873810556198329,True,-455.8715542021161,20.0,0.14550574982398423,96.45042229934205
2024-03-10,42.92,43.93,40.89,42.05,2834035.29,,AVAXUSDT_daily,CRYPTO,BINANCE,USDT,1,1,1,42.05,42.05,42.05,2.576332358424097,1165,0.0,0.5,1,20.0,52.75343034917734,0.0024642947224384104,True,20.0,28.658956406076005,0.004536103763095806,True,20.0,20.414155056810994,0.006368130331048245,True,20.0,10.91533102180899,0.011909854107058972,True,20.0,9.884530131761577,0.01315186440499342,True,20.0,9.370172633784493,0.013873810556198329,True,-502.0975012419728,20.0,-0.4054054054054079,96.04501689393665
2024-03-11,42.04,49.56,40.01,49.09,8911493.52,,AVAXUSDT_daily,CRYPTO,BINANCE,USDT,1,1,1,49.09,49.09,49.09,3.1878311386319456,1166,0.0,0.5,1,20.0,52.75343034917734,0.0024642947224384104,True,20.0,28.658956406076005,0.004536103763095806,True,20.0,20.414155056810994,0.006368130331048245,True,20.0,10.91533102180899,0.011909854107058972,True,20.0,9.884530131761577,0.01315186440499342,True,20.0,9.370172633784493,0.013873810556198329,True,-246.6867297121315,20.0,3.3483947681331783,99.39341166206982
2024-03-12,49.09,57.36,46.34,55.48,12915245.0,,AVAXUSDT_daily,CRYPTO,BINANCE,USDT,1,1,1,55.48,55.48,55.48,4.466315418895416,1167,0.0,0.5,1,20.0,52.75343034917734,0.0024642947224384104,True,20.0,28.658956406076005,0.004536103763095806,True,20.0,20.414155056810994,0.006368130331048245,True,20.0,10.91533102180899,0.011909854107058972,True,20.0,9.884530131761577,0.01315186440499342,True,20.0,9.370172633784493,0.013873810556198329,True,-54.67356466843805,20.0,2.6033815441026675,101.9967932061725
2024-03-13,55.48,55.52,52.2,54.79,5785825.53,,AVAXUSDT_daily,CRYPTO,BINANCE,USDT,1,1,1,54.79,54.79,54.79,5.1642057523535785,1168,0.0,0.5,1,20.0,52.75343034917734,0.0024642947224384104,True,20.0,28.658956406076005,0.004536103763095806,True,20.0,20.414155056810994,0.006368130331048245,True,20.0,10.91533102180899,0.011909854107058972,True,20.0,9.884530131761577,0.01315186440499342,True,20.0,9.370172633784493,0.013873810556198329,True,-75.97937776746085,20.0,-0.24873828406632992,101.74805492210616
2024-03-14,54.79,59.28,50.46,53.95,7732957.59,,AVAXUSDT_daily,CRYPTO,BINANCE,USDT,1,1,1,53.95,53.95,53.95,5.484005715188548,1169,0.0,0.5,1,20.0,52.75343034917734,0.0024642947224384104,True,20.0,28.658956406076005,0.004536103763095806,True,20.0,20.414155056810994,0.006368130331048245,True,20.0,10.91533102180899,0.011909854107058972,True,20.0,9.884530131761577,0.01315186440499342,True,20.0,9.370172633784493,0.013873810556198329,True,-102.69076958895978,20.0,-0.30662529658696647,101.44142962551919
2024-03-15,53.95,59.0,48.3,58.36,11735553.58,,AVAXUSDT_daily,CRYPTO,BINANCE,USDT,1,1,1,58.36,58.36,58.36,6.153831733156995,1170,0.0,0.5,1,20.0,52.75343034917734,0.0024642947224384104,True,20.0,28.658956406076005,0.004536103763095806,True,20.0,20.414155056810994,0.006368130331048245,True,20.0,10.91533102180899,0.011909854107058972,True,20.0,9.884530131761577,0.01315186440499342,True,20.0,9.370172633784493,0.013873810556198329,True,26.247818339750054,20.0,1.6348470806302107,103.0762767061494
2024-03-16,58.36,61.46,52.0,53.44,9615415.71,,AVAXUSDT_daily,CRYPTO,BINANCE,USDT,1,1,1,53.44,53.44,53.44,6.205413998658494,1171,0.0,0.5,1,20.0,52.75343034917734,0.0024642947224384104,True,20.0,28.658956406076005,0.004536103763095806,True,20.0,20.414155056810994,0.006368130331048245,True,20.0,10.91533102180899,0.011909854107058972,True,20.0,9.884530131761577,0.01315186440499342,True,20.0,9.370172633784493,0.013873810556198329,True,-123.98848971749995,20.0,-1.6860863605209064,101.3901903456285
2024-03-17,53.44,58.5,50.05,58.45,6421648.71,,AVAXUSDT_daily,CRYPTO,BINANCE,USDT,1,1,1,58.45,58.45,58.45,6.663133666914371,1172,0.0,0.5,1,20.0,52.75343034917734,0.0024642947224384104,True,20.0,28.658956406076005,0.004536103763095806,True,20.0,20.414155056810994,0.006368130331048245,True,20.0,10.91533102180899,0.011909854107058972,True,20.0,9.884530131761577,0.01315186440499342,True,20.0,9.370172633784493,0.013873810556198329,True,14.046158223322763,20.0,1.875,103.2651903456285
2024-03-18,58.44,65.39,55.26,60.65,11907328.03,,AVAXUSDT_daily,CRYPTO,BINANCE,USDT,1,1,1,60.65,60.65,60.65,7.150769999025078,1173,0.0,0.5,1,20.0,52.75343034917734,0.0024642947224384104,True,20.0,28.658956406076005,0.004536103763095806,True,20.0,20.414155056810994,0.006368130331048245,True,20.0,10.91533102180899,0.011909854107058972,True,20.0,9.884530131761577,0.01315186440499342,True,20.0,9.370172633784493,0.013873810556198329,True,73.637411401817,20.0,0.752780153977759,104.01797049960625
2024-03-19,60.64,61.95,53.16,53.63,12376814.57,,AVAXUSDT_daily,CRYPTO,BINANCE,USDT,1,1,1,53.63,53.63,53.63,7.067022822869404,1174,0.0,0.5,1,20.0,52.75343034917734,0.0024642947224384104,True,20.0,28.658956406076005,0.004536103763095806,True,20.0,20.414155056810994,0.006368130331048245,True,20.0,10.91533102180899,0.011909854107058972,True,20.0,9.884530131761577,0.01315186440499342,True,20.0,9.370172633784493,0.013873810556198329,True,-125.80279575690282,20.0,-2.3149216817807083,101.70304881782555
2024-03-20,53.62,58.15,50.42,57.06,9552672.65,,AVAXUSDT_daily,CRYPTO,BINANCE,USDT,1,1,1,57.06,57.06,57.06,7.120712468049891,1175,0.0,0.5,1,20.0,52.75343034917734,0.0024642947224384104,True,20.0,28.658956406076005,0.004536103763095806,True,20.0,20.414155056810994,0.006368130331048245,True,20.0,10.91533102180899,0.011909854107058972,True,20.0,9.884530131761577,0.01315186440499342,True,20.0,9.370172633784493,0.013873810556198329,True,-33.35682546882296,20.0,1.2791348126048874,102.98218363043043
2024-03-21,57.05,57.87,52.76,53.82,4920044.95,,AVAXUSDT_daily,CRYPTO,BINANCE,USDT,1,1,1,53.82,53.82,53.82,7.037712322683533,1176,0.0,0.5,1,-20.0,52.75343034917734,0.0024642947224384104,True,20.0,28.658956406076005,0.004536103763095806,True,20.0,20.414155056810994,0.006368130331048245,True,20.0,10.91533102180899,0.011909854107058972,True,20.0,9.884530131761577,0.01315186440499342,True,20.0,9.370172633784493,0.013873810556198329,True,-125.65028266556334,16.933333333333334,-1.1356466876971605,101.84653694273327
2024-03-22,53.83,57.8,51.63,53.44,5691573.77,,AVAXUSDT_daily,CRYPTO,BINANCE,USDT,1,1,1,53.44,53.44,53.44,6.979193495104916,1177,0.0,0.5,1,-20.0,52.75343034917734,0.0024642947224384104,True,20.0,28.658956406076005,0.004536103763095806,True,20.0,20.414155056810994,0.006368130331048245,True,20.0,10.91533102180899,0.011909854107058972,True,20.0,9.884530131761577,0.01315186440499342,True,20.0,9.370172633784493,0.013873810556198329,True,-136.77910412352492,16.933333333333334,-0.11955902390685096,101.72697791882642
2024-03-23,53.44,55.98,52.6,53.45,2791760.71,,AVAXUSDT_daily,CRYPTO,BINANCE,USDT,1,1,1,53.45,53.45,53.45,6.7934086475524955,1178,0.0,0.5,1,-20.0,52.75343034917734,0.0024642947224384104,True,20.0,28.658956406076005,0.004536103763095806,True,20.0,20.414155056810994,0.006368130331048245,True,20.0,10.91533102180899,0.011909854107058972,True,20.0,9.884530131761577,0.01315186440499342,True,20.0,9.370172633784493,0.013873810556198329,True,-136.4799073603267,16.933333333333334,0.003168662674652545,101.73014658150107
2024-03-24,53.45,55.82,52.43,55.68,2317592.73,,AVAXUSDT_daily,CRYPTO,BINANCE,USDT,1,1,1,55.68,55.68,55.68,6.649558829846409,1179,0.0,0.5,1,20.0,52.75343034917734,0.0024642947224384104,True,20.0,28.658956406076005,0.004536103763095806,True,20.0,20.414155056810994,0.006368130331048245,True,20.0,10.91533102180899,0.011909854107058972,True,20.0,9.884530131761577,0.01315186440499342,True,20.0,9.370172633784493,0.013873810556198329,True,-71.39215443448248,20.0,0.7064795759276564,102.43662615742873
2024-03-25,55.69,59.19,54.94,57.76,3814842.59,,AVAXUSDT_daily,CRYPTO,BINANCE,USDT,1,1,1,57.76,57.76,57.76,6.196519799983557,1180,0.0,0.5,1,20.0,52.75343034917734,0.0024642947224384104,True,20.0,28.658956406076005,0.004536103763095806,True,20.0,20.414155056810994,0.006368130331048245,True,20.0,10.91533102180899,0.011909854107058972,True,20.0,9.884530131761577,0.01315186440499342,True,20.0,9.370172633784493,0.013873810556198329,True,-11.816120611763623,20.0,0.7471264367816088,103.18375259421035
2024-03-26,57.75,60.0,55.33,55.78,3466292.41,,AVAXUSDT_daily,CRYPTO,BINANCE,USDT,1,1,1,55.78,55.78,55.78,5.725051574119227,1181,0.0,0.5,1,20.0,52.75343034917734,0.0024642947224384104,True,20.0,28.658956406076005,0.004536103763095806,True,20.0,20.414155056810994,0.006368130331048245,True,20.0,10.91533102180899,0.011909854107058972,True,20.0,9.884530131761577,0.01315186440499342,True,20.0,9.370172633784493,0.013873810556198329,True,-71.04113612311708,20.0,-0.6855955678670345,102.4981570263433
2024-03-27,55.79,56.72,52.5,54.1,3233550.45,,AVAXUSDT_daily,CRYPTO,BINANCE,USDT,1,1,1,54.1,54.1,54.1,5.2653919482247735,1182,0.0,0.5,1,-20.0,52.75343034917734,0.0024642947224384104,True,20.0,28.658956406076005,0.004536103763095806,True,20.0,20.414155056810994,0.006368130331048245,True,20.0,10.91533102180899,0.011909854107058972,True,20.0,9.884530131761577,0.01315186440499342,True,20.0,9.370172633784493,0.013873810556198329,True,-123.4667650349748,16.933333333333334,-0.6023664395840811,101.89579058675923
2024-03-28,54.1,55.05,53.18,54.63,1684510.45,,AVAXUSDT_daily,CRYPTO,BINANCE,USDT,1,1,1,54.63,54.63,54.63,4.624980540500594,1183,0.0,0.5,1,-20.0,52.75343034917734,0.0024642947224384104,True,20.0,28.658956406076005,0.004536103763095806,True,20.0,20.414155056810994,0.006368130331048245,True,20.0,10.91533102180899,0.011909854107058972,True,20.0,9.884530131761577,0.01315186440499342,True,20.0,9.370172633784493,0.013873810556198329,True,-106.73479982034185,16.933333333333334,0.16589032655575967,102.06168091331499
2024-03-29,54.62,54.65,52.52,53.33,1637003.96,,AVAXUSDT_daily,CRYPTO,BINANCE,USDT,1,1,1,53.33,53.33,53.33,3.8403181063427367,1184,0.0,0.5,1,-20.0,52.75343034917734,0.0024642947224384104,True,20.0,28.658956406076005,0.004536103763095806,True,20.0,20.414155056810994,0.006368130331048245,True,20.0,10.91533102180899,0.011909854107058972,True,20.0,9.884530131761577,0.01315186440499342,True,20.0,9.370172633784493,0.013873810556198329,True,-149.39659751898296,16.933333333333334,-0.40295320031728765,101.6587277129977
2024-03-30,53.32,54.63,52.76,52.93,1334954.82,,AVAXUSDT_daily,CRYPTO,BINANCE,USDT,1,1,1,52.93,52.93,52.93,2.5434102676294215,1185,0.0,0.5,1,-20.0,52.75343034917734,0.0024642947224384104,True,2.9879201200880536,28.658956406076005,0.004536103763095806,True,20.0,20.414155056810994,0.006368130331048245,True,20.0,10.91533102180899,0.011909854107058972,True,20.0,9.884530131761577,0.01315186440499342,True,20.0,9.370172633784493,0.013873810556198329,True,-162.88733289553412,13.332443092085304,-0.12700793799612403,101.53171977500158
2024-03-31,52.92,54.28,52.87,54.06,1203818.27,,AVAXUSDT_daily,CRYPTO,BINANCE,USDT,1,1,1,54.06,54.06,54.06,2.1486800721933093,1186,0.0,0.5,1,-20.0,52.75343034917734,0.0024642947224384104,True,20.0,28.658956406076005,0.004536103763095806,True,20.0,20.414155056810994,0.006368130331048245,True,20.0,10.91533102180899,0.011909854107058972,True,20.0,9.884530131761577,0.01315186440499342,True,20.0,9.370172633784493,0.013873810556198329,True,-124.86076377525339,16.933333333333334,0.28463368022022295,101.8163534552218
2024-04-01,54.06,54.14,50.26,51.38,3011378.87,,AVAXUSDT_daily,CRYPTO,BINANCE,USDT,1,1,1,51.38,51.38,51.38,2.3137699357971084,1187,0.0,0.5,1,-20.0,52.75343034917734,0.0024642947224384104,True,-20.0,28.658956406076005,0.004536103763095806,True,20.0,20.414155056810994,0.006368130331048245,True,20.0,10.91533102180899,0.011909854107058972,True,20.0,9.884530131761577,0.01315186440499342,True,20.0,9.370172633784493,0.013873810556198329,True,-219.5569082812686,8.466666666666667,-0.8394623258108266,100.97689112941097
2024-04-02,51.38,51.38,46.29,46.86,3239791.28,,AVAXUSDT_daily,CRYPTO,BINANCE,USDT,1,1,1,46.86,46.86,46.86,2.9498931291986357,1188,0.0,0.5,1,-20.0,52.75343034917734,0.0024642947224384104,True,-20.0,28.658956406076005,0.004536103763095806,True,20.0,20.414155056810994,0.006368130331048245,True,20.0,10.91533102180899,0.011909854107058972,True,20.0,9.884530131761577,0.01315186440499342,True,20.0,9.370172633784493,0.013873810556198329,True,-388.3439747701885,8.466666666666667,-0.7448293758920471,100.23206175351892
2024-04-03,46.87,48.32,44.97,45.89,2363000.86,,AVAXUSDT_daily,CRYPTO,BINANCE,USDT,1,1,1,45.89,45.89,45.89,3.540305517593626,1189,0.0,0.5,1,-20.0,52.75343034917734,0.0024642947224384104,True,-20.0,28.658956406076005,0.004536103763095806,True,20.0,20.414155056810994,0.006368130331048245,True,20.0,10.91533102180899,0.011909854107058972,True,20.0,9.884530131761577,0.01315186440499342,True,20.0,9.370172633784493,0.013873810556198329,True,-426.03608798967275,8.466666666666667,-0.1752596386399197,100.056802114879
2024-04-04,45.89,48.16,45.42,46.5,1760856.23,,AVAXUSDT_daily,CRYPTO,BINANCE,USDT,1,1,1,46.5,46.5,46.5,3.796973309861245,1190,0.0,0.5,1,-20.0,52.75343034917734,0.0024642947224384104,True,-20.0,28.658956406076005,0.004536103763095806,True,-20.0,20.414155056810994,0.006368130331048245,True,20.0,10.91533102180899,0.011909854107058972,True,20.0,9.884530131761577,0.01315186440499342,True,20.0,9.370172633784493,0.013873810556198329,True,-402.20204226603437,0.0,0.11254449044817363,100.16934660532718
2024-04-05,46.5,46.59,43.77,45.3,1789208.04,,AVAXUSDT_daily,CRYPTO,BINANCE,USDT,1,1,1,45.3,45.3,45.3,4.231201770308508,1191,0.0,0.5,1,-20.0,52.75343034917734,0.0024642947224384104,True,-20.0,28.658956406076005,0.004536103763095806,True,-20.0,20.414155056810994,0.006368130331048245,True,20.0,10.91533102180899,0.011909854107058972,True,20.0,9.884530131761577,0.01315186440499342,True,20.0,9.370172633784493,0.013873810556198329,True,-451.14295773948106,0.0,-0.0,100.16934660532718
2024-04-06,45.3,48.98,45.05,48.19,2043537.32,,AVAXUSDT_daily,CRYPTO,BINANCE,USDT,1,1,1,48.19,48.19,48.19,4.187391601111829,1192,0.0,0.5,1,-20.0,52.75343034917734,0.0024642947224384104,True,-20.0,28.658956406076005,0.004536103763095806,True,-20.0,20.414155056810994,0.006368130331048245,True,20.0,10.91533102180899,0.011909854107058972,True,20.0,9.884530131761577,0.01315186440499342,True,20.0,9.370172633784493,0.013873810556198329,True,-341.93700201214943,0.0,0.0,100.16934660532718
2024-04-07,48.19,49.51,47.89,49.32,1194623.63,,AVAXUSDT_daily,CRYPTO,BINANCE,USDT,1,1,1,49.32,49.32,49.32,3.8075596204350077,1193,0.0,0.5,1,-20.0,52.75343034917734,0.0024642947224384104,True,-20.0,28.658956406076005,0.004536103763095806,True,-20.0,20.414155056810994,0.006368130331048245,True,20.0,10.91533102180899,0.011909854107058972,True,20.0,9.884530131761577,0.01315186440499342,True,20.0,9.370172633784493,0.013873810556198329,True,-299.52464150613827,0.0,0.0,100.16934660532718
2024-04-08,49.33,50.81,48.25,49.86,1875605.09,,AVAXUSDT_daily,CRYPTO,BINANCE,USDT,1,1,1,49.86,49.86,49.86,3.824004652057404,1194,0.0,0.5,1,20.0,52.75343034917734,0.0024642947224384104,True,-20.0,28.658956406076005,0.004536103763095806,True,-20.0,20.414155056810994,0.006368130331048245,True,20.0,10.91533102180899,0.011909854107058972,True,20.0,9.884530131761577,0.01315186440499342,True,20.0,9.370172633784493,0.013873810556198329,True,-279.07676007988266,8.466666666666667,0.0,100.16934660532718
2024-04-09,49.87,49.96,46.35,46.47,1749477.03,,AVAXUSDT_daily,CRYPTO,BINANCE,USDT,1,1,1,46.47,46.47,46.47,3.8148475516217673,1195,0.0,0.5,1,-20.0,52.75343034917734,0.0024642947224384104,True,-20.0,28.658956406076005,0.004536103763095806,True,-20.0,20.414155056810994,0.006368130331048245,True,20.0,10.91533102180899,0.011909854107058972,True,20.0,9.884530131761577,0.01315186440499342,True,20.0,9.370172633784493,0.013873810556198329,True,-414.3093701191011,0.0,-0.5756518251103092,99.59369478021686
2024-04-10,46.47,48.01,45.07,47.3,2250167.7,,AVAXUSDT_daily,CRYPTO,BINANCE,USDT,1,1,1,47.3,47.3,47.3,3.8785866592991782,1196,0.0,0.5,1,-20.0,52.75343034917734,0.0024642947224384104,True,-20.0,28.658956406076005,0.004536103763095806,True,-20.0,20.414155056810994,0.006368130331048245,True,20.0,10.91533102180899,0.011909854107058972,True,20.0,9.884530131761577,0.01315186440499342,True,20.0,9.370172633784493,0.013873810556198329,True,-381.2153791592993,0.0,0.0,99.59369478021686
2024-04-11,47.3,47.5,45.59,46.01,1481848.1,,AVAXUSDT_daily,CRYPTO,BINANCE,USDT,1,1,1,46.01,46.01,46.01,3.997817825818283,1197,0.0,0.5,1,-20.0,52.75343034917734,0.0024642947224384104,True,-20.0,28.658956406076005,0.004536103763095806,True,-20.0,20.414155056810994,0.006368130331048245,True,20.0,10.91533102180899,0.011909854107058972,True,20.0,9.884530131761577,0.01315186440499342,True,20.0,9.370172633784493,0.013873810556198329,True,-434.87477894395744,0.0,-0.0,99.59369478021686
2024-04-12,46.02,46.88,36.0,39.34,4679039.33,,AVAXUSDT_daily,CRYPTO,BINANCE,USDT,1,1,1,39.34,39.34,39.34,4.681035057605926,1198,0.0,0.5,1,-20.0,52.75343034917734,0.0024642947224384104,True,-20.0,28.658956406076005,0.004536103763095806,True,-20.0,20.414155056810994,0.006368130331048245,True,20.0,10.91533102180899,0.011909854107058972,True,20.0,9.884530131761577,0.01315186440499342,True,20.0,9.370172633784493,0.013873810556198329,True,-721.4832295742274,0.0,-0.0,99.59369478021686
2024-04-13,39.34,39.35,29.24,33.89,8362401.51,,AVAXUSDT_daily,CRYPTO,BINANCE,USDT,1,1,1,33.89,33.89,33.89,5.718679917604189,1199,0.0,0.5,1,-20.0,52.75343034917734,0.0024642947224384104,True,-20.0,28.658956406076005,0.004536103763095806,True,-20.0,20.414155056810994,0.006368130331048245,True,-15.254299785538908,10.91533102180899,0.011909854107058972,True,20.0,9.884530131761577,0.01315186440499342,True,20.0,9.370172633784493,0.013873810556198329,True,-975.0062230775153,-7.462160121272402,-0.0,99.59369478021686
2024-04-14,33.9,37.91,32.64,37.27,5518136.95,,AVAXUSDT_daily,CRYPTO,BINANCE,USDT,1,1,1,37.27,37.27,37.27,5.889205535733556,1200,0.0,0.5,1,-20.0,52.75343034917734,0.0024642947224384104,True,-20.0,28.658956406076005,0.004536103763095806,True,-20.0,20.414155056810994,0.006368130331048245,True,-20.0,10.91533102180899,0.011909854107058972,True,20.0,9.884530131761577,0.01315186440499342,True,20.0,9.370172633784493,0.013873810556198329,True,-838.6226116562997,-8.466666666666667,-0.7442343231012307,98.84946045711564
2024-04-15,37.27,38.61,34.09,35.16,4953905.89,,AVAXUSDT_daily,CRYPTO,BINANCE,USDT,1,1,1,35.16,35.16,35.16,6.2356002327897375,1201,0.0,0.5,1,-20.0,52.75343034917734,0.0024642947224384104,True,-20.0,28.658956406076005,0.004536103763095806,True,-20.0,20.414155056810994,0.006368130331048245,True,-20.0,10.91533102180899,0.011909854107058972,True,20.0,9.884530131761577,0.01315186440499342,True,20.0,9.370172633784493,0.013873810556198329,True,-930.0519962241257,-8.466666666666667,0.4793310079599331,99.32879146507557
2024-04-16,35.16,35.91,32.7,34.76,3313166.78,,AVAXUSDT_daily,CRYPTO,BINANCE,USDT,1,1,1,34.76,34.76,34.76,6.55022368039195,1202,0.0,0.5,1,-20.0,52.75343034917734,0.0024642947224384104,True,-20.0,28.658956406076005,0.004536103763095806,True,-20.0,20.414155056810994,0.006368130331048245,True,-20.0,10.91533102180899,0.011909854107058972,True,20.0,9.884530131761577,0.01315186440499342,True,20.0,9.370172633784493,0.013873810556198329,True,-947.9788327418195,-8.466666666666667,0.09632157755024635,99.42511304262581
2024-04-17,34.75,35.36,32.23,33.58,3016090.08,,AVAXUSDT_daily,CRYPTO,BINANCE,USDT,1,1,1,33.58,33.58,33.58,6.765099291293678,1203,0.0,0.5,1,-20.0,52.75343034917734,0.0024642947224384104,True,-20.0,28.658956406076005,0.004536103763095806,True,-20.0,20.414155056810994,0.006368130331048245,True,-20.0,10.91533102180899,0.011909854107058972,True,20.0,9.884530131761577,0.01315186440499342,True,20.0,9.370172633784493,0.013873810556198329,True,-1003.835633997799,-8.466666666666667,0.287418488684311,99.71253153131012
2024-04-18,33.58,35.61,32.8,34.85,2688659.01,,AVAXUSDT_daily,CRYPTO,BINANCE,USDT,1,1,1,34.85,34.85,34.85,6.81066532030996,1204,0.0,0.5,1,-20.0,52.75343034917734,0.0024642947224384104,True,-20.0,28.658956406076005,0.004536103763095806,True,-20.0,20.414155056810994,0.006368130331048245,True,-20.0,10.91533102180899,0.011909854107058972,True,20.0,9.884530131761577,0.01315186440499342,True,20.0,9.370172633784493,0.013873810556198329,True,-945.5190934355214,-8.466666666666667,-0.3202104427238451,99.39232108858627
2024-04-19,34.84,36.14,31.92,34.67,3273162.24,,AVAXUSDT_daily,CRYPTO,BINANCE,USDT,1,1,1,34.67,34.67,34.67,6.76670883229523,1205,0.0,0.5,1,-20.0,52.75343034917734,0.0024642947224384104,True,-20.0,28.658956406076005,0.004536103763095806,True,-20.0,20.414155056810994,0.006368130331048245,True,-20.0,10.91533102180899,0.011909854107058972,True,20.0,9.884530131761577,0.01315186440499342,True,20.0,9.370172633784493,0.013873810556198329,True,-954.0087815060067,-8.466666666666667,0.043730272596843325,99.43605136118312
2024-04-20,34.66,38.49,34.12,38.31,1920545.62,,AVAXUSDT_daily,CRYPTO,BINANCE,USDT,1,1,1,38.31,38.31,38.31,6.3174257540476395,1206,0.0,0.5,1,-20.0,52.75343034917734,0.0024642947224384104,True,-20.0,28.658956406076005,0.004536103763095806,True,-20.0,20.414155056810994,0.006368130331048245,True,-20.0,10.91533102180899,0.011909854107058972,True,20.0,9.884530131761577,0.01315186440499342,True,20.0,9.370172633784493,0.013873810556198329,True,-806.3801361151045,-8.466666666666667,-0.8889145274492839,98.54713683373383
2024-04-21,38.31,38.77,36.35,37.15,1574355.22,,AVAXUSDT_daily,CRYPTO,BINANCE,USDT,1,1,1,37.15,37.15,37.15,6.029261454292739,1207,0.0,0.5,1,-20.0,52.75343034917734,0.0024642947224384104,True,-20.0,28.658956406076005,0.004536103763095806,True,-20.0,20.414155056810994,0.006368130331048245,True,-20.0,10.91533102180899,0.011909854107058972,True,20.0,9.884530131761577,0.01315186440499342,True,20.0,9.370172633784493,0.013873810556198329,True,-855.81760699617,-8.466666666666667,0.2563647437570706,98.8035015774909
2024-04-22,37.14,39.72,36.75,39.19,1818594.75,,AVAXUSDT_daily,CRYPTO,BINANCE,USDT,1,1,1,39.19,39.19,39.19,5.915521487890471,1208,0.0,0.5,1,20.0,52.75343034917734,0.0024642947224384104,True,-20.0,28.658956406076005,0.004536103763095806,True,-20.0,20.414155056810994,0.006368130331048245,True,-20.0,10.91533102180899,0.011909854107058972,True,20.0,9.884530131761577,0.01315186440499342,True,20.0,9.370172633784493,0.013873810556198329,True,-773.2182399511205,0.0,-0.46492597577388917,98.33857560171701
2024-04-23,39.18,39.92,37.98,38.3,1435816.55,,AVAXUSDT_daily,CRYPTO,BINANCE,USDT,1,1,1,38.3,38.3,38.3,5.838423453387252,1209,0.0,0.5,1,20.0,52.75343034917734,0.0024642947224384104,True,-20.0,28.658956406076005,0.004536103763095806,True,-20.0,20.414155056810994,0.006368130331048245,True,-20.0,10.91533102180899,0.011909854107058972,True,20.0,9.884530131761577,0.01315186440499342,True,20.0,9.370172633784493,0.013873810556198329,True,-810.82861111319,0.0,-0.0,98.33857560171701
2024-04-24,38.3,39.84,36.02,36.37,2306966.5,,AVAXUSDT_daily,CRYPTO,BINANCE,USDT,1,1,1,36.37,36.37,36.37,5.75405163890346,1210,0.0,0.5,1,-20.0,52.75343034917734,0.0024642947224384104,True,-20.0,28.658956406076005,0.004536103763095806,True,-20.0,20.414155056810994,0.006368130331048245,True,-20.0,10.91533102180899,0.011909854107058972,True,20.0,9.884530131761577,0.01315186440499342,True,20.0,9.370172633784493,0.013873810556198329,True,-897.5503072761792,-8.466666666666667,-0.0,98.33857560171701
2024-04-25,36.37,36.75,34.7,35.59,2133979.93,,AVAXUSDT_daily,CRYPTO,BINANCE,USDT,1,1,1,35.59,35.59,35.59,5.716336607525491,1211,0.0,0.5,1,-20.0,52.75343034917734,0.0024642947224384104,True,-20.0,28.658956406076005,0.004536103763095806,True,-20.0,20.414155056810994,0.006368130331048245,True,-20.0,10.91533102180899,0.011909854107058972,True,20.0,9.884530131761577,0.01315186440499342,True,20.0,9.370172633784493,0.013873810556198329,True,-934.1059191455741,-8.466666666666667,0.18157822381083216,98.52015382552784
2024-04-26,35.59,35.88,34.27,34.42,1641347.49,,AVAXUSDT_daily,CRYPTO,BINANCE,USDT,1,1,1,34.42,34.42,34.42,5.474086777960442,1212,0.0,0.5,1,-20.0,52.75343034917734,0.0024642947224384104,True,-20.0,28.658956406076005,0.004536103763095806,True,-20.0,20.414155056810994,0.006368130331048245,True,-20.0,10.91533102180899,0.011909854107058972,True,20.0,9.884530131761577,0.01315186440499342,True,20.0,9.370172633784493,0.013873810556198329,True,-991.8108655035514,-8.466666666666667,0.2783366114076988,98.79849043693554
2024-04-27,34.43,35.13,33.08,34.47,1810409.95,,AVAXUSDT_daily,CRYPTO,BINANCE,USDT,1,1,1,34.47,34.47,34.47,5.000142734805761,1213,0.0,0.5,1,-20.0,52.75343034917734,0.0024642947224384104,True,-20.0,28.658956406076005,0.004536103763095806,True,-20.0,20.414155056810994,0.006368130331048245,True,-20.0,10.91533102180899,0.011909854107058972,True,20.0,9.884530131761577,0.01315186440499342,True,20.0,9.370172633784493,0.013873810556198329,True,-989.2970909445993,-8.466666666666667,-0.012299050939375503,98.78619138599616
2024-04-28,34.47,35.39,33.8,33.95,1251390.9,,AVAXUSDT_daily,CRYPTO,BINANCE,USDT,1,1,1,33.95,33.95,33.95,4.286987501977941,1214,0.0,0.5,1,-20.0,52.75343034917734,0.0024642947224384104,True,-20.0,28.658956406076005,0.004536103763095806,True,-20.0,20.414155056810994,0.006368130331048245,True,-20.0,10.91533102180899,0.011909854107058972,True,20.0,9.884530131761577,0.01315186440499342,True,20.0,9.370172633784493,0.013873810556198329,True,-1016.4000721867653,-8.466666666666667,0.1277245914321622,98.91391597742832
2024-04-29,33.95,35.88,32.84,35.28,2258794.34,,AVAXUSDT_daily,CRYPTO,BINANCE,USDT,1,1,1,35.28,35.28,35.28,3.7596795776137104,1215,0.0,0.5,1,-20.0,52.75343034917734,0.0024642947224384104,True,-20.0,28.658956406076005,0.004536103763095806,True,-20.0,20.414155056810994,0.006368130331048245,True,-20.0,10.91533102180899,0.011909854107058972,True,20.0,9.884530131761577,0.01315186440499342,True,20.0,9.370172633784493,0.013873810556198329,True,-949.3619559127578,-8.466666666666667,-0.33168384879724966,98.58223212863106
2024-04-30,35.29,35.73,31.92,32.71,2815332.3,,AVAXUSDT_daily,CRYPTO,BINANCE,USDT,1,1,1,32.71,32.71,32.71,2.991523595270891,1216,0.0,0.5,1,-20.0,52.75343034917734,0.0024642947224384104,True,-20.0,28.658956406076005,0.004536103763095806,True,-20.0,20.414155056810994,0.006368130331048245,True,-20.0,10.91533102180899,0.011909854107058972,True,20.0,9.884530131761577,0.01315186440499342,True,20.0,9.370172633784493,0.013873810556198329,True,-1087.7025592806642,-8.466666666666667,0.6167611489040059,99.19899327753507
2024-05-01,32.71,34.0,30.26,33.33,3380517.89,,AVAXUSDT_daily,CRYPTO,BINANCE,USDT,1,1,1,33.33,33.33,33.33,1.9948234983284987,1217,0.0,0.5,1,-20.0,52.75343034917734,0.0024642947224384104,True,-20.0,28.658956406076005,0.004536103763095806,True,-20.0,20.414155056810994,0.006368130331048245,True,-20.0,10.91533102180899,0.011909854107058972,True,-4.981703447083101,9.884530131761577,0.01315186440499342,True,20.0,9.370172633784493,0.013873810556198329,True,-1054.4486297317476,-13.754460562965923,-0.1604809945989999,99.03851228293607
2024-05-02,33.33,34.13,32.3,33.58,1703436.21,,AVAXUSDT_daily,CRYPTO,BINANCE,USDT,1,1,1,33.58,33.58,33.58,1.8407786538966195,1218,0.0,0.5,1,-20.0,52.75343034917734,0.0024642947224384104,True,-20.0,28.658956406076005,0.004536103763095806,True,-20.0,20.414155056810994,0.006368130331048245,True,-20.0,10.91533102180899,0.011909854107058972,True,-20.0,9.884530131761577,0.01315186440499342,True,20.0,9.370172633784493,0.013873810556198329,True,-1040.8837139971954,-16.933333333333334,-0.10316877109935435,98.93534351183672
2024-05-03,33.57,36.13,33.3,35.54,1553343.97,,AVAXUSDT_daily,CRYPTO,BINANCE,USDT,1,1,1,35.54,35.54,35.54,1.809002051149335,1219,0.0,0.5,1,20.0,52.75343034917734,0.0024642947224384104,True,-20.0,28.658956406076005,0.004536103763095806,True,-20.0,20.414155056810994,0.006368130331048245,True,-20.0,10.91533102180899,0.011909854107058972,True,-20.0,9.884530131761577,0.01315186440499342,True,20.0,9.370172633784493,0.013873810556198329,True,-941.4849590317542,-8.466666666666667,-0.9883660909271399,97.94697742090958
2024-05-04,35.55,37.68,35.18,37.36,1920904.84,,AVAXUSDT_daily,CRYPTO,BINANCE,USDT,1,1,1,37.36,37.36,37.36,1.8139409698540725,1220,0.0,0.5,1,20.0,52.75343034917734,0.0024642947224384104,True,-20.0,28.658956406076005,0.004536103763095806,True,-20.0,20.414155056810994,0.006368130331048245,True,-20.0,10.91533102180899,0.011909854107058972,True,-20.0,9.884530131761577,0.01315186440499342,True,20.0,9.370172633784493,0.013873810556198329,True,-853.7401744154747,-8.466666666666667,-0.4335771900206341,97.51340023088895
2024-05-05,37.36,38.01,36.6,37.35,1760586.91,,AVAXUSDT_daily,CRYPTO,BINANCE,USDT,1,1,1,37.35,37.35,37.35,1.862334697718339,1221,0.0,0.5,1,20.0,52.75343034917734,0.0024642947224384104,True,20.0,28.658956406076005,0.004536103763095806,True,-20.0,20.414155056810994,0.006368130331048245,True,-20.0,10.91533102180899,0.011909854107058972,True,-20.0,9.884530131761577,0.01315186440499342,True,20.0,9.370172633784493,0.013873810556198329,True,-854.232538729151,0.0,0.0022662384011415885,97.5156664692901
2024-05-06,37.35,39.87,36.78,37.11,2933511.56,,AVAXUSDT_daily,CRYPTO,BINANCE,USDT,1,1,1,37.11,37.11,37.11,1.8846651943373676,1222,0.0,0.5,1,20.0,52.75343034917734,0.0024642947224384104,True,20.0,28.658956406076005,0.004536103763095806,True,-20.0,20.414155056810994,0.006368130331048245,True,-20.0,10.91533102180899,0.011909854107058972,True,-20.0,9.884530131761577,0.01315186440499342,True,20.0,9.370172633784493,0.013873810556198329,True,-866.3689100099498,0.0,-0.0,97.5156664692901
2024-05-07,37.12,37.6,35.27,35.31,1852417.36,,AVAXUSDT_daily,CRYPTO,BINANCE,USDT,1,1,1,35.31,35.31,35.31,1.8230876065242985,1223,0.0,0.5,1,-12.348916305314447,52.75343034917734,0.0024642947224384104,True,-20.0,28.658956406076005,0.004536103763095806,True,-20.0,20.414155056810994,0.006368130331048245,True,-20.0,10.91533102180899,0.011909854107058972,True,-20.0,9.884530131761577,0.01315186440499342,True,20.0,9.370172633784493,0.013873810556198329,True,-962.2109600942805,-15.31385395129156,-0.0,97.5156664692901
2024-05-08,35.31,35.5,33.62,34.02,2157691.01,,AVAXUSDT_daily,CRYPTO,BINANCE,USDT,1,1,1,34.02,34.02,34.02,1.8536520851123717,1224,0.0,0.5,1,-20.0,52.75343034917734,0.0024642947224384104,True,-20.0,28.658956406076005,0.004536103763095806,True,-20.0,20.414155056810994,0.006368130331048245,True,-20.0,10.91533102180899,0.011909854107058972,True,-20.0,9.884530131761577,0.01315186440499342,True,20.0,9.370172633784493,0.013873810556198329,True,-1034.3178710524617,-16.933333333333334,0.5594696005994363,98.07513606988954
2024-05-09,34.02,35.38,33.73,35.07,1576030.39,,AVAXUSDT_daily,CRYPTO,BINANCE,USDT,1,1,1,35.07,35.07,35.07,1.8440815000854034,1225,0.0,0.5,1,-20.0,52.75343034917734,0.0024642947224384104,True,-20.0,28.658956406076005,0.004536103763095806,True,-20.0,20.414155056810994,0.006368130331048245,True,-20.0,10.91533102180899,0.011909854107058972,True,-20.0,9.884530131761577,0.01315186440499342,True,20.0,9.370172633784493,0.013873810556198329,True,-976.8530837633806,-16.933333333333334,-0.5226337448559657,97.55250232503357
2024-05-10,35.07,36.12,33.23,33.71,2261922.59,,AVAXUSDT_daily,CRYPTO,BINANCE,USDT,1,1,1,33.71,33.71,33.71,1.7901880965592691,1226,0.0,0.5,1,-20.0,52.75343034917734,0.0024642947224384104,True,-20.0,28.658956406076005,0.004536103763095806,True,-20.0,20.414155056810994,0.006368130331048245,True,-20.0,10.91533102180899,0.011909854107058972,True,-20.0,9.884530131761577,0.01315186440499342,True,20.0,9.370172633784493,0.013873810556198329,True,-1055.008120956519,-16.933333333333334,0.6566676171466587,98.20916994218022
2024-05-11,33.71,34.04,33.06,33.49,1182903.0,,AVAXUSDT_daily,CRYPTO,BINANCE,USDT,1,1,1,33.49,33.49,33.49,1.798668732851102,1227,0.0,0.5,1,-20.0,52.75343034917734,0.0024642947224384104,True,-20.0,28.658956406076005,0.004536103763095806,True,-20.0,20.414155056810994,0.006368130331048245,True,-20.0,10.91533102180899,0.011909854107058972,True,-20.0,9.884530131761577,0.01315186440499342,True,20.0,9.370172633784493,0.013873810556198329,True,-1067.9910630733796,-16.933333333333334,0.11051122317808736,98.31968116535832
2024-05-12,33.49,34.0,32.78,33.14,688258.16,,AVAXUSDT_daily,CRYPTO,BINANCE,USDT,1,1,1,33.14,33.14,33.14,1.6102157423314387,1228,0.0,0.5,1,-20.0,52.75343034917734,0.0024642947224384104,True,-20.0,28.658956406076005,0.004536103763095806,True,-20.0,20.414155056810994,0.006368130331048245,True,-20.0,10.91533102180899,0.011909854107058972,True,-20.0,9.884530131761577,0.01315186440499342,True,20.0,9.370172633784493,0.013873810556198329,True,-1089.276256244215,-16.933333333333334,0.17696824922862667,98.49664941458694
2024-05-13,33.14,33.82,31.93,32.46,2038043.28,,AVAXUSDT_daily,CRYPTO,BINANCE,USDT,1,1,1,32.46,32.46,32.46,1.5074869293347628,1229,0.0,0.5,1,-20.0,52.75343034917734,0.0024642947224384104,True,-20.0,28.658956406076005,0.004536103763095806,True,-20.0,20.414155056810994,0.006368130331048245,True,-20.0,10.91533102180899,0.011909854107058972,True,-20.0,9.884530131761577,0.01315186440499342,True,20.0,9.370172633784493,0.013873810556198329,True,-1132.2393052298614,-16.933333333333334,0.34745524039428616,98.84410465498122
2024-05-14,32.46,33.34,31.48,31.58,1769809.13,,AVAXUSDT_daily,CRYPTO,BINANCE,USDT,1,1,1,31.58,31.58,31.58,1.6075587081067673,1230,0.0,0.5,1,-20.0,52.75343034917734,0.0024642947224384104,True,-20.0,28.658956406076005,0.004536103763095806,True,-20.0,20.414155056810994,0.006368130331048245,True,-20.0,10.91533102180899,0.011909854107058972,True,-20.0,9.884530131761577,0.01315186440499342,True,20.0,9.370172633784493,0.013873810556198329,True,-1190.2570538788834,-16.933333333333334,0.4590675703429877,99.3031722253242
2024-05-15,31.58,34.79,31.35,34.66,2196525.74,,AVAXUSDT_daily,CRYPTO,BINANCE,USDT,1,1,1,34.66,34.66,34.66,1.5868807536565843,1231,0.0,0.5,1,-20.0,52.75343034917734,0.0024642947224384104,True,-20.0,28.658956406076005,0.004536103763095806,True,-20.0,20.414155056810994,0.006368130331048245,True,-20.0,10.91533102180899,0.011909854107058972,True,-20.0,9.884530131761577,0.01315186440499342,True,20.0,9.370172633784493,0.013873810556198329,True,-1020.1546057678577,-16.933333333333334,-1.6515093941313055,97.6516628311929
2024-05-16,34.66,35.01,33.75,34.46,1449092.77,,AVAXUSDT_daily,CRYPTO,BINANCE,USDT,1,1,1,34.46,34.46,34.46,1.5868966735869978,1232,0.0,0.5,1,20.0,52.75343034917734,0.0024642947224384104,True,-20.0,28.658956406076005,0.004536103763095806,True,-20.0,20.414155056810994,0.006368130331048245,True,-20.0,10.91533102180899,0.011909854107058972,True,-20.0,9.884530131761577,0.01315186440499342,True,20.0,9.370172633784493,0.013873810556198329,True,-1031.488751859615,-8.466666666666667,0.09771109828812967,97.74937392948102
2024-05-17,34.45,37.59,34.26,36.43,2207393.25,,AVAXUSDT_daily,CRYPTO,BINANCE,USDT,1,1,1,36.43,36.43,36.43,1.6488723419385432,1233,0.0,0.5,1,20.0,52.75343034917734,0.0024642947224384104,True,-1.7197090520912273,28.658956406076005,0.004536103763095806,True,-20.0,20.414155056810994,0.006368130331048245,True,-20.0,10.91533102180899,0.011909854107058972,True,-20.0,9.884530131761577,0.01315186440499342,True,20.0,9.370172633784493,0.013873810556198329,True,-926.957703306327,-4.597338416025976,-0.48402011994583144,97.2653538095352
2024-05-18,36.43,37.66,36.34,37.24,1211992.75,,AVAXUSDT_daily,CRYPTO,BINANCE,USDT,1,1,1,37.24,37.24,37.24,1.7493315264647735,1234,0.0,0.5,1,20.0,52.75343034917734,0.0024642947224384104,True,20.0,28.658956406076005,0.004536103763095806,True,-20.0,20.414155056810994,0.006368130331048245,True,-20.0,10.91533102180899,0.011909854107058972,True,-20.0,9.884530131761577,0.01315186440499342,True,20.0,9.370172633784493,0.013873810556198329,True,-884.2168574246754,0.0,-0.10221916324405898,97.16313464629114
2024-05-19,37.23,37.76,35.37,35.6,1108974.49,,AVAXUSDT_daily,CRYPTO,BINANCE,USDT,1,1,1,35.6,35.6,35.6,1.7564463975249318,1235,0.0,0.5,1,20.0,52.75343034917734,0.0024642947224384104,True,20.0,28.658956406076005,0.004536103763095806,True,-20.0,20.414155056810994,0.006368130331048245,True,-20.0,10.91533102180899,0.011909854107058972,True,-20.0,9.884530131761577,0.01315186440499342,True,20.0,9.370172633784493,0.013873810556198329,True,-974.7396803286427,0.0,-0.0,97.16313464629114
2024-05-20,35.6,40.35,35.15,40.13,2853777.98,,AVAXUSDT_daily,CRYPTO,BINANCE,USDT,1,1,1,40.13,40.13,40.13,2.068277378834702,1236,0.0,0.5,1,20.0,52.75343034917734,0.0024642947224384104,True,20.0,28.658956406076005,0.004536103763095806,True,-20.0,20.414155056810994,0.006368130331048245,True,-20.0,10.91533102180899,0.011909854107058972,True,-20.0,9.884530131761577,0.01315186440499342,True,20.0,9.370172633784493,0.013873810556198329,True,-775.200643437794,0.0,0.0,97.16313464629114
2024-05-21,40.13,41.42,39.66,41.2,3039403.61,,AVAXUSDT_daily,CRYPTO,BINANCE,USDT,1,1,1,41.2,41.2,41.2,2.434362771912397,1237,0.0,0.5,1,20.0,52.75343034917734,0.0024642947224384104,True,20.0,28.658956406076005,0.004536103763095806,True,20.0,20.414155056810994,0.006368130331048245,True,-20.0,10.91533102180899,0.011909854107058972,True,-20.0,9.884530131761577,0.01315186440499342,True,20.0,9.370172633784493,0.013873810556198329,True,-728.4345801450049,8.466666666666667,0.0,97.16313464629114
2024-05-22,41.19,41.8,39.19,40.0,2116832.47,,AVAXUSDT_daily,CRYPTO,BINANCE,USDT,1,1,1,40.0,40.0,40.0,2.5900479572900696,1238,0.0,0.5,1,20.0,52.75343034917734,0.0024642947224384104,True,20.0,28.658956406076005,0.004536103763095806,True,20.0,20.414155056810994,0.006368130331048245,True,-20.0,10.91533102180899,0.011909854107058972,True,-20.0,9.884530131761577,0.01315186440499342,True,20.0,9.370172633784493,0.013873810556198329,True,-783.0094780770077,8.466666666666667,-0.24660194174757366,96.91653270454357
2024-05-23,40.01,40.47,36.37,38.52,3125908.9,,AVAXUSDT_daily,CRYPTO,BINANCE,USDT,1,1,1,38.52,38.52,38.52,2.6595124206890435,1239,0.0,0.5,1,20.0,52.75343034917734,0.0024642947224384104,True,20.0,28.658956406076005,0.004536103763095806,True,20.0,20.414155056810994,0.006368130331048245,True,-20.0,10.91533102180899,0.011909854107058972,True,-20.0,9.884530131761577,0.01315186440499342,True,20.0,9.370172633784493,0.013873810556198329,True,-853.3595794886542,8.466666666666667,-0.313266666666666,96.6032660378769
2024-05-24,38.52,39.0,36.91,38.01,1363527.65,,AVAXUSDT_daily,CRYPTO,BINANCE,USDT,1,1,1,38.01,38.01,38.01,2.6816324074024154,1240,0.0,0.5,1,20.0,52.75343034917734,0.0024642947224384104,True,20.0,28.658956406076005,0.004536103763095806,True,20.0,20.414155056810994,0.006368130331048245,True,-20.0,10.91533102180899,0.011909854107058972,True,-20.0,9.884530131761577,0.01315186440499342,True,20.0,9.370172633784493,0.013873810556198329,True,-878.3816820459695,8.466666666666667,-0.11209761163032263,96.49116842624659
2024-05-25,38.01,38.72,37.71,38.28,735441.75,,AVAXUSDT_daily,CRYPTO,BINANCE,USDT,1,1,1,38.28,38.28,38.28,2.714599708788975,1241,0.0,0.5,1,20.0,52.75343034917734,0.0024642947224384104,True,20.0,28.658956406076005,0.004536103763095806,True,20.0,20.414155056810994,0.006368130331048245,True,-20.0,10.91533102180899,0.011909854107058972,True,-20.0,9.884530131761577,0.01315186440499342,True,20.0,9.370172633784493,0.013873810556198329,True,-864.9581408943704,8.466666666666667,0.06014206787687583,96.55131049412347
2024-05-26,38.28,38.31,36.46,36.76,892477.39,,AVAXUSDT_daily,CRYPTO,BINANCE,USDT,1,1,1,36.76,36.76,36.76,2.7083307638332528,1242,0.0,0.5,1,-20.0,52.75343034917734,0.0024642947224384104,True,20.0,28.658956406076005,0.004536103763095806,True,20.0,20.414155056810994,0.006368130331048245,True,-20.0,10.91533102180899,0.011909854107058972,True,-20.0,9.884530131761577,0.01315186440499342,True,20.0,9.370172633784493,0.013873810556198329,True,-944.0379701832626,0.0,-0.33618948101706836,96.2151210131064
2024-05-27,36.76,38.95,36.65,38.26,1355234.36,,AVAXUSDT_daily,CRYPTO,BINANCE,USDT,1,1,1,38.26,38.26,38.26,2.748605196517972,1243,0.0,0.5,1,-20.0,52.75343034917734,0.0024642947224384104,True,20.0,28.658956406076005,0.004536103763095806,True,20.0,20.414155056810994,0.006368130331048245,True,-20.0,10.91533102180899,0.011909854107058972,True,-20.0,9.884530131761577,0.01315186440499342,True,20.0,9.370172633784493,0.013873810556198329,True,-868.5592110075313,0.0,0.0,96.2151210131064
2024-05-28,38.27,38.4,36.53,37.02,1944227.48,,AVAXUSDT_daily,CRYPTO,BINANCE,USDT,1,1,1,37.02,37.02,37.02,2.7077450319231575,1244,0.0,0.5,1,-20.0,52.75343034917734,0.0024642947224384104,True,20.0,28.658956406076005,0.004536103763095806,True,6.284901904998196,20.414155056810994,0.006368130331048245,True,-20.0,10.91533102180899,0.011909854107058972,True,-20.0,9.884530131761577,0.01315186440499342,True,20.0,9.370172633784493,0.013873810556198329,True,-933.6454249879996,-2.9030290967753825,-0.0,96.2151210131064
2024-05-29,37.02,37.5,36.14,36.2,1410140.99,,AVAXUSDT_daily,CRYPTO,BINANCE,USDT,1,1,1,36.2,36.2,36.2,2.692453146737789,1245,0.0,0.5,1,-20.0,52.75343034917734,0.0024642947224384104,True,-20.0,28.658956406076005,0.004536103763095806,True,-20.0,20.414155056810994,0.006368130331048245,True,-20.0,10.91533102180899,0.011909854107058972,True,-20.0,9.884530131761577,0.01315186440499342,True,20.0,9.370172633784493,0.013873810556198329,True,-978.3390442344771,-16.933333333333334,0.06430264341857939,96.27942365652498
2024-05-30,36.2,37.09,35.3,35.98,1589093.3,,AVAXUSDT_daily,CRYPTO,BINANCE,USDT,1,1,1,35.98,35.98,35.98,2.6218954573902216,1246,0.0,0.5,1,-20.0,52.75343034917734,0.0024642947224384104,True,-20.0,28.658956406076005,0.004536103763095806,True,-20.0,20.414155056810994,0.006368130331048245,True,-20.0,10.91533102180899,0.011909854107058972,True,-20.0,9.884530131761577,0.01315186440499342,True,20.0,9.370172633784493,0.013873810556198329,True,-990.6416372666802,-16.933333333333334,0.10290976058932229,96.38233341711431
2024-05-31,35.98,36.79,35.2,36.02,1109882.27,,AVAXUSDT_daily,CRYPTO,BINANCE,USDT,1,1,1,36.02,36.02,36.02,2.529919647155304,1247,0.0,0.5,1,-20.0,52.75343034917734,0.0024642947224384104,True,-20.0,28.658956406076005,0.004536103763095806,True,-20.0,20.414155056810994,0.006368130331048245,True,-20.0,10.91533102180899,0.011909854107058972,True,-20.0,9.884530131761577,0.01315186440499342,True,20.0,9.370172633784493,0.013873810556198329,True,-988.3630472469202,-16.933333333333334,-0.018825273299985165,96.36350814381433
2024-06-01,36.04,36.22,35.7,35.76,480351.19,,AVAXUSDT_daily,CRYPTO,BINANCE,USDT,1,1,1,35.76,35.76,35.76,2.406277481048113,1248,0.0,0.5,1,-20.0,52.75343034917734,0.0024642947224384104,True,-20.0,28.658956406076005,0.004536103763095806,True,-20.0,20.414155056810994,0.006368130331048245,True,-20.0,10.91533102180899,0.011909854107058972,True,-20.0,9.884530131761577,0.01315186440499342,True,20.0,9.370172633784493,0.013873810556198329,True,-1003.5674336300328,-16.933333333333334,0.12222839163427902,96.48573653544861
2024-06-02,35.76,36.18,34.77,34.91,948549.12,,AVAXUSDT_daily,CRYPTO,BINANCE,USDT,1,1,1,34.91,34.91,34.91,2.2337127459878805,1249,0.0,0.5,1,-20.0,52.75343034917734,0.0024642947224384104,True,-20.0,28.658956406076005,0.004536103763095806,True,-20.0,20.414155056810994,0.006368130331048245,True,-20.0,10.91533102180899,0.011909854107058972,True,-20.0,9.884530131761577,0.01315186440499342,True,20.0,9.370172633784493,0.013873810556198329,True,-1055.186034221408,-16.933333333333334,0.4024981357196127,96.88823467116822
2024-06-03,34.91,36.27,34.56,35.03,1502543.1,,AVAXUSDT_daily,CRYPTO,BINANCE,USDT,1,1,1,35.03,35.03,35.03,1.9158268106566443,1250,0.0,0.5,1,-20.0,52.75343034917734,0.0024642947224384104,True,-20.0,28.658956406076005,0.004536103763095806,True,-20.0,20.414155056810994,0.006368130331048245,True,-20.0,10.91533102180899,0.011909854107058972,True,-20.0,9.884530131761577,0.01315186440499342,True,20.0,9.370172633784493,0.013873810556198329,True,-1047.786856518175,-16.933333333333334,-0.058206817530796866,96.83002785363742
2024-06-04,35.03,36.29,34.41,36.06,1295062.99,,AVAXUSDT_daily,CRYPTO,BINANCE,USDT,1,1,1,36.06,36.06,36.06,1.849347751309339,1251,0.0,0.5,1,-20.0,52.75343034917734,0.0024642947224384104,True,-20.0,28.658956406076005,0.004536103763095806,True,-20.0,20.414155056810994,0.006368130331048245,True,-20.0,10.91533102180899,0.011909854107058972,True,-20.0,9.884530131761577,0.01315186440499342,True,20.0,9.370172633784493,0.013873810556198329,True,-985.6343788587916,-16.933333333333334,-0.49789704063184137,96.33213081300558
2024-06-05,36.07,36.91,35.93,36.57,1320551.18,,AVAXUSDT_daily,CRYPTO,BINANCE,USDT,1,1,1,36.57,36.57,36.57,1.7486503065926549,1252,0.0,0.5,1,20.0,52.75343034917734,0.0024642947224384104,True,-20.0,28.658956406076005,0.004536103763095806,True,-20.0,20.414155056810994,0.006368130331048245,True,-20.0,10.91533102180899,0.011909854107058972,True,-20.0,9.884530131761577,0.01315186440499342,True,20.0,9.370172633784493,0.013873810556198329,True,-954.790325462026,-8.466666666666667,-0.23948973932334977,96.09264107368223
2024-06-06,36.58,37.2,35.72,35.89,1130097.72,,AVAXUSDT_daily,CRYPTO,BINANCE,USDT,1,1,1,35.89,35.89,35.89,1.7652392114651079,1253,0.0,0.5,1,-20.0,52.75343034917734,0.0024642947224384104,True,-20.0,28.658956406076005,0.004536103763095806,True,-20.0,20.414155056810994,0.006368130331048245,True,-20.0,10.91533102180899,0.011909854107058972,True,-20.0,9.884530131761577,0.01315186440499342,True,20.0,9.370172633784493,0.013873810556198329,True,-997.2827079097526,-16.933333333333334,0.15743323306899998,96.25007430675123
2024-06-07,35.89,36.89,30.9,33.51,2946397.48,,AVAXUSDT_daily,CRYPTO,BINANCE,USDT,1,1,1,33.51,33.51,33.51,1.9455116361321383,1254,0.0,0.5,1,-20.0,52.75343034917734,0.0024642947224384104,True,-20.0,28.658956406076005,0.004536103763095806,True,-20.0,20.414155056810994,0.006368130331048245,True,-20.0,10.91533102180899,0.011909854107058972,True,-20.0,9.884530131761577,0.01315186440499342,True,20.0,9.370172633784493,0.013873810556198329,True,-1151.2545232118196,-16.933333333333334,1.1229126033249752,97.37298691007621
2024-06-08,33.51,33.73,31.92,32.27,1168309.91,,AVAXUSDT_daily,CRYPTO,BINANCE,USDT,1,1,1,32.27,32.27,32.27,2.1966143805529175,1255,0.0,0.5,1,-20.0,52.75343034917734,0.0024642947224384104,True,-20.0,28.658956406076005,0.004536103763095806,True,-20.0,20.414155056810994,0.006368130331048245,True,-20.0,10.91533102180899,0.011909854107058972,True,-20.0,9.884530131761577,0.01315186440499342,True,20.0,9.370172633784493,0.013873810556198329,True,-1235.0984082098332,-16.933333333333334,0.6265990251666149,97.99958593524282
2024-06-09,32.27,33.02,32.04,32.98,601496.64,,AVAXUSDT_daily,CRYPTO,BINANCE,USDT,1,1,1,32.98,32.98,32.98,2.2111708615476027,1256,0.0,0.5,1,-20.0,52.75343034917734,0.0024642947224384104,True,-20.0,28.658956406076005,0.004536103763095806,True,-20.0,20.414155056810994,0.006368130331048245,True,-20.0,10.91533102180899,0.011909854107058972,True,-20.0,9.884530131761577,0.01315186440499342,True,20.0,9.370172633784493,0.013873810556198329,True,-1187.6945147036895,-16.933333333333334,-0.37256481768412014,97.6270211175587
2024-06-10,32.99,33.47,32.02,32.28,1131273.21,,AVAXUSDT_daily,CRYPTO,BINANCE,USDT,1,1,1,32.28,32.28,32.28,2.1019977339887976,1257,0.0,0.5,1,-20.0,52.75343034917734,0.0024642947224384104,True,-20.0,28.658956406076005,0.004536103763095806,True,-20.0,20.414155056810994,0.006368130331048245,True,-20.0,10.91533102180899,0.011909854107058972,True,-20.0,9.884530131761577,0.01315186440499342,True,20.0,9.370172633784493,0.013873810556198329,True,-1236.1788924698944,-16.933333333333334,0.3594097432787535,97.98643086083746
2024-06-11,32.28,32.38,30.59,31.55,1847318.93,,AVAXUSDT_daily,CRYPTO,BINANCE,USDT,1,1,1,31.55,31.55,31.55,2.1081773120298077,1258,0.0,0.5,1,-20.0,52.75343034917734,0.0024642947224384104,True,-20.0,28.658956406076005,0.004536103763095806,True,-20.0,20.414155056810994,0.006368130331048245,True,-20.0,10.91533102180899,0.011909854107058972,True,-20.0,9.884530131761577,0.01315186440499342,True,20.0,9.370172633784493,0.013873810556198329,True,-1288.6813872933526,-16.933333333333334,0.3829409334985548,98.36937179433602
2024-06-12,31.56,33.99,30.79,33.27,1877715.47,,AVAXUSDT_daily,CRYPTO,BINANCE,USDT,1,1,1,33.27,33.27,33.27,2.0506057513277125,1259,0.0,0.5,1,-20.0,52.75343034917734,0.0024642947224384104,True,-20.0,28.658956406076005,0.004536103763095806,True,-20.0,20.414155056810994,0.006368130331048245,True,-20.0,10.91533102180899,0.011909854107058972,True,-20.0,9.884530131761577,0.01315186440499342,True,20.0,9.370172633784493,0.013873810556198329,True,-1174.697384213632,-16.933333333333334,-0.9231484416270501,97.44622335270897
2024-06-13,33.27,33.44,30.92,30.99,1377426.4,,AVAXUSDT_daily,CRYPTO,BINANCE,USDT,1,1,1,30.99,30.99,30.99,2.1654086158723262,1260,0.0,0.5,1,-20.0,52.75343034917734,0.0024642947224384104,True,-20.0,28.658956406076005,0.004536103763095806,True,-20.0,20.414155056810994,0.006368130331048245,True,-20.0,10.91533102180899,0.011909854107058972,True,-20.0,9.884530131761577,0.01315186440499342,True,20.0,9.370172633784493,0.013873810556198329,True,-1331.9563586345187,-16.933333333333334,1.160444845205893,98.60666819791486
2024-06-14,31.0,32.21,29.29,30.29,2200667.62,,AVAXUSDT_daily,CRYPTO,BINANCE,USDT,1,1,1,30.29,30.29,30.29,2.259447999660053,1261,0.0,0.5,1,-20.0,52.75343034917734,0.0024642947224384104,True,-20.0,28.658956406076005,0.004536103763095806,True,-20.0,20.414155056810994,0.006368130331048245,True,-20.0,10.91533102180899,0.011909854107058972,True,-20.0,9.884530131761577,0.01315186440499342,True,20.0,9.370172633784493,0.013873810556198329,True,-1382.161591595409,-16.933333333333334,0.38248897493815154,98.98915717285301
2024-06-15,30.29,30.65,29.91,30.01,647613.47,,AVAXUSDT_daily,CRYPTO,BINANCE,USDT,1,1,1,30.01,30.01,30.01,2.415426027587429,1262,0.0,0.5,1,-20.0,52.75343034917734,0.0024642947224384104,True,-20.0,28.658956406076005,0.004536103763095806,True,-20.0,20.414155056810994,0.006368130331048245,True,-20.0,10.91533102180899,0.011909854107058972,True,-20.0,9.884530131761577,0.01315186440499342,True,20.0,9.370172633784493,0.013873810556198329,True,-1402.8152530363573,-16.933333333333334,0.15653130846263819,99.14568848131564
2024-06-16,30.01,30.48,29.66,30.08,951476.4,,AVAXUSDT_daily,CRYPTO,BINANCE,USDT,1,1,1,30.08,30.08,30.08,2.391782587815707,1263,0.0,0.5,1,-20.0,52.75343034917734,0.0024642947224384104,True,-20.0,28.658956406076005,0.004536103763095806,True,-20.0,20.414155056810994,0.006368130331048245,True,-20.0,10.91533102180899,0.011909854107058972,True,-20.0,9.884530131761577,0.01315186440499342,True,20.0,9.370172633784493,0.013873810556198329,True,-1397.5742932391377,-16.933333333333334,-0.039497945129398256,99.10619053618625
2024-06-17,30.07,30.35,27.29,28.47,1975971.78,,AVAXUSDT_daily,CRYPTO,BINANCE,USDT,1,1,1,28.47,28.47,28.47,2.55105839748494,1264,0.0,0.5,1,-20.0,52.75343034917734,0.0024642947224384104,True,-20.0,28.658956406076005,0.004536103763095806,True,-20.0,20.414155056810994,0.006368130331048245,True,-20.0,10.91533102180899,0.011909854107058972,True,-20.0,9.884530131761577,0.01315186440499342,True,20.0,9.370172633784493,0.013873810556198329,True,-1523.8581263029666,-16.933333333333334,0.9063386524822697,100.01252918866852
2024-06-18,28.47,28.54,24.94,26.6,2809030.18,,AVAXUSDT_daily,CRYPTO,BINANCE,USDT,1,1,1,26.6,26.6,26.6,2.8796681095332284,1265,0.0,0.5,1,-20.0,52.75343034917734,0.0024642947224384104,True,-20.0,28.658956406076005,0.004536103763095806,True,-20.0,20.414155056810994,0.006368130331048245,True,-20.0,10.91533102180899,0.011909854107058972,True,-20.0,9.884530131761577,0.01315186440499342,True,20.0,9.370172633784493,0.013873810556198329,True,-1677.9006513658962,-16.933333333333334,1.1122351012761948,101.12476428994472
2024-06-19,26.6,27.67,26.38,26.94,1296859.97,,AVAXUSDT_daily,CRYPTO,BINANCE,USDT,1,1,1,26.94,26.94,26.94,3.0777339579306653,1266,0.0,0.5,1,-20.0,52.75343034917734,0.0024642947224384104,True,-20.0,28.658956406076005,0.004536103763095806,True,-20.0,20.414155056810994,0.006368130331048245,True,-20.0,10.91533102180899,0.011909854107058972,True,-20.0,9.884530131761577,0.01315186440499342,True,20.0,9.370172633784493,0.013873810556198329,True,-1649.9579751765675,-16.933333333333334,-0.21644110275689343,100.90832318718783
2024-06-20,26.95,28.89,26.67,27.58,1873349.75,,AVAXUSDT_daily,CRYPTO,BINANCE,USDT,1,1,1,27.58,27.58,27.58,3.1438487977585714,1267,0.0,0.5,1,-20.0,52.75343034917734,0.0024642947224384104,True,-20.0,28.658956406076005,0.004536103763095806,True,-20.0,20.414155056810994,0.006368130331048245,True,-20.0,10.91533102180899,0.011909854107058972,True,-20.0,9.884530131761577,0.01315186440499342,True,20.0,9.370172633784493,0.013873810556198329,True,-1598.4267574965806,-16.933333333333334,-0.40227666419202956,100.5060465229958
2024-06-21,27.58,28.03,26.93,27.48,1411878.18,,AVAXUSDT_daily,CRYPTO,BINANCE,USDT,1,1,1,27.48,27.48,27.48,3.174884332747564,1268,0.0,0.5,1,-20.0,52.75343034917734,0.0024642947224384104,True,-20.0,28.658956406076005,0.004536103763095806,True,-20.0,20.414155056810994,0.006368130331048245,True,-20.0,10.91533102180899,0.011909854107058972,True,-20.0,9.884530131761577,0.01315186440499342,True,8.801790718545014,9.370172633784493,0.013873810556198329,True,-1606.6551893566323,-19.303620964574637,0.061397147691561973,100.56744367068737
2024-06-22,27.48,27.5,24.52,25.61,3754180.61,,AVAXUSDT_daily,CRYPTO,BINANCE,USDT,1,1,1,25.61,25.61,25.61,3.3468305509619554,1269,0.0,0.5,1,-20.0,52.75343034917734,0.0024642947224384104,True,-20.0,28.658956406076005,0.004536103763095806,True,-20.0,20.414155056810994,0.006368130331048245,True,-20.0,10.91533102180899,0.011909854107058972,True,-20.0,9.884530131761577,0.01315186440499342,True,-20.0,9.370172633784493,0.013873810556198329,True,-1767.766612995553,-20.0,1.3136015721890322,101.8810452428764
2024-06-23,25.62,26.15,24.12,25.09,2992605.46,,AVAXUSDT_daily,CRYPTO,BINANCE,USDT,1,1,1,25.09,25.09,25.09,3.4793411354525654,1270,0.0,0.5,1,-20.0,52.75343034917734,0.0024642947224384104,True,-20.0,28.658956406076005,0.004536103763095806,True,-20.0,20.414155056810994,0.006368130331048245,True,-20.0,10.91533102180899,0.011909854107058972,True,-20.0,9.884530131761577,0.01315186440499342,True,-20.0,9.370172633784493,0.013873810556198329,True,-1814.3254726987504,-20.0,0.40609137055837463,102.28713661343477
2024-06-24,25.08,25.25,23.51,24.8,3210819.75,,AVAXUSDT_daily,CRYPTO,BINANCE,USDT,1,1,1,24.8,24.8,24.8,3.473289204017876,1271,0.0,0.5,1,-20.0,52.75343034917734,0.0024642947224384104,True,-20.0,28.658956406076005,0.004536103763095806,True,-20.0,20.414155056810994,0.006368130331048245,True,-20.0,10.91533102180899,0.011909854107058972,True,-20.0,9.884530131761577,0.01315186440499342,True,-20.0,9.370172633784493,0.013873810556198329,True,-1841.0817709486678,-20.0,0.23116779593463477,102.5183044093694
2024-06-25,24.79,25.79,24.58,25.4,1484143.35,,AVAXUSDT_daily,CRYPTO,BINANCE,USDT,1,1,1,25.4,25.4,25.4,3.272630480694121,1272,0.0,0.5,1,-20.0,52.75343034917734,0.0024642947224384104,True,-20.0,28.658956406076005,0.004536103763095806,True,-20.0,20.414155056810994,0.006368130331048245,True,-20.0,10.91533102180899,0.011909854107058972,True,-20.0,9.884530131761577,0.01315186440499342,True,-20.0,9.370172633784493,0.013873810556198329,True,-1787.0578694942863,-20.0,-0.48387096774193505,102.03443344162747
2024-06-26,25.4,26.66,25.28,25.82,2304629.01,,AVAXUSDT_daily,CRYPTO,BINANCE,USDT,1,1,1,25.82,25.82,25.82,3.0107682181078435,1273,0.0,0.5,1,-20.0,52.75343034917734,0.0024642947224384104,True,-20.0,28.658956406076005,0.004536103763095806,True,-20.0,20.414155056810994,0.006368130331048245,True,-20.0,10.91533102180899,0.011909854107058972,True,-20.0,9.884530131761577,0.01315186440499342,True,-20.0,9.370172633784493,0.013873810556198329,True,-1749.557288308545,-20.0,-0.3307086614173249,101.70372478021015
2024-06-27,25.82,28.38,25.36,27.91,2306236.79,,AVAXUSDT_daily,CRYPTO,BINANCE,USDT,1,1,1,27.91,27.91,27.91,2.829180465306794,1274,0.0,0.5,1,20.0,52.75343034917734,0.0024642947224384104,True,-20.0,28.658956406076005,0.004536103763095806,True,-20.0,20.414155056810994,0.006368130331048245,True,-20.0,10.91533102180899,0.011909854107058972,True,-20.0,9.884530131761577,0.01315186440499342,True,-20.0,9.370172633784493,0.013873810556198329,True,-1590.3183312925903,-16.933333333333334,-1.6189000774593332,100.08482470275082
2024-06-28,27.91,29.09,27.66,27.96,2075840.6,,AVAXUSDT_daily,CRYPTO,BINANCE,USDT,1,1,1,27.96,27.96,27.96,2.7102815449030393,1275,0.0,0.5,1,20.0,52.75343034917734,0.0024642947224384104,True,-20.0,28.658956406076005,0.004536103763095806,True,-20.0,20.414155056810994,0.006368130331048245,True,-20.0,10.91533102180899,0.011909854107058972,True,-20.0,9.884530131761577,0.01315186440499342,True,-20.0,9.370172633784493,0.013873810556198329,True,-1586.4436789869912,-16.933333333333334,-0.030335602531946827,100.05448910021887
2024-06-29,27.96,28.68,27.57,27.76,1083357.0,,AVAXUSDT_daily,CRYPTO,BINANCE,USDT,1,1,1,27.76,27.76,27.76,2.505374171027664,1276,0.0,0.5,1,20.0,52.75343034917734,0.0024642947224384104,True,-20.0,28.658956406076005,0.004536103763095806,True,-20.0,20.414155056810994,0.006368130331048245,True,-20.0,10.91533102180899,0.011909854107058972,True,-20.0,9.884530131761577,0.01315186440499342,True,-20.0,9.370172633784493,0.013873810556198329,True,-1602.349000617905,-16.933333333333334,0.12112541726275626,100.17561451748163
2024-06-30,27.77,29.57,27.4,29.36,1537329.37,,AVAXUSDT_daily,CRYPTO,BINANCE,USDT,1,1,1,29.36,29.36,29.36,2.340556108010936,1277,0.0,0.5,1,20.0,52.75343034917734,0.0024642947224384104,True,-5.323327954640558,28.658956406076005,0.004536103763095806,True,-20.0,20.414155056810994,0.006368130331048245,True,-20.0,10.91533102180899,0.011909854107058972,True,-20.0,9.884530131761577,0.01315186440499342,True,-20.0,9.370172633784493,0.013873810556198329,True,-1485.0441594992258,-13.826771083732252,-0.9759846301633028,99.19962988731834
2024-07-01,29.36,30.12,28.81,28.83,1691942.47,,AVAXUSDT_daily,CRYPTO,BINANCE,USDT,1,1,1,28.83,28.83,28.83,2.207763514702735,1278,0.0,0.5,1,20.0,52.75343034917734,0.0024642947224384104,True,20.0,28.658956406076005,0.004536103763095806,True,-20.0,20.414155056810994,0.006368130331048245,True,-20.0,10.91533102180899,0.011909854107058972,True,-20.0,9.884530131761577,0.01315186440499342,True,-20.0,9.370172633784493,0.013873810556198329,True,-1525.2229797713824,-8.466666666666667,0.24959770689298766,99.44922759421132
2024-07-02,28.83,28.91,28.09,28.71,1535912.34,,AVAXUSDT_daily,CRYPTO,BINANCE,USDT,1,1,1,28.71,28.71,28.71,1.8412766595089918,1279,0.0,0.5,1,20.0,52.75343034917734,0.0024642947224384104,True,20.0,28.658956406076005,0.004536103763095806,True,-20.0,20.414155056810994,0.006368130331048245,True,-20.0,10.91533102180899,0.011909854107058972,True,-20.0,9.884530131761577,0.01315186440499342,True,-20.0,9.370172633784493,0.013873810556198329,True,-1534.5302775700486,-8.466666666666667,0.03524106833159869,99.48446866254292
2024-07-03,28.72,28.97,26.43,26.51,2084008.75,,AVAXUSDT_daily,CRYPTO,BINANCE,USDT,1,1,1,26.51,26.51,26.51,1.6976965044032857,1280,0.0,0.5,1,-20.0,52.75343034917734,0.0024642947224384104,True,-20.0,28.658956406076005,0.004536103763095806,True,-20.0,20.414155056810994,0.006368130331048245,True,-20.0,10.91533102180899,0.011909854107058972,True,-20.0,9.884530131761577,0.01315186440499342,True,-20.0,9.370172633784493,0.013873810556198329,True,-1710.8284074769037,-20.0,0.6487867177522348,100.13325538029515
2024-07-04,26.51,26.7,24.28,24.44,2122362.53,,AVAXUSDT_daily,CRYPTO,BINANCE,USDT,1,1,1,24.44,24.44,24.44,1.7066051249899916,1281,0.0,0.5,1,-20.0,52.75343034917734,0.0024642947224384104,True,-20.0,28.658956406076005,0.004536103763095806,True,-20.0,20.414155056810994,0.006368130331048245,True,-20.0,10.91533102180899,0.011909854107058972,True,-20.0,9.884530131761577,0.01315186440499342,True,-20.0,9.370172633784493,0.013873810556198329,True,-1884.5638606166187,-20.0,1.5616748396831381,101.69493021997829
2024-07-05,24.43,25.44,21.8,25.13,4416833.2,,AVAXUSDT_daily,CRYPTO,BINANCE,USDT,1,1,1,25.13,25.13,25.13,1.641553821042419,1282,0.0,0.5,1,-20.0,52.75343034917734,0.0024642947224384104,True,-20.0,28.658956406076005,0.004536103763095806,True,-20.0,20.414155056810994,0.006368130331048245,True,-20.0,10.91533102180899,0.011909854107058972,True,-20.0,9.884530131761577,0.01315186440499342,True,-20.0,9.370172633784493,0.013873810556198329,True,-1827.9752708854849,-20.0,-0.5646481178396057,101.13028210213868
2024-07-06,25.13,27.61,24.84,27.41,1273710.29,,AVAXUSDT_daily,CRYPTO,BINANCE,USDT,1,1,1,27.41,27.41,27.41,1.4806238905521258,1283,0.0,0.5,1,-20.0,52.75343034917734,0.0024642947224384104,True,-20.0,28.658956406076005,0.004536103763095806,True,-20.0,20.414155056810994,0.006368130331048245,True,-20.0,10.91533102180899,0.011909854107058972,True,-20.0,9.884530131761577,0.01315186440499342,True,-20.0,9.370172633784493,0.013873810556198329,True,-1668.0903682021337,-20.0,-1.8145642658177508,99.31571783632093
2024-07-07,27.41,27.49,25.46,25.75,1523225.99,,AVAXUSDT_daily,CRYPTO,BINANCE,USDT,1,1,1,25.75,25.75,25.75,1.4525602623643672,1284,0.0,0.5,1,-20.0,52.75343034917734,0.0024642947224384104,True,-20.0,28.658956406076005,0.004536103763095806,True,-20.0,20.414155056810994,0.006368130331048245,True,-20.0,10.91533102180899,0.011909854107058972,True,-20.0,9.884530131761577,0.01315186440499342,True,-20.0,9.370172633784493,0.013873810556198329,True,-1790.9743224362587,-20.0,1.211236774899671,100.5269546112206
2024-07-08,25.75,27.21,24.53,25.21,3013924.84,,AVAXUSDT_daily,CRYPTO,BINANCE,USDT,1,1,1,25.21,25.21,25.21,1.4930311802751237,1285,0.0,0.5,1,-20.0,52.75343034917734,0.0024642947224384104,True,-20.0,28.658956406076005,0.004536103763095806,True,-20.0,20.414155056810994,0.006368130331048245,True,-20.0,10.91533102180899,0.011909854107058972,True,-20.0,9.884530131761577,0.01315186440499342,True,-20.0,9.370172633784493,0.013873810556198329,True,-1832.5599209065183,-20.0,0.41941747572815435,100.94637208694876
2024-07-09,25.21,26.5,24.71,26.43,2301249.16,,AVAXUSDT_daily,CRYPTO,BINANCE,USDT,1,1,1,26.43,26.43,26.43,1.4928019398398167,1286,0.0,0.5,1,-20.0,52.75343034917734,0.0024642947224384104,True,-20.0,28.658956406076005,0.004536103763095806,True,-20.0,20.414155056810994,0.006368130331048245,True,-20.0,10.91533102180899,0.011909854107058972,True,-20.0,9.884530131761577,0.01315186440499342,True,-20.0,9.370172633784493,0.013873810556198329,True,-1743.4431616757138,-20.0,-0.9678698928996399,99.97850219404911
2024-07-10,26.43,27.42,25.63,25.75,1444884.87,,AVAXUSDT_daily,CRYPTO,BINANCE,USDT,1,1,1,25.75,25.75,25.75,1.4894916123189397,1287,0.0,0.5,1,-20.0,52.75343034917734,0.0024642947224384104,True,-20.0,28.658956406076005,0.004536103763095806,True,-20.0,20.414155056810994,0.006368130331048245,True,-20.0,10.91533102180899,0.011909854107058972,True,-20.0,9.884530131761577,0.01315186440499342,True,-20.0,9.370172633784493,0.013873810556198329,True,-1795.2370445206984,-20.0,0.5145667801740439,100.49306897422316
2024-07-11,25.75,26.38,25.01,25.21,2064310.7,,AVAXUSDT_daily,CRYPTO,BINANCE,USDT,1,1,1,25.21,25.21,25.21,1.5027675346401663,1288,0.0,0.5,1,-20.0,52.75343034917734,0.0024642947224384104,True,-20.0,28.658956406076005,0.004536103763095806,True,-20.0,20.414155056810994,0.006368130331048245,True,-20.0,10.91533102180899,0.011909854107058972,True,-20.0,9.884530131761577,0.01315186440499342,True,-20.0,9.370172633784493,0.013873810556198329,True,-1837.9936550729733,-20.0,0.41941747572815435,100.91248644995132
2024-07-12,25.19,26.1,24.82,25.96,1236543.8,,AVAXUSDT_daily,CRYPTO,BINANCE,USDT,1,1,1,25.96,25.96,25.96,1.4944303614667847,1289,0.0,0.5,1,-20.0,52.75343034917734,0.0024642947224384104,True,-20.0,28.658956406076005,0.004536103763095806,True,-20.0,20.414155056810994,0.006368130331048245,True,-20.0,10.91533102180899,0.011909854107058972,True,-20.0,9.884530131761577,0.01315186440499342,True,-20.0,9.370172633784493,0.013873810556198329,True,-1779.847791675268,-20.0,-0.5950019833399445,100.31748446661138
2024-07-13,25.97,26.34,25.53,25.86,1755388.94,,AVAXUSDT_daily,CRYPTO,BINANCE,USDT,1,1,1,25.86,25.86,25.86,1.466612548845685,1290,0.0,0.5,1,-20.0,52.75343034917734,0.0024642947224384104,True,-20.0,28.658956406076005,0.004536103763095806,True,-20.0,20.414155056810994,0.006368130331048245,True,-20.0,10.91533102180899,0.011909854107058972,True,-20.0,9.884530131761577,0.01315186440499342,True,-20.0,9.370172633784493,0.013873810556198329,True,-1787.785874232733,-20.0,0.07704160246533309,100.3945260690767
2024-07-14,25.85,26.67,25.6,26.35,1493849.24,,AVAXUSDT_daily,CRYPTO,BINANCE,USDT,1,1,1,26.35,26.35,26.35,1.4113808095210387,1291,0.0,0.5,1,20.0,52.75343034917734,0.0024642947224384104,True,-20.0,28.658956406076005,0.004536103763095806,True,-20.0,20.414155056810994,0.006368130331048245,True,-20.0,10.91533102180899,0.011909854107058972,True,-20.0,9.884530131761577,0.01315186440499342,True,-20.0,9.370172633784493,0.013873810556198329,True,-1749.055313616776,-16.933333333333334,-0.37896365042537017,100.01556241865133
2024-07-15,26.35,27.89,26.27,27.82,2252819.9,,AVAXUSDT_daily,CRYPTO,BINANCE,USDT,1,1,1,27.82,27.82,27.82,1.4079021347605096,1292,0.0,0.5,1,20.0,52.75343034917734,0.0024642947224384104,True,20.0,28.658956406076005,0.004536103763095806,True,-20.0,20.414155056810994,0.006368130331048245,True,-20.0,10.91533102180899,0.011909854107058972,True,-20.0,9.884530131761577,0.01315186440499342,True,-20.0,9.370172633784493,0.013873810556198329,True,-1640.5839538687922,-8.466666666666667,-0.9446679316888027,99.07089448696253
2024-07-16,27.83,29.25,26.47,28.01,2956440.06,,AVAXUSDT_daily,CRYPTO,BINANCE,USDT,1,1,1,28.01,28.01,28.01,1.420230800372372,1293,0.0,0.5,1,20.0,52.75343034917734,0.0024642947224384104,True,20.0,28.658956406076005,0.004536103763095806,True,-20.0,20.414155056810994,0.006368130331048245,True,-20.0,10.91533102180899,0.011909854107058972,True,-20.0,9.884530131761577,0.01315186440499342,True,-20.0,9.370172633784493,0.013873810556198329,True,-1626.388199832795,-8.466666666666667,-0.05782410735681761,99.01307037960571
2024-07-17,28.01,29.03,27.21,27.24,2275728.47,,AVAXUSDT_daily,CRYPTO,BINANCE,USDT,1,1,1,27.24,27.24,27.24,1.400900086602232,1294,0.0,0.5,1,20.0,52.75343034917734,0.0024642947224384104,True,20.0,28.658956406076005,0.004536103763095806,True,-20.0,20.414155056810994,0.006368130331048245,True,-20.0,10.91533102180899,0.011909854107058972,True,-20.0,9.884530131761577,0.01315186440499342,True,-20.0,9.370172633784493,0.013873810556198329,True,-1686.1535298969688,-8.466666666666667,0.2327502082589564,99.24582058786467
2024-07-18,27.24,27.94,26.59,27.14,1688798.14,,AVAXUSDT_daily,CRYPTO,BINANCE,USDT,1,1,1,27.14,27.14,27.14,1.3764882854607101,1295,0.0,0.5,1,20.0,52.75343034917734,0.0024642947224384104,True,20.0,28.658956406076005,0.004536103763095806,True,-20.0,20.414155056810994,0.006368130331048245,True,-20.0,10.91533102180899,0.011909854107058972,True,-20.0,9.884530131761577,0.01315186440499342,True,-20.0,9.370172633784493,0.013873810556198329,True,-1694.0938045183748,-8.466666666666667,0.03108174253548633,99.27690233040016
2024-07-19,27.13,28.41,26.65,28.16,2176432.94,,AVAXUSDT_daily,CRYPTO,BINANCE,USDT,1,1,1,28.16,28.16,28.16,1.3948114379295091,1296,0.0,0.5,1,20.0,52.75343034917734,0.0024642947224384104,True,20.0,28.658956406076005,0.004536103763095806,True,-20.0,20.414155056810994,0.006368130331048245,True,-20.0,10.91533102180899,0.011909854107058972,True,-20.0,9.884530131761577,0.01315186440499342,True,-20.0,9.370172633784493,0.013873810556198329,True,-1615.8153100077948,-8.466666666666667,-0.3182019159911567,98.95870041440901
2024-07-20,28.17,29.18,27.78,29.11,1467397.44,,AVAXUSDT_daily,CRYPTO,BINANCE,USDT,1,1,1,29.11,29.11,29.11,1.3712432891012818,1297,0.0,0.5,1,20.0,52.75343034917734,0.0024642947224384104,True,20.0,28.658956406076005,0.004536103763095806,True,-20.0,20.414155056810994,0.006368130331048245,True,-20.0,10.91533102180899,0.011909854107058972,True,-20.0,9.884530131761577,0.01315186440499342,True,-20.0,9.370172633784493,0.013873810556198329,True,-1544.7592883889172,-8.466666666666667,-0.28562973484848453,98.67307067956052
2024-07-21,29.1,33.0,28.54,32.64,4881628.18,,AVAXUSDT_daily,CRYPTO,BINANCE,USDT,1,1,1,32.64,32.64,32.64,1.8546431065415598,1298,0.0,0.5,1,20.0,52.75343034917734,0.0024642947224384104,True,20.0,28.658956406076005,0.004536103763095806,True,20.0,20.414155056810994,0.006368130331048245,True,-20.0,10.91533102180899,0.011909854107058972,True,-20.0,9.884530131761577,0.01315186440499342,True,-20.0,9.370172633784493,0.013873810556198329,True,-1335.303321615604,0.0,-1.0267033092866136,97.64636737027391
2024-07-22,32.64,32.95,31.32,31.87,2823413.4,,AVAXUSDT_daily,CRYPTO,BINANCE,USDT,1,1,1,31.87,31.87,31.87,2.127692102777341,1299,0.0,0.5,1,20.0,52.75343034917734,0.0024642947224384104,True,20.0,28.658956406076005,0.004536103763095806,True,20.0,20.414155056810994,0.006368130331048245,True,-20.0,10.91533102180899,0.011909854107058972,True,-20.0,9.884530131761577,0.01315186440499342,True,-20.0,9.370172633784493,0.013873810556198329,True,-1382.5551369872921,0.0,-0.0,97.64636737027391
2024-07-23,31.87,32.63,29.43,29.82,2989620.04,,AVAXUSDT_daily,CRYPTO,BINANCE,USDT,1,1,1,29.82,29.82,29.82,2.206651368741428,1300,0.0,0.5,1,20.0,52.75343034917734,0.0024642947224384104,True,20.0,28.658956406076005,0.004536103763095806,True,20.0,20.414155056810994,0.006368130331048245,True,-20.0,10.91533102180899,0.011909854107058972,True,-20.0,9.884530131761577,0.01315186440499342,True,-20.0,9.370172633784493,0.013873810556198329,True,-1513.6137713840599,0.0,-0.0,97.64636737027391
2024-07-24,29.82,30.55,28.26,28.38,2813233.19,,AVAXUSDT_daily,CRYPTO,BINANCE,USDT,1,1,1,28.38,28.38,28.38,2.1151007814759044,1301,0.0,0.5,1,-20.0,52.75343034917734,0.0024642947224384104,True,20.0,28.658956406076005,0.004536103763095806,True,20.0,20.414155056810994,0.006368130331048245,True,-20.0,10.91533102180899,0.011909854107058972,True,-20.0,9.884530131761577,0.01315186440499342,True,-20.0,9.370172633784493,0.013873810556198329,True,-1610.1023334535018,-8.466666666666667,-0.0,97.64636737027391
2024-07-25,28.37,28.59,26.26,27.24,2457846.44,,AVAXUSDT_daily,CRYPTO,BINANCE,USDT,1,1,1,27.24,27.24,27.24,2.0440635482988743,1302,0.0,0.5,1,-20.0,52.75343034917734,0.0024642947224384104,True,20.0,28.658956406076005,0.004536103763095806,True,20.0,20.414155056810994,0.006368130331048245,True,-20.0,10.91533102180899,0.011909854107058972,True,-20.0,9.884530131761577,0.01315186440499342,True,-20.0,9.370172633784493,0.013873810556198329,True,-1690.180932195362,-8.466666666666667,0.3400986610288937,97.9864660313028
2024-07-26,27.23,28.93,27.17,28.72,2103180.06,,AVAXUSDT_daily,CRYPTO,BINANCE,USDT,1,1,1,28.72,28.72,28.72,2.0596634242184146,1303,0.0,0.5,1,-20.0,52.75343034917734,0.0024642947224384104,True,20.0,28.658956406076005,0.004536103763095806,True,20.0,20.414155056810994,0.006368130331048245,True,-20.0,10.91533102180899,0.011909854107058972,True,-20.0,9.884530131761577,0.01315186440499342,True,-20.0,9.370172633784493,0.013873810556198329,True,-1592.071620298081,-8.466666666666667,-0.4600097895252078,97.5264562417776
2024-07-27,28.73,29.52,27.59,28.04,1595083.64,,AVAXUSDT_daily,CRYPTO,BINANCE,USDT,1,1,1,28.04,28.04,28.04,2.0125595120354003,1304,0.0,0.5,1,-20.0,52.75343034917734,0.0024642947224384104,True,-6.2275692978708,28.658956406076005,0.004536103763095806,True,12.955258434357507,20.414155056810994,0.006368130331048245,True,-20.0,10.91533102180899,0.011909854107058972,True,-20.0,9.884530131761577,0.01315186440499342,True,-20.0,9.370172633784493,0.013873810556198329,True,-1638.9304166842892,-15.509305799443649,0.20046425255338884,97.72692049433098
2024-07-28,28.04,28.17,27.1,27.4,955992.62,,AVAXUSDT_daily,CRYPTO,BINANCE,USDT,1,1,1,27.4,27.4,27.4,1.9248701254917115,1305,0.0,0.5,1,-20.0,52.75343034917734,0.0024642947224384104,True,-20.0,28.658956406076005,0.004536103763095806,True,-20.0,20.414155056810994,0.006368130331048245,True,-20.0,10.91533102180899,0.011909854107058972,True,-20.0,9.884530131761577,0.01315186440499342,True,-20.0,9.370172633784493,0.013873810556198329,True,-1684.7662357708466,-20.0,0.35399271439529034,98.08091320872627
2024-07-29,27.39,28.86,26.96,27.01,2335986.83,,AVAXUSDT_daily,CRYPTO,BINANCE,USDT,1,1,1,27.01,27.01,27.01,1.90651314404898,1306,0.0,0.5,1,-20.0,52.75343034917734,0.0024642947224384104,True,-20.0,28.658956406076005,0.004536103763095806,True,-20.0,20.414155056810994,0.006368130331048245,True,-20.0,10.91533102180899,0.011909854107058972,True,-20.0,9.884530131761577,0.01315186440499342,True,-20.0,9.370172633784493,0.013873810556198329,True,-1713.6279411015257,-20.0,0.2846715328467142,98.36558474157299
2024-07-30,27.01,27.32,26.03,26.33,1375203.85,,AVAXUSDT_daily,CRYPTO,BINANCE,USDT,1,1,1,26.33,26.33,26.33,1.8764789956360033,1307,0.0,0.5,1,-20.0,52.75343034917734,0.0024642947224384104,True,-20.0,28.658956406076005,0.004536103763095806,True,-20.0,20.414155056810994,0.006368130331048245,True,-20.0,10.91533102180899,0.011909854107058972,True,-20.0,9.884530131761577,0.01315186440499342,True,-20.0,9.370172633784493,0.013873810556198329,True,-1766.0110252979107,-20.0,0.5035172158459855,98.86910195741898
2024-07-31,26.32,26.87,25.44,25.7,1930480.93,,AVAXUSDT_daily,CRYPTO,BINANCE,USDT,1,1,1,25.7,25.7,25.7,1.8421812014451344,1308,0.0,0.5,1,-20.0,52.75343034917734,0.0024642947224384104,True,-20.0,28.658956406076005,0.004536103763095806,True,-20.0,20.414155056810994,0.006368130331048245,True,-20.0,10.91533102180899,0.011909854107058972,True,-20.0,9.884530131761577,0.01315186440499342,True,-20.0,9.370172633784493,0.013873810556198329,True,-1816.505066099823,-20.0,0.4785415875427268,99.3476435449617
2024-08-01,25.7,25.92,24.01,25.71,1979230.94,,AVAXUSDT_daily,CRYPTO,BINANCE,USDT,1,1,1,25.71,25.71,25.71,1.8571111550243122,1309,0.0,0.5,1,-20.0,52.75343034917734,0.0024642947224384104,True,-20.0,28.658956406076005,0.004536103763095806,True,-20.0,20.414155056810994,0.006368130331048245,True,-20.0,10.91533102180899,0.011909854107058972,True,-20.0,9.884530131761577,0.01315186440499342,True,-20.0,9.370172633784493,0.013873810556198329,True,-1815.6882561942218,-20.0,-0.0077821011673151474,99.33986144379438
2024-08-02,25.71,25.91,23.35,23.6,2234805.73,,AVAXUSDT_daily,CRYPTO,BINANCE,USDT,1,1,1,23.6,23.6,23.6,2.0484357960494624,1310,0.0,0.5,1,-20.0,52.75343034917734,0.0024642947224384104,True,-20.0,28.658956406076005,0.004536103763095806,True,-20.0,20.414155056810994,0.006368130331048245,True,-20.0,10.91533102180899,0.011909854107058972,True,-20.0,9.884530131761577,0.01315186440499342,True,-20.0,9.370172633784493,0.013873810556198329,True,-1995.8327846734205,-20.0,1.6413846752236472,100.98124611901802
2024-08-03,23.6,24.15,22.2,22.67,1850832.83,,AVAXUSDT_daily,CRYPTO,BINANCE,USDT,1,1,1,22.67,22.67,22.67,2.332490142137451,1311,0.0,0.5,1,-20.0,52.75343034917734,0.0024642947224384104,True,-20.0,28.658956406076005,0.004536103763095806,True,-20.0,20.414155056810994,0.006368130331048245,True,-20.0,10.91533102180899,0.011909854107058972,True,-20.0,9.884530131761577,0.01315186440499342,True,-20.0,9.370172633784493,0.013873810556198329,True,-2079.3859969836603,-20.0,0.7881355932203382,101.76938171223836
2024-08-04,22.68,22.96,20.58,21.25,2081859.37,,AVAXUSDT_daily,CRYPTO,BINANCE,USDT,1,1,1,21.25,21.25,21.25,2.7327094709540742,1312,0.0,0.5,1,-20.0,52.75343034917734,0.0024642947224384104,True,-20.0,28.658956406076005,0.004536103763095806,True,-20.0,20.414155056810994,0.006368130331048245,True,-20.0,10.91533102180899,0.011909854107058972,True,-20.0,9.884530131761577,0.01315186440499342,True,-20.0,9.370172633784493,0.013873810556198329,True,-2214.615546525787,-20.0,1.2527569475077205,103.02213865974608
2024-08-05,21.26,21.38,17.29,19.54,9670531.58,,AVAXUSDT_daily,CRYPTO,BINANCE,USDT,1,1,1,19.54,19.54,19.54,3.2285458271341425,1313,0.0,0.5,1,-20.0,52.75343034917734,0.0024642947224384104,True,-20.0,28.658956406076005,0.004536103763095806,True,-20.0,20.414155056810994,0.006368130331048245,True,-20.0,10.91533102180899,0.011909854107058972,True,-20.0,9.884530131761577,0.01315186440499342,True,-20.0,9.370172633784493,0.013873810556198329,True,-2387.9270695550554,-20.0,1.6094117647058837,104.63155042445196
2024-08-06,19.54,21.46,19.51,20.89,2687249.82,,AVAXUSDT_daily,CRYPTO,BINANCE,USDT,1,1,1,20.89,20.89,20.89,3.49256337771829,1314,0.0,0.5,1,-20.0,52.75343034917734,0.0024642947224384104,True,-20.0,28.658956406076005,0.004536103763095806,True,-20.0,20.414155056810994,0.006368130331048245,True,-20.0,10.91533102180899,0.011909854107058972,True,-20.0,9.884530131761577,0.01315186440499342,True,-20.0,9.370172633784493,0.013873810556198329,True,-2265.507048685302,-20.0,-1.3817809621289667,103.24976946232299
2024-08-07,20.88,21.7,19.71,19.85,2185632.53,,AVAXUSDT_daily,CRYPTO,BINANCE,USDT,1,1,1,19.85,19.85,19.85,3.7961688096803003,1315,0.0,0.5,1,-20.0,52.75343034917734,0.0024642947224384104,True,-20.0,28.658956406076005,0.004536103763095806,True,-20.0,20.414155056810994,0.006368130331048245,True,-20.0,10.91533102180899,0.011909854107058972,True,-20.0,9.884530131761577,0.01315186440499342,True,-20.0,9.370172633784493,0.013873810556198329,True,-2365.666551929268,-20.0,0.9956917185256087,104.2454611808486
2024-08-08,19.86,22.8,19.52,22.73,2398279.56,,AVAXUSDT_daily,CRYPTO,BINANCE,USDT,1,1,1,22.73,22.73,22.73,3.8422450947892006,1316,0.0,0.5,1,-20.0,52.75343034917734,0.0024642947224384104,True,-20.0,28.658956406076005,0.004536103763095806,True,-20.0,20.414155056810994,0.006368130331048245,True,-20.0,10.91533102180899,0.011909854107058972,True,-20.0,9.884530131761577,0.01315186440499342,True,-20.0,9.370172633784493,0.013873810556198329,True,-2157.7824421755463,-20.0,-2.9017632241813596,101.34369795666723
2024-08-09,22.73,22.8,21.29,21.74,1708499.52,,AVAXUSDT_daily,CRYPTO,BINANCE,USDT,1,1,1,21.74,21.74,21.74,3.873990564617768,1317,0.0,0.5,1,-20.0,52.75343034917734,0.0024642947224384104,True,-20.0,28.658956406076005,0.004536103763095806,True,-20.0,20.414155056810994,0.006368130331048245,True,-20.0,10.91533102180899,0.011909854107058972,True,-20.0,9.884530131761577,0.01315186440499342,True,-20.0,9.370172633784493,0.013873810556198329,True,-2233.5004542629335,-20.0,0.8710954685437766,102.214793425211
2024-08-10,21.75,22.05,21.4,21.59,829812.48,,AVAXUSDT_daily,CRYPTO,BINANCE,USDT,1,1,1,21.59,21.59,21.59,3.587993721758598,1318,0.0,0.5,1,-20.0,52.75343034917734,0.0024642947224384104,True,-20.0,28.658956406076005,0.004536103763095806,True,-20.0,20.414155056810994,0.006368130331048245,True,-20.0,10.91533102180899,0.011909854107058972,True,-20.0,9.884530131761577,0.01315186440499342,True,-20.0,9.370172633784493,0.013873810556198329,True,-2245.306478551083,-20.0,0.13799448022078886,102.35278790543178
2024-08-11,21.59,22.37,20.39,20.4,1316532.04,,AVAXUSDT_daily,CRYPTO,BINANCE,USDT,1,1,1,20.4,20.4,20.4,3.3409508180204917,1319,0.0,0.5,1,-20.0,52.75343034917734,0.0024642947224384104,True,-20.0,28.658956406076005,0.004536103763095806,True,-20.0,20.414155056810994,0.006368130331048245,True,-20.0,10.91533102180899,0.011909854107058972,True,-20.0,9.884530131761577,0.01315186440499342,True,-20.0,9.370172633784493,0.013873810556198329,True,-2345.1633485183766,-20.0,1.1023622047244097,103.4551501101562
2024-08-12,20.4,21.71,20.3,21.26,1828261.75,,AVAXUSDT_daily,CRYPTO,BINANCE,USDT,1,1,1,21.26,21.26,21.26,3.1574371269333437,1320,0.0,0.5,1,-20.0,52.75343034917734,0.0024642947224384104,True,-20.0,28.658956406076005,0.004536103763095806,True,-20.0,20.414155056810994,0.006368130331048245,True,-20.0,10.91533102180899,0.011909854107058972,True,-20.0,9.884530131761577,0.01315186440499342,True,-20.0,9.370172633784493,0.013873810556198329,True,-2275.632349022029,-20.0,-0.8431372549019622,102.61201285525424
2024-08-13,21.27,21.62,20.6,21.37,1369820.3,,AVAXUSDT_daily,CRYPTO,BINANCE,USDT,1,1,1,21.37,21.37,21.37,3.0325368917806754,1321,0.0,0.5,1,-20.0,52.75343034917734,0.0024642947224384104,True,-20.0,28.658956406076005,0.004536103763095806,True,-20.0,20.414155056810994,0.006368130331048245,True,-20.0,10.91533102180899,0.011909854107058972,True,-20.0,9.884530131761577,0.01315186440499342,True,-20.0,9.370172633784493,0.013873810556198329,True,-2266.601815284413,-20.0,-0.10348071495766664,102.50853214029657
2024-08-14,21.38,21.87,20.77,20.95,1239087.66,,AVAXUSDT_daily,CRYPTO,BINANCE,USDT,1,1,1,20.95,20.95,20.95,2.966285777837378,1322,0.0,0.5,1,-20.0,52.75343034917734,0.0024642947224384104,True,-20.0,28.658956406076005,0.004536103763095806,True,-20.0,20.414155056810994,0.006368130331048245,True,-20.0,10.91533102180899,0.011909854107058972,True,-20.0,9.884530131761577,0.01315186440499342,True,-20.0,9.370172633784493,0.013873810556198329,True,-2302.484905679307,-20.0,0.3930744033692113,102.90160654366578
2024-08-15,20.95,21.15,19.83,20.14,1891885.5,,AVAXUSDT_daily,CRYPTO,BINANCE,USDT,1,1,1,20.14,20.14,20.14,2.760149261793514,1323,0.0,0.5,1,-20.0,52.75343034917734,0.0024642947224384104,True,-20.0,28.658956406076005,0.004536103763095806,True,-20.0,20.414155056810994,0.006368130331048245,True,-20.0,10.91533102180899,0.011909854107058972,True,-20.0,9.884530131761577,0.01315186440499342,True,-20.0,9.370172633784493,0.013873810556198329,True,-2375.483891579348,-20.0,0.773269689737468,103.67487623340324
2024-08-16,20.14,20.72,19.78,20.36,1292955.85,,AVAXUSDT_daily,CRYPTO,BINANCE,USDT,1,1,1,20.36,20.36,20.36,2.5336004649116175,1324,0.0,0.5,1,-20.0,52.75343034917734,0.0024642947224384104,True,-20.0,28.658956406076005,0.004536103763095806,True,-20.0,20.414155056810994,0.006368130331048245,True,-20.0,10.91533102180899,0.011909854107058972,True,-20.0,9.884530131761577,0.01315186440499342,True,-20.0,9.370172633784493,0.013873810556198329,True,-2355.5162807081665,-20.0,-0.21847070506454624,103.45640552833869
2024-08-17,20.36,20.71,20.23,20.7,594996.7,,AVAXUSDT_daily,CRYPTO,BINANCE,USDT,1,1,1,20.7,20.7,20.7,2.2858523113894735,1325,0.0,0.5,1,-20.0,52.75343034917734,0.0024642947224384104,True,-20.0,28.658956406076005,0.004536103763095806,True,-20.0,20.414155056810994,0.006368130331048245,True,-20.0,10.91533102180899,0.011909854107058972,True,-20.0,9.884530131761577,0.01315186440499342,True,-20.0,9.370172633784493,0.013873810556198329,True,-2324.6729076851148,-20.0,-0.3339882121807447,103.12241731615795
2024-08-18,20.7,21.51,20.55,20.82,1080288.16,,AVAXUSDT_daily,CRYPTO,BINANCE,USDT,1,1,1,20.82,20.82,20.82,1.9999973684220556,1326,0.0,0.5,1,-20.0,52.75343034917734,0.0024642947224384104,True,-20.0,28.658956406076005,0.004536103763095806,True,-20.0,20.414155056810994,0.006368130331048245,True,-20.0,10.91533102180899,0.011909854107058972,True,-20.0,9.884530131761577,0.01315186440499342,True,-20.0,9.370172633784493,0.013873810556198329,True,-2313.6381304555166,-20.0,-0.11594202898550954,103.00647528717244
2024-08-19,20.83,21.25,20.38,21.21,1079897.76,,AVAXUSDT_daily,CRYPTO,BINANCE,USDT,1,1,1,21.21,21.21,21.21,1.7065736679737804,1327,0.0,0.5,1,20.0,52.75343034917734,0.0024642947224384104,True,-20.0,28.658956406076005,0.004536103763095806,True,-20.0,20.414155056810994,0.006368130331048245,True,-20.0,10.91533102180899,0.011909854107058972,True,-20.0,9.884530131761577,0.01315186440499342,True,-20.0,9.370172633784493,0.013873810556198329,True,-2277.8903402742517,-16.933333333333334,-0.3746397694524495,102.63183551771999
2024-08-20,21.22,22.79,21.16,22.26,2257515.64,,AVAXUSDT_daily,CRYPTO,BINANCE,USDT,1,1,1,22.26,22.26,22.26,1.4241252162608162,1328,0.0,0.5,1,20.0,52.75343034917734,0.0024642947224384104,True,-20.0,28.658956406076005,0.004536103763095806,True,-20.0,20.414155056810994,0.006368130331048245,True,-20.0,10.91533102180899,0.011909854107058972,True,-20.0,9.884530131761577,0.01315186440499342,True,-20.0,9.370172633784493,0.013873810556198329,True,-2186.5964380990035,-16.933333333333334,-0.838283828382839,101.79355168933715
2024-08-21,22.26,23.8,22.25,23.53,2113314.06,,AVAXUSDT_daily,CRYPTO,BINANCE,USDT,1,1,1,23.53,23.53,23.53,1.1351888319665164,1329,0.0,0.5,1,20.0,52.75343034917734,0.0024642947224384104,True,20.0,28.658956406076005,0.004536103763095806,True,-20.0,20.414155056810994,0.006368130331048245,True,-20.0,10.91533102180899,0.011909854107058972,True,-20.0,9.884530131761577,0.01315186440499342,True,-20.0,9.370172633784493,0.013873810556198329,True,-2082.975448620258,-8.466666666666667,-0.9660976340221613,100.82745405531499
2024-08-22,23.53,25.35,23.05,25.22,2451735.12,,AVAXUSDT_daily,CRYPTO,BINANCE,USDT,1,1,1,25.22,25.22,25.22,1.343410428334669,1330,0.0,0.5,1,20.0,52.75343034917734,0.0024642947224384104,True,20.0,28.658956406076005,0.004536103763095806,True,-20.0,20.414155056810994,0.006368130331048245,True,-20.0,10.91533102180899,0.011909854107058972,True,-20.0,9.884530131761577,0.01315186440499342,True,-20.0,9.370172633784493,0.013873810556198329,True,-1956.711753341875,-8.466666666666667,-0.6081031307550638,100.21935092455992
2024-08-23,25.22,27.01,25.22,26.49,3388980.56,,AVAXUSDT_daily,CRYPTO,BINANCE,USDT,1,1,1,26.49,26.49,26.49,1.742238427096894,1331,0.0,0.5,1,20.0,52.75343034917734,0.0024642947224384104,True,20.0,28.658956406076005,0.004536103763095806,True,-20.0,20.414155056810994,0.006368130331048245,True,-20.0,10.91533102180899,0.011909854107058972,True,-20.0,9.884530131761577,0.01315186440499342,True,-20.0,9.370172633784493,0.013873810556198329,True,-1865.8941258631924,-8.466666666666667,-0.4263547449114463,99.79299617964847
2024-08-24,26.5,28.0,26.19,27.11,2329717.63,,AVAXUSDT_daily,CRYPTO,BINANCE,USDT,1,1,1,27.11,27.11,27.11,2.1277282177082637,1332,0.0,0.5,1,20.0,52.75343034917734,0.0024642947224384104,True,20.0,28.658956406076005,0.004536103763095806,True,20.0,20.414155056810994,0.006368130331048245,True,-20.0,10.91533102180899,0.011909854107058972,True,-20.0,9.884530131761577,0.01315186440499342,True,-20.0,9.370172633784493,0.013873810556198329,True,-1821.7466804321443,0.0,-0.19816282874040622,99.59483335090806
2024-08-25,27.12,27.68,26.13,26.92,2020535.79,,AVAXUSDT_daily,CRYPTO,BINANCE,USDT,1,1,1,26.92,26.92,26.92,2.3261309643201087,1333,0.0,0.5,1,20.0,52.75343034917734,0.0024642947224384104,True,20.0,28.658956406076005,0.004536103763095806,True,20.0,20.414155056810994,0.006368130331048245,True,-20.0,10.91533102180899,0.011909854107058972,True,-20.0,9.884530131761577,0.01315186440499342,True,-20.0,9.370172633784493,0.013873810556198329,True,-1835.6144847969929,0.0,-0.0,99.59483335090806
2024-08-26,26.93,27.2,25.89,25.94,1936106.29,,AVAXUSDT_daily,CRYPTO,BINANCE,USDT,1,1,1,25.94,25.94,25.94,2.438997798926596,1334,0.0,0.5,1,20.0,52.75343034917734,0.0024642947224384104,True,20.0,28.658956406076005,0.004536103763095806,True,20.0,20.414155056810994,0.006368130331048245,True,-20.0,10.91533102180899,0.011909854107058972,True,-20.0,9.884530131761577,0.01315186440499342,True,-20.0,9.370172633784493,0.013873810556198329,True,-1909.965909455783,0.0,-0.0,99.59483335090806
2024-08-27,25.94,26.81,23.66,24.09,2200225.1,,AVAXUSDT_daily,CRYPTO,BINANCE,USDT,1,1,1,24.09,24.09,24.09,2.3773277235741035,1335,0.0,0.5,1,-20.0,52.75343034917734,0.0024642947224384104,True,20.0,28.658956406076005,0.004536103763095806,True,20.0,20.414155056810994,0.006368130331048245,True,-20.0,10.91533102180899,0.011909854107058972,True,-20.0,9.884530131761577,0.01315186440499342,True,-20.0,9.370172633784493,0.013873810556198329,True,-2056.408600232749,-8.466666666666667,-0.0,99.59483335090806
2024-08-28,24.08,24.84,23.19,23.45,2427017.83,,AVAXUSDT_daily,CRYPTO,BINANCE,USDT,1,1,1,23.45,23.45,23.45,2.3825900877672304,1336,0.0,0.5,1,-20.0,52.75343034917734,0.0024642947224384104,True,20.0,28.658956406076005,0.004536103763095806,True,20.0,20.414155056810994,0.006368130331048245,True,-20.0,10.91533102180899,0.011909854107058972,True,-20.0,9.884530131761577,0.01315186440499342,True,-20.0,9.370172633784493,0.013873810556198329,True,-2109.1715928388617,-8.466666666666667,0.22493427424934334,99.81976762515741
2024-08-29,23.44,24.68,22.78,22.89,1881922.74,,AVAXUSDT_daily,CRYPTO,BINANCE,USDT,1,1,1,22.89,22.89,22.89,2.3700777246882634,1337,0.0,0.5,1,-20.0,52.75343034917734,0.0024642947224384104,True,-20.0,28.658956406076005,0.004536103763095806,True,-20.0,20.414155056810994,0.006368130331048245,True,-20.0,10.91533102180899,0.011909854107058972,True,-20.0,9.884530131761577,0.01315186440499342,True,-20.0,9.370172633784493,0.013873810556198329,True,-2157.198919138843,-20.0,0.20218905472636742,100.02195667988377
2024-08-30,22.9,23.64,22.18,23.29,1640828.47,,AVAXUSDT_daily,CRYPTO,BINANCE,USDT,1,1,1,23.29,23.29,23.29,2.3535035473479273,1338,0.0,0.5,1,-20.0,52.75343034917734,0.0024642947224384104,True,-20.0,28.658956406076005,0.004536103763095806,True,-20.0,20.414155056810994,0.006368130331048245,True,-20.0,10.91533102180899,0.011909854107058972,True,-20.0,9.884530131761577,0.01315186440499342,True,-20.0,9.370172633784493,0.013873810556198329,True,-2122.9083505368703,-20.0,-0.3494975972040182,99.67245908267975
2024-08-31,23.29,23.4,22.47,22.81,731034.89,,AVAXUSDT_daily,CRYPTO,BINANCE,USDT,1,1,1,22.81,22.81,22.81,2.278179039683438,1339,0.0,0.5,1,-20.0,52.75343034917734,0.0024642947224384104,True,-20.0,28.658956406076005,0.004536103763095806,True,-20.0,20.414155056810994,0.006368130331048245,True,-20.0,10.91533102180899,0.011909854107058972,True,-20.0,9.884530131761577,0.01315186440499342,True,-20.0,9.370172633784493,0.013873810556198329,True,-2165.6022249309895,-20.0,0.4121940747101771,100.08465315738992
2024-09-01,22.8,22.84,21.09,21.42,1701717.55,,AVAXUSDT_daily,CRYPTO,BINANCE,USDT,1,1,1,21.42,21.42,21.42,2.2718697956599314,1340,0.0,0.5,1,-20.0,52.75343034917734,0.0024642947224384104,True,-20.0,28.658956406076005,0.004536103763095806,True,-20.0,20.414155056810994,0.006368130331048245,True,-20.0,10.91533102180899,0.011909854107058972,True,-20.0,9.884530131761577,0.01315186440499342,True,-20.0,9.370172633784493,0.013873810556198329,True,-2295.4843313660053,-20.0,1.2187637001315177,101.30341685752144
2024-09-02,21.42,22.57,21.37,22.37,1213729.2,,AVAXUSDT_daily,CRYPTO,BINANCE,USDT,1,1,1,22.37,22.37,22.37,2.2438155356235456,1341,0.0,0.5,1,-20.0,52.75343034917734,0.0024642947224384104,True,-20.0,28.658956406076005,0.004536103763095806,True,-20.0,20.414155056810994,0.006368130331048245,True,-20.0,10.91533102180899,0.011909854107058972,True,-20.0,9.884530131761577,0.01315186440499342,True,-20.0,9.370172633784493,0.013873810556198329,True,-2210.714100838016,-20.0,-0.8870214752567707,100.41639538226467
2024-09-03,22.37,22.73,21.33,21.38,1165499.01,,AVAXUSDT_daily,CRYPTO,BINANCE,USDT,1,1,1,21.38,21.38,21.38,2.2241189858388277,1342,0.0,0.5,1,-20.0,52.75343034917734,0.0024642947224384104,True,-20.0,28.658956406076005,0.004536103763095806,True,-20.0,20.414155056810994,0.006368130331048245,True,-20.0,10.91533102180899,0.011909854107058972,True,-20.0,9.884530131761577,0.01315186440499342,True,-20.0,9.370172633784493,0.013873810556198329,True,-2303.468701700314,-20.0,0.88511399195351,101.30150937421817
2024-09-04,21.38,22.32,20.48,21.9,1783124.44,,AVAXUSDT_daily,CRYPTO,BINANCE,USDT,1,1,1,21.9,21.9,21.9,2.1329559424991444,1343,0.0,0.5,1,-20.0,52.75343034917734,0.0024642947224384104,True,-20.0,28.658956406076005,0.004536103763095806,True,-20.0,20.414155056810994,0.006368130331048245,True,-20.0,10.91533102180899,0.011909854107058972,True,-20.0,9.884530131761577,0.01315186440499342,True,-20.0,9.370172633784493,0.013873810556198329,True,-2255.3327180891815,-20.0,-0.4864359214218883,100.81507345279628
2024-09-05,21.91,22.19,21.23,21.38,1130561.49,,AVAXUSDT_daily,CRYPTO,BINANCE,USDT,1,1,1,21.38,21.38,21.38,2.072615687840974,1344,0.0,0.5,1,-20.0,52.75343034917734,0.0024642947224384104,True,-20.0,28.658956406076005,0.004536103763095806,True,-20.0,20.414155056810994,0.006368130331048245,True,-20.0,10.91533102180899,0.011909854107058972,True,-20.0,9.884530131761577,0.01315186440499342,True,-20.0,9.370172633784493,0.013873810556198329,True,-2305.411096403032,-20.0,0.474885844748858,101.28995929754514
2024-09-06,21.38,22.19,20.48,21.17,2491055.66,,AVAXUSDT_daily,CRYPTO,BINANCE,USDT,1,1,1,21.17,21.17,21.17,2.044548270789852,1345,0.0,0.5,1,-20.0,52.75343034917734,0.0024642947224384104,True,-20.0,28.658956406076005,0.004536103763095806,True,-20.0,20.414155056810994,0.006368130331048245,True,-20.0,10.91533102180899,0.011909854107058972,True,-20.0,9.884530131761577,0.01315186440499342,True,-20.0,9.370172633784493,0.013873810556198329,True,-2326.233201507776,-20.0,0.19644527595883643,101.48640457350398
2024-09-07,21.16,22.0,21.05,21.8,951544.49,,AVAXUSDT_daily,CRYPTO,BINANCE,USDT,1,1,1,21.8,21.8,21.8,1.9935323713951316,1346,0.0,0.5,1,-20.0,52.75343034917734,0.0024642947224384104,True,-20.0,28.658956406076005,0.004536103763095806,True,-20.0,20.414155056810994,0.006368130331048245,True,-20.0,10.91533102180899,0.011909854107058972,True,-20.0,9.884530131761577,0.01315186440499342,True,-20.0,9.370172633784493,0.013873810556198329,True,-2265.1480673167457,-20.0,-0.5951818611242299,100.89122271237974
2024-09-08,21.8,23.52,21.71,23.25,1913376.33,,AVAXUSDT_daily,CRYPTO,BINANCE,USDT,1,1,1,23.25,23.25,23.25,1.9304629251228766,1347,0.0,0.5,1,20.0,52.75343034917734,0.0024642947224384104,True,-20.0,28.658956406076005,0.004536103763095806,True,-20.0,20.414155056810994,0.006368130331048245,True,-20.0,10.91533102180899,0.011909854107058972,True,-20.0,9.884530131761577,0.01315186440499342,True,-20.0,9.370172633784493,0.013873810556198329,True,-2137.1519688573776,-16.933333333333334,-1.330275229357798,99.56094748302195
2024-09-09,23.25,24.44,23.14,23.84,2082195.37,,AVAXUSDT_daily,CRYPTO,BINANCE,USDT,1,1,1,23.84,23.84,23.84,1.9121546815900117,1348,0.0,0.5,1,20.0,52.75343034917734,0.0024642947224384104,True,20.0,28.658956406076005,0.004536103763095806,True,-20.0,20.414155056810994,0.006368130331048245,True,-20.0,10.91533102180899,0.011909854107058972,True,-20.0,9.884530131761577,0.01315186440499342,True,-20.0,9.370172633784493,0.013873810556198329,True,-2085.642276684331,-8.466666666666667,-0.4297060931899644,99.13124138983198
2024-09-10,23.85,24.59,23.57,24.36,1441227.33,,AVAXUSDT_daily,CRYPTO,BINANCE,USDT,1,1,1,24.36,24.36,24.36,1.9215383091926677,1349,0.0,0.5,1,20.0,52.75343034917734,0.0024642947224384104,True,20.0,28.658956406076005,0.004536103763095806,True,-20.0,20.414155056810994,0.006368130331048245,True,-20.0,10.91533102180899,0.011909854107058972,True,-20.0,9.884530131761577,0.01315186440499342,True,-20.0,9.370172633784493,0.013873810556198329,True,-2040.5028341759714,-8.466666666666667,-0.18467561521252698,98.94656577461946
2024-09-11,24.36,24.52,22.87,23.28,1685272.65,,AVAXUSDT_daily,CRYPTO,BINANCE,USDT,1,1,1,23.28,23.28,23.28,1.881561781301087,1350,0.0,0.5,1,20.0,52.75343034917734,0.0024642947224384104,True,20.0,28.658956406076005,0.004536103763095806,True,-20.0,20.414155056810994,0.006368130331048245,True,-20.0,10.91533102180899,0.011909854107058972,True,-20.0,9.884530131761577,0.01315186440499342,True,-20.0,9.370172633784493,0.013873810556198329,True,-2138.039463198474,-8.466666666666667,0.37536945812807837,99.32193523274753
2024-09-12,23.28,24.1,23.27,24.02,1532687.18,,AVAXUSDT_daily,CRYPTO,BINANCE,USDT,1,1,1,24.02,24.02,24.02,1.748353435908464,1351,0.0,0.5,1,20.0,52.75343034917734,0.0024642947224384104,True,20.0,28.658956406076005,0.004536103763095806,True,-20.0,20.414155056810994,0.006368130331048245,True,-20.0,10.91533102180899,0.011909854107058972,True,-20.0,9.884530131761577,0.01315186440499342,True,-20.0,9.370172633784493,0.013873810556198329,True,-2072.6481364072624,-8.466666666666667,-0.2691294387170666,99.05280579403046
2024-09-13,24.02,25.1,23.66,24.91,1883781.59,,AVAXUSDT_daily,CRYPTO,BINANCE,USDT,1,1,1,24.91,24.91,24.91,1.5569784334139314,1352,0.0,0.5,1,20.0,52.75343034917734,0.0024642947224384104,True,20.0,28.658956406076005,0.004536103763095806,True,20.0,20.414155056810994,0.006368130331048245,True,-20.0,10.91533102180899,0.011909854107058972,True,-20.0,9.884530131761577,0.01315186440499342,True,-20.0,9.370172633784493,0.013873810556198329,True,-1996.2935745768925,0.0,-0.31371079655842427,98.73909499747204
2024-09-14,24.91,25.66,24.61,25.32,1199130.86,,AVAXUSDT_daily,CRYPTO,BINANCE,USDT,1,1,1,25.32,25.32,25.32,1.3891052591734994,1353,0.0,0.5,1,20.0,52.75343034917734,0.0024642947224384104,True,20.0,28.658956406076005,0.004536103763095806,True,20.0,20.414155056810994,0.006368130331048245,True,-20.0,10.91533102180899,0.011909854107058972,True,-20.0,9.884530131761577,0.01315186440499342,True,-20.0,9.370172633784493,0.013873810556198329,True,-1961.0675828146425,0.0,0.0,98.73909499747204
2024-09-15,25.33,25.38,23.64,23.8,1451892.29,,AVAXUSDT_daily,CRYPTO,BINANCE,USDT,1,1,1,23.8,23.8,23.8,1.236383840079954,1354,0.0,0.5,1,20.0,52.75343034917734,0.0024642947224384104,True,20.0,28.658956406076005,0.004536103763095806,True,20.0,20.414155056810994,0.006368130331048245,True,-20.0,10.91533102180899,0.011909854107058972,True,-20.0,9.884530131761577,0.01315186440499342,True,-20.0,9.370172633784493,0.013873810556198329,True,-2096.0139692995535,0.0,-0.0,98.73909499747204
2024-09-16,23.8,24.24,23.22,23.52,1751162.34,,AVAXUSDT_daily,CRYPTO,BINANCE,USDT,1,1,1,23.52,23.52,23.52,1.2172427859760995,1355,0.0,0.5,1,-20.0,52.75343034917734,0.0024642947224384104,True,20.0,28.658956406076005,0.004536103763095806,True,20.0,20.414155056810994,0.006368130331048245,True,-20.0,10.91533102180899,0.011909854107058972,True,-20.0,9.884530131761577,0.01315186440499342,True,-20.0,9.370172633784493,0.013873810556198329,True,-2121.607098389192,-8.466666666666667,-0.0,98.73909499747204
2024-09-17,23.52,24.49,23.16,23.77,1583225.8,,AVAXUSDT_daily,CRYPTO,BINANCE,USDT,1,1,1,23.77,23.77,23.77,1.225433972543395,1356,0.0,0.5,1,-20.0,52.75343034917734,0.0024642947224384104,True,20.0,28.658956406076005,0.004536103763095806,True,20.0,20.414155056810994,0.006368130331048245,True,-20.0,10.91533102180899,0.011909854107058972,True,-20.0,9.884530131761577,0.01315186440499342,True,-20.0,9.370172633784493,0.013873810556198329,True,-2098.583450861546,-8.466666666666667,-0.08999433106575985,98.64910066640628
2024-09-18,23.78,24.73,22.79,24.68,2073720.9,,AVAXUSDT_daily,CRYPTO,BINANCE,USDT,1,1,1,24.68,24.68,24.68,1.2793142694470525,1357,0.0,0.5,1,20.0,52.75343034917734,0.0024642947224384104,True,20.0,28.658956406076005,0.004536103763095806,True,20.0,20.414155056810994,0.006368130331048245,True,-20.0,10.91533102180899,0.011909854107058972,True,-20.0,9.884530131761577,0.01315186440499342,True,-20.0,9.370172633784493,0.013873810556198329,True,-2017.608321332861,0.0,-0.3241340625438232,98.32496660386246
2024-09-19,24.7,26.79,24.69,26.66,2927349.19,,AVAXUSDT_daily,CRYPTO,BINANCE,USDT,1,1,1,26.66,26.66,26.66,1.50568956051452,1358,0.0,0.5,1,20.0,52.75343034917734,0.0024642947224384104,True,20.0,28.658956406076005,0.004536103763095806,True,20.0,20.414155056810994,0.006368130331048245,True,-20.0,10.91533102180899,0.011909854107058972,True,-20.0,9.884530131761577,0.01315186440499342,True,-20.0,9.370172633784493,0.013873810556198329,True,-1861.7842311485201,0.0,0.0,98.32496660386246
2024-09-20,26.67,28.8,26.48,27.67,3375743.3,,AVAXUSDT_daily,CRYPTO,BINANCE,USDT,1,1,1,27.67,27.67,27.67,1.7907025966040506,1359,0.0,0.5,1,20.0,52.75343034917734,0.0024642947224384104,True,20.0,28.658956406076005,0.004536103763095806,True,20.0,20.414155056810994,0.006368130331048245,True,-20.0,10.91533102180899,0.011909854107058972,True,-20.0,9.884530131761577,0.01315186440499342,True,-20.0,9.370172633784493,0.013873810556198329,True,-1784.4069368637856,0.0,0.0,98.32496660386246
2024-09-21,27.67,28.13,26.99,27.79,1074371.17,,AVAXUSDT_daily,CRYPTO,BINANCE,USDT,1,1,1,27.79,27.79,27.79,1.9555057900061596,1360,0.0,0.5,1,20.0,52.75343034917734,0.0024642947224384104,True,20.0,28.658956406076005,0.004536103763095806,True,20.0,20.414155056810994,0.006368130331048245,True,-20.0,10.91533102180899,0.011909854107058972,True,-20.0,9.884530131761577,0.01315186440499342,True,-20.0,9.370172633784493,0.013873810556198329,True,-1775.0784847399636,0.0,0.0,98.32496660386246
2024-09-22,27.79,27.8,26.45,27.29,1232505.34,,AVAXUSDT_daily,CRYPTO,BINANCE,USDT,1,1,1,27.29,27.29,27.29,2.066689381598199,1361,0.0,0.5,1,20.0,52.75343034917734,0.0024642947224384104,True,20.0,28.658956406076005,0.004536103763095806,True,20.0,20.414155056810994,0.006368130331048245,True,-20.0,10.91533102180899,0.011909854107058972,True,-20.0,9.884530131761577,0.01315186440499342,True,-20.0,9.370172633784493,0.013873810556198329,True,-1815.06379297337,0.0,-0.0,98.32496660386246
2024-09-23,27.3,28.18,26.56,27.39,2044240.42,,AVAXUSDT_daily,CRYPTO,BINANCE,USDT,1,1,1,27.39,27.39,27.39,2.0888022254040286,1362,0.0,0.5,1,20.0,52.75343034917734,0.0024642947224384104,True,20.0,28.658956406076005,0.004536103763095806,True,20.0,20.414155056810994,0.006368130331048245,True,20.0,10.91533102180899,0.011909854107058972,True,-20.0,9.884530131761577,0.01315186440499342,True,-20.0,9.370172633784493,0.013873810556198329,True,-1806.9453357293928,8.466666666666667,0.0,98.32496660386246
2024-09-24,27.39,28.55,26.84,28.46,1891613.31,,AVAXUSDT_daily,CRYPTO,BINANCE,USDT,1,1,1,28.46,28.46,28.46,2.1898320050946833,1363,0.0,0.5,1,20.0,52.75343034917734,0.0024642947224384104,True,20.0,28.658956406076005,0.004536103763095806,True,20.0,20.414155056810994,0.006368130331048245,True,20.0,10.91533102180899,0.011909854107058972,True,-20.0,9.884530131761577,0.01315186440499342,True,-20.0,9.370172633784493,0.013873810556198329,True,-1722.7665920024488,8.466666666666667,0.33075331629548516,98.65571992015795
2024-09-25,28.46,28.5,27.15,27.28,2136050.42,,AVAXUSDT_daily,CRYPTO,BINANCE,USDT,1,1,1,27.28,27.28,27.28,2.1125317811399777,1364,0.0,0.5,1,20.0,52.75343034917734,0.0024642947224384104,True,20.0,28.658956406076005,0.004536103763095806,True,20.0,20.414155056810994,0.006368130331048245,True,20.0,10.91533102180899,0.011909854107058972,True,-20.0,9.884530131761577,0.01315186440499342,True,-20.0,9.370172633784493,0.013873810556198329,True,-1818.3279398143266,8.466666666666667,-0.35104239868821696,98.30467752146973
2024-09-26,27.29,29.42,26.96,29.16,2834148.82,,AVAXUSDT_daily,CRYPTO,BINANCE,USDT,1,1,1,29.16,29.16,29.16,2.103005055431041,1365,0.0,0.5,1,20.0,52.75343034917734,0.0024642947224384104,True,20.0,28.658956406076005,0.004536103763095806,True,20.0,20.414155056810994,0.006368130331048245,True,20.0,10.91533102180899,0.011909854107058972,True,-20.0,9.884530131761577,0.01315186440499342,True,-20.0,9.370172633784493,0.013873810556198329,True,-1679.5199508116664,8.466666666666667,0.5834799608993152,98.88815748236904
2024-09-27,29.15,30.85,28.93,30.43,2216838.14,,AVAXUSDT_daily,CRYPTO,BINANCE,USDT,1,1,1,30.43,30.43,30.43,2.2056301164376806,1366,0.0,0.5,1,20.0,52.75343034917734,0.0024642947224384104,True,20.0,28.658956406076005,0.004536103763095806,True,20.0,20.414155056810994,0.006368130331048245,True,20.0,10.91533102180899,0.011909854107058972,True,-20.0,9.884530131761577,0.01315186440499342,True,-20.0,9.370172633784493,0.013873810556198329,True,-1589.0469447760559,8.466666666666667,0.3687471422039329,99.25690462457297
2024-09-28,30.44,30.76,29.03,29.28,1265112.67,,AVAXUSDT_daily,CRYPTO,BINANCE,USDT,1,1,1,29.28,29.28,29.28,2.2441795476556274,1367,0.0,0.5,1,20.0,52.75343034917734,0.0024642947224384104,True,20.0,28.658956406076005,0.004536103763095806,True,20.0,20.414155056810994,0.006368130331048245,True,20.0,10.91533102180899,0.011909854107058972,True,-20.0,9.884530131761577,0.01315186440499342,True,-20.0,9.370172633784493,0.013873810556198329,True,-1673.396777345789,8.466666666666667,-0.31996932851352805,98.93693529605945
2024-09-29,29.29,29.47,28.24,29.04,1309575.5,,AVAXUSDT_daily,CRYPTO,BINANCE,USDT,1,1,1,29.04,29.04,29.04,2.264151926744085,1368,0.0,0.5,1,20.0,52.75343034917734,0.0024642947224384104,True,20.0,28.658956406076005,0.004536103763095806,True,20.0,20.414155056810994,0.006368130331048245,True,20.0,10.91533102180899,0.011909854107058972,True,-20.0,9.884530131761577,0.01315186440499342,True,-20.0,9.370172633784493,0.013873810556198329,True,-1691.4255998217275,8.466666666666667,-0.06939890710382615,98.86753638895561
2024-09-30,29.04,29.12,27.56,27.71,2118117.74,,AVAXUSDT_daily,CRYPTO,BINANCE,USDT,1,1,1,27.71,27.71,27.71,2.228497487690326,1369,0.0,0.5,1,-20.0,52.75343034917734,0.0024642947224384104,True,20.0,28.658956406076005,0.004536103763095806,True,20.0,20.414155056810994,0.006368130331048245,True,20.0,10.91533102180899,0.011909854107058972,True,-20.0,9.884530131761577,0.01315186440499342,True,-20.0,9.370172633784493,0.013873810556198329,True,-1794.644316538858,0.0,-0.38776400367309416,98.47977238528252
2024-10-01,27.71,28.89,25.0,25.82,3528601.75,,AVAXUSDT_daily,CRYPTO,BINANCE,USDT,1,1,1,25.82,25.82,25.82,2.09960397268527,1370,0.0,0.5,1,-20.0,52.75343034917734,0.0024642947224384104,True,20.0,28.658956406076005,0.004536103763095806,True,20.0,20.414155056810994,0.006368130331048245,True,20.0,10.91533102180899,0.011909854107058972,True,-20.0,9.884530131761577,0.01315186440499342,True,-20.0,9.370172633784493,0.013873810556198329,True,-1946.2344827169636,0.0,-0.0,98.47977238528252
2024-10-02,25.82,26.78,25.03,25.33,2104510.83,,AVAXUSDT_daily,CRYPTO,BINANCE,USDT,1,1,1,25.33,25.33,25.33,2.0309071735012707,1371,0.0,0.5,1,-20.0,52.75343034917734,0.0024642947224384104,True,-20.0,28.658956406076005,0.004536103763095806,True,20.0,20.414155056810994,0.006368130331048245,True,20.0,10.91533102180899,0.011909854107058972,True,-20.0,9.884530131761577,0.01315186440499342,True,-20.0,9.370172633784493,0.013873810556198329,True,-1986.9270783473803,-8.466666666666667,-0.0,98.47977238528252
2024-10-03,25.33,25.67,23.9,24.66,2257868.51,,AVAXUSDT_daily,CRYPTO,BINANCE,USDT,1,1,1,24.66,24.66,24.66,2.043657969119917,1372,0.0,0.5,1,-20.0,52.75343034917734,0.0024642947224384104,True,-20.0,28.658956406076005,0.004536103763095806,True,20.0,20.414155056810994,0.006368130331048245,True,20.0,10.91533102180899,0.011909854107058972,True,-20.0,9.884530131761577,0.01315186440499342,True,-20.0,9.370172633784493,0.013873810556198329,True,-2044.784453923,-8.466666666666667,0.22395051980523673,98.70372290508776
2024-10-04,24.66,26.5,24.44,26.27,1804442.66,,AVAXUSDT_daily,CRYPTO,BINANCE,USDT,1,1,1,26.27,26.27,26.27,2.019495703077216,1373,0.0,0.5,1,-20.0,52.75343034917734,0.0024642947224384104,True,-20.0,28.658956406076005,0.004536103763095806,True,20.0,20.414155056810994,0.006368130331048245,True,20.0,10.91533102180899,0.011909854107058972,True,-20.0,9.884530131761577,0.01315186440499342,True,-20.0,9.370172633784493,0.013873810556198329,True,-1917.8935842303163,-8.466666666666667,-0.552771019194377,98.15095188589338
2024-10-05,26.27,26.45,25.1,25.67,1054363.46,,AVAXUSDT_daily,CRYPTO,BINANCE,USDT,1,1,1,25.67,25.67,25.67,1.9137876470249318,1374,0.0,0.5,1,-20.0,52.75343034917734,0.0024642947224384104,True,-20.0,28.658956406076005,0.004536103763095806,True,20.0,20.414155056810994,0.006368130331048245,True,20.0,10.91533102180899,0.011909854107058972,True,-20.0,9.884530131761577,0.01315186440499342,True,-20.0,9.370172633784493,0.013873810556198329,True,-1966.9350754061234,-8.466666666666667,0.19337647506661496,98.34432836095999
2024-10-06,25.67,27.08,25.49,26.94,1233938.51,,AVAXUSDT_daily,CRYPTO,BINANCE,USDT,1,1,1,26.94,26.94,26.94,1.7414830340560912,1375,0.0,0.5,1,-20.0,52.75343034917734,0.0024642947224384104,True,-20.0,28.658956406076005,0.004536103763095806,True,20.0,20.414155056810994,0.006368130331048245,True,20.0,10.91533102180899,0.011909854107058972,True,-20.0,9.884530131761577,0.01315186440499342,True,-20.0,9.370172633784493,0.013873810556198329,True,-1868.554660216665,-8.466666666666667,-0.41888066484872155,97.92544769611126
2024-10-07,26.93,27.74,26.51,26.56,1779576.78,,AVAXUSDT_daily,CRYPTO,BINANCE,USDT,1,1,1,26.56,26.56,26.56,1.5666137635744761,1376,0.0,0.5,1,-17.376700416555718,52.75343034917734,0.0024642947224384104,True,-20.0,28.658956406076005,0.004536103763095806,True,20.0,20.414155056810994,0.006368130331048245,True,20.0,10.91533102180899,0.011909854107058972,True,-20.0,9.884530131761577,0.01315186440499342,True,-20.0,9.370172633784493,0.013873810556198329,True,-1898.9028885584478,-7.911401588170961,0.11942588468201042,98.04487358079328
2024-10-08,26.57,27.19,26.03,26.34,1316635.28,,AVAXUSDT_daily,CRYPTO,BINANCE,USDT,1,1,1,26.34,26.34,26.34,1.46660680699574,1377,0.0,0.5,1,-20.0,52.75343034917734,0.0024642947224384104,True,-20.0,28.658956406076005,0.004536103763095806,True,20.0,20.414155056810994,0.006368130331048245,True,20.0,10.91533102180899,0.011909854107058972,True,-20.0,9.884530131761577,0.01315186440499342,True,-20.0,9.370172633784493,0.013873810556198329,True,-1916.9431667123513,-8.466666666666667,0.06553118785382567,98.1104047686471
2024-10-09,26.34,26.7,25.68,25.76,1612088.05,,AVAXUSDT_daily,CRYPTO,BINANCE,USDT,1,1,1,25.76,25.76,25.76,1.5002942693842756,1378,0.0,0.5,1,-20.0,52.75343034917734,0.0024642947224384104,True,-20.0,28.658956406076005,0.004536103763095806,True,20.0,20.414155056810994,0.006368130331048245,True,20.0,10.91533102180899,0.011909854107058972,True,-20.0,9.884530131761577,0.01315186440499342,True,-20.0,9.370172633784493,0.013873810556198329,True,-1966.1954119613042,-8.466666666666667,0.18643381422424654,98.29683858287135
2024-10-10,25.76,26.37,25.06,25.86,1305991.34,,AVAXUSDT_daily,CRYPTO,BINANCE,USDT,1,1,1,25.86,25.86,25.86,1.5274939917221628,1379,0.0,0.5,1,-20.0,52.75343034917734,0.0024642947224384104,True,-20.0,28.658956406076005,0.004536103763095806,True,8.766838603990903,20.414155056810994,0.006368130331048245,True,20.0,10.91533102180899,0.011909854107058972,True,-20.0,9.884530131761577,0.01315186440499342,True,-20.0,9.370172633784493,0.013873810556198329,True,-1957.5756173502907,-10.844352495488593,-0.03286749482401604,98.26397108804733
2024-10-11,25.85,27.6,25.75,27.45,1356314.72,,AVAXUSDT_daily,CRYPTO,BINANCE,USDT,1,1,1,27.45,27.45,27.45,1.521901511444411,1380,0.0,0.5,1,20.0,52.75343034917734,0.0024642947224384104,True,-7.929515353717283,28.658956406076005,0.004536103763095806,True,20.0,20.414155056810994,0.006368130331048245,True,20.0,10.91533102180899,0.011909854107058972,True,-20.0,9.884530131761577,0.01315186440499342,True,-20.0,9.370172633784493,0.013873810556198329,True,-1831.662146145328,2.5549192501298412,-0.6667641325532419,97.59720695549409
2024-10-12,27.46,29.37,27.39,28.64,2063826.88,,AVAXUSDT_daily,CRYPTO,BINANCE,USDT,1,1,1,28.64,28.64,28.64,1.5586325822098834,1381,0.0,0.5,1,20.0,52.75343034917734,0.0024642947224384104,True,20.0,28.658956406076005,0.004536103763095806,True,20.0,20.414155056810994,0.006368130331048245,True,20.0,10.91533102180899,0.011909854107058972,True,-20.0,9.884530131761577,0.01315186440499342,True,-20.0,9.370172633784493,0.013873810556198329,True,-1741.2021000301509,8.466666666666667,0.11075970519688604,97.70796666069097
2024-10-13,28.63,29.36,28.3,29.06,1605213.5,,AVAXUSDT_daily,CRYPTO,BINANCE,USDT,1,1,1,29.06,29.06,29.06,1.6129913368155544,1382,0.0,0.5,1,20.0,52.75343034917734,0.0024642947224384104,True,20.0,28.658956406076005,0.004536103763095806,True,20.0,20.414155056810994,0.006368130331048245,True,20.0,10.91533102180899,0.011909854107058972,True,-20.0,9.884530131761577,0.01315186440499342,True,-20.0,9.370172633784493,0.013873810556198329,True,-1709.155690455917,8.466666666666667,0.12416201117318358,97.83212867186415
2024-10-14,29.05,29.87,28.65,29.07,2007570.41,,AVAXUSDT_daily,CRYPTO,BINANCE,USDT,1,1,1,29.07,29.07,29.07,1.6418675983576638,1383,0.0,0.5,1,20.0,52.75343034917734,0.0024642947224384104,True,20.0,28.658956406076005,0.004536103763095806,True,20.0,20.414155056810994,0.006368130331048245,True,20.0,10.91533102180899,0.011909854107058972,True,-20.0,9.884530131761577,0.01315186440499342,True,-20.0,9.370172633784493,0.013873810556198329,True,-1708.3788707242309,8.466666666666667,0.002913512273458396,97.8350421841376
2024-10-15,29.07,29.62,27.45,28.21,2806768.34,,AVAXUSDT_daily,CRYPTO,BINANCE,USDT,1,1,1,28.21,28.21,28.21,1.6539047894730887,1384,0.0,0.5,1,20.0,52.75343034917734,0.0024642947224384104,True,20.0,28.658956406076005,0.004536103763095806,True,20.0,20.414155056810994,0.006368130331048245,True,20.0,10.91533102180899,0.011909854107058972,True,-20.0,9.884530131761577,0.01315186440499342,True,-20.0,9.370172633784493,0.013873810556198329,True,-1777.357767831159,8.466666666666667,-0.2504758628597634,97.58456632127785
2024-10-16,28.21,28.22,27.25,28.02,1952738.95,,AVAXUSDT_daily,CRYPTO,BINANCE,USDT,1,1,1,28.02,28.02,28.02,1.607712988266882,1385,0.0,0.5,1,20.0,52.75343034917734,0.0024642947224384104,True,20.0,28.658956406076005,0.004536103763095806,True,20.0,20.414155056810994,0.006368130331048245,True,20.0,10.91533102180899,0.011909854107058972,True,-20.0,9.884530131761577,0.01315186440499342,True,-20.0,9.370172633784493,0.013873810556198329,True,-1792.9632001921261,8.466666666666667,-0.057024695734373555,97.52754162554348
2024-10-17,28.03,28.27,26.82,27.31,1321790.89,,AVAXUSDT_daily,CRYPTO,BINANCE,USDT,1,1,1,27.31,27.31,27.31,1.4302005748219337,1386,0.0,0.5,1,-20.0,52.75343034917734,0.0024642947224384104,True,20.0,28.658956406076005,0.004536103763095806,True,20.0,20.414155056810994,0.006368130331048245,True,20.0,10.91533102180899,0.011909854107058972,True,-20.0,9.884530131761577,0.01315186440499342,True,-20.0,9.370172633784493,0.013873810556198329,True,-1853.2150394082514,0.0,-0.2145372353081133,97.31300439023536
2024-10-18,27.31,28.17,27.1,28.1,894689.48,,AVAXUSDT_daily,CRYPTO,BINANCE,USDT,1,1,1,28.1,28.1,28.1,1.3603401277505427,1387,0.0,0.5,1,20.0,52.75343034917734,0.0024642947224384104,True,20.0,28.658956406076005,0.004536103763095806,True,20.0,20.414155056810994,0.006368130331048245,True,20.0,10.91533102180899,0.011909854107058972,True,-20.0,9.884530131761577,0.01315186440499342,True,-20.0,9.370172633784493,0.013873810556198329,True,-1787.5095247335662,8.466666666666667,0.0,97.31300439023536
2024-10-19,28.1,28.46,27.71,28.1,588731.97,,AVAXUSDT_daily,CRYPTO,BINANCE,USDT,1,1,1,28.1,28.1,28.1,1.3045523531525043,1388,0.0,0.5,1,20.0,52.75343034917734,0.0024642947224384104,True,20.0,28.658956406076005,0.004536103763095806,True,20.0,20.414155056810994,0.006368130331048245,True,20.0,10.91533102180899,0.011909854107058972,True,-20.0,9.884530131761577,0.01315186440499342,True,-20.0,9.370172633784493,0.013873810556198329,True,-1787.5095247335662,8.466666666666667,0.0,97.31300439023536
2024-10-20,28.1,29.0,27.76,28.96,883990.57,,AVAXUSDT_daily,CRYPTO,BINANCE,USDT,1,1,1,28.96,28.96,28.96,1.3666065348384293,1389,0.0,0.5,1,20.0,52.75343034917734,0.0024642947224384104,True,20.0,28.658956406076005,0.004536103763095806,True,20.0,20.414155056810994,0.006368130331048245,True,20.0,10.91533102180899,0.011909854107058972,True,-20.0,9.884530131761577,0.01315186440499342,True,-20.0,9.370172633784493,0.013873810556198329,True,-1716.337898937314,8.466666666666667,0.2591221826809009,97.57212657291626
2024-10-21,28.97,29.32,27.38,27.75,1515208.07,,AVAXUSDT_daily,CRYPTO,BINANCE,USDT,1,1,1,27.75,27.75,27.75,1.3388412114527037,1390,0.0,0.5,1,-20.0,52.75343034917734,0.0024642947224384104,True,20.0,28.658956406076005,0.004536103763095806,True,20.0,20.414155056810994,0.006368130331048245,True,20.0,10.91533102180899,0.011909854107058972,True,-20.0,9.884530131761577,0.01315186440499342,True,-20.0,9.370172633784493,0.013873810556198329,True,-1819.384176405837,0.0,-0.3537523020257829,97.21837427089048
2024-10-22,27.75,28.23,27.24,27.64,1311372.78,,AVAXUSDT_daily,CRYPTO,BINANCE,USDT,1,1,1,27.64,27.64,27.64,1.2664383335330727,1391,0.0,0.5,1,-20.0,52.75343034917734,0.0024642947224384104,True,20.0,28.658956406076005,0.004536103763095806,True,20.0,20.414155056810994,0.006368130331048245,True,20.0,10.91533102180899,0.011909854107058972,True,-20.0,9.884530131761577,0.01315186440499342,True,-20.0,9.370172633784493,0.013873810556198329,True,-1828.955481161949,0.0,-0.0,97.21837427089048
2024-10-23,27.65,27.71,25.89,26.75,1697988.9,,AVAXUSDT_daily,CRYPTO,BINANCE,USDT,1,1,1,26.75,26.75,26.75,1.1123852986452203,1392,0.0,0.5,1,-20.0,52.75343034917734,0.0024642947224384104,True,-20.0,28.658956406076005,0.004536103763095806,True,20.0,20.414155056810994,0.006368130331048245,True,20.0,10.91533102180899,0.011909854107058972,True,-20.0,9.884530131761577,0.01315186440499342,True,-20.0,9.370172633784493,0.013873810556198329,True,-1909.0111241579148,-8.466666666666667,-0.0,97.21837427089048
2024-10-24,26.75,27.24,26.38,26.83,1323965.2,,AVAXUSDT_daily,CRYPTO,BINANCE,USDT,1,1,1,26.83,26.83,26.83,1.088629751960022,1393,0.0,0.5,1,-20.0,52.75343034917734,0.0024642947224384104,True,-20.0,28.658956406076005,0.004536103763095806,True,20.0,20.414155056810994,0.006368130331048245,True,20.0,10.91533102180899,0.011909854107058972,True,-20.0,9.884530131761577,0.01315186440499342,True,-20.0,9.370172633784493,0.013873810556198329,True,-1901.7084691692357,-8.466666666666667,-0.025320872274143605,97.19305339861633
2024-10-25,26.84,26.89,24.01,24.93,2098635.37,,AVAXUSDT_daily,CRYPTO,BINANCE,USDT,1,1,1,24.93,24.93,24.93,1.1624221535949548,1394,0.0,0.5,1,-20.0,52.75343034917734,0.0024642947224384104,True,-20.0,28.658956406076005,0.004536103763095806,True,-20.0,20.414155056810994,0.006368130331048245,True,20.0,10.91533102180899,0.011909854107058972,True,-20.0,9.884530131761577,0.01315186440499342,True,-20.0,9.370172633784493,0.013873810556198329,True,-2078.321783037662,-16.933333333333334,0.5995775872779224,97.79263098589425
2024-10-26,24.94,25.68,24.56,25.41,1042871.56,,AVAXUSDT_daily,CRYPTO,BINANCE,USDT,1,1,1,25.41,25.41,25.41,1.2428230809478724,1395,0.0,0.5,1,-20.0,52.75343034917734,0.0024642947224384104,True,-20.0,28.658956406076005,0.004536103763095806,True,-20.0,20.414155056810994,0.006368130331048245,True,20.0,10.91533102180899,0.011909854107058972,True,-20.0,9.884530131761577,0.01315186440499342,True,-20.0,9.370172633784493,0.013873810556198329,True,-2034.0740859588304,-16.933333333333334,-0.32603289209787617,97.46659809379638
2024-10-27,25.41,25.94,25.25,25.77,596461.7,,AVAXUSDT_daily,CRYPTO,BINANCE,USDT,1,1,1,25.77,25.77,25.77,1.2808081330529801,1396,0.0,0.5,1,-20.0,52.75343034917734,0.0024642947224384104,True,-20.0,28.658956406076005,0.004536103763095806,True,-20.0,20.414155056810994,0.006368130331048245,True,2.573191379904824,10.91533102180899,0.011909854107058972,True,-20.0,9.884530131761577,0.01315186440499342,True,-20.0,9.370172633784493,0.013873810556198329,True,-2000.8874916331924,-20.0,-0.23990554899645783,97.22669254479992
2024-10-28,25.77,26.54,25.05,26.25,1509538.85,,AVAXUSDT_daily,CRYPTO,BINANCE,USDT,1,1,1,26.25,26.25,26.25,1.284503897685151,1397,0.0,0.5,1,-20.0,52.75343034917734,0.0024642947224384104,True,-20.0,28.658956406076005,0.004536103763095806,True,-20.0,20.414155056810994,0.006368130331048245,True,-19.08066314094856,10.91533102180899,0.011909854107058972,True,-20.0,9.884530131761577,0.01315186440499342,True,-20.0,9.370172633784493,0.013873810556198329,True,-1956.9285760239725,-20.0,-0.372526193247964,96.85416635155195
2024-10-29,26.26,27.16,26.17,26.88,1492949.8,,AVAXUSDT_daily,CRYPTO,BINANCE,USDT,1,1,1,26.88,26.88,26.88,1.2376908677941239,1398,0.0,0.5,1,20.0,52.75343034917734,0.0024642947224384104,True,-20.0,28.658956406076005,0.004536103763095806,True,-20.0,20.414155056810994,0.006368130331048245,True,-17.284161903839546,10.91533102180899,0.011909854107058972,True,-20.0,9.884530131761577,0.01315186440499342,True,-20.0,9.370172633784493,0.013873810556198329,True,-1900.0898978312673,-16.358480936312706,-0.4800000000000004,96.37416635155195
2024-10-30,26.88,26.91,26.01,26.18,1634180.54,,AVAXUSDT_daily,CRYPTO,BINANCE,USDT,1,1,1,26.18,26.18,26.18,1.2193547689831792,1399,0.0,0.5,1,-20.0,52.75343034917734,0.0024642947224384104,True,-20.0,28.658956406076005,0.004536103763095806,True,-20.0,20.414155056810994,0.006368130331048245,True,-20.0,10.91533102180899,0.011909854107058972,True,-20.0,9.884530131761577,0.01315186440499342,True,-20.0,9.370172633784493,0.013873810556198329,True,-1965.360867989485,-20.0,0.4260021077164761,96.80016845926842
2024-10-31,26.17,26.23,24.68,25.03,1389613.61,,AVAXUSDT_daily,CRYPTO,BINANCE,USDT,1,1,1,25.03,25.03,25.03,1.3259414728728183,1400,0.0,0.5,1,-20.0,52.75343034917734,0.0024642947224384104,True,-20.0,28.658956406076005,0.004536103763095806,True,-20.0,20.414155056810994,0.006368130331048245,True,-20.0,10.91533102180899,0.011909854107058972,True,-20.0,9.884530131761577,0.01315186440499342,True,-20.0,9.370172633784493,0.013873810556198329,True,-2076.3035239542983,-20.0,0.8785332314744076,97.67870169074283
2024-11-01,25.03,25.71,24.4,24.78,1566405.89,,AVAXUSDT_daily,CRYPTO,BINANCE,USDT,1,1,1,24.78,24.78,24.78,1.3914334713789338,1401,0.0,0.5,1,-20.0,52.75343034917734,0.0024642947224384104,True,-20.0,28.658956406076005,0.004536103763095806,True,-20.0,20.414155056810994,0.006368130331048245,True,-20.0,10.91533102180899,0.011909854107058972,True,-20.0,9.884530131761577,0.01315186440499342,True,-20.0,9.370172633784493,0.013873810556198329,True,-2101.0864139326673,-20.0,0.19976028765481324,97.87846197839764
2024-11-02,24.79,25.02,23.96,24.12,747467.07,,AVAXUSDT_daily,CRYPTO,BINANCE,USDT,1,1,1,24.12,24.12,24.12,1.4532195654042286,1402,0.0,0.5,1,-20.0,52.75343034917734,0.0024642947224384104,True,-20.0,28.658956406076005,0.004536103763095806,True,-20.0,20.414155056810994,0.006368130331048245,True,-20.0,10.91533102180899,0.011909854107058972,True,-20.0,9.884530131761577,0.01315186440499342,True,-20.0,9.370172633784493,0.013873810556198329,True,-2168.9266537615918,-20.0,0.5326876513317202,98.41114962972935
2024-11-03,24.13,24.2,22.6,23.54,1839984.69,,AVAXUSDT_daily,CRYPTO,BINANCE,USDT,1,1,1,23.54,23.54,23.54,1.5238545309803926,1403,0.0,0.5,1,-20.0,52.75343034917734,0.0024642947224384104,True,-20.0,28.658956406076005,0.004536103763095806,True,-20.0,20.414155056810994,0.006368130331048245,True,-20.0,10.91533102180899,0.011909854107058972,True,-20.0,9.884530131761577,0.01315186440499342,True,-20.0,9.370172633784493,0.013873810556198329,True,-2230.7256863825196,-20.0,0.4809286898839149,98.89207831961326
2024-11-04,23.53,23.94,22.35,22.72,1698424.83,,AVAXUSDT_daily,CRYPTO,BINANCE,USDT,1,1,1,22.72,22.72,22.72,1.6903013589952176,1404,0.0,0.5,1,-20.0,52.75343034917734,0.0024642947224384104,True,-20.0,28.658956406076005,0.004536103763095806,True,-20.0,20.414155056810994,0.006368130331048245,True,-20.0,10.91533102180899,0.011909854107058972,True,-20.0,9.884530131761577,0.01315186440499342,True,-20.0,9.370172633784493,0.013873810556198329,True,-2321.5784106156507,-20.0,0.6966864910790149,99.58876481069228
2024-11-05,22.72,24.51,22.59,23.99,1705771.01,,AVAXUSDT_daily,CRYPTO,BINANCE,USDT,1,1,1,23.99,23.99,23.99,1.7087409954361885,1405,0.0,0.5,1,-20.0,52.75343034917734,0.0024642947224384104,True,-20.0,28.658956406076005,0.004536103763095806,True,-20.0,20.414155056810994,0.006368130331048245,True,-20.0,10.91533102180899,0.011909854107058972,True,-20.0,9.884530131761577,0.01315186440499342,True,-20.0,9.370172633784493,0.013873810556198329,True,-2194.478542300215,-20.0,-1.1179577464788748,98.4708070642134
2024-11-06,24.0,27.3,24.0,27.01,3669930.55,,AVAXUSDT_daily,CRYPTO,BINANCE,USDT,1,1,1,27.01,27.01,27.01,1.6984020353540517,1406,0.0,0.5,1,20.0,52.75343034917734,0.0024642947224384104,True,-20.0,28.658956406076005,0.004536103763095806,True,-20.0,20.414155056810994,0.006368130331048245,True,-20.0,10.91533102180899,0.011909854107058972,True,-20.0,9.884530131761577,0.01315186440499342,True,-20.0,9.370172633784493,0.013873810556198329,True,-1969.7300582338116,-16.933333333333334,-2.5177157148812013,95.9530913493322
2024-11-07,27.01,28.0,26.51,27.38,2304556.93,,AVAXUSDT_daily,CRYPTO,BINANCE,USDT,1,1,1,27.38,27.38,27.38,1.6595589141347957,1407,0.0,0.5,1,20.0,52.75343034917734,0.0024642947224384104,True,-20.0,28.658956406076005,0.004536103763095806,True,-20.0,20.414155056810994,0.006368130331048245,True,-20.0,10.91533102180899,0.011909854107058972,True,-20.0,9.884530131761577,0.01315186440499342,True,-20.0,9.370172633784493,0.013873810556198329,True,-1942.043004851643,-16.933333333333334,-0.23196347031963188,95.72112787901257
2024-11-08,27.39,28.79,27.1,28.78,2423694.41,,AVAXUSDT_daily,CRYPTO,BINANCE,USDT,1,1,1,28.78,28.78,28.78,1.7109938632299575,1408,0.0,0.5,1,20.0,52.75343034917734,0.0024642947224384104,True,20.0,28.658956406076005,0.004536103763095806,True,-20.0,20.414155056810994,0.006368130331048245,True,-20.0,10.91533102180899,0.011909854107058972,True,-20.0,9.884530131761577,0.01315186440499342,True,-20.0,9.370172633784493,0.013873810556198329,True,-1842.524579871538,-8.466666666666667,-0.8658388117847576,94.85528906722782
2024-11-09,28.78,30.48,28.49,30.36,2817405.7,,AVAXUSDT_daily,CRYPTO,BINANCE,USDT,1,1,1,30.36,30.36,30.36,1.8591806344703343,1409,0.0,0.5,1,20.0,52.75343034917734,0.0024642947224384104,True,20.0,28.658956406076005,0.004536103763095806,True,20.0,20.414155056810994,0.006368130331048245,True,-20.0,10.91533102180899,0.011909854107058972,True,-20.0,9.884530131761577,0.01315186440499342,True,-20.0,9.370172633784493,0.013873810556198329,True,-1736.291003554069,0.0,-0.4648135279129018,94.39047553931492
2024-11-10,30.37,33.29,29.69,31.89,6132136.02,,AVAXUSDT_daily,CRYPTO,BINANCE,USDT,1,1,1,31.89,31.89,31.89,2.242856731001787,1410,0.0,0.5,1,20.0,52.75343034917734,0.0024642947224384104,True,20.0,28.658956406076005,0.004536103763095806,True,20.0,20.414155056810994,0.006368130331048245,True,-20.0,10.91533102180899,0.011909854107058972,True,-20.0,9.884530131761577,0.01315186440499342,True,-20.0,9.370172633784493,0.013873810556198329,True,-1637.953660496062,0.0,0.0,94.39047553931492
2024-11-11,31.89,35.79,30.7,35.71,7008431.33,,AVAXUSDT_daily,CRYPTO,BINANCE,USDT,1,1,1,35.71,35.71,35.71,3.068346846174917,1411,0.0,0.5,1,20.0,52.75343034917734,0.0024642947224384104,True,20.0,28.658956406076005,0.004536103763095806,True,20.0,20.414155056810994,0.006368130331048245,True,20.0,10.91533102180899,0.011909854107058972,True,-20.0,9.884530131761577,0.01315186440499342,True,-20.0,9.370172633784493,0.013873810556198329,True,-1435.7867516291603,8.466666666666667,0.0,94.39047553931492
2024-11-12,35.72,37.67,32.66,33.96,9074667.64,,AVAXUSDT_daily,CRYPTO,BINANCE,USDT,1,1,1,33.96,33.96,33.96,3.4698906398677827,1412,0.0,0.5,1,20.0,52.75343034917734,0.0024642947224384104,True,20.0,28.658956406076005,0.004536103763095806,True,20.0,20.414155056810994,0.006368130331048245,True,20.0,10.91533102180899,0.011909854107058972,True,-20.0,9.884530131761577,0.01315186440499342,True,-20.0,9.370172633784493,0.013873810556198329,True,-1531.6911639125146,8.466666666666667,-0.41491645664146365,93.97555908267346
2024-11-13,33.96,35.05,31.2,33.12,8175967.91,,AVAXUSDT_daily,CRYPTO,BINANCE,USDT,1,1,1,33.12,33.12,33.12,3.72229340029842,1413,0.0,0.5,1,20.0,52.75343034917734,0.0024642947224384104,True,20.0,28.658956406076005,0.004536103763095806,True,20.0,20.414155056810994,0.006368130331048245,True,20.0,10.91533102180899,0.011909854107058972,True,-20.0,9.884530131761577,0.01315186440499342,True,-20.0,9.370172633784493,0.013873810556198329,True,-1579.30605375156,8.466666666666667,-0.20942285041225026,93.7661362322612
2024-11-14,33.11,34.72,30.68,31.21,4206583.37,,AVAXUSDT_daily,CRYPTO,BINANCE,USDT,1,1,1,31.21,31.21,31.21,3.7684039271162453,1414,0.0,0.5,1,20.0,52.75343034917734,0.0024642947224384104,True,20.0,28.658956406076005,0.004536103763095806,True,20.0,20.414155056810994,0.006368130331048245,True,20.0,10.91533102180899,0.011909854107058972,True,-20.0,9.884530131761577,0.01315186440499342,True,-20.0,9.370172633784493,0.013873810556198329,True,-1692.2755764626677,8.466666666666667,-0.4882648953301116,93.27787133693109
2024-11-15,31.21,33.3,30.59,33.13,2971420.25,,AVAXUSDT_daily,CRYPTO,BINANCE,USDT,1,1,1,33.13,33.13,33.13,3.91359233952776,1415,0.0,0.5,1,20.0,52.75343034917734,0.0024642947224384104,True,20.0,28.658956406076005,0.004536103763095806,True,20.0,20.414155056810994,0.006368130331048245,True,20.0,10.91533102180899,0.011909854107058972,True,-20.0,9.884530131761577,0.01315186440499342,True,-20.0,9.370172633784493,0.013873810556198329,True,-1585.3304630202883,8.466666666666667,0.5208586991348927,93.79873003606598
2024-11-16,33.13,35.74,32.79,35.14,4066373.3,,AVAXUSDT_daily,CRYPTO,BINANCE,USDT,1,1,1,35.14,35.14,35.14,4.17340439096628,1416,0.0,0.5,1,20.0,52.75343034917734,0.0024642947224384104,True,20.0,28.658956406076005,0.004536103763095806,True,20.0,20.414155056810994,0.006368130331048245,True,20.0,10.91533102180899,0.011909854107058972,True,-20.0,9.884530131761577,0.01315186440499342,True,-20.0,9.370172633784493,0.013873810556198329,True,-1479.4849951446479,8.466666666666667,0.5136734077875024,94.31240344385348
2024-11-17,35.15,37.27,33.08,34.71,5673738.64,,AVAXUSDT_daily,CRYPTO,BINANCE,USDT,1,1,1,34.71,34.71,34.71,4.351971845885345,1417,0.0,0.5,1,20.0,52.75343034917734,0.0024642947224384104,True,20.0,28.658956406076005,0.004536103763095806,True,20.0,20.414155056810994,0.006368130331048245,True,20.0,10.91533102180899,0.011909854107058972,True,9.183341435240353,9.884530131761577,0.01315186440499342,True,-20.0,9.370172633784493,0.013873810556198329,True,-1502.7658821907914,14.643807270459208,-0.10360462910263671,94.20879881475085
2024-11-18,34.72,36.16,34.06,35.48,4439039.4,,AVAXUSDT_daily,CRYPTO,BINANCE,USDT,1,1,1,35.48,35.48,35.48,4.5535476048333905,1418,0.0,0.5,1,20.0,52.75343034917734,0.0024642947224384104,True,20.0,28.658956406076005,0.004536103763095806,True,20.0,20.414155056810994,0.006368130331048245,True,20.0,10.91533102180899,0.011909854107058972,True,20.0,9.884530131761577,0.01315186440499342,True,-20.0,9.370172633784493,0.013873810556198329,True,-1461.155190893704,16.933333333333334,0.32485541913723776,94.53365423388809
2024-11-19,35.48,35.63,33.52,34.2,2987306.04,,AVAXUSDT_daily,CRYPTO,BINANCE,USDT,1,1,1,34.2,34.2,34.2,4.606769732516619,1419,0.0,0.5,1,20.0,52.75343034917734,0.0024642947224384104,True,20.0,28.658956406076005,0.004536103763095806,True,20.0,20.414155056810994,0.006368130331048245,True,20.0,10.91533102180899,0.011909854107058972,True,20.0,9.884530131761577,0.01315186440499342,True,-20.0,9.370172633784493,0.013873810556198329,True,-1532.9430847058566,16.933333333333334,-0.6108981585869955,93.9227560753011
2024-11-20,34.2,35.75,32.77,33.59,3615587.8,,AVAXUSDT_daily,CRYPTO,BINANCE,USDT,1,1,1,33.59,33.59,33.59,4.5361076521164145,1420,0.0,0.5,1,20.0,52.75343034917734,0.0024642947224384104,True,20.0,28.658956406076005,0.004536103763095806,True,20.0,20.414155056810994,0.006368130331048245,True,20.0,10.91533102180899,0.011909854107058972,True,20.0,9.884530131761577,0.01315186440499342,True,-20.0,9.370172633784493,0.013873810556198329,True,-1568.2621953499827,16.933333333333334,-0.3020272904483434,93.62072878485276
2024-11-21,33.6,36.2,32.31,35.84,4208872.98,,AVAXUSDT_daily,CRYPTO,BINANCE,USDT,1,1,1,35.84,35.84,35.84,4.509401173923042,1421,0.0,0.5,1,20.0,52.75343034917734,0.0024642947224384104,True,20.0,28.658956406076005,0.004536103763095806,True,20.0,20.414155056810994,0.006368130331048245,True,20.0,10.91533102180899,0.011909854107058972,True,20.0,9.884530131761577,0.01315186440499342,True,-20.0,9.370172633784493,0.013873810556198329,True,-1447.1731817812336,16.933333333333334,1.1342661506400722,94.75499493549283
2024-11-22,35.84,43.52,35.18,43.17,8056726.78,,AVAXUSDT_daily,CRYPTO,BINANCE,USDT,1,1,1,43.17,43.17,43.17,5.009660430766634,1422,0.0,0.5,1,20.0,52.75343034917734,0.0024642947224384104,True,20.0,28.658956406076005,0.004536103763095806,True,20.0,20.414155056810994,0.006368130331048245,True,20.0,10.91533102180899,0.011909854107058972,True,20.0,9.884530131761577,0.01315186440499342,True,-20.0,9.370172633784493,0.013873810556198329,True,-1182.6650672956175,16.933333333333334,3.4632068452380937,98.21820178073092
2024-11-23,43.18,45.27,40.69,41.44,7788308.37,,AVAXUSDT_daily,CRYPTO,BINANCE,USDT,1,1,1,41.44,41.44,41.44,5.065019639387227,1423,0.0,0.5,1,20.0,52.75343034917734,0.0024642947224384104,True,20.0,28.658956406076005,0.004536103763095806,True,20.0,20.414155056810994,0.006368130331048245,True,20.0,10.91533102180899,0.011909854107058972,True,20.0,9.884530131761577,0.01315186440499342,True,-20.0,9.370172633784493,0.013873810556198329,True,-1247.8400855956013,16.933333333333334,-0.6785885259825513,97.53961325474837
2024-11-24,41.44,43.14,38.31,42.06,5915164.28,,AVAXUSDT_daily,CRYPTO,BINANCE,USDT,1,1,1,42.06,42.06,42.06,4.915090913118527,1424,0.0,0.5,1,20.0,52.75343034917734,0.0024642947224384104,True,20.0,28.658956406076005,0.004536103763095806,True,20.0,20.414155056810994,0.006368130331048245,True,20.0,10.91533102180899,0.011909854107058972,True,20.0,9.884530131761577,0.01315186440499342,True,-20.0,9.370172633784493,0.013873810556198329,True,-1224.3066413098525,16.933333333333334,0.25334620334620517,97.79295945809459
2024-11-25,42.05,47.93,40.02,41.31,9557513.01,,AVAXUSDT_daily,CRYPTO,BINANCE,USDT,1,1,1,41.31,41.31,41.31,4.6498596187082795,1425,0.0,0.5,1,20.0,52.75343034917734,0.0024642947224384104,True,20.0,28.658956406076005,0.004536103763095806,True,20.0,20.414155056810994,0.006368130331048245,True,20.0,10.91533102180899,0.011909854107058972,True,20.0,9.884530131761577,0.01315186440499342,True,-20.0,9.370172633784493,0.013873810556198329,True,-1253.7221066831794,16.933333333333334,-0.3019495958155012,97.49100986227909
2024-11-26,41.31,43.35,38.5,42.72,6473991.3,,AVAXUSDT_daily,CRYPTO,BINANCE,USDT,1,1,1,42.72,42.72,42.72,4.649459504525246,1426,0.0,0.5,1,20.0,52.75343034917734,0.0024642947224384104,True,20.0,28.658956406076005,0.004536103763095806,True,20.0,20.414155056810994,0.006368130331048245,True,20.0,10.91533102180899,0.011909854107058972,True,20.0,9.884530131761577,0.01315186440499342,True,-20.0,9.370172633784493,0.013873810556198329,True,-1199.133047383969,16.933333333333334,0.5779714354877737,98.06898129776685
2024-11-27,42.73,44.47,41.95,43.78,4868664.66,,AVAXUSDT_daily,CRYPTO,BINANCE,USDT,1,1,1,43.78,43.78,43.78,4.632721151026407,1427,0.0,0.5,1,20.0,52.75343034917734,0.0024642947224384104,True,20.0,28.658956406076005,0.004536103763095806,True,20.0,20.414155056810994,0.006368130331048245,True,20.0,10.91533102180899,0.011909854107058972,True,20.0,9.884530131761577,0.01315186440499342,True,-20.0,9.370172633784493,0.013873810556198329,True,-1158.207876665958,16.933333333333334,0.4201622971285917,98.48914359489545
2024-11-28,43.78,44.24,41.51,42.77,2715014.37,,AVAXUSDT_daily,CRYPTO,BINANCE,USDT,1,1,1,42.77,42.77,42.77,4.527460627863215,1428,0.0,0.5,1,20.0,52.75343034917734,0.0024642947224384104,True,20.0,28.658956406076005,0.004536103763095806,True,20.0,20.414155056810994,0.006368130331048245,True,20.0,10.91533102180899,0.011909854107058972,True,20.0,9.884530131761577,0.01315186440499342,True,-20.0,9.370172633784493,0.013873810556198329,True,-1198.5669688270916,16.933333333333334,-0.39065022080097295,98.09849337409447
2024-11-29,42.78,45.07,42.54,44.86,2791481.17,,AVAXUSDT_daily,CRYPTO,BINANCE,USDT,1,1,1,44.86,44.86,44.86,4.605672103648412,1429,0.0,0.5,1,20.0,52.75343034917734,0.0024642947224384104,True,20.0,28.658956406076005,0.004536103763095806,True,20.0,20.414155056810994,0.006368130331048245,True,20.0,10.91533102180899,0.011909854107058972,True,20.0,9.884530131761577,0.01315186440499342,True,-20.0,9.370172633784493,0.013873810556198329,True,-1117.740889856589,16.933333333333334,0.8274647338477102,98.92595810794218
2024-11-30,44.86,46.26,43.65,44.81,2529834.27,,AVAXUSDT_daily,CRYPTO,BINANCE,USDT,1,1,1,44.81,44.81,44.81,4.6821806379426585,1430,0.0,0.5,1,20.0,52.75343034917734,0.0024642947224384104,True,20.0,28.658956406076005,0.004536103763095806,True,20.0,20.414155056810994,0.006368130331048245,True,20.0,10.91533102180899,0.011909854107058972,True,20.0,9.884530131761577,0.01315186440499342,True,-20.0,9.370172633784493,0.013873810556198329,True,-1119.7139652716126,16.933333333333334,-0.01887353247139063,98.90708457547079
2024-12-01,44.81,45.78,43.65,45.09,2620155.57,,AVAXUSDT_daily,CRYPTO,BINANCE,USDT,1,1,1,45.09,45.09,45.09,4.890026880779504,1431,0.0,0.5,1,20.0,52.75343034917734,0.0024642947224384104,True,20.0,28.658956406076005,0.004536103763095806,True,20.0,20.414155056810994,0.006368130331048245,True,20.0,10.91533102180899,0.011909854107058972,True,20.0,9.884530131761577,0.01315186440499342,True,-20.0,9.370172633784493,0.013873810556198329,True,-1108.5053271269705,16.933333333333334,0.10580971509335851,99.01289429056415
2024-12-02,45.09,52.49,45.0,52.27,13230224.23,,AVAXUSDT_daily,CRYPTO,BINANCE,USDT,1,1,1,52.27,52.27,52.27,5.629795265980042,1432,0.0,0.5,1,20.0,52.75343034917734,0.0024642947224384104,True,20.0,28.658956406076005,0.004536103763095806,True,20.0,20.414155056810994,0.006368130331048245,True,20.0,10.91533102180899,0.011909854107058972,True,20.0,9.884530131761577,0.01315186440499342,True,-20.0,9.370172633784493,0.013873810556198329,True,-885.3574862804284,16.933333333333334,2.6964145782509044,101.70930886881506
2024-12-03,52.27,53.95,47.8,50.9,8509217.61,,AVAXUSDT_daily,CRYPTO,BINANCE,USDT,1,1,1,50.9,50.9,50.9,5.957754257225012,1433,0.0,0.5,1,20.0,52.75343034917734,0.0024642947224384104,True,20.0,28.658956406076005,0.004536103763095806,True,20.0,20.414155056810994,0.006368130331048245,True,20.0,10.91533102180899,0.011909854107058972,True,20.0,9.884530131761577,0.01315186440499342,True,-7.712310281462839,9.370172633784493,0.013873810556198329,True,-929.4145597258989,19.534227657090366,-0.44382373573114026,101.26548513308391
2024-12-04,50.9,55.79,50.83,52.76,6737952.02,,AVAXUSDT_daily,CRYPTO,BINANCE,USDT,1,1,1,52.76,52.76,52.76,6.149286886341803,1434,0.0,0.5,1,20.0,52.75343034917734,0.0024642947224384104,True,20.0,28.658956406076005,0.004536103763095806,True,20.0,20.414155056810994,0.006368130331048245,True,20.0,10.91533102180899,0.011909854107058972,True,20.0,9.884530131761577,0.01315186440499342,True,20.0,9.370172633784493,0.013873810556198329,True,-870.4922474160151,20.0,0.7138244291196069,101.97930956220353
2024-12-05,52.76,53.62,48.76,50.3,5150018.91,,AVAXUSDT_daily,CRYPTO,BINANCE,USDT,1,1,1,50.3,50.3,50.3,6.1174986288264135,1435,0.0,0.5,1,20.0,52.75343034917734,0.0024642947224384104,True,20.0,28.658956406076005,0.004536103763095806,True,20.0,20.414155056810994,0.006368130331048245,True,20.0,10.91533102180899,0.011909854107058972,True,20.0,9.884530131761577,0.01315186440499342,True,20.0,9.370172633784493,0.013873810556198329,True,-951.7237051385255,20.0,-0.9325246398786957,101.04678492232483
2024-12-06,50.29,53.55,49.62,52.47,3531401.48,,AVAXUSDT_daily,CRYPTO,BINANCE,USDT,1,1,1,52.47,52.47,52.47,6.266532890976712,1436,0.0,0.5,1,20.0,52.75343034917734,0.0024642947224384104,True,20.0,28.658956406076005,0.004536103763095806,True,20.0,20.414155056810994,0.006368130331048245,True,20.0,10.91533102180899,0.011909854107058972,True,20.0,9.884530131761577,0.01315186440499342,True,20.0,9.370172633784493,0.013873810556198329,True,-881.7565762941556,20.0,0.8628230616302179,101.90960798395506
2024-12-07,52.48,53.08,51.2,51.6,1802079.69,,AVAXUSDT_daily,CRYPTO,BINANCE,USDT,1,1,1,51.6,51.6,51.6,6.196095459834124,1437,0.0,0.5,1,20.0,52.75343034917734,0.0024642947224384104,True,20.0,28.658956406076005,0.004536103763095806,True,20.0,20.414155056810994,0.006368130331048245,True,20.0,10.91533102180899,0.011909854107058972,True,20.0,9.884530131761577,0.01315186440499342,True,20.0,9.370172633784493,0.013873810556198329,True,-910.6682909702765,20.0,-0.3316180674671232,101.57798991648794
2024-12-08,51.6,54.39,50.35,53.98,2610374.95,,AVAXUSDT_daily,CRYPTO,BINANCE,USDT,1,1,1,53.98,53.98,53.98,6.226897850624641,1438,0.0,0.5,1,20.0,52.75343034917734,0.0024642947224384104,True,20.0,28.658956406076005,0.004536103763095806,True,20.0,20.414155056810994,0.006368130331048245,True,20.0,10.91533102180899,0.011909854107058972,True,20.0,9.884530131761577,0.01315186440499342,True,20.0,9.370172633784493,0.013873810556198329,True,-833.8001688720876,20.0,0.9224806201550351,102.50047053664298
2024-12-09,53.99,54.2,40.4,45.02,8678006.11,,AVAXUSDT_daily,CRYPTO,BINANCE,USDT,1,1,1,45.02,45.02,45.02,5.686105965653474,1439,0.0,0.5,1,-20.0,52.75343034917734,0.0024642947224384104,True,20.0,28.658956406076005,0.004536103763095806,True,20.0,20.414155056810994,0.006368130331048245,True,20.0,10.91533102180899,0.011909854107058972,True,20.0,9.884530131761577,0.01315186440499342,True,20.0,9.370172633784493,0.013873810556198329,True,-1129.050197552033,16.933333333333334,-3.319748054835121,99.18072248180786
2024-12-10,45.02,46.49,41.32,44.6,5913538.77,,AVAXUSDT_daily,CRYPTO,BINANCE,USDT,1,1,1,44.6,44.6,44.6,4.954478967773871,1440,0.0,0.5,1,-20.0,52.75343034917734,0.0024642947224384104,True,20.0,28.658956406076005,0.004536103763095806,True,20.0,20.414155056810994,0.006368130331048245,True,20.0,10.91533102180899,0.011909854107058972,True,20.0,9.884530131761577,0.01315186440499342,True,20.0,9.370172633784493,0.013873810556198329,True,-1143.323745760327,16.933333333333334,-0.1579742336739229,99.02274824813394
2024-12-11,44.6,48.48,42.78,48.47,3179918.54,,AVAXUSDT_daily,CRYPTO,BINANCE,USDT,1,1,1,48.47,48.47,48.47,4.347289415620518,1441,0.0,0.5,1,-20.0,52.75343034917734,0.0024642947224384104,True,20.0,28.658956406076005,0.004536103763095806,True,20.0,20.414155056810994,0.006368130331048245,True,20.0,10.91533102180899,0.011909854107058972,True,20.0,9.884530131761577,0.01315186440499342,True,20.0,9.370172633784493,0.013873810556198329,True,-1023.0788752687737,16.933333333333334,1.46932735426009,100.49207560239402
2024-12-12,48.46,55.41,48.21,53.14,6946012.23,,AVAXUSDT_daily,CRYPTO,BINANCE,USDT,1,1,1,53.14,53.14,53.14,4.488250010628081,1442,0.0,0.5,1,20.0,52.75343034917734,0.0024642947224384104,True,20.0,28.658956406076005,0.004536103763095806,True,20.0,20.414155056810994,0.006368130331048245,True,20.0,10.91533102180899,0.011909854107058972,True,20.0,9.884530131761577,0.01315186440499342,True,20.0,9.370172633784493,0.013873810556198329,True,-891.9621251682662,20.0,1.6314971460009642,102.12357274839499
2024-12-13,53.14,54.03,50.72,52.78,3059871.58,,AVAXUSDT_daily,CRYPTO,BINANCE,USDT,1,1,1,52.78,52.78,52.78,4.435950589398749,1443,0.0,0.5,1,20.0,52.75343034917734,0.0024642947224384104,True,20.0,28.658956406076005,0.004536103763095806,True,20.0,20.414155056810994,0.006368130331048245,True,20.0,10.91533102180899,0.011909854107058972,True,20.0,9.884530131761577,0.01315186440499342,True,20.0,9.370172633784493,0.013873810556198329,True,-902.346355446438,20.0,-0.13549115543846524,101.98808159295653
2024-12-14,52.79,53.84,49.38,49.85,2178229.4,,AVAXUSDT_daily,CRYPTO,BINANCE,USDT,1,1,1,49.85,49.85,49.85,4.244734695076604,1444,0.0,0.5,1,20.0,52.75343034917734,0.0024642947224384104,True,20.0,28.658956406076005,0.004536103763095806,True,20.0,20.414155056810994,0.006368130331048245,True,20.0,10.91533102180899,0.011909854107058972,True,20.0,9.884530131761577,0.01315186440499342,True,20.0,9.370172633784493,0.013873810556198329,True,-991.7267778596508,20.0,-1.1102690413035243,100.87781255165301
2024-12-15,49.85,51.56,48.1,50.76,2534152.78,,AVAXUSDT_daily,CRYPTO,BINANCE,USDT,1,1,1,50.76,50.76,50.76,3.9566430149024674,1445,0.0,0.5,1,20.0,52.75343034917734,0.0024642947224384104,True,20.0,28.658956406076005,0.004536103763095806,True,20.0,20.414155056810994,0.006368130331048245,True,20.0,10.91533102180899,0.011909854107058972,True,20.0,9.884530131761577,0.01315186440499342,True,20.0,9.370172633784493,0.013873810556198329,True,-963.8450342370861,20.0,0.3650952858575707,101.24290783751059
2024-12-16,50.77,52.05,48.34,48.98,2847916.5,,AVAXUSDT_daily,CRYPTO,BINANCE,USDT,1,1,1,48.98,48.98,48.98,3.7025872533174797,1446,0.0,0.5,1,-20.0,52.75343034917734,0.0024642947224384104,True,20.0,28.658956406076005,0.004536103763095806,True,20.0,20.414155056810994,0.006368130331048245,True,20.0,10.91533102180899,0.011909854107058972,True,20.0,9.884530131761577,0.01315186440499342,True,20.0,9.370172633784493,0.013873810556198329,True,-1021.0171468983523,16.933333333333334,-0.7013396375098502,100.54156820000074
2024-12-17,48.99,50.84,47.52,47.92,2405448.95,,AVAXUSDT_daily,CRYPTO,BINANCE,USDT,1,1,1,47.92,47.92,47.92,3.508412859040635,1447,0.0,0.5,1,-20.0,52.75343034917734,0.0024642947224384104,True,20.0,28.658956406076005,0.004536103763095806,True,20.0,20.414155056810994,0.006368130331048245,True,20.0,10.91533102180899,0.011909854107058972,True,20.0,9.884530131761577,0.01315186440499342,True,20.0,9.370172633784493,0.013873810556198329,True,-1056.4321922719262,16.933333333333334,-0.3664625017013726,100.17510569829936
2024-12-18,47.92,48.2,42.63,42.78,4851431.93,,AVAXUSDT_daily,CRYPTO,BINANCE,USDT,1,1,1,42.78,42.78,42.78,3.5074538673497826,1448,0.0,0.5,1,-20.0,52.75343034917734,0.0024642947224384104,True,-20.0,28.658956406076005,0.004536103763095806,True,20.0,20.414155056810994,0.006368130331048245,True,20.0,10.91533102180899,0.011909854107058972,True,20.0,9.884530131761577,0.01315186440499342,True,20.0,9.370172633784493,0.013873810556198329,True,-1240.6028625572806,8.466666666666667,-1.816304952698943,98.35880074560042
2024-12-19,42.78,43.61,37.46,38.83,6144612.93,,AVAXUSDT_daily,CRYPTO,BINANCE,USDT,1,1,1,38.83,38.83,38.83,4.105373212088562,1449,0.0,0.5,1,-20.0,52.75343034917734,0.0024642947224384104,True,-20.0,28.658956406076005,0.004536103763095806,True,20.0,20.414155056810994,0.006368130331048245,True,20.0,10.91533102180899,0.011909854107058972,True,20.0,9.884530131761577,0.01315186440499342,True,20.0,9.370172633784493,0.013873810556198329,True,-1393.836222048226,8.466666666666667,-0.7817515973196202,97.57704914828079
2024-12-20,38.84,40.39,33.6,39.86,6360495.34,,AVAXUSDT_daily,CRYPTO,BINANCE,USDT,1,1,1,39.86,39.86,39.86,4.493589117609978,1450,0.0,0.5,1,-20.0,52.75343034917734,0.0024642947224384104,True,-20.0,28.658956406076005,0.004536103763095806,True,20.0,20.414155056810994,0.006368130331048245,True,20.0,10.91533102180899,0.011909854107058972,True,20.0,9.884530131761577,0.01315186440499342,True,20.0,9.370172633784493,0.013873810556198329,True,-1354.2046690735885,8.466666666666667,0.22458580135634007,97.80163494963713
2024-12-21,39.85,42.36,36.93,37.42,2760917.7,,AVAXUSDT_daily,CRYPTO,BINANCE,USDT,1,1,1,37.42,37.42,37.42,5.0972722065215,1451,0.0,0.5,1,-20.0,52.75343034917734,0.0024642947224384104,True,-20.0,28.658956406076005,0.004536103763095806,True,-20.0,20.414155056810994,0.006368130331048245,True,20.0,10.91533102180899,0.011909854107058972,True,20.0,9.884530131761577,0.01315186440499342,True,20.0,9.370172633784493,0.013873810556198329,True,-1454.8669472240401,0.0,-0.5182806489379491,97.28335430069919
2024-12-22,37.42,38.54,35.52,36.57,2091153.42,,AVAXUSDT_daily,CRYPTO,BINANCE,USDT,1,1,1,36.57,36.57,36.57,5.6247212562521325,1452,0.0,0.5,1,-20.0,52.75343034917734,0.0024642947224384104,True,-20.0,28.658956406076005,0.004536103763095806,True,-20.0,20.414155056810994,0.006368130331048245,True,20.0,10.91533102180899,0.011909854107058972,True,20.0,9.884530131761577,0.01315186440499342,True,20.0,9.370172633784493,0.013873810556198329,True,-1491.5223413877984,0.0,-0.0,97.28335430069919
2024-12-23,36.57,39.74,35.62,39.11,3166198.31,,AVAXUSDT_daily,CRYPTO,BINANCE,USDT,1,1,1,39.11,39.11,39.11,5.857084778733487,1453,0.0,0.5,1,-20.0,52.75343034917734,0.0024642947224384104,True,-20.0,28.658956406076005,0.004536103763095806,True,-20.0,20.414155056810994,0.006368130331048245,True,20.0,10.91533102180899,0.011909854107058972,True,20.0,9.884530131761577,0.01315186440499342,True,20.0,9.370172633784493,0.013873810556198329,True,-1389.9090627831488,0.0,0.0,97.28335430069919
2024-12-24,39.1,42.06,37.7,41.25,2566311.12,,AVAXUSDT_daily,CRYPTO,BINANCE,USDT,1,1,1,41.25,41.25,41.25,5.812153758788381,1454,0.0,0.5,1,-20.0,52.75343034917734,0.0024642947224384104,True,-20.0,28.658956406076005,0.004536103763095806,True,-20.0,20.414155056810994,0.006368130331048245,True,20.0,10.91533102180899,0.011909854107058972,True,20.0,9.884530131761577,0.01315186440499342,True,20.0,9.370172633784493,0.013873810556198329,True,-1308.2915203962382,0.0,0.0,97.28335430069919
2024-12-25,41.25,41.9,39.83,40.25,1222671.71,,AVAXUSDT_daily,CRYPTO,BINANCE,USDT,1,1,1,40.25,40.25,40.25,5.880755053563148,1455,0.0,0.5,1,-20.0,52.75343034917734,0.0024642947224384104,True,-20.0,28.658956406076005,0.004536103763095806,True,-20.0,20.414155056810994,0.006368130331048245,True,20.0,10.91533102180899,0.011909854107058972,True,20.0,9.884530131761577,0.01315186440499342,True,20.0,9.370172633784493,0.013873810556198329,True,-1348.1388240095694,0.0,-0.0,97.28335430069919
2024-12-26,40.26,40.74,36.97,37.33,1918690.88,,AVAXUSDT_daily,CRYPTO,BINANCE,USDT,1,1,1,37.33,37.33,37.33,5.948588067769412,1456,0.0,0.5,1,-20.0,52.75343034917734,0.0024642947224384104,True,-20.0,28.658956406076005,0.004536103763095806,True,-20.0,20.414155056810994,0.006368130331048245,True,20.0,10.91533102180899,0.011909854107058972,True,20.0,9.884530131761577,0.01315186440499342,True,20.0,9.370172633784493,0.013873810556198329,True,-1473.0060357024552,0.0,-0.0,97.28335430069919
2024-12-27,37.33,39.05,36.31,36.56,1872302.26,,AVAXUSDT_daily,CRYPTO,BINANCE,USDT,1,1,1,36.56,36.56,36.56,6.023829084736219,1457,0.0,0.5,1,-20.0,52.75343034917734,0.0024642947224384104,True,-20.0,28.658956406076005,0.004536103763095806,True,-20.0,20.414155056810994,0.006368130331048245,True,20.0,10.91533102180899,0.011909854107058972,True,20.0,9.884530131761577,0.01315186440499342,True,20.0,9.370172633784493,0.013873810556198329,True,-1507.3419894551728,0.0,-0.0,97.28335430069919
2024-12-28,36.57,38.14,36.28,37.74,1085666.84,,AVAXUSDT_daily,CRYPTO,BINANCE,USDT,1,1,1,37.74,37.74,37.74,5.734067996586939,1458,0.0,0.5,1,-20.0,52.75343034917734,0.0024642947224384104,True,-20.0,28.658956406076005,0.004536103763095806,True,-20.0,20.414155056810994,0.006368130331048245,True,20.0,10.91533102180899,0.011909854107058972,True,20.0,9.884530131761577,0.01315186440499342,True,20.0,9.370172633784493,0.013873810556198329,True,-1455.667344186825,0.0,0.0,97.28335430069919
2024-12-29,37.75,37.81,35.53,35.84,1157162.61,,AVAXUSDT_daily,CRYPTO,BINANCE,USDT,1,1,1,35.84,35.84,35.84,5.965456350832946,1459,0.0,0.5,1,-20.0,52.75343034917734,0.0024642947224384104,True,-20.0,28.658956406076005,0.004536103763095806,True,-20.0,20.414155056810994,0.006368130331048245,True,20.0,10.91533102180899,0.011909854107058972,True,20.0,9.884530131761577,0.01315186440499342,True,20.0,9.370172633784493,0.013873810556198329,True,-1544.1276897197588,0.0,-0.0,97.28335430069919
2024-12-30,35.85,37.19,34.87,35.97,2903986.22,,AVAXUSDT_daily,CRYPTO,BINANCE,USDT,1,1,1,35.97,35.97,35.97,6.152955194992723,1460,0.0,0.5,1,-20.0,52.75343034917734,0.0024642947224384104,True,-20.0,28.658956406076005,0.004536103763095806,True,-20.0,20.414155056810994,0.006368130331048245,True,20.0,10.91533102180899,0.011909854107058972,True,20.0,9.884530131761577,0.01315186440499342,True,20.0,9.370172633784493,0.013873810556198329,True,-1537.9676621908757,0.0,0.0,97.28335430069919
2024-12-31,35.98,37.29,34.94,35.71,1329180.53,,AVAXUSDT_daily,CRYPTO,BINANCE,USDT,1,1,1,35.71,35.71,35.71,6.1705573193665435,1461,0.0,0.5,1,-20.0,52.75343034917734,0.0024642947224384104,True,-20.0,28.658956406076005,0.004536103763095806,True,-20.0,20.414155056810994,0.006368130331048245,True,20.0,10.91533102180899,0.011909854107058972,True,20.0,9.884530131761577,0.01315186440499342,True,20.0,9.370172633784493,0.013873810556198329,True,-1550.6494961771332,0.0,-0.0,97.28335430069919
2025-01-01,35.7,37.99,34.95,37.78,1248478.54,,AVAXUSDT_daily,CRYPTO,BINANCE,USDT,1,1,1,37.78,37.78,37.78,5.634846913346563,1462,0.0,0.5,1,-20.0,52.75343034917734,0.0024642947224384104,True,-20.0,28.658956406076005,0.004536103763095806,True,-20.0,20.414155056810994,0.006368130331048245,True,17.26677502726884,10.91533102180899,0.011909854107058972,True,20.0,9.884530131761577,0.01315186440499342,True,20.0,9.370172633784493,0.013873810556198329,True,-1455.708397684756,-0.5785326192280965,0.0,97.28335430069919
2025-01-02,37.77,40.6,37.77,39.28,1937889.62,,AVAXUSDT_daily,CRYPTO,BINANCE,USDT,1,1,1,39.28,39.28,39.28,4.935358436298839,1463,0.0,0.5,1,20.0,52.75343034917734,0.0024642947224384104,True,-20.0,28.658956406076005,0.004536103763095806,True,-20.0,20.414155056810994,0.006368130331048245,True,19.64824404447279,10.91533102180899,0.011909854107058972,True,20.0,9.884530131761577,0.01315186440499342,True,20.0,9.370172633784493,0.013873810556198329,True,-1388.8716955583764,8.392211656080073,-0.022969796951883073,97.2603845037473
2025-01-03,39.28,42.19,38.89,41.94,2194111.86,,AVAXUSDT_daily,CRYPTO,BINANCE,USDT,1,1,1,41.94,41.94,41.94,4.437602956553158,1464,0.0,0.5,1,20.0,52.75343034917734,0.0024642947224384104,True,-12.999673692140892,28.658956406076005,0.004536103763095806,True,-20.0,20.414155056810994,0.006368130331048245,True,20.0,10.91533102180899,0.011909854107058972,True,20.0,9.884530131761577,0.01315186440499342,True,20.0,9.370172633784493,0.013873810556198329,True,-1278.780438644986,9.948402401830178,0.5683116854677438,97.82869618921505
2025-01-04,41.93,42.85,40.89,42.63,1643635.51,,AVAXUSDT_daily,CRYPTO,BINANCE,USDT,1,1,1,42.63,42.63,42.63,3.724152853159172,1465,0.0,0.5,1,20.0,52.75343034917734,0.0024642947224384104,True,20.0,28.658956406076005,0.004536103763095806,True,-20.0,20.414155056810994,0.006368130331048245,True,20.0,10.91533102180899,0.011909854107058972,True,20.0,9.884530131761577,0.01315186440499342,True,20.0,9.370172633784493,0.013873810556198329,True,-1250.10218205544,16.933333333333334,0.16367185639634918,97.9923680456114
2025-01-05,42.63,43.2,41.24,43.11,1297708.53,,AVAXUSDT_daily,CRYPTO,BINANCE,USDT,1,1,1,43.11,43.11,43.11,3.1385303298818665,1466,0.0,0.5,1,20.0,52.75343034917734,0.0024642947224384104,True,20.0,28.658956406076005,0.004536103763095806,True,-20.0,20.414155056810994,0.006368130331048245,True,20.0,10.91533102180899,0.011909854107058972,True,20.0,9.884530131761577,0.01315186440499342,True,20.0,9.370172633784493,0.013873810556198329,True,-1229.9544413210472,16.933333333333334,0.1906638517475932,98.18303189735899
2025-01-06,43.11,45.05,42.03,44.05,2332218.89,,AVAXUSDT_daily,CRYPTO,BINANCE,USDT,1,1,1,44.05,44.05,44.05,2.6694558384984877,1467,0.0,0.5,1,20.0,52.75343034917734,0.0024642947224384104,True,20.0,28.658956406076005,0.004536103763095806,True,20.0,20.414155056810994,0.006368130331048245,True,20.0,10.91533102180899,0.011909854107058972,True,20.0,9.884530131761577,0.01315186440499342,True,20.0,9.370172633784493,0.013873810556198329,True,-1190.5938890502732,20.0,0.3692260109796631,98.55225790833865
2025-01-07,44.04,44.57,39.13,39.21,3020624.86,,AVAXUSDT_daily,CRYPTO,BINANCE,USDT,1,1,1,39.21,39.21,39.21,2.5333971367792016,1468,0.0,0.5,1,-20.0,52.75343034917734,0.0024642947224384104,True,20.0,28.658956406076005,0.004536103763095806,True,-20.0,20.414155056810994,0.006368130331048245,True,20.0,10.91533102180899,0.011909854107058972,True,20.0,9.884530131761577,0.01315186440499342,True,20.0,9.370172633784493,0.013873810556198329,True,-1402.5891018836116,8.466666666666667,-2.1975028376844485,96.35475507065419
2025-01-08,39.2,39.93,36.19,37.43,2979010.3,,AVAXUSDT_daily,CRYPTO,BINANCE,USDT,1,1,1,37.43,37.43,37.43,2.558201670995305,1469,0.0,0.5,1,-20.0,52.75343034917734,0.0024642947224384104,True,-20.0,28.658956406076005,0.004536103763095806,True,-20.0,20.414155056810994,0.006368130331048245,True,20.0,10.91533102180899,0.011909854107058972,True,20.0,9.884530131761577,0.01315186440499342,True,20.0,9.370172633784493,0.013873810556198329,True,-1484.9957059397466,0.0,-0.3843577318711219,95.97039733878307
2025-01-09,37.42,37.94,35.5,36.2,1999453.23,,AVAXUSDT_daily,CRYPTO,BINANCE,USDT,1,1,1,36.2,36.2,36.2,2.6199917637494154,1470,0.0,0.5,1,-20.0,52.75343034917734,0.0024642947224384104,True,-20.0,28.658956406076005,0.004536103763095806,True,-20.0,20.414155056810994,0.006368130331048245,True,20.0,10.91533102180899,0.011909854107058972,True,20.0,9.884530131761577,0.01315186440499342,True,20.0,9.370172633784493,0.013873810556198329,True,-1544.8160553898874,0.0,-0.0,95.97039733878307
2025-01-10,36.21,37.93,35.95,36.67,2106803.56,,AVAXUSDT_daily,CRYPTO,BINANCE,USDT,1,1,1,36.67,36.67,36.67,2.645558890313118,1471,0.0,0.5,1,-20.0,52.75343034917734,0.0024642947224384104,True,-20.0,28.658956406076005,0.004536103763095806,True,-20.0,20.414155056810994,0.006368130331048245,True,-7.090097282593842,10.91533102180899,0.011909854107058972,True,20.0,9.884530131761577,0.01315186440499342,True,20.0,9.370172633784493,0.013873810556198329,True,-1521.8148381359074,-5.734070591482364,0.0,95.97039733878307
2025-01-11,36.67,37.78,36.02,37.13,864520.17,,AVAXUSDT_daily,CRYPTO,BINANCE,USDT,1,1,1,37.13,37.13,37.13,2.624356512608885,1472,0.0,0.5,1,-20.0,52.75343034917734,0.0024642947224384104,True,-20.0,28.658956406076005,0.004536103763095806,True,-20.0,20.414155056810994,0.006368130331048245,True,-20.0,10.91533102180899,0.011909854107058972,True,20.0,9.884530131761577,0.01315186440499342,True,20.0,9.370172633784493,0.013873810556198329,True,-1499.150249206313,-8.466666666666667,-0.07192998287651757,95.89846735590656
2025-01-12,37.14,37.63,36.11,36.56,806162.71,,AVAXUSDT_daily,CRYPTO,BINANCE,USDT,1,1,1,36.56,36.56,36.56,2.6680124674231402,1473,0.0,0.5,1,-20.0,52.75343034917734,0.0024642947224384104,True,-20.0,28.658956406076005,0.004536103763095806,True,-20.0,20.414155056810994,0.006368130331048245,True,-20.0,10.91533102180899,0.011909854107058972,True,20.0,9.884530131761577,0.01315186440499342,True,20.0,9.370172633784493,0.013873810556198329,True,-1528.2454875658382,-8.466666666666667,0.12997576084029047,96.02844311674686
2025-01-13,36.57,37.36,32.79,35.29,3196828.06,,AVAXUSDT_daily,CRYPTO,BINANCE,USDT,1,1,1,35.29,35.29,35.29,2.6929389150163736,1474,0.0,0.5,1,-20.0,52.75343034917734,0.0024642947224384104,True,-20.0,28.658956406076005,0.004536103763095806,True,-20.0,20.414155056810994,0.006368130331048245,True,-20.0,10.91533102180899,0.011909854107058972,True,20.0,9.884530131761577,0.01315186440499342,True,20.0,9.370172633784493,0.013873810556198329,True,-1596.3065785160136,-8.466666666666667,0.29411013858497476,96.32255325533183
2025-01-14,35.3,36.72,35.01,36.57,1368764.92,,AVAXUSDT_daily,CRYPTO,BINANCE,USDT,1,1,1,36.57,36.57,36.57,2.680828622883743,1475,0.0,0.5,1,-20.0,52.75343034917734,0.0024642947224384104,True,-20.0,28.658956406076005,0.004536103763095806,True,-20.0,20.414155056810994,0.006368130331048245,True,-20.0,10.91533102180899,0.011909854107058972,True,20.0,9.884530131761577,0.01315186440499342,True,20.0,9.370172633784493,0.013873810556198329,True,-1529.675515018093,-8.466666666666667,-0.30709360536507047,96.01545964996676
2025-01-15,36.57,40.02,36.2,39.82,2645740.7,,AVAXUSDT_daily,CRYPTO,BINANCE,USDT,1,1,1,39.82,39.82,39.82,2.6985034351438677,1476,0.0,0.5,1,20.0,52.75343034917734,0.0024642947224384104,True,-20.0,28.658956406076005,0.004536103763095806,True,-20.0,20.414155056810994,0.006368130331048245,True,-20.0,10.91533102180899,0.011909854107058972,True,20.0,9.884530131761577,0.01315186440499342,True,20.0,9.370172633784493,0.013873810556198329,True,-1381.0144359854564,0.0,-0.7524382462856622,95.2630214036811
2025-01-16,39.83,40.53,38.34,40.06,2530086.47,,AVAXUSDT_daily,CRYPTO,BINANCE,USDT,1,1,1,40.06,40.06,40.06,2.6949513714993807,1477,0.0,0.5,1,20.0,52.75343034917734,0.0024642947224384104,True,20.0,28.658956406076005,0.004536103763095806,True,-20.0,20.414155056810994,0.006368130331048245,True,-20.0,10.91533102180899,0.011909854107058972,True,20.0,9.884530131761577,0.01315186440499342,True,20.0,9.370172633784493,0.013873810556198329,True,-1369.8708865046224,8.466666666666667,0.0,95.2630214036811
2025-01-17,40.07,41.82,40.07,41.38,1918562.98,,AVAXUSDT_daily,CRYPTO,BINANCE,USDT,1,1,1,41.38,41.38,41.38,2.7664765259135278,1478,0.0,0.5,1,20.0,52.75343034917734,0.0024642947224384104,True,20.0,28.658956406076005,0.004536103763095806,True,-20.0,20.414155056810994,0.006368130331048245,True,-20.0,10.91533102180899,0.011909854107058972,True,20.0,9.884530131761577,0.01315186440499342,True,20.0,9.370172633784493,0.013873810556198329,True,-1309.7165736838658,8.466666666666667,0.27898152770843787,95.54200293138953
2025-01-18,41.37,41.68,38.3,39.25,2433155.45,,AVAXUSDT_daily,CRYPTO,BINANCE,USDT,1,1,1,39.25,39.25,39.25,2.6893857643490255,1479,0.0,0.5,1,20.0,52.75343034917734,0.0024642947224384104,True,20.0,28.658956406076005,0.004536103763095806,True,-20.0,20.414155056810994,0.006368130331048245,True,-20.0,10.91533102180899,0.011909854107058972,True,20.0,9.884530131761577,0.01315186440499342,True,20.0,9.370172633784493,0.013873810556198329,True,-1411.6536449861894,8.466666666666667,-0.4358144030932825,95.10618852829624
2025-01-19,39.25,40.57,34.86,35.68,5434412.75,,AVAXUSDT_daily,CRYPTO,BINANCE,USDT,1,1,1,35.68,35.68,35.68,2.7061875980424905,1480,0.0,0.5,1,-20.0,52.75343034917734,0.0024642947224384104,True,-20.0,28.658956406076005,0.004536103763095806,True,-20.0,20.414155056810994,0.006368130331048245,True,-20.0,10.91533102180899,0.011909854107058972,True,20.0,9.884530131761577,0.01315186440499342,True,20.0,9.370172633784493,0.013873810556198329,True,-1591.8556089763483,-8.466666666666667,-0.7700891719745225,94.33609935632172
2025-01-20,35.68,40.24,34.49,36.03,7072834.44,,AVAXUSDT_daily,CRYPTO,BINANCE,USDT,1,1,1,36.03,36.03,36.03,2.6879189269589667,1481,0.0,0.5,1,-20.0,52.75343034917734,0.0024642947224384104,True,-20.0,28.658956406076005,0.004536103763095806,True,-20.0,20.414155056810994,0.006368130331048245,True,-20.0,10.91533102180899,0.011909854107058972,True,20.0,9.884530131761577,0.01315186440499342,True,20.0,9.370172633784493,0.013873810556198329,True,-1574.012201718462,-8.466666666666667,-0.08305306427503843,94.25304629204669
2025-01-21,36.04,37.59,34.52,36.95,2671980.96,,AVAXUSDT_daily,CRYPTO,BINANCE,USDT,1,1,1,36.95,36.95,36.95,2.7108623603664603,1482,0.0,0.5,1,-20.0,52.75343034917734,0.0024642947224384104,True,-20.0,28.658956406076005,0.004536103763095806,True,-20.0,20.414155056810994,0.006368130331048245,True,-20.0,10.91533102180899,0.011909854107058972,True,20.0,9.884530131761577,0.01315186440499342,True,20.0,9.370172633784493,0.013873810556198329,True,-1527.605590117862,-8.466666666666667,-0.21619021186048792,94.0368560801862
2025-01-22,36.96,37.77,36.5,36.8,1563354.77,,AVAXUSDT_daily,CRYPTO,BINANCE,USDT,1,1,1,36.8,36.8,36.8,2.74245683169193,1483,0.0,0.5,1,-20.0,52.75343034917734,0.0024642947224384104,True,-20.0,28.658956406076005,0.004536103763095806,True,-20.0,20.414155056810994,0.006368130331048245,True,-20.0,10.91533102180899,0.011909854107058972,True,20.0,9.884530131761577,0.01315186440499342,True,20.0,9.370172633784493,0.013873810556198329,True,-1535.3624508915013,-8.466666666666667,0.03437077131258594,94.07122685149878
2025-01-23,36.8,36.96,34.64,35.56,2662984.04,,AVAXUSDT_daily,CRYPTO,BINANCE,USDT,1,1,1,35.56,35.56,35.56,2.7090101124734205,1484,0.0,0.5,1,-20.0,52.75343034917734,0.0024642947224384104,True,-20.0,28.658956406076005,0.004536103763095806,True,-20.0,20.414155056810994,0.006368130331048245,True,-20.0,10.91533102180899,0.011909854107058972,True,20.0,9.884530131761577,0.01315186440499342,True,20.0,9.370172633784493,0.013873810556198329,True,-1602.5485511558127,-8.466666666666667,0.2852898550724626,94.35651670657124
2025-01-24,35.56,36.79,34.56,35.34,1730924.12,,AVAXUSDT_daily,CRYPTO,BINANCE,USDT,1,1,1,35.34,35.34,35.34,2.5860811136399806,1485,0.0,0.5,1,-20.0,52.75343034917734,0.0024642947224384104,True,-20.0,28.658956406076005,0.004536103763095806,True,-20.0,20.414155056810994,0.006368130331048245,True,-20.0,10.91533102180899,0.011909854107058972,True,20.0,9.884530131761577,0.01315186440499342,True,20.0,9.370172633784493,0.013873810556198329,True,-1614.7908353241078,-8.466666666666667,0.05238095238095175,94.4088976589522
2025-01-25,35.35,37.26,34.9,36.61,1441802.34,,AVAXUSDT_daily,CRYPTO,BINANCE,USDT,1,1,1,36.61,36.61,36.61,2.2962726662799415,1486,0.0,0.5,1,-20.0,52.75343034917734,0.0024642947224384104,True,-20.0,28.658956406076005,0.004536103763095806,True,-20.0,20.414155056810994,0.006368130331048245,True,-20.0,10.91533102180899,0.011909854107058972,True,20.0,9.884530131761577,0.01315186440499342,True,20.0,9.370172633784493,0.013873810556198329,True,-1546.1504157016284,-8.466666666666667,-0.3042633465383876,94.10463431241381
2025-01-26,36.61,38.16,35.71,35.75,1529011.14,,AVAXUSDT_daily,CRYPTO,BINANCE,USDT,1,1,1,35.75,35.75,35.75,1.7629176623484826,1487,0.0,0.5,1,-20.0,52.75343034917734,0.0024642947224384104,True,-20.0,28.658956406076005,0.004536103763095806,True,-20.0,20.414155056810994,0.006368130331048245,True,-20.0,10.91533102180899,0.011909854107058972,True,20.0,9.884530131761577,0.01315186440499342,True,20.0,9.370172633784493,0.013873810556198329,True,-1594.5113617718523,-8.466666666666667,0.19888919238823663,94.30352350480204
2025-01-27,35.74,36.06,32.87,34.2,3827537.04,,AVAXUSDT_daily,CRYPTO,BINANCE,USDT,1,1,1,34.2,34.2,34.2,1.8194834431809872,1488,0.0,0.5,1,-20.0,52.75343034917734,0.0024642947224384104,True,-20.0,28.658956406076005,0.004536103763095806,True,-20.0,20.414155056810994,0.006368130331048245,True,-20.0,10.91533102180899,0.011909854107058972,True,20.0,9.884530131761577,0.01315186440499342,True,20.0,9.370172633784493,0.013873810556198329,True,-1686.063422026957,-8.466666666666667,0.36708624708624615,94.67060975188829
2025-01-28,34.2,34.52,31.84,32.08,1705606.48,,AVAXUSDT_daily,CRYPTO,BINANCE,USDT,1,1,1,32.08,32.08,32.08,2.116415228886431,1489,0.0,0.5,1,-20.0,52.75343034917734,0.0024642947224384104,True,-20.0,28.658956406076005,0.004536103763095806,True,-20.0,20.414155056810994,0.006368130331048245,True,-20.0,10.91533102180899,0.011909854107058972,True,20.0,9.884530131761577,0.01315186440499342,True,20.0,9.370172633784493,0.013873810556198329,True,-1818.2693326543667,-8.466666666666667,0.5248343079922038,95.1954440598805
2025-01-29,32.08,33.84,31.89,32.8,2065519.3,,AVAXUSDT_daily,CRYPTO,BINANCE,USDT,1,1,1,32.8,32.8,32.8,2.287992167360835,1490,0.0,0.5,1,-20.0,52.75343034917734,0.0024642947224384104,True,-20.0,28.658956406076005,0.004536103763095806,True,-20.0,20.414155056810994,0.006368130331048245,True,-20.0,10.91533102180899,0.011909854107058972,True,-2.5215227751796236,9.884530131761577,0.01315186440499342,True,20.0,9.370172633784493,0.013873810556198329,True,-1773.8680409412193,-13.233722320746352,-0.19002493765586073,95.00541912222464
2025-01-30,32.8,34.7,32.44,34.29,1413844.81,,AVAXUSDT_daily,CRYPTO,BINANCE,USDT,1,1,1,34.29,34.29,34.29,2.341405055001965,1491,0.0,0.5,1,-20.0,52.75343034917734,0.0024642947224384104,True,-20.0,28.658956406076005,0.004536103763095806,True,-20.0,20.414155056810994,0.006368130331048245,True,-20.0,10.91533102180899,0.011909854107058972,True,-20.0,9.884530131761577,0.01315186440499342,True,20.0,9.370172633784493,0.013873810556198329,True,-1686.4704401941156,-16.933333333333334,-0.6011660444485384,94.4042530777761
2025-01-31,34.29,36.17,33.8,34.42,2009294.72,,AVAXUSDT_daily,CRYPTO,BINANCE,USDT,1,1,1,34.42,34.42,34.42,2.3755588816128768,1492,0.0,0.5,1,-20.0,52.75343034917734,0.0024642947224384104,True,-20.0,28.658956406076005,0.004536103763095806,True,-20.0,20.414155056810994,0.006368130331048245,True,-20.0,10.91533102180899,0.011909854107058972,True,-20.0,9.884530131761577,0.01315186440499342,True,20.0,9.370172633784493,0.013873810556198329,True,-1678.7242237047667,-16.933333333333334,-0.06419753086420048,94.3400555469119
2025-02-01,34.42,35.1,31.87,32.11,1623830.23,,AVAXUSDT_daily,CRYPTO,BINANCE,USDT,1,1,1,32.11,32.11,32.11,2.549215514006604,1493,0.0,0.5,1,-20.0,52.75343034917734,0.0024642947224384104,True,-20.0,28.658956406076005,0.004536103763095806,True,-20.0,20.414155056810994,0.006368130331048245,True,-20.0,10.91533102180899,0.011909854107058972,True,-20.0,9.884530131761577,0.01315186440499342,True,20.0,9.370172633784493,0.013873810556198329,True,-1823.5027222030112,-16.933333333333334,1.136432306798374,95.47648785371027
2025-02-02,32.11,32.59,25.91,27.63,5849752.61,,AVAXUSDT_daily,CRYPTO,BINANCE,USDT,1,1,1,27.63,27.63,27.63,3.169333775252658,1494,0.0,0.5,1,-20.0,52.75343034917734,0.0024642947224384104,True,-20.0,28.658956406076005,0.004536103763095806,True,-20.0,20.414155056810994,0.006368130331048245,True,-20.0,10.91533102180899,0.011909854107058972,True,-20.0,9.884530131761577,0.01315186440499342,True,20.0,9.370172633784493,0.013873810556198329,True,-2113.0969240994045,-16.933333333333334,2.36254541679643,97.8390332705067
2025-02-03,27.63,28.78,21.2,28.39,16232211.47,,AVAXUSDT_daily,CRYPTO,BINANCE,USDT,1,1,1,28.39,28.39,28.39,3.551385015219518,1495,0.0,0.5,1,-20.0,52.75343034917734,0.0024642947224384104,True,-20.0,28.658956406076005,0.004536103763095806,True,-20.0,20.414155056810994,0.006368130331048245,True,-20.0,10.91533102180899,0.011909854107058972,True,-20.0,9.884530131761577,0.01315186440499342,True,-3.2788459675188504,9.370172633784493,0.013873810556198329,True,-2064.873167567626,-20.0,-0.4657739172397155,97.37325935326699
2025-02-04,28.4,28.64,25.54,26.46,4687789.13,,AVAXUSDT_daily,CRYPTO,BINANCE,USDT,1,1,1,26.46,26.46,26.46,3.8885086777390807,1496,0.0,0.5,1,-20.0,52.75343034917734,0.0024642947224384104,True,-20.0,28.658956406076005,0.004536103763095806,True,-20.0,20.414155056810994,0.006368130331048245,True,-20.0,10.91533102180899,0.011909854107058972,True,-20.0,9.884530131761577,0.01315186440499342,True,-20.0,9.370172633784493,0.013873810556198329,True,-2196.215780656644,-20.0,1.3596336738288128,98.7328930270958
2025-02-05,26.47,27.41,25.62,25.84,2339405.41,,AVAXUSDT_daily,CRYPTO,BINANCE,USDT,1,1,1,25.84,25.84,25.84,4.128249629081327,1497,0.0,0.5,1,-20.0,52.75343034917734,0.0024642947224384104,True,-20.0,28.658956406076005,0.004536103763095806,True,-20.0,20.414155056810994,0.006368130331048245,True,-20.0,10.91533102180899,0.011909854107058972,True,-20.0,9.884530131761577,0.01315186440499342,True,-20.0,9.370172633784493,0.013873810556198329,True,-2240.329174864581,-20.0,0.46863189720332654,99.20152492429912
2025-02-06,25.85,26.82,24.28,24.5,2104041.57,,AVAXUSDT_daily,CRYPTO,BINANCE,USDT,1,1,1,24.5,24.5,24.5,4.237945722561657,1498,0.0,0.5,1,-20.0,52.75343034917734,0.0024642947224384104,True,-20.0,28.658956406076005,0.004536103763095806,True,-20.0,20.414155056810994,0.006368130331048245,True,-20.0,10.91533102180899,0.011909854107058972,True,-20.0,9.884530131761577,0.01315186440499342,True,-20.0,9.370172633784493,0.013873810556198329,True,-2342.0541010156053,-20.0,1.0371517027863786,100.2386766270855
2025-02-07,24.5,26.22,23.71,24.46,2801287.99,,AVAXUSDT_daily,CRYPTO,BINANCE,USDT,1,1,1,24.46,24.46,24.46,4.384157483726557,1499,0.0,0.5,1,-20.0,52.75343034917734,0.0024642947224384104,True,-20.0,28.658956406076005,0.004536103763095806,True,-20.0,20.414155056810994,0.006368130331048245,True,-20.0,10.91533102180899,0.011909854107058972,True,-20.0,9.884530131761577,0.01315186440499342,True,-20.0,9.370172633784493,0.013873810556198329,True,-2345.1528804554428,-20.0,0.03265306122449019,100.27132968830999
2025-02-08,24.46,24.82,23.91,24.58,1241644.47,,AVAXUSDT_daily,CRYPTO,BINANCE,USDT,1,1,1,24.58,24.58,24.58,4.628847759319563,1500,0.0,0.5,1,-20.0,52.75343034917734,0.0024642947224384104,True,-20.0,28.658956406076005,0.004536103763095806,True,-20.0,20.414155056810994,0.006368130331048245,True,-20.0,10.91533102180899,0.011909854107058972,True,-20.0,9.884530131761577,0.01315186440499342,True,-20.0,9.370172633784493,0.013873810556198329,True,-2335.7471891344744,-20.0,-0.09811937857726605,100.17321030973272
2025-02-09,24.59,25.52,23.66,24.87,1924433.81,,AVAXUSDT_daily,CRYPTO,BINANCE,USDT,1,1,1,24.87,24.87,24.87,4.7554064522736885,1501,0.0,0.5,1,-20.0,52.75343034917734,0.0024642947224384104,True,-20.0,28.658956406076005,0.004536103763095806,True,-20.0,20.414155056810994,0.006368130331048245,True,-20.0,10.91533102180899,0.011909854107058972,True,-20.0,9.884530131761577,0.01315186440499342,True,-20.0,9.370172633784493,0.013873810556198329,True,-2312.9674937180785,-20.0,-0.23596419853539885,99.93724611119733
2025-02-10,24.87,25.99,23.86,25.67,2019175.78,,AVAXUSDT_daily,CRYPTO,BINANCE,USDT,1,1,1,25.67,25.67,25.67,4.703941907984698,1502,0.0,0.5,1,-20.0,52.75343034917734,0.0024642947224384104,True,-20.0,28.658956406076005,0.004536103763095806,True,-20.0,20.414155056810994,0.006368130331048245,True,-20.0,10.91533102180899,0.011909854107058972,True,-20.0,9.884530131761577,0.01315186440499342,True,-20.0,9.370172633784493,0.013873810556198329,True,-2251.989041915079,-20.0,-0.6433453960595115,99.29390071513781
2025-02-11,25.66,27.02,24.88,25.39,2096874.29,,AVAXUSDT_daily,CRYPTO,BINANCE,USDT,1,1,1,25.39,25.39,25.39,4.605601709361517,1503,0.0,0.5,1,-20.0,52.75343034917734,0.0024642947224384104,True,-20.0,28.658956406076005,0.004536103763095806,True,-20.0,20.414155056810994,0.006368130331048245,True,-20.0,10.91533102180899,0.011909854107058972,True,-20.0,9.884530131761577,0.01315186440499342,True,-20.0,9.370172633784493,0.013873810556198329,True,-2274.01074744027,-20.0,0.21815348656018863,99.51205420169799
2025-02-12,25.39,27.09,24.29,26.49,2870270.45,,AVAXUSDT_daily,CRYPTO,BINANCE,USDT,1,1,1,26.49,26.49,26.49,4.479042895883953,1504,0.0,0.5,1,20.0,52.75343034917734,0.0024642947224384104,True,-20.0,28.658956406076005,0.004536103763095806,True,-20.0,20.414155056810994,0.006368130331048245,True,-20.0,10.91533102180899,0.011909854107058972,True,-20.0,9.884530131761577,0.01315186440499342,True,-20.0,9.370172633784493,0.013873810556198329,True,-2191.6761770474927,-16.933333333333334,-0.8664828672705793,98.64557133442742
2025-02-13,26.5,26.62,25.09,25.39,1590769.95,,AVAXUSDT_daily,CRYPTO,BINANCE,USDT,1,1,1,25.39,25.39,25.39,4.358184405896582,1505,0.0,0.5,1,-20.0,52.75343034917734,0.0024642947224384104,True,-20.0,28.658956406076005,0.004536103763095806,True,-20.0,20.414155056810994,0.006368130331048245,True,-20.0,10.91533102180899,0.011909854107058972,True,-20.0,9.884530131761577,0.01315186440499342,True,-20.0,9.370172633784493,0.013873810556198329,True,-2278.458933890722,-20.0,0.7031584245627263,99.34872975899015
2025-02-14,25.4,27.23,25.3,26.39,1934433.81,,AVAXUSDT_daily,CRYPTO,BINANCE,USDT,1,1,1,26.39,26.39,26.39,4.016621354481137,1506,0.0,0.5,1,20.0,52.75343034917734,0.0024642947224384104,True,-20.0,28.658956406076005,0.004536103763095806,True,-20.0,20.414155056810994,0.006368130331048245,True,-20.0,10.91533102180899,0.011909854107058972,True,-20.0,9.884530131761577,0.01315186440499342,True,-20.0,9.370172633784493,0.013873810556198329,True,-2202.7427614571056,-16.933333333333334,-0.7877116975187093,98.56101806147143
2025-02-15,26.38,26.97,25.38,25.48,880943.46,,AVAXUSDT_daily,CRYPTO,BINANCE,USDT,1,1,1,25.48,25.48,25.48,3.6961724156655045,1507,0.0,0.5,1,-20.0,52.75343034917734,0.0024642947224384104,True,-20.0,28.658956406076005,0.004536103763095806,True,-20.0,20.414155056810994,0.006368130331048245,True,-20.0,10.91533102180899,0.011909854107058972,True,-20.0,9.884530131761577,0.01315186440499342,True,-20.0,9.370172633784493,0.013873810556198329,True,-2275.0593152550537,-20.0,0.5839080459770107,99.14492610744844
2025-02-16,25.49,25.59,24.74,24.85,1050638.52,,AVAXUSDT_daily,CRYPTO,BINANCE,USDT,1,1,1,24.85,24.85,24.85,3.4643287114625054,1508,0.0,0.5,1,-20.0,52.75343034917734,0.0024642947224384104,True,-20.0,28.658956406076005,0.004536103763095806,True,-20.0,20.414155056810994,0.006368130331048245,True,-20.0,10.91533102180899,0.011909854107058972,True,-20.0,9.884530131761577,0.01315186440499342,True,-20.0,9.370172633784493,0.013873810556198329,True,-2327.305281340247,-20.0,0.49450549450549275,99.63943160195393
2025-02-17,24.86,25.95,24.43,25.03,1756982.01,,AVAXUSDT_daily,CRYPTO,BINANCE,USDT,1,1,1,25.03,25.03,25.03,3.341467688875705,1509,0.0,0.5,1,-20.0,52.75343034917734,0.0024642947224384104,True,-20.0,28.658956406076005,0.004536103763095806,True,-20.0,20.414155056810994,0.006368130331048245,True,-20.0,10.91533102180899,0.011909854107058972,True,-20.0,9.884530131761577,0.01315186440499342,True,-20.0,9.370172633784493,0.013873810556198329,True,-2312.2333268849875,-20.0,-0.14486921529174968,99.49456238666218
2025-02-18,25.04,25.12,22.93,23.52,2182686.86,,AVAXUSDT_daily,CRYPTO,BINANCE,USDT,1,1,1,23.52,23.52,23.52,3.170458376292046,1510,0.0,0.5,1,-20.0,52.75343034917734,0.0024642947224384104,True,-20.0,28.658956406076005,0.004536103763095806,True,-20.0,20.414155056810994,0.006368130331048245,True,-20.0,10.91533102180899,0.011909854107058972,True,-20.0,9.884530131761577,0.01315186440499342,True,-20.0,9.370172633784493,0.013873810556198329,True,-2445.7913551352526,-20.0,1.2065521374350796,100.70111452409726
2025-02-19,23.53,24.02,22.98,23.74,1684111.7,,AVAXUSDT_daily,CRYPTO,BINANCE,USDT,1,1,1,23.74,23.74,23.74,2.699215236832332,1511,0.0,0.5,1,-20.0,52.75343034917734,0.0024642947224384104,True,-20.0,28.658956406076005,0.004536103763095806,True,-20.0,20.414155056810994,0.006368130331048245,True,-20.0,10.91533102180899,0.011909854107058972,True,-20.0,9.884530131761577,0.01315186440499342,True,-20.0,9.370172633784493,0.013873810556198329,True,-2426.221061127957,-20.0,-0.18707482993197022,100.51403969416529
2025-02-20,23.73,25.35,23.72,25.15,2019666.25,,AVAXUSDT_daily,CRYPTO,BINANCE,USDT,1,1,1,25.15,25.15,25.15,1.9027489808751845,1512,0.0,0.5,1,-20.0,52.75343034917734,0.0024642947224384104,True,-20.0,28.658956406076005,0.004536103763095806,True,-20.0,20.414155056810994,0.006368130331048245,True,-20.0,10.91533102180899,0.011909854107058972,True,-20.0,9.884530131761577,0.01315186440499342,True,-20.0,9.370172633784493,0.013873810556198329,True,-2311.3327502214192,-20.0,-1.1878685762426278,99.32617111792267
2025-02-21,25.15,26.54,23.77,24.54,3693083.33,,AVAXUSDT_daily,CRYPTO,BINANCE,USDT,1,1,1,24.54,24.54,24.54,1.206330996739815,1513,0.0,0.5,1,-20.0,52.75343034917734,0.0024642947224384104,True,-20.0,28.658956406076005,0.004536103763095806,True,-20.0,20.414155056810994,0.006368130331048245,True,-20.0,10.91533102180899,0.011909854107058972,True,-20.0,9.884530131761577,0.01315186440499342,True,-20.0,9.370172633784493,0.013873810556198329,True,-2363.130920419044,-20.0,0.4850894632206759,99.81126058114334
2025-02-22,24.54,26.37,24.44,25.83,2159273.44,,AVAXUSDT_daily,CRYPTO,BINANCE,USDT,1,1,1,25.83,25.83,25.83,1.0946293532806919,1514,0.0,0.5,1,20.0,52.75343034917734,0.0024642947224384104,True,-20.0,28.658956406076005,0.004536103763095806,True,-20.0,20.414155056810994,0.006368130331048245,True,-20.0,10.91533102180899,0.011909854107058972,True,-20.0,9.884530131761577,0.01315186440499342,True,-20.0,9.370172633784493,0.013873810556198329,True,-2260.7321383136273,-16.933333333333334,-1.0513447432762835,98.75991583786706
2025-02-23,25.84,25.98,24.4,24.85,1371001.72,,AVAXUSDT_daily,CRYPTO,BINANCE,USDT,1,1,1,24.85,24.85,24.85,0.8270319474581106,1515,0.0,0.5,1,-8.628798545719292,52.75343034917734,0.0024642947224384104,True,-20.0,28.658956406076005,0.004536103763095806,True,-20.0,20.414155056810994,0.006368130331048245,True,-20.0,10.91533102180899,0.011909854107058972,True,-20.0,9.884530131761577,0.01315186440499342,True,-20.0,9.370172633784493,0.013873810556198329,True,-2342.2775574156126,-20.0,0.6424570912375769,99.40237292910463
2025-02-24,24.85,25.18,21.47,21.88,2988167.3,,AVAXUSDT_daily,CRYPTO,BINANCE,USDT,1,1,1,21.88,21.88,21.88,1.0497462099356556,1516,0.0,0.5,1,-20.0,52.75343034917734,0.0024642947224384104,True,-20.0,28.658956406076005,0.004536103763095806,True,-20.0,20.414155056810994,0.006368130331048245,True,-20.0,10.91533102180899,0.011909854107058972,True,-20.0,9.884530131761577,0.01315186440499342,True,-20.0,9.370172633784493,0.013873810556198329,True,-2597.838968019133,-20.0,2.390342052313885,101.79271498141851
2025-02-25,21.88,22.34,20.3,21.94,5702796.73,,AVAXUSDT_daily,CRYPTO,BINANCE,USDT,1,1,1,21.94,21.94,21.94,1.2189377385812008,1517,0.0,0.5,1,-20.0,52.75343034917734,0.0024642947224384104,True,-20.0,28.658956406076005,0.004536103763095806,True,-20.0,20.414155056810994,0.006368130331048245,True,-20.0,10.91533102180899,0.011909854107058972,True,-20.0,9.884530131761577,0.01315186440499342,True,-20.0,9.370172633784493,0.013873810556198329,True,-2592.5923007123547,-20.0,-0.05484460694698434,101.73787037447153
2025-02-26,21.94,22.59,21.0,21.87,3583388.79,,AVAXUSDT_daily,CRYPTO,BINANCE,USDT,1,1,1,21.87,21.87,21.87,1.3764576962205677,1518,0.0,0.5,1,-20.0,52.75343034917734,0.0024642947224384104,True,-20.0,28.658956406076005,0.004536103763095806,True,-20.0,20.414155056810994,0.006368130331048245,True,-20.0,10.91533102180899,0.011909854107058972,True,-20.0,9.884530131761577,0.01315186440499342,True,-20.0,9.370172633784493,0.013873810556198329,True,-2598.856803658592,-20.0,0.063810391978123,101.80168076644965
2025-02-27,21.88,23.39,21.65,22.52,2709549.54,,AVAXUSDT_daily,CRYPTO,BINANCE,USDT,1,1,1,22.52,22.52,22.52,1.4527864333974867,1519,0.0,0.5,1,-20.0,52.75343034917734,0.0024642947224384104,True,-20.0,28.658956406076005,0.004536103763095806,True,-20.0,20.414155056810994,0.006368130331048245,True,-20.0,10.91533102180899,0.011909854107058972,True,-20.0,9.884530131761577,0.01315186440499342,True,-20.0,9.370172633784493,0.013873810556198329,True,-2542.0431339479874,-20.0,-0.5944215820759036,101.20725918437374
2025-02-28,22.53,22.61,20.23,22.37,4866833.75,,AVAXUSDT_daily,CRYPTO,BINANCE,USDT,1,1,1,22.37,22.37,22.37,1.5283815829723493,1520,0.0,0.5,1,-20.0,52.75343034917734,0.0024642947224384104,True,-20.0,28.658956406076005,0.004536103763095806,True,-20.0,20.414155056810994,0.006368130331048245,True,-20.0,10.91533102180899,0.011909854107058972,True,-20.0,9.884530131761577,0.01315186440499342,True,-20.0,9.370172633784493,0.013873810556198329,True,-2555.5123959436905,-20.0,0.13321492007104752,101.34047410444478
2025-03-01,22.38,22.5,21.05,21.86,1582538.68,,AVAXUSDT_daily,CRYPTO,BINANCE,USDT,1,1,1,21.86,21.86,21.86,1.6236981830022688,1521,0.0,0.5,1,-20.0,52.75343034917734,0.0024642947224384104,True,-20.0,28.658956406076005,0.004536103763095806,True,-20.0,20.414155056810994,0.006368130331048245,True,-20.0,10.91533102180899,0.011909854107058972,True,-20.0,9.884530131761577,0.01315186440499342,True,-20.0,9.370172633784493,0.013873810556198329,True,-2603.239061568007,-20.0,0.4559678140366574,101.79644191848143
2025-03-02,21.87,24.99,21.56,24.95,5943544.61,,AVAXUSDT_daily,CRYPTO,BINANCE,USDT,1,1,1,24.95,24.95,24.95,1.5980567146284528,1522,0.0,0.5,1,20.0,52.75343034917734,0.0024642947224384104,True,-20.0,28.658956406076005,0.004536103763095806,True,-20.0,20.414155056810994,0.006368130331048245,True,-20.0,10.91533102180899,0.011909854107058972,True,-20.0,9.884530131761577,0.01315186440499342,True,-20.0,9.370172633784493,0.013873810556198329,True,-2387.121758820419,-16.933333333333334,-2.8270814272644085,98.96936049121703
2025-03-03,24.95,25.12,20.58,20.95,5065494.28,,AVAXUSDT_daily,CRYPTO,BINANCE,USDT,1,1,1,20.95,20.95,20.95,1.7274928593075514,1523,0.0,0.5,1,-20.0,52.75343034917734,0.0024642947224384104,True,-20.0,28.658956406076005,0.004536103763095806,True,-20.0,20.414155056810994,0.006368130331048245,True,-20.0,10.91533102180899,0.011909854107058972,True,-20.0,9.884530131761577,0.01315186440499342,True,-20.0,9.370172633784493,0.013873810556198329,True,-2682.2191147250714,-20.0,2.714762859051437,101.68412335026846
2025-03-04,20.96,21.11,18.84,20.0,7079770.52,,AVAXUSDT_daily,CRYPTO,BINANCE,USDT,1,1,1,20.0,20.0,20.0,1.8372561778829695,1524,0.0,0.5,1,-20.0,52.75343034917734,0.0024642947224384104,True,-20.0,28.658956406076005,0.004536103763095806,True,-20.0,20.414155056810994,0.006368130331048245,True,-20.0,10.91533102180899,0.011909854107058972,True,-20.0,9.884530131761577,0.01315186440499342,True,-20.0,9.370172633784493,0.013873810556198329,True,-2756.8521611138585,-20.0,0.9069212410501182,102.59104459131858
2025-03-05,19.99,22.48,19.69,21.73,5087934.65,,AVAXUSDT_daily,CRYPTO,BINANCE,USDT,1,1,1,21.73,21.73,21.73,1.8376755197261385,1525,0.0,0.5,1,-20.0,52.75343034917734,0.0024642947224384104,True,-20.0,28.658956406076005,0.004536103763095806,True,-20.0,20.414155056810994,0.006368130331048245,True,-20.0,10.91533102180899,0.011909854107058972,True,-20.0,9.884530131761577,0.01315186440499342,True,-20.0,9.370172633784493,0.013873810556198329,True,-2634.8918366066077,-20.0,-1.7300000000000004,100.86104459131857
2025-03-06,21.73,22.57,20.89,20.99,3392070.57,,AVAXUSDT_daily,CRYPTO,BINANCE,USDT,1,1,1,20.99,20.99,20.99,1.782325137214905,1526,0.0,0.5,1,-20.0,52.75343034917734,0.0024642947224384104,True,-20.0,28.658956406076005,0.004536103763095806,True,-20.0,20.414155056810994,0.006368130331048245,True,-20.0,10.91533102180899,0.011909854107058972,True,-20.0,9.884530131761577,0.01315186440499342,True,-20.0,9.370172633784493,0.013873810556198329,True,-2689.9308027753345,-20.0,0.6810860561435828,101.54213064746216
2025-03-07,21.0,21.32,19.68,20.14,4832190.14,,AVAXUSDT_daily,CRYPTO,BINANCE,USDT,1,1,1,20.14,20.14,20.14,1.8227090162464359,1527,0.0,0.5,1,-20.0,52.75343034917734,0.0024642947224384104,True,-20.0,28.658956406076005,0.004536103763095806,True,-20.0,20.414155056810994,0.006368130331048245,True,-20.0,10.91533102180899,0.011909854107058972,True,-20.0,9.884530131761577,0.01315186440499342,True,-20.0,9.370172633784493,0.013873810556198329,True,-2756.9586873435396,-20.0,0.8099094807050955,102.35204012816726
2025-03-08,20.14,21.1,19.42,20.49,2408378.09,,AVAXUSDT_daily,CRYPTO,BINANCE,USDT,1,1,1,20.49,20.49,20.49,1.842306549156238,1528,0.0,0.5,1,-20.0,52.75343034917734,0.0024642947224384104,True,-20.0,28.658956406076005,0.004536103763095806,True,-20.0,20.414155056810994,0.006368130331048245,True,-20.0,10.91533102180899,0.011909854107058972,True,-20.0,9.884530131761577,0.01315186440499342,True,-20.0,9.370172633784493,0.013873810556198329,True,-2729.3259635923673,-20.0,-0.347567030784508,102.00447309738276
2025-03-09,20.5,20.69,17.76,17.97,2853469.06,,AVAXUSDT_daily,CRYPTO,BINANCE,USDT,1,1,1,17.97,17.97,17.97,2.041499642293638,1529,0.0,0.5,1,-20.0,52.75343034917734,0.0024642947224384104,True,-20.0,28.658956406076005,0.004536103763095806,True,-20.0,20.414155056810994,0.006368130331048245,True,-20.0,10.91533102180899,0.011909854107058972,True,-20.0,9.884530131761577,0.01315186440499342,True,-20.0,9.370172633784493,0.013873810556198329,True,-2946.1407290223265,-20.0,2.459736456808199,104.46420955419096
2025-03-10,17.98,19.06,16.14,16.26,5594677.27,,AVAXUSDT_daily,CRYPTO,BINANCE,USDT,1,1,1,16.26,16.26,16.26,2.4331164226824797,1530,0.0,0.5,1,-20.0,52.75343034917734,0.0024642947224384104,True,-20.0,28.658956406076005,0.004536103763095806,True,-20.0,20.414155056810994,0.006368130331048245,True,-20.0,10.91533102180899,0.011909854107058972,True,-20.0,9.884530131761577,0.01315186440499342,True,-20.0,9.370172633784493,0.013873810556198329,True,-3107.4129161904452,-20.0,1.9031719532554225,106.36738150744638
2025-03-11,16.26,17.91,15.27,17.51,7468057.14,,AVAXUSDT_daily,CRYPTO,BINANCE,USDT,1,1,1,17.51,17.51,17.51,2.59241403451054,1531,0.0,0.5,1,-20.0,52.75343034917734,0.0024642947224384104,True,-20.0,28.658956406076005,0.004536103763095806,True,-20.0,20.414155056810994,0.006368130331048245,True,-20.0,10.91533102180899,0.011909854107058972,True,-20.0,9.884530131761577,0.01315186440499342,True,-20.0,9.370172633784493,0.013873810556198329,True,-3000.22119557742,-20.0,-1.5375153751537507,104.82986613229264
2025-03-12,17.51,18.98,16.95,18.91,3790676.49,,AVAXUSDT_daily,CRYPTO,BINANCE,USDT,1,1,1,18.91,18.91,18.91,2.5287975091170742,1532,0.0,0.5,1,-20.0,52.75343034917734,0.0024642947224384104,True,-20.0,28.658956406076005,0.004536103763095806,True,-20.0,20.414155056810994,0.006368130331048245,True,-20.0,10.91533102180899,0.011909854107058972,True,-20.0,9.884530131761577,0.01315186440499342,True,-20.0,9.370172633784493,0.013873810556198329,True,-2890.886617217482,-20.0,-1.59908623643632,103.23077989585632
2025-03-13,18.92,19.33,17.73,18.5,3010210.36,,AVAXUSDT_daily,CRYPTO,BINANCE,USDT,1,1,1,18.5,18.5,18.5,2.49169230169523,1533,0.0,0.5,1,-20.0,52.75343034917734,0.0024642947224384104,True,-20.0,28.658956406076005,0.004536103763095806,True,-20.0,20.414155056810994,0.006368130331048245,True,-20.0,10.91533102180899,0.011909854107058972,True,-20.0,9.884530131761577,0.01315186440499342,True,-20.0,9.370172633784493,0.013873810556198329,True,-2924.3501697318725,-20.0,0.43363299841353786,103.66441289426986
2025-03-14,18.51,19.31,18.46,18.58,2623693.56,,AVAXUSDT_daily,CRYPTO,BINANCE,USDT,1,1,1,18.58,18.58,18.58,2.2822363801211214,1534,0.0,0.5,1,-20.0,52.75343034917734,0.0024642947224384104,True,-20.0,28.658956406076005,0.004536103763095806,True,-20.0,20.414155056810994,0.006368130331048245,True,-20.0,10.91533102180899,0.011909854107058972,True,-20.0,9.884530131761577,0.01315186440499342,True,-20.0,9.370172633784493,0.013873810556198329,True,-2917.704728342118,-20.0,-0.0864864864864856,103.57792640778337
2025-03-15,18.58,19.47,18.37,19.4,2550418.34,,AVAXUSDT_daily,CRYPTO,BINANCE,USDT,1,1,1,19.4,19.4,19.4,2.078625304836415,1535,0.0,0.5,1,20.0,52.75343034917734,0.0024642947224384104,True,-20.0,28.658956406076005,0.004536103763095806,True,-20.0,20.414155056810994,0.006368130331048245,True,-20.0,10.91533102180899,0.011909854107058972,True,-20.0,9.884530131761577,0.01315186440499342,True,-20.0,9.370172633784493,0.013873810556198329,True,-2851.874347550823,-16.933333333333334,-0.8826695371367066,102.69525687064666
2025-03-16,19.39,19.85,18.12,18.25,2170899.75,,AVAXUSDT_daily,CRYPTO,BINANCE,USDT,1,1,1,18.25,18.25,18.25,2.104680185734185,1536,0.0,0.5,1,-20.0,52.75343034917734,0.0024642947224384104,True,-20.0,28.658956406076005,0.004536103763095806,True,-20.0,20.414155056810994,0.006368130331048245,True,-20.0,10.91533102180899,0.011909854107058972,True,-20.0,9.884530131761577,0.01315186440499342,True,-20.0,9.370172633784493,0.013873810556198329,True,-2950.799043185959,-20.0,1.0037800687285208,103.69903693937518
2025-03-17,18.26,19.09,18.2,18.82,1988333.14,,AVAXUSDT_daily,CRYPTO,BINANCE,USDT,1,1,1,18.82,18.82,18.82,2.0891354923208616,1537,0.0,0.5,1,-20.0,52.75343034917734,0.0024642947224384104,True,-20.0,28.658956406076005,0.004536103763095806,True,-20.0,20.414155056810994,0.006368130331048245,True,-20.0,10.91533102180899,0.011909854107058972,True,-20.0,9.884530131761577,0.01315186440499342,True,-20.0,9.370172633784493,0.013873810556198329,True,-2902.564919098626,-20.0,-0.6246575342465777,103.0743794051286
2025-03-18,18.83,19.28,18.32,18.97,2168023.22,,AVAXUSDT_daily,CRYPTO,BINANCE,USDT,1,1,1,18.97,18.97,18.97,2.060519288153763,1538,0.0,0.5,1,-20.0,52.75343034917734,0.0024642947224384104,True,-20.0,28.658956406076005,0.004536103763095806,True,-20.0,20.414155056810994,0.006368130331048245,True,-20.0,10.91533102180899,0.011909854107058972,True,-20.0,9.884530131761577,0.01315186440499342,True,-20.0,9.370172633784493,0.013873810556198329,True,-2889.7012507531017,-20.0,-0.1594048884165744,102.91497451671202
2025-03-19,18.97,20.1,18.84,19.74,3243124.39,,AVAXUSDT_daily,CRYPTO,BINANCE,USDT,1,1,1,19.74,19.74,19.74,1.9704273514595805,1539,0.0,0.5,1,20.0,52.75343034917734,0.0024642947224384104,True,-20.0,28.658956406076005,0.004536103763095806,True,-20.0,20.414155056810994,0.006368130331048245,True,-20.0,10.91533102180899,0.011909854107058972,True,-20.0,9.884530131761577,0.01315186440499342,True,-20.0,9.370172633784493,0.013873810556198329,True,-2825.5769321303246,-16.933333333333334,-0.8118081180811787,102.10316639863085
2025-03-20,19.74,19.86,18.41,18.74,1835276.74,,AVAXUSDT_daily,CRYPTO,BINANCE,USDT,1,1,1,18.74,18.74,18.74,1.8886157559693884,1540,0.0,0.5,1,-20.0,52.75343034917734,0.0024642947224384104,True,-20.0,28.658956406076005,0.004536103763095806,True,-20.0,20.414155056810994,0.006368130331048245,True,-20.0,10.91533102180899,0.011909854107058972,True,-20.0,9.884530131761577,0.01315186440499342,True,-20.0,9.370172633784493,0.013873810556198329,True,-2914.079718900482,-20.0,0.8578183046268157,102.96098470325767
2025-03-21,18.75,19.49,18.36,19.18,1398814.97,,AVAXUSDT_daily,CRYPTO,BINANCE,USDT,1,1,1,19.18,19.18,19.18,1.8163566772412831,1541,0.0,0.5,1,20.0,52.75343034917734,0.0024642947224384104,True,-20.0,28.658956406076005,0.004536103763095806,True,-20.0,20.414155056810994,0.006368130331048245,True,-20.0,10.91533102180899,0.011909854107058972,True,-20.0,9.884530131761577,0.01315186440499342,True,-20.0,9.370172633784493,0.013873810556198329,True,-2875.3763708200345,-16.933333333333334,-0.46958377801494144,102.49140092524273
2025-03-22,19.19,19.74,19.08,19.43,1024746.34,,AVAXUSDT_daily,CRYPTO,BINANCE,USDT,1,1,1,19.43,19.43,19.43,1.287734035963977,1542,0.0,0.5,1,20.0,52.75343034917734,0.0024642947224384104,True,-20.0,28.658956406076005,0.004536103763095806,True,-20.0,20.414155056810994,0.006368130331048245,True,-20.0,10.91533102180899,0.011909854107058972,True,-20.0,9.884530131761577,0.01315186440499342,True,-20.0,9.370172633784493,0.013873810556198329,True,-2853.2276056252977,-16.933333333333334,-0.22071602363573234,102.270684901607
2025-03-23,19.43,19.85,19.31,19.82,931913.86,,AVAXUSDT_daily,CRYPTO,BINANCE,USDT,1,1,1,19.82,19.82,19.82,1.2317778123342806,1543,0.0,0.5,1,20.0,52.75343034917734,0.0024642947224384104,True,-20.0,28.658956406076005,0.004536103763095806,True,-20.0,20.414155056810994,0.006368130331048245,True,-20.0,10.91533102180899,0.011909854107058972,True,-20.0,9.884530131761577,0.01315186440499342,True,-20.0,9.370172633784493,0.013873810556198329,True,-2818.729092471515,-16.933333333333334,-0.339886773031396,101.9307981285756
2025-03-24,19.82,22.14,19.78,21.48,3286114.76,,AVAXUSDT_daily,CRYPTO,BINANCE,USDT,1,1,1,21.48,21.48,21.48,1.3250917545235832,1544,0.0,0.5,1,20.0,52.75343034917734,0.0024642947224384104,True,20.0,28.658956406076005,0.004536103763095806,True,-20.0,20.414155056810994,0.006368130331048245,True,-20.0,10.91533102180899,0.011909854107058972,True,-20.0,9.884530131761577,0.01315186440499342,True,-20.0,9.370172633784493,0.013873810556198329,True,-2686.5442785500054,-8.466666666666667,-1.4182307433568786,100.51256738521873
2025-03-25,21.49,23.46,21.29,22.9,2480199.49,,AVAXUSDT_daily,CRYPTO,BINANCE,USDT,1,1,1,22.9,22.9,22.9,1.4595543660241181,1545,0.0,0.5,1,20.0,52.75343034917734,0.0024642947224384104,True,20.0,28.658956406076005,0.004536103763095806,True,-20.0,20.414155056810994,0.006368130331048245,True,-20.0,10.91533102180899,0.011909854107058972,True,-20.0,9.884530131761577,0.01315186440499342,True,-20.0,9.370172633784493,0.013873810556198329,True,-2580.719903963479,-8.466666666666667,-0.559714463066417,99.95285292215232
2025-03-26,22.91,23.25,21.83,22.04,1937359.3,,AVAXUSDT_daily,CRYPTO,BINANCE,USDT,1,1,1,22.04,22.04,22.04,1.5400556210089014,1546,0.0,0.5,1,20.0,52.75343034917734,0.0024642947224384104,True,20.0,28.658956406076005,0.004536103763095806,True,-20.0,20.414155056810994,0.006368130331048245,True,-20.0,10.91533102180899,0.011909854107058972,True,-20.0,9.884530131761577,0.01315186440499342,True,-20.0,9.370172633784493,0.013873810556198329,True,-2647.912775209336,-8.466666666666667,0.31796215429403163,100.27081507644635
2025-03-27,22.05,22.38,21.63,22.02,1464098.29,,AVAXUSDT_daily,CRYPTO,BINANCE,USDT,1,1,1,22.02,22.02,22.02,1.64424506753613,1547,0.0,0.5,1,20.0,52.75343034917734,0.0024642947224384104,True,20.0,28.658956406076005,0.004536103763095806,True,-20.0,20.414155056810994,0.006368130331048245,True,-20.0,10.91533102180899,0.011909854107058972,True,-20.0,9.884530131761577,0.01315186440499342,True,-20.0,9.370172633784493,0.013873810556198329,True,-2649.5106963343865,-8.466666666666667,0.007683000604960247,100.27849807705131
2025-03-28,22.03,22.19,19.77,20.36,2326905.48,,AVAXUSDT_daily,CRYPTO,BINANCE,USDT,1,1,1,20.36,20.36,20.36,1.6401713646063902,1548,0.0,0.5,1,-20.0,52.75343034917734,0.0024642947224384104,True,20.0,28.658956406076005,0.004536103763095806,True,-20.0,20.414155056810994,0.006368130331048245,True,-20.0,10.91533102180899,0.011909854107058972,True,-20.0,9.884530131761577,0.01315186440499342,True,-20.0,9.370172633784493,0.013873810556198329,True,-2790.1162461215126,-16.933333333333334,0.6382682409930367,100.91676631804435
2025-03-29,20.37,20.54,19.46,19.6,1829316.22,,AVAXUSDT_daily,CRYPTO,BINANCE,USDT,1,1,1,19.6,19.6,19.6,1.6031530609563538,1549,0.0,0.5,1,-20.0,52.75343034917734,0.0024642947224384104,True,18.17661635015054,28.658956406076005,0.004536103763095806,True,-20.0,20.414155056810994,0.006368130331048245,True,-20.0,10.91533102180899,0.011909854107058972,True,-20.0,9.884530131761577,0.01315186440499342,True,-20.0,9.370172633784493,0.013873810556198329,True,-2857.84859221601,-17.31928287255147,0.6320890635232461,101.5488553815676
2025-03-30,19.6,19.91,18.69,18.86,1847685.92,,AVAXUSDT_daily,CRYPTO,BINANCE,USDT,1,1,1,18.86,18.86,18.86,1.4192899447893057,1550,0.0,0.5,1,-20.0,52.75343034917734,0.0024642947224384104,True,-20.0,28.658956406076005,0.004536103763095806,True,-20.0,20.414155056810994,0.006368130331048245,True,-20.0,10.91533102180899,0.011909854107058972,True,-20.0,9.884530131761577,0.01315186440499342,True,-20.0,9.370172633784493,0.013873810556198329,True,-2927.30264204946,-20.0,0.6538912921269453,102.20274667369455
2025-03-31,18.87,19.12,18.18,18.77,2071811.15,,AVAXUSDT_daily,CRYPTO,BINANCE,USDT,1,1,1,18.77,18.77,18.77,1.345066130251017,1551,0.0,0.5,1,-20.0,52.75343034917734,0.0024642947224384104,True,-20.0,28.658956406076005,0.004536103763095806,True,-20.0,20.414155056810994,0.006368130331048245,True,-20.0,10.91533102180899,0.011909854107058972,True,-20.0,9.884530131761577,0.01315186440499342,True,-20.0,9.370172633784493,0.013873810556198329,True,-2935.9737535166273,-20.0,0.09544008483563182,102.29818675853018
2025-04-01,18.78,19.95,18.72,19.82,2184703.13,,AVAXUSDT_daily,CRYPTO,BINANCE,USDT,1,1,1,19.82,19.82,19.82,1.3316013312079398,1552,0.0,0.5,1,-20.0,52.75343034917734,0.0024642947224384104,True,-20.0,28.658956406076005,0.004536103763095806,True,-20.0,20.414155056810994,0.006368130331048245,True,-20.0,10.91533102180899,0.011909854107058972,True,-20.0,9.884530131761577,0.01315186440499342,True,-20.0,9.370172633784493,0.013873810556198329,True,-2840.6264362400825,-20.0,-1.1188066062866264,101.17938015224355
2025-04-02,19.83,19.9,17.76,17.99,4154300.33,,AVAXUSDT_daily,CRYPTO,BINANCE,USDT,1,1,1,17.99,17.99,17.99,1.3616254798512046,1553,0.0,0.5,1,-20.0,52.75343034917734,0.0024642947224384104,True,-20.0,28.658956406076005,0.004536103763095806,True,-20.0,20.414155056810994,0.006368130331048245,True,-20.0,10.91533102180899,0.011909854107058972,True,-20.0,9.884530131761577,0.01315186440499342,True,-20.0,9.370172633784493,0.013873810556198329,True,-3017.436112891301,-20.0,1.846619576185673,103.02599972842923
2025-04-03,17.98,18.99,17.58,18.15,2568740.81,,AVAXUSDT_daily,CRYPTO,BINANCE,USDT,1,1,1,18.15,18.15,18.15,1.384090429054792,1554,0.0,0.5,1,-20.0,52.75343034917734,0.0024642947224384104,True,-20.0,28.658956406076005,0.004536103763095806,True,-20.0,20.414155056810994,0.006368130331048245,True,-20.0,10.91533102180899,0.011909854107058972,True,-20.0,9.884530131761577,0.01315186440499342,True,-20.0,9.370172633784493,0.013873810556198329,True,-3001.8042602489313,-20.0,-0.1778765981100605,102.84812313031917
2025-04-04,18.16,18.77,17.61,18.19,2567824.38,,AVAXUSDT_daily,CRYPTO,BINANCE,USDT,1,1,1,18.19,18.19,18.19,1.4245304859057135,1555,0.0,0.5,1,-20.0,52.75343034917734,0.0024642947224384104,True,-20.0,28.658956406076005,0.004536103763095806,True,-20.0,20.414155056810994,0.006368130331048245,True,-20.0,10.91533102180899,0.011909854107058972,True,-20.0,9.884530131761577,0.01315186440499342,True,-20.0,9.370172633784493,0.013873810556198329,True,-2997.822336522449,-20.0,-0.044077134986229005,102.80404599533294
2025-04-05,18.18,18.37,17.69,17.87,892954.09,,AVAXUSDT_daily,CRYPTO,BINANCE,USDT,1,1,1,17.87,17.87,17.87,1.4466399362919475,1556,0.0,0.5,1,-20.0,52.75343034917734,0.0024642947224384104,True,-20.0,28.658956406076005,0.004536103763095806,True,-20.0,20.414155056810994,0.006368130331048245,True,-20.0,10.91533102180899,0.011909854107058972,True,-20.0,9.884530131761577,0.01315186440499342,True,-20.0,9.370172633784493,0.013873810556198329,True,-3030.90441210739,-20.0,0.35184167124793886,103.15588766658088
2025-04-06,17.88,17.92,15.62,16.04,2995334.12,,AVAXUSDT_daily,CRYPTO,BINANCE,USDT,1,1,1,16.04,16.04,16.04,1.6487611776919837,1557,0.0,0.5,1,-20.0,52.75343034917734,0.0024642947224384104,True,-20.0,28.658956406076005,0.004536103763095806,True,-20.0,20.414155056810994,0.006368130331048245,True,-20.0,10.91533102180899,0.011909854107058972,True,-20.0,9.884530131761577,0.01315186440499342,True,-20.0,9.370172633784493,0.013873810556198329,True,-3232.4091252530543,-20.0,2.048125349748182,105.20401301632906
2025-04-07,16.05,17.23,14.66,16.68,7001164.45,,AVAXUSDT_daily,CRYPTO,BINANCE,USDT,1,1,1,16.68,16.68,16.68,1.7629562492738557,1558,0.0,0.5,1,-20.0,52.75343034917734,0.0024642947224384104,True,-20.0,28.658956406076005,0.004536103763095806,True,-20.0,20.414155056810994,0.006368130331048245,True,-20.0,10.91533102180899,0.011909854107058972,True,-20.0,9.884530131761577,0.01315186440499342,True,-20.0,9.370172633784493,0.013873810556198329,True,-3164.4066434558213,-20.0,-0.7980049875311712,104.40600802879788
2025-04-08,16.69,17.74,15.94,16.15,3013852.32,,AVAXUSDT_daily,CRYPTO,BINANCE,USDT,1,1,1,16.15,16.15,16.15,1.9020749750043946,1559,0.0,0.5,1,-20.0,52.75343034917734,0.0024642947224384104,True,-20.0,28.658956406076005,0.004536103763095806,True,-20.0,20.414155056810994,0.006368130331048245,True,-20.0,10.91533102180899,0.011909854107058972,True,-20.0,9.884530131761577,0.01315186440499342,True,-20.0,9.370172633784493,0.013873810556198329,True,-3223.6061605764185,-20.0,0.6354916067146288,105.04149963551251
2025-04-09,16.16,18.91,15.59,18.44,5039404.19,,AVAXUSDT_daily,CRYPTO,BINANCE,USDT,1,1,1,18.44,18.44,18.44,1.9071071368936254,1560,0.0,0.5,1,-20.0,52.75343034917734,0.0024642947224384104,True,-20.0,28.658956406076005,0.004536103763095806,True,-20.0,20.414155056810994,0.006368130331048245,True,-20.0,10.91533102180899,0.011909854107058972,True,-20.0,9.884530131761577,0.01315186440499342,True,-20.0,9.370172633784493,0.013873810556198329,True,-3024.688202115007,-20.0,-2.835913312693501,102.205586322819
2025-04-10,18.44,18.45,17.55,18.31,2260469.93,,AVAXUSDT_daily,CRYPTO,BINANCE,USDT,1,1,1,18.31,18.31,18.31,1.917230458653994,1561,0.0,0.5,1,20.0,52.75343034917734,0.0024642947224384104,True,-20.0,28.658956406076005,0.004536103763095806,True,-20.0,20.414155056810994,0.006368130331048245,True,-20.0,10.91533102180899,0.011909854107058972,True,-20.0,9.884530131761577,0.01315186440499342,True,-20.0,9.370172633784493,0.013873810556198329,True,-3036.3146639684096,-16.933333333333334,0.14099783080260497,102.3465841536216
2025-04-11,18.31,19.57,18.31,19.12,2645844.68,,AVAXUSDT_daily,CRYPTO,BINANCE,USDT,1,1,1,19.12,19.12,19.12,1.9160663514527763,1562,0.0,0.5,1,20.0,52.75343034917734,0.0024642947224384104,True,-20.0,28.658956406076005,0.004536103763095806,True,-20.0,20.414155056810994,0.006368130331048245,True,-20.0,10.91533102180899,0.011909854107058972,True,-20.0,9.884530131761577,0.01315186440499342,True,-20.0,9.370172633784493,0.013873810556198329,True,-2966.2135250062215,-16.933333333333334,-0.7490988530857493,101.59748530053585
2025-04-12,19.13,21.03,18.84,20.49,2565460.53,,AVAXUSDT_daily,CRYPTO,BINANCE,USDT,1,1,1,20.49,20.49,20.49,1.9345240132669308,1563,0.0,0.5,1,20.0,52.75343034917734,0.0024642947224384104,True,20.0,28.658956406076005,0.004536103763095806,True,-20.0,20.414155056810994,0.006368130331048245,True,-20.0,10.91533102180899,0.011909854107058972,True,-20.0,9.884530131761577,0.01315186440499342,True,-20.0,9.370172633784493,0.013873810556198329,True,-2856.2257130302323,-8.466666666666667,-1.213319386331937,100.38416591420392
2025-04-13,20.5,20.68,19.27,19.59,2081180.7,,AVAXUSDT_daily,CRYPTO,BINANCE,USDT,1,1,1,19.59,19.59,19.59,1.8601682861083413,1564,0.0,0.5,1,20.0,52.75343034917734,0.0024642947224384104,True,20.0,28.658956406076005,0.004536103763095806,True,-20.0,20.414155056810994,0.006368130331048245,True,-20.0,10.91533102180899,0.011909854107058972,True,-20.0,9.884530131761577,0.01315186440499342,True,-20.0,9.370172633784493,0.013873810556198329,True,-2932.4047966446597,-8.466666666666667,0.37188872620790586,100.75605464041182
2025-04-14,19.6,20.68,19.55,20.11,2493602.65,,AVAXUSDT_daily,CRYPTO,BINANCE,USDT,1,1,1,20.11,20.11,20.11,1.6505979777711484,1565,0.0,0.5,1,20.0,52.75343034917734,0.0024642947224384104,True,20.0,28.658956406076005,0.004536103763095806,True,-20.0,20.414155056810994,0.006368130331048245,True,-20.0,10.91533102180899,0.011909854107058972,True,-20.0,9.884530131761577,0.01315186440499342,True,-20.0,9.370172633784493,0.013873810556198329,True,-2888.719982730339,-8.466666666666667,-0.2247405138676194,100.5313141265442
2025-04-15,20.12,20.28,18.96,19.01,1992562.14,,AVAXUSDT_daily,CRYPTO,BINANCE,USDT,1,1,1,19.01,19.01,19.01,1.4804027723672857,1566,0.0,0.5,1,20.0,52.75343034917734,0.0024642947224384104,True,20.0,28.658956406076005,0.004536103763095806,True,-20.0,20.414155056810994,0.006368130331048245,True,-20.0,10.91533102180899,0.011909854107058972,True,-20.0,9.884530131761577,0.01315186440499342,True,-20.0,9.370172633784493,0.013873810556198329,True,-2986.5654159911264,-8.466666666666667,0.4631195093651579,100.99443363590936
2025-04-16,19.01,19.3,18.5,18.76,1866616.8,,AVAXUSDT_daily,CRYPTO,BINANCE,USDT,1,1,1,18.76,18.76,18.76,1.2691044293687137,1567,0.0,0.5,1,-20.0,52.75343034917734,0.0024642947224384104,True,-20.0,28.658956406076005,0.004536103763095806,True,-20.0,20.414155056810994,0.006368130331048245,True,-20.0,10.91533102180899,0.011909854107058972,True,-20.0,9.884530131761577,0.01315186440499342,True,-20.0,9.370172633784493,0.013873810556198329,True,-3009.56923460268,-20.0,0.11134490618972485,101.10577854209909
2025-04-17,18.75,19.56,18.69,19.05,1310110.82,,AVAXUSDT_daily,CRYPTO,BINANCE,USDT,1,1,1,19.05,19.05,19.05,1.2065959075938566,1568,0.0,0.5,1,-20.0,52.75343034917734,0.0024642947224384104,True,-20.0,28.658956406076005,0.004536103763095806,True,-20.0,20.414155056810994,0.006368130331048245,True,-20.0,10.91533102180899,0.011909854107058972,True,-20.0,9.884530131761577,0.01315186440499342,True,-20.0,9.370172633784493,0.013873810556198329,True,-2982.759078938019,-20.0,-0.30916844349679895,100.79661009860229
2025-04-18,19.06,19.34,18.85,19.07,717388.72,,AVAXUSDT_daily,CRYPTO,BINANCE,USDT,1,1,1,19.07,19.07,19.07,1.1879982057452039,1569,0.0,0.5,1,-20.0,52.75343034917734,0.0024642947224384104,True,-20.0,28.658956406076005,0.004536103763095806,True,-20.0,20.414155056810994,0.006368130331048245,True,-20.0,10.91533102180899,0.011909854107058972,True,-20.0,9.884530131761577,0.01315186440499342,True,-20.0,9.370172633784493,0.013873810556198329,True,-2980.8720147067297,-20.0,-0.020997375328084544,100.77561272327421
2025-04-19,19.07,20.36,19.03,19.89,1150790.73,,AVAXUSDT_daily,CRYPTO,BINANCE,USDT,1,1,1,19.89,19.89,19.89,1.2250993515076014,1570,0.0,0.5,1,20.0,52.75343034917734,0.0024642947224384104,True,20.0,28.658956406076005,0.004536103763095806,True,-20.0,20.414155056810994,0.006368130331048245,True,-20.0,10.91533102180899,0.011909854107058972,True,-20.0,9.884530131761577,0.01315186440499342,True,-20.0,9.370172633784493,0.013873810556198329,True,-2906.051534189412,-8.466666666666667,-0.8599895123230228,99.91562321095118
2025-04-20,19.89,20.04,19.23,19.51,968529.05,,AVAXUSDT_daily,CRYPTO,BINANCE,USDT,1,1,1,19.51,19.51,19.51,1.2423517596673468,1571,0.0,0.5,1,20.0,52.75343034917734,0.0024642947224384104,True,20.0,28.658956406076005,0.004536103763095806,True,-20.0,20.414155056810994,0.006368130331048245,True,-20.0,10.91533102180899,0.011909854107058972,True,-20.0,9.884530131761577,0.01315186440499342,True,-20.0,9.370172633784493,0.013873810556198329,True,-2942.0222684788005,-8.466666666666667,0.16175632646220825,100.07737953741339
2025-04-21,19.51,20.95,19.51,19.92,2363765.38,,AVAXUSDT_daily,CRYPTO,BINANCE,USDT,1,1,1,19.92,19.92,19.92,1.2476592821047887,1572,0.0,0.5,1,20.0,52.75343034917734,0.0024642947224384104,True,20.0,28.658956406076005,0.004536103763095806,True,-20.0,20.414155056810994,0.006368130331048245,True,-20.0,10.91533102180899,0.011909854107058972,True,-20.0,9.884530131761577,0.01315186440499342,True,-20.0,9.370172633784493,0.013873810556198329,True,-2903.3120812509783,-8.466666666666667,-0.17792584999145783,99.89945368742194
2025-04-22,19.92,22.3,19.44,22.11,3142750.25,,AVAXUSDT_daily,CRYPTO,BINANCE,USDT,1,1,1,22.11,22.11,22.11,1.4606346854098113,1573,0.0,0.5,1,20.0,52.75343034917734,0.0024642947224384104,True,20.0,28.658956406076005,0.004536103763095806,True,20.0,20.414155056810994,0.006368130331048245,True,-20.0,10.91533102180899,0.011909854107058972,True,-20.0,9.884530131761577,0.01315186440499342,True,-20.0,9.370172633784493,0.013873810556198329,True,-2728.1829075410346,0.0,-0.9308232931726892,98.96863039424925
2025-04-23,22.11,23.08,21.88,22.33,3055259.88,,AVAXUSDT_daily,CRYPTO,BINANCE,USDT,1,1,1,22.33,22.33,22.33,1.6464973987899887,1574,0.0,0.5,1,20.0,52.75343034917734,0.0024642947224384104,True,20.0,28.658956406076005,0.004536103763095806,True,20.0,20.414155056810994,0.006368130331048245,True,-20.0,10.91533102180899,0.011909854107058972,True,-20.0,9.884530131761577,0.01315186440499342,True,-20.0,9.370172633784493,0.013873810556198329,True,-2710.3864713824137,0.0,0.0,98.96863039424925
2025-04-24,22.34,22.64,21.61,22.37,1922790.32,,AVAXUSDT_daily,CRYPTO,BINANCE,USDT,1,1,1,22.37,22.37,22.37,1.7927893585756753,1575,0.0,0.5,1,20.0,52.75343034917734,0.0024642947224384104,True,20.0,28.658956406076005,0.004536103763095806,True,20.0,20.414155056810994,0.006368130331048245,True,-20.0,10.91533102180899,0.011909854107058972,True,-20.0,9.884530131761577,0.01315186440499342,True,-20.0,9.370172633784493,0.013873810556198329,True,-2707.088812525902,0.0,0.0,98.96863039424925
2025-04-25,22.38,22.87,21.77,22.17,2307424.43,,AVAXUSDT_daily,CRYPTO,BINANCE,USDT,1,1,1,22.17,22.17,22.17,1.8756427670229001,1576,0.0,0.5,1,20.0,52.75343034917734,0.0024642947224384104,True,20.0,28.658956406076005,0.004536103763095806,True,20.0,20.414155056810994,0.006368130331048245,True,-20.0,10.91533102180899,0.011909854107058972,True,-20.0,9.884530131761577,0.01315186440499342,True,-20.0,9.370172633784493,0.013873810556198329,True,-2724.036427126694,0.0,-0.0,98.96863039424925
2025-04-26,22.17,22.99,21.72,22.42,1837182.04,,AVAXUSDT_daily,CRYPTO,BINANCE,USDT,1,1,1,22.42,22.42,22.42,1.8053094209233955,1577,0.0,0.5,1,20.0,52.75343034917734,0.0024642947224384104,True,20.0,28.658956406076005,0.004536103763095806,True,20.0,20.414155056810994,0.006368130331048245,True,-20.0,10.91533102180899,0.011909854107058972,True,-20.0,9.884530131761577,0.01315186440499342,True,-20.0,9.370172633784493,0.013873810556198329,True,-2702.6493689057093,0.0,0.0,98.96863039424925
2025-04-27,22.41,22.8,21.65,21.71,1405919.05,,AVAXUSDT_daily,CRYPTO,BINANCE,USDT,1,1,1,21.71,21.71,21.71,1.6986659626433813,1578,0.0,0.5,1,20.0,52.75343034917734,0.0024642947224384104,True,20.0,28.658956406076005,0.004536103763095806,True,20.0,20.414155056810994,0.006368130331048245,True,-20.0,10.91533102180899,0.011909854107058972,True,-20.0,9.884530131761577,0.01315186440499342,True,-20.0,9.370172633784493,0.013873810556198329,True,-2765.839023697385,0.0,-0.0,98.96863039424925
2025-04-28,21.72,22.43,21.02,21.84,2387195.87,,AVAXUSDT_daily,CRYPTO,BINANCE,USDT,1,1,1,21.84,21.84,21.84,1.4773122821390638,1579,0.0,0.5,1,20.0,52.75343034917734,0.0024642947224384104,True,20.0,28.658956406076005,0.004536103763095806,True,20.0,20.414155056810994,0.006368130331048245,True,-20.0,10.91533102180899,0.011909854107058972,True,-20.0,9.884530131761577,0.01315186440499342,True,-20.0,9.370172633784493,0.013873810556198329,True,-2754.099457412774,0.0,0.0,98.96863039424925
2025-04-29,21.84,22.3,21.27,21.57,1849977.57,,AVAXUSDT_daily,CRYPTO,BINANCE,USDT,1,1,1,21.57,21.57,21.57,1.4338240184210265,1580,0.0,0.5,1,20.0,52.75343034917734,0.0024642947224384104,True,20.0,28.658956406076005,0.004536103763095806,True,20.0,20.414155056810994,0.006368130331048245,True,-20.0,10.91533102180899,0.011909854107058972,True,-20.0,9.884530131761577,0.01315186440499342,True,-20.0,9.370172633784493,0.013873810556198329,True,-2779.2181586229444,0.0,-0.0,98.96863039424925
2025-04-30,21.56,21.94,20.36,20.92,2032986.84,,AVAXUSDT_daily,CRYPTO,BINANCE,USDT,1,1,1,20.92,20.92,20.92,1.3430232979955716,1581,0.0,0.5,1,-20.0,52.75343034917734,0.0024642947224384104,True,20.0,28.658956406076005,0.004536103763095806,True,20.0,20.414155056810994,0.006368130331048245,True,-20.0,10.91533102180899,0.011909854107058972,True,-20.0,9.884530131761577,0.01315186440499342,True,-20.0,9.370172633784493,0.013873810556198329,True,-2842.1184084945126,-8.466666666666667,-0.0,98.96863039424925
2025-05-01,20.91,21.87,20.81,21.64,2133588.19,,AVAXUSDT_daily,CRYPTO,BINANCE,USDT,1,1,1,21.64,21.64,21.64,1.3149800879064555,1582,0.0,0.5,1,-20.0,52.75343034917734,0.0024642947224384104,True,20.0,28.658956406076005,0.004536103763095806,True,20.0,20.414155056810994,0.006368130331048245,True,-20.0,10.91533102180899,0.011909854107058972,True,-20.0,9.884530131761577,0.01315186440499342,True,-20.0,9.370172633784493,0.013873810556198329,True,-2774.0594329539604,-8.466666666666667,-0.29139579349904327,98.6772346007502
2025-05-02,21.64,22.19,20.97,21.25,1781738.14,,AVAXUSDT_daily,CRYPTO,BINANCE,USDT,1,1,1,21.25,21.25,21.25,1.31883760622393,1583,0.0,0.5,1,-20.0,52.75343034917734,0.0024642947224384104,True,20.0,28.658956406076005,0.004536103763095806,True,20.0,20.414155056810994,0.006368130331048245,True,-20.0,10.91533102180899,0.011909854107058972,True,-20.0,9.884530131761577,0.01315186440499342,True,-20.0,9.370172633784493,0.013873810556198329,True,-2812.1645664850007,-8.466666666666667,0.15258780036968628,98.82982240111988
2025-05-03,21.26,21.28,20.49,20.52,1026816.5,,AVAXUSDT_daily,CRYPTO,BINANCE,USDT,1,1,1,20.52,20.52,20.52,1.2914507346436077,1584,0.0,0.5,1,-20.0,52.75343034917734,0.0024642947224384104,True,-20.0,28.658956406076005,0.004536103763095806,True,20.0,20.414155056810994,0.006368130331048245,True,-20.0,10.91533102180899,0.011909854107058972,True,-20.0,9.884530131761577,0.01315186440499342,True,-20.0,9.370172633784493,0.013873810556198329,True,-2886.433594516956,-16.933333333333334,0.2908549019607843,99.12067730308067
2025-05-04,20.53,20.63,19.76,19.91,1135995.1,,AVAXUSDT_daily,CRYPTO,BINANCE,USDT,1,1,1,19.91,19.91,19.91,1.2979022548595136,1585,0.0,0.5,1,-20.0,52.75343034917734,0.0024642947224384104,True,-20.0,28.658956406076005,0.004536103763095806,True,20.0,20.414155056810994,0.006368130331048245,True,-20.0,10.91533102180899,0.011909854107058972,True,-20.0,9.884530131761577,0.01315186440499342,True,-20.0,9.370172633784493,0.013873810556198329,True,-2951.0384040189497,-16.933333333333334,0.5033788174139044,99.62405612049457
2025-05-05,19.91,20.24,19.3,19.69,1425147.33,,AVAXUSDT_daily,CRYPTO,BINANCE,USDT,1,1,1,19.69,19.69,19.69,1.2568418022173615,1586,0.0,0.5,1,-20.0,52.75343034917734,0.0024642947224384104,True,-20.0,28.658956406076005,0.004536103763095806,True,-20.0,20.414155056810994,0.006368130331048245,True,-20.0,10.91533102180899,0.011909854107058972,True,-20.0,9.884530131761577,0.01315186440499342,True,-20.0,9.370172633784493,0.013873810556198329,True,-2975.038580097533,-20.0,0.18710865561694243,99.81116477611151
2025-05-06,19.69,20.13,19.27,20.01,1370974.68,,AVAXUSDT_daily,CRYPTO,BINANCE,USDT,1,1,1,20.01,20.01,20.01,1.176893770643692,1587,0.0,0.5,1,-20.0,52.75343034917734,0.0024642947224384104,True,-20.0,28.658956406076005,0.004536103763095806,True,-20.0,20.414155056810994,0.006368130331048245,True,-20.0,10.91533102180899,0.011909854107058972,True,-20.0,9.884530131761577,0.01315186440499342,True,-20.0,9.370172633784493,0.013873810556198329,True,-2940.1395993548863,-20.0,-0.32503809040121734,99.48612668571029
2025-05-07,20.01,20.25,19.09,19.55,1742392.2,,AVAXUSDT_daily,CRYPTO,BINANCE,USDT,1,1,1,19.55,19.55,19.55,1.1403831304531078,1588,0.0,0.5,1,-20.0,52.75343034917734,0.0024642947224384104,True,-20.0,28.658956406076005,0.004536103763095806,True,-20.0,20.414155056810994,0.006368130331048245,True,-20.0,10.91533102180899,0.011909854107058972,True,-20.0,9.884530131761577,0.01315186440499342,True,-20.0,9.370172633784493,0.013873810556198329,True,-2992.1746955722,-20.0,0.4597701149425304,99.94589680065282
2025-05-08,19.55,22.17,19.49,22.16,3458163.09,,AVAXUSDT_daily,CRYPTO,BINANCE,USDT,1,1,1,22.16,22.16,22.16,1.0845007340323716,1589,0.0,0.5,1,20.0,52.75343034917734,0.0024642947224384104,True,-20.0,28.658956406076005,0.004536103763095806,True,-20.0,20.414155056810994,0.006368130331048245,True,-20.0,10.91533102180899,0.011909854107058972,True,-20.0,9.884530131761577,0.01315186440499342,True,-20.0,9.370172633784493,0.013873810556198329,True,-2769.438517775159,-16.933333333333334,-2.6700767263427094,97.2758200743101
2025-05-09,22.16,24.01,21.96,23.27,4452531.81,,AVAXUSDT_daily,CRYPTO,BINANCE,USDT,1,1,1,23.27,23.27,23.27,1.151489995847897,1590,0.0,0.5,1,20.0,52.75343034917734,0.0024642947224384104,True,20.0,28.658956406076005,0.004536103763095806,True,20.0,20.414155056810994,0.006368130331048245,True,-20.0,10.91533102180899,0.011909854107058972,True,-20.0,9.884530131761577,0.01315186440499342,True,-20.0,9.370172633784493,0.013873810556198329,True,-2678.7331780903205,0.0,-0.8481949458483763,96.42762512846173
2025-05-10,23.27,25.97,23.01,25.82,4159813.91,,AVAXUSDT_daily,CRYPTO,BINANCE,USDT,1,1,1,25.82,25.82,25.82,1.471504421729456,1591,0.0,0.5,1,20.0,52.75343034917734,0.0024642947224384104,True,20.0,28.658956406076005,0.004536103763095806,True,20.0,20.414155056810994,0.006368130331048245,True,-20.0,10.91533102180899,0.011909854107058972,True,-20.0,9.884530131761577,0.01315186440499342,True,-20.0,9.370172633784493,0.013873810556198329,True,-2501.002788650096,0.0,0.0,96.42762512846173
2025-05-11,25.81,26.02,24.16,24.78,2729887.08,,AVAXUSDT_daily,CRYPTO,BINANCE,USDT,1,1,1,24.78,24.78,24.78,1.5836121268898131,1592,0.0,0.5,1,20.0,52.75343034917734,0.0024642947224384104,True,20.0,28.658956406076005,0.004536103763095806,True,20.0,20.414155056810994,0.006368130331048245,True,-20.0,10.91533102180899,0.011909854107058972,True,-20.0,9.884530131761577,0.01315186440499342,True,-20.0,9.370172633784493,0.013873810556198329,True,-2576.5124530382186,0.0,-0.0,96.42762512846173
2025-05-12,24.79,26.84,23.73,24.83,5218008.53,,AVAXUSDT_daily,CRYPTO,BINANCE,USDT,1,1,1,24.83,24.83,24.83,1.7221883264005593,1593,0.0,0.5,1,20.0,52.75343034917734,0.0024642947224384104,True,20.0,28.658956406076005,0.004536103763095806,True,20.0,20.414155056810994,0.006368130331048245,True,-14.561306695413304,10.91533102180899,0.011909854107058972,True,-20.0,9.884530131761577,0.01315186440499342,True,-20.0,9.370172633784493,0.013873810556198329,True,-2572.814159039247,1.1511900828041832,0.0,96.42762512846173
2025-05-13,24.83,26.25,23.45,25.72,2925803.5,,AVAXUSDT_daily,CRYPTO,BINANCE,USDT,1,1,1,25.72,25.72,25.72,1.9184420076857946,1594,0.0,0.5,1,20.0,52.75343034917734,0.0024642947224384104,True,20.0,28.658956406076005,0.004536103763095806,True,20.0,20.414155056810994,0.006368130331048245,True,20.0,10.91533102180899,0.011909854107058972,True,-20.0,9.884530131761577,0.01315186440499342,True,-20.0,9.370172633784493,0.013873810556198329,True,-2508.2068121093957,8.466666666666667,0.04126295504211531,96.46888808350384
2025-05-14,25.72,26.54,24.74,24.96,2672732.93,,AVAXUSDT_daily,CRYPTO,BINANCE,USDT,1,1,1,24.96,24.96,24.96,2.021729587834925,1595,0.0,0.5,1,20.0,52.75343034917734,0.0024642947224384104,True,20.0,28.658956406076005,0.004536103763095806,True,20.0,20.414155056810994,0.006368130331048245,True,20.0,10.91533102180899,0.011909854107058972,True,-20.0,9.884530131761577,0.01315186440499342,True,-20.0,9.370172633784493,0.013873810556198329,True,-2565.4617282177155,8.466666666666667,-0.25018144116122243,96.21870664234262
2025-05-15,24.95,25.13,22.94,23.5,3638550.04,,AVAXUSDT_daily,CRYPTO,BINANCE,USDT,1,1,1,23.5,23.5,23.5,2.041189733054517,1596,0.0,0.5,1,20.0,52.75343034917734,0.0024642947224384104,True,20.0,28.658956406076005,0.004536103763095806,True,20.0,20.414155056810994,0.006368130331048245,True,20.0,10.91533102180899,0.011909854107058972,True,-20.0,9.884530131761577,0.01315186440499342,True,-20.0,9.370172633784493,0.013873810556198329,True,-2680.5171263576212,8.466666666666667,-0.4952457264957266,95.7234609158469
2025-05-16,23.51,24.05,22.67,23.06,2227565.34,,AVAXUSDT_daily,CRYPTO,BINANCE,USDT,1,1,1,23.06,23.06,23.06,2.0481171713014366,1597,0.0,0.5,1,-20.0,52.75343034917734,0.0024642947224384104,True,20.0,28.658956406076005,0.004536103763095806,True,20.0,20.414155056810994,0.006368130331048245,True,20.0,10.91533102180899,0.011909854107058972,True,-20.0,9.884530131761577,0.01315186440499342,True,-20.0,9.370172633784493,0.013873810556198329,True,-2716.433913919937,0.0,-0.1585248226950355,95.56493609315187
2025-05-17,23.06,23.14,21.97,22.17,1687574.64,,AVAXUSDT_daily,CRYPTO,BINANCE,USDT,1,1,1,22.17,22.17,22.17,2.0433004132918744,1598,0.0,0.5,1,-20.0,52.75343034917734,0.0024642947224384104,True,20.0,28.658956406076005,0.004536103763095806,True,20.0,20.414155056810994,0.006368130331048245,True,20.0,10.91533102180899,0.011909854107058972,True,-20.0,9.884530131761577,0.01315186440499342,True,-20.0,9.370172633784493,0.013873810556198329,True,-2792.4691499158184,0.0,-0.0,95.56493609315187
2025-05-18,22.18,23.86,21.56,23.06,2886141.5,,AVAXUSDT_daily,CRYPTO,BINANCE,USDT,1,1,1,23.06,23.06,23.06,2.045216434309402,1599,0.0,0.5,1,-20.0,52.75343034917734,0.0024642947224384104,True,17.047501804702037,28.658956406076005,0.004536103763095806,True,20.0,20.414155056810994,0.006368130331048245,True,20.0,10.91533102180899,0.011909854107058972,True,-20.0,9.884530131761577,0.01315186440499342,True,-20.0,9.370172633784493,0.013873810556198329,True,-2718.7116778814284,-0.6249454513380689,0.0,95.56493609315187
2025-05-19,23.06,23.2,21.26,22.25,2300923.36,,AVAXUSDT_daily,CRYPTO,BINANCE,USDT,1,1,1,22.25,22.25,22.25,2.035982305271779,1600,0.0,0.5,1,-20.0,52.75343034917734,0.0024642947224384104,True,-20.0,28.658956406076005,0.004536103763095806,True,20.0,20.414155056810994,0.006368130331048245,True,20.0,10.91533102180899,0.011909854107058972,True,-20.0,9.884530131761577,0.01315186440499342,True,-20.0,9.370172633784493,0.013873810556198329,True,-2788.8402961786737,-8.466666666666667,0.02195168324301104,95.58688777639489
2025-05-20,22.25,22.82,21.75,22.6,2363016.87,,AVAXUSDT_daily,CRYPTO,BINANCE,USDT,1,1,1,22.6,22.6,22.6,2.003785562119542,1601,0.0,0.5,1,-20.0,52.75343034917734,0.0024642947224384104,True,-20.0,28.658956406076005,0.004536103763095806,True,20.0,20.414155056810994,0.006368130331048245,True,20.0,10.91533102180899,0.011909854107058972,True,-20.0,9.884530131761577,0.01315186440499342,True,-20.0,9.370172633784493,0.013873810556198329,True,-2758.437033032064,-8.466666666666667,-0.1331835205992509,95.45370425579564
2025-05-21,22.61,23.81,22.15,23.17,3700764.84,,AVAXUSDT_daily,CRYPTO,BINANCE,USDT,1,1,1,23.17,23.17,23.17,1.9969118263249925,1602,0.0,0.5,1,-20.0,52.75343034917734,0.0024642947224384104,True,-20.0,28.658956406076005,0.004536103763095806,True,20.0,20.414155056810994,0.006368130331048245,True,20.0,10.91533102180899,0.011909854107058972,True,-20.0,9.884530131761577,0.01315186440499342,True,-20.0,9.370172633784493,0.013873810556198329,True,-2709.369623702962,-8.466666666666667,-0.21353982300884924,95.2401644327868
2025-05-22,23.18,25.43,23.13,25.26,4544921.58,,AVAXUSDT_daily,CRYPTO,BINANCE,USDT,1,1,1,25.26,25.26,25.26,2.053268190755711,1603,0.0,0.5,1,20.0,52.75343034917734,0.0024642947224384104,True,20.0,28.658956406076005,0.004536103763095806,True,20.0,20.414155056810994,0.006368130331048245,True,20.0,10.91533102180899,0.011909854107058972,True,-20.0,9.884530131761577,0.01315186440499342,True,-20.0,9.370172633784493,0.013873810556198329,True,-2551.3590198188836,8.466666666666667,-0.7637174507265139,94.47644698206028
2025-05-23,25.26,25.98,22.92,23.07,4705888.32,,AVAXUSDT_daily,CRYPTO,BINANCE,USDT,1,1,1,23.07,23.07,23.07,1.9811974050826082,1604,0.0,0.5,1,20.0,52.75343034917734,0.0024642947224384104,True,20.0,28.658956406076005,0.004536103763095806,True,20.0,20.414155056810994,0.006368130331048245,True,20.0,10.91533102180899,0.011909854107058972,True,-20.0,9.884530131761577,0.01315186440499342,True,-20.0,9.370172633784493,0.013873810556198329,True,-2723.8956666945537,8.466666666666667,-0.7340459224069681,93.74240105965332
2025-05-24,23.08,23.48,22.75,22.96,1900215.75,,AVAXUSDT_daily,CRYPTO,BINANCE,USDT,1,1,1,22.96,22.96,22.96,1.8484687119231087,1605,0.0,0.5,1,-20.0,52.75343034917734,0.0024642947224384104,True,20.0,28.658956406076005,0.004536103763095806,True,20.0,20.414155056810994,0.006368130331048245,True,20.0,10.91533102180899,0.011909854107058972,True,-20.0,9.884530131761577,0.01315186440499342,True,-20.0,9.370172633784493,0.013873810556198329,True,-2732.7853597550297,0.0,-0.04036988874440104,93.70203117090891
2025-05-25,22.96,23.47,22.03,23.45,1560632.88,,AVAXUSDT_daily,CRYPTO,BINANCE,USDT,1,1,1,23.45,23.45,23.45,1.666208665143944,1606,0.0,0.5,1,-18.652062368256473,52.75343034917734,0.0024642947224384104,True,20.0,28.658956406076005,0.004536103763095806,True,20.0,20.414155056810994,0.006368130331048245,True,20.0,10.91533102180899,0.011909854107058972,True,-20.0,9.884530131761577,0.01315186440499342,True,-20.0,9.370172633784493,0.013873810556198329,True,-2693.2955886522063,0.28531346538571317,0.0,93.70203117090891
2025-05-26,23.45,24.0,22.87,23.07,1683985.16,,AVAXUSDT_daily,CRYPTO,BINANCE,USDT,1,1,1,23.07,23.07,23.07,1.4799803519359767,1607,0.0,0.5,1,-20.0,52.75343034917734,0.0024642947224384104,True,2.831805408999271,28.658956406076005,0.004536103763095806,True,20.0,20.414155056810994,0.006368130331048245,True,20.0,10.91533102180899,0.011909854107058972,True,-20.0,9.884530131761577,0.01315186440499342,True,-20.0,9.370172633784493,0.013873810556198329,True,-2724.9734992832136,-3.633934521761821,-0.004623416496655482,93.69740775441225
2025-05-27,23.06,23.88,22.51,23.38,2332149.83,,AVAXUSDT_daily,CRYPTO,BINANCE,USDT,1,1,1,23.38,23.38,23.38,1.1650394165505806,1608,0.0,0.5,1,-13.189594763989954,52.75343034917734,0.0024642947224384104,True,20.0,28.658956406076005,0.004536103763095806,True,20.0,20.414155056810994,0.006368130331048245,True,20.0,10.91533102180899,0.011909854107058972,True,-20.0,9.884530131761577,0.01315186440499342,True,-20.0,9.370172633784493,0.013873810556198329,True,-2698.9676583861415,1.4415357749554603,-0.048830502893201864,93.64857725151906
2025-05-28,23.38,23.77,22.77,23.6,1846290.62,,AVAXUSDT_daily,CRYPTO,BINANCE,USDT,1,1,1,23.6,23.6,23.6,1.1129377908612124,1609,0.0,0.5,1,20.0,52.75343034917734,0.0024642947224384104,True,20.0,28.658956406076005,0.004536103763095806,True,20.0,20.414155056810994,0.006368130331048245,True,20.0,10.91533102180899,0.011909854107058972,True,-20.0,9.884530131761577,0.01315186440499342,True,-20.0,9.370172633784493,0.013873810556198329,True,-2680.312981086651,8.466666666666667,0.013564494032942824,93.662141745552
2025-05-29,23.61,24.35,22.17,22.25,3088525.48,,AVAXUSDT_daily,CRYPTO,BINANCE,USDT,1,1,1,22.25,22.25,22.25,1.1561624362340355,1610,0.0,0.5,1,-20.0,52.75343034917734,0.0024642947224384104,True,-20.0,28.658956406076005,0.004536103763095806,True,20.0,20.414155056810994,0.006368130331048245,True,20.0,10.91533102180899,0.011909854107058972,True,-20.0,9.884530131761577,0.01315186440499342,True,-20.0,9.370172633784493,0.013873810556198329,True,-2800.1341488970893,-8.466666666666667,-0.4843220338983057,93.1778197116537
2025-05-30,22.25,22.35,20.4,20.56,3279913.72,,AVAXUSDT_daily,CRYPTO,BINANCE,USDT,1,1,1,20.56,20.56,20.56,1.2318642269728792,1611,0.0,0.5,1,-20.0,52.75343034917734,0.0024642947224384104,True,-20.0,28.658956406076005,0.004536103763095806,True,-20.0,20.414155056810994,0.006368130331048245,True,-20.0,10.91533102180899,0.011909854107058972,True,-20.0,9.884530131761577,0.01315186440499342,True,-20.0,9.370172633784493,0.013873810556198329,True,-2957.8369021142403,-20.0,0.6430861423220983,93.8209058539758
2025-05-31,20.55,21.12,19.77,20.8,1892744.39,,AVAXUSDT_daily,CRYPTO,BINANCE,USDT,1,1,1,20.8,20.8,20.8,1.3134222073454296,1612,0.0,0.5,1,-20.0,52.75343034917734,0.0024642947224384104,True,-20.0,28.658956406076005,0.004536103763095806,True,-20.0,20.414155056810994,0.006368130331048245,True,-20.0,10.91533102180899,0.011909854107058972,True,-20.0,9.884530131761577,0.01315186440499342,True,-20.0,9.370172633784493,0.013873810556198329,True,-2935.2877156554455,-20.0,-0.23346303501945886,93.58744281895635
2025-06-01,20.81,20.97,20.17,20.88,1153604.59,,AVAXUSDT_daily,CRYPTO,BINANCE,USDT,1,1,1,20.88,20.88,20.88,1.3496832961888943,1613,0.0,0.5,1,-20.0,52.75343034917734,0.0024642947224384104,True,-20.0,28.658956406076005,0.004536103763095806,True,-20.0,20.414155056810994,0.006368130331048245,True,-20.0,10.91533102180899,0.011909854107058972,True,-20.0,9.884530131761577,0.01315186440499342,True,-20.0,9.370172633784493,0.013873810556198329,True,-2927.64911006718,-20.0,-0.07692307692307665,93.51051974203327
2025-06-02,20.88,21.32,20.22,21.15,1502072.99,,AVAXUSDT_daily,CRYPTO,BINANCE,USDT,1,1,1,21.15,21.15,21.15,1.2457506720260871,1614,0.0,0.5,1,-20.0,52.75343034917734,0.0024642947224384104,True,-20.0,28.658956406076005,0.004536103763095806,True,-20.0,20.414155056810994,0.006368130331048245,True,-20.0,10.91533102180899,0.011909854107058972,True,-20.0,9.884530131761577,0.01315186440499342,True,-20.0,9.370172633784493,0.013873810556198329,True,-2901.7391573551076,-20.0,-0.2586206896551735,93.25189905237809
2025-06-03,21.16,21.7,20.89,21.14,1566776.54,,AVAXUSDT_daily,CRYPTO,BINANCE,USDT,1,1,1,21.14,21.14,21.14,1.1818981165507023,1615,0.0,0.5,1,-20.0,52.75343034917734,0.0024642947224384104,True,-20.0,28.658956406076005,0.004536103763095806,True,-20.0,20.414155056810994,0.006368130331048245,True,-20.0,10.91533102180899,0.011909854107058972,True,-20.0,9.884530131761577,0.01315186440499342,True,-20.0,9.370172633784493,0.013873810556198329,True,-2902.718652187364,-20.0,0.009456264775411505,93.2613553171535
2025-06-04,21.14,21.64,20.06,20.09,1830422.72,,AVAXUSDT_daily,CRYPTO,BINANCE,USDT,1,1,1,20.09,20.09,20.09,1.2822278104557374,1616,0.0,0.5,1,-20.0,52.75343034917734,0.0024642947224384104,True,-20.0,28.658956406076005,0.004536103763095806,True,-20.0,20.414155056810994,0.006368130331048245,True,-20.0,10.91533102180899,0.011909854107058972,True,-20.0,9.884530131761577,0.01315186440499342,True,-20.0,9.370172633784493,0.013873810556198329,True,-3010.646391089609,-20.0,0.9933774834437092,94.25473280059721
2025-06-05,20.08,20.54,18.43,18.75,3250405.7,,AVAXUSDT_daily,CRYPTO,BINANCE,USDT,1,1,1,18.75,18.75,18.75,1.5075811927199734,1617,0.0,0.5,1,-20.0,52.75343034917734,0.0024642947224384104,True,-20.0,28.658956406076005,0.004536103763095806,True,-20.0,20.414155056810994,0.006368130331048245,True,-20.0,10.91533102180899,0.011909854107058972,True,-20.0,9.884530131761577,0.01315186440499342,True,-20.0,9.370172633784493,0.013873810556198329,True,-3155.72479076778,-20.0,1.333997013439523,95.58872981403674
2025-06-06,18.75,19.95,18.63,19.64,1859494.01,,AVAXUSDT_daily,CRYPTO,BINANCE,USDT,1,1,1,19.64,19.64,19.64,1.6113063513516441,1618,0.0,0.5,1,-20.0,52.75343034917734,0.0024642947224384104,True,-20.0,28.658956406076005,0.004536103763095806,True,-20.0,20.414155056810994,0.006368130331048245,True,-20.0,10.91533102180899,0.011909854107058972,True,-20.0,9.884530131761577,0.01315186440499342,True,-20.0,9.370172633784493,0.013873810556198329,True,-3064.5935888947406,-20.0,-0.9493333333333354,94.6393964807034
2025-06-07,19.64,21.13,19.56,20.65,1466628.82,,AVAXUSDT_daily,CRYPTO,BINANCE,USDT,1,1,1,20.65,20.65,20.65,1.622387454538219,1619,0.0,0.5,1,-20.0,52.75343034917734,0.0024642947224384104,True,-20.0,28.658956406076005,0.004536103763095806,True,-20.0,20.414155056810994,0.006368130331048245,True,-20.0,10.91533102180899,0.011909854107058972,True,-20.0,9.884530131761577,0.01315186440499342,True,-20.0,9.370172633784493,0.013873810556198329,True,-2967.132042971471,-20.0,-1.0285132382892037,93.61088324241419
2025-06-08,20.66,21.49,20.14,21.04,1901641.64,,AVAXUSDT_daily,CRYPTO,BINANCE,USDT,1,1,1,21.04,21.04,21.04,1.632590692253414,1620,0.0,0.5,1,20.0,52.75343034917734,0.0024642947224384104,True,-20.0,28.658956406076005,0.004536103763095806,True,-20.0,20.414155056810994,0.006368130331048245,True,-20.0,10.91533102180899,0.011909854107058972,True,-20.0,9.884530131761577,0.01315186440499342,True,-20.0,9.370172633784493,0.013873810556198329,True,-2929.5888663439114,-16.933333333333334,-0.3777239709443103,93.23315927146987
2025-06-09,21.04,22.04,20.22,21.95,2477870.38,,AVAXUSDT_daily,CRYPTO,BINANCE,USDT,1,1,1,21.95,21.95,21.95,1.6238553863570813,1621,0.0,0.5,1,20.0,52.75343034917734,0.0024642947224384104,True,-20.0,28.658956406076005,0.004536103763095806,True,-20.0,20.414155056810994,0.006368130331048245,True,-20.0,10.91533102180899,0.011909854107058972,True,-20.0,9.884530131761577,0.01315186440499342,True,-20.0,9.370172633784493,0.013873810556198329,True,-2845.4539067643695,-16.933333333333334,-0.7323827629911284,92.50077650847875
2025-06-10,21.94,22.59,21.51,22.57,3111970.84,,AVAXUSDT_daily,CRYPTO,BINANCE,USDT,1,1,1,22.57,22.57,22.57,1.603463685115793,1622,0.0,0.5,1,20.0,52.75343034917734,0.0024642947224384104,True,20.0,28.658956406076005,0.004536103763095806,True,-20.0,20.414155056810994,0.006368130331048245,True,-20.0,10.91533102180899,0.011909854107058972,True,-20.0,9.884530131761577,0.01315186440499342,True,-20.0,9.370172633784493,0.013873810556198329,True,-2788.949319438992,-8.466666666666667,-0.47829916476841483,92.02247734371034
2025-06-11,22.57,22.77,21.32,21.57,2612028.0,,AVAXUSDT_daily,CRYPTO,BINANCE,USDT,1,1,1,21.57,21.57,21.57,1.3831172839148835,1623,0.0,0.5,1,20.0,52.75343034917734,0.0024642947224384104,True,20.0,28.658956406076005,0.004536103763095806,True,-20.0,20.414155056810994,0.006368130331048245,True,-20.0,10.91533102180899,0.011909854107058972,True,-20.0,9.884530131761577,0.01315186440499342,True,-20.0,9.370172633784493,0.013873810556198329,True,-2884.0669344011776,-8.466666666666667,0.37512922758824396,92.39760657129858
2025-06-12,21.56,21.62,20.15,20.28,2415966.59,,AVAXUSDT_daily,CRYPTO,BINANCE,USDT,1,1,1,20.28,20.28,20.28,1.3707197494712091,1624,0.0,0.5,1,-20.0,52.75343034917734,0.0024642947224384104,True,-20.0,28.658956406076005,0.004536103763095806,True,-20.0,20.414155056810994,0.006368130331048245,True,-20.0,10.91533102180899,0.011909854107058972,True,-20.0,9.884530131761577,0.01315186440499342,True,-20.0,9.370172633784493,0.013873810556198329,True,-3012.6231295195817,-20.0,0.5063514140009268,92.90395798529951
2025-06-13,20.28,20.3,18.46,19.41,5203353.31,,AVAXUSDT_daily,CRYPTO,BINANCE,USDT,1,1,1,19.41,19.41,19.41,1.3997528917299018,1625,0.0,0.5,1,-20.0,52.75343034917734,0.0024642947224384104,True,-20.0,28.658956406076005,0.004536103763095806,True,-20.0,20.414155056810994,0.006368130331048245,True,-20.0,10.91533102180899,0.011909854107058972,True,-20.0,9.884530131761577,0.01315186440499342,True,-20.0,9.370172633784493,0.013873810556198329,True,-3103.667046520267,-20.0,0.8579881656804744,93.76194615097998
2025-06-14,19.42,19.43,18.71,18.93,1096166.12,,AVAXUSDT_daily,CRYPTO,BINANCE,USDT,1,1,1,18.93,18.93,18.93,1.4011967629253788,1626,0.0,0.5,1,-20.0,52.75343034917734,0.0024642947224384104,True,-20.0,28.658956406076005,0.004536103763095806,True,-20.0,20.414155056810994,0.006368130331048245,True,-20.0,10.91533102180899,0.011909854107058972,True,-20.0,9.884530131761577,0.01315186440499342,True,-20.0,9.370172633784493,0.013873810556198329,True,-3156.0237739760087,-20.0,0.4945904173106652,94.25653656829064
2025-06-15,18.94,19.28,18.73,19.1,1025408.3,,AVAXUSDT_daily,CRYPTO,BINANCE,USDT,1,1,1,19.1,19.1,19.1,1.386392896393162,1627,0.0,0.5,1,-20.0,52.75343034917734,0.0024642947224384104,True,-20.0,28.658956406076005,0.004536103763095806,True,-20.0,20.414155056810994,0.006368130331048245,True,-20.0,10.91533102180899,0.011909854107058972,True,-20.0,9.884530131761577,0.01315186440499342,True,-20.0,9.370172633784493,0.013873810556198329,True,-3137.322226714279,-20.0,-0.17960908610671122,94.07692748218393
2025-06-16,19.11,20.0,18.9,19.06,2053892.52,,AVAXUSDT_daily,CRYPTO,BINANCE,USDT,1,1,1,19.06,19.06,19.06,1.312077099792928,1628,0.0,0.5,1,-20.0,52.75343034917734,0.0024642947224384104,True,-20.0,28.658956406076005,0.004536103763095806,True,-20.0,20.414155056810994,0.006368130331048245,True,-20.0,10.91533102180899,0.011909854107058972,True,-20.0,9.884530131761577,0.01315186440499342,True,-20.0,9.370172633784493,0.013873810556198329,True,-3141.818899449378,-20.0,0.041884816753929854,94.11881229893787
2025-06-17,19.06,19.49,18.13,18.58,2290731.0,,AVAXUSDT_daily,CRYPTO,BINANCE,USDT,1,1,1,18.58,18.58,18.58,1.197422670840648,1629,0.0,0.5,1,-20.0,52.75343034917734,0.0024642947224384104,True,-20.0,28.658956406076005,0.004536103763095806,True,-20.0,20.414155056810994,0.006368130331048245,True,-20.0,10.91533102180899,0.011909854107058972,True,-20.0,9.884530131761577,0.01315186440499342,True,-20.0,9.370172633784493,0.013873810556198329,True,-3198.015072138694,-20.0,0.50367261280168,94.62248491173955
2025-06-18,18.59,18.9,18.07,18.16,1961262.65,,AVAXUSDT_daily,CRYPTO,BINANCE,USDT,1,1,1,18.16,18.16,18.16,1.2175232625081267,1630,0.0,0.5,1,-20.0,52.75343034917734,0.0024642947224384104,True,-20.0,28.658956406076005,0.004536103763095806,True,-20.0,20.414155056810994,0.006368130331048245,True,-20.0,10.91533102180899,0.011909854107058972,True,-20.0,9.884530131761577,0.01315186440499342,True,-20.0,9.370172633784493,0.013873810556198329,True,-3249.151268771334,-20.0,0.45209903121635975,95.07458394295591
2025-06-19,18.17,18.39,17.64,18.06,2008390.39,,AVAXUSDT_daily,CRYPTO,BINANCE,USDT,1,1,1,18.06,18.06,18.06,1.3054520289967007,1631,0.0,0.5,1,-20.0,52.75343034917734,0.0024642947224384104,True,-20.0,28.658956406076005,0.004536103763095806,True,-20.0,20.414155056810994,0.006368130331048245,True,-20.0,10.91533102180899,0.011909854107058972,True,-20.0,9.884530131761577,0.01315186440499342,True,-20.0,9.370172633784493,0.013873810556198329,True,-3261.6294327189444,-20.0,0.11013215859031034,95.18471610154621
2025-06-20,18.06,18.41,16.94,17.37,2195101.91,,AVAXUSDT_daily,CRYPTO,BINANCE,USDT,1,1,1,17.37,17.37,17.37,1.426983937508182,1632,0.0,0.5,1,-20.0,52.75343034917734,0.0024642947224384104,True,-20.0,28.658956406076005,0.004536103763095806,True,-20.0,20.414155056810994,0.006368130331048245,True,-20.0,10.91533102180899,0.011909854107058972,True,-20.0,9.884530131761577,0.01315186440499342,True,-20.0,9.370172633784493,0.013873810556198329,True,-3351.777267763112,-20.0,0.7641196013289009,95.94883570287512
2025-06-21,17.38,17.64,16.32,16.82,2333601.25,,AVAXUSDT_daily,CRYPTO,BINANCE,USDT,1,1,1,16.82,16.82,16.82,1.5651715897226075,1633,0.0,0.5,1,-20.0,52.75343034917734,0.0024642947224384104,True,-20.0,28.658956406076005,0.004536103763095806,True,-20.0,20.414155056810994,0.006368130331048245,True,-20.0,10.91533102180899,0.011909854107058972,True,-20.0,9.884530131761577,0.01315186440499342,True,-20.0,9.370172633784493,0.013873810556198329,True,-3426.906033755562,-20.0,0.6332757628094421,96.58211146568456
2025-06-22,16.82,17.11,15.61,16.53,3130501.11,,AVAXUSDT_daily,CRYPTO,BINANCE,USDT,1,1,1,16.53,16.53,16.53,1.6791680270805396,1634,0.0,0.5,1,-20.0,52.75343034917734,0.0024642947224384104,True,-20.0,28.658956406076005,0.004536103763095806,True,-20.0,20.414155056810994,0.006368130331048245,True,-20.0,10.91533102180899,0.011909854107058972,True,-20.0,9.884530131761577,0.01315186440499342,True,-20.0,9.370172633784493,0.013873810556198329,True,-3467.948885963242,-20.0,0.344827586206895,96.92693905189145
2025-06-23,16.53,18.19,16.26,18.06,3812779.65,,AVAXUSDT_daily,CRYPTO,BINANCE,USDT,1,1,1,18.06,18.06,18.06,1.6605290849957837,1635,0.0,0.5,1,-20.0,52.75343034917734,0.0024642947224384104,True,-20.0,28.658956406076005,0.004536103763095806,True,-20.0,20.414155056810994,0.006368130331048245,True,-20.0,10.91533102180899,0.011909854107058972,True,-20.0,9.884530131761577,0.01315186440499342,True,-20.0,9.370172633784493,0.013873810556198329,True,-3290.0887496696664,-20.0,-1.8511796733212327,95.07575937857023
2025-06-24,18.06,18.49,17.88,18.23,2249538.26,,AVAXUSDT_daily,CRYPTO,BINANCE,USDT,1,1,1,18.23,18.23,18.23,1.6678527008074266,1636,0.0,0.5,1,-20.0,52.75343034917734,0.0024642947224384104,True,-20.0,28.658956406076005,0.004536103763095806,True,-20.0,20.414155056810994,0.006368130331048245,True,-20.0,10.91533102180899,0.011909854107058972,True,-20.0,9.884530131761577,0.01315186440499342,True,-20.0,9.370172633784493,0.013873810556198329,True,-3270.163287360033,-20.0,-0.18826135105205033,94.88749802751818
2025-06-25,18.24,18.37,17.42,17.57,1737924.36,,AVAXUSDT_daily,CRYPTO,BINANCE,USDT,1,1,1,17.57,17.57,17.57,1.7064487593926567,1637,0.0,0.5,1,-20.0,52.75343034917734,0.0024642947224384104,True,-20.0,28.658956406076005,0.004536103763095806,True,-20.0,20.414155056810994,0.006368130331048245,True,-20.0,10.91533102180899,0.011909854107058972,True,-20.0,9.884530131761577,0.01315186440499342,True,-20.0,9.370172633784493,0.013873810556198329,True,-3351.0822517399,-20.0,0.7240811848601214,95.6115792123783
2025-06-26,17.57,18.02,17.09,17.23,1486292.73,,AVAXUSDT_daily,CRYPTO,BINANCE,USDT,1,1,1,17.23,17.23,17.23,1.756537488179548,1638,0.0,0.5,1,-20.0,52.75343034917734,0.0024642947224384104,True,-20.0,28.658956406076005,0.004536103763095806,True,-20.0,20.414155056810994,0.006368130331048245,True,-20.0,10.91533102180899,0.011909854107058972,True,-20.0,9.884530131761577,0.01315186440499342,True,-20.0,9.370172633784493,0.013873810556198329,True,-3394.3349885512635,-20.0,0.38702333523050747,95.99860254760881
2025-06-27,17.24,17.79,17.02,17.58,1267515.56,,AVAXUSDT_daily,CRYPTO,BINANCE,USDT,1,1,1,17.58,17.58,17.58,1.7442371277743303,1639,0.0,0.5,1,-20.0,52.75343034917734,0.0024642947224384104,True,-20.0,28.658956406076005,0.004536103763095806,True,-20.0,20.414155056810994,0.006368130331048245,True,-20.0,10.91533102180899,0.011909854107058972,True,-20.0,9.884530131761577,0.01315186440499342,True,-20.0,9.370172633784493,0.013873810556198329,True,-3350.2263833416355,-20.0,-0.40626813697039577,95.59233441063841
2025-06-28,17.58,18.08,17.48,17.97,818567.26,,AVAXUSDT_daily,CRYPTO,BINANCE,USDT,1,1,1,17.97,17.97,17.97,1.6803767591356713,1640,0.0,0.5,1,20.0,52.75343034917734,0.0024642947224384104,True,-20.0,28.658956406076005,0.004536103763095806,True,-20.0,20.414155056810994,0.006368130331048245,True,-20.0,10.91533102180899,0.011909854107058972,True,-20.0,9.884530131761577,0.01315186440499342,True,-20.0,9.370172633784493,0.013873810556198329,True,-3301.650352193376,-16.933333333333334,-0.4436860068259385,95.14864840381247
2025-06-29,17.98,18.9,17.8,18.73,1322755.99,,AVAXUSDT_daily,CRYPTO,BINANCE,USDT,1,1,1,18.73,18.73,18.73,1.5026519539629193,1641,0.0,0.5,1,20.0,52.75343034917734,0.0024642947224384104,True,-20.0,28.658956406076005,0.004536103763095806,True,-20.0,20.414155056810994,0.006368130331048245,True,-20.0,10.91533102180899,0.011909854107058972,True,-20.0,9.884530131761577,0.01315186440499342,True,-20.0,9.370172633784493,0.013873810556198329,True,-3211.391038184155,-16.933333333333334,-0.7161565572250068,94.43249184658747
2025-06-30,18.73,18.88,17.71,17.96,1826960.62,,AVAXUSDT_daily,CRYPTO,BINANCE,USDT,1,1,1,17.96,17.96,17.96,1.1787549185078696,1642,0.0,0.5,1,20.0,52.75343034917734,0.0024642947224384104,True,-20.0,28.658956406076005,0.004536103763095806,True,-20.0,20.414155056810994,0.006368130331048245,True,-20.0,10.91533102180899,0.011909854107058972,True,-20.0,9.884530131761577,0.01315186440499342,True,-20.0,9.370172633784493,0.013873810556198329,True,-3306.705326323141,-16.933333333333334,0.696138102865279,95.12862994945274
2025-07-01,17.97,18.06,16.94,17.1,1494015.26,,AVAXUSDT_daily,CRYPTO,BINANCE,USDT,1,1,1,17.1,17.1,17.1,0.9370798707806626,1643,0.0,0.5,1,-20.0,52.75343034917734,0.0024642947224384104,True,-20.0,28.658956406076005,0.004536103763095806,True,-20.0,20.414155056810994,0.006368130331048245,True,-20.0,10.91533102180899,0.011909854107058972,True,-20.0,9.884530131761577,0.01315186440499342,True,-20.0,9.370172633784493,0.013873810556198329,True,-3417.980588204689,-20.0,0.8108389012620626,95.9394688507148
2025-07-02,17.11,18.83,16.97,18.51,2701044.64,,AVAXUSDT_daily,CRYPTO,BINANCE,USDT,1,1,1,18.51,18.51,18.51,0.7971171742507298,1644,0.0,0.5,1,20.0,52.75343034917734,0.0024642947224384104,True,-20.0,28.658956406076005,0.004536103763095806,True,-20.0,20.414155056810994,0.006368130331048245,True,-20.0,10.91533102180899,0.011909854107058972,True,-20.0,9.884530131761577,0.01315186440499342,True,-20.0,9.370172633784493,0.013873810556198329,True,-3260.0576619347976,-16.933333333333334,-1.6491228070175445,94.29034604369726
2025-07-03,18.51,19.17,18.34,18.54,2023149.88,,AVAXUSDT_daily,CRYPTO,BINANCE,USDT,1,1,1,18.54,18.54,18.54,0.7406147873015247,1645,0.0,0.5,1,20.0,52.75343034917734,0.0024642947224384104,True,-20.0,28.658956406076005,0.004536103763095806,True,-20.0,20.414155056810994,0.006368130331048245,True,-20.0,10.91533102180899,0.011909854107058972,True,-20.0,9.884530131761577,0.01315186440499342,True,-20.0,9.370172633784493,0.013873810556198329,True,-3256.6358715081833,-16.933333333333334,-0.0274446245272791,94.26290141916998
2025-07-04,18.55,18.88,17.5,17.8,1884464.87,,AVAXUSDT_daily,CRYPTO,BINANCE,USDT,1,1,1,17.8,17.8,17.8,0.70870972456712,1646,0.0,0.5,1,-20.0,52.75343034917734,0.0024642947224384104,True,-20.0,28.658956406076005,0.004536103763095806,True,-20.0,20.414155056810994,0.006368130331048245,True,-20.0,10.91533102180899,0.011909854107058972,True,-20.0,9.884530131761577,0.01315186440499342,True,-20.0,9.370172633784493,0.013873810556198329,True,-3344.825157134134,-20.0,0.675871988493346,94.93877340766332
2025-07-05,17.8,17.99,17.62,17.92,638719.79,,AVAXUSDT_daily,CRYPTO,BINANCE,USDT,1,1,1,17.92,17.92,17.92,0.6548274180119663,1647,0.0,0.5,1,-20.0,52.75343034917734,0.0024642947224384104,True,-20.0,28.658956406076005,0.004536103763095806,True,-20.0,20.414155056810994,0.006368130331048245,True,-20.0,10.91533102180899,0.011909854107058972,True,-20.0,9.884530131761577,0.01315186440499342,True,-20.0,9.370172633784493,0.013873810556198329,True,-3330.352602327715,-20.0,-0.13483146067415852,94.80394194698916
2025-07-06,17.92,18.62,17.74,18.29,1092614.2,,AVAXUSDT_daily,CRYPTO,BINANCE,USDT,1,1,1,18.29,18.29,18.29,0.6029355818006387,1648,0.0,0.5,1,20.0,52.75343034917734,0.0024642947224384104,True,-20.0,28.658956406076005,0.004536103763095806,True,-20.0,20.414155056810994,0.006368130331048245,True,-20.0,10.91533102180899,0.011909854107058972,True,-20.0,9.884530131761577,0.01315186440499342,True,-20.0,9.370172633784493,0.013873810556198329,True,-3286.035569033396,-16.933333333333334,-0.4129464285714235,94.39099551841772
2025-07-07,18.3,18.59,17.8,17.99,1162903.04,,AVAXUSDT_daily,CRYPTO,BINANCE,USDT,1,1,1,17.99,17.99,17.99,0.579336280865952,1649,0.0,0.5,1,-20.0,52.75343034917734,0.0024642947224384104,True,-20.0,28.658956406076005,0.004536103763095806,True,-20.0,20.414155056810994,0.006368130331048245,True,-20.0,10.91533102180899,0.011909854107058972,True,-20.0,9.884530131761577,0.01315186440499342,True,-20.0,9.370172633784493,0.013873810556198329,True,-3323.1706144653203,-20.0,0.2777474029524339,94.66874292137015
2025-07-08,18.0,18.48,17.69,18.36,1311269.48,,AVAXUSDT_daily,CRYPTO,BINANCE,USDT,1,1,1,18.36,18.36,18.36,0.5871689436889995,1650,0.0,0.5,1,20.0,52.75343034917734,0.0024642947224384104,True,-20.0,28.658956406076005,0.004536103763095806,True,-20.0,20.414155056810994,0.006368130331048245,True,-20.0,10.91533102180899,0.011909854107058972,True,-20.0,9.884530131761577,0.01315186440499342,True,-20.0,9.370172633784493,0.013873810556198329,True,-3277.70628021649,-16.933333333333334,-0.4113396331295194,94.25740328824064
2025-07-09,18.37,19.63,18.09,19.5,2690754.32,,AVAXUSDT_daily,CRYPTO,BINANCE,USDT,1,1,1,19.5,19.5,19.5,0.695096358341934,1651,0.0,0.5,1,20.0,52.75343034917734,0.0024642947224384104,True,20.0,28.658956406076005,0.004536103763095806,True,-20.0,20.414155056810994,0.006368130331048245,True,-20.0,10.91533102180899,0.011909854107058972,True,-20.0,9.884530131761577,0.01315186440499342,True,-20.0,9.370172633784493,0.013873810556198329,True,-3149.4213171189085,-8.466666666666667,-1.0514161220043574,93.20598716623628
2025-07-10,19.5,20.79,19.34,20.7,3077304.92,,AVAXUSDT_daily,CRYPTO,BINANCE,USDT,1,1,1,20.7,20.7,20.7,0.9223737968223165,1652,0.0,0.5,1,20.0,52.75343034917734,0.0024642947224384104,True,20.0,28.658956406076005,0.004536103763095806,True,-20.0,20.414155056810994,0.006368130331048245,True,-20.0,10.91533102180899,0.011909854107058972,True,-20.0,9.884530131761577,0.01315186440499342,True,-20.0,9.370172633784493,0.013873810556198329,True,-3024.5763117779434,-8.466666666666667,-0.5210256410256411,92.68496152521064
2025-07-11,20.7,21.53,20.32,20.68,3331979.17,,AVAXUSDT_daily,CRYPTO,BINANCE,USDT,1,1,1,20.68,20.68,20.68,1.043102028622815,1653,0.0,0.5,1,20.0,52.75343034917734,0.0024642947224384104,True,20.0,28.658956406076005,0.004536103763095806,True,20.0,20.414155056810994,0.006368130331048245,True,-20.0,10.91533102180899,0.011909854107058972,True,-20.0,9.884530131761577,0.01315186440499342,True,-20.0,9.370172633784493,0.013873810556198329,True,-3026.6984918195317,0.0,0.008180354267310638,92.69314187947795
2025-07-12,20.67,21.08,20.18,20.69,2113337.99,,AVAXUSDT_daily,CRYPTO,BINANCE,USDT,1,1,1,20.69,20.69,20.69,1.0930183944188991,1654,0.0,0.5,1,20.0,52.75343034917734,0.0024642947224384104,True,20.0,28.658956406076005,0.004536103763095806,True,20.0,20.414155056810994,0.006368130331048245,True,-20.0,10.91533102180899,0.011909854107058972,True,-20.0,9.884530131761577,0.01315186440499342,True,-20.0,9.370172633784493,0.013873810556198329,True,-3025.6177705296654,0.0,0.0,92.69314187947795
2025-07-13,20.68,21.8,20.66,21.2,2637539.97,,AVAXUSDT_daily,CRYPTO,BINANCE,USDT,1,1,1,21.2,21.2,21.2,1.2457881673488775,1655,0.0,0.5,1,20.0,52.75343034917734,0.0024642947224384104,True,20.0,28.658956406076005,0.004536103763095806,True,20.0,20.414155056810994,0.006368130331048245,True,-20.0,10.91533102180899,0.011909854107058972,True,-20.0,9.884530131761577,0.01315186440499342,True,-20.0,9.370172633784493,0.013873810556198329,True,-2971.0264052845455,0.0,0.0,92.69314187947795
2025-07-14,21.21,22.08,21.02,21.26,2537960.71,,AVAXUSDT_daily,CRYPTO,BINANCE,USDT,1,1,1,21.26,21.26,21.26,1.3726804358477227,1656,0.0,0.5,1,20.0,52.75343034917734,0.0024642947224384104,True,20.0,28.658956406076005,0.004536103763095806,True,20.0,20.414155056810994,0.006368130331048245,True,-20.0,10.91533102180899,0.011909854107058972,True,-20.0,9.884530131761577,0.01315186440499342,True,-20.0,9.370172633784493,0.013873810556198329,True,-2964.501816269951,0.0,0.0,92.69314187947795
2025-07-15,21.27,22.58,20.39,22.51,4237676.39,,AVAXUSDT_daily,CRYPTO,BINANCE,USDT,1,1,1,22.51,22.51,22.51,1.573452121597309,1657,0.0,0.5,1,20.0,52.75343034917734,0.0024642947224384104,True,20.0,28.658956406076005,0.004536103763095806,True,20.0,20.414155056810994,0.006368130331048245,True,-20.0,10.91533102180899,0.011909854107058972,True,-20.0,9.884530131761577,0.01315186440499342,True,-20.0,9.370172633784493,0.013873810556198329,True,-2838.1783190797214,0.0,0.0,92.69314187947795
2025-07-16,22.52,23.02,21.61,22.66,3024064.87,,AVAXUSDT_daily,CRYPTO,BINANCE,USDT,1,1,1,22.66,22.66,22.66,1.7098072375228046,1658,0.0,0.5,1,20.0,52.75343034917734,0.0024642947224384104,True,20.0,28.658956406076005,0.004536103763095806,True,20.0,20.414155056810994,0.006368130331048245,True,-20.0,10.91533102180899,0.011909854107058972,True,-20.0,9.884530131761577,0.01315186440499342,True,-20.0,9.370172633784493,0.013873810556198329,True,-2822.8361178148875,0.0,0.0,92.69314187947795
2025-07-17,22.65,24.34,22.02,23.91,4163407.41,,AVAXUSDT_daily,CRYPTO,BINANCE,USDT,1,1,1,23.91,23.91,23.91,1.9448620570786719,1659,0.0,0.5,1,20.0,52.75343034917734,0.0024642947224384104,True,20.0,28.658956406076005,0.004536103763095806,True,20.0,20.414155056810994,0.006368130331048245,True,20.0,10.91533102180899,0.011909854107058972,True,-20.0,9.884530131761577,0.01315186440499342,True,-20.0,9.370172633784493,0.013873810556198329,True,-2702.6797460483517,8.466666666666667,0.0,92.69314187947795
2025-07-18,23.91,25.03,23.06,23.51,4182701.83,,AVAXUSDT_daily,CRYPTO,BINANCE,USDT,1,1,1,23.51,23.51,23.51,2.08766779975093,1660,0.0,0.5,1,20.0,52.75343034917734,0.0024642947224384104,True,20.0,28.658956406076005,0.004536103763095806,True,20.0,20.414155056810994,0.006368130331048245,True,20.0,10.91533102180899,0.011909854107058972,True,-20.0,9.884530131761577,0.01315186440499342,True,-20.0,9.370172633784493,0.013873810556198329,True,-2742.0727446096835,8.466666666666667,-0.14164226962219392,92.55149960985575
2025-07-19,23.51,25.23,23.01,24.5,2828014.21,,AVAXUSDT_daily,CRYPTO,BINANCE,USDT,1,1,1,24.5,24.5,24.5,2.3060457725888175,1661,0.0,0.5,1,20.0,52.75343034917734,0.0024642947224384104,True,20.0,28.658956406076005,0.004536103763095806,True,20.0,20.414155056810994,0.006368130331048245,True,20.0,10.91533102180899,0.011909854107058972,True,-20.0,9.884530131761577,0.01315186440499342,True,-20.0,9.370172633784493,0.013873810556198329,True,-2647.9939377190876,8.466666666666667,0.3565291365376429,92.9080287463934
2025-07-20,24.51,25.55,24.31,25.04,3050674.47,,AVAXUSDT_daily,CRYPTO,BINANCE,USDT,1,1,1,25.04,25.04,25.04,2.483959646678535,1662,0.0,0.5,1,20.0,52.75343034917734,0.0024642947224384104,True,20.0,28.658956406076005,0.004536103763095806,True,20.0,20.414155056810994,0.006368130331048245,True,20.0,10.91533102180899,0.011909854107058972,True,-20.0,9.884530131761577,0.01315186440499342,True,-20.0,9.370172633784493,0.013873810556198329,True,-2596.905752222084,8.466666666666667,0.18661224489795955,93.09464099129136
2025-07-21,25.05,26.53,24.64,25.43,3722779.88,,AVAXUSDT_daily,CRYPTO,BINANCE,USDT,1,1,1,25.43,25.43,25.43,2.5746578720106212,1663,0.0,0.5,1,20.0,52.75343034917734,0.0024642947224384104,True,20.0,28.658956406076005,0.004536103763095806,True,20.0,20.414155056810994,0.006368130331048245,True,20.0,10.91533102180899,0.011909854107058972,True,-20.0,9.884530131761577,0.01315186440499342,True,-20.0,9.370172633784493,0.013873810556198329,True,-2559.9051073931732,8.466666666666667,0.13186900958466496,93.22651000087602
2025-07-22,25.43,26.09,24.71,25.88,5403307.88,,AVAXUSDT_daily,CRYPTO,BINANCE,USDT,1,1,1,25.88,25.88,25.88,2.729795201497129,1664,0.0,0.5,1,20.0,52.75343034917734,0.0024642947224384104,True,20.0,28.658956406076005,0.004536103763095806,True,20.0,20.414155056810994,0.006368130331048245,True,20.0,10.91533102180899,0.011909854107058972,True,-20.0,9.884530131761577,0.01315186440499342,True,-20.0,9.370172633784493,0.013873810556198329,True,-2517.1996650480064,8.466666666666667,0.1498230436492328,93.37633304452525
2025-07-23,25.88,26.1,23.15,23.95,4138078.83,,AVAXUSDT_daily,CRYPTO,BINANCE,USDT,1,1,1,23.95,23.95,23.95,2.707933568339109,1665,0.0,0.5,1,20.0,52.75343034917734,0.0024642947224384104,True,20.0,28.658956406076005,0.004536103763095806,True,20.0,20.414155056810994,0.006368130331048245,True,20.0,10.91533102180899,0.011909854107058972,True,-20.0,9.884530131761577,0.01315186440499342,True,-20.0,9.370172633784493,0.013873810556198329,True,-2698.2263697833628,8.466666666666667,-0.6314013395157135,92.74493170500953
2025-07-24,23.96,24.44,22.53,23.67,2954572.88,,AVAXUSDT_daily,CRYPTO,BINANCE,USDT,1,1,1,23.67,23.67,23.67,2.591244112900793,1666,0.0,0.5,1,-20.0,52.75343034917734,0.0024642947224384104,True,20.0,28.658956406076005,0.004536103763095806,True,20.0,20.414155056810994,0.006368130331048245,True,20.0,10.91533102180899,0.011909854107058972,True,-20.0,9.884530131761577,0.01315186440499342,True,-20.0,9.370172633784493,0.013873810556198329,True,-2725.1740253759644,0.0,-0.09898399443284542,92.64594771057669
2025-07-25,23.67,24.04,22.86,24.01,2429187.43,,AVAXUSDT_daily,CRYPTO,BINANCE,USDT,1,1,1,24.01,24.01,24.01,2.4553574077945175,1667,0.0,0.5,1,-13.110255470046331,52.75343034917734,0.0024642947224384104,True,20.0,28.658956406076005,0.004536103763095806,True,20.0,20.414155056810994,0.006368130331048245,True,20.0,10.91533102180899,0.011909854107058972,True,-20.0,9.884530131761577,0.01315186440499342,True,-20.0,9.370172633784493,0.013873810556198329,True,-2692.324425683239,1.4583292588401928,0.0,92.64594771057669
2025-07-26,24.01,25.77,23.84,24.94,2322954.64,,AVAXUSDT_daily,CRYPTO,BINANCE,USDT,1,1,1,24.94,24.94,24.94,2.3477659593774205,1668,0.0,0.5,1,20.0,52.75343034917734,0.0024642947224384104,True,20.0,28.658956406076005,0.004536103763095806,True,20.0,20.414155056810994,0.006368130331048245,True,20.0,10.91533102180899,0.011909854107058972,True,-20.0,9.884530131761577,0.01315186440499342,True,-20.0,9.370172633784493,0.013873810556198329,True,-2605.338011868631,8.466666666666667,0.05648672264562176,92.70243443322231
2025-07-27,24.94,26.46,24.74,26.06,2193331.4,,AVAXUSDT_daily,CRYPTO,BINANCE,USDT,1,1,1,26.06,26.06,26.06,2.218233294173488,1669,0.0,0.5,1,20.0,52.75343034917734,0.0024642947224384104,True,20.0,28.658956406076005,0.004536103763095806,True,20.0,20.414155056810994,0.006368130331048245,True,20.0,10.91533102180899,0.011909854107058972,True,-20.0,9.884530131761577,0.01315186440499342,True,-20.0,9.370172633784493,0.013873810556198329,True,-2504.929971767575,8.466666666666667,0.38021919272921584,93.08265362595152
2025-07-28,26.06,27.38,24.99,25.21,5003307.81,,AVAXUSDT_daily,CRYPTO,BINANCE,USDT,1,1,1,25.21,25.21,25.21,1.9941215583521972,1670,0.0,0.5,1,20.0,52.75343034917734,0.0024642947224384104,True,20.0,28.658956406076005,0.004536103763095806,True,20.0,20.414155056810994,0.006368130331048245,True,20.0,10.91533102180899,0.011909854107058972,True,-20.0,9.884530131761577,0.01315186440499342,True,-20.0,9.370172633784493,0.013873810556198329,True,-2583.0921450057285,8.466666666666667,-0.2761575850601167,92.8064960408914
2025-07-29,25.21,25.51,23.88,24.37,3654141.86,,AVAXUSDT_daily,CRYPTO,BINANCE,USDT,1,1,1,24.37,24.37,24.37,1.797790749491903,1671,0.0,0.5,1,8.145366129081411,52.75343034917734,0.0024642947224384104,True,20.0,28.658956406076005,0.004536103763095806,True,20.0,20.414155056810994,0.006368130331048245,True,20.0,10.91533102180899,0.011909854107058972,True,-20.0,9.884530131761577,0.01315186440499342,True,-20.0,9.370172633784493,0.013873810556198329,True,-2662.6014322050446,5.957435830655565,-0.2821102737009126,92.5243857671905
2025-07-30,24.38,24.51,22.4,23.31,3448147.52,,AVAXUSDT_daily,CRYPTO,BINANCE,USDT,1,1,1,23.31,23.31,23.31,1.6735951689357145,1672,0.0,0.5,1,-20.0,52.75343034917734,0.0024642947224384104,True,20.0,28.658956406076005,0.004536103763095806,True,20.0,20.414155056810994,0.006368130331048245,True,20.0,10.91533102180899,0.011909854107058972,True,-20.0,9.884530131761577,0.01315186440499342,True,-20.0,9.370172633784493,0.013873810556198329,True,-2766.1042863654784,0.0,-0.2591252351454622,92.26526053204503
2025-07-31,23.3,24.12,22.4,22.47,2756295.09,,AVAXUSDT_daily,CRYPTO,BINANCE,USDT,1,1,1,22.47,22.47,22.47,1.5503205101596884,1673,0.0,0.5,1,-20.0,52.75343034917734,0.0024642947224384104,True,-20.0,28.658956406076005,0.004536103763095806,True,20.0,20.414155056810994,0.006368130331048245,True,20.0,10.91533102180899,0.011909854107058972,True,-20.0,9.884530131761577,0.01315186440499342,True,-20.0,9.370172633784493,0.013873810556198329,True,-2851.1257914913435,-8.466666666666667,-0.0,92.26526053204503
2025-08-01,22.47,22.58,21.02,21.51,3948656.05,,AVAXUSDT_daily,CRYPTO,BINANCE,USDT,1,1,1,21.51,21.51,21.51,1.4747203124698822,1674,0.0,0.5,1,-20.0,52.75343034917734,0.0024642947224384104,True,-20.0,28.658956406076005,0.004536103763095806,True,20.0,20.414155056810994,0.006368130331048245,True,20.0,10.91533102180899,0.011909854107058972,True,-20.0,9.884530131761577,0.01315186440499342,True,-20.0,9.370172633784493,0.013873810556198329,True,-2952.114514055153,-8.466666666666667,0.36172674677347444,92.6269872788185
2025-08-02,21.52,21.82,20.66,20.86,1443378.5,,AVAXUSDT_daily,CRYPTO,BINANCE,USDT,1,1,1,20.86,20.86,20.86,1.5075008946530308,1675,0.0,0.5,1,-20.0,52.75343034917734,0.0024642947224384104,True,-20.0,28.658956406076005,0.004536103763095806,True,20.0,20.414155056810994,0.006368130331048245,True,20.0,10.91533102180899,0.011909854107058972,True,-20.0,9.884530131761577,0.01315186440499342,True,-20.0,9.370172633784493,0.013873810556198329,True,-3023.2361672417405,-8.466666666666667,0.2558499922516664,92.88283727107017
2025-08-03,20.87,21.54,20.57,21.37,1065667.37,,AVAXUSDT_daily,CRYPTO,BINANCE,USDT,1,1,1,21.37,21.37,21.37,1.4980980046679904,1676,0.0,0.5,1,-20.0,52.75343034917734,0.0024642947224384104,True,-20.0,28.658956406076005,0.004536103763095806,True,20.0,20.414155056810994,0.006368130331048245,True,20.0,10.91533102180899,0.011909854107058972,True,-20.0,9.884530131761577,0.01315186440499342,True,-20.0,9.370172633784493,0.013873810556198329,True,-2968.2826783983855,-8.466666666666667,-0.2069990412272304,92.67583822984294
2025-08-04,21.38,23.13,21.34,23.11,2828179.45,,AVAXUSDT_daily,CRYPTO,BINANCE,USDT,1,1,1,23.11,23.11,23.11,1.477648469701527,1677,0.0,0.5,1,-20.0,52.75343034917734,0.0024642947224384104,True,-20.0,28.658956406076005,0.004536103763095806,True,20.0,20.414155056810994,0.006368130331048245,True,20.0,10.91533102180899,0.011909854107058972,True,-20.0,9.884530131761577,0.01315186440499342,True,-20.0,9.370172633784493,0.013873810556198329,True,-2805.6611319475955,-8.466666666666667,-0.6893776321946649,91.98646059764827
2025-08-05,23.12,23.14,21.44,21.92,1854068.5,,AVAXUSDT_daily,CRYPTO,BINANCE,USDT,1,1,1,21.92,21.92,21.92,1.5161560640440623,1678,0.0,0.5,1,-20.0,52.75343034917734,0.0024642947224384104,True,-20.0,28.658956406076005,0.004536103763095806,True,20.0,20.414155056810994,0.006368130331048245,True,20.0,10.91533102180899,0.011909854107058972,True,-20.0,9.884530131761577,0.01315186440499342,True,-20.0,9.370172633784493,0.013873810556198329,True,-2921.39227848552,-8.466666666666667,0.4359728833116966,92.42243348095997
2025-08-06,21.92,22.4,21.57,22.23,1609597.38,,AVAXUSDT_daily,CRYPTO,BINANCE,USDT,1,1,1,22.23,22.23,22.23,1.5530034568066418,1679,0.0,0.5,1,-20.0,52.75343034917734,0.0024642947224384104,True,-20.0,28.658956406076005,0.004536103763095806,True,1.2990851697312564,20.414155056810994,0.006368130331048245,True,20.0,10.91533102180899,0.011909854107058972,True,-20.0,9.884530131761577,0.01315186440499342,True,-20.0,9.370172633784493,0.013873810556198329,True,-2891.140972723036,-12.425026972406885,-0.11973844282238316,92.30269503813759
2025-08-07,22.24,23.36,21.95,23.36,2606524.79,,AVAXUSDT_daily,CRYPTO,BINANCE,USDT,1,1,1,23.36,23.36,23.36,1.5541658788426165,1680,0.0,0.5,1,20.0,52.75343034917734,0.0024642947224384104,True,-20.0,28.658956406076005,0.004536103763095806,True,20.0,20.414155056810994,0.006368130331048245,True,20.0,10.91533102180899,0.011909854107058972,True,-20.0,9.884530131761577,0.01315186440499342,True,-20.0,9.370172633784493,0.013873810556198329,True,-2787.053987554945,0.0,-0.6315915644993144,91.67110347363827
2025-08-08,23.35,23.87,23.0,23.79,2948550.23,,AVAXUSDT_daily,CRYPTO,BINANCE,USDT,1,1,1,23.79,23.79,23.79,1.5420303601389382,1681,0.0,0.5,1,20.0,52.75343034917734,0.0024642947224384104,True,20.0,28.658956406076005,0.004536103763095806,True,20.0,20.414155056810994,0.006368130331048245,True,20.0,10.91533102180899,0.011909854107058972,True,-20.0,9.884530131761577,0.01315186440499342,True,-20.0,9.370172633784493,0.013873810556198329,True,-2747.4878877273236,8.466666666666667,0.0,91.67110347363827
2025-08-09,23.8,24.82,23.73,24.23,3706511.37,,AVAXUSDT_daily,CRYPTO,BINANCE,USDT,1,1,1,24.23,24.23,24.23,1.5132655522380158,1682,0.0,0.5,1,20.0,52.75343034917734,0.0024642947224384104,True,20.0,28.658956406076005,0.004536103763095806,True,20.0,20.414155056810994,0.006368130331048245,True,20.0,10.91533102180899,0.011909854107058972,True,-20.0,9.884530131761577,0.01315186440499342,True,-20.0,9.370172633784493,0.013873810556198329,True,-2707.0499609982053,8.466666666666667,0.15659240577273367,91.827695879411
2025-08-10,24.24,24.55,23.26,23.83,2042077.94,,AVAXUSDT_daily,CRYPTO,BINANCE,USDT,1,1,1,23.83,23.83,23.83,1.451574100220977,1683,0.0,0.5,1,20.0,52.75343034917734,0.0024642947224384104,True,20.0,28.658956406076005,0.004536103763095806,True,20.0,20.414155056810994,0.006368130331048245,True,20.0,10.91533102180899,0.011909854107058972,True,-20.0,9.884530131761577,0.01315186440499342,True,-20.0,9.370172633784493,0.013873810556198329,True,-2744.9254745380113,8.466666666666667,-0.13977163296189413,91.6879242464491
2025-08-11,23.84,24.63,22.65,22.79,2917750.34,,AVAXUSDT_daily,CRYPTO,BINANCE,USDT,1,1,1,22.79,22.79,22.79,1.3459744073623605,1684,0.0,0.5,1,-20.0,52.75343034917734,0.0024642947224384104,True,20.0,28.658956406076005,0.004536103763095806,True,20.0,20.414155056810994,0.006368130331048245,True,20.0,10.91533102180899,0.011909854107058972,True,-20.0,9.884530131761577,0.01315186440499342,True,-20.0,9.370172633784493,0.013873810556198329,True,-2846.969818948609,0.0,-0.3695062246468039,91.3184180218023
2025-08-12,22.79,24.9,22.74,24.67,3234718.02,,AVAXUSDT_daily,CRYPTO,BINANCE,USDT,1,1,1,24.67,24.67,24.67,1.3722531414508852,1685,0.0,0.5,1,20.0,52.75343034917734,0.0024642947224384104,True,20.0,28.658956406076005,0.004536103763095806,True,20.0,20.414155056810994,0.006368130331048245,True,20.0,10.91533102180899,0.011909854107058972,True,-12.989571740330526,9.884530131761577,0.01315186440499342,True,-20.0,9.370172633784493,0.013873810556198329,True,-2685.641312363845,9.950540648296707,0.0,91.3184180218023
2025-08-13,24.67,25.68,24.37,25.47,3255245.91,,AVAXUSDT_daily,CRYPTO,BINANCE,USDT,1,1,1,25.47,25.47,25.47,1.4487870607441624,1686,0.0,0.5,1,20.0,52.75343034917734,0.0024642947224384104,True,20.0,28.658956406076005,0.004536103763095806,True,20.0,20.414155056810994,0.006368130331048245,True,20.0,10.91533102180899,0.011909854107058972,True,13.94035972787719,9.884530131761577,0.01315186440499342,True,-20.0,9.370172633784493,0.013873810556198329,True,-2618.314361726674,15.650709475734008,0.32267663229174387,91.64109465409405
2025-08-14,25.47,25.99,23.18,23.67,5773899.55,,AVAXUSDT_daily,CRYPTO,BINANCE,USDT,1,1,1,23.67,23.67,23.67,1.4441725913807881,1687,0.0,0.5,1,20.0,52.75343034917734,0.0024642947224384104,True,20.0,28.658956406076005,0.004536103763095806,True,20.0,20.414155056810994,0.006368130331048245,True,20.0,10.91533102180899,0.011909854107058972,True,19.191289204999908,9.884530131761577,0.01315186440499342,True,-20.0,9.370172633784493,0.013873810556198329,True,-2774.4041391447477,16.76215621505831,-1.1060572067656533,90.53503744732839
2025-08-15,23.66,25.66,23.46,23.77,5593714.7,,AVAXUSDT_daily,CRYPTO,BINANCE,USDT,1,1,1,23.77,23.77,23.77,1.4041442421072254,1688,0.0,0.5,1,-20.0,52.75343034917734,0.0024642947224384104,True,20.0,28.658956406076005,0.004536103763095806,True,20.0,20.414155056810994,0.006368130331048245,True,20.0,10.91533102180899,0.011909854107058972,True,20.0,9.884530131761577,0.01315186440499342,True,-20.0,9.370172633784493,0.013873810556198329,True,-2765.5940261137966,8.466666666666667,0.07081603808642911,90.60585348541483
2025-08-16,23.76,24.37,23.57,24.3,1610583.32,,AVAXUSDT_daily,CRYPTO,BINANCE,USDT,1,1,1,24.3,24.3,24.3,1.2781631557210853,1689,0.0,0.5,1,20.0,52.75343034917734,0.0024642947224384104,True,20.0,28.658956406076005,0.004536103763095806,True,20.0,20.414155056810994,0.006368130331048245,True,20.0,10.91533102180899,0.011909854107058972,True,20.0,9.884530131761577,0.01315186440499342,True,-20.0,9.370172633784493,0.013873810556198329,True,-2719.1799625680155,16.933333333333334,0.18878137708596243,90.79463486250079
2025-08-17,24.3,25.68,24.02,25.06,2713774.39,,AVAXUSDT_daily,CRYPTO,BINANCE,USDT,1,1,1,25.06,25.06,25.06,1.2668297563564932,1690,0.0,0.5,1,20.0,52.75343034917734,0.0024642947224384104,True,20.0,28.658956406076005,0.004536103763095806,True,20.0,20.414155056810994,0.006368130331048245,True,20.0,10.91533102180899,0.011909854107058972,True,20.0,9.884530131761577,0.01315186440499342,True,-20.0,9.370172633784493,0.013873810556198329,True,-2653.8730220589796,16.933333333333334,0.529602194787379,91.32423705728816
2025-08-18,25.07,25.33,23.36,23.7,3792415.91,,AVAXUSDT_daily,CRYPTO,BINANCE,USDT,1,1,1,23.7,23.7,23.7,1.245855867312335,1691,0.0,0.5,1,-20.0,52.75343034917734,0.0024642947224384104,True,20.0,28.658956406076005,0.004536103763095806,True,20.0,20.414155056810994,0.006368130331048245,True,20.0,10.91533102180899,0.011909854107058972,True,20.0,9.884530131761577,0.01315186440499342,True,-20.0,9.370172633784493,0.013873810556198329,True,-2775.1033250420946,8.466666666666667,-0.9189678105879211,90.40526924670024
2025-08-19,23.7,24.06,22.31,22.37,2882360.08,,AVAXUSDT_daily,CRYPTO,BINANCE,USDT,1,1,1,22.37,22.37,22.37,1.2619341879623334,1692,0.0,0.5,1,-20.0,52.75343034917734,0.0024642947224384104,True,-20.0,28.658956406076005,0.004536103763095806,True,20.0,20.414155056810994,0.006368130331048245,True,20.0,10.91533102180899,0.011909854107058972,True,20.0,9.884530131761577,0.01315186440499342,True,-20.0,9.370172633784493,0.013873810556198329,True,-2898.8302278892206,0.0,-0.4751336146272846,89.93013563207296
2025-08-20,22.36,23.55,22.23,23.46,2293194.21,,AVAXUSDT_daily,CRYPTO,BINANCE,USDT,1,1,1,23.46,23.46,23.46,1.2501632525018658,1693,0.0,0.5,1,-20.0,52.75343034917734,0.0024642947224384104,True,-20.0,28.658956406076005,0.004536103763095806,True,20.0,20.414155056810994,0.006368130331048245,True,20.0,10.91533102180899,0.011909854107058972,True,20.0,9.884530131761577,0.01315186440499342,True,-20.0,9.370172633784493,0.013873810556198329,True,-2802.613512292746,0.0,0.0,89.93013563207296
2025-08-21,23.45,23.62,22.72,22.77,1706315.72,,AVAXUSDT_daily,CRYPTO,BINANCE,USDT,1,1,1,22.77,22.77,22.77,1.186757080632913,1694,0.0,0.5,1,-20.0,52.75343034917734,0.0024642947224384104,True,-20.0,28.658956406076005,0.004536103763095806,True,20.0,20.414155056810994,0.006368130331048245,True,20.0,10.91533102180899,0.011909854107058972,True,20.0,9.884530131761577,0.01315186440499342,True,-20.0,9.370172633784493,0.013873810556198329,True,-2866.0122794295335,0.0,-0.0,89.93013563207296
2025-08-22,22.78,25.4,22.19,25.25,5485181.93,,AVAXUSDT_daily,CRYPTO,BINANCE,USDT,1,1,1,25.25,25.25,25.25,1.1079682685987942,1695,0.0,0.5,1,20.0,52.75343034917734,0.0024642947224384104,True,20.0,28.658956406076005,0.004536103763095806,True,20.0,20.414155056810994,0.006368130331048245,True,20.0,10.91533102180899,0.011909854107058972,True,20.0,9.884530131761577,0.01315186440499342,True,-20.0,9.370172633784493,0.013873810556198329,True,-2677.7639376262214,16.933333333333334,0.0,89.93013563207296
2025-08-23,25.26,26.77,24.47,26.26,5753729.12,,AVAXUSDT_daily,CRYPTO,BINANCE,USDT,1,1,1,26.26,26.26,26.26,1.1392909845073316,1696,0.0,0.5,1,20.0,52.75343034917734,0.0024642947224384104,True,20.0,28.658956406076005,0.004536103763095806,True,20.0,20.414155056810994,0.006368130331048245,True,20.0,10.91533102180899,0.011909854107058972,True,20.0,9.884530131761577,0.01315186440499342,True,-20.0,9.370172633784493,0.013873810556198329,True,-2603.19065067472,16.933333333333334,0.6773333333333339,90.6074689654063
2025-08-24,26.26,26.57,24.92,25.83,4047628.7,,AVAXUSDT_daily,CRYPTO,BINANCE,USDT,1,1,1,25.83,25.83,25.83,1.2125192347951002,1697,0.0,0.5,1,20.0,52.75343034917734,0.0024642947224384104,True,20.0,28.658956406076005,0.004536103763095806,True,20.0,20.414155056810994,0.006368130331048245,True,20.0,10.91533102180899,0.011909854107058972,True,20.0,9.884530131761577,0.01315186440499342,True,-20.0,9.370172633784493,0.013873810556198329,True,-2635.9687609717344,16.933333333333334,-0.27727849708048014,90.33019046832582
2025-08-25,25.83,26.0,23.03,23.35,4117635.73,,AVAXUSDT_daily,CRYPTO,BINANCE,USDT,1,1,1,23.35,23.35,23.35,1.1264597546999253,1698,0.0,0.5,1,-20.0,52.75343034917734,0.0024642947224384104,True,20.0,28.658956406076005,0.004536103763095806,True,20.0,20.414155056810994,0.006368130331048245,True,20.0,10.91533102180899,0.011909854107058972,True,20.0,9.884530131761577,0.01315186440499342,True,-20.0,9.370172633784493,0.013873810556198329,True,-2832.033812775613,8.466666666666667,-1.6258097819073403,88.70438068641849
2025-08-26,23.35,24.35,23.09,24.17,2647190.56,,AVAXUSDT_daily,CRYPTO,BINANCE,USDT,1,1,1,24.17,24.17,24.17,1.0459470651850094,1699,0.0,0.5,1,-20.0,52.75343034917734,0.0024642947224384104,True,15.54120776841591,28.658956406076005,0.004536103763095806,True,20.0,20.414155056810994,0.006368130331048245,True,20.0,10.91533102180899,0.011909854107058972,True,20.0,9.884530131761577,0.01315186440499342,True,-20.0,9.370172633784493,0.013873810556198329,True,-2768.6293631870653,7.5228889776480345,0.2973304782298362,89.00171116464833
2025-08-27,24.17,25.33,23.86,24.42,3575703.83,,AVAXUSDT_daily,CRYPTO,BINANCE,USDT,1,1,1,24.42,24.42,24.42,1.032985453614743,1700,0.0,0.5,1,-20.0,52.75343034917734,0.0024642947224384104,True,16.438041551356722,28.658956406076005,0.004536103763095806,True,20.0,20.414155056810994,0.006368130331048245,True,20.0,10.91533102180899,0.011909854107058972,True,20.0,9.884530131761577,0.01315186440499342,True,-20.0,9.370172633784493,0.013873810556198329,True,-2749.098040863932,7.712718795037173,0.07781225669888293,89.0795234213472
2025-08-28,24.42,25.08,24.13,24.93,2606202.3,,AVAXUSDT_daily,CRYPTO,BINANCE,USDT,1,1,1,24.93,24.93,24.93,1.0430143562672813,1701,0.0,0.5,1,20.0,52.75343034917734,0.0024642947224384104,True,20.0,28.658956406076005,0.004536103763095806,True,20.0,20.414155056810994,0.006368130331048245,True,20.0,10.91533102180899,0.011909854107058972,True,20.0,9.884530131761577,0.01315186440499342,True,-20.0,9.370172633784493,0.013873810556198329,True,-2709.3478607610273,16.933333333333334,0.16107643675138955,89.24059985809859
2025-08-29,24.93,25.2,23.2,23.55,3838827.52,,AVAXUSDT_daily,CRYPTO,BINANCE,USDT,1,1,1,23.55,23.55,23.55,1.0535299061579257,1702,0.0,0.5,1,-20.0,52.75343034917734,0.0024642947224384104,True,-20.0,28.658956406076005,0.004536103763095806,True,20.0,20.414155056810994,0.006368130331048245,True,20.0,10.91533102180899,0.011909854107058972,True,20.0,9.884530131761577,0.01315186440499342,True,-20.0,9.370172633784493,0.013873810556198329,True,-2822.189025592003,0.0,-0.9373445647813874,88.3032552933172
2025-08-30,23.54,23.94,23.1,23.78,1173614.41,,AVAXUSDT_daily,CRYPTO,BINANCE,USDT,1,1,1,23.78,23.78,23.78,1.054465566811065,1703,0.0,0.5,1,-20.0,52.75343034917734,0.0024642947224384104,True,-20.0,28.658956406076005,0.004536103763095806,True,20.0,20.414155056810994,0.006368130331048245,True,20.0,10.91533102180899,0.011909854107058972,True,20.0,9.884530131761577,0.01315186440499342,True,-20.0,9.370172633784493,0.013873810556198329,True,-2803.186385243672,0.0,0.0,88.3032552933172
2025-08-31,23.78,24.2,23.38,23.4,1062889.49,,AVAXUSDT_daily,CRYPTO,BINANCE,USDT,1,1,1,23.4,23.4,23.4,1.0204637748595997,1704,0.0,0.5,1,-20.0,52.75343034917734,0.0024642947224384104,True,-20.0,28.658956406076005,0.004536103763095806,True,-2.462155273029498,20.414155056810994,0.006368130331048245,True,20.0,10.91533102180899,0.011909854107058972,True,20.0,9.884530131761577,0.01315186440499342,True,-20.0,9.370172633784493,0.013873810556198329,True,-2835.668461860816,-4.754489532791243,-0.0,88.3032552933172
2025-09-01,23.4,24.33,22.67,23.21,3735535.61,,AVAXUSDT_daily,CRYPTO,BINANCE,USDT,1,1,1,23.21,23.21,23.21,1.0378236337394129,1705,0.0,0.5,1,-20.0,52.75343034917734,0.0024642947224384104,True,-20.0,28.658956406076005,0.004536103763095806,True,-20.0,20.414155056810994,0.006368130331048245,True,20.0,10.91533102180899,0.011909854107058972,True,20.0,9.884530131761577,0.01315186440499342,True,-20.0,9.370172633784493,0.013873810556198329,True,-2852.3684702878245,-8.466666666666667,0.03860482953975729,88.34186012285697
2025-09-02,23.22,24.5,23.02,24.46,3640156.76,,AVAXUSDT_daily,CRYPTO,BINANCE,USDT,1,1,1,24.46,24.46,24.46,0.9931050455969848,1706,0.0,0.5,1,20.0,52.75343034917734,0.0024642947224384104,True,-20.0,28.658956406076005,0.004536103763095806,True,-18.327765901024442,20.414155056810994,0.006368130331048245,True,20.0,10.91533102180899,0.011909854107058972,True,20.0,9.884530131761577,0.01315186440499342,True,-20.0,9.370172633784493,0.013873810556198329,True,-2748.8840747157046,0.3539562176164931,-0.45598161711905755,87.88587850573792
2025-09-03,24.47,25.78,24.27,25.2,3567888.32,,AVAXUSDT_daily,CRYPTO,BINANCE,USDT,1,1,1,25.2,25.2,25.2,1.0180300895205059,1707,0.0,0.5,1,20.0,52.75343034917734,0.0024642947224384104,True,20.0,28.658956406076005,0.004536103763095806,True,20.0,20.414155056810994,0.006368130331048245,True,20.0,10.91533102180899,0.011909854107058972,True,20.0,9.884530131761577,0.01315186440499342,True,-20.0,9.370172633784493,0.013873810556198329,True,-2688.6297695118947,16.933333333333334,0.010708405602461352,87.89658691134038
2025-09-04,25.21,25.28,24.18,24.21,2160658.31,,AVAXUSDT_daily,CRYPTO,BINANCE,USDT,1,1,1,24.21,24.21,24.21,1.0138587049956433,1708,0.0,0.5,1,20.0,52.75343034917734,0.0024642947224384104,True,20.0,28.658956406076005,0.004536103763095806,True,20.0,20.414155056810994,0.006368130331048245,True,20.0,10.91533102180899,0.011909854107058972,True,20.0,9.884530131761577,0.01315186440499342,True,-20.0,9.370172633784493,0.013873810556198329,True,-2772.655383740286,16.933333333333334,-0.6652380952380947,87.23134881610228
2025-09-05,24.21,25.11,23.86,24.47,2980843.48,,AVAXUSDT_daily,CRYPTO,BINANCE,USDT,1,1,1,24.47,24.47,24.47,1.015593552150232,1709,0.0,0.5,1,20.0,52.75343034917734,0.0024642947224384104,True,20.0,28.658956406076005,0.004536103763095806,True,20.0,20.414155056810994,0.006368130331048245,True,20.0,10.91533102180899,0.011909854107058972,True,20.0,9.884530131761577,0.01315186440499342,True,-20.0,9.370172633784493,0.013873810556198329,True,-2750.3964343926195,16.933333333333334,0.18185322869337464,87.41320204479565
2025-09-06,24.48,24.62,24.09,24.38,869250.62,,AVAXUSDT_daily,CRYPTO,BINANCE,USDT,1,1,1,24.38,24.38,24.38,0.9962206213118779,1710,0.0,0.5,1,20.0,52.75343034917734,0.0024642947224384104,True,20.0,28.658956406076005,0.004536103763095806,True,20.0,20.414155056810994,0.006368130331048245,True,20.0,10.91533102180899,0.011909854107058972,True,20.0,9.884530131761577,0.01315186440499342,True,-20.0,9.370172633784493,0.013873810556198329,True,-2758.281933465957,16.933333333333334,-0.06228034327748332,87.35092170151817
2025-09-07,24.37,24.95,24.26,24.68,1253296.14,,AVAXUSDT_daily,CRYPTO,BINANCE,USDT,1,1,1,24.68,24.68,24.68,0.9965829777746444,1711,0.0,0.5,1,20.0,52.75343034917734,0.0024642947224384104,True,20.0,28.658956406076005,0.004536103763095806,True,20.0,20.414155056810994,0.006368130331048245,True,20.0,10.91533102180899,0.011909854107058972,True,20.0,9.884530131761577,0.01315186440499342,True,-20.0,9.370172633784493,0.013873810556198329,True,-2731.830792392715,16.933333333333334,0.20836751435602932,87.5592892158742
2025-09-08,24.69,25.8,24.53,25.29,2389358.41,,AVAXUSDT_daily,CRYPTO,BINANCE,USDT,1,1,1,25.29,25.29,25.29,0.9245042768456795,1712,0.0,0.5,1,20.0,52.75343034917734,0.0024642947224384104,True,20.0,28.658956406076005,0.004536103763095806,True,20.0,20.414155056810994,0.006368130331048245,True,20.0,10.91533102180899,0.011909854107058972,True,20.0,9.884530131761577,0.01315186440499342,True,-20.0,9.370172633784493,0.013873810556198329,True,-2678.606670535133,16.933333333333334,0.41853052404105706,87.97781973991526
2025-09-09,25.29,26.36,24.9,25.93,3883910.84,,AVAXUSDT_daily,CRYPTO,BINANCE,USDT,1,1,1,25.93,25.93,25.93,0.9630385028159262,1713,0.0,0.5,1,20.0,52.75343034917734,0.0024642947224384104,True,20.0,28.658956406076005,0.004536103763095806,True,20.0,20.414155056810994,0.006368130331048245,True,20.0,10.91533102180899,0.011909854107058972,True,20.0,9.884530131761577,0.01315186440499342,True,-20.0,9.370172633784493,0.013873810556198329,True,-2623.377238200446,16.933333333333334,0.4285224726505877,88.40634221256585
2025-09-10,25.94,29.52,25.75,29.48,7835798.78,,AVAXUSDT_daily,CRYPTO,BINANCE,USDT,1,1,1,29.48,29.48,29.48,1.4046234745561992,1714,0.0,0.5,1,20.0,52.75343034917734,0.0024642947224384104,True,20.0,28.658956406076005,0.004536103763095806,True,20.0,20.414155056810994,0.006368130331048245,True,20.0,10.91533102180899,0.011909854107058972,True,20.0,9.884530131761577,0.01315186440499342,True,-20.0,9.370172633784493,0.013873810556198329,True,-2391.7005727545784,16.933333333333334,2.3182928396966185,90.72463505226247
2025-09-11,29.47,29.99,28.3,29.15,4409659.2,,AVAXUSDT_daily,CRYPTO,BINANCE,USDT,1,1,1,29.15,29.15,29.15,1.706772500490972,1715,0.0,0.5,1,20.0,52.75343034917734,0.0024642947224384104,True,20.0,28.658956406076005,0.004536103763095806,True,20.0,20.414155056810994,0.006368130331048245,True,20.0,10.91533102180899,0.011909854107058972,True,20.0,9.884530131761577,0.01315186440499342,True,-20.0,9.370172633784493,0.013873810556198329,True,-2413.8260626851247,16.933333333333334,-0.18955223880597163,90.5350828134565
2025-09-12,29.14,29.4,28.25,28.99,3485659.59,,AVAXUSDT_daily,CRYPTO,BINANCE,USDT,1,1,1,28.99,28.99,28.99,1.9093575662511755,1716,0.0,0.5,1,20.0,52.75343034917734,0.0024642947224384104,True,20.0,28.658956406076005,0.004536103763095806,True,20.0,20.414155056810994,0.006368130331048245,True,20.0,10.91533102180899,0.011909854107058972,True,20.0,9.884530131761577,0.01315186440499342,True,-20.0,9.370172633784493,0.013873810556198329,True,-2424.808627424813,16.933333333333334,-0.09294453973699306,90.44213827371951
2025-09-13,28.98,31.25,28.74,30.08,6655109.56,,AVAXUSDT_daily,CRYPTO,BINANCE,USDT,1,1,1,30.08,30.08,30.08,2.2035575900444937,1717,0.0,0.5,1,20.0,52.75343034917734,0.0024642947224384104,True,20.0,28.658956406076005,0.004536103763095806,True,20.0,20.414155056810994,0.006368130331048245,True,20.0,10.91533102180899,0.011909854107058972,True,20.0,9.884530131761577,0.01315186440499342,True,-20.0,9.370172633784493,0.013873810556198329,True,-2351.6896372078418,16.933333333333334,0.6366793147062221,91.07881758842574
2025-09-14,30.08,30.64,28.96,29.44,4026228.24,,AVAXUSDT_daily,CRYPTO,BINANCE,USDT,1,1,1,29.44,29.44,29.44,2.32890509625865,1718,0.0,0.5,1,20.0,52.75343034917734,0.0024642947224384104,True,20.0,28.658956406076005,0.004536103763095806,True,20.0,20.414155056810994,0.006368130331048245,True,20.0,10.91533102180899,0.011909854107058972,True,20.0,9.884530131761577,0.01315186440499342,True,-20.0,9.370172633784493,0.013873810556198329,True,-2395.980700465029,16.933333333333334,-0.36028368794326104,90.71853390048247
2025-09-15,29.44,30.45,28.22,29.81,4822176.71,,AVAXUSDT_daily,CRYPTO,BINANCE,USDT,1,1,1,29.81,29.81,29.81,2.475701070300037,1719,0.0,0.5,1,20.0,52.75343034917734,0.0024642947224384104,True,20.0,28.658956406076005,0.004536103763095806,True,20.0,20.414155056810994,0.006368130331048245,True,20.0,10.91533102180899,0.011909854107058972,True,20.0,9.884530131761577,0.01315186440499342,True,-20.0,9.370172633784493,0.013873810556198329,True,-2370.178180540018,16.933333333333334,0.21281702898550645,90.93135092946798
2025-09-16,29.81,31.0,29.17,30.08,4046243.14,,AVAXUSDT_daily,CRYPTO,BINANCE,USDT,1,1,1,30.08,30.08,30.08,2.6121807787868874,1720,0.0,0.5,1,20.0,52.75343034917734,0.0024642947224384104,True,20.0,28.658956406076005,0.004536103763095806,True,20.0,20.414155056810994,0.006368130331048245,True,20.0,10.91533102180899,0.011909854107058972,True,20.0,9.884530131761577,0.01315186440499342,True,-20.0,9.370172633784493,0.013873810556198329,True,-2351.142328112912,16.933333333333334,0.15337135189533607,91.08472228136331
2025-09-17,30.07,32.0,29.38,31.82,4496864.96,,AVAXUSDT_daily,CRYPTO,BINANCE,USDT,1,1,1,31.82,31.82,31.82,2.87352612106312,1721,0.0,0.5,1,20.0,52.75343034917734,0.0024642947224384104,True,20.0,28.658956406076005,0.004536103763095806,True,20.0,20.414155056810994,0.006368130331048245,True,20.0,10.91533102180899,0.011909854107058972,True,20.0,9.884530131761577,0.01315186440499342,True,-20.0,9.370172633784493,0.013873810556198329,True,-2235.602647407446,16.933333333333334,0.9795212765957458,92.06424355795906
2025-09-18,31.82,35.43,31.63,35.19,8086451.91,,AVAXUSDT_daily,CRYPTO,BINANCE,USDT,1,1,1,35.19,35.19,35.19,3.366114228604097,1722,0.0,0.5,1,20.0,52.75343034917734,0.0024642947224384104,True,20.0,28.658956406076005,0.004536103763095806,True,20.0,20.414155056810994,0.006368130331048245,True,20.0,10.91533102180899,0.011909854107058972,True,20.0,9.884530131761577,0.01315186440499342,True,-20.0,9.370172633784493,0.013873810556198329,True,-2045.4741565721433,16.933333333333334,1.793379425937563,93.85762298389662
2025-09-19,35.19,35.81,33.34,33.75,5353801.63,,AVAXUSDT_daily,CRYPTO,BINANCE,USDT,1,1,1,33.75,33.75,33.75,3.5723129762117583,1723,0.0,0.5,1,20.0,52.75343034917734,0.0024642947224384104,True,20.0,28.658956406076005,0.004536103763095806,True,20.0,20.414155056810994,0.006368130331048245,True,20.0,10.91533102180899,0.011909854107058972,True,20.0,9.884530131761577,0.01315186440499342,True,-20.0,9.370172633784493,0.013873810556198329,True,-2129.2683228655706,16.933333333333334,-0.6929241261722068,93.16469885772442
2025-09-20,33.74,34.11,32.86,33.17,2827363.71,,AVAXUSDT_daily,CRYPTO,BINANCE,USDT,1,1,1,33.17,33.17,33.17,3.6279811335333627,1724,0.0,0.5,1,20.0,52.75343034917734,0.0024642947224384104,True,20.0,28.658956406076005,0.004536103763095806,True,20.0,20.414155056810994,0.006368130331048245,True,20.0,10.91533102180899,0.011909854107058972,True,20.0,9.884530131761577,0.01315186440499342,True,-20.0,9.370172633784493,0.013873810556198329,True,-2164.000800361146,16.933333333333334,-0.2910024691358007,92.87369638858861
2025-09-21,33.17,33.61,32.58,33.04,2354952.36,,AVAXUSDT_daily,CRYPTO,BINANCE,USDT,1,1,1,33.04,33.04,33.04,3.590676376689507,1725,0.0,0.5,1,20.0,52.75343034917734,0.0024642947224384104,True,20.0,28.658956406076005,0.004536103763095806,True,20.0,20.414155056810994,0.006368130331048245,True,20.0,10.91533102180899,0.011909854107058972,True,20.0,9.884530131761577,0.01315186440499342,True,-20.0,9.370172633784493,0.013873810556198329,True,-2171.956376449237,16.933333333333334,-0.06636518942819915,92.80733119916042
2025-09-22,33.05,33.98,29.41,33.86,7906750.93,,AVAXUSDT_daily,CRYPTO,BINANCE,USDT,1,1,1,33.86,33.86,33.86,3.630958841032757,1726,0.0,0.5,1,20.0,52.75343034917734,0.0024642947224384104,True,20.0,28.658956406076005,0.004536103763095806,True,20.0,20.414155056810994,0.006368130331048245,True,20.0,10.91533102180899,0.011909854107058972,True,20.0,9.884530131761577,0.01315186440499342,True,-20.0,9.370172633784493,0.013873810556198329,True,-2122.0616704972736,16.933333333333334,0.42025827280064726,93.22758947196107
2025-09-23,33.87,36.16,32.75,33.61,9338116.95,,AVAXUSDT_daily,CRYPTO,BINANCE,USDT,1,1,1,33.61,33.61,33.61,3.642369493382918,1727,0.0,0.5,1,20.0,52.75343034917734,0.0024642947224384104,True,20.0,28.658956406076005,0.004536103763095806,True,20.0,20.414155056810994,0.006368130331048245,True,20.0,10.91533102180899,0.011909854107058972,True,20.0,9.884530131761577,0.01315186440499342,True,-20.0,9.370172633784493,0.013873810556198329,True,-2137.632725530762,16.933333333333334,-0.12502461114392557,93.10256486081714
2025-09-24,33.6,34.85,32.26,32.31,4766219.2,,AVAXUSDT_daily,CRYPTO,BINANCE,USDT,1,1,1,32.31,32.31,32.31,3.4667856718792915,1728,0.0,0.5,1,20.0,52.75343034917734,0.0024642947224384104,True,20.0,28.658956406076005,0.004536103763095806,True,20.0,20.414155056810994,0.006368130331048245,True,20.0,10.91533102180899,0.011909854107058972,True,20.0,9.884530131761577,0.01315186440499342,True,-20.0,9.370172633784493,0.013873810556198329,True,-2221.3776550396096,16.933333333333334,-0.6549638004562117,92.44760106036092
2025-09-25,32.31,32.8,28.51,28.64,7152756.29,,AVAXUSDT_daily,CRYPTO,BINANCE,USDT,1,1,1,28.64,28.64,28.64,3.2392794845394337,1729,0.0,0.5,1,-20.0,52.75343034917734,0.0024642947224384104,True,20.0,28.658956406076005,0.004536103763095806,True,20.0,20.414155056810994,0.006368130331048245,True,20.0,10.91533102180899,0.011909854107058972,True,20.0,9.884530131761577,0.01315186440499342,True,-20.0,9.370172633784493,0.013873810556198329,True,-2460.4107261546537,8.466666666666667,-1.9234086454142176,90.52419241494671
2025-09-26,28.63,29.6,27.07,29.09,6421766.72,,AVAXUSDT_daily,CRYPTO,BINANCE,USDT,1,1,1,29.09,29.09,29.09,2.9578485691301726,1730,0.0,0.5,1,-20.0,52.75343034917734,0.0024642947224384104,True,-20.0,28.658956406076005,0.004536103763095806,True,20.0,20.414155056810994,0.006368130331048245,True,20.0,10.91533102180899,0.011909854107058972,True,20.0,9.884530131761577,0.01315186440499342,True,-20.0,9.370172633784493,0.013873810556198329,True,-2430.9865343241313,0.0,0.13303072625698348,90.6572231412037
2025-09-27,29.1,29.11,28.23,28.74,1881547.05,,AVAXUSDT_daily,CRYPTO,BINANCE,USDT,1,1,1,28.74,28.74,28.74,2.6722851939688987,1731,0.0,0.5,1,-20.0,52.75343034917734,0.0024642947224384104,True,-20.0,28.658956406076005,0.004536103763095806,True,20.0,20.414155056810994,0.006368130331048245,True,20.0,10.91533102180899,0.011909854107058972,True,20.0,9.884530131761577,0.01315186440499342,True,-20.0,9.370172633784493,0.013873810556198329,True,-2454.6012971948694,0.0,-0.0,90.6572231412037
2025-09-28,28.75,30.3,27.92,30.01,2997791.17,,AVAXUSDT_daily,CRYPTO,BINANCE,USDT,1,1,1,30.01,30.01,30.01,2.372754284528316,1732,0.0,0.5,1,-20.0,52.75343034917734,0.0024642947224384104,True,-20.0,28.658956406076005,0.004536103763095806,True,20.0,20.414155056810994,0.006368130331048245,True,20.0,10.91533102180899,0.011909854107058972,True,20.0,9.884530131761577,0.01315186440499342,True,-20.0,9.370172633784493,0.013873810556198329,True,-2372.104599569115,0.0,0.0,90.6572231412037
2025-09-29,30.01,30.82,29.13,30.41,5331556.45,,AVAXUSDT_daily,CRYPTO,BINANCE,USDT,1,1,1,30.41,30.41,30.41,2.0814450319581477,1733,0.0,0.5,1,-20.0,52.75343034917734,0.0024642947224384104,True,-20.0,28.658956406076005,0.004536103763095806,True,20.0,20.414155056810994,0.006368130331048245,True,20.0,10.91533102180899,0.011909854107058972,True,20.0,9.884530131761577,0.01315186440499342,True,-16.13830148651239,9.370172633784493,0.013873810556198329,True,-2345.947645138761,0.8173928520215442,0.0,90.6572231412037
2025-09-30,30.41,30.72,28.81,30.01,4008225.28,,AVAXUSDT_daily,CRYPTO,BINANCE,USDT,1,1,1,30.01,30.01,30.01,2.063925743260845,1734,0.0,0.5,1,-20.0,52.75343034917734,0.0024642947224384104,True,-20.0,28.658956406076005,0.004536103763095806,True,20.0,20.414155056810994,0.006368130331048245,True,20.0,10.91533102180899,0.011909854107058972,True,20.0,9.884530131761577,0.01315186440499342,True,-7.415422513262574,9.370172633784493,0.013873810556198329,True,-2372.9245785259877,2.663735568026089,-0.010751632384367571,90.64647150881933
2025-10-01,30.02,31.1,29.61,30.73,3883191.93,,AVAXUSDT_daily,CRYPTO,BINANCE,USDT,1,1,1,30.73,30.73,30.73,2.016667130639087,1735,0.0,0.5,1,20.0,52.75343034917734,0.0024642947224384104,True,-20.0,28.658956406076005,0.004536103763095806,True,20.0,20.414155056810994,0.006368130331048245,True,20.0,10.91533102180899,0.011909854107058972,True,20.0,9.884530131761577,0.01315186440499342,True,3.091217518666854,9.370172633784493,0.013873810556198329,True,-2324.7260764834673,13.354307708117817,0.06390835084900974,90.71037985966834
2025-10-02,30.74,31.38,29.48,30.98,6997460.97,,AVAXUSDT_daily,CRYPTO,BINANCE,USDT,1,1,1,30.98,30.98,30.98,1.9531493461667646,1736,0.0,0.5,1,20.0,52.75343034917734,0.0024642947224384104,True,20.0,28.658956406076005,0.004536103763095806,True,20.0,20.414155056810994,0.006368130331048245,True,20.0,10.91533102180899,0.011909854107058972,True,20.0,9.884530131761577,0.01315186440499342,True,13.93815599297115,9.370172633784493,0.013873810556198329,True,-2307.7904035308334,20.0,0.10864226902145888,90.8190221286898
2025-10-03,30.97,31.57,29.99,31.31,4752367.67,,AVAXUSDT_daily,CRYPTO,BINANCE,USDT,1,1,1,31.31,31.31,31.31,1.934022260800987,1737,0.0,0.5,1,20.0,52.75343034917734,0.0024642947224384104,True,20.0,28.658956406076005,0.004536103763095806,True,20.0,20.414155056810994,0.006368130331048245,True,20.0,10.91533102180899,0.011909854107058972,True,20.0,9.884530131761577,0.01315186440499342,True,20.0,9.370172633784493,0.013873810556198329,True,-2285.2344413913906,20.0,0.21304067140090144,91.0320628000907
2025-10-04,31.32,31.44,29.85,30.12,2572315.27,,AVAXUSDT_daily,CRYPTO,BINANCE,USDT,1,1,1,30.12,30.12,30.12,1.9053674876958762,1738,0.0,0.5,1,-20.0,52.75343034917734,0.0024642947224384104,True,19.750852998077438,28.658956406076005,0.004536103763095806,True,20.0,20.414155056810994,0.006368130331048245,True,20.0,10.91533102180899,0.011909854107058972,True,20.0,9.884530131761577,0.01315186440499342,True,20.0,9.370172633784493,0.013873810556198329,True,-2369.7544365051444,16.88059721792639,-0.7601405301820496,90.27192226990864
2025-10-05,30.12,31.21,29.63,30.07,2993145.41,,AVAXUSDT_daily,CRYPTO,BINANCE,USDT,1,1,1,30.07,30.07,30.07,1.895282509148513,1739,0.0,0.5,1,-20.0,52.75343034917734,0.0024642947224384104,True,-20.0,28.658956406076005,0.004536103763095806,True,20.0,20.414155056810994,0.006368130331048245,True,20.0,10.91533102180899,0.011909854107058972,True,20.0,9.884530131761577,0.01315186440499342,True,20.0,9.370172633784493,0.013873810556198329,True,-2373.381559992758,8.466666666666667,-0.028022239737593584,90.24390003017105
2025-10-06,30.07,31.03,29.94,30.61,3085401.61,,AVAXUSDT_daily,CRYPTO,BINANCE,USDT,1,1,1,30.61,30.61,30.61,1.8802807041307386,1740,0.0,0.5,1,-20.0,52.75343034917734,0.0024642947224384104,True,-20.0,28.658956406076005,0.004536103763095806,True,20.0,20.414155056810994,0.006368130331048245,True,20.0,10.91533102180899,0.011909854107058972,True,20.0,9.884530131761577,0.01315186440499342,True,20.0,9.370172633784493,0.013873810556198329,True,-2334.253319876215,8.466666666666667,0.1520452278017957,90.39594525797284
2025-10-07,30.61,30.73,27.81,27.93,4890362.4,,AVAXUSDT_daily,CRYPTO,BINANCE,USDT,1,1,1,27.93,27.93,27.93,2.0271237077017283,1741,0.0,0.5,1,-20.0,52.75343034917734,0.0024642947224384104,True,-20.0,28.658956406076005,0.004536103763095806,True,20.0,20.414155056810994,0.006368130331048245,True,20.0,10.91533102180899,0.011909854107058972,True,20.0,9.884530131761577,0.01315186440499342,True,20.0,9.370172633784493,0.013873810556198329,True,-2532.833758230624,8.466666666666667,-0.7412828051834908,89.65466245278935
2025-10-08,27.92,29.63,27.84,28.82,2651599.97,,AVAXUSDT_daily,CRYPTO,BINANCE,USDT,1,1,1,28.82,28.82,28.82,1.8570391685946877,1742,0.0,0.5,1,-20.0,52.75343034917734,0.0024642947224384104,True,-20.0,28.658956406076005,0.004536103763095806,True,20.0,20.414155056810994,0.006368130331048245,True,20.0,10.91533102180899,0.011909854107058972,True,20.0,9.884530131761577,0.01315186440499342,True,20.0,9.370172633784493,0.013873810556198329,True,-2468.3775776869466,8.466666666666667,0.26979353144766777,89.92445598423701
2025-10-09,28.82,28.9,27.58,28.38,2269490.81,,AVAXUSDT_daily,CRYPTO,BINANCE,USDT,1,1,1,28.38,28.38,28.38,1.8047469570435708,1743,0.0,0.5,1,-20.0,52.75343034917734,0.0024642947224384104,True,-20.0,28.658956406076005,0.004536103763095806,True,-20.0,20.414155056810994,0.006368130331048245,True,20.0,10.91533102180899,0.011909854107058972,True,20.0,9.884530131761577,0.01315186440499342,True,20.0,9.370172633784493,0.013873810556198329,True,-2501.3123022715713,0.0,-0.12926208651399512,89.79519389772302
2025-10-10,28.38,28.62,8.52,20.68,15387912.02,,AVAXUSDT_daily,CRYPTO,BINANCE,USDT,1,1,1,20.68,20.68,20.68,2.769065726921394,1744,0.0,0.5,1,-20.0,52.75343034917734,0.0024642947224384104,True,-20.0,28.658956406076005,0.004536103763095806,True,-20.0,20.414155056810994,0.006368130331048245,True,20.0,10.91533102180899,0.011909854107058972,True,20.0,9.884530131761577,0.01315186440499342,True,20.0,9.370172633784493,0.013873810556198329,True,-3022.382595731093,0.0,-0.0,89.79519389772302
2025-10-11,20.67,23.38,20.27,21.46,9122170.63,,AVAXUSDT_daily,CRYPTO,BINANCE,USDT,1,1,1,21.46,21.46,21.46,3.259958467609222,1745,0.0,0.5,1,-20.0,52.75343034917734,0.0024642947224384104,True,-20.0,28.658956406076005,0.004536103763095806,True,-20.0,20.414155056810994,0.006368130331048245,True,20.0,10.91533102180899,0.011909854107058972,True,20.0,9.884530131761577,0.01315186440499342,True,7.874333903930815,9.370172633784493,0.013873810556198329,True,-2970.913202714888,-2.5665993236679774,0.0,89.79519389772302
2025-10-12,21.45,23.34,20.66,22.51,7083271.57,,AVAXUSDT_daily,CRYPTO,BINANCE,USDT,1,1,1,22.51,22.51,22.51,3.424352262992729,1746,0.0,0.5,1,-20.0,52.75343034917734,0.0024642947224384104,True,-20.0,28.658956406076005,0.004536103763095806,True,-20.0,20.414155056810994,0.006368130331048245,True,-20.0,10.91533102180899,0.011909854107058972,True,20.0,9.884530131761577,0.01315186440499342,True,-7.7352322748536695,9.370172633784493,0.013873810556198329,True,-2904.344530963364,-14.337290831510694,-0.12557918405644838,89.66961471366658
2025-10-13,22.5,24.07,21.68,23.8,9277860.33,,AVAXUSDT_daily,CRYPTO,BINANCE,USDT,1,1,1,23.8,23.8,23.8,3.4048084805880805,1747,0.0,0.5,1,-20.0,52.75343034917734,0.0024642947224384104,True,-20.0,28.658956406076005,0.004536103763095806,True,-20.0,20.414155056810994,0.006368130331048245,True,-20.0,10.91533102180899,0.011909854107058972,True,20.0,9.884530131761577,0.01315186440499342,True,-19.331492557798438,9.370172633784493,0.013873810556198329,True,-2826.599641529344,-16.79183259140067,-0.821639501228288,88.84797521243829
2025-10-14,23.8,23.9,21.81,22.74,6841648.76,,AVAXUSDT_daily,CRYPTO,BINANCE,USDT,1,1,1,22.74,22.74,22.74,3.4875698068863943,1748,0.0,0.5,1,-20.0,52.75343034917734,0.0024642947224384104,True,-20.0,28.658956406076005,0.004536103763095806,True,-20.0,20.414155056810994,0.006368130331048245,True,-20.0,10.91533102180899,0.011909854107058972,True,20.0,9.884530131761577,0.01315186440499342,True,-20.0,9.370172633784493,0.013873810556198329,True,-2894.6292101672843,-16.933333333333334,0.7478715355833923,89.59584674802167
2025-10-15,22.73,23.29,21.56,21.9,3657254.33,,AVAXUSDT_daily,CRYPTO,BINANCE,USDT,1,1,1,21.9,21.9,21.9,3.724977569697264,1749,0.0,0.5,1,-20.0,52.75343034917734,0.0024642947224384104,True,-20.0,28.658956406076005,0.004536103763095806,True,-20.0,20.414155056810994,0.006368130331048245,True,-20.0,10.91533102180899,0.011909854107058972,True,20.0,9.884530131761577,0.01315186440499342,True,-20.0,9.370172633784493,0.013873810556198329,True,-2951.7253798323554,-16.933333333333334,0.6255057167985922,90.22135246482026
2025-10-16,21.9,22.39,20.58,20.98,4348824.61,,AVAXUSDT_daily,CRYPTO,BINANCE,USDT,1,1,1,20.98,20.98,20.98,3.9773747954107646,1750,0.0,0.5,1,-20.0,52.75343034917734,0.0024642947224384104,True,-20.0,28.658956406076005,0.004536103763095806,True,-20.0,20.414155056810994,0.006368130331048245,True,-20.0,10.91533102180899,0.011909854107058972,True,20.0,9.884530131761577,0.01315186440499342,True,-20.0,9.370172633784493,0.013873810556198329,True,-3018.2238988074632,-16.933333333333334,0.7113546423135442,90.9327071071338
2025-10-17,20.97,21.27,19.03,19.96,5812253.03,,AVAXUSDT_daily,CRYPTO,BINANCE,USDT,1,1,1,19.96,19.96,19.96,4.262276973638734,1751,0.0,0.5,1,-20.0,52.75343034917734,0.0024642947224384104,True,-20.0,28.658956406076005,0.004536103763095806,True,-20.0,20.414155056810994,0.006368130331048245,True,-20.0,10.91533102180899,0.011909854107058972,True,20.0,9.884530131761577,0.01315186440499342,True,-20.0,9.370172633784493,0.013873810556198329,True,-3097.0239539164418,-16.933333333333334,0.8232602478551005,91.7559673549889
2025-10-18,19.95,20.42,19.82,20.21,1676585.17,,AVAXUSDT_daily,CRYPTO,BINANCE,USDT,1,1,1,20.21,20.21,20.21,4.418602392756578,1752,0.0,0.5,1,-20.0,52.75343034917734,0.0024642947224384104,True,-20.0,28.658956406076005,0.004536103763095806,True,-20.0,20.414155056810994,0.006368130331048245,True,-20.0,10.91533102180899,0.011909854107058972,True,20.0,9.884530131761577,0.01315186440499342,True,-20.0,9.370172633784493,0.013873810556198329,True,-3077.577785370036,-16.933333333333334,-0.21209084836339226,91.54387650662551
2025-10-19,20.22,20.84,19.75,20.59,2143184.1,,AVAXUSDT_daily,CRYPTO,BINANCE,USDT,1,1,1,20.59,20.59,20.59,4.469194528866824,1753,0.0,0.5,1,-20.0,52.75343034917734,0.0024642947224384104,True,-20.0,28.658956406076005,0.004536103763095806,True,-20.0,20.414155056810994,0.006368130331048245,True,-20.0,10.91533102180899,0.011909854107058972,True,-18.371169646531225,9.884530131761577,0.01315186440499342,True,-20.0,9.370172633784493,0.013873810556198329,True,-3048.0508098813066,-20.0,-0.31839023585683546,91.22548627076867
2025-10-20,20.59,21.21,20.17,20.34,2955524.04,,AVAXUSDT_daily,CRYPTO,BINANCE,USDT,1,1,1,20.34,20.34,20.34,4.500147833830225,1754,0.0,0.5,1,-20.0,52.75343034917734,0.0024642947224384104,True,-20.0,28.658956406076005,0.004536103763095806,True,-20.0,20.414155056810994,0.006368130331048245,True,-20.0,10.91533102180899,0.011909854107058972,True,-20.0,9.884530131761577,0.01315186440499342,True,-20.0,9.370172633784493,0.013873810556198329,True,-3068.1628503846223,-20.0,0.24283632831471502,91.46832259908338
2025-10-21,20.34,20.85,19.46,19.54,3757859.23,,AVAXUSDT_daily,CRYPTO,BINANCE,USDT,1,1,1,19.54,19.54,19.54,4.472744683078963,1755,0.0,0.5,1,-20.0,52.75343034917734,0.0024642947224384104,True,-20.0,28.658956406076005,0.004536103763095806,True,-20.0,20.414155056810994,0.006368130331048245,True,-20.0,10.91533102180899,0.011909854107058972,True,-20.0,9.884530131761577,0.01315186440499342,True,-20.0,9.370172633784493,0.013873810556198329,True,-3136.3572486436856,-20.0,0.7866273352999031,92.25494993438328
2025-10-22,19.54,19.71,18.42,19.02,3336086.79,,AVAXUSDT_daily,CRYPTO,BINANCE,USDT,1,1,1,19.02,19.02,19.02,4.379952264821666,1756,0.0,0.5,1,-20.0,52.75343034917734,0.0024642947224384104,True,-20.0,28.658956406076005,0.004536103763095806,True,-20.0,20.414155056810994,0.006368130331048245,True,-20.0,10.91533102180899,0.011909854107058972,True,-20.0,9.884530131761577,0.01315186440499342,True,-20.0,9.370172633784493,0.013873810556198329,True,-3182.862518527534,-20.0,0.5322415557830085,92.78719149016628
2025-10-23,19.02,19.74,18.98,19.14,2616353.3,,AVAXUSDT_daily,CRYPTO,BINANCE,USDT,1,1,1,19.14,19.14,19.14,4.157771417226536,1757,0.0,0.5,1,-20.0,52.75343034917734,0.0024642947224384104,True,-20.0,28.658956406076005,0.004536103763095806,True,-20.0,20.414155056810994,0.006368130331048245,True,-20.0,10.91533102180899,0.011909854107058972,True,-20.0,9.884530131761577,0.01315186440499342,True,-20.0,9.370172633784493,0.013873810556198329,True,-3171.987211487908,-20.0,-0.12618296529968376,92.66100852486659
2025-10-24,19.13,19.96,19.02,19.49,2398372.66,,AVAXUSDT_daily,CRYPTO,BINANCE,USDT,1,1,1,19.49,19.49,19.49,3.9322181700477117,1758,0.0,0.5,1,-20.0,52.75343034917734,0.0024642947224384104,True,-20.0,28.658956406076005,0.004536103763095806,True,-20.0,20.414155056810994,0.006368130331048245,True,-20.0,10.91533102180899,0.011909854107058972,True,-20.0,9.884530131761577,0.01315186440499342,True,-20.0,9.370172633784493,0.013873810556198329,True,-3140.3423849017668,-20.0,-0.36572622779519115,92.2952822970714
2025-10-25,19.49,19.83,19.24,19.71,1481426.75,,AVAXUSDT_daily,CRYPTO,BINANCE,USDT,1,1,1,19.71,19.71,19.71,3.60818729091591,1759,0.0,0.5,1,-20.0,52.75343034917734,0.0024642947224384104,True,-20.0,28.658956406076005,0.004536103763095806,True,-20.0,20.414155056810994,0.006368130331048245,True,-20.0,10.91533102180899,0.011909854107058972,True,-20.0,9.884530131761577,0.01315186440499342,True,-20.0,9.370172633784493,0.013873810556198329,True,-3120.306531213775,-20.0,-0.22575679835813656,92.06952549871326
2025-10-26,19.72,20.96,19.34,20.82,3076459.26,,AVAXUSDT_daily,CRYPTO,BINANCE,USDT,1,1,1,20.82,20.82,20.82,3.056273789060063,1760,0.0,0.5,1,20.0,52.75343034917734,0.0024642947224384104,True,-20.0,28.658956406076005,0.004536103763095806,True,-20.0,20.414155056810994,0.006368130331048245,True,-20.0,10.91533102180899,0.011909854107058972,True,-20.0,9.884530131761577,0.01315186440499342,True,-20.0,9.370172633784493,0.013873810556198329,True,-3025.346726892913,-16.933333333333334,-1.1263318112633192,90.94319368744995
2025-10-27,20.83,21.1,20.17,20.33,2370635.69,,AVAXUSDT_daily,CRYPTO,BINANCE,USDT,1,1,1,20.33,20.33,20.33,2.721324948199973,1761,0.0,0.5,1,20.0,52.75343034917734,0.0024642947224384104,True,-20.0,28.658956406076005,0.004536103763095806,True,-20.0,20.414155056810994,0.006368130331048245,True,-20.0,10.91533102180899,0.011909854107058972,True,-20.0,9.884530131761577,0.01315186440499342,True,-20.0,9.370172633784493,0.013873810556198329,True,-3069.1090413680795,-16.933333333333334,0.3985270573166834,91.34172074476663
2025-10-28,20.33,20.52,19.13,19.47,2668509.9,,AVAXUSDT_daily,CRYPTO,BINANCE,USDT,1,1,1,19.47,19.47,19.47,2.1431243179332067,1762,0.0,0.5,1,-20.0,52.75343034917734,0.0024642947224384104,True,-20.0,28.658956406076005,0.004536103763095806,True,-20.0,20.414155056810994,0.006368130331048245,True,-20.0,10.91533102180899,0.011909854107058972,True,-20.0,9.884530131761577,0.01315186440499342,True,-20.0,9.370172633784493,0.013873810556198329,True,-3150.2784752147663,-20.0,0.7163141498606324,92.05803489462727
2025-10-29,19.47,20.2,19.31,19.66,2469575.16,,AVAXUSDT_daily,CRYPTO,BINANCE,USDT,1,1,1,19.66,19.66,19.66,1.2922639253043555,1763,0.0,0.5,1,-20.0,52.75343034917734,0.0024642947224384104,True,-20.0,28.658956406076005,0.004536103763095806,True,-20.0,20.414155056810994,0.006368130331048245,True,-20.0,10.91533102180899,0.011909854107058972,True,-20.0,9.884530131761577,0.01315186440499342,True,-20.0,9.370172633784493,0.013873810556198329,True,-3132.1822582182544,-20.0,-0.19517205957884087,91.86286283504843
2025-10-30,19.66,19.97,17.51,18.11,4250377.06,,AVAXUSDT_daily,CRYPTO,BINANCE,USDT,1,1,1,18.11,18.11,18.11,1.4082908640995255,1764,0.0,0.5,1,-20.0,52.75343034917734,0.0024642947224384104,True,-20.0,28.658956406076005,0.004536103763095806,True,-20.0,20.414155056810994,0.006368130331048245,True,-20.0,10.91533102180899,0.011909854107058972,True,-20.0,9.884530131761577,0.01315186440499342,True,-20.0,9.370172633784493,0.013873810556198329,True,-3289.706721261358,-20.0,1.5768056968463884,93.43966853189482
2025-10-31,18.12,18.58,17.78,18.19,2613032.42,,AVAXUSDT_daily,CRYPTO,BINANCE,USDT,1,1,1,18.19,18.19,18.19,1.4777346638871163,1765,0.0,0.5,1,-20.0,52.75343034917734,0.0024642947224384104,True,-20.0,28.658956406076005,0.004536103763095806,True,-20.0,20.414155056810994,0.006368130331048245,True,-20.0,10.91533102180899,0.011909854107058972,True,-20.0,9.884530131761577,0.01315186440499342,True,-20.0,9.370172633784493,0.013873810556198329,True,-3281.4544213775125,-20.0,-0.08834897846493828,93.35131955342989
2025-11-01,18.19,18.74,18.07,18.73,1331179.23,,AVAXUSDT_daily,CRYPTO,BINANCE,USDT,1,1,1,18.73,18.73,18.73,1.4244011668845276,1766,0.0,0.5,1,-20.0,52.75343034917734,0.0024642947224384104,True,-20.0,28.658956406076005,0.004536103763095806,True,-20.0,20.414155056810994,0.006368130331048245,True,-20.0,10.91533102180899,0.011909854107058972,True,-20.0,9.884530131761577,0.01315186440499342,True,-20.0,9.370172633784493,0.013873810556198329,True,-3226.9022103096536,-20.0,-0.5937328202308967,92.75758673319899
2025-11-02,18.72,19.01,18.1,18.8,1391904.48,,AVAXUSDT_daily,CRYPTO,BINANCE,USDT,1,1,1,18.8,18.8,18.8,1.1622223494173485,1767,0.0,0.5,1,-20.0,52.75343034917734,0.0024642947224384104,True,-20.0,28.658956406076005,0.004536103763095806,True,-20.0,20.414155056810994,0.006368130331048245,True,-20.0,10.91533102180899,0.011909854107058972,True,-20.0,9.884530131761577,0.01315186440499342,True,-20.0,9.370172633784493,0.013873810556198329,True,-3219.7159343968538,-20.0,-0.07474639615590029,92.68284033704309
2025-11-03,18.81,18.91,15.91,16.65,6049270.76,,AVAXUSDT_daily,CRYPTO,BINANCE,USDT,1,1,1,16.65,16.65,16.65,1.1729970610682197,1768,0.0,0.5,1,-20.0,52.75343034917734,0.0024642947224384104,True,-20.0,28.658956406076005,0.004536103763095806,True,-20.0,20.414155056810994,0.006368130331048245,True,-20.0,10.91533102180899,0.011909854107058972,True,-20.0,9.884530131761577,0.01315186440499342,True,-20.0,9.370172633784493,0.013873810556198329,True,-3453.0536613752497,-20.0,2.2872340425531945,94.97007437959628
2025-11-04,16.66,17.01,15.0,15.98,6537912.15,,AVAXUSDT_daily,CRYPTO,BINANCE,USDT,1,1,1,15.98,15.98,15.98,1.2975985917357904,1769,0.0,0.5,1,-20.0,52.75343034917734,0.0024642947224384104,True,-20.0,28.658956406076005,0.004536103763095806,True,-20.0,20.414155056810994,0.006368130331048245,True,-20.0,10.91533102180899,0.011909854107058972,True,-20.0,9.884530131761577,0.01315186440499342,True,-20.0,9.370172633784493,0.013873810556198329,True,-3530.077129494183,-20.0,0.8048048048048018,95.77487918440109
2025-11-05,15.98,16.99,15.29,16.61,3776605.59,,AVAXUSDT_daily,CRYPTO,BINANCE,USDT,1,1,1,16.61,16.61,16.61,1.3635861194932741,1770,0.0,0.5,1,-20.0,52.75343034917734,0.0024642947224384104,True,-20.0,28.658956406076005,0.004536103763095806,True,-20.0,20.414155056810994,0.006368130331048245,True,-20.0,10.91533102180899,0.011909854107058972,True,-20.0,9.884530131761577,0.01315186440499342,True,-20.0,9.370172633784493,0.013873810556198329,True,-3460.4554901089004,-20.0,-0.7884856070087576,94.98639357739233
2025-11-06,16.61,16.73,15.61,16.13,2855283.89,,AVAXUSDT_daily,CRYPTO,BINANCE,USDT,1,1,1,16.13,16.13,16.13,1.4943204757421047,1771,0.0,0.5,1,-20.0,52.75343034917734,0.0024642947224384104,True,-20.0,28.658956406076005,0.004536103763095806,True,-20.0,20.414155056810994,0.006368130331048245,True,-20.0,10.91533102180899,0.011909854107058972,True,-20.0,9.884530131761577,0.01315186440499342,True,-20.0,9.370172633784493,0.013873810556198329,True,-3516.138442780579,-20.0,0.5779650812763393,95.56435865866868
2025-11-07,16.13,18.07,16.05,17.74,6510611.2,,AVAXUSDT_daily,CRYPTO,BINANCE,USDT,1,1,1,17.74,17.74,17.74,1.4802698011586,1772,0.0,0.5,1,-20.0,52.75343034917734,0.0024642947224384104,True,-20.0,28.658956406076005,0.004536103763095806,True,-20.0,20.414155056810994,0.006368130331048245,True,-20.0,10.91533102180899,0.011909854107058972,True,-20.0,9.884530131761577,0.01315186440499342,True,-20.0,9.370172633784493,0.013873810556198329,True,-3357.5667461033777,-20.0,-1.9962802231866084,93.56807843548208
2025-11-08,17.75,18.41,17.02,17.5,3365687.64,,AVAXUSDT_daily,CRYPTO,BINANCE,USDT,1,1,1,17.5,17.5,17.5,1.439073532377882,1773,0.0,0.5,1,-20.0,52.75343034917734,0.0024642947224384104,True,-20.0,28.658956406076005,0.004536103763095806,True,-20.0,20.414155056810994,0.006368130331048245,True,-20.0,10.91533102180899,0.011909854107058972,True,-20.0,9.884530131761577,0.01315186440499342,True,-20.0,9.370172633784493,0.013873810556198329,True,-3382.0474394171747,-20.0,0.27057497181510515,93.83865340729719
2025-11-09,17.5,17.91,16.81,17.77,2421432.02,,AVAXUSDT_daily,CRYPTO,BINANCE,USDT,1,1,1,17.77,17.77,17.77,1.3892158901644127,1774,0.0,0.5,1,20.0,52.75343034917734,0.0024642947224384104,True,-20.0,28.658956406076005,0.004536103763095806,True,-20.0,20.414155056810994,0.006368130331048245,True,-20.0,10.91533102180899,0.011909854107058972,True,-20.0,9.884530131761577,0.01315186440499342,True,-20.0,9.370172633784493,0.013873810556198329,True,-3354.429935224769,-16.933333333333334,-0.30857142857142694,93.53008197872576
2025-11-10,17.77,18.36,17.64,18.18,2968615.81,,AVAXUSDT_daily,CRYPTO,BINANCE,USDT,1,1,1,18.18,18.18,18.18,1.3671687032584963,1775,0.0,0.5,1,20.0,52.75343034917734,0.0024642947224384104,True,-20.0,28.658956406076005,0.004536103763095806,True,-20.0,20.414155056810994,0.006368130331048245,True,-20.0,10.91533102180899,0.011909854107058972,True,-20.0,9.884530131761577,0.01315186440499342,True,-20.0,9.370172633784493,0.013873810556198329,True,-3312.7995453164317,-16.933333333333334,-0.3906959294691429,93.13938604925661
2025-11-11,18.19,18.61,16.97,17.0,2938925.18,,AVAXUSDT_daily,CRYPTO,BINANCE,USDT,1,1,1,17.0,17.0,17.0,1.3934337557238161,1776,0.0,0.5,1,-20.0,52.75343034917734,0.0024642947224384104,True,-20.0,28.658956406076005,0.004536103763095806,True,-20.0,20.414155056810994,0.006368130331048245,True,-20.0,10.91533102180899,0.011909854107058972,True,-20.0,9.884530131761577,0.01315186440499342,True,-20.0,9.370172633784493,0.013873810556198329,True,-3440.1392489444156,-20.0,1.099083241657498,94.23846929091411
2025-11-12,17.01,17.77,16.64,16.82,2341822.26,,AVAXUSDT_daily,CRYPTO,BINANCE,USDT,1,1,1,16.82,16.82,16.82,1.4162495877310908,1777,0.0,0.5,1,-20.0,52.75343034917734,0.0024642947224384104,True,-20.0,28.658956406076005,0.004536103763095806,True,-20.0,20.414155056810994,0.006368130331048245,True,-20.0,10.91533102180899,0.011909854107058972,True,-20.0,9.884530131761577,0.01315186440499342,True,-20.0,9.370172633784493,0.013873810556198329,True,-3460.192696505851,-20.0,0.21176470588235352,94.45023399679647
2025-11-13,16.81,17.69,15.76,16.1,3784604.46,,AVAXUSDT_daily,CRYPTO,BINANCE,USDT,1,1,1,16.1,16.1,16.1,1.4541356629721476,1778,0.0,0.5,1,-20.0,52.75343034917734,0.0024642947224384104,True,-20.0,28.658956406076005,0.004536103763095806,True,-20.0,20.414155056810994,0.006368130331048245,True,-20.0,10.91533102180899,0.011909854107058972,True,-20.0,9.884530131761577,0.01315186440499342,True,-20.0,9.370172633784493,0.013873810556198329,True,-3544.959986751452,-20.0,0.8561236623067758,95.30635765910324
2025-11-14,16.1,16.18,14.84,15.13,4989778.42,,AVAXUSDT_daily,CRYPTO,BINANCE,USDT,1,1,1,15.13,15.13,15.13,1.5317186769360867,1779,0.0,0.5,1,-20.0,52.75343034917734,0.0024642947224384104,True,-20.0,28.658956406076005,0.004536103763095806,True,-20.0,20.414155056810994,0.006368130331048245,True,-20.0,10.91533102180899,0.011909854107058972,True,-20.0,9.884530131761577,0.01315186440499342,True,-20.0,9.370172633784493,0.013873810556198329,True,-3666.5855454829552,-20.0,1.2049689440993805,96.51132660320262
2025-11-15,15.13,15.79,15.11,15.53,1355598.92,,AVAXUSDT_daily,CRYPTO,BINANCE,USDT,1,1,1,15.53,15.53,15.53,1.4338438401396563,1780,0.0,0.5,1,-20.0,52.75343034917734,0.0024642947224384104,True,-20.0,28.658956406076005,0.004536103763095806,True,-20.0,20.414155056810994,0.006368130331048245,True,-20.0,10.91533102180899,0.011909854107058972,True,-20.0,9.884530131761577,0.01315186440499342,True,-20.0,9.370172633784493,0.013873810556198329,True,-3617.2992149526267,-20.0,-0.5287508261731633,95.98257577702945
2025-11-16,15.52,15.86,14.62,15.15,3008987.32,,AVAXUSDT_daily,CRYPTO,BINANCE,USDT,1,1,1,15.15,15.15,15.15,1.3660734163869412,1781,0.0,0.5,1,-20.0,52.75343034917734,0.0024642947224384104,True,-20.0,28.658956406076005,0.004536103763095806,True,-20.0,20.414155056810994,0.006368130331048245,True,-20.0,10.91533102180899,0.011909854107058972,True,-20.0,9.884530131761577,0.01315186440499342,True,-20.0,9.370172633784493,0.013873810556198329,True,-3666.2283423693784,-20.0,0.4893754024468766,96.47195117947633
2025-11-17,15.14,15.85,14.26,14.53,4255835.74,,AVAXUSDT_daily,CRYPTO,BINANCE,USDT,1,1,1,14.53,14.53,14.53,1.3922774791538899,1782,0.0,0.5,1,-20.0,52.75343034917734,0.0024642947224384104,True,-20.0,28.658956406076005,0.004536103763095806,True,-20.0,20.414155056810994,0.006368130331048245,True,-20.0,10.91533102180899,0.011909854107058972,True,-20.0,9.884530131761577,0.01315186440499342,True,-20.0,9.370172633784493,0.013873810556198329,True,-3750.5657941163486,-20.0,0.81848184818482,97.29043302766115
2025-11-18,14.53,14.93,14.03,14.58,3585664.15,,AVAXUSDT_daily,CRYPTO,BINANCE,USDT,1,1,1,14.58,14.58,14.58,1.347087599234646,1783,0.0,0.5,1,-20.0,52.75343034917734,0.0024642947224384104,True,-20.0,28.658956406076005,0.004536103763095806,True,-20.0,20.414155056810994,0.006368130331048245,True,-20.0,10.91533102180899,0.011909854107058972,True,-20.0,9.884530131761577,0.01315186440499342,True,-20.0,9.370172633784493,0.013873810556198329,True,-3743.6640073015933,-20.0,-0.06882312456985673,97.22160990309129
2025-11-19,14.59,14.7,13.71,14.28,3315595.15,,AVAXUSDT_daily,CRYPTO,BINANCE,USDT,1,1,1,14.28,14.28,14.28,1.415779495175413,1784,0.0,0.5,1,-20.0,52.75343034917734,0.0024642947224384104,True,-20.0,28.658956406076005,0.004536103763095806,True,-20.0,20.414155056810994,0.006368130331048245,True,-20.0,10.91533102180899,0.011909854107058972,True,-20.0,9.884530131761577,0.01315186440499342,True,-20.0,9.370172633784493,0.013873810556198329,True,-3786.784829311635,-20.0,0.4115226337448563,97.63313253683614
2025-11-20,14.28,14.53,13.5,13.81,4382359.95,,AVAXUSDT_daily,CRYPTO,BINANCE,USDT,1,1,1,13.81,13.81,13.81,1.4888741772900995,1785,0.0,0.5,1,-20.0,52.75343034917734,0.0024642947224384104,True,-20.0,28.658956406076005,0.004536103763095806,True,-20.0,20.414155056810994,0.006368130331048245,True,-20.0,10.91533102180899,0.011909854107058972,True,-20.0,9.884530131761577,0.01315186440499342,True,-20.0,9.370172633784493,0.013873810556198329,True,-3857.7730088957974,-20.0,0.6582633053221265,98.29139584215827
2025-11-21,13.81,13.99,12.57,13.28,6350052.93,,AVAXUSDT_daily,CRYPTO,BINANCE,USDT,1,1,1,13.28,13.28,13.28,1.5287500053832181,1786,0.0,0.5,1,-20.0,52.75343034917734,0.0024642947224384104,True,-20.0,28.658956406076005,0.004536103763095806,True,-20.0,20.414155056810994,0.006368130331048245,True,-20.0,10.91533102180899,0.011909854107058972,True,-20.0,9.884530131761577,0.01315186440499342,True,-20.0,9.370172633784493,0.013873810556198329,True,-3942.1767171632714,-20.0,0.7675597393193345,99.0589555814776
2025-11-22,13.29,13.39,13.03,13.23,2893129.28,,AVAXUSDT_daily,CRYPTO,BINANCE,USDT,1,1,1,13.23,13.23,13.23,1.5141542715016132,1787,0.0,0.5,1,-20.0,52.75343034917734,0.0024642947224384104,True,-20.0,28.658956406076005,0.004536103763095806,True,-20.0,20.414155056810994,0.006368130331048245,True,-20.0,10.91533102180899,0.011909854107058972,True,-20.0,9.884530131761577,0.01315186440499342,True,-20.0,9.370172633784493,0.013873810556198329,True,-3950.317772126912,-20.0,0.07530120481927582,99.13425678629687
2025-11-23,13.24,13.47,13.21,13.27,2262185.57,,AVAXUSDT_daily,CRYPTO,BINANCE,USDT,1,1,1,13.27,13.27,13.27,1.6004568426780577,1788,0.0,0.5,1,-20.0,52.75343034917734,0.0024642947224384104,True,-20.0,28.658956406076005,0.004536103763095806,True,-20.0,20.414155056810994,0.006368130331048245,True,-20.0,10.91533102180899,0.011909854107058972,True,-20.0,9.884530131761577,0.01315186440499342,True,-20.0,9.370172633784493,0.013873810556198329,True,-3943.718906144834,-20.0,-0.06046863189720142,99.07378815439967
2025-11-24,13.28,14.05,13.16,13.89,3754410.25,,AVAXUSDT_daily,CRYPTO,BINANCE,USDT,1,1,1,13.89,13.89,13.89,1.6441067803749931,1789,0.0,0.5,1,-20.0,52.75343034917734,0.0024642947224384104,True,-20.0,28.658956406076005,0.004536103763095806,True,-20.0,20.414155056810994,0.006368130331048245,True,-20.0,10.91533102180899,0.011909854107058972,True,-20.0,9.884530131761577,0.01315186440499342,True,-20.0,9.370172633784493,0.013873810556198329,True,-3848.008529728416,-20.0,-0.934438583270536,98.13934957112913
2025-11-25,13.89,14.38,13.7,14.18,2984316.25,,AVAXUSDT_daily,CRYPTO,BINANCE,USDT,1,1,1,14.18,14.18,14.18,1.649601227732992,1790,0.0,0.5,1,-1.5430471480473897,52.75343034917734,0.0024642947224384104,True,-20.0,28.658956406076005,0.004536103763095806,True,-20.0,20.414155056810994,0.006368130331048245,True,-20.0,10.91533102180899,0.011909854107058972,True,-20.0,9.884530131761577,0.01315186440499342,True,-20.0,9.370172633784493,0.013873810556198329,True,-3803.745029389561,-20.0,-0.41756659467242496,97.72178297645671
2025-11-26,14.18,14.96,13.91,14.95,2717281.59,,AVAXUSDT_daily,CRYPTO,BINANCE,USDT,1,1,1,14.95,14.95,14.95,1.643396354796752,1791,0.0,0.5,1,20.0,52.75343034917734,0.0024642947224384104,True,-20.0,28.658956406076005,0.004536103763095806,True,-20.0,20.414155056810994,0.006368130331048245,True,-20.0,10.91533102180899,0.011909854107058972,True,-20.0,9.884530131761577,0.01315186440499342,True,-20.0,9.370172633784493,0.013873810556198329,True,-3694.705196715253,-16.933333333333334,-1.0860366713681247,96.63574630508859
2025-11-27,14.96,15.17,14.87,15.02,2289006.72,,AVAXUSDT_daily,CRYPTO,BINANCE,USDT,1,1,1,15.02,15.02,15.02,1.5444194957845052,1792,0.0,0.5,1,20.0,52.75343034917734,0.0024642947224384104,True,-20.0,28.658956406076005,0.004536103763095806,True,-20.0,20.414155056810994,0.006368130331048245,True,-20.0,10.91533102180899,0.011909854107058972,True,-20.0,9.884530131761577,0.01315186440499342,True,-20.0,9.370172633784493,0.013873810556198329,True,-3684.6498583042967,-16.933333333333334,-0.07928651059085912,96.55645979449773
2025-11-28,15.02,15.27,14.78,14.84,2618362.46,,AVAXUSDT_daily,CRYPTO,BINANCE,USDT,1,1,1,14.84,14.84,14.84,1.4483824008041788,1793,0.0,0.5,1,20.0,52.75343034917734,0.0024642947224384104,True,-20.0,28.658956406076005,0.004536103763095806,True,-20.0,20.414155056810994,0.006368130331048245,True,-20.0,10.91533102180899,0.011909854107058972,True,-20.0,9.884530131761577,0.01315186440499342,True,-20.0,9.370172633784493,0.013873810556198329,True,-3711.3176514467445,-16.933333333333334,0.20292942743009224,96.75938922192782
2025-11-29,14.85,14.91,14.19,14.25,1712927.69,,AVAXUSDT_daily,CRYPTO,BINANCE,USDT,1,1,1,14.25,14.25,14.25,1.3112986732770844,1794,0.0,0.5,1,-20.0,52.75343034917734,0.0024642947224384104,True,-20.0,28.658956406076005,0.004536103763095806,True,-20.0,20.414155056810994,0.006368130331048245,True,-20.0,10.91533102180899,0.011909854107058972,True,-20.0,9.884530131761577,0.01315186440499342,True,-20.0,9.370172633784493,0.013873810556198329,True,-3802.7852776469044,-20.0,0.673225516621743,97.43261473854956
2025-11-30,14.25,14.34,13.66,13.71,2295459.19,,AVAXUSDT_daily,CRYPTO,BINANCE,USDT,1,1,1,13.71,13.71,13.71,1.0842939735443422,1795,0.0,0.5,1,-20.0,52.75343034917734,0.0024642947224384104,True,-20.0,28.658956406076005,0.004536103763095806,True,-20.0,20.414155056810994,0.006368130331048245,True,-20.0,10.91533102180899,0.011909854107058972,True,-20.0,9.884530131761577,0.01315186440499342,True,-20.0,9.370172633784493,0.013873810556198329,True,-3890.4682628553865,-20.0,0.7578947368421041,98.19050947539166
2025-12-01,13.72,13.74,12.54,12.76,3627901.18,,AVAXUSDT_daily,CRYPTO,BINANCE,USDT,1,1,1,12.76,12.76,12.76,1.0188253039711803,1796,0.0,0.5,1,-20.0,52.75343034917734,0.0024642947224384104,True,-20.0,28.658956406076005,0.004536103763095806,True,-20.0,20.414155056810994,0.006368130331048245,True,-20.0,10.91533102180899,0.011909854107058972,True,-20.0,9.884530131761577,0.01315186440499342,True,-20.0,9.370172633784493,0.013873810556198329,True,-4052.354094236241,-20.0,1.3858497447118912,99.57635922010356
2025-12-02,12.76,13.76,12.71,13.62,4573878.59,,AVAXUSDT_daily,CRYPTO,BINANCE,USDT,1,1,1,13.62,13.62,13.62,0.8700058983534986,1797,0.0,0.5,1,-20.0,52.75343034917734,0.0024642947224384104,True,-20.0,28.658956406076005,0.004536103763095806,True,-20.0,20.414155056810994,0.006368130331048245,True,-20.0,10.91533102180899,0.011909854107058972,True,-20.0,9.884530131761577,0.01315186440499342,True,-20.0,9.370172633784493,0.013873810556198329,True,-3921.307748745391,-20.0,-1.3479623824451403,98.22839683765841
2025-12-03,13.63,15.09,13.58,14.78,5191197.88,,AVAXUSDT_daily,CRYPTO,BINANCE,USDT,1,1,1,14.78,14.78,14.78,0.7711609498271456,1798,0.0,0.5,1,20.0,52.75343034917734,0.0024642947224384104,True,-20.0,28.658956406076005,0.004536103763095806,True,-20.0,20.414155056810994,0.006368130331048245,True,-20.0,10.91533102180899,0.011909854107058972,True,-20.0,9.884530131761577,0.01315186440499342,True,-20.0,9.370172633784493,0.013873810556198329,True,-3767.6293587586915,-16.933333333333334,-1.7033773861967694,96.52501945146165
2025-12-04,14.78,14.88,14.21,14.41,2684653.29,,AVAXUSDT_daily,CRYPTO,BINANCE,USDT,1,1,1,14.41,14.41,14.41,0.7437194929693043,1799,0.0,0.5,1,20.0,52.75343034917734,0.0024642947224384104,True,-20.0,28.658956406076005,0.004536103763095806,True,-20.0,20.414155056810994,0.006368130331048245,True,-20.0,10.91533102180899,0.011909854107058972,True,-20.0,9.884530131761577,0.01315186440499342,True,-20.0,9.370172633784493,0.013873810556198329,True,-3818.7100288391857,-16.933333333333334,0.42390617952187476,96.94892563098352
2025-12-05,14.4,14.52,13.09,13.21,3576441.81,,AVAXUSDT_daily,CRYPTO,BINANCE,USDT,1,1,1,13.21,13.21,13.21,0.7058990161946932,1800,0.0,0.5,1,-20.0,52.75343034917734,0.0024642947224384104,True,-20.0,28.658956406076005,0.004536103763095806,True,-20.0,20.414155056810994,0.006368130331048245,True,-20.0,10.91533102180899,0.011909854107058972,True,-20.0,9.884530131761577,0.01315186440499342,True,-20.0,9.370172633784493,0.013873810556198329,True,-3993.3277078192127,-20.0,1.410131852879943,98.35905748386347
2025-12-06,13.21,13.49,13.14,13.4,1994460.04,,AVAXUSDT_daily,CRYPTO,BINANCE,USDT,1,1,1,13.4,13.4,13.4,0.6750516549525065,1801,0.0,0.5,1,-20.0,52.75343034917734,0.0024642947224384104,True,-20.0,28.658956406076005,0.004536103763095806,True,-20.0,20.414155056810994,0.006368130331048245,True,-20.0,10.91533102180899,0.011909854107058972,True,-20.0,9.884530131761577,0.01315186440499342,True,-20.0,9.370172633784493,0.013873810556198329,True,-3965.6121857301546,-20.0,-0.2876608629825883,98.07139662088088
2025-12-07,13.41,13.85,12.96,13.49,2408002.8,,AVAXUSDT_daily,CRYPTO,BINANCE,USDT,1,1,1,13.49,13.49,13.49,0.6721262412839897,1802,0.0,0.5,1,-20.0,52.75343034917734,0.0024642947224384104,True,-20.0,28.658956406076005,0.004536103763095806,True,-20.0,20.414155056810994,0.006368130331048245,True,-20.0,10.91533102180899,0.011909854107058972,True,-20.0,9.884530131761577,0.01315186440499342,True,-20.0,9.370172633784493,0.013873810556198329,True,-3952.319167209309,-20.0,-0.13432835820895495,97.93706826267191
2025-12-08,13.49,13.91,13.38,13.64,1938188.44,,AVAXUSDT_daily,CRYPTO,BINANCE,USDT,1,1,1,13.64,13.64,13.64,0.6583304241643728,1803,0.0,0.5,1,-20.0,52.75343034917734,0.0024642947224384104,True,-20.0,28.658956406076005,0.004536103763095806,True,-20.0,20.414155056810994,0.006368130331048245,True,-20.0,10.91533102180899,0.011909854107058972,True,-20.0,9.884530131761577,0.01315186440499342,True,-20.0,9.370172633784493,0.013873810556198329,True,-3930.012122593536,-20.0,-0.2223869532987388,97.71468130937318
2025-12-09,13.64,14.73,13.5,14.6,3324499.54,,AVAXUSDT_daily,CRYPTO,BINANCE,USDT,1,1,1,14.6,14.6,14.6,0.6717776888003316,1804,0.0,0.5,1,20.0,52.75343034917734,0.0024642947224384104,True,-20.0,28.658956406076005,0.004536103763095806,True,-20.0,20.414155056810994,0.006368130331048245,True,-20.0,10.91533102180899,0.011909854107058972,True,-20.0,9.884530131761577,0.01315186440499342,True,-20.0,9.370172633784493,0.013873810556198329,True,-3800.615609894787,-16.933333333333334,-1.4076246334310838,96.30705667594209
2025-12-10,14.61,14.83,14.09,14.11,3106622.83,,AVAXUSDT_daily,CRYPTO,BINANCE,USDT,1,1,1,14.11,14.11,14.11,0.6726115638327167,1805,0.0,0.5,1,20.0,52.75343034917734,0.0024642947224384104,True,-20.0,28.658956406076005,0.004536103763095806,True,-20.0,20.414155056810994,0.006368130331048245,True,-20.0,10.91533102180899,0.011909854107058972,True,-20.0,9.884530131761577,0.01315186440499342,True,-20.0,9.370172633784493,0.013873810556198329,True,-3869.698944816176,-16.933333333333334,0.5683105022831051,96.8753671782252
2025-12-11,14.11,14.11,12.89,13.42,3801664.23,,AVAXUSDT_daily,CRYPTO,BINANCE,USDT,1,1,1,13.42,13.42,13.42,0.6661665668200862,1806,0.0,0.5,1,-20.0,52.75343034917734,0.0024642947224384104,True,-20.0,28.658956406076005,0.004536103763095806,True,-20.0,20.414155056810994,0.006368130331048245,True,-20.0,10.91533102180899,0.011909854107058972,True,-20.0,9.884530131761577,0.01315186440499342,True,-20.0,9.370172633784493,0.013873810556198329,True,-3972.090783655271,-20.0,0.8280652019844077,97.7034323802096
2025-12-12,13.42,13.79,12.81,13.1,2464500.09,,AVAXUSDT_daily,CRYPTO,BINANCE,USDT,1,1,1,13.1,13.1,13.1,0.6740363491771189,1807,0.0,0.5,1,-20.0,52.75343034917734,0.0024642947224384104,True,-20.0,28.658956406076005,0.004536103763095806,True,-20.0,20.414155056810994,0.006368130331048245,True,-20.0,10.91533102180899,0.011909854107058972,True,-20.0,9.884530131761577,0.01315186440499342,True,-20.0,9.370172633784493,0.013873810556198329,True,-4021.583630451279,-20.0,0.4769001490312963,98.1803325292409
2025-12-13,13.11,13.47,13.09,13.37,1578228.62,,AVAXUSDT_daily,CRYPTO,BINANCE,USDT,1,1,1,13.37,13.37,13.37,0.6692169422552692,1808,0.0,0.5,1,-20.0,52.75343034917734,0.0024642947224384104,True,-20.0,28.658956406076005,0.004536103763095806,True,-20.0,20.414155056810994,0.006368130331048245,True,-20.0,10.91533102180899,0.011909854107058972,True,-20.0,9.884530131761577,0.01315186440499342,True,-20.0,9.370172633784493,0.013873810556198329,True,-3980.1098182785754,-20.0,-0.4122137404580162,97.76811878878289
2025-12-14,13.37,13.4,12.73,12.88,1429641.0,,AVAXUSDT_daily,CRYPTO,BINANCE,USDT,1,1,1,12.88,12.88,12.88,0.7098635895730229,1809,0.0,0.5,1,-20.0,52.75343034917734,0.0024642947224384104,True,-20.0,28.658956406076005,0.004536103763095806,True,-20.0,20.414155056810994,0.006368130331048245,True,-20.0,10.91533102180899,0.011909854107058972,True,-20.0,9.884530131761577,0.01315186440499342,True,-20.0,9.370172633784493,0.013873810556198329,True,-4059.0334947600927,-20.0,0.7329842931937147,98.5011030819766
2025-12-15,12.88,13.35,12.2,12.34,3503587.76,,AVAXUSDT_daily,CRYPTO,BINANCE,USDT,1,1,1,12.34,12.34,12.34,0.7851349196904281,1810,0.0,0.5,1,-20.0,52.75343034917734,0.0024642947224384104,True,-20.0,28.658956406076005,0.004536103763095806,True,-20.0,20.414155056810994,0.006368130331048245,True,-20.0,10.91533102180899,0.011909854107058972,True,-20.0,9.884530131761577,0.01315186440499342,True,-20.0,9.370172633784493,0.013873810556198329,True,-4150.501813845038,-20.0,0.8385093167701885,99.33961239874678
2025-12-16,12.35,12.4,11.91,12.35,3313909.31,,AVAXUSDT_daily,CRYPTO,BINANCE,USDT,1,1,1,12.35,12.35,12.35,0.7989565563654963,1811,0.0,0.5,1,-20.0,52.75343034917734,0.0024642947224384104,True,-20.0,28.658956406076005,0.004536103763095806,True,-20.0,20.414155056810994,0.006368130331048245,True,-20.0,10.91533102180899,0.011909854107058972,True,-20.0,9.884530131761577,0.01315186440499342,True,-20.0,9.370172633784493,0.013873810556198329,True,-4148.77675934916,-20.0,-0.016207455429495532,99.32340494331729
2025-12-17,12.34,12.66,11.69,11.87,3989453.63,,AVAXUSDT_daily,CRYPTO,BINANCE,USDT,1,1,1,11.87,11.87,11.87,0.8277482136949723,1812,0.0,0.5,1,-20.0,52.75343034917734,0.0024642947224384104,True,-20.0,28.658956406076005,0.004536103763095806,True,-20.0,20.414155056810994,0.006368130331048245,True,-20.0,10.91533102180899,0.011909854107058972,True,-20.0,9.884530131761577,0.01315186440499342,True,-20.0,9.370172633784493,0.013873810556198329,True,-4235.75867710916,-20.0,0.7773279352226736,100.10073287853996
2025-12-18,11.86,12.32,11.28,11.44,4678986.21,,AVAXUSDT_daily,CRYPTO,BINANCE,USDT,1,1,1,11.44,11.44,11.44,0.8867200056574391,1813,0.0,0.5,1,-20.0,52.75343034917734,0.0024642947224384104,True,-20.0,28.658956406076005,0.004536103763095806,True,-20.0,20.414155056810994,0.006368130331048245,True,-20.0,10.91533102180899,0.011909854107058972,True,-20.0,9.884530131761577,0.01315186440499342,True,-20.0,9.370172633784493,0.013873810556198329,True,-4317.588200201238,-20.0,0.7245155855096885,100.82524846404965
2025-12-19,11.44,12.45,11.26,12.26,4112097.37,,AVAXUSDT_daily,CRYPTO,BINANCE,USDT,1,1,1,12.26,12.26,12.26,0.8905799411569033,1814,0.0,0.5,1,-20.0,52.75343034917734,0.0024642947224384104,True,-20.0,28.658956406076005,0.004536103763095806,True,-20.0,20.414155056810994,0.006368130331048245,True,-20.0,10.91533102180899,0.011909854107058972,True,-20.0,9.884530131761577,0.01315186440499342,True,-20.0,9.370172633784493,0.013873810556198329,True,-4179.444673977262,-20.0,-1.4335664335664333,99.39168203048322
2025-12-20,12.25,12.38,12.13,12.21,971046.59,,AVAXUSDT_daily,CRYPTO,BINANCE,USDT,1,1,1,12.21,12.21,12.21,0.911650325399803,1815,0.0,0.5,1,-20.0,52.75343034917734,0.0024642947224384104,True,-20.0,28.658956406076005,0.004536103763095806,True,-20.0,20.414155056810994,0.006368130331048245,True,-20.0,10.91533102180899,0.011909854107058972,True,-20.0,9.884530131761577,0.01315186440499342,True,-20.0,9.370172633784493,0.013873810556198329,True,-4188.073902622636,-20.0,0.08156606851549508,99.47324809899872
2025-12-21,12.22,12.34,11.96,12.14,1234066.71,,AVAXUSDT_daily,CRYPTO,BINANCE,USDT,1,1,1,12.14,12.14,12.14,0.9362838076316116,1816,0.0,0.5,1,-20.0,52.75343034917734,0.0024642947224384104,True,-20.0,28.658956406076005,0.004536103763095806,True,-20.0,20.414155056810994,0.006368130331048245,True,-20.0,10.91533102180899,0.011909854107058972,True,-20.0,9.884530131761577,0.01315186440499342,True,-20.0,9.370172633784493,0.013873810556198329,True,-4200.468598742352,-20.0,0.1146601146601145,99.58790821365884
2025-12-22,12.15,12.45,12.01,12.42,3136015.78,,AVAXUSDT_daily,CRYPTO,BINANCE,USDT,1,1,1,12.42,12.42,12.42,0.9417989505037668,1817,0.0,0.5,1,-20.0,52.75343034917734,0.0024642947224384104,True,-20.0,28.658956406076005,0.004536103763095806,True,-20.0,20.414155056810994,0.006368130331048245,True,-20.0,10.91533102180899,0.011909854107058972,True,-20.0,9.884530131761577,0.01315186440499342,True,-20.0,9.370172633784493,0.013873810556198329,True,-4151.509074664178,-20.0,-0.4612850082372333,99.1266232054216
2025-12-23,12.42,12.55,11.84,12.18,2667803.57,,AVAXUSDT_daily,CRYPTO,BINANCE,USDT,1,1,1,12.18,12.18,12.18,0.8703635054338287,1818,0.0,0.5,1,-20.0,52.75343034917734,0.0024642947224384104,True,-20.0,28.658956406076005,0.004536103763095806,True,-20.0,20.414155056810994,0.006368130331048245,True,-20.0,10.91533102180899,0.011909854107058972,True,-20.0,9.884530131761577,0.01315186440499342,True,-20.0,9.370172633784493,0.013873810556198329,True,-4195.03793252867,-20.0,0.3864734299516903,99.51309663537329
2025-12-24,12.18,12.23,11.89,12.1,1607835.82,,AVAXUSDT_daily,CRYPTO,BINANCE,USDT,1,1,1,12.1,12.1,12.1,0.8169344172682342,1819,0.0,0.5,1,-20.0,52.75343034917734,0.0024642947224384104,True,-20.0,28.658956406076005,0.004536103763095806,True,-20.0,20.414155056810994,0.006368130331048245,True,-20.0,10.91533102180899,0.011909854107058972,True,-20.0,9.884530131761577,0.01315186440499342,True,-20.0,9.370172633784493,0.013873810556198329,True,-4209.928852384642,-20.0,0.13136288998357948,99.64445952535687
2025-12-25,12.11,12.55,12.05,12.09,2261537.45,,AVAXUSDT_daily,CRYPTO,BINANCE,USDT,1,1,1,12.09,12.09,12.09,0.8275803347944221,1820,0.0,0.5,1,-20.0,52.75343034917734,0.0024642947224384104,True,-20.0,28.658956406076005,0.004536103763095806,True,-20.0,20.414155056810994,0.006368130331048245,True,-20.0,10.91533102180899,0.011909854107058972,True,-20.0,9.884530131761577,0.01315186440499342,True,-20.0,9.370172633784493,0.013873810556198329,True,-4211.827245819264,-20.0,0.01652892561983421,99.6609884509767
2025-12-26,12.09,12.62,12.03,12.34,2107626.16,,AVAXUSDT_daily,CRYPTO,BINANCE,USDT,1,1,1,12.34,12.34,12.34,0.8190422841160473,1821,0.0,0.5,1,19.980743766259273,52.75343034917734,0.0024642947224384104,True,-20.0,28.658956406076005,0.004536103763095806,True,-20.0,20.414155056810994,0.006368130331048245,True,-20.0,10.91533102180899,0.011909854107058972,True,-20.0,9.884530131761577,0.01315186440499342,True,-20.0,9.370172633784493,0.013873810556198329,True,-4164.8514922754375,-16.937409236141786,-0.41356492969396363,99.24742352128274
2025-12-27,12.34,12.8,12.33,12.69,1402720.88,,AVAXUSDT_daily,CRYPTO,BINANCE,USDT,1,1,1,12.69,12.69,12.69,0.7986098118550065,1822,0.0,0.5,1,20.0,52.75343034917734,0.0024642947224384104,True,-20.0,28.658956406076005,0.004536103763095806,True,-20.0,20.414155056810994,0.006368130331048245,True,-20.0,10.91533102180899,0.011909854107058972,True,-20.0,9.884530131761577,0.01315186440499342,True,-20.0,9.370172633784493,0.013873810556198329,True,-4100.564648756657,-16.933333333333334,-0.4803965342503746,98.76702698703237
2025-12-28,12.7,12.9,12.53,12.64,1705451.88,,AVAXUSDT_daily,CRYPTO,BINANCE,USDT,1,1,1,12.64,12.64,12.64,0.7658079668672882,1823,0.0,0.5,1,20.0,52.75343034917734,0.0024642947224384104,True,-20.0,28.658956406076005,0.004536103763095806,True,-20.0,20.414155056810994,0.006368130331048245,True,-20.0,10.91533102180899,0.011909854107058972,True,-20.0,9.884530131761577,0.01315186440499342,True,-20.0,9.370172633784493,0.013873810556198329,True,-4109.958540078539,-16.933333333333334,0.06671920147097274,98.83374618850334
2025-12-29,12.64,13.2,12.35,12.38,3591031.92,,AVAXUSDT_daily,CRYPTO,BINANCE,USDT,1,1,1,12.38,12.38,12.38,0.6098686226182352,1824,0.0,0.5,1,20.0,52.75343034917734,0.0024642947224384104,True,-20.0,28.658956406076005,0.004536103763095806,True,-20.0,20.414155056810994,0.006368130331048245,True,-20.0,10.91533102180899,0.011909854107058972,True,-20.0,9.884530131761577,0.01315186440499342,True,-20.0,9.370172633784493,0.013873810556198329,True,-4160.509751629048,-16.933333333333334,0.3483122362869198,99.18205842479026
2025-12-30,12.37,12.64,12.33,12.58,1682281.43,,AVAXUSDT_daily,CRYPTO,BINANCE,USDT,1,1,1,12.58,12.58,12.58,0.4820242405037517,1825,0.0,0.5,1,20.0,52.75343034917734,0.0024642947224384104,True,-20.0,28.658956406076005,0.004536103763095806,True,-20.0,20.414155056810994,0.006368130331048245,True,-20.0,10.91533102180899,0.011909854107058972,True,-20.0,9.884530131761577,0.01315186440499342,True,-20.0,9.370172633784493,0.013873810556198329,True,-4121.744417243133,-16.933333333333334,-0.27355950457727474,98.90849892021298
2025-12-31,12.58,12.72,12.21,12.32,1812519.45,,AVAXUSDT_daily,CRYPTO,BINANCE,USDT,1,1,1,12.32,12.32,12.32,0.42352530529201926,1826,0.0,0.5,1,-20.0,52.75343034917734,0.0024642947224384104,True,-20.0,28.658956406076005,0.004536103763095806,True,-20.0,20.414155056810994,0.006368130331048245,True,-20.0,10.91533102180899,0.011909854107058972,True,-20.0,9.884530131761577,0.01315186440499342,True,-20.0,9.370172633784493,0.013873810556198329,True,-4173.86177071247,-20.0,0.34997350291467827,99.25847242312766
2026-01-01,12.32,13.69,12.23,13.59,4403379.82,,AVAXUSDT_daily,CRYPTO,BINANCE,USDT,1,1,1,13.59,13.59,13.59,0.4777631542837064,1827,0.0,0.5,1,20.0,52.75343034917734,0.0024642947224384104,True,20.0,28.658956406076005,0.004536103763095806,True,-20.0,20.414155056810994,0.006368130331048245,True,-20.0,10.91533102180899,0.011909854107058972,True,-20.0,9.884530131761577,0.01315186440499342,True,-20.0,9.370172633784493,0.013873810556198329,True,-3970.9233462548,-8.466666666666667,-2.06168831168831,97.19678411143934
2026-01-02,13.59,13.98,13.09,13.82,3276497.14,,AVAXUSDT_daily,CRYPTO,BINANCE,USDT,1,1,1,13.82,13.82,13.82,0.5328039039010197,1828,0.0,0.5,1,20.0,52.75343034917734,0.0024642947224384104,True,20.0,28.658956406076005,0.004536103763095806,True,-20.0,20.414155056810994,0.006368130331048245,True,-20.0,10.91533102180899,0.011909854107058972,True,-20.0,9.884530131761577,0.01315186440499342,True,-20.0,9.370172633784493,0.013873810556198329,True,-3934.143160353191,-8.466666666666667,-0.14329163600686728,97.05349247543248
2026-01-03,13.82,14.4,13.67,13.99,2908188.75,,AVAXUSDT_daily,CRYPTO,BINANCE,USDT,1,1,1,13.99,13.99,13.99,0.6307378719960108,1829,0.0,0.5,1,20.0,52.75343034917734,0.0024642947224384104,True,20.0,28.658956406076005,0.004536103763095806,True,-20.0,20.414155056810994,0.006368130331048245,True,-20.0,10.91533102180899,0.011909854107058972,True,-20.0,9.884530131761577,0.01315186440499342,True,-20.0,9.370172633784493,0.013873810556198329,True,-3906.783392386757,-8.466666666666667,-0.10414857694162992,96.94934389849085
2026-01-04,13.98,14.49,13.9,14.25,2167561.94,,AVAXUSDT_daily,CRYPTO,BINANCE,USDT,1,1,1,14.25,14.25,14.25,0.7420107816010166,1830,0.0,0.5,1,20.0,52.75343034917734,0.0024642947224384104,True,20.0,28.658956406076005,0.004536103763095806,True,20.0,20.414155056810994,0.006368130331048245,True,-20.0,10.91533102180899,0.011909854107058972,True,-20.0,9.884530131761577,0.01315186440499342,True,-20.0,9.370172633784493,0.013873810556198329,True,-3865.006760996512,0.0,-0.15735048844412686,96.79199341004673
2026-01-05,14.25,14.72,13.91,14.45,3062802.52,,AVAXUSDT_daily,CRYPTO,BINANCE,USDT,1,1,1,14.45,14.45,14.45,0.8482775116989993,1831,0.0,0.5,1,20.0,52.75343034917734,0.0024642947224384104,True,20.0,28.658956406076005,0.004536103763095806,True,20.0,20.414155056810994,0.006368130331048245,True,-20.0,10.91533102180899,0.011909854107058972,True,-20.0,9.884530131761577,0.01315186440499342,True,-20.0,9.370172633784493,0.013873810556198329,True,-3832.7385787320504,0.0,0.0,96.79199341004673
2026-01-06,14.46,14.83,14.24,14.59,3416418.28,,AVAXUSDT_daily,CRYPTO,BINANCE,USDT,1,1,1,14.59,14.59,14.59,0.9248180475448985,1832,0.0,0.5,1,20.0,52.75343034917734,0.0024642947224384104,True,20.0,28.658956406076005,0.004536103763095806,True,20.0,20.414155056810994,0.006368130331048245,True,-20.0,10.91533102180899,0.011909854107058972,True,-20.0,9.884530131761577,0.01315186440499342,True,-20.0,9.370172633784493,0.013873810556198329,True,-3809.9480370477118,0.0,0.0,96.79199341004673
2026-01-07,14.6,14.6,13.88,14.11,2264630.86,,AVAXUSDT_daily,CRYPTO,BINANCE,USDT,1,1,1,14.11,14.11,14.11,0.9070593028901036,1833,0.0,0.5,1,20.0,52.75343034917734,0.0024642947224384104,True,20.0,28.658956406076005,0.004536103763095806,True,20.0,20.414155056810994,0.006368130331048245,True,-20.0,10.91533102180899,0.011909854107058972,True,-20.0,9.884530131761577,0.01315186440499342,True,-20.0,9.370172633784493,0.013873810556198329,True,-3890.5042520475,0.0,-0.0,96.79199341004673
2026-01-08,14.12,14.25,13.6,13.89,1822609.54,,AVAXUSDT_daily,CRYPTO,BINANCE,USDT,1,1,1,13.89,13.89,13.89,0.9142894854311725,1834,0.0,0.5,1,20.0,52.75343034917734,0.0024642947224384104,True,20.0,28.658956406076005,0.004536103763095806,True,20.0,20.414155056810994,0.006368130331048245,True,-20.0,10.91533102180899,0.011909854107058972,True,-20.0,9.884530131761577,0.01315186440499342,True,-20.0,9.370172633784493,0.013873810556198329,True,-3928.507124439937,0.0,-0.0,96.79199341004673
2026-01-09,13.89,14.22,13.61,13.79,1860467.06,,AVAXUSDT_daily,CRYPTO,BINANCE,USDT,1,1,1,13.79,13.79,13.79,0.9071215319329079,1835,0.0,0.5,1,-20.0,52.75343034917734,0.0024642947224384104,True,20.0,28.658956406076005,0.004536103763095806,True,20.0,20.414155056810994,0.006368130331048245,True,-20.0,10.91533102180899,0.011909854107058972,True,-20.0,9.884530131761577,0.01315186440499342,True,-20.0,9.370172633784493,0.013873810556198329,True,-3946.2036372601624,-8.466666666666667,-0.0,96.79199341004673
2026-01-10,13.78,13.94,13.64,13.74,656465.16,,AVAXUSDT_daily,CRYPTO,BINANCE,USDT,1,1,1,13.74,13.74,13.74,0.8866530799713113,1836,0.0,0.5,1,-20.0,52.75343034917734,0.0024642947224384104,True,20.0,28.658956406076005,0.004536103763095806,True,20.0,20.414155056810994,0.006368130331048245,True,-20.0,10.91533102180899,0.011909854107058972,True,-20.0,9.884530131761577,0.01315186440499342,True,-20.0,9.370172633784493,0.013873810556198329,True,-3955.2424492794485,-8.466666666666667,0.030698573845780987,96.82269198389251
2026-01-11,13.73,13.99,13.48,13.7,1071942.18,,AVAXUSDT_daily,CRYPTO,BINANCE,USDT,1,1,1,13.7,13.7,13.7,0.8736408993772617,1837,0.0,0.5,1,-20.0,52.75343034917734,0.0024642947224384104,True,20.0,28.658956406076005,0.004536103763095806,True,20.0,20.414155056810994,0.006368130331048245,True,-20.0,10.91533102180899,0.011909854107058972,True,-20.0,9.884530131761577,0.01315186440499342,True,-20.0,9.370172633784493,0.013873810556198329,True,-3962.623431357964,-8.466666666666667,0.024648229015041927,96.84734021290755
2026-01-12,13.71,14.22,13.39,13.53,2612087.13,,AVAXUSDT_daily,CRYPTO,BINANCE,USDT,1,1,1,13.53,13.53,13.53,0.8370277930438519,1838,0.0,0.5,1,-20.0,52.75343034917734,0.0024642947224384104,True,20.0,28.658956406076005,0.004536103763095806,True,20.0,20.414155056810994,0.006368130331048245,True,-20.0,10.91533102180899,0.011909854107058972,True,-20.0,9.884530131761577,0.01315186440499342,True,-20.0,9.370172633784493,0.013873810556198329,True,-3994.8490173961536,-8.466666666666667,0.10506082725060806,96.95240104015816
2026-01-13,13.52,14.85,13.48,14.75,4022695.09,,AVAXUSDT_daily,CRYPTO,BINANCE,USDT,1,1,1,14.75,14.75,14.75,0.8418876034567576,1839,0.0,0.5,1,20.0,52.75343034917734,0.0024642947224384104,True,20.0,28.658956406076005,0.004536103763095806,True,20.0,20.414155056810994,0.006368130331048245,True,-20.0,10.91533102180899,0.011909854107058972,True,-20.0,9.884530131761577,0.01315186440499342,True,-20.0,9.370172633784493,0.013873810556198329,True,-3803.314211466064,0.0,-0.7634392707563452,96.18896176940181
2026-01-14,14.76,14.95,14.41,14.6,2956916.76,,AVAXUSDT_daily,CRYPTO,BINANCE,USDT,1,1,1,14.6,14.6,14.6,0.8131930242869069,1840,0.0,0.5,1,20.0,52.75343034917734,0.0024642947224384104,True,20.0,28.658956406076005,0.004536103763095806,True,20.0,20.414155056810994,0.006368130331048245,True,-20.0,10.91533102180899,0.011909854107058972,True,-20.0,9.884530131761577,0.01315186440499342,True,-20.0,9.370172633784493,0.013873810556198329,True,-3827.472608749109,0.0,-0.0,96.18896176940181
2026-01-15,14.6,14.63,13.61,13.82,2471785.31,,AVAXUSDT_daily,CRYPTO,BINANCE,USDT,1,1,1,13.82,13.82,13.82,0.7592466834486834,1841,0.0,0.5,1,-20.0,52.75343034917734,0.0024642947224384104,True,20.0,28.658956406076005,0.004536103763095806,True,20.0,20.414155056810994,0.006368130331048245,True,-20.0,10.91533102180899,0.011909854107058972,True,-20.0,9.884530131761577,0.01315186440499342,True,-20.0,9.370172633784493,0.013873810556198329,True,-3956.7222305940704,-8.466666666666667,-0.0,96.18896176940181
2026-01-16,13.82,13.87,13.19,13.59,2257468.71,,AVAXUSDT_daily,CRYPTO,BINANCE,USDT,1,1,1,13.59,13.59,13.59,0.7245127219190544,1842,0.0,0.5,1,-20.0,52.75343034917734,0.0024642947224384104,True,20.0,28.658956406076005,0.004536103763095806,True,20.0,20.414155056810994,0.006368130331048245,True,-20.0,10.91533102180899,0.011909854107058972,True,-20.0,9.884530131761577,0.01315186440499342,True,-20.0,9.370172633784493,0.013873810556198329,True,-3996.052861487632,-8.466666666666667,0.14090689821514768,96.32986866761696
2026-01-17,13.59,13.97,13.53,13.75,1153279.65,,AVAXUSDT_daily,CRYPTO,BINANCE,USDT,1,1,1,13.75,13.75,13.75,0.6796407719960547,1843,0.0,0.5,1,-20.0,52.75343034917734,0.0024642947224384104,True,-20.0,28.658956406076005,0.004536103763095806,True,20.0,20.414155056810994,0.006368130331048245,True,-20.0,10.91533102180899,0.011909854107058972,True,-20.0,9.884530131761577,0.01315186440499342,True,-20.0,9.370172633784493,0.013873810556198329,True,-3968.5445616460543,-16.933333333333334,-0.099681138091734,96.23018752952522
2026-01-18,13.75,13.83,12.94,12.98,1448582.51,,AVAXUSDT_daily,CRYPTO,BINANCE,USDT,1,1,1,12.98,12.98,12.98,0.6265998471377681,1844,0.0,0.5,1,-20.0,52.75343034917734,0.0024642947224384104,True,-20.0,28.658956406076005,0.004536103763095806,True,-20.0,20.414155056810994,0.006368130331048245,True,-20.0,10.91533102180899,0.011909854107058972,True,-20.0,9.884530131761577,0.01315186440499342,True,-20.0,9.370172633784493,0.013873810556198329,True,-4105.3100427190375,-20.0,0.9482666666666656,97.1784541961919
2026-01-19,12.98,12.99,12.09,12.74,3210706.15,,AVAXUSDT_daily,CRYPTO,BINANCE,USDT,1,1,1,12.74,12.74,12.74,0.611142157647569,1845,0.0,0.5,1,-20.0,52.75343034917734,0.0024642947224384104,True,-20.0,28.658956406076005,0.004536103763095806,True,-20.0,20.414155056810994,0.006368130331048245,True,-20.0,10.91533102180899,0.011909854107058972,True,-20.0,9.884530131761577,0.01315186440499342,True,-20.0,9.370172633784493,0.013873810556198329,True,-4149.418018976466,-20.0,0.36979969183358996,97.54825388802549
2026-01-20,12.73,12.76,11.97,12.09,3044192.13,,AVAXUSDT_daily,CRYPTO,BINANCE,USDT,1,1,1,12.09,12.09,12.09,0.6418499168820511,1846,0.0,0.5,1,-20.0,52.75343034917734,0.0024642947224384104,True,-20.0,28.658956406076005,0.004536103763095806,True,-20.0,20.414155056810994,0.006368130331048245,True,-20.0,10.91533102180899,0.011909854107058972,True,-20.0,9.884530131761577,0.01315186440499342,True,-20.0,9.370172633784493,0.013873810556198329,True,-4273.859969939305,-20.0,1.0204081632653073,98.56866205129079
2026-01-21,12.09,12.73,11.88,12.42,3475396.94,,AVAXUSDT_daily,CRYPTO,BINANCE,USDT,1,1,1,12.42,12.42,12.42,0.7105372318934213,1847,0.0,0.5,1,-20.0,52.75343034917734,0.0024642947224384104,True,-20.0,28.658956406076005,0.004536103763095806,True,-20.0,20.414155056810994,0.006368130331048245,True,-20.0,10.91533102180899,0.011909854107058972,True,-20.0,9.884530131761577,0.01315186440499342,True,-20.0,9.370172633784493,0.013873810556198329,True,-4212.104669765633,-20.0,-0.5459057071960283,98.02275634409476
2026-01-22,12.42,12.62,12.04,12.2,1477392.32,,AVAXUSDT_daily,CRYPTO,BINANCE,USDT,1,1,1,12.2,12.2,12.2,0.7878678756528422,1848,0.0,0.5,1,-20.0,52.75343034917734,0.0024642947224384104,True,-20.0,28.658956406076005,0.004536103763095806,True,-20.0,20.414155056810994,0.006368130331048245,True,-20.0,10.91533102180899,0.011909854107058972,True,-20.0,9.884530131761577,0.01315186440499342,True,-20.0,9.370172633784493,0.013873810556198329,True,-4254.708002161973,-20.0,0.3542673107890515,98.37702365488381
2026-01-23,12.2,12.5,11.99,12.13,2123247.62,,AVAXUSDT_daily,CRYPTO,BINANCE,USDT,1,1,1,12.13,12.13,12.13,0.8526145547428903,1849,0.0,0.5,1,-20.0,52.75343034917734,0.0024642947224384104,True,-20.0,28.658956406076005,0.004536103763095806,True,-20.0,20.414155056810994,0.006368130331048245,True,-20.0,10.91533102180899,0.011909854107058972,True,-20.0,9.884530131761577,0.01315186440499342,True,-20.0,9.370172633784493,0.013873810556198329,True,-4268.598142207797,-20.0,0.11475409836065431,98.49177775324446
2026-01-24,12.13,12.19,11.97,12.05,635754.35,,AVAXUSDT_daily,CRYPTO,BINANCE,USDT,1,1,1,12.05,12.05,12.05,0.8990193487827418,1850,0.0,0.5,1,-20.0,52.75343034917734,0.0024642947224384104,True,-20.0,28.658956406076005,0.004536103763095806,True,-20.0,20.414155056810994,0.006368130331048245,True,-20.0,10.91533102180899,0.011909854107058972,True,-20.0,9.884530131761577,0.01315186440499342,True,-20.0,9.370172633784493,0.013873810556198329,True,-4284.874194908697,-20.0,0.13190436933223415,98.6236821225767
2026-01-25,12.05,12.08,11.23,11.49,2327274.41,,AVAXUSDT_daily,CRYPTO,BINANCE,USDT,1,1,1,11.49,11.49,11.49,0.9661731347578792,1851,0.0,0.5,1,-20.0,52.75343034917734,0.0024642947224384104,True,-20.0,28.658956406076005,0.004536103763095806,True,-20.0,20.414155056810994,0.006368130331048245,True,-20.0,10.91533102180899,0.011909854107058972,True,-20.0,9.884530131761577,0.01315186440499342,True,-20.0,9.370172633784493,0.013873810556198329,True,-4403.452228296669,-20.0,0.9294605809128642,99.55314270348956
2026-01-26,11.49,11.92,11.46,11.72,2217831.4,,AVAXUSDT_daily,CRYPTO,BINANCE,USDT,1,1,1,11.72,11.72,11.72,0.9772489582127386,1852,0.0,0.5,1,-20.0,52.75343034917734,0.0024642947224384104,True,-20.0,28.658956406076005,0.004536103763095806,True,-20.0,20.414155056810994,0.006368130331048245,True,-20.0,10.91533102180899,0.011909854107058972,True,-20.0,9.884530131761577,0.01315186440499342,True,-20.0,9.370172633784493,0.013873810556198329,True,-4355.382104833943,-20.0,-0.4003481288076616,99.15279457468189
2026-01-27,11.72,12.2,11.58,12.14,2157614.23,,AVAXUSDT_daily,CRYPTO,BINANCE,USDT,1,1,1,12.14,12.14,12.14,0.975151270322766,1853,0.0,0.5,1,-20.0,52.75343034917734,0.0024642947224384104,True,-20.0,28.658956406076005,0.004536103763095806,True,-20.0,20.414155056810994,0.006368130331048245,True,-20.0,10.91533102180899,0.011909854107058972,True,-20.0,9.884530131761577,0.01315186440499342,True,-20.0,9.370172633784493,0.013873810556198329,True,-4271.318282979334,-20.0,-0.7167235494880542,98.43607102519384
2026-01-28,12.14,12.29,11.93,12.07,1817855.54,,AVAXUSDT_daily,CRYPTO,BINANCE,USDT,1,1,1,12.07,12.07,12.07,0.9781427083543849,1854,0.0,0.5,1,-20.0,52.75343034917734,0.0024642947224384104,True,-20.0,28.658956406076005,0.004536103763095806,True,-20.0,20.414155056810994,0.006368130331048245,True,-20.0,10.91533102180899,0.011909854107058972,True,-20.0,9.884530131761577,0.01315186440499342,True,-20.0,9.370172633784493,0.013873810556198329,True,-4285.669156248694,-20.0,0.11532125205930832,98.55139227725314
2026-01-29,12.08,12.1,10.8,11.04,4766952.55,,AVAXUSDT_daily,CRYPTO,BINANCE,USDT,1,1,1,11.04,11.04,11.04,1.046934748889912,1855,0.0,0.5,1,-20.0,52.75343034917734,0.0024642947224384104,True,-20.0,28.658956406076005,0.004536103763095806,True,-20.0,20.414155056810994,0.006368130331048245,True,-20.0,10.91533102180899,0.011909854107058972,True,-20.0,9.884530131761577,0.01315186440499342,True,-20.0,9.370172633784493,0.013873810556198329,True,-4499.646750850376,-20.0,1.7067108533554287,100.25810313060857
2026-01-30,11.04,11.09,10.63,10.87,4376331.89,,AVAXUSDT_daily,CRYPTO,BINANCE,USDT,1,1,1,10.87,10.87,10.87,1.1100659060621674,1856,0.0,0.5,1,-20.0,52.75343034917734,0.0024642947224384104,True,-20.0,28.658956406076005,0.004536103763095806,True,-20.0,20.414155056810994,0.006368130331048245,True,-20.0,10.91533102180899,0.011909854107058972,True,-20.0,9.884530131761577,0.01315186440499342,True,-20.0,9.370172633784493,0.013873810556198329,True,-4536.181548581461,-20.0,0.3079710144927539,100.56607414510133
2026-01-31,10.88,10.9,9.16,10.12,8363024.98,,AVAXUSDT_daily,CRYPTO,BINANCE,USDT,1,1,1,10.12,10.12,10.12,1.2207353262907863,1857,0.0,0.5,1,-20.0,52.75343034917734,0.0024642947224384104,True,-20.0,28.658956406076005,0.004536103763095806,True,-20.0,20.414155056810994,0.006368130331048245,True,-20.0,10.91533102180899,0.011909854107058972,True,-20.0,9.884530131761577,0.01315186440499342,True,-20.0,9.370172633784493,0.013873810556198329,True,-4704.578655492803,-20.0,1.3799448022079108,101.94601894730924
2026-02-01,10.12,10.26,9.67,9.91,3370320.29,,AVAXUSDT_daily,CRYPTO,BINANCE,USDT,1,1,1,9.91,9.91,9.91,1.3247021512347115,1858,0.0,0.5,1,-20.0,52.75343034917734,0.0024642947224384104,True,-20.0,28.658956406076005,0.004536103763095806,True,-20.0,20.414155056810994,0.006368130331048245,True,-20.0,10.91533102180899,0.011909854107058972,True,-20.0,9.884530131761577,0.01315186440499342,True,-20.0,9.370172633784493,0.013873810556198329,True,-4753.616950859977,-20.0,0.4150197628458474,102.36103871015509
2026-02-02,9.91,10.32,9.53,10.14,3599683.7,,AVAXUSDT_daily,CRYPTO,BINANCE,USDT,1,1,1,10.14,10.14,10.14,1.2806999525389493,1859,0.0,0.5,1,-20.0,52.75343034917734,0.0024642947224384104,True,-20.0,28.658956406076005,0.004536103763095806,True,-20.0,20.414155056810994,0.006368130331048245,True,-20.0,10.91533102180899,0.011909854107058972,True,-20.0,9.884530131761577,0.01315186440499342,True,-20.0,9.370172633784493,0.013873810556198329,True,-4701.036984091437,-20.0,-0.46417759838547124,101.89686111176961
2026-02-03,10.14,10.34,9.54,9.93,4359390.25,,AVAXUSDT_daily,CRYPTO,BINANCE,USDT,1,1,1,9.93,9.93,9.93,1.2241301960389452,1860,0.0,0.5,1,-20.0,52.75343034917734,0.0024642947224384104,True,-20.0,28.658956406076005,0.004536103763095806,True,-20.0,20.414155056810994,0.006368130331048245,True,-20.0,10.91533102180899,0.011909854107058972,True,-20.0,9.884530131761577,0.01315186440499342,True,-20.0,9.370172633784493,0.013873810556198329,True,-4750.93007440686,-20.0,0.4142011834319548,102.31106229520157
2026-02-04,9.92,10.17,9.55,9.72,3707443.3,,AVAXUSDT_daily,CRYPTO,BINANCE,USDT,1,1,1,9.72,9.72,9.72,1.2219247112699967,1861,0.0,0.5,1,-20.0,52.75343034917734,0.0024642947224384104,True,-20.0,28.658956406076005,0.004536103763095806,True,-20.0,20.414155056810994,0.006368130331048245,True,-20.0,10.91533102180899,0.011909854107058972,True,-20.0,9.884530131761577,0.01315186440499342,True,-20.0,9.370172633784493,0.013873810556198329,True,-4802.7937657671255,-20.0,0.4229607250755274,102.73402302027709
2026-02-05,9.71,9.85,8.24,8.32,10982635.25,,AVAXUSDT_daily,CRYPTO,BINANCE,USDT,1,1,1,8.32,8.32,8.32,1.344741317331557,1862,0.0,0.5,1,-20.0,52.75343034917734,0.0024642947224384104,True,-20.0,28.658956406076005,0.004536103763095806,True,-20.0,20.414155056810994,0.006368130331048245,True,-20.0,10.91533102180899,0.011909854107058972,True,-20.0,9.884530131761577,0.01315186440499342,True,-20.0,9.370172633784493,0.013873810556198329,True,-5140.996103630014,-20.0,2.880658436213992,105.61468145649108
2026-02-06,8.32,9.48,7.55,9.28,7616631.97,,AVAXUSDT_daily,CRYPTO,BINANCE,USDT,1,1,1,9.28,9.28,9.28,1.3029343401527047,1863,0.0,0.5,1,-20.0,52.75343034917734,0.0024642947224384104,True,-20.0,28.658956406076005,0.004536103763095806,True,-20.0,20.414155056810994,0.006368130331048245,True,-20.0,10.91533102180899,0.011909854107058972,True,-20.0,9.884530131761577,0.01315186440499342,True,-20.0,9.370172633784493,0.013873810556198329,True,-4956.903384117578,-20.0,-2.307692307692304,103.30698914879878
2026-02-07,9.28,9.4,8.91,9.23,4429288.97,,AVAXUSDT_daily,CRYPTO,BINANCE,USDT,1,1,1,9.23,9.23,9.23,1.2982679757486315,1864,0.0,0.5,1,-20.0,52.75343034917734,0.0024642947224384104,True,-20.0,28.658956406076005,0.004536103763095806,True,-20.0,20.414155056810994,0.006368130331048245,True,-20.0,10.91533102180899,0.011909854107058972,True,-20.0,9.884530131761577,0.01315186440499342,True,-20.0,9.370172633784493,0.013873810556198329,True,-4966.752160006768,-20.0,0.10775862068965303,103.41474776948843
2026-02-08,9.22,9.3,9.0,9.08,1952474.13,,AVAXUSDT_daily,CRYPTO,BINANCE,USDT,1,1,1,9.08,9.08,9.08,1.2951483353418176,1865,0.0,0.5,1,-20.0,52.75343034917734,0.0024642947224384104,True,-20.0,28.658956406076005,0.004536103763095806,True,-20.0,20.414155056810994,0.006368130331048245,True,-20.0,10.91533102180899,0.011909854107058972,True,-20.0,9.884530131761577,0.01315186440499342,True,-20.0,9.370172633784493,0.013873810556198329,True,-4997.43423841721,-20.0,0.3250270855904658,103.73977485507889
2026-02-09,9.08,9.21,8.72,9.06,2161048.33,,AVAXUSDT_daily,CRYPTO,BINANCE,USDT,1,1,1,9.06,9.06,9.06,1.3130935750564343,1866,0.0,0.5,1,-20.0,52.75343034917734,0.0024642947224384104,True,-20.0,28.658956406076005,0.004536103763095806,True,-20.0,20.414155056810994,0.006368130331048245,True,-20.0,10.91533102180899,0.011909854107058972,True,-20.0,9.884530131761577,0.01315186440499342,True,-20.0,9.370172633784493,0.013873810556198329,True,-5001.619556388768,-20.0,0.04405286343612147,103.78382771851501
2026-02-10,9.06,9.11,8.65,8.76,2155570.06,,AVAXUSDT_daily,CRYPTO,BINANCE,USDT,1,1,1,8.76,8.76,8.76,1.3078753360887443,1867,0.0,0.5,1,-20.0,52.75343034917734,0.0024642947224384104,True,-20.0,28.658956406076005,0.004536103763095806,True,-20.0,20.414155056810994,0.006368130331048245,True,-20.0,10.91533102180899,0.011909854107058972,True,-20.0,9.884530131761577,0.01315186440499342,True,-20.0,9.370172633784493,0.013873810556198329,True,-5067.678183439751,-20.0,0.6622516556291402,104.44607937414415
2026-02-11,8.76,8.97,8.43,8.63,3451059.39,,AVAXUSDT_daily,CRYPTO,BINANCE,USDT,1,1,1,8.63,8.63,8.63,1.3019357046182396,1868,0.0,0.5,1,-20.0,52.75343034917734,0.0024642947224384104,True,-20.0,28.658956406076005,0.004536103763095806,True,-20.0,20.414155056810994,0.006368130331048245,True,-20.0,10.91533102180899,0.011909854107058972,True,-20.0,9.884530131761577,0.01315186440499342,True,-20.0,9.370172633784493,0.013873810556198329,True,-5097.3478496608495,-20.0,0.296803652968034,104.74288302711219
2026-02-12,8.63,8.97,8.62,8.9,2722312.61,,AVAXUSDT_daily,CRYPTO,BINANCE,USDT,1,1,1,8.9,8.9,8.9,1.2606393532489022,1869,0.0,0.5,1,-20.0,52.75343034917734,0.0024642947224384104,True,-20.0,28.658956406076005,0.004536103763095806,True,-20.0,20.414155056810994,0.006368130331048245,True,-20.0,10.91533102180899,0.011909854107058972,True,-20.0,9.884530131761577,0.01315186440499342,True,-20.0,9.370172633784493,0.013873810556198329,True,-5037.3561303456345,-20.0,-0.6257242178447253,104.11715880926747
2026-02-13,8.9,9.26,8.74,9.14,2317253.05,,AVAXUSDT_daily,CRYPTO,BINANCE,USDT,1,1,1,9.14,9.14,9.14,1.1926215043525072,1870,0.0,0.5,1,-20.0,52.75343034917734,0.0024642947224384104,True,-20.0,28.658956406076005,0.004536103763095806,True,-20.0,20.414155056810994,0.006368130331048245,True,-20.0,10.91533102180899,0.011909854107058972,True,-20.0,9.884530131761577,0.01315186440499342,True,-20.0,9.370172633784493,0.013873810556198329,True,-4984.978639670601,-20.0,-0.5393258426966296,103.57783296657084
2026-02-14,9.15,9.72,9.12,9.59,1957200.45,,AVAXUSDT_daily,CRYPTO,BINANCE,USDT,1,1,1,9.59,9.59,9.59,1.140327169124742,1871,0.0,0.5,1,20.0,52.75343034917734,0.0024642947224384104,True,-20.0,28.658956406076005,0.004536103763095806,True,-20.0,20.414155056810994,0.006368130331048245,True,-20.0,10.91533102180899,0.011909854107058972,True,-20.0,9.884530131761577,0.01315186440499342,True,-20.0,9.370172633784493,0.013873810556198329,True,-4892.124699531865,-16.933333333333334,-0.9846827133479197,102.59315025322292
2026-02-15,9.6,9.75,9.14,9.29,2304620.32,,AVAXUSDT_daily,CRYPTO,BINANCE,USDT,1,1,1,9.29,9.29,9.29,1.060932559001431,1872,0.0,0.5,1,20.0,52.75343034917734,0.0024642947224384104,True,-20.0,28.658956406076005,0.004536103763095806,True,-20.0,20.414155056810994,0.006368130331048245,True,-20.0,10.91533102180899,0.011909854107058972,True,-20.0,9.884530131761577,0.01315186440499342,True,-20.0,9.370172633784493,0.013873810556198329,True,-4956.939988410317,-16.933333333333334,0.5297184567257572,103.12286870994868
2026-02-16,9.29,9.42,9.05,9.26,1993597.08,,AVAXUSDT_daily,CRYPTO,BINANCE,USDT,1,1,1,9.26,9.26,9.26,0.9050332939568541,1873,0.0,0.5,1,20.0,52.75343034917734,0.0024642947224384104,True,-20.0,28.658956406076005,0.004536103763095806,True,-20.0,20.414155056810994,0.006368130331048245,True,-20.0,10.91533102180899,0.011909854107058972,True,-20.0,9.884530131761577,0.01315186440499342,True,-20.0,9.370172633784493,0.013873810556198329,True,-4963.576895751553,-16.933333333333334,0.05468245425188217,103.17755116420057
2026-02-17,9.26,9.3,9.0,9.14,1500684.97,,AVAXUSDT_daily,CRYPTO,BINANCE,USDT,1,1,1,9.14,9.14,9.14,0.7012655852565033,1874,0.0,0.5,1,-20.0,52.75343034917734,0.0024642947224384104,True,-20.0,28.658956406076005,0.004536103763095806,True,-20.0,20.414155056810994,0.006368130331048245,True,-20.0,10.91533102180899,0.011909854107058972,True,-20.0,9.884530131761577,0.01315186440499342,True,-20.0,9.370172633784493,0.013873810556198329,True,-4991.010953219999,-20.0,0.21943844492440545,103.39698960912497
2026-02-18,9.13,9.21,8.8,8.86,1645715.84,,AVAXUSDT_daily,CRYPTO,BINANCE,USDT,1,1,1,8.86,8.86,8.86,0.6076466684651014,1875,0.0,0.5,1,-20.0,52.75343034917734,0.0024642947224384104,True,-20.0,28.658956406076005,0.004536103763095806,True,-20.0,20.414155056810994,0.006368130331048245,True,-20.0,10.91533102180899,0.011909854107058972,True,-20.0,9.884530131761577,0.01315186440499342,True,-20.0,9.370172633784493,0.013873810556198329,True,-5057.978464594158,-20.0,0.6126914660831528,104.00968107520812
2026-02-19,8.86,8.94,8.66,8.91,2125984.17,,AVAXUSDT_daily,CRYPTO,BINANCE,USDT,1,1,1,8.91,8.91,8.91,0.5000870976896874,1876,0.0,0.5,1,-20.0,52.75343034917734,0.0024642947224384104,True,-20.0,28.658956406076005,0.004536103763095806,True,-20.0,20.414155056810994,0.006368130331048245,True,-20.0,10.91533102180899,0.011909854107058972,True,-20.0,9.884530131761577,0.01315186440499342,True,-20.0,9.370172633784493,0.013873810556198329,True,-5045.870359803718,-20.0,-0.11286681715575675,103.89681425805236
2026-02-20,8.9,9.36,8.88,9.17,3170314.84,,AVAXUSDT_daily,CRYPTO,BINANCE,USDT,1,1,1,9.17,9.17,9.17,0.4577795378516825,1877,0.0,0.5,1,-20.0,52.75343034917734,0.0024642947224384104,True,-20.0,28.658956406076005,0.004536103763095806,True,-20.0,20.414155056810994,0.006368130331048245,True,-20.0,10.91533102180899,0.011909854107058972,True,-20.0,9.884530131761577,0.01315186440499342,True,-20.0,9.370172633784493,0.013873810556198329,True,-4984.353847212998,-20.0,-0.5836139169472476,103.31320034110512
2026-02-21,9.17,9.45,9.11,9.12,1520821.29,,AVAXUSDT_daily,CRYPTO,BINANCE,USDT,1,1,1,9.12,9.12,9.12,0.42784988761052145,1878,0.0,0.5,1,-12.545677175981382,52.75343034917734,0.0024642947224384104,True,-20.0,28.658956406076005,0.004536103763095806,True,-20.0,20.414155056810994,0.006368130331048245,True,-20.0,10.91533102180899,0.011909854107058972,True,-20.0,9.884530131761577,0.01315186440499342,True,-20.0,9.370172633784493,0.013873810556198329,True,-4996.485171074975,-20.0,0.10905125408942284,103.42225159519454
2026-02-22,9.12,9.12,8.79,8.87,1894149.53,,AVAXUSDT_daily,CRYPTO,BINANCE,USDT,1,1,1,8.87,8.87,8.87,0.36728162149260524,1879,0.0,0.5,1,-20.0,52.75343034917734,0.0024642947224384104,True,-20.0,28.658956406076005,0.004536103763095806,True,-20.0,20.414155056810994,0.006368130331048245,True,-20.0,10.91533102180899,0.011909854107058972,True,-20.0,9.884530131761577,0.01315186440499342,True,-20.0,9.370172633784493,0.013873810556198329,True,-5059.692322955557,-20.0,0.5482456140350878,103.97049720922962
2026-02-23,8.87,8.9,8.27,8.36,3519799.52,,AVAXUSDT_daily,CRYPTO,BINANCE,USDT,1,1,1,8.36,8.36,8.36,0.3508857214054824,1880,0.0,0.5,1,-20.0,52.75343034917734,0.0024642947224384104,True,-20.0,28.658956406076005,0.004536103763095806,True,-20.0,20.414155056810994,0.006368130331048245,True,-20.0,10.91533102180899,0.011909854107058972,True,-20.0,9.884530131761577,0.01315186440499342,True,-20.0,9.370172633784493,0.013873810556198329,True,-5194.885209151099,-20.0,1.1499436302142052,105.12044083944383
2026-02-24,8.37,8.45,8.18,8.29,2069343.37,,AVAXUSDT_daily,CRYPTO,BINANCE,USDT,1,1,1,8.29,8.29,8.29,0.3495425582279922,1881,0.0,0.5,1,-20.0,52.75343034917734,0.0024642947224384104,True,-20.0,28.658956406076005,0.004536103763095806,True,-20.0,20.414155056810994,0.006368130331048245,True,-20.0,10.91533102180899,0.011909854107058972,True,-20.0,9.884530131761577,0.01315186440499342,True,-20.0,9.370172633784493,0.013873810556198329,True,-5213.965077266671,-20.0,0.1674641148325362,105.28790495427637
2026-02-25,8.28,9.84,8.26,9.51,8207207.42,,AVAXUSDT_daily,CRYPTO,BINANCE,USDT,1,1,1,9.51,9.51,9.51,0.33532191918550036,1882,0.0,0.5,1,20.0,52.75343034917734,0.0024642947224384104,True,-20.0,28.658956406076005,0.004536103763095806,True,-20.0,20.414155056810994,0.006368130331048245,True,-20.0,10.91533102180899,0.011909854107058972,True,-20.0,9.884530131761577,0.01315186440499342,True,-20.0,9.370172633784493,0.013873810556198329,True,-4978.276537254791,-16.933333333333334,-2.943305186972256,102.34459976730412
2026-02-26,9.51,9.64,9.09,9.31,4367337.35,,AVAXUSDT_daily,CRYPTO,BINANCE,USDT,1,1,1,9.31,9.31,9.31,0.33659908998834787,1883,0.0,0.5,1,20.0,52.75343034917734,0.0024642947224384104,True,-20.0,28.658956406076005,0.004536103763095806,True,-20.0,20.414155056810994,0.006368130331048245,True,-20.0,10.91533102180899,0.011909854107058972,True,-20.0,9.884530131761577,0.01315186440499342,True,-20.0,9.370172633784493,0.013873810556198329,True,-5018.462618829536,-16.933333333333334,0.35611636873466496,102.70071613603878
2026-02-27,9.31,9.48,8.78,8.95,3241829.57,,AVAXUSDT_daily,CRYPTO,BINANCE,USDT,1,1,1,8.95,8.95,8.95,0.33338771488106306,1884,0.0,0.5,1,-20.0,52.75343034917734,0.0024642947224384104,True,-20.0,28.658956406076005,0.004536103763095806,True,-20.0,20.414155056810994,0.006368130331048245,True,-20.0,10.91533102180899,0.011909854107058972,True,-20.0,9.884530131761577,0.01315186440499342,True,-20.0,9.370172633784493,0.013873810556198329,True,-5094.489449449027,-20.0,0.6547798066595081,103.35549594269828
2026-02-28,8.95,9.27,8.42,9.16,4471001.96,,AVAXUSDT_daily,CRYPTO,BINANCE,USDT,1,1,1,9.16,9.16,9.16,0.33474892399801237,1885,0.0,0.5,1,20.0,52.75343034917734,0.0024642947224384104,True,-20.0,28.658956406076005,0.004536103763095806,True,-20.0,20.414155056810994,0.006368130331048245,True,-20.0,10.91533102180899,0.011909854107058972,True,-20.0,9.884530131761577,0.01315186440499342,True,-20.0,9.370172633784493,0.013873810556198329,True,-5050.481183108745,-16.933333333333334,-0.4692737430167604,102.88622219968153
2026-03-01,9.17,9.43,8.85,9.04,3517576.45,,AVAXUSDT_daily,CRYPTO,BINANCE,USDT,1,1,1,9.04,9.04,9.04,0.33463412858309005,1886,0.0,0.5,1,-20.0,52.75343034917734,0.0024642947224384104,True,-20.0,28.658956406076005,0.004536103763095806,True,-20.0,20.414155056810994,0.006368130331048245,True,-20.0,10.91533102180899,0.011909854107058972,True,-20.0,9.884530131761577,0.01315186440499342,True,-20.0,9.370172633784493,0.013873810556198329,True,-5076.474905487113,-20.0,0.22183406113537357,103.1080562608169
2026-03-02,9.03,9.48,8.86,9.17,3607621.55,,AVAXUSDT_daily,CRYPTO,BINANCE,USDT,1,1,1,9.17,9.17,9.17,0.3308565439040623,1887,0.0,0.5,1,20.0,52.75343034917734,0.0024642947224384104,True,-20.0,28.658956406076005,0.004536103763095806,True,-20.0,20.414155056810994,0.006368130331048245,True,-20.0,10.91533102180899,0.011909854107058972,True,-20.0,9.884530131761577,0.01315186440499342,True,-20.0,9.370172633784493,0.013873810556198329,True,-5048.19977776487,-16.933333333333334,-0.28761061946902977,102.82044564134786
2026-03-03,9.18,9.34,8.9,9.18,2950312.27,,AVAXUSDT_daily,CRYPTO,BINANCE,USDT,1,1,1,9.18,9.18,9.18,0.3181674501396209,1888,0.0,0.5,1,20.0,52.75343034917734,0.0024642947224384104,True,-20.0,28.658956406076005,0.004536103763095806,True,-20.0,20.414155056810994,0.006368130331048245,True,-20.0,10.91533102180899,0.011909854107058972,True,-20.0,9.884530131761577,0.01315186440499342,True,-20.0,9.370172633784493,0.013873810556198329,True,-5045.982025299521,-16.933333333333334,-0.018466012359141894,102.80197962898872
2026-03-04,9.18,9.78,9.0,9.5,5118929.94,,AVAXUSDT_daily,CRYPTO,BINANCE,USDT,1,1,1,9.5,9.5,9.5,0.3302455227186483,1889,0.0,0.5,1,20.0,52.75343034917734,0.0024642947224384104,True,20.0,28.658956406076005,0.004536103763095806,True,-20.0,20.414155056810994,0.006368130331048245,True,-20.0,10.91533102180899,0.011909854107058972,True,-20.0,9.884530131761577,0.01315186440499342,True,-20.0,9.370172633784493,0.013873810556198329,True,-4976.8460796573745,-8.466666666666667,-0.5902687000726221,102.21171092891609
2026-03-05,9.49,9.58,9.26,9.39,2107112.13,,AVAXUSDT_daily,CRYPTO,BINANCE,USDT,1,1,1,9.39,9.39,9.39,0.3368628488864903,1890,0.0,0.5,1,20.0,52.75343034917734,0.0024642947224384104,True,20.0,28.658956406076005,0.004536103763095806,True,-20.0,20.414155056810994,0.006368130331048245,True,-20.0,10.91533102180899,0.011909854107058972,True,-20.0,9.884530131761577,0.01315186440499342,True,-20.0,9.370172633784493,0.013873810556198329,True,-5001.345208067151,-8.466666666666667,0.09803508771929799,102.30974601663539
2026-03-06,9.38,9.46,8.88,9.01,3054531.85,,AVAXUSDT_daily,CRYPTO,BINANCE,USDT,1,1,1,9.01,9.01,9.01,0.31716631866698547,1891,0.0,0.5,1,-20.0,52.75343034917734,0.0024642947224384104,True,-20.0,28.658956406076005,0.004536103763095806,True,-20.0,20.414155056810994,0.006368130331048245,True,-20.0,10.91533102180899,0.011909854107058972,True,-20.0,9.884530131761577,0.01315186440499342,True,-20.0,9.370172633784493,0.013873810556198329,True,-5089.8515167058,-20.0,0.342634007809727,102.65238002444511
2026-03-07,9.01,9.08,8.87,8.91,1118928.85,,AVAXUSDT_daily,CRYPTO,BINANCE,USDT,1,1,1,8.91,8.91,8.91,0.31495154182313495,1892,0.0,0.5,1,-20.0,52.75343034917734,0.0024642947224384104,True,-20.0,28.658956406076005,0.004536103763095806,True,-20.0,20.414155056810994,0.006368130331048245,True,-20.0,10.91533102180899,0.011909854107058972,True,-20.0,9.884530131761577,0.01315186440499342,True,-20.0,9.370172633784493,0.013873810556198329,True,-5113.861910694872,-20.0,0.22197558268590267,102.87435560713101
2026-03-08,8.91,9.02,8.69,8.82,1613416.48,,AVAXUSDT_daily,CRYPTO,BINANCE,USDT,1,1,1,8.82,8.82,8.82,0.31528224616905404,1893,0.0,0.5,1,-20.0,52.75343034917734,0.0024642947224384104,True,-20.0,28.658956406076005,0.004536103763095806,True,-20.0,20.414155056810994,0.006368130331048245,True,-20.0,10.91533102180899,0.011909854107058972,True,-20.0,9.884530131761577,0.01315186440499342,True,-20.0,9.370172633784493,0.013873810556198329,True,-5136.116557937717,-20.0,0.2020202020202011,103.07637580915122
2026-03-09,8.82,9.53,8.81,9.26,3172189.24,,AVAXUSDT_daily,CRYPTO,BINANCE,USDT,1,1,1,9.26,9.26,9.26,0.3185406691574846,1894,0.0,0.5,1,20.0,52.75343034917734,0.0024642947224384104,True,-20.0,28.658956406076005,0.004536103763095806,True,-20.0,20.414155056810994,0.006368130331048245,True,-20.0,10.91533102180899,0.011909854107058972,True,-20.0,9.884530131761577,0.01315186440499342,True,-20.0,9.370172633784493,0.013873810556198329,True,-5033.653042835311,-16.933333333333334,-0.9977324263038545,102.07864338284736
2026-03-10,9.26,9.96,9.25,9.53,3406932.21,,AVAXUSDT_daily,CRYPTO,BINANCE,USDT,1,1,1,9.53,9.53,9.53,0.3335471244413354,1895,0.0,0.5,1,20.0,52.75343034917734,0.0024642947224384104,True,20.0,28.658956406076005,0.004536103763095806,True,-20.0,20.414155056810994,0.006368130331048245,True,-20.0,10.91533102180899,0.011909854107058972,True,-20.0,9.884530131761577,0.01315186440499342,True,-20.0,9.370172633784493,0.013873810556198329,True,-4971.917552224077,-8.466666666666667,-0.4937365010799118,101.58490688176745
2026-03-11,9.53,9.86,9.48,9.55,1940684.53,,AVAXUSDT_daily,CRYPTO,BINANCE,USDT,1,1,1,9.55,9.55,9.55,0.3474947936178342,1896,0.0,0.5,1,20.0,52.75343034917734,0.0024642947224384104,True,20.0,28.658956406076005,0.004536103763095806,True,-20.0,20.414155056810994,0.006368130331048245,True,-20.0,10.91533102180899,0.011909854107058972,True,-20.0,9.884530131761577,0.01315186440499342,True,-20.0,9.370172633784493,0.013873810556198329,True,-4967.263549792791,-8.466666666666667,-0.017768450507170613,101.56713843126028
2026-03-12,9.56,9.74,9.43,9.67,1583048.46,,AVAXUSDT_daily,CRYPTO,BINANCE,USDT,1,1,1,9.67,9.67,9.67,0.3696940413680985,1897,0.0,0.5,1,20.0,52.75343034917734,0.0024642947224384104,True,20.0,28.658956406076005,0.004536103763095806,True,-20.0,20.414155056810994,0.006368130331048245,True,-20.0,10.91533102180899,0.011909854107058972,True,-20.0,9.884530131761577,0.01315186440499342,True,-20.0,9.370172633784493,0.013873810556198329,True,-4939.183964574399,-8.466666666666667,-0.10638743455497243,101.4607509967053
2026-03-13,9.67,10.29,9.65,9.72,3606631.26,,AVAXUSDT_daily,CRYPTO,BINANCE,USDT,1,1,1,9.72,9.72,9.72,0.3924819808293186,1898,0.0,0.5,1,20.0,52.75343034917734,0.0024642947224384104,True,20.0,28.658956406076005,0.004536103763095806,True,-20.0,20.414155056810994,0.006368130331048245,True,-20.0,10.91533102180899,0.011909854107058972,True,-20.0,9.884530131761577,0.01315186440499342,True,-20.0,9.370172633784493,0.013873810556198329,True,-4927.3194913343195,-8.466666666666667,-0.043778007583591926,101.4169729891217
2026-03-14,9.72,9.78,9.52,9.73,1235374.88,,AVAXUSDT_daily,CRYPTO,BINANCE,USDT,1,1,1,9.73,9.73,9.73,0.40591806278700304,1899,0.0,0.5,1,20.0,52.75343034917734,0.0024642947224384104,True,20.0,28.658956406076005,0.004536103763095806,True,-20.0,20.414155056810994,0.006368130331048245,True,-20.0,10.91533102180899,0.011909854107058972,True,-20.0,9.884530131761577,0.01315186440499342,True,-20.0,9.370172633784493,0.013873810556198329,True,-4924.90364534305,-8.466666666666667,-0.008710562414266784,101.40826242670744
2026-03-15,9.73,10.04,9.65,9.95,1425372.81,,AVAXUSDT_daily,CRYPTO,BINANCE,USDT,1,1,1,9.95,9.95,9.95,0.3874053365009001,1900,0.0,0.5,1,20.0,52.75343034917734,0.0024642947224384104,True,20.0,28.658956406076005,0.004536103763095806,True,-20.0,20.414155056810994,0.006368130331048245,True,-20.0,10.91533102180899,0.011909854107058972,True,-20.0,9.884530131761577,0.01315186440499342,True,-20.0,9.370172633784493,0.013873810556198329,True,-4872.239485118228,-8.466666666666667,-0.1914354230900987,101.21682700361734
2026-03-16,9.94,10.52,9.88,10.49,4566957.89,,AVAXUSDT_daily,CRYPTO,BINANCE,USDT,1,1,1,10.49,10.49,10.49,0.4027912480258289,1901,0.0,0.5,1,20.0,52.75343034917734,0.0024642947224384104,True,20.0,28.658956406076005,0.004536103763095806,True,20.0,20.414155056810994,0.006368130331048245,True,-20.0,10.91533102180899,0.011909854107058972,True,-20.0,9.884530131761577,0.01315186440499342,True,-20.0,9.370172633784493,0.013873810556198329,True,-4751.62802700618,0.0,-0.4594974874371868,100.75732951618015
2026-03-17,10.48,10.55,10.18,10.2,2960054.15,,AVAXUSDT_daily,CRYPTO,BINANCE,USDT,1,1,1,10.2,10.2,10.2,0.4411122306312946,1902,0.0,0.5,1,20.0,52.75343034917734,0.0024642947224384104,True,20.0,28.658956406076005,0.004536103763095806,True,20.0,20.414155056810994,0.006368130331048245,True,-20.0,10.91533102180899,0.011909854107058972,True,-20.0,9.884530131761577,0.01315186440499342,True,-20.0,9.370172633784493,0.013873810556198329,True,-4818.430435946094,0.0,-0.0,100.75732951618015
2026-03-18,10.2,10.36,9.48,9.69,3287751.42,,AVAXUSDT_daily,CRYPTO,BINANCE,USDT,1,1,1,9.69,9.69,9.69,0.44398198163046454,1903,0.0,0.5,1,20.0,52.75343034917734,0.0024642947224384104,True,20.0,28.658956406076005,0.004536103763095806,True,20.0,20.414155056810994,0.006368130331048245,True,-20.0,10.91533102180899,0.011909854107058972,True,-20.0,9.884530131761577,0.01315186440499342,True,-20.0,9.370172633784493,0.013873810556198329,True,-4939.5701246211265,0.0,-0.0,100.75732951618015
2026-03-19,9.68,9.75,9.33,9.48,1361923.8,,AVAXUSDT_daily,CRYPTO,BINANCE,USDT,1,1,1,9.48,9.48,9.48,0.4283613206921728,1904,0.0,0.5,1,-20.0,52.75343034917734,0.0024642947224384104,True,20.0,28.658956406076005,0.004536103763095806,True,20.0,20.414155056810994,0.006368130331048245,True,-20.0,10.91533102180899,0.011909854107058972,True,-20.0,9.884530131761577,0.01315186440499342,True,-20.0,9.370172633784493,0.013873810556198329,True,-4991.1771658210555,-8.466666666666667,-0.0,100.75732951618015
2026-03-20,9.48,9.65,9.41,9.56,1369184.65,,AVAXUSDT_daily,CRYPTO,BINANCE,USDT,1,1,1,9.56,9.56,9.56,0.4222979118209064,1905,0.0,0.5,1,-20.0,52.75343034917734,0.0024642947224384104,True,20.0,28.658956406076005,0.004536103763095806,True,20.0,20.414155056810994,0.006368130331048245,True,-20.0,10.91533102180899,0.011909854107058972,True,-20.0,9.884530131761577,0.01315186440499342,True,-20.0,9.370172633784493,0.013873810556198329,True,-4971.329216997143,-8.466666666666667,-0.07144866385372628,100.68588085232642
2026-03-21,9.57,9.64,9.15,9.21,1043822.96,,AVAXUSDT_daily,CRYPTO,BINANCE,USDT,1,1,1,9.21,9.21,9.21,0.4143466639267708,1906,0.0,0.5,1,-20.0,52.75343034917734,0.0024642947224384104,True,-20.0,28.658956406076005,0.004536103763095806,True,-20.0,20.414155056810994,0.006368130331048245,True,-20.0,10.91533102180899,0.011909854107058972,True,-20.0,9.884530131761577,0.01315186440499342,True,-20.0,9.370172633784493,0.013873810556198329,True,-5061.425449974236,-20.0,0.30997210599721015,100.99585295832362
2026-03-22,9.21,9.36,8.87,9.03,1608037.56,,AVAXUSDT_daily,CRYPTO,BINANCE,USDT,1,1,1,9.03,9.03,9.03,0.42135620636711557,1907,0.0,0.5,1,-20.0,52.75343034917734,0.0024642947224384104,True,-20.0,28.658956406076005,0.004536103763095806,True,-20.0,20.414155056810994,0.006368130331048245,True,-20.0,10.91533102180899,0.011909854107058972,True,-20.0,9.884530131761577,0.01315186440499342,True,-20.0,9.370172633784493,0.013873810556198329,True,-5109.360550780755,-20.0,0.39087947882736396,101.38673243715098
2026-03-23,9.03,9.76,8.92,9.56,3004958.69,,AVAXUSDT_daily,CRYPTO,BINANCE,USDT,1,1,1,9.56,9.56,9.56,0.41497114676093444,1908,0.0,0.5,1,-20.0,52.75343034917734,0.0024642947224384104,True,-20.0,28.658956406076005,0.004536103763095806,True,-20.0,20.414155056810994,0.006368130331048245,True,-20.0,10.91533102180899,0.011909854107058972,True,-20.0,9.884530131761577,0.01315186440499342,True,-20.0,9.370172633784493,0.013873810556198329,True,-4980.437129386805,-20.0,-1.1738648947951313,100.21286754235585
2026-03-24,9.56,9.65,9.35,9.62,1570023.23,,AVAXUSDT_daily,CRYPTO,BINANCE,USDT,1,1,1,9.62,9.62,9.62,0.4156402797104348,1909,0.0,0.5,1,20.0,52.75343034917734,0.0024642947224384104,True,-20.0,28.658956406076005,0.004536103763095806,True,-20.0,20.414155056810994,0.006368130331048245,True,-20.0,10.91533102180899,0.011909854107058972,True,-20.0,9.884530131761577,0.01315186440499342,True,-20.0,9.370172633784493,0.013873810556198329,True,-4965.661719557848,-16.933333333333334,-0.12552301255229992,100.08734452980354
2026-03-25,9.63,9.8,9.56,9.68,1815508.94,,AVAXUSDT_daily,CRYPTO,BINANCE,USDT,1,1,1,9.68,9.68,9.68,0.4159614734334475,1910,0.0,0.5,1,20.0,52.75343034917734,0.0024642947224384104,True,-18.560732861154644,28.658956406076005,0.004536103763095806,True,-20.0,20.414155056810994,0.006368130331048245,True,-20.0,10.91533102180899,0.011909854107058972,True,-20.0,9.884530131761577,0.01315186440499342,True,-20.0,9.370172633784493,0.013873810556198329,True,-4950.706019699647,-16.628688455611066,-0.10561330561330656,99.98173122419024
2026-03-26,9.69,9.69,8.99,9.11,2063705.57,,AVAXUSDT_daily,CRYPTO,BINANCE,USDT,1,1,1,9.11,9.11,9.11,0.4098944023344727,1911,0.0,0.5,1,-20.0,52.75343034917734,0.0024642947224384104,True,-20.0,28.658956406076005,0.004536103763095806,True,-20.0,20.414155056810994,0.006368130331048245,True,-20.0,10.91533102180899,0.011909854107058972,True,-20.0,9.884530131761577,0.01315186440499342,True,-20.0,9.370172633784493,0.013873810556198329,True,-5096.885845829381,-20.0,0.9791686383985855,100.96089986258883
2026-03-27,9.1,9.15,8.66,8.79,2101191.0,,AVAXUSDT_daily,CRYPTO,BINANCE,USDT,1,1,1,8.79,8.79,8.79,0.4203241230688009,1912,0.0,0.5,1,-20.0,52.75343034917734,0.0024642947224384104,True,-20.0,28.658956406076005,0.004536103763095806,True,-20.0,20.414155056810994,0.006368130331048245,True,-20.0,10.91533102180899,0.011909854107058972,True,-20.0,9.884530131761577,0.01315186440499342,True,-20.0,9.370172633784493,0.013873810556198329,True,-5182.304663047846,-20.0,0.7025246981339195,101.66342456072275
2026-03-28,8.79,8.99,8.7,8.75,949852.2,,AVAXUSDT_daily,CRYPTO,BINANCE,USDT,1,1,1,8.75,8.75,8.75,0.42681069390721327,1913,0.0,0.5,1,-20.0,52.75343034917734,0.0024642947224384104,True,-20.0,28.658956406076005,0.004536103763095806,True,-20.0,20.414155056810994,0.006368130331048245,True,-20.0,10.91533102180899,0.011909854107058972,True,-20.0,9.884530131761577,0.01315186440499342,True,-20.0,9.370172633784493,0.013873810556198329,True,-5193.234626281675,-20.0,0.091012514220703,101.75443707494345
2026-03-29,8.76,8.82,8.37,8.6,1116725.08,,AVAXUSDT_daily,CRYPTO,BINANCE,USDT,1,1,1,8.6,8.6,8.6,0.47184297121626434,1914,0.0,0.5,1,-20.0,52.75343034917734,0.0024642947224384104,True,-20.0,28.658956406076005,0.004536103763095806,True,-20.0,20.414155056810994,0.006368130331048245,True,-20.0,10.91533102180899,0.011909854107058972,True,-20.0,9.884530131761577,0.01315186440499342,True,-20.0,9.370172633784493,0.013873810556198329,True,-5235.616008605713,-20.0,0.34285714285714475,102.0972942178006
2026-03-30,8.6,9.08,8.56,8.81,1613301.92,,AVAXUSDT_daily,CRYPTO,BINANCE,USDT,1,1,1,8.81,8.81,8.81,0.49596264716300326,1915,0.0,0.5,1,-20.0,52.75343034917734,0.0024642947224384104,True,-20.0,28.658956406076005,0.004536103763095806,True,-20.0,20.414155056810994,0.006368130331048245,True,-20.0,10.91533102180899,0.011909854107058972,True,-20.0,9.884530131761577,0.01315186440499342,True,-20.0,9.370172633784493,0.013873810556198329,True,-5177.373541567983,-20.0,-0.48837209302325935,101.60892212477734
2026-03-31,8.81,9.07,8.69,8.91,1636937.52,,AVAXUSDT_daily,CRYPTO,BINANCE,USDT,1,1,1,8.91,8.91,8.91,0.51028990729408,1916,0.0,0.5,1,-20.0,52.75343034917734,0.0024642947224384104,True,-20.0,28.658956406076005,0.004536103763095806,True,-20.0,20.414155056810994,0.006368130331048245,True,-20.0,10.91533102180899,0.011909854107058972,True,-20.0,9.884530131761577,0.01315186440499342,True,-20.0,9.370172633784493,0.013873810556198329,True,-5149.532940740385,-20.0,-0.22701475595913845,101.3819073688182
2026-04-01,8.91,9.48,8.87,9.13,2896821.47,,AVAXUSDT_daily,CRYPTO,BINANCE,USDT,1,1,1,9.13,9.13,9.13,0.5110968597169423,1917,0.0,0.5,1,20.0,52.75343034917734,0.0024642947224384104,True,-20.0,28.658956406076005,0.004536103763095806,True,-20.0,20.414155056810994,0.006368130331048245,True,-20.0,10.91533102180899,0.011909854107058972,True,-20.0,9.884530131761577,0.01315186440499342,True,-20.0,9.370172633784493,0.013873810556198329,True,-5089.359690730306,-16.933333333333334,-0.49382716049382935,100.88808020832437
2026-04-02,9.13,9.19,8.62,8.75,2611985.21,,AVAXUSDT_daily,CRYPTO,BINANCE,USDT,1,1,1,8.75,8.75,8.75,0.5250651588756934,1918,0.0,0.5,1,-20.0,52.75343034917734,0.0024642947224384104,True,-20.0,28.658956406076005,0.004536103763095806,True,-20.0,20.414155056810994,0.006368130331048245,True,-20.0,10.91533102180899,0.011909854107058972,True,-20.0,9.884530131761577,0.01315186440499342,True,-20.0,9.370172633784493,0.013873810556198329,True,-5196.907138905186,-20.0,0.7047827674333709,101.59286297575774
2026-04-03,8.75,9.15,8.73,8.91,1539700.91,,AVAXUSDT_daily,CRYPTO,BINANCE,USDT,1,1,1,8.91,8.91,8.91,0.5260505779284405,1919,0.0,0.5,1,-20.0,52.75343034917734,0.0024642947224384104,True,-20.0,28.658956406076005,0.004536103763095806,True,-20.0,20.414155056810994,0.006368130331048245,True,-20.0,10.91533102180899,0.011909854107058972,True,-20.0,9.884530131761577,0.01315186440499342,True,-20.0,9.370172633784493,0.013873810556198329,True,-5151.948562244173,-20.0,-0.36571428571428477,101.22714869004345
2026-04-04,8.91,9.11,8.83,8.99,719054.7,,AVAXUSDT_daily,CRYPTO,BINANCE,USDT,1,1,1,8.99,8.99,8.99,0.5082195443661075,1920,0.0,0.5,1,2.8407355249099053,52.75343034917734,0.0024642947224384104,True,-20.0,28.658956406076005,0.004536103763095806,True,-20.0,20.414155056810994,0.006368130331048245,True,-20.0,10.91533102180899,0.011909854107058972,True,-20.0,9.884530131761577,0.01315186440499342,True,-20.0,9.370172633784493,0.013873810556198329,True,-5129.307356256035,-20.0,-0.17957351290684542,101.04757517713661
2026-04-05,8.99,9.09,8.74,9.06,857876.01,,AVAXUSDT_daily,CRYPTO,BINANCE,USDT,1,1,1,9.06,9.06,9.06,0.41941814333659055,1921,0.0,0.5,1,20.0,52.75343034917734,0.0024642947224384104,True,-20.0,28.658956406076005,0.004536103763095806,True,-20.0,20.414155056810994,0.006368130331048245,True,-20.0,10.91533102180899,0.011909854107058972,True,-20.0,9.884530131761577,0.01315186440499342,True,-20.0,9.370172633784493,0.013873810556198329,True,-5109.323376625365,-16.933333333333334,-0.15572858731924377,100.89184658981736
2026-04-06,9.07,9.66,8.81,8.91,3843829.97,,AVAXUSDT_daily,CRYPTO,BINANCE,USDT,1,1,1,8.91,8.91,8.91,0.3496295031690491,1922,0.0,0.5,1,-20.0,52.75343034917734,0.0024642947224384104,True,-20.0,28.658956406076005,0.004536103763095806,True,-20.0,20.414155056810994,0.006368130331048245,True,-20.0,10.91533102180899,0.011909854107058972,True,-20.0,9.884530131761577,0.01315186440499342,True,-20.0,9.370172633784493,0.013873810556198329,True,-5153.440669416613,-20.0,0.28035320088300364,101.17219979070036
2026-04-07,8.9,9.62,8.46,9.43,6882469.21,,AVAXUSDT_daily,CRYPTO,BINANCE,USDT,1,1,1,9.43,9.43,9.43,0.33200309131713274,1923,0.0,0.5,1,20.0,52.75343034917734,0.0024642947224384104,True,20.0,28.658956406076005,0.004536103763095806,True,-20.0,20.414155056810994,0.006368130331048245,True,-20.0,10.91533102180899,0.011909854107058972,True,-20.0,9.884530131761577,0.01315186440499342,True,-20.0,9.370172633784493,0.013873810556198329,True,-5015.14149980444,-8.466666666666667,-1.1672278338944997,100.00497195680586
2026-04-08,9.43,9.56,9.04,9.05,3286293.67,,AVAXUSDT_daily,CRYPTO,BINANCE,USDT,1,1,1,9.05,9.05,9.05,0.32082295496676755,1924,0.0,0.5,1,20.0,52.75343034917734,0.0024642947224384104,True,3.6076504405425562,28.658956406076005,0.004536103763095806,True,-20.0,20.414155056810994,0.006368130331048245,True,-20.0,10.91533102180899,0.011909854107058972,True,-20.0,9.884530131761577,0.01315186440499342,True,-20.0,9.370172633784493,0.013873810556198329,True,-5119.360926245816,-11.936380656751826,0.3411806291975955,100.34615258600346
2026-04-09,9.05,9.7,8.92,9.37,2920718.2,,AVAXUSDT_daily,CRYPTO,BINANCE,USDT,1,1,1,9.37,9.37,9.37,0.30885654992829537,1925,0.0,0.5,1,20.0,52.75343034917734,0.0024642947224384104,True,20.0,28.658956406076005,0.004536103763095806,True,-20.0,20.414155056810994,0.006368130331048245,True,-20.0,10.91533102180899,0.011909854107058972,True,-20.0,9.884530131761577,0.01315186440499342,True,-20.0,9.370172633784493,0.013873810556198329,True,-5034.757737820223,-8.466666666666667,-0.4220598685260282,99.92409271747742
2026-04-10,9.37,9.56,9.25,9.39,1997802.09,,AVAXUSDT_daily,CRYPTO,BINANCE,USDT,1,1,1,9.39,9.39,9.39,0.31529226209799655,1926,0.0,0.5,1,20.0,52.75343034917734,0.0024642947224384104,True,20.0,28.658956406076005,0.004536103763095806,True,-20.0,20.414155056810994,0.006368130331048245,True,-20.0,10.91533102180899,0.011909854107058972,True,-20.0,9.884530131761577,0.01315186440499342,True,-20.0,9.370172633784493,0.013873810556198329,True,-5029.384505562586,-8.466666666666667,-0.018071860547848942,99.90602085692957
2026-04-11,9.39,9.61,9.19,9.38,1639251.72,,AVAXUSDT_daily,CRYPTO,BINANCE,USDT,1,1,1,9.38,9.38,9.38,0.3212967148290228,1927,0.0,0.5,1,20.0,52.75343034917734,0.0024642947224384104,True,20.0,28.658956406076005,0.004536103763095806,True,-20.0,20.414155056810994,0.006368130331048245,True,-20.0,10.91533102180899,0.011909854107058972,True,-20.0,9.884530131761577,0.01315186440499342,True,-20.0,9.370172633784493,0.013873810556198329,True,-5032.122356291658,-8.466666666666667,0.009016684416044928,99.91503754134561
2026-04-12,9.37,9.39,8.92,9.03,2241067.22,,AVAXUSDT_daily,CRYPTO,BINANCE,USDT,1,1,1,9.03,9.03,9.03,0.3035972921520063,1928,0.0,0.5,1,-20.0,52.75343034917734,0.0024642947224384104,True,20.0,28.658956406076005,0.004536103763095806,True,-20.0,20.414155056810994,0.006368130331048245,True,-20.0,10.91533102180899,0.011909854107058972,True,-20.0,9.884530131761577,0.01315186440499342,True,-20.0,9.370172633784493,0.013873810556198329,True,-5130.883047753779,-16.933333333333334,0.31592039800995114,100.23095793935556
2026-04-13,9.04,9.71,8.97,9.66,3419224.2,,AVAXUSDT_daily,CRYPTO,BINANCE,USDT,1,1,1,9.66,9.66,9.66,0.3074252155735627,1929,0.0,0.5,1,20.0,52.75343034917734,0.0024642947224384104,True,20.0,28.658956406076005,0.004536103763095806,True,-20.0,20.414155056810994,0.006368130331048245,True,-20.0,10.91533102180899,0.011909854107058972,True,-20.0,9.884530131761577,0.01315186440499342,True,-20.0,9.370172633784493,0.013873810556198329,True,-4974.261520363348,-8.466666666666667,-1.1813953488372113,99.04956259051835
2026-04-14,9.66,9.71,9.21,9.31,3276040.98,,AVAXUSDT_daily,CRYPTO,BINANCE,USDT,1,1,1,9.31,9.31,9.31,0.27964451119973366,1930,0.0,0.5,1,20.0,52.75343034917734,0.0024642947224384104,True,20.0,28.658956406076005,0.004536103763095806,True,-20.0,20.414155056810994,0.006368130331048245,True,-20.0,10.91533102180899,0.011909854107058972,True,-20.0,9.884530131761577,0.01315186440499342,True,-20.0,9.370172633784493,0.013873810556198329,True,-5064.202740908221,-8.466666666666667,0.30676328502415406,99.35632587554251
2026-04-15,9.3,9.57,9.26,9.43,2180446.37,,AVAXUSDT_daily,CRYPTO,BINANCE,USDT,1,1,1,9.43,9.43,9.43,0.29115197697554385,1931,0.0,0.5,1,20.0,52.75343034917734,0.0024642947224384104,True,20.0,28.658956406076005,0.004536103763095806,True,1.7215236850777729,20.414155056810994,0.006368130331048245,True,-20.0,10.91533102180899,0.011909854107058972,True,-20.0,9.884530131761577,0.01315186440499342,True,-20.0,9.370172633784493,0.013873810556198329,True,-5033.248619824827,-3.868944153325206,-0.10912996777658404,99.24719590776593
2026-04-16,9.44,9.89,9.26,9.73,3911612.9,,AVAXUSDT_daily,CRYPTO,BINANCE,USDT,1,1,1,9.73,9.73,9.73,0.31616118476086447,1932,0.0,0.5,1,20.0,52.75343034917734,0.0024642947224384104,True,20.0,28.658956406076005,0.004536103763095806,True,20.0,20.414155056810994,0.006368130331048245,True,-20.0,10.91533102180899,0.011909854107058972,True,-20.0,9.884530131761577,0.01315186440499342,True,-20.0,9.370172633784493,0.013873810556198329,True,-4957.875529755174,0.0,-0.12308411940589198,99.12411178836004
2026-04-17,9.72,10.01,9.45,9.72,3237491.1,,AVAXUSDT_daily,CRYPTO,BINANCE,USDT,1,1,1,9.72,9.72,9.72,0.3289420841871523,1933,0.0,0.5,1,20.0,52.75343034917734,0.0024642947224384104,True,20.0,28.658956406076005,0.004536103763095806,True,20.0,20.414155056810994,0.006368130331048245,True,-20.0,10.91533102180899,0.011909854107058972,True,-20.0,9.884530131761577,0.01315186440499342,True,-20.0,9.370172633784493,0.013873810556198329,True,-4960.43634358243,0.0,-0.0,99.12411178836004
2026-04-18,9.72,9.79,9.3,9.33,1985427.01,,AVAXUSDT_daily,CRYPTO,BINANCE,USDT,1,1,1,9.33,9.33,9.33,0.30065717495953137,1934,0.0,0.5,1,-20.0,52.75343034917734,0.0024642947224384104,True,20.0,28.658956406076005,0.004536103763095806,True,20.0,20.414155056810994,0.006368130331048245,True,-20.0,10.91533102180899,0.011909854107058972,True,-20.0,9.884530131761577,0.01315186440499342,True,-20.0,9.370172633784493,0.013873810556198329,True,-5063.337626282834,-8.466666666666667,-0.0,99.12411178836004
2026-04-19,9.33,9.36,8.96,9.0,2781932.77,,AVAXUSDT_daily,CRYPTO,BINANCE,USDT,1,1,1,9.0,9.0,9.0,0.28999954630075736,1935,0.0,0.5,1,-20.0,52.75343034917734,0.0024642947224384104,True,-20.0,28.658956406076005,0.004536103763095806,True,-20.0,20.414155056810994,0.006368130331048245,True,-20.0,10.91533102180899,0.011909854107058972,True,-20.0,9.884530131761577,0.01315186440499342,True,-20.0,9.370172633784493,0.013873810556198329,True,-5153.465728927415,-20.0,0.29946409431939963,99.42357588267944
2026-04-20,9.0,9.44,8.98,9.27,3340913.84,,AVAXUSDT_daily,CRYPTO,BINANCE,USDT,1,1,1,9.27,9.27,9.27,0.2804671854563396,1936,0.0,0.5,1,-20.0,52.75343034917734,0.0024642947224384104,True,-20.0,28.658956406076005,0.004536103763095806,True,-20.0,20.414155056810994,0.006368130331048245,True,-20.0,10.91533102180899,0.011909854107058972,True,-20.0,9.884530131761577,0.01315186440499342,True,-20.0,9.370172633784493,0.013873810556198329,True,-5081.647468956795,-20.0,-0.6000000000000005,98.82357588267945
2026-04-21,9.27,9.53,9.17,9.39,2526167.85,,AVAXUSDT_daily,CRYPTO,BINANCE,USDT,1,1,1,9.39,9.39,9.39,0.28100337141994963,1937,0.0,0.5,1,-20.0,52.75343034917734,0.0024642947224384104,True,-20.0,28.658956406076005,0.004536103763095806,True,-20.0,20.414155056810994,0.006368130331048245,True,-20.0,10.91533102180899,0.011909854107058972,True,-20.0,9.884530131761577,0.01315186440499342,True,-20.0,9.370172633784493,0.013873810556198329,True,-5049.634310439831,-20.0,-0.2588996763754059,98.56467620630404
2026-04-22,9.4,9.68,9.33,9.33,2632701.83,,AVAXUSDT_daily,CRYPTO,BINANCE,USDT,1,1,1,9.33,9.33,9.33,0.2547955837258894,1938,0.0,0.5,1,-20.0,52.75343034917734,0.0024642947224384104,True,-20.0,28.658956406076005,0.004536103763095806,True,-20.0,20.414155056810994,0.006368130331048245,True,-20.0,10.91533102180899,0.011909854107058972,True,-20.0,9.884530131761577,0.01315186440499342,True,-20.0,9.370172633784493,0.013873810556198329,True,-5066.022317333391,-20.0,0.12779552715655118,98.6924717334606
2026-04-23,9.33,9.45,9.16,9.38,2441918.23,,AVAXUSDT_daily,CRYPTO,BINANCE,USDT,1,1,1,9.38,9.38,9.38,0.23966204277976882,1939,0.0,0.5,1,20.0,52.75343034917734,0.0024642947224384104,True,-6.606417016723598,28.658956406076005,0.004536103763095806,True,-20.0,20.414155056810994,0.006368130331048245,True,-20.0,10.91533102180899,0.011909854107058972,True,-20.0,9.884530131761577,0.01315186440499342,True,-20.0,9.370172633784493,0.013873810556198329,True,-5052.198949904393,-14.09835826853983,-0.10718113612004476,98.58529059734055
2026-04-24,9.39,9.48,9.28,9.4,1285732.01,,AVAXUSDT_daily,CRYPTO,BINANCE,USDT,1,1,1,9.4,9.4,9.4,0.2282951690751547,1940,0.0,0.5,1,20.0,52.75343034917734,0.0024642947224384104,True,20.0,28.658956406076005,0.004536103763095806,True,-16.212728405189683,20.414155056810994,0.006368130331048245,True,-20.0,10.91533102180899,0.011909854107058972,True,-20.0,9.884530131761577,0.01315186440499342,True,-20.0,9.370172633784493,0.013873810556198329,True,-5046.583404738105,-7.6650275124318155,-0.030060465391342113,98.5552301319492
2026-04-25,9.4,9.5,9.28,9.36,988627.53,,AVAXUSDT_daily,CRYPTO,BINANCE,USDT,1,1,1,9.36,9.36,9.36,0.21940769552281125,1941,0.0,0.5,1,11.435779492397796,52.75343034917734,0.0024642947224384104,True,16.39408729252005,28.658956406076005,0.004536103763095806,True,-17.41888714709935,20.414155056810994,0.006368130331048245,True,-20.0,10.91533102180899,0.011909854107058972,True,-20.0,9.884530131761577,0.01315186440499342,True,-20.0,9.370172633784493,0.013873810556198329,True,-5058.054248634032,-10.496342643328418,0.03261713835077458,98.58784727029997
2026-04-26,9.36,9.55,9.31,9.45,1422096.89,,AVAXUSDT_daily,CRYPTO,BINANCE,USDT,1,1,1,9.45,9.45,9.45,0.19513760330353686,1942,0.0,0.5,1,20.0,52.75343034917734,0.0024642947224384104,True,20.0,28.658956406076005,0.004536103763095806,True,6.903256839760161,20.414155056810994,0.006368130331048245,True,-20.0,10.91533102180899,0.011909854107058972,True,-20.0,9.884530131761577,0.01315186440499342,True,-20.0,9.370172633784493,0.013873810556198329,True,-5032.088780628064,-2.7721439689174328,-0.1009263715704652,98.48692089872951
2026-04-27,9.46,9.57,9.08,9.27,1959769.48,,AVAXUSDT_daily,CRYPTO,BINANCE,USDT,1,1,1,9.27,9.27,9.27,0.19584835705180567,1943,0.0,0.5,1,-20.0,52.75343034917734,0.0024642947224384104,True,-20.0,28.658956406076005,0.004536103763095806,True,-20.0,20.414155056810994,0.006368130331048245,True,-20.0,10.91533102180899,0.011909854107058972,True,-20.0,9.884530131761577,0.01315186440499342,True,-20.0,9.370172633784493,0.013873810556198329,True,-5085.4802557724415,-20.0,0.05280274226509377,98.53972364099461
2026-04-28,9.26,9.28,9.11,9.17,1238580.9,,AVAXUSDT_daily,CRYPTO,BINANCE,USDT,1,1,1,9.17,9.17,9.17,0.18742788090046325,1944,0.0,0.5,1,-20.0,52.75343034917734,0.0024642947224384104,True,-20.0,28.658956406076005,0.004536103763095806,True,-20.0,20.414155056810994,0.006368130331048245,True,-20.0,10.91533102180899,0.011909854107058972,True,-20.0,9.884530131761577,0.01315186440499342,True,-20.0,9.370172633784493,0.013873810556198329,True,-5115.899290618724,-20.0,0.2157497303128353,98.75547337130745
2026-04-29,9.17,9.45,8.92,9.12,2244269.38,,AVAXUSDT_daily,CRYPTO,BINANCE,USDT,1,1,1,9.12,9.12,9.12,0.1954858993754515,1945,0.0,0.5,1,-20.0,52.75343034917734,0.0024642947224384104,True,-20.0,28.658956406076005,0.004536103763095806,True,-20.0,20.414155056810994,0.006368130331048245,True,-20.0,10.91533102180899,0.011909854107058972,True,-20.0,9.884530131761577,0.01315186440499342,True,-20.0,9.370172633784493,0.013873810556198329,True,-5131.440683267027,-20.0,0.10905125408942284,98.86452462539687
2026-04-30,9.12,9.23,9.05,9.09,1164480.51,,AVAXUSDT_daily,CRYPTO,BINANCE,USDT,1,1,1,9.09,9.09,9.09,0.20406139430108902,1946,0.0,0.5,1,-20.0,52.75343034917734,0.0024642947224384104,True,-20.0,28.658956406076005,0.004536103763095806,True,-20.0,20.414155056810994,0.006368130331048245,True,-20.0,10.91533102180899,0.011909854107058972,True,-20.0,9.884530131761577,0.01315186440499342,True,-20.0,9.370172633784493,0.013873810556198329,True,-5140.949795603552,-20.0,0.06578947368421018,98.93031409908107
2026-05-01,9.1,9.27,9.06,9.08,1184996.33,,AVAXUSDT_daily,CRYPTO,BINANCE,USDT,1,1,1,9.08,9.08,9.08,0.2119185543946962,1947,0.0,0.5,1,-20.0,52.75343034917734,0.0024642947224384104,True,-20.0,28.658956406076005,0.004536103763095806,True,-20.0,20.414155056810994,0.006368130331048245,True,-20.0,10.91533102180899,0.011909854107058972,True,-20.0,9.884530131761577,0.01315186440499342,True,-20.0,9.370172633784493,0.013873810556198329,True,-5144.17471925975,-20.0,0.02200220022002153,98.95231629930109
2026-05-02,9.09,9.25,9.06,9.18,818732.77,,AVAXUSDT_daily,CRYPTO,BINANCE,USDT,1,1,1,9.18,9.18,9.18,0.20337352208734213,1948,0.0,0.5,1,-20.0,52.75343034917734,0.0024642947224384104,True,-20.0,28.658956406076005,0.004536103763095806,True,-20.0,20.414155056810994,0.006368130331048245,True,-20.0,10.91533102180899,0.011909854107058972,True,-20.0,9.884530131761577,0.01315186440499342,True,-20.0,9.370172633784493,0.013873810556198329,True,-5111.883776842608,-20.0,-0.22026431718061623,98.73205198212047
2026-05-03,9.19,9.2,8.97,9.08,1301199.04,,AVAXUSDT_daily,CRYPTO,BINANCE,USDT,1,1,1,9.08,9.08,9.08,0.1955686715087251,1949,0.0,0.5,1,-20.0,52.75343034917734,0.0024642947224384104,True,-20.0,28.658956406076005,0.004536103763095806,True,-20.0,20.414155056810994,0.006368130331048245,True,-20.0,10.91533102180899,0.011909854107058972,True,-20.0,9.884530131761577,0.01315186440499342,True,-20.0,9.370172633784493,0.013873810556198329,True,-5144.9517285324455,-20.0,0.21786492374727517,98.94991690586774
2026-05-04,9.08,9.38,8.99,9.18,2651098.82,,AVAXUSDT_daily,CRYPTO,BINANCE,USDT,1,1,1,9.18,9.18,9.18,0.19752681366790087,1950,0.0,0.5,1,-20.0,52.75343034917734,0.0024642947224384104,True,-20.0,28.658956406076005,0.004536103763095806,True,-20.0,20.414155056810994,0.006368130331048245,True,-20.0,10.91533102180899,0.011909854107058972,True,-20.0,9.884530131761577,0.01315186440499342,True,-20.0,9.370172633784493,0.013873810556198329,True,-5111.860644589187,-20.0,-0.22026431718061623,98.72965258868712
2026-05-05,9.18,9.52,9.17,9.4,1941437.43,,AVAXUSDT_daily,CRYPTO,BINANCE,USDT,1,1,1,9.4,9.4,9.4,0.19658331570235216,1951,0.0,0.5,1,20.0,52.75343034917734,0.0024642947224384104,True,17.17953683253466,28.658956406076005,0.004536103763095806,True,-20.0,20.414155056810994,0.006368130331048245,True,-20.0,10.91533102180899,0.011909854107058972,True,-20.0,9.884530131761577,0.01315186440499342,True,-20.0,9.370172633784493,0.013873810556198329,True,-5040.822713596079,-9.063664703780164,-0.4793028322440085,98.25034975644311
2026-05-06,9.4,9.78,9.37,9.61,3142945.26,,AVAXUSDT_daily,CRYPTO,BINANCE,USDT,1,1,1,9.61,9.61,9.61,0.18409022390894933,1952,0.0,0.5,1,20.0,52.75343034917734,0.0024642947224384104,True,20.0,28.658956406076005,0.004536103763095806,True,3.1076672208823313,20.414155056810994,0.006368130331048245,True,-20.0,10.91533102180899,0.011909854107058972,True,-20.0,9.884530131761577,0.01315186440499342,True,-20.0,9.370172633784493,0.013873810556198329,True,-4974.29422967582,-3.5755437715799063,-0.20248612636104577,98.04786363008206
2026-05-07,9.61,9.7,9.45,9.61,1068206.06,,AVAXUSDT_daily,CRYPTO,BINANCE,USDT,1,1,1,9.61,9.61,9.61,0.1718169160592486,1953,0.0,0.5,1,20.0,52.75343034917734,0.0024642947224384104,True,20.0,28.658956406076005,0.004536103763095806,True,20.0,20.414155056810994,0.006368130331048245,True,-20.0,10.91533102180899,0.011909854107058972,True,-20.0,9.884530131761577,0.01315186440499342,True,-20.0,9.370172633784493,0.013873810556198329,True,-4974.29422967582,0.0,-0.0,98.04786363008206
