,Date,PX_OPEN,PX_HIGH,PX_LOW,PX_CLOSE_1D,PX_VOLUME,OPEN_INT,INSTRUMENT,SECTYPE,EXCHANGE,CRNCY,TICK_SIZE,TICK_VALUE,POINT_VALUE,CONTRACT_VALUE,near,far,st_dev,no_days,Standard Cost,Instrument_Weights,Exchange rate,eurusd,exchange_rate,point_value,stdev_lookback,stdev_decay,returns,sqreturns,price_diff,distance,net_exp_ret,variance,stdev,stdev_yearly,raw_carry,forecast_scalar,forecast,capped_forecast,forecast*returns,cum_series_carry,1%_move,block_value,ICV,IVV,Daily_Cash_Vol_Tgt,Volatility_Scalar,Subsystem_Pos,Target_Pos,Current_pos,trades_needed
0,02/01/2017,164.07,164.94,164.07,164.47,122958,1582558,RX1 Comdty,Future,EUX,EUR,0.01,10,1000,164470,164.47,161.25,0.7119644801902769,1,0.002,,1.1308,,1.1308,1000,36,0.05405405405405406,0.0,0.0,-3.219999999999999,0.08333333333333333,-38.639999999999986,,,,,30.0,,,,,1.6447,1644.7,711.964480190277,805.0894341991652,125000.0,155.26225372009685,,,,
1,03/01/2017,164.39,164.52,162.99,163.21,833312,1597333,RX1 Comdty,Future,EUX,EUR,0.01,10,1000,163210,163.21,159.96,0.7313021911199347,2,0.002,,1.1308,,1.1308,1000,36,0.05405405405405406,-1.259999999999991,1.587599999999977,-3.25,0.08333333333333333,-39.0,1.587599999999977,1.259999999999991,20.159999999999854,-1.9345238095238235,30.0,-58.035714285714704,-20.0,775.1999999999975,775.1999999999975,1.6321,1632.1000000000001,731.3021911199347,826.9565177184222,125000.0,151.15667791684587,-302.31335583369173,-302.0,,
2,04/01/2017,163.46,163.62,163.1,163.19,655358,1622321,RX1 Comdty,Future,EUX,EUR,0.01,10,1000,163190,163.19,159.96,0.7806911580199265,3,0.002,,1.1308,,1.1308,1000,36,0.05405405405405406,-0.020000000000010232,0.00040000000000040925,-3.2299999999999898,0.08333333333333333,-38.75999999999988,1.5018054054053835,1.225481703415185,19.60770725464296,-1.9767736990678395,30.0,-59.30321097203519,-20.0,780.0,1555.1999999999975,1.6319,1631.8999999999999,780.6911580199265,882.805561488933,125000.0,141.59403321970012,-283.18806643940025,-283.0,-302.31335583369173,19.0
3,05/01/2017,163.51,163.74,162.81,163.54,1019510,1645574,RX1 Comdty,Future,EUX,EUR,0.01,10,1000,163540,163.54,160.29,0.7667834388569079,4,0.002,,1.1308,,1.1308,1000,36,0.05405405405405406,0.3499999999999943,0.12249999999999601,-3.25,0.08333333333333333,-39.0,1.427248356464552,1.1946750003513724,19.11480000562196,-2.040303847726866,30.0,-61.20911543180598,-20.0,772.7999999999997,2327.9999999999973,1.6354,1635.3999999999999,766.7834388569079,867.0787126593915,125000.0,144.1622290744703,-288.3244581489406,-288.0,-283.18806643940025,-5.0
4,06/01/2017,163.64,163.67,162.67,162.84,636677,1662473,RX1 Comdty,Future,EUX,EUR,0.01,10,1000,162840,162.84,159.62,0.7686370370576756,5,0.002,,1.1308,,1.1308,1000,36,0.05405405405405406,-0.6999999999999886,0.48999999999998406,-3.219999999999999,0.08333333333333333,-38.639999999999986,1.3765862831421427,1.173280138390718,18.77248221425149,-2.058331954133678,30.0,-61.74995862401035,-20.0,765.5999999999995,3093.5999999999967,1.6284,1628.4,768.6370370576756,869.1747615048196,125000.0,143.81457623503127,-287.62915247006254,-288.0,-288.3244581489406,1.0
5,09/01/2017,162.7,163.33,162.47,162.95,599720,1691151,RX1 Comdty,Future,EUX,EUR,0.01,10,1000,162950,162.95,159.76,0.7740493320331813,6,0.002,,1.1308,,1.1308,1000,36,0.05405405405405406,0.10999999999998522,0.012099999999996749,-3.1899999999999977,0.08333333333333333,-38.27999999999997,1.3028302678371617,1.141415904846766,18.262654477548256,-2.096080832447476,30.0,-62.88242497342428,-20.0,765.5999999999995,3859.199999999996,1.6295,1629.5,774.0493320331813,875.2949846631213,125000.0,142.80899832655766,-285.6179966531153,-286.0,-287.62915247006254,2.0
6,10/01/2017,163.14,163.36,162.92,163.12,617957,1688904,RX1 Comdty,Future,EUX,EUR,0.01,10,1000,163120,163.12,159.93,0.7828038337318144,7,0.002,,1.1308,,1.1308,1000,36,0.05405405405405406,0.17000000000001592,0.02890000000000541,-3.1899999999999977,0.08333333333333333,-38.27999999999997,1.2339691722783965,1.110841650406752,17.77346640650803,-2.153772321306054,30.0,-64.61316963918162,-20.0,760.799999999997,4619.999999999993,1.6312,1631.2,782.8038337318144,885.1945751839357,125000.0,141.21189115288703,-282.42378230577407,-282.0,-285.6179966531153,3.0
7,11/01/2017,163.16,163.98,163.04,163.48,906802,1701820,RX1 Comdty,Future,EUX,EUR,0.01,10,1000,163480,163.48,160.31,0.8344836096274209,8,0.002,,1.1308,,1.1308,1000,36,0.05405405405405406,0.3599999999999852,0.12959999999998936,-3.1699999999999875,0.08333333333333333,-38.03999999999985,1.1742735413444285,1.0836390272338978,17.338224435742365,-2.19399628497029,30.0,-65.8198885491087,-20.0,755.9999999999945,5375.999999999987,1.6348,1634.8,834.4836096274208,943.6340657666875,125000.0,132.46660388255432,-264.93320776510865,-265.0,-282.42378230577407,17.0
8,12/01/2017,163.86,164.19,163.52,163.89,821923,1700349,RX1 Comdty,Future,EUX,EUR,0.01,10,1000,163890,163.89,160.74,0.8609962100289296,9,0.002,,1.1308,,1.1308,1000,36,0.05405405405405406,0.4099999999999966,0.1680999999999972,-3.1499999999999773,0.08333333333333333,-37.79999999999973,1.1198857823528376,1.0582465602839621,16.931944964543394,-2.2324665051271673,30.0,-66.97399515381503,-20.0,753.5999999999967,6129.599999999984,1.6388999999999998,1638.8999999999999,860.9962100289296,973.6145143007136,125000.0,128.3875683486289,-256.7751366972578,-257.0,-264.93320776510865,8.0
9,13/01/2017,163.52,164.04,163.14,163.41,746655,1704686,RX1 Comdty,Future,EUX,EUR,0.01,10,1000,163410,163.41,160.27,0.88615001106203,10,0.002,,1.1308,,1.1308,1000,36,0.05405405405405406,-0.47999999999998977,0.23039999999999017,-3.1399999999999864,0.08333333333333333,-37.679999999999836,1.0718054697932242,1.0352803822120964,16.564486115393542,-2.2747460885601174,30.0,-68.24238265680353,-20.0,756.0000000000014,6885.599999999986,1.6341,1634.1000000000001,886.15001106203,1002.0584325089435,125000.0,124.7432244914364,-249.4864489828728,-249.0,-256.7751366972578,7.0
10,16/01/2017,163.83,163.92,163.39,163.58,455940,1703018,RX1 Comdty,Future,EUX,EUR,0.01,10,1000,163580,163.58,160.43,0.894958246600291,11,0.002,,1.1308,,1.1308,1000,36,0.05405405405405406,0.17000000000001592,0.02890000000000541,-3.1500000000000057,0.08333333333333333,-37.80000000000007,1.0154322011557528,1.007686558983374,16.122984943733982,-2.3444790236990585,30.0,-70.33437071097175,-20.0,760.8000000000038,7646.39999999999,1.6358000000000001,1635.8000000000002,894.958246600291,1012.018785255609,125000.0,123.5154938042265,-247.03098760845302,-247.0,-249.4864489828728,2.0
11,17/01/2017,163.73,164.45,163.71,163.9,877774,1718181,RX1 Comdty,Future,EUX,EUR,0.01,10,1000,163900,163.9,160.73,0.8713442428074291,12,0.002,,1.1308,,1.1308,1000,36,0.05405405405405406,0.3199999999999932,0.10239999999999563,-3.170000000000016,0.08333333333333333,-38.04000000000019,0.9660791092013876,0.982893233877102,15.726291742033633,-2.4188792007670767,30.0,-72.5663760230123,-20.0,755.9999999999945,8402.399999999983,1.639,1639.0,871.344242807429,985.3160697666408,125000.0,126.86284516764718,-253.72569033529436,-254.0,-247.03098760845302,-7.0
12,18/01/2017,163.81,163.82,163.04,163.42,789279,1719604,RX1 Comdty,Future,EUX,EUR,0.01,10,1000,163420,163.42,160.27,0.8674176739337284,13,0.002,,1.1308,,1.1308,1000,36,0.05405405405405406,-0.4800000000000182,0.23040000000001745,-3.1499999999999773,0.08333333333333333,-37.79999999999973,0.9263126708661784,0.9624513862352625,15.3992221797642,-2.4546694345167595,30.0,-73.64008303550278,-20.0,753.6000000000035,9155.999999999987,1.6341999999999999,1634.1999999999998,867.4176739337283,980.87590568426,125000.0,127.43711949250081,-254.87423898500165,-255.0,-253.72569033529436,-1.0
13,19/01/2017,163.0,163.15,162.62,163.03,870073,1724167,RX1 Comdty,Future,EUX,EUR,0.01,10,1000,163030,163.03,159.89,0.896338164569116,14,0.002,,1.1308,,1.1308,1000,36,0.05405405405405406,-0.38999999999998636,0.15209999999998935,-3.140000000000015,0.08333333333333333,-37.68000000000018,0.8844633373058439,0.9404591098531844,15.04734575765095,-2.5040961114913878,30.0,-75.12288334474164,-20.0,753.5999999999967,9909.599999999984,1.6303,1630.3000000000002,896.338164569116,1013.5791964947564,125000.0,123.32534096229023,-246.65068192458048,-247.0,-254.87423898500165,8.0
14,20/01/2017,163.18,163.28,162.2,162.29,726842,1728202,RX1 Comdty,Future,EUX,EUR,0.01,10,1000,162290,162.29,159.15,0.9511455696878524,15,0.002,,1.1308,,1.1308,1000,36,0.05405405405405406,-0.7400000000000091,0.5476000000000134,-3.1399999999999864,0.08333333333333333,-37.679999999999836,0.8662545082622856,0.9307279453536815,14.891647125658904,-2.5302775228319563,30.0,-75.90832568495868,-20.0,756.0000000000014,10665.599999999986,1.6229,1622.9,951.1455696878523,1075.5554102030235,125000.0,116.21902397051288,-232.43804794102576,-232.0,-246.65068192458048,14.0
15,23/01/2017,162.77,163.38,162.45,163.13,794009,1708741,RX1 Comdty,Future,EUX,EUR,0.01,10,1000,163130,163.13,159.98,1.0174181720620603,16,0.002,,1.1308,,1.1308,1000,36,0.05405405405405406,0.8400000000000034,0.7056000000000058,-3.1500000000000057,0.08333333333333333,-37.80000000000007,0.8575704807886488,0.9260510141394203,14.816816226230724,-2.5511553509775884,30.0,-76.53466052932765,-20.0,751.1999999999989,11416.799999999985,1.6313,1631.3,1017.4181720620603,1150.496468967778,125000.0,108.64874719011492,-217.2974943802298,-217.0,-232.43804794102576,15.0
16,24/01/2017,163.14,163.23,162.48,162.76,723034,1715412,RX1 Comdty,Future,EUX,EUR,0.01,10,1000,162760,162.76,159.63,1.0598306716790142,17,0.002,,1.1308,,1.1308,1000,36,0.05405405405405406,-0.37000000000000455,0.13690000000000335,-3.1299999999999955,0.08333333333333333,-37.559999999999945,0.8186153196649383,0.9047736289619289,14.476378063390863,-2.5945716418518368,30.0,-77.8371492555551,-20.0,748.8000000000011,12165.599999999986,1.6276,1627.6,1059.8306716790141,1198.4565235346292,125000.0,104.30082155282135,-208.6016431056427,-209.0,-217.2974943802298,9.0
17,25/01/2017,162.44,162.49,161.52,161.76,1048098,1741948,RX1 Comdty,Future,EUX,EUR,0.01,10,1000,161760,161.76,158.64,1.0875780673733821,18,0.002,,1.1308,,1.1308,1000,36,0.05405405405405406,-1.0,1.0,-3.1200000000000045,0.08333333333333333,-37.440000000000055,0.828419896980347,0.9101757506000404,14.562812009600647,-2.5709320408254563,30.0,-77.1279612247637,-20.0,746.4000000000033,12911.999999999989,1.6176,1617.6,1087.578067373382,1229.8332785858204,125000.0,101.63979311385762,-203.27958622771524,-203.0,-208.6016431056427,5.0
18,26/01/2017,161.6,161.88,161.31,161.43,875402,1719559,RX1 Comdty,Future,EUX,EUR,0.01,10,1000,161430,161.43,158.32,1.117572086453996,19,0.002,,1.1308,,1.1308,1000,36,0.05405405405405406,-0.3299999999999841,0.10889999999998949,-3.1100000000000136,0.08333333333333333,-37.320000000000164,0.7895269295760033,0.888553278974313,14.216852463589008,-2.6250536182731703,30.0,-78.75160854819511,-20.0,746.3999999999965,13658.399999999985,1.6143,1614.3000000000002,1117.572086453996,1263.7505153621787,125000.0,98.91192801150012,-197.82385602300025,-198.0,-203.27958622771524,5.0
19,27/01/2017,161.54,161.93,161.49,161.85,699866,1720039,RX1 Comdty,Future,EUX,EUR,0.01,10,1000,161850,161.85,158.74,1.2026282621168654,20,0.002,,1.1308,,1.1308,1000,36,0.05405405405405406,0.4199999999999875,0.17639999999998948,-3.109999999999985,0.08333333333333333,-37.31999999999982,0.7563849333827053,0.8697039343263345,13.915262949221352,-2.681947163785943,30.0,-80.4584149135783,-20.0,746.3999999999965,14404.799999999981,1.6185,1618.5,1202.6282621168652,1359.9320388017513,125000.0,91.91635790133944,-183.83271580267888,-184.0,-197.82385602300025,14.0
20,30/01/2017,161.93,162.22,161.35,162.07,814240,1708279,RX1 Comdty,Future,EUX,EUR,0.01,10,1000,162070,162.07,158.96,0.7119644801902769,21,0.002,,1.1308,,1.1308,1000,36,0.05405405405405406,0.21999999999999886,0.0483999999999995,-3.109999999999985,0.08333333333333333,-37.31999999999982,0.7181154775241807,0.8474169443220856,13.55867110915337,-2.752482134831439,30.0,-82.57446404494317,-20.0,748.8000000000011,15153.599999999982,1.6207,1620.7,711.964480190277,805.0894341991652,125000.0,155.26225372009685,-310.5245074401937,-311.0,-183.83271580267888,-127.0
21,31/01/2017,162.07,162.29,161.49,162.13,1001325,1717559,RX1 Comdty,Future,EUX,EUR,0.01,10,1000,162130,162.13,159.01,0.7313021911199347,22,0.002,,1.1308,,1.1308,1000,36,0.05405405405405406,0.060000000000002274,0.0036000000000002727,-3.1200000000000045,0.08333333333333333,-37.440000000000055,0.6794930192796304,0.8243136655907327,13.189018649451723,-2.8387252300652754,30.0,-85.16175690195826,-20.0,751.2000000000057,15904.799999999988,1.6213,1621.3,731.3021911199347,826.9565177184222,125000.0,151.15667791684587,-302.31335583369173,-302.0,-310.5245074401937,8.0
22,01/02/2017,161.9,162.02,161.51,161.61,737846,1700070,RX1 Comdty,Future,EUX,EUR,0.01,10,1000,161610,161.61,158.48,0.7806911580199265,23,0.002,,1.1308,,1.1308,1000,36,0.05405405405405406,-0.5199999999999818,0.2703999999999811,-3.130000000000024,0.08333333333333333,-37.56000000000029,0.6573798831023521,0.8107896663761521,12.972634662018434,-2.8953255046925266,30.0,-86.85976514077579,-20.0,751.1999999999989,16655.999999999985,1.6161,1616.1000000000001,780.6911580199265,882.805561488933,125000.0,141.59403321970012,-283.18806643940025,-283.0,-302.31335583369173,19.0
23,02/02/2017,161.94,162.56,161.63,162.37,856473,1691350,RX1 Comdty,Future,EUX,EUR,0.01,10,1000,162370,162.37,159.24,0.7667834388569079,24,0.002,,1.1308,,1.1308,1000,36,0.05405405405405406,0.7599999999999909,0.5775999999999861,-3.1299999999999955,0.08333333333333333,-37.559999999999945,0.6530674569887107,0.8081258917945339,12.930014268712542,-2.9048691841652423,30.0,-87.14607552495727,-20.0,751.1999999999989,17407.199999999983,1.6237000000000001,1623.7,766.7834388569079,867.0787126593915,125000.0,144.1622290744703,-288.3244581489406,-288.0,-283.18806643940025,-5.0
24,03/02/2017,162.15,162.68,162.01,162.49,657266,1685955,RX1 Comdty,Future,EUX,EUR,0.01,10,1000,162490,162.49,159.36,0.7686370370576756,25,0.002,,1.1308,,1.1308,1000,36,0.05405405405405406,0.12000000000000455,0.01440000000000109,-3.1299999999999955,0.08333333333333333,-37.559999999999945,0.6185448917460777,0.7864762499567789,12.583619999308462,-2.9848326635788487,30.0,-89.54497990736546,-20.0,753.5999999999967,18160.79999999998,1.6249000000000002,1624.9000000000003,768.6370370576756,869.1747615048196,125000.0,143.81457623503127,-287.62915247006254,-288.0,-288.3244581489406,1.0
25,06/02/2017,162.5,163.48,162.44,163.19,938640,1713899,RX1 Comdty,Future,EUX,EUR,0.01,10,1000,163190,163.19,160.05,0.7740493320331813,26,0.002,,1.1308,,1.1308,1000,36,0.05405405405405406,0.6999999999999886,0.48999999999998406,-3.1399999999999864,0.08333333333333333,-37.679999999999836,0.611596519219262,0.7820463664126712,12.51274186260274,-3.011330403339922,30.0,-90.33991210019767,-20.0,763.2000000000016,18923.99999999998,1.6319,1631.8999999999999,774.0493320331813,875.2949846631213,125000.0,142.80899832655766,-285.6179966531153,-286.0,-287.62915247006254,2.0
26,07/02/2017,163.49,163.74,162.97,163.38,965267,1705739,RX1 Comdty,Future,EUX,EUR,0.01,10,1000,163380,163.38,160.2,0.7828038337318144,27,0.002,,1.1308,,1.1308,1000,36,0.05405405405405406,0.18999999999999773,0.03609999999999913,-3.180000000000007,0.08333333333333333,-38.16000000000008,0.5804885992614639,0.761898024187925,12.1903683870068,-3.1303401823913064,30.0,-93.91020547173919,-20.0,767.9999999999973,19691.999999999978,1.6338,1633.8,782.8038337318144,885.1945751839357,125000.0,141.21189115288703,-282.42378230577407,-282.0,-285.6179966531153,3.0
27,08/02/2017,163.53,164.41,163.44,164.22,993921,1701976,RX1 Comdty,Future,EUX,EUR,0.01,10,1000,164220,164.22,161.02,0.8344836096274209,28,0.002,,1.1308,,1.1308,1000,36,0.05405405405405406,0.8400000000000034,0.7056000000000058,-3.1999999999999886,0.08333333333333333,-38.399999999999864,0.5872513776797634,0.7663232853566199,12.261172565705918,-3.131837497125141,30.0,-93.95512491375423,-20.0,772.7999999999997,20464.799999999977,1.6422,1642.2,834.4836096274208,943.6340657666875,125000.0,132.46660388255432,-264.93320776510865,-265.0,-282.42378230577407,17.0
28,09/02/2017,164.21,164.46,163.97,164.23,771865,1715433,RX1 Comdty,Future,EUX,EUR,0.01,10,1000,164230,164.23,161.01,0.8609962100289296,29,0.002,,1.1308,,1.1308,1000,36,0.05405405405405406,0.009999999999990905,9.99999999998181e-05,-3.219999999999999,0.08333333333333333,-38.639999999999986,0.5555134653727491,0.745327757012141,11.925244112194257,-3.240185243712398,30.0,-97.20555731137195,-20.0,770.4000000000019,21235.19999999998,1.6422999999999999,1642.3,860.9962100289296,973.6145143007136,125000.0,128.3875683486289,-256.7751366972578,-257.0,-264.93320776510865,8.0
29,10/02/2017,163.96,164.17,163.76,163.91,639537,1730715,RX1 Comdty,Future,EUX,EUR,0.01,10,1000,163910,163.91,160.7,0.88615001106203,30,0.002,,1.1308,,1.1308,1000,36,0.05405405405405406,-0.3199999999999932,0.10239999999999563,-3.210000000000008,0.08333333333333333,-38.520000000000095,0.5310208456228706,0.7287117712942961,11.659388340708738,-3.3037753674871237,30.0,-99.1132610246137,-20.0,767.9999999999973,22003.199999999975,1.6391,1639.1,886.15001106203,1002.0584325089435,125000.0,124.7432244914364,-249.4864489828728,-249.0,-256.7751366972578,7.0
30,13/02/2017,163.93,164.03,163.68,163.76,512868,1743253,RX1 Comdty,Future,EUX,EUR,0.01,10,1000,163760,163.76,160.56,0.894958246600291,31,0.002,,1.1308,,1.1308,1000,36,0.05405405405405406,-0.15000000000000568,0.022500000000001706,-3.1999999999999886,0.08333333333333333,-38.399999999999864,0.5035332323459587,0.7096007555984976,11.353612089575961,-3.3821835462615355,30.0,-101.46550638784606,-20.0,767.9999999999973,22771.19999999997,1.6376,1637.6,894.958246600291,1012.018785255609,125000.0,123.5154938042265,-247.03098760845302,-247.0,-249.4864489828728,2.0
31,14/02/2017,163.97,164.07,163.26,163.42,740039,1754219,RX1 Comdty,Future,EUX,EUR,0.01,10,1000,163420,163.42,160.22,0.8713442428074291,32,0.002,,1.1308,,1.1308,1000,36,0.05405405405405406,-0.3400000000000034,0.11560000000000233,-3.1999999999999886,0.08333333333333333,-38.399999999999864,0.48256386843536647,0.6946681714569672,11.114690743311476,-3.45488694978832,30.0,-103.64660849364961,-20.0,765.5999999999995,23536.79999999997,1.6341999999999999,1634.1999999999998,871.344242807429,985.3160697666408,125000.0,126.86284516764718,-253.72569033529436,-254.0,-247.03098760845302,-7.0
32,15/02/2017,163.52,163.55,163.13,163.3,665674,1746602,RX1 Comdty,Future,EUX,EUR,0.01,10,1000,163300,163.3,160.11,0.8674176739337284,33,0.002,,1.1308,,1.1308,1000,36,0.05405405405405406,-0.11999999999997613,0.01439999999999427,-3.1899999999999977,0.08333333333333333,-38.27999999999997,0.4572577133848058,0.6762083357847682,10.819333372556292,-3.5381107765011524,30.0,-106.14332329503458,-20.0,765.5999999999995,24302.39999999997,1.6330000000000002,1633.0000000000002,867.4176739337283,980.87590568426,125000.0,127.43711949250081,-254.87423898500165,-255.0,-253.72569033529436,-1.0
33,16/02/2017,163.48,163.88,163.32,163.84,754372,1748981,RX1 Comdty,Future,EUX,EUR,0.01,10,1000,163840,163.84,160.65,0.896338164569116,34,0.002,,1.1308,,1.1308,1000,36,0.05405405405405406,0.539999999999992,0.2915999999999914,-3.1899999999999977,0.08333333333333333,-38.27999999999997,0.44830324239103203,0.6695545103955555,10.712872166328888,-3.5732714257821536,30.0,-107.19814277346461,-20.0,768.0000000000041,25070.399999999972,1.6384,1638.4,896.338164569116,1013.5791964947564,125000.0,123.32534096229023,-246.65068192458048,-247.0,-254.87423898500165,8.0
34,17/02/2017,163.79,164.64,163.62,164.43,751339,1742367,RX1 Comdty,Future,EUX,EUR,0.01,10,1000,164430,164.43,161.23,0.9511455696878524,35,0.002,,1.1308,,1.1308,1000,36,0.05405405405405406,0.5900000000000034,0.348100000000004,-3.200000000000017,0.08333333333333333,-38.400000000000205,0.4428868509104359,0.6654974462088009,10.647959139340815,-3.606324883246823,30.0,-108.1897464974047,-20.0,768.0000000000041,25838.399999999976,1.6443,1644.3000000000002,951.1455696878523,1075.5554102030235,125000.0,116.21902397051288,-232.43804794102576,-232.0,-246.65068192458048,14.0
35,20/02/2017,164.28,164.68,164.18,164.58,597814,1722583,RX1 Comdty,Future,EUX,EUR,0.01,10,1000,164580,164.58,161.38,1.0174181720620603,36,0.002,,1.1308,,1.1308,1000,36,0.05405405405405406,0.15000000000000568,0.022500000000001706,-3.200000000000017,0.08333333333333333,-38.400000000000205,0.4201632373477097,0.6481999979541112,10.37119996726578,-3.702560949668375,30.0,-111.07682849005126,-20.0,765.5999999999995,26603.999999999975,1.6458000000000002,1645.8000000000002,1017.4181720620603,1150.496468967778,125000.0,108.64874719011492,-217.2974943802298,-217.0,-232.43804794102576,15.0
36,21/02/2017,164.57,164.64,164.09,164.41,692504,1701228,RX1 Comdty,Future,EUX,EUR,0.01,10,1000,164410,164.41,161.22,1.0598306716790142,37,0.002,,1.1308,,1.1308,1000,36,0.05405405405405406,-0.17000000000001592,0.02890000000000541,-3.1899999999999977,0.08333333333333333,-38.27999999999997,0.3990138731667527,0.6316754492354065,10.106807187766504,-3.78754628329458,30.0,-113.6263884988374,-20.0,770.4000000000019,27374.399999999976,1.6441,1644.1,1059.8306716790141,1198.4565235346292,125000.0,104.30082155282135,-208.6016431056427,-209.0,-217.2974943802298,9.0
37,22/02/2017,164.35,165.53,164.31,164.99,1140900,1712331,RX1 Comdty,Future,EUX,EUR,0.01,10,1000,164990,164.99,161.78,1.0875780673733821,38,0.002,,1.1308,,1.1308,1000,36,0.05405405405405406,0.5800000000000125,0.3364000000000145,-3.210000000000008,0.08333333333333333,-38.520000000000095,0.39562933948206414,0.6289907308395444,10.06385169343271,-3.8275603788097152,30.0,-114.82681136429146,-20.0,777.5999999999954,28151.99999999997,1.6499000000000001,1649.9,1087.578067373382,1229.8332785858204,125000.0,101.63979311385762,-203.27958622771524,-203.0,-208.6016431056427,5.0
38,23/02/2017,165.1,165.8,164.84,165.64,781978,1693507,RX1 Comdty,Future,EUX,EUR,0.01,10,1000,165640,165.64,162.4,1.117572086453996,39,0.002,,1.1308,,1.1308,1000,36,0.05405405405405406,0.6499999999999773,0.42249999999997045,-3.2399999999999807,0.08333333333333333,-38.87999999999977,0.39708180761816714,0.630144275240335,10.08230840384536,-3.856259741585673,30.0,-115.68779224757019,-20.0,782.4000000000046,28934.399999999976,1.6563999999999999,1656.3999999999999,1117.572086453996,1263.7505153621787,125000.0,98.91192801150012,-197.82385602300025,-198.0,-203.27958622771524,5.0
39,24/02/2017,165.72,166.4,165.6,166.21,841355,1651201,RX1 Comdty,Future,EUX,EUR,0.01,10,1000,166210,166.21,162.95,1.2026282621168654,40,0.002,,1.1308,,1.1308,1000,36,0.05405405405405406,0.5700000000000216,0.3249000000000246,-3.2600000000000193,0.08333333333333333,-39.12000000000023,0.3931800882874567,0.6270407389376361,10.032651823002178,-3.8992681785595877,30.0,-116.97804535678763,-20.0,777.6000000000022,29711.999999999978,1.6621000000000001,1662.1000000000001,1202.6282621168652,1359.9320388017513,125000.0,91.91635790133944,-183.83271580267888,-184.0,-197.82385602300025,14.0
40,27/02/2017,166.22,166.32,165.9,166.08,640091,1624074,RX1 Comdty,Future,EUX,EUR,0.01,10,1000,166080,166.08,162.84,1.2483946533554513,41,0.002,,1.1308,,1.1308,1000,36,0.05405405405405406,-0.12999999999999545,0.01689999999999882,-3.240000000000009,0.08333333333333333,-38.88000000000011,0.37284062405570223,0.6106067671224273,9.769708273958837,-3.9796480007120345,30.0,-119.38944002136104,-20.0,777.6000000000022,30489.59999999998,1.6608,1660.8,1248.3946533554513,1411.6846740143444,125000.0,88.54668631100394,-177.09337262200788,-177.0,-183.83271580267888,7.0
41,28/02/2017,166.04,166.22,165.7,166.05,964851,1528464,RX1 Comdty,Future,EUX,EUR,0.01,10,1000,166050,166.05,162.81,1.261955354119021,42,0.002,,1.1308,,1.1308,1000,36,0.05405405405405406,-0.030000000000001137,0.0009000000000000682,-3.240000000000009,0.08333333333333333,-38.88000000000011,0.3527357254580967,0.5939155878221221,9.502649405153953,-4.091490524622824,30.0,-122.7447157386847,-20.0,775.2000000000044,31264.799999999985,1.6605,1660.5,1261.955354119021,1427.0191144377889,125000.0,87.59518266806607,-175.19036533613215,-175.0,-177.09337262200788,2.0
42,01/03/2017,165.78,165.9,164.75,164.93,1406475,1372386,RX1 Comdty,Future,EUX,EUR,0.01,10,1000,164930,164.93,161.7,1.1276257077782144,43,0.002,,1.1308,,1.1308,1000,36,0.05405405405405406,-1.1200000000000045,1.2544000000000102,-3.230000000000018,0.08333333333333333,-38.76000000000022,0.40147433489279477,0.6336200240623672,10.137920384997875,-3.8232693223116434,30.0,-114.6980796693493,-20.0,770.4000000000019,32035.199999999986,1.6493000000000002,1649.3000000000002,1127.6257077782143,1275.1191503556047,125000.0,98.03005465421805,-196.0601093084361,-196.0,-175.19036533613215,-21.0
43,02/03/2017,164.99,164.99,164.42,164.61,1294596,1163974,RX1 Comdty,Future,EUX,EUR,0.01,10,1000,164610,164.61,161.4,1.0363715803860152,44,0.002,,1.1308,,1.1308,1000,36,0.05405405405405406,-0.3199999999999932,0.10239999999999563,-3.210000000000008,0.08333333333333333,-38.520000000000095,0.38530815462831913,0.6207319507068403,9.931711211309445,-3.878485709102836,30.0,-116.35457127308509,-20.0,784.7999999999956,32819.999999999985,1.6461000000000001,1646.1000000000001,1036.3715803860152,1171.928983100506,125000.0,106.66175323123642,-213.32350646247284,-213.0,-196.0601093084361,-17.0
44,03/03/2017,161.59,161.6,160.63,160.71,1535914,1224904,RX1 Comdty,Future,EUX,EUR,0.01,10,1000,160710,163.98,160.71,1.2598683097431072,45,0.002,,1.1308,,1.1308,1000,36,0.05405405405405406,-0.6300000000000239,0.39690000000003006,-3.269999999999982,0.08333333333333333,-39.23999999999978,0.38593474086462787,0.6212364613129431,9.93978338100709,-3.947772149137522,30.0,-118.43316447412566,-20.0,770.4000000000019,33590.39999999999,1.6398,1639.8,1259.8683097431071,1424.6590846575057,125000.0,87.74028913032942,-175.48057826065883,-175.0,-213.32350646247284,38.0
45,06/03/2017,160.91,161.29,160.81,160.88,1264538,1640121,RX1 Comdty,Future,EUX,EUR,0.01,10,1000,160880,164.09,160.88,1.4569286367670096,46,0.002,,1.1308,,1.1308,1000,36,0.05405405405405406,0.11000000000001364,0.012100000000003,-3.210000000000008,0.08333333333333333,-38.520000000000095,0.36572745757464814,0.6047540471750876,9.676064754801402,-3.9809572358314282,30.0,-119.42871707494285,-20.0,741.599999999994,34331.99999999998,1.6409,1640.9,1456.9286367670095,1647.4949024561345,125000.0,75.87276890122469,-151.74553780244938,-152.0,-175.48057826065883,24.0
46,07/03/2017,160.92,161.55,160.84,161.3,955361,1688652,RX1 Comdty,Future,EUX,EUR,0.01,10,1000,161300,164.39,161.3,1.585528303121762,47,0.002,,1.1308,,1.1308,1000,36,0.05405405405405406,0.29999999999998295,0.08999999999998977,-3.089999999999975,0.08333333333333333,-37.0799999999997,0.35082327067872066,0.5923033603473145,9.476853765557031,-3.9126909539075503,30.0,-117.38072861722651,-20.0,840.0,35171.99999999998,1.6439,1643.8999999999999,1585.528303121762,1792.9154051700887,125000.0,69.71884989082439,-139.43769978164877,-139.0,-151.74553780244938,12.0
47,08/03/2017,161.27,161.29,160.46,160.5,731439,1700160,RX1 Comdty,Future,EUX,EUR,0.01,10,1000,160500,164.0,160.5,1.774553761550129,48,0.002,,1.1308,,1.1308,1000,36,0.05405405405405406,-0.38999999999998636,0.15209999999998935,-3.5,0.08333333333333333,-42.0,0.3400814722636541,0.5831650471896049,9.330640755033679,-4.501298582023095,30.0,-135.03895746069284,-20.0,-326.39999999999645,34845.599999999984,1.6400000000000001,1640.0000000000002,1774.553761550129,2006.6653935608858,125000.0,62.29239832465735,-124.5847966493147,-125.0,-139.43769978164877,15.0
48,09/03/2017,160.53,160.66,159.57,159.99,921291,1680580,RX1 Comdty,Future,EUX,EUR,0.01,10,1000,159990,159.99,161.35,1.9737597038193726,49,0.002,,1.1308,,1.1308,1000,36,0.05405405405405406,-4.009999999999991,16.080099999999927,1.3599999999999852,0.08333333333333333,16.319999999999823,1.190893284573723,1.0912805709686777,17.460489135498843,0.9346817190143719,30.0,28.04045157043116,20.0,328.8000000000011,35174.39999999999,1.5999,1599.9,1973.7597038193726,2231.9274730789466,125000.0,56.0054040768459,112.0108081536918,112.0,-124.5847966493147,237.0
49,10/03/2017,159.63,159.85,158.87,159.01,941355,1681650,RX1 Comdty,Future,EUX,EUR,0.01,10,1000,159010,159.01,160.38,2.2307058123053047,50,0.002,,1.1308,,1.1308,1000,36,0.05405405405405406,-0.9800000000000182,0.9604000000000357,1.3700000000000045,0.08333333333333333,16.440000000000055,1.1784341881102804,1.085557086527595,17.36891338444152,0.94651862417176,30.0,28.3955587251528,20.0,328.8000000000011,35503.19999999999,1.5900999999999998,1590.1,2230.705812305305,2522.4821325548387,125000.0,49.554364880038456,99.10872976007691,99.0,112.0108081536918,-13.0
50,13/03/2017,159.09,159.68,158.94,159.19,603305,1654368,RX1 Comdty,Future,EUX,EUR,0.01,10,1000,159190,159.19,160.56,2.4212616871983763,51,0.002,,1.1308,,1.1308,1000,36,0.05405405405405406,0.18000000000000682,0.032400000000002455,1.3700000000000045,0.08333333333333333,16.440000000000055,1.1164863941583734,1.0566391977200038,16.90622716352006,0.9724227552953966,30.0,29.1726826588619,20.0,336.00000000000136,35839.19999999999,1.5919,1591.9,2421.2616871983764,2737.962715883924,125000.0,45.65438355855952,91.30876711711905,91.0,99.10872976007691,-8.0
51,14/03/2017,159.03,159.66,158.73,159.56,728154,1657343,RX1 Comdty,Future,EUX,EUR,0.01,10,1000,159560,159.56,160.96,2.553335228573334,52,0.002,,1.1308,,1.1308,1000,36,0.05405405405405406,0.37000000000000455,0.13690000000000335,1.4000000000000057,0.08333333333333333,16.800000000000068,1.063535778257921,1.0312787102708563,16.5004593643337,1.0181534725217307,30.0,30.544604175651923,20.0,350.4000000000019,36189.59999999999,1.5956000000000001,1595.6000000000001,2553.335228573334,2887.311476470726,125000.0,43.292869861339796,86.58573972267959,87.0,91.30876711711905,-5.0
52,15/03/2017,159.55,160.45,159.42,160.09,678357,1652588,RX1 Comdty,Future,EUX,EUR,0.01,10,1000,160090,160.09,161.55,2.6338005359475916,53,0.002,,1.1308,,1.1308,1000,36,0.05405405405405406,0.5300000000000011,0.2809000000000012,1.460000000000008,0.08333333333333333,17.520000000000095,1.0212311415953306,1.010559815941308,16.16895705506093,1.0835578287664687,30.0,32.50673486299406,20.0,347.99999999999727,36537.59999999999,1.6009,1600.9,2633.8005359475915,2978.3016460495364,125000.0,41.97022828960319,83.94045657920638,84.0,86.58573972267959,-3.0
53,16/03/2017,160.23,160.38,159.16,159.72,797754,1672146,RX1 Comdty,Future,EUX,EUR,0.01,10,1000,159720,159.72,161.17,2.7122459133966315,54,0.002,,1.1308,,1.1308,1000,36,0.05405405405405406,-0.37000000000000455,0.13690000000000335,1.4499999999999886,0.08333333333333333,17.399999999999864,0.9734294582658535,0.9866252876679441,15.786004602687106,1.1022421719703555,30.0,33.06726515911066,20.0,350.4000000000019,36887.99999999999,1.5972,1597.2,2712.2459133966313,3067.0076788689107,125000.0,40.756337475522415,81.51267495104483,82.0,83.94045657920638,-2.0
54,17/03/2017,159.33,159.89,159.09,159.82,634353,1674875,RX1 Comdty,Future,EUX,EUR,0.01,10,1000,159820,159.82,161.28,2.7481271613112623,55,0.002,,1.1308,,1.1308,1000,36,0.05405405405405406,0.09999999999999432,0.009999999999998864,1.460000000000008,0.08333333333333333,17.520000000000095,0.9213521902514828,0.9598709237452101,15.357934779923362,1.1407783827095743,30.0,34.22335148128723,20.0,347.99999999999727,37235.99999999999,1.5982,1598.2,2748.127161311262,3107.5821940107753,125000.0,40.224197525945335,80.44839505189067,80.0,81.51267495104483,-1.0
55,20/03/2017,159.93,159.96,159.38,159.78,521599,1658666,RX1 Comdty,Future,EUX,EUR,0.01,10,1000,159780,159.78,161.23,2.758541328883385,56,0.002,,1.1308,,1.1308,1000,36,0.05405405405405406,-0.03999999999999204,0.0015999999999993634,1.4499999999999886,0.08333333333333333,17.399999999999864,0.8716358556432946,0.9336144041537141,14.937830466459426,1.1648277866768442,30.0,34.94483360030532,20.0,347.99999999999727,37583.99999999999,1.5978,1597.8000000000002,2758.541328883385,3119.3585347013322,125000.0,40.07234135141452,80.14468270282904,80.0,80.44839505189067,-0.0
56,21/03/2017,159.69,159.84,159.12,159.56,881146,1644743,RX1 Comdty,Future,EUX,EUR,0.01,10,1000,159560,159.56,161.01,2.7647573415933846,57,0.002,,1.1308,,1.1308,1000,36,0.05405405405405406,-0.21999999999999886,0.0483999999999995,1.4499999999999886,0.08333333333333333,17.399999999999864,0.8271366202031165,0.9094705164012281,14.55152826241965,1.1957506927252852,30.0,35.87252078175856,20.0,364.80000000000246,37948.799999999996,1.5956000000000001,1595.6000000000001,2764.757341593385,3126.3876018737997,125000.0,39.982246579112996,79.96449315822599,80.0,80.14468270282904,-0.0
57,22/03/2017,159.72,160.33,159.65,160.2,829609,1630306,RX1 Comdty,Future,EUX,EUR,0.01,10,1000,160200,160.2,161.72,2.6923425038234794,58,0.002,,1.1308,,1.1308,1000,36,0.05405405405405406,0.6399999999999864,0.40959999999998253,1.5200000000000102,0.08333333333333333,18.240000000000123,0.8045670731651092,0.896976629107531,14.351626065720495,1.2709361236471444,30.0,38.128083709414334,20.0,369.5999999999981,38318.399999999994,1.6019999999999999,1601.9999999999998,2692.3425038234795,3044.5009033235906,125000.0,41.05763275141132,82.11526550282264,82.0,79.96449315822599,2.0
58,23/03/2017,160.12,160.47,159.88,160.03,745141,1628921,RX1 Comdty,Future,EUX,EUR,0.01,10,1000,160030,160.03,161.57,2.5476695233094317,59,0.002,,1.1308,,1.1308,1000,36,0.05405405405405406,-0.1699999999999875,0.02889999999999575,1.539999999999992,0.08333333333333333,18.479999999999905,0.7626391232642923,0.8732921179446728,13.972673887114764,1.3225815008136474,30.0,39.67744502440942,20.0,374.40000000000055,38692.799999999996,1.6003,1600.3,2547.669523309432,2880.9046969583055,125000.0,43.3891479062034,86.7782958124068,87.0,82.11526550282264,5.0
59,24/03/2017,159.94,160.35,159.73,160.22,537388,1631036,RX1 Comdty,Future,EUX,EUR,0.01,10,1000,160220,160.22,161.78,2.2931919262298934,60,0.002,,1.1308,,1.1308,1000,36,0.05405405405405406,0.18999999999999773,0.03609999999999913,1.5600000000000023,0.08333333333333333,18.720000000000027,0.7233667382229791,0.8505096931975432,13.608155091160691,1.3756456973480398,30.0,41.26937092044119,20.0,384.00000000000546,39076.8,1.6022,1602.2,2293.1919262298934,2593.1414301807636,125000.0,48.204081175505515,96.40816235101103,96.0,86.7782958124068,10.0
60,27/03/2017,160.51,161.0,160.23,160.26,710739,1628219,RX1 Comdty,Future,EUX,EUR,0.01,10,1000,160260,160.26,161.86,1.976989936880285,61,0.002,,1.1308,,1.1308,1000,36,0.05405405405405406,0.03999999999999204,0.0015999999999993634,1.6000000000000227,0.08333333333333333,19.200000000000273,0.6843523199406559,0.8272558974952405,13.236094359923849,1.4505789606739201,30.0,43.517368820217605,20.0,391.1999999999989,39468.0,1.6026,1602.6000000000001,1976.989936880285,2235.5802206242265,125000.0,55.913896019842696,111.82779203968539,112.0,96.40816235101103,15.0
61,28/03/2017,160.22,160.71,160.14,160.6,672586,1625379,RX1 Comdty,Future,EUX,EUR,0.01,10,1000,160600,160.6,162.23,1.5471045961984902,62,0.002,,1.1308,,1.1308,1000,36,0.05405405405405406,0.3400000000000034,0.11560000000000233,1.6299999999999955,0.08333333333333333,19.559999999999945,0.6536089512952152,0.8084608532855597,12.935373652568956,1.5121325850618428,30.0,45.363977551855285,20.0,410.4000000000019,39878.4,1.6059999999999999,1605.9999999999998,1547.10459619849,1749.4658773812525,125000.0,71.45037900774064,142.90075801548127,143.0,111.82779203968539,31.0
62,29/03/2017,160.24,161.24,160.18,161.15,791616,1635485,RX1 Comdty,Future,EUX,EUR,0.01,10,1000,161150,161.15,162.86,1.1680658777382178,63,0.002,,1.1308,,1.1308,1000,36,0.05405405405405406,0.5500000000000114,0.3025000000000125,1.710000000000008,0.08333333333333333,20.520000000000095,0.6346300890630421,0.7966367359487272,12.746187775179635,1.609893119569306,30.0,48.29679358707918,20.0,417.6000000000022,40296.0,1.6115000000000002,1611.5000000000002,1168.0658777382178,1320.8488945463766,125000.0,94.6361090326908,189.2722180653816,189.0,142.90075801548127,46.0
63,30/03/2017,161.16,161.57,161.06,161.44,704625,1645287,RX1 Comdty,Future,EUX,EUR,0.01,10,1000,161440,161.44,163.18,0.6695754743036461,64,0.002,,1.1308,,1.1308,1000,36,0.05405405405405406,0.28999999999999204,0.08409999999999539,1.740000000000009,0.08333333333333333,20.88000000000011,0.6048717058704449,0.777734984342639,12.443759749482224,1.6779494638562844,30.0,50.338483915688535,20.0,420.0,40716.0,1.6144,1614.4,669.575474303646,757.155946342563,125000.0,165.09148558340155,330.1829711668031,330.0,189.2722180653816,141.0
64,31/03/2017,161.46,161.53,161.21,161.42,618281,1651044,RX1 Comdty,Future,EUX,EUR,0.01,10,1000,161420,161.42,163.17,0.715272491321725,65,0.002,,1.1308,,1.1308,1000,36,0.05405405405405406,-0.020000000000010232,0.00040000000000040925,1.75,0.08333333333333333,21.0,0.5721975596071777,0.7564374128817121,12.102998606107393,1.7351071980957693,30.0,52.05321594287308,20.0,436.79999999999836,41152.799999999996,1.6141999999999999,1614.1999999999998,715.2724913217249,808.8301331866065,125000.0,154.5441927435721,309.0883854871442,309.0,330.1829711668031,-21.0
65,03/04/2017,161.4,162.18,161.34,162.09,622567,1668062,RX1 Comdty,Future,EUX,EUR,0.01,10,1000,162090,162.09,163.91,0.816605780042912,66,0.002,,1.1308,,1.1308,1000,36,0.05405405405405406,0.6700000000000159,0.44890000000002134,1.8199999999999932,0.08333333333333333,21.839999999999918,0.5655328266554395,0.7520191664149521,12.032306662639234,1.815113312214186,30.0,54.45339936642558,20.0,446.39999999999645,41599.19999999999,1.6209,1620.9,816.605780042912,923.4178160725249,125000.0,135.3666756524682,270.7333513049364,271.0,309.0883854871442,-38.0
66,04/04/2017,162.21,162.72,162.17,162.53,833246,1724172,RX1 Comdty,Future,EUX,EUR,0.01,10,1000,162530,162.53,164.39,0.934032570152008,67,0.002,,1.1308,,1.1308,1000,36,0.05405405405405406,0.4399999999999977,0.193599999999998,1.8599999999999852,0.08333333333333333,22.319999999999823,0.5454283495389292,0.7385312109443508,11.816499375109613,1.888884287254725,30.0,56.666528617641745,20.0,446.39999999999645,42045.599999999984,1.6253,1625.3,934.032570152008,1056.2040303278907,125000.0,118.34834597364174,236.69669194728348,237.0,270.7333513049364,-34.0
67,05/04/2017,162.53,162.69,162.02,162.4,654752,1729180,RX1 Comdty,Future,EUX,EUR,0.01,10,1000,162400,162.4,164.26,1.0398638574855767,68,0.002,,1.1308,,1.1308,1000,36,0.05405405405405406,-0.12999999999999545,0.01689999999999882,1.8599999999999852,0.08333333333333333,22.319999999999823,0.5168592495638519,0.7189292382174005,11.502867811478408,1.9403856817103717,30.0,58.211570451311154,20.0,446.4000000000033,42491.999999999985,1.624,1624.0,1039.8638574855768,1175.8780500446903,125000.0,106.30354057144723,212.60708114289446,213.0,236.69669194728348,-24.0
68,06/04/2017,162.63,162.67,162.25,162.39,589191,1741927,RX1 Comdty,Future,EUX,EUR,0.01,10,1000,162390,162.39,164.25,1.1190837417513357,69,0.002,,1.1308,,1.1308,1000,36,0.05405405405405406,-0.010000000000019327,0.00010000000000038654,1.8600000000000136,0.08333333333333333,22.320000000000164,0.48892631715499507,0.6992326631064907,11.187722609703851,1.9950441013473603,30.0,59.85132304042081,20.0,456.00000000000136,42947.999999999985,1.6239,1623.8999999999999,1119.0837417513358,1265.4598951724106,125000.0,98.77831804615947,197.55663609231894,198.0,212.60708114289446,-15.0
69,07/04/2017,162.78,163.05,162.5,162.85,595785,1743739,RX1 Comdty,Future,EUX,EUR,0.01,10,1000,162850,162.85,164.75,1.1652670802955936,70,0.002,,1.1308,,1.1308,1000,36,0.05405405405405406,0.46000000000000796,0.2116000000000073,1.9000000000000057,0.08333333333333333,22.800000000000068,0.4739357054168876,0.68842988416896,11.01487814670336,2.0699275739899017,30.0,62.09782721969705,20.0,451.1999999999989,43399.19999999998,1.6285,1628.5,1165.2670802955936,1317.6840143982572,125000.0,94.86341082849319,189.72682165698637,190.0,197.55663609231894,-8.0
70,10/04/2017,162.59,163.3,162.59,162.99,507219,1738755,RX1 Comdty,Future,EUX,EUR,0.01,10,1000,162990,162.99,164.87,1.2040960793975908,71,0.002,,1.1308,,1.1308,1000,36,0.05405405405405406,0.14000000000001478,0.01960000000000414,1.8799999999999955,0.08333333333333333,22.559999999999945,0.4493770186375966,0.6703558895374878,10.725694232599805,2.103360352323937,30.0,63.100810569718114,20.0,456.00000000000136,43855.19999999998,1.6299000000000001,1629.9,1204.0960793975908,1361.5918465827956,125000.0,91.80431001677492,183.60862003354984,184.0,189.72682165698637,-6.0
71,11/04/2017,163.28,163.39,162.87,163.21,660594,1746199,RX1 Comdty,Future,EUX,EUR,0.01,10,1000,163210,163.21,165.11,1.2569799856044457,72,0.002,,1.1308,,1.1308,1000,36,0.05405405405405406,0.21999999999999886,0.0483999999999995,1.9000000000000057,0.08333333333333333,22.800000000000068,0.4277025851977265,0.6539897439545413,10.463835903272662,2.178933252658249,30.0,65.36799757974748,20.0,456.00000000000136,44311.19999999998,1.6321,1632.1000000000001,1256.9799856044456,1421.3929677215071,125000.0,87.94190124661654,175.88380249323308,176.0,183.60862003354984,-8.0
72,12/04/2017,163.26,163.53,163.01,163.25,535916,1754749,RX1 Comdty,Future,EUX,EUR,0.01,10,1000,163250,163.25,165.15,1.3156166254889017,73,0.002,,1.1308,,1.1308,1000,36,0.05405405405405406,0.03999999999999204,0.0015999999999993634,1.9000000000000057,0.08333333333333333,22.800000000000068,0.40467001302487643,0.6361367879826448,10.178188607722317,2.2400842506201375,30.0,67.20252751860413,20.0,456.00000000000136,44767.19999999998,1.6325,1632.5,1315.6166254889017,1487.69928010285,125000.0,84.02235698558535,168.0447139711707,168.0,175.88380249323308,-8.0
73,13/04/2017,163.58,163.82,163.41,163.25,490704,1764101,RX1 Comdty,Future,EUX,EUR,0.01,10,1000,163250,163.25,165.15,1.3298381381521123,74,0.002,,1.1308,,1.1308,1000,36,0.05405405405405406,0.0,0.0,1.9000000000000057,0.08333333333333333,22.800000000000068,0.382795958266775,0.6187050656546906,9.89928105047505,2.3031975639186375,30.0,69.09592691755913,20.0,456.00000000000136,45223.19999999998,1.6325,1632.5,1329.8381381521124,1503.7809666224086,125000.0,83.12380777152556,166.24761554305113,166.0,168.0447139711707,-2.0
74,14/04/2017,163.58,163.82,163.41,163.25,490704,1764101,RX1 Comdty,Future,EUX,EUR,0.01,10,1000,163250,163.25,165.15,1.3267462177505807,75,0.002,,1.1308,,1.1308,1000,36,0.05405405405405406,0.0,0.0,1.9000000000000057,0.08333333333333333,22.800000000000068,0.3621042848469493,0.6017510156592586,9.628016250548137,2.3680890649412882,30.0,71.04267194823865,20.0,468.0000000000041,45691.19999999999,1.6325,1632.5,1326.7462177505806,1500.2846230323566,125000.0,83.31752394245804,166.63504788491608,167.0,166.24761554305113,0.0
75,17/04/2017,163.58,163.82,163.41,163.54,490704,1764101,RX1 Comdty,Future,EUX,EUR,0.01,10,1000,163540,163.54,165.49,1.3151356744096643,76,0.002,,1.1308,,1.1308,1000,36,0.05405405405405406,0.28999999999999204,0.08409999999999539,1.950000000000017,0.08333333333333333,23.400000000000205,0.34707702620657344,0.5891324352016051,9.426118963225681,2.4824638954050045,30.0,74.47391686215013,20.0,470.3999999999951,46161.599999999984,1.6354,1635.3999999999999,1315.1356744096643,1487.1554206224484,125000.0,84.05308434251027,168.10616868502055,168.0,166.63504788491608,1.0
76,18/04/2017,163.6,163.99,163.34,163.68,571565,1769913,RX1 Comdty,Future,EUX,EUR,0.01,10,1000,163680,163.68,165.64,1.2622155750482786,77,0.002,,1.1308,,1.1308,1000,36,0.05405405405405406,0.14000000000001478,0.01960000000000414,1.9599999999999795,0.08333333333333333,23.519999999999754,0.32937556533054263,0.5739125066859431,9.182600106975089,2.5613660320603526,30.0,76.84098096181057,20.0,465.59999999999945,46627.19999999998,1.6368,1636.8,1262.2155750482787,1427.3133722645935,125000.0,87.57712386711086,175.1542477342217,175.0,168.10616868502055,7.0
77,19/04/2017,163.77,163.8,163.16,163.25,630807,1783076,RX1 Comdty,Future,EUX,EUR,0.01,10,1000,163250,163.25,165.19,1.211766870057171,78,0.002,,1.1308,,1.1308,1000,36,0.05405405405405406,-0.4300000000000068,0.18490000000000587,1.9399999999999977,0.08333333333333333,23.279999999999973,0.3215660753126758,0.5670679635746282,9.073087417194051,2.5658300123817788,30.0,76.97490037145336,20.0,453.5999999999967,47080.79999999998,1.6325,1632.5,1211.766870057171,1370.265976660649,125000.0,91.22316552340165,182.4463310468033,182.0,175.1542477342217,7.0
78,20/04/2017,163.39,163.44,162.52,162.74,711948,1796672,RX1 Comdty,Future,EUX,EUR,0.01,10,1000,162740,162.74,164.63,1.1042714912174172,79,0.002,,1.1308,,1.1308,1000,36,0.05405405405405406,-0.5099999999999909,0.2600999999999907,1.8899999999999864,0.08333333333333333,22.679999999999836,0.31824358475523334,0.5641308223765418,9.026093158024668,2.5127150366087383,30.0,75.38145109826215,20.0,453.5999999999967,47534.39999999998,1.6274000000000002,1627.4,1104.2714912174172,1248.7102022686554,125000.0,100.10329039748385,200.2065807949677,200.0,182.4463310468033,18.0
79,21/04/2017,162.91,162.94,162.49,162.74,528563,1752188,RX1 Comdty,Future,EUX,EUR,0.01,10,1000,162740,162.74,164.63,0.9891531465694191,80,0.002,,1.1308,,1.1308,1000,36,0.05405405405405406,0.0,0.0,1.8899999999999864,0.08333333333333333,22.679999999999836,0.30104122882251805,0.5486722417094909,8.778755867351855,2.583509593238221,30.0,77.50528779714664,20.0,420.0,47954.39999999998,1.6274000000000002,1627.4,989.153146569419,1118.5343781406991,125000.0,111.75338232141166,223.50676464282333,224.0,200.2065807949677,23.0
80,24/04/2017,161.52,161.63,160.93,161.35,985541,1765759,RX1 Comdty,Future,EUX,EUR,0.01,10,1000,161350,161.35,163.1,0.886782474959052,81,0.002,,1.1308,,1.1308,1000,36,0.05405405405405406,-1.3900000000000148,1.932100000000041,1.75,0.08333333333333333,21.0,0.38920656780508683,0.6238642222511938,9.9818275560191,2.1038231608536333,30.0,63.114694825609,20.0,412.7999999999997,48367.19999999998,1.6135,1613.5,886.782474959052,1002.7736226836961,125000.0,124.65425612758527,249.30851225517054,249.0,223.50676464282333,26.0
81,25/04/2017,161.32,161.47,160.65,160.98,841149,1766646,RX1 Comdty,Future,EUX,EUR,0.01,10,1000,160980,160.98,162.7,0.8469729381122546,82,0.002,,1.1308,,1.1308,1000,36,0.05405405405405406,-0.37000000000000455,0.13690000000000335,1.7199999999999989,0.08333333333333333,20.639999999999986,0.375568374950758,0.6128363361867163,9.80538137898746,2.1049665690954846,30.0,63.14899707286454,20.0,424.79999999999563,48791.99999999998,1.6098,1609.8,846.9729381122546,957.7569984173375,125000.0,130.51327237134103,261.02654474268206,261.0,249.30851225517054,12.0
82,26/04/2017,160.7,161.36,160.64,161.27,746217,1758980,RX1 Comdty,Future,EUX,EUR,0.01,10,1000,161270,161.27,163.04,0.8370870545181507,83,0.002,,1.1308,,1.1308,1000,36,0.05405405405405406,0.29000000000002046,0.08410000000001187,1.7699999999999818,0.08333333333333333,21.23999999999978,0.3598133276561231,0.5998444195423702,9.597510712677924,2.2130738517376805,30.0,66.39221555213041,20.0,432.00000000000273,49223.99999999998,1.6127000000000002,1612.7000000000003,837.0870545181507,946.5780412491248,125000.0,132.054616262857,264.109232525714,264.0,261.02654474268206,3.0
83,27/04/2017,161.25,162.15,161.02,162.01,774193,1750994,RX1 Comdty,Future,EUX,EUR,0.01,10,1000,162010,162.01,163.81,0.8071553362531136,84,0.002,,1.1308,,1.1308,1000,36,0.05405405405405406,0.7399999999999807,0.5475999999999714,1.8000000000000114,0.08333333333333333,21.600000000000136,0.36996395859362846,0.6082466264547864,9.731946023276583,2.219494430850509,30.0,66.58483292551527,20.0,432.00000000000273,49655.99999999998,1.6200999999999999,1620.1,807.1553362531137,912.731254235021,125000.0,136.9515938234909,273.9031876469818,274.0,264.109232525714,10.0
84,28/04/2017,161.94,161.98,161.26,162.01,785332,1775687,RX1 Comdty,Future,EUX,EUR,0.01,10,1000,162010,162.01,163.81,0.7733923903643333,85,0.002,,1.1308,,1.1308,1000,36,0.05405405405405406,0.0,0.0,1.8000000000000114,0.08333333333333333,21.600000000000136,0.34996590677775663,0.591579163576403,9.465266617222449,2.282027635724284,30.0,68.46082907172853,20.0,429.5999999999981,50085.59999999998,1.6200999999999999,1620.1,773.3923903643333,874.5521150239881,125000.0,142.93030438394328,285.86060876788656,286.0,273.9031876469818,12.0
85,01/05/2017,161.94,161.98,161.26,161.78,785332,1775687,RX1 Comdty,Future,EUX,EUR,0.01,10,1000,161780,161.78,163.57,0.7869078391833393,86,0.002,,1.1308,,1.1308,1000,36,0.05405405405405406,-0.22999999999998977,0.05289999999999529,1.789999999999992,0.08333333333333333,21.479999999999905,0.33390829019517493,0.577847981908023,9.245567710528368,2.3232753977389193,30.0,69.69826193216758,20.0,432.00000000000273,50517.59999999998,1.6178000000000001,1617.8000000000002,786.9078391833393,889.8353845485201,125000.0,140.47542070202326,280.9508414040465,281.0,285.86060876788656,-5.0
86,02/05/2017,161.7,161.81,161.45,161.69,480154,1765743,RX1 Comdty,Future,EUX,EUR,0.01,10,1000,161690,161.69,163.49,0.8113878623430726,87,0.002,,1.1308,,1.1308,1000,36,0.05405405405405406,-0.09000000000000341,0.008100000000000614,1.8000000000000114,0.08333333333333333,21.600000000000136,0.316297031265706,0.5624029083012516,8.998446532820026,2.4004143294310274,30.0,72.01242988293082,20.0,432.00000000000273,50949.59999999998,1.6169,1616.9,811.3878623430726,917.5173947375465,125000.0,136.23719911681448,272.47439823362896,272.0,280.9508414040465,-8.0
87,03/05/2017,161.77,161.94,161.53,161.69,532370,1750957,RX1 Comdty,Future,EUX,EUR,0.01,10,1000,161690,161.69,163.49,0.832696317930192,88,0.002,,1.1308,,1.1308,1000,36,0.05405405405405406,0.0,0.0,1.8000000000000114,0.08333333333333333,21.600000000000136,0.29919989444053274,0.5469916767561759,8.751866828098814,2.468044866799276,30.0,74.04134600397828,20.0,412.7999999999997,51362.39999999998,1.6169,1616.9,832.6963179301921,941.6129963154613,125000.0,132.75092897944904,265.5018579588981,266.0,272.47439823362896,-7.0
88,04/05/2017,161.53,161.53,160.74,160.9,792814,1758817,RX1 Comdty,Future,EUX,EUR,0.01,10,1000,160900,160.9,162.62,0.9060979091976676,89,0.002,,1.1308,,1.1308,1000,36,0.05405405405405406,-0.789999999999992,0.6240999999999874,1.7199999999999989,0.08333333333333333,20.639999999999986,0.31676206230861137,0.5628161887407037,9.00505901985126,2.2920449443473947,30.0,68.76134833042184,20.0,400.799999999997,51763.199999999975,1.609,1609.0,906.0979091976676,1024.6155157207224,125000.0,121.99698138679273,243.99396277358545,244.0,265.5018579588981,-22.0
89,05/05/2017,161.0,161.17,160.37,160.46,714720,1757897,RX1 Comdty,Future,EUX,EUR,0.01,10,1000,160460,160.46,162.13,0.999408245966084,90,0.002,,1.1308,,1.1308,1000,36,0.05405405405405406,-0.4399999999999977,0.193599999999998,1.6699999999999875,0.08333333333333333,20.03999999999985,0.3101046535351728,0.5568704100014408,8.909926560023052,2.2491767878216944,30.0,67.47530363465083,20.0,396.00000000000136,52159.199999999975,1.6046,1604.6000000000001,999.408245966084,1130.1308445384477,125000.0,110.60666170123935,221.2133234024787,221.0,243.99396277358545,-23.0
90,08/05/2017,160.29,160.98,160.25,160.46,723295,1746239,RX1 Comdty,Future,EUX,EUR,0.01,10,1000,160460,160.46,162.11,1.0656625070570418,91,0.002,,1.1308,,1.1308,1000,36,0.05405405405405406,0.0,0.0,1.6500000000000057,0.08333333333333333,19.800000000000068,0.29334223983056884,0.5416107826018319,8.66577252162931,2.284851114032859,30.0,68.54553342098576,20.0,400.8000000000038,52559.99999999998,1.6046,1604.6000000000001,1065.6625070570417,1205.0511629801028,125000.0,103.7300355703353,207.4600711406706,207.0,221.2133234024787,-14.0
91,09/05/2017,160.47,160.48,160.11,160.29,681243,1721240,RX1 Comdty,Future,EUX,EUR,0.01,10,1000,160290,160.29,161.96,1.115340283217703,92,0.002,,1.1308,,1.1308,1000,36,0.05405405405405406,-0.17000000000001592,0.02890000000000541,1.670000000000016,0.08333333333333333,20.04000000000019,0.2790480647045924,0.5282500020866941,8.452000033387106,2.3710364317129846,30.0,71.13109295138953,20.0,408.0000000000041,52967.999999999985,1.6029,1602.9,1115.340283217703,1261.2267922625786,125000.0,99.10985142946113,198.21970285892226,198.0,207.4600711406706,-9.0
92,10/05/2017,160.41,160.83,160.22,160.6,646867,1734112,RX1 Comdty,Future,EUX,EUR,0.01,10,1000,160600,160.6,162.3,1.1201132461542667,93,0.002,,1.1308,,1.1308,1000,36,0.05405405405405406,0.3100000000000023,0.0961000000000014,1.700000000000017,0.08333333333333333,20.400000000000205,0.26915898012596584,0.5188053393383358,8.300885429413373,2.4575691561426454,30.0,73.72707468427936,20.0,408.0000000000041,53375.99999999999,1.6059999999999999,1605.9999999999998,1120.1132461542666,1266.6240587512445,125000.0,98.6875301604776,197.3750603209552,197.0,198.21970285892226,-1.0
93,11/05/2017,160.3,160.56,160.0,160.42,727359,1719919,RX1 Comdty,Future,EUX,EUR,0.01,10,1000,160420,160.42,162.12,1.1189491075392493,94,0.002,,1.1308,,1.1308,1000,36,0.05405405405405406,-0.18000000000000682,0.032400000000002455,1.700000000000017,0.08333333333333333,20.400000000000205,0.2563611974164543,0.5063212393495401,8.101139829592642,2.518164163205908,30.0,75.54492489617724,20.0,422.3999999999978,53798.399999999994,1.6041999999999998,1604.1999999999998,1118.9491075392493,1265.3076508053832,125000.0,98.79020325249438,197.58040650498876,198.0,197.3750603209552,0.0
94,12/05/2017,160.5,160.99,160.41,160.88,598554,1718754,RX1 Comdty,Future,EUX,EUR,0.01,10,1000,160880,160.88,162.64,1.0770578834075055,95,0.002,,1.1308,,1.1308,1000,36,0.05405405405405406,0.46000000000000796,0.2116000000000073,1.759999999999991,0.08333333333333333,21.11999999999989,0.2539416732317815,0.5039262577320034,8.062820123712054,2.619430878519515,30.0,78.58292635558544,20.0,417.6000000000022,54216.0,1.6088,1608.8,1077.0578834075054,1217.9370545572071,125000.0,102.63256178328933,205.26512356657867,205.0,197.58040650498876,8.0
95,15/05/2017,160.84,160.89,160.46,160.51,553414,1716127,RX1 Comdty,Future,EUX,EUR,0.01,10,1000,160510,160.51,162.25,1.0060526040446416,96,0.002,,1.1308,,1.1308,1000,36,0.05405405405405406,-0.37000000000000455,0.13690000000000335,1.740000000000009,0.08333333333333333,20.88000000000011,0.24761509630033404,0.4976093812422893,7.961750099876629,2.6225389817652847,30.0,78.67616945295853,20.0,417.6000000000022,54633.600000000006,1.6051,1605.1,1006.0526040446416,1137.6442846536809,125000.0,109.87617279513009,219.75234559026018,220.0,205.26512356657867,14.0
96,16/05/2017,160.61,160.63,160.17,160.48,700766,1729995,RX1 Comdty,Future,EUX,EUR,0.01,10,1000,160480,160.48,162.22,0.8859694363266797,97,0.002,,1.1308,,1.1308,1000,36,0.05405405405405406,-0.030000000000001137,0.0009000000000000682,1.740000000000009,0.08333333333333333,20.88000000000011,0.23427914514896464,0.4840239096872846,7.7443825549965535,2.6961478015479314,30.0,80.88443404643795,20.0,434.40000000000055,55068.00000000001,1.6048,1604.8,885.9694363266797,1001.8542385982093,125000.0,124.76864915489057,249.53729830978114,250.0,219.75234559026018,30.0
97,17/05/2017,160.58,161.57,160.47,161.06,884706,1726135,RX1 Comdty,Future,EUX,EUR,0.01,10,1000,161060,161.06,162.87,0.7622984634434078,98,0.002,,1.1308,,1.1308,1000,36,0.05405405405405406,0.5800000000000125,0.3364000000000145,1.8100000000000023,0.08333333333333333,21.720000000000027,0.23979919135712952,0.4896929562053446,7.835087299285513,2.7721452448884247,30.0,83.16435734665274,20.0,443.99999999999864,55512.00000000001,1.6106,1610.6000000000001,762.2984634434077,862.0071024618055,125000.0,145.01040611267888,290.02081222535776,290.0,249.53729830978114,40.0
98,18/05/2017,161.25,162.02,161.1,161.53,1012438,1720393,RX1 Comdty,Future,EUX,EUR,0.01,10,1000,161530,161.53,163.38,0.6783763510647856,99,0.002,,1.1308,,1.1308,1000,36,0.05405405405405406,0.46999999999999886,0.22089999999999893,1.8499999999999943,0.08333333333333333,22.199999999999932,0.23877761344593326,0.4886487628613555,7.818380205781688,2.839462831902578,30.0,85.18388495707734,20.0,439.1999999999962,55951.200000000004,1.6153,1615.3,678.3763510647856,767.1079777840596,125000.0,162.94968064481193,325.89936128962387,326.0,290.02081222535776,36.0
99,19/05/2017,161.46,161.55,161.17,161.3,485003,1697713,RX1 Comdty,Future,EUX,EUR,0.01,10,1000,161300,161.3,163.13,0.5689443132492943,100,0.002,,1.1308,,1.1308,1000,36,0.05405405405405406,-0.22999999999998977,0.05289999999999529,1.829999999999984,0.08333333333333333,21.95999999999981,0.22873017488128797,0.4782574357825375,7.6521189725206,2.8697933316065796,30.0,86.09379994819739,20.0,439.1999999999962,56390.4,1.6130000000000002,1613.0000000000002,568.9443132492943,643.362229422302,125000.0,194.29179128566807,388.58358257133614,389.0,325.89936128962387,63.0
100,22/05/2017,161.22,161.47,160.79,160.99,551072,1689296,RX1 Comdty,Future,EUX,EUR,0.01,10,1000,160990,160.99,162.82,0.5657549683478625,101,0.002,,1.1308,,1.1308,1000,36,0.05405405405405406,-0.3100000000000023,0.0961000000000014,1.829999999999984,0.08333333333333333,21.95999999999981,0.22156097623905627,0.47070264099435033,7.531242255909605,2.915853620665072,30.0,87.47560861995215,20.0,441.6000000000008,56832.0,1.6099,1609.9,565.7549683478626,639.755718207763,125000.0,195.38707735224304,390.7741547044861,391.0,388.58358257133614,2.0
101,23/05/2017,161.09,161.32,160.59,160.87,666271,1693719,RX1 Comdty,Future,EUX,EUR,0.01,10,1000,160870,160.87,162.71,0.5671628374728822,102,0.002,,1.1308,,1.1308,1000,36,0.05405405405405406,-0.12000000000000455,0.01440000000000109,1.8400000000000034,0.08333333333333333,22.08000000000004,0.21036308563153977,0.4586535573082801,7.338456916932482,3.0088069262971993,30.0,90.26420778891598,20.0,448.79999999999427,57280.799999999996,1.6087,1608.7,567.1628374728822,641.3477366143352,125000.0,194.90206772986068,389.80413545972135,390.0,390.7741547044861,-1.0
102,24/05/2017,160.8,161.13,160.68,160.8,666479,1687012,RX1 Comdty,Future,EUX,EUR,0.01,10,1000,160800,160.8,162.67,0.5677404429191935,103,0.002,,1.1308,,1.1308,1000,36,0.05405405405405406,-0.06999999999999318,0.004899999999999045,1.8699999999999761,0.08333333333333333,22.439999999999714,0.19925697289469974,0.4463820929368692,7.142113486989907,3.1419271117543115,30.0,94.25781335262934,20.0,458.3999999999992,57739.2,1.608,1608.0,567.7404429191935,642.000892853024,125000.0,194.70377906252662,389.40755812505324,389.0,389.80413545972135,-0.0
103,25/05/2017,161.1,161.43,161.02,161.31,537911,1691084,RX1 Comdty,Future,EUX,EUR,0.01,10,1000,161310,161.31,163.22,0.524497503882257,104,0.002,,1.1308,,1.1308,1000,36,0.05405405405405406,0.5099999999999909,0.2600999999999907,1.9099999999999966,0.08333333333333333,22.91999999999996,0.2025457851706614,0.45005086953661294,7.200813912585807,3.182973519137839,30.0,95.48920557413517,20.0,468.0000000000041,58207.200000000004,1.6131,1613.1,524.497503882257,593.1017773900562,125000.0,210.75640769458215,421.5128153891643,422.0,389.40755812505324,32.0
104,26/05/2017,161.48,161.88,161.33,161.79,638473,1658079,RX1 Comdty,Future,EUX,EUR,0.01,10,1000,161790,161.79,163.74,0.5041457078430939,105,0.002,,1.1308,,1.1308,1000,36,0.05405405405405406,0.47999999999998977,0.23039999999999017,1.950000000000017,0.08333333333333333,23.400000000000205,0.2040514184046792,0.4517205091698618,7.2275281467177885,3.2376214280987288,30.0,97.12864284296187,20.0,472.7999999999997,58680.00000000001,1.6179,1617.8999999999999,504.1457078430939,570.0879664289706,125000.0,219.26440718087707,438.52881436175414,439.0,421.5128153891643,17.0
105,29/05/2017,161.8,162.32,161.68,162.28,257675,1661915,RX1 Comdty,Future,EUX,EUR,0.01,10,1000,162280,162.28,164.25,0.555171618795088,106,0.002,,1.1308,,1.1308,1000,36,0.05405405405405406,0.4900000000000091,0.24010000000000892,1.9699999999999989,0.08333333333333333,23.639999999999986,0.20599999038280514,0.45387221812180256,7.261955489948841,3.255321522242837,30.0,97.6596456672851,20.0,475.19999999999754,59155.200000000004,1.6228,1622.8,555.1716187950881,627.7880665334856,125000.0,199.11178097128203,398.22356194256406,398.0,438.52881436175414,-40.0
106,30/05/2017,162.29,162.43,162.06,162.33,781453,1617341,RX1 Comdty,Future,EUX,EUR,0.01,10,1000,162330,162.33,164.31,0.6116661886319655,107,0.002,,1.1308,,1.1308,1000,36,0.05405405405405406,0.05000000000001137,0.0025000000000011367,1.9799999999999898,0.08333333333333333,23.759999999999877,0.19499999090265357,0.4415880330156758,7.065408528250813,3.3628628698533523,30.0,100.88588609560057,20.0,475.20000000000437,59630.40000000001,1.6233000000000002,1623.3000000000002,611.6661886319655,691.6721261050266,125000.0,180.72146510212187,361.44293020424374,361.0,398.22356194256406,-37.0
107,31/05/2017,162.42,162.45,162.07,162.32,953498,1543626,RX1 Comdty,Future,EUX,EUR,0.01,10,1000,162320,162.32,164.3,0.6607483795306597,108,0.002,,1.1308,,1.1308,1000,36,0.05405405405405406,-0.010000000000019327,0.00010000000000038654,1.9800000000000182,0.08333333333333333,23.76000000000022,0.1844648562592669,0.42949372086127974,6.871899533780476,3.457559279381519,30.0,103.72677838144557,20.0,470.4000000000019,60100.80000000001,1.6232,1623.2,660.7483795306597,747.17426757327,125000.0,167.29698200927692,334.59396401855383,335.0,361.44293020424374,-27.0
108,01/06/2017,162.19,162.32,161.95,162.28,889487,1451508,RX1 Comdty,Future,EUX,EUR,0.01,10,1000,162280,162.28,164.24,0.7112006157120694,109,0.002,,1.1308,,1.1308,1000,36,0.05405405405405406,-0.03999999999999204,0.0015999999999993634,1.960000000000008,0.08333333333333333,23.520000000000095,0.17458026943444163,0.41782803811429603,6.6852486098287365,3.5181937685040907,30.0,105.54581305512272,20.0,472.7999999999997,60573.60000000001,1.6228,1622.8,711.2006157120694,804.2256562472081,125000.0,155.42901302514116,310.8580260502823,311.0,334.59396401855383,-24.0
109,02/06/2017,162.13,162.77,162.13,162.69,1186083,1157214,RX1 Comdty,Future,EUX,EUR,0.01,10,1000,162690,162.69,164.66,0.7700340047171902,110,0.002,,1.1308,,1.1308,1000,36,0.05405405405405406,0.4099999999999966,0.1680999999999972,1.9699999999999989,0.08333333333333333,23.639999999999986,0.17422998460014733,0.4174086541989125,6.6785384671826,3.539696614186416,30.0,106.19089842559248,20.0,480.0,61053.60000000001,1.6269,1626.9,770.0340047171902,870.7544525341987,125000.0,143.55367306616287,287.10734613232574,287.0,310.8580260502823,-24.0
110,05/06/2017,164.59,164.65,164.32,164.49,980829,1077308,RX1 Comdty,Future,EUX,EUR,0.01,10,1000,164490,162.49,164.49,1.0323957829395163,111,0.002,,1.1308,,1.1308,1000,36,0.05405405405405406,-0.19999999999998863,0.039999999999995456,2.0,0.08333333333333333,24.0,0.16697430975689587,0.4086249010484993,6.537998416775989,3.670848242853331,30.0,110.12544728559993,20.0,482.40000000000464,61536.000000000015,1.6249000000000002,1624.9000000000003,1032.3957829395163,1167.433151348005,125000.0,107.07251190842553,214.14502381685105,214.0,287.10734613232574,-73.0
111,06/06/2017,164.54,165.0,164.54,164.93,1481271,1505572,RX1 Comdty,Future,EUX,EUR,0.01,10,1000,164930,162.92,164.93,1.2531480359477418,112,0.002,,1.1308,,1.1308,1000,36,0.05405405405405406,0.4299999999999784,0.1848999999999814,2.0100000000000193,0.08333333333333333,24.120000000000232,0.16794326598625184,0.4098088163842401,6.556941062147842,3.6785445791546127,30.0,110.35633737463839,20.0,511.1999999999989,62047.20000000001,1.6292,1629.2,1253.1480359477418,1417.0597990497065,125000.0,88.21081515672533,176.42163031345066,176.0,214.14502381685105,-38.0
112,07/06/2017,164.81,165.11,164.75,165.0,872008,1644913,RX1 Comdty,Future,EUX,EUR,0.01,10,1000,165000,162.87,165.0,1.4255344334853086,113,0.002,,1.1308,,1.1308,1000,36,0.05405405405405406,-0.04999999999998295,0.002499999999998295,2.1299999999999955,0.08333333333333333,25.559999999999945,0.15900038674375166,0.39874852569476876,6.3799764111163,4.006284404980696,30.0,120.18853214942088,20.0,578.3999999999992,62625.60000000001,1.6287,1628.7,1425.5344334853087,1611.994337385187,125000.0,77.54369671221194,155.08739342442388,155.0,176.42163031345066,-21.0
113,08/06/2017,164.81,165.18,164.5,164.97,802137,1665024,RX1 Comdty,Future,EUX,EUR,0.01,10,1000,164970,162.56,164.97,1.5336899947510962,114,0.002,,1.1308,,1.1308,1000,36,0.05405405405405406,-0.3100000000000023,0.0961000000000014,2.4099999999999966,0.08333333333333333,28.91999999999996,0.15560036583868408,0.3944621221849876,6.311393954959802,4.5821890071167575,30.0,137.46567021350273,20.0,-724.8000000000025,61900.80000000001,1.6256000000000002,1625.6000000000001,1533.6899947510963,1734.2966460645398,125000.0,72.07532822233703,144.15065644467407,144.0,155.08739342442388,-11.0
114,09/06/2017,165.14,165.18,164.74,164.87,499063,1674519,RX1 Comdty,Future,EUX,EUR,0.01,10,1000,164870,164.87,161.85,1.6182706819316692,115,0.002,,1.1308,,1.1308,1000,36,0.05405405405405406,2.3100000000000023,5.336100000000011,-3.0200000000000102,0.08333333333333333,-36.24000000000012,0.4356273730906477,0.6600207368641138,10.56033178982582,-3.4317103592251677,30.0,-102.95131077675504,-20.0,720.0,62620.80000000001,1.6487,1648.7,1618.2706819316693,1829.9404871283316,125000.0,68.30823236014554,-136.61646472029108,-137.0,144.15065644467407,-281.0
115,12/06/2017,164.95,165.26,164.86,165.1,474841,1697316,RX1 Comdty,Future,EUX,EUR,0.01,10,1000,165100,165.1,162.1,1.6697383186089776,116,0.002,,1.1308,,1.1308,1000,36,0.05405405405405406,0.22999999999998977,0.05289999999999529,-3.0,0.08333333333333333,-36.0,0.4149394069776395,0.6441579053133164,10.306526485013062,-3.4929323717693213,30.0,-104.78797115307964,-20.0,715.2000000000044,63336.000000000015,1.651,1651.0,1669.7383186089776,1888.140090683032,125000.0,66.20271483922649,-132.40542967845298,-132.0,-136.61646472029108,4.0
116,13/06/2017,165.09,165.13,164.72,164.93,496430,1692715,RX1 Comdty,Future,EUX,EUR,0.01,10,1000,164930,164.93,161.95,1.6731363552195684,117,0.002,,1.1308,,1.1308,1000,36,0.05405405405405406,-0.1699999999999875,0.02889999999999575,-2.980000000000018,0.08333333333333333,-35.76000000000022,0.39407241200587495,0.6277518713678797,10.044029941886075,-3.56032391449494,30.0,-106.80971743484821,-20.0,715.2000000000044,64051.20000000002,1.6493000000000002,1649.3000000000002,1673.1363552195685,1891.982590482288,125000.0,66.06826121382865,-132.1365224276573,-132.0,-132.40542967845298,0.0
117,14/06/2017,165.05,165.55,164.83,165.46,682882,1708604,RX1 Comdty,Future,EUX,EUR,0.01,10,1000,165460,165.46,162.48,1.7219743869968522,118,0.002,,1.1308,,1.1308,1000,36,0.05405405405405406,0.5300000000000011,0.2809000000000012,-2.980000000000018,0.08333333333333333,-35.76000000000022,0.38795498432988174,0.6228603248962657,9.965765198340252,-3.5882844205436295,30.0,-107.64853261630888,-20.0,710.4000000000019,64761.60000000002,1.6546,1654.6000000000001,1721.9743869968522,1947.2086368160406,125000.0,64.19445643194791,-128.38891286389583,-128.0,-132.1365224276573,4.0
118,15/06/2017,165.33,165.44,164.4,164.59,768892,1696696,RX1 Comdty,Future,EUX,EUR,0.01,10,1000,164590,164.59,161.63,1.7193067758469307,119,0.002,,1.1308,,1.1308,1000,36,0.05405405405405406,-0.8700000000000045,0.7569000000000079,-2.960000000000008,0.08333333333333333,-35.520000000000095,0.4078979581498886,0.6386688955553484,10.218702328885575,-3.4759795184163873,30.0,-104.27938555249162,-20.0,707.9999999999973,65469.60000000002,1.6459000000000001,1645.9,1719.3067758469308,1944.1921021277094,125000.0,64.29405811452527,-128.58811622905054,-129.0,-128.38891286389583,-0.0
119,16/06/2017,164.54,164.76,164.13,164.73,537343,1692895,RX1 Comdty,Future,EUX,EUR,0.01,10,1000,164730,164.73,161.78,1.6943723414817686,120,0.002,,1.1308,,1.1308,1000,36,0.05405405405405406,0.13999999999998636,0.01959999999999618,-2.9499999999999886,0.08333333333333333,-35.399999999999864,0.3869088793309755,0.6220199991406832,9.95231998625093,-3.5569595882070457,30.0,-106.70878764621138,-20.0,703.2000000000016,66172.80000000002,1.6473,1647.3,1694.3723414817687,1915.996243747584,125000.0,65.2402114085082,-130.4804228170164,-130.0,-128.58811622905054,-2.0
120,19/06/2017,164.68,164.82,164.43,164.65,475052,1692496,RX1 Comdty,Future,EUX,EUR,0.01,10,1000,164650,164.65,161.72,1.6237788123936066,121,0.002,,1.1308,,1.1308,1000,36,0.05405405405405406,-0.07999999999998408,0.006399999999997454,-2.930000000000007,0.08333333333333333,-35.16000000000008,0.36634083179957133,0.6052609617343343,9.684175387749349,-3.630665347560526,30.0,-108.91996042681579,-20.0,703.1999999999948,66876.00000000001,1.6465,1646.5,1623.7788123936066,1836.1690810546904,125000.0,68.07651936291202,-136.15303872582405,-136.0,-130.4804228170164,-6.0
121,20/06/2017,164.65,165.02,164.6,164.92,493108,1705971,RX1 Comdty,Future,EUX,EUR,0.01,10,1000,164920,164.92,161.99,1.5255356263843338,122,0.002,,1.1308,,1.1308,1000,36,0.05405405405405406,0.2699999999999818,0.07289999999999018,-2.9299999999999784,0.08333333333333333,-35.15999999999974,0.3504791652158102,0.5920128083207408,9.472204933131852,-3.711912933494206,30.0,-111.35738800482618,-20.0,703.2000000000016,67579.20000000001,1.6492,1649.2,1525.535626384334,1725.075686315405,125000.0,72.46058882609836,-144.92117765219672,-145.0,-136.15303872582405,-9.0
122,21/06/2017,165.0,165.29,164.79,164.97,671527,1704056,RX1 Comdty,Future,EUX,EUR,0.01,10,1000,164970,164.97,162.04,1.383509933770445,123,0.002,,1.1308,,1.1308,1000,36,0.05405405405405406,0.05000000000001137,0.0025000000000011367,-2.930000000000007,0.08333333333333333,-35.16000000000008,0.3316694806095502,0.5759075278285136,9.214520445256218,-3.8157167493291535,30.0,-114.4715024798746,-20.0,705.5999999999995,68284.80000000002,1.6497,1649.7,1383.509933770445,1564.4730331076194,125000.0,79.89910810524103,-159.79821621048205,-160.0,-144.92117765219672,-15.0
123,22/06/2017,164.99,165.25,164.88,165.09,637887,1691263,RX1 Comdty,Future,EUX,EUR,0.01,10,1000,165090,165.09,162.15,1.2593000353159467,124,0.002,,1.1308,,1.1308,1000,36,0.05405405405405406,0.12000000000000455,0.01440000000000109,-2.9399999999999977,0.08333333333333333,-35.27999999999997,0.31451977895498,0.5608206299299091,8.973130078878546,-3.931738388931194,30.0,-117.95215166793582,-20.0,705.5999999999995,68990.40000000002,1.6509,1650.9,1259.3000353159466,1424.0164799352724,125000.0,87.77988300084967,-175.55976600169933,-176.0,-159.79821621048205,-16.0
124,23/06/2017,165.05,165.16,164.94,165.07,446216,1665382,RX1 Comdty,Future,EUX,EUR,0.01,10,1000,165070,165.07,162.13,1.1486801350380074,125,0.002,,1.1308,,1.1308,1000,36,0.05405405405405406,-0.020000000000010232,0.00040000000000040925,-2.9399999999999977,0.08333333333333333,-35.27999999999997,0.2975403314439001,0.5454725762528306,8.72756122004529,-4.04236637366342,30.0,-121.27099120990259,-20.0,712.7999999999997,69703.20000000003,1.6507,1650.7,1148.6801350380074,1298.9274967009787,125000.0,96.23323882008465,-192.4664776401693,-192.0,-175.55976600169933,-17.0
125,26/06/2017,165.0,165.44,164.99,165.14,582560,1660377,RX1 Comdty,Future,EUX,EUR,0.01,10,1000,165140,165.14,162.17,1.0607955058645813,126,0.002,,1.1308,,1.1308,1000,36,0.05405405405405406,0.06999999999999318,0.004899999999999045,-2.969999999999999,0.08333333333333333,-35.639999999999986,0.28172193514963517,0.5307748441190814,8.492397505905302,-4.196694746709305,30.0,-125.90084240127915,-20.0,707.9999999999973,70411.20000000003,1.6514,1651.4,1060.7955058645812,1199.5475580316684,125000.0,104.20595595652071,-208.41191191304142,-208.0,-192.4664776401693,-16.0
126,27/06/2017,165.13,165.33,163.13,163.75,1120289,1692877,RX1 Comdty,Future,EUX,EUR,0.01,10,1000,163750,163.75,160.8,0.95537193088091,127,0.002,,1.1308,,1.1308,1000,36,0.05405405405405406,-1.3899999999999864,1.9320999999999622,-2.9499999999999886,0.08333333333333333,-35.399999999999864,0.37093156027667984,0.6090415094857491,9.744664151771985,-3.6327573170967282,30.0,-108.98271951290185,-20.0,707.9999999999973,71119.20000000003,1.6375,1637.5,955.37193088091,1080.334579440133,125000.0,115.70489585252317,-231.40979170504633,-231.0,-208.41191191304142,-23.0
127,28/06/2017,163.05,164.04,162.78,163.45,1223067,1626310,RX1 Comdty,Future,EUX,EUR,0.01,10,1000,163450,163.45,160.5,0.8470965892849934,128,0.002,,1.1308,,1.1308,1000,36,0.05405405405405406,-0.30000000000001137,0.09000000000000682,-2.9499999999999886,0.08333333333333333,-35.399999999999864,0.35574607053199486,0.5964445242702752,9.543112388324403,-3.7094816197816423,30.0,-111.28444859344927,-20.0,700.799999999997,71820.00000000003,1.6344999999999998,1634.4999999999998,847.0965892849935,957.8968231634706,125000.0,130.49422127446397,-260.98844254892794,-261.0,-231.40979170504633,-30.0
128,29/06/2017,163.3,163.31,162.06,162.17,1052629,1605430,RX1 Comdty,Future,EUX,EUR,0.01,10,1000,162170,162.17,159.25,0.8628488615592309,129,0.002,,1.1308,,1.1308,1000,36,0.05405405405405406,-1.2800000000000011,1.638400000000003,-2.9199999999999875,0.08333333333333333,-35.03999999999985,0.42507871536810343,0.6519806096565323,10.431689754504516,-3.3589956013472504,30.0,-100.7698680404175,-20.0,700.8000000000038,72520.80000000003,1.6217,1621.6999999999998,862.848861559231,975.7094926511784,125000.0,128.11190312431265,-256.2238062486253,-256.0,-260.98844254892794,5.0
129,30/06/2017,162.05,162.6,161.65,161.87,959622,1590857,RX1 Comdty,Future,EUX,EUR,0.01,10,1000,161870,161.87,158.95,0.9687858652101122,130,0.002,,1.1308,,1.1308,1000,36,0.05405405405405406,-0.29999999999998295,0.08999999999998977,-2.920000000000016,0.08333333333333333,-35.04000000000019,0.40696635237523243,0.6379391447271694,10.20702631563471,-3.4329293289199554,30.0,-102.98787986759866,-20.0,698.3999999999992,73219.20000000003,1.6187,1618.7,968.7858652101122,1095.503056379595,125000.0,114.10283090683332,-228.2056618136666,-228.0,-256.2238062486253,28.0
130,03/07/2017,161.55,162.32,161.52,161.65,598644,1599109,RX1 Comdty,Future,EUX,EUR,0.01,10,1000,161650,161.65,158.74,1.1606281194156414,131,0.002,,1.1308,,1.1308,1000,36,0.05405405405405406,-0.21999999999999886,0.0483999999999995,-2.9099999999999966,0.08333333333333333,-34.91999999999996,0.38758438738197665,0.6225627577858931,9.96100412457429,-3.505670669671805,30.0,-105.17012009015414,-20.0,698.3999999999992,73917.60000000002,1.6165,1616.5,1160.6281194156413,1312.4382774352073,125000.0,95.24257418358557,-190.48514836717115,-190.0,-228.2056618136666,38.0
131,04/07/2017,161.92,162.2,161.8,161.85,418055,1585846,RX1 Comdty,Future,EUX,EUR,0.01,10,1000,161850,161.85,158.94,1.279984683296266,132,0.002,,1.1308,,1.1308,1000,36,0.05405405405405406,0.19999999999998863,0.039999999999995456,-2.9099999999999966,0.08333333333333333,-34.91999999999996,0.36879604211808575,0.6072857993713386,9.716572789941418,-3.5938597646434647,30.0,-107.81579293930395,-20.0,693.6000000000035,74611.20000000003,1.6185,1618.5,1279.984683296266,1447.4066798714175,125000.0,86.36135354239525,-172.7227070847905,-173.0,-190.48514836717115,18.0
132,05/07/2017,161.85,162.12,161.54,161.93,659034,1579761,RX1 Comdty,Future,EUX,EUR,0.01,10,1000,161930,161.93,159.04,1.3619088770813794,133,0.002,,1.1308,,1.1308,1000,36,0.05405405405405406,0.0800000000000125,0.006400000000002001,-2.890000000000015,0.08333333333333333,-34.68000000000018,0.3492070668684596,0.5909374475090063,9.454999160144101,-3.6679009075101416,30.0,-110.03702722530424,-20.0,691.1999999999989,75302.40000000002,1.6193000000000002,1619.3000000000002,1361.9088770813794,1540.0465582036238,125000.0,81.16637729823269,-162.33275459646538,-162.0,-172.7227070847905,10.0
133,06/07/2017,161.83,161.9,160.43,160.5,1225775,1607680,RX1 Comdty,Future,EUX,EUR,0.01,10,1000,160500,160.5,157.62,1.5571514985617485,134,0.002,,1.1308,,1.1308,1000,36,0.05405405405405406,-1.4300000000000068,2.0449000000000197,-2.8799999999999955,0.08333333333333333,-34.559999999999945,0.4408661443350304,0.6639775179439665,10.623640287103465,-3.25312219408953,30.0,-97.5936658226859,-20.0,684.0000000000055,75986.40000000002,1.605,1605.0,1557.1514985617484,1760.8269145736251,125000.0,70.98937377968696,-141.97874755937391,-142.0,-162.33275459646538,20.0
134,07/07/2017,160.54,160.73,160.31,160.49,782908,1596982,RX1 Comdty,Future,EUX,EUR,0.01,10,1000,160490,160.49,157.64,1.7048521312633342,135,0.002,,1.1308,,1.1308,1000,36,0.05405405405405406,-0.009999999999990905,9.99999999998181e-05,-2.8500000000000227,0.08333333333333333,-34.20000000000027,0.41704094734394764,0.64578707585701,10.33259321371216,-3.3099144902573148,30.0,-99.29743470771945,-20.0,686.3999999999965,76672.80000000002,1.6049000000000002,1604.9000000000003,1704.8521312633343,1927.8467900325784,125000.0,64.83917739017406,-129.67835478034812,-130.0,-141.97874755937391,12.0
135,10/07/2017,160.44,161.13,160.44,160.94,600631,1608882,RX1 Comdty,Future,EUX,EUR,0.01,10,1000,160940,160.94,158.08,1.7668463579584577,136,0.002,,1.1308,,1.1308,1000,36,0.05405405405405406,0.44999999999998863,0.20249999999998977,-2.859999999999985,0.08333333333333333,-34.31999999999982,0.4054441393794094,0.636744956304649,10.187919300874384,-3.368695705810537,30.0,-101.0608711743161,-20.0,686.3999999999965,77359.20000000001,1.6094,1609.3999999999999,1766.8463579584577,1997.9498615794241,125000.0,62.56413256596174,-125.12826513192348,-125.0,-129.67835478034812,5.0
136,11/07/2017,160.78,160.95,160.48,160.69,584656,1607344,RX1 Comdty,Future,EUX,EUR,0.01,10,1000,160690,160.69,157.83,1.8278704174961131,137,0.002,,1.1308,,1.1308,1000,36,0.05405405405405406,-0.25,0.0625,-2.859999999999985,0.08333333333333333,-34.31999999999982,0.38690661833187373,0.6220181816730711,9.952290906769138,-3.448452253004057,30.0,-103.45356759012171,-20.0,688.7999999999943,78048.0,1.6069,1606.9,1827.870417496113,2066.9558681046046,125000.0,60.47540827014599,-120.95081654029198,-121.0,-125.12826513192348,4.0
137,12/07/2017,160.97,161.44,160.83,161.42,689814,1608328,RX1 Comdty,Future,EUX,EUR,0.01,10,1000,161420,161.42,158.55,1.7872274175674494,138,0.002,,1.1308,,1.1308,1000,36,0.05405405405405406,0.7299999999999898,0.532899999999985,-2.869999999999976,0.08333333333333333,-34.43999999999971,0.39479815247609595,0.6283296527111354,10.053274443378166,-3.425749510169242,30.0,-102.77248530507727,-20.0,683.9999999999986,78732.0,1.6141999999999999,1614.1999999999998,1787.2274175674495,2020.996763785272,125000.0,61.850668066325056,-123.70133613265011,-124.0,-120.95081654029198,-3.0
138,13/07/2017,161.44,161.92,161.02,161.15,785938,1619264,RX1 Comdty,Future,EUX,EUR,0.01,10,1000,161150,161.15,158.3,1.7910222749796445,139,0.002,,1.1308,,1.1308,1000,36,0.05405405405405406,-0.2699999999999818,0.07289999999999018,-2.8499999999999943,0.08333333333333333,-34.19999999999993,0.3773982523422524,0.6143274797225438,9.8292396755607,-3.4794145965363312,30.0,-104.38243789608994,-20.0,683.9999999999986,79416.0,1.6115000000000002,1611.5000000000002,1791.0222749796444,2025.287988546982,125000.0,61.719617509645985,-123.43923501929198,-123.0,-123.70133613265011,0.0
139,14/07/2017,161.35,161.75,161.06,161.14,513700,1598316,RX1 Comdty,Future,EUX,EUR,0.01,10,1000,161140,161.14,158.29,1.769450107861235,140,0.002,,1.1308,,1.1308,1000,36,0.05405405405405406,-0.010000000000019327,0.00010000000000038654,-2.8499999999999943,0.08333333333333333,-34.19999999999993,0.3570037522156442,0.5974979098002303,9.559966556803685,-3.5774183724168265,30.0,-107.32255117250479,-20.0,683.9999999999986,80100.0,1.6114,1611.3999999999999,1769.450107861235,2000.8941819694846,125000.0,62.47206930101732,-124.94413860203466,-125.0,-123.43923501929198,-2.0
140,17/07/2017,161.08,161.53,161.06,161.28,369064,1587275,RX1 Comdty,Future,EUX,EUR,0.01,10,1000,161280,161.28,158.43,1.7281455683080624,141,0.002,,1.1308,,1.1308,1000,36,0.05405405405405406,0.14000000000001478,0.01960000000000414,-2.8499999999999943,0.08333333333333333,-34.19999999999993,0.3387657115553393,0.5820358335664045,9.312573337062473,-3.6724543004552452,30.0,-110.17362901365736,-20.0,688.8000000000011,80788.8,1.6128,1612.8,1728.1455683080624,1954.187008642757,125000.0,63.965219012901095,-127.93043802580219,-128.0,-124.94413860203466,-3.0
141,18/07/2017,161.45,161.77,161.24,161.61,577327,1576598,RX1 Comdty,Future,EUX,EUR,0.01,10,1000,161610,161.61,158.74,1.6376446500995485,142,0.002,,1.1308,,1.1308,1000,36,0.05405405405405406,0.3300000000000125,0.10890000000000825,-2.8700000000000045,0.08333333333333333,-34.440000000000055,0.3263405379577538,0.5712622322171788,9.14019571547486,-3.7679718325605673,30.0,-113.03915497681702,-20.0,688.7999999999943,81477.59999999999,1.6161,1616.1000000000001,1637.6446500995485,1851.8485703325694,125000.0,67.5001196115898,-135.0002392231796,-135.0,-127.93043802580219,-7.0
142,19/07/2017,161.61,162.03,161.57,161.92,521928,1557356,RX1 Comdty,Future,EUX,EUR,0.01,10,1000,161920,161.92,159.05,1.5140551161488638,143,0.002,,1.1308,,1.1308,1000,36,0.05405405405405406,0.30999999999997385,0.09609999999998378,-2.869999999999976,0.08333333333333333,-34.43999999999971,0.31389510347355,0.5602634232872515,8.964214772596025,-3.8419427550178984,30.0,-115.25828265053696,-20.0,688.8000000000011,82166.4,1.6192,1619.2,1514.0551161488638,1712.0935253411353,125000.0,73.0100302056184,-146.0200604112368,-146.0,-135.0002392231796,-11.0
143,20/07/2017,161.83,162.14,161.55,161.93,908180,1583325,RX1 Comdty,Future,EUX,EUR,0.01,10,1000,161930,161.93,159.06,1.3474180963292464,144,0.002,,1.1308,,1.1308,1000,36,0.05405405405405406,0.010000000000019327,0.00010000000000038654,-2.8700000000000045,0.08333333333333333,-34.440000000000055,0.29693320598849327,0.5449157788030121,8.718652460848194,-3.9501517183596464,30.0,-118.50455155078939,-20.0,691.1999999999989,82857.59999999999,1.6193000000000002,1619.3000000000002,1347.4180963292463,1523.6603833291117,125000.0,82.03927946651869,-164.07855893303739,-164.0,-146.0200604112368,-18.0
144,21/07/2017,162.02,162.56,161.99,162.48,560203,1579116,RX1 Comdty,Future,EUX,EUR,0.01,10,1000,162480,162.48,159.6,1.1459842930859805,145,0.002,,1.1308,,1.1308,1000,36,0.05405405405405406,0.549999999999983,0.30249999999998123,-2.8799999999999955,0.08333333333333333,-34.559999999999945,0.29723411377289805,0.5451918137434733,8.723069019895572,-3.961908351427177,30.0,-118.85725054281531,-20.0,696.0000000000014,83553.59999999999,1.6248,1624.8,1145.9842930859804,1295.8790386216267,125000.0,96.4596202844344,-192.9192405688688,-193.0,-164.07855893303739,-29.0
145,24/07/2017,162.34,162.67,162.26,162.54,370146,1566428,RX1 Comdty,Future,EUX,EUR,0.01,10,1000,162540,162.54,159.64,0.8693591105853271,146,0.002,,1.1308,,1.1308,1000,36,0.05405405405405406,0.060000000000002274,0.0036000000000002727,-2.9000000000000057,0.08333333333333333,-34.80000000000007,0.28136199951490354,0.5304356695348679,8.486970712557886,-4.100402979888652,30.0,-123.01208939665956,-20.0,696.0000000000014,84249.59999999999,1.6254,1625.3999999999999,869.3591105853271,983.071282249888,125000.0,127.15252927938354,-254.3050585587671,-254.0,-192.9192405688688,-61.0
146,25/07/2017,162.47,162.56,161.56,161.6,667184,1589060,RX1 Comdty,Future,EUX,EUR,0.01,10,1000,161600,161.6,158.7,0.7290835992783622,147,0.002,,1.1308,,1.1308,1000,36,0.05405405405405406,-0.9399999999999977,0.8835999999999957,-2.9000000000000057,0.08333333333333333,-34.80000000000007,0.31391540494653014,0.5602815407868889,8.964504652590222,-3.8819769020862616,30.0,-116.45930706258784,-20.0,691.1999999999989,84940.79999999999,1.6159999999999999,1615.9999999999998,729.0835992783622,824.4477340639719,125000.0,151.61664570758683,-303.23329141517365,-303.0,-254.3050585587671,-49.0
147,26/07/2017,161.71,162.1,161.64,161.78,486324,1571842,RX1 Comdty,Future,EUX,EUR,0.01,10,1000,161780,161.78,158.9,0.5925866581085836,148,0.002,,1.1308,,1.1308,1000,36,0.05405405405405406,0.18000000000000682,0.032400000000002455,-2.8799999999999955,0.08333333333333333,-34.559999999999945,0.2986983560305016,0.5465330328813636,8.744528526101817,-3.9521856320601754,30.0,-118.56556896180525,-20.0,695.9999999999945,85636.79999999999,1.6178000000000001,1617.8000000000002,592.5866581085836,670.0969929891863,125000.0,186.5401595706268,-373.0803191412536,-373.0,-303.23329141517365,-70.0
148,27/07/2017,162.01,162.5,161.95,162.23,572932,1577835,RX1 Comdty,Future,EUX,EUR,0.01,10,1000,162230,162.23,159.33,0.596048390829473,149,0.002,,1.1308,,1.1308,1000,36,0.05405405405405406,0.44999999999998863,0.20249999999998977,-2.8999999999999773,0.08333333333333333,-34.79999999999973,0.2934984448937172,0.5417549675764102,8.668079481222563,-4.014730145862884,30.0,-120.44190437588651,-20.0,691.1999999999989,86327.99999999999,1.6222999999999999,1622.3,596.0483908294731,674.0115203499681,125000.0,185.45677073159825,-370.9135414631965,-371.0,-373.0803191412536,2.0
149,28/07/2017,162.19,162.38,161.37,161.98,728936,1595023,RX1 Comdty,Future,EUX,EUR,0.01,10,1000,161980,161.98,159.1,0.5996531892421624,150,0.002,,1.1308,,1.1308,1000,36,0.05405405405405406,-0.25,0.0625,-2.8799999999999955,0.08333333333333333,-34.559999999999945,0.28101204246702977,0.5301056899025229,8.481691038440367,-4.074659150323745,30.0,-122.23977450971235,-20.0,688.7999999999943,87016.79999999997,1.6198,1619.8,599.6531892421624,678.0878263950373,125000.0,184.34190252986207,-368.68380505972414,-369.0,-370.9135414631965,2.0
150,31/07/2017,162.17,162.18,161.72,161.95,509597,1586803,RX1 Comdty,Future,EUX,EUR,0.01,10,1000,161950,161.95,159.08,0.6058615005878878,151,0.002,,1.1308,,1.1308,1000,36,0.05405405405405406,-0.030000000000001137,0.0009000000000000682,-2.869999999999976,0.08333333333333333,-34.43999999999971,0.2658708509823255,0.5156266585256483,8.250026536410372,-4.174532027018755,30.0,-125.23596081056266,-20.0,688.8000000000011,87705.59999999998,1.6195,1619.5,605.8615005878878,685.1081848647835,125000.0,182.45293628285967,-364.90587256571933,-365.0,-368.68380505972414,4.0
151,01/08/2017,161.88,162.94,161.82,162.8,684204,1613524,RX1 Comdty,Future,EUX,EUR,0.01,10,1000,162800,162.8,159.93,0.6634328586184081,152,0.002,,1.1308,,1.1308,1000,36,0.05405405405405406,0.8500000000000227,0.7225000000000387,-2.8700000000000045,0.08333333333333333,-34.440000000000055,0.29055350768598565,0.5390301547093499,8.624482475349598,-3.993283086658949,30.0,-119.79849259976847,-20.0,688.8000000000011,88394.39999999998,1.6280000000000001,1628.0,663.4328586184081,750.2098765256959,125000.0,166.62004048638855,-333.2400809727771,-333.0,-364.90587256571933,32.0
152,02/08/2017,162.89,162.97,162.63,162.86,493841,1608227,RX1 Comdty,Future,EUX,EUR,0.01,10,1000,162860,162.86,159.99,0.7168900304714201,153,0.002,,1.1308,,1.1308,1000,36,0.05405405405405406,0.060000000000002274,0.0036000000000002727,-2.8700000000000045,0.08333333333333333,-34.440000000000055,0.275042507270527,0.5244449516112506,8.39111922578001,-4.104339251215755,30.0,-123.13017753647266,-20.0,691.2000000000057,89085.59999999999,1.6286000000000003,1628.6000000000004,716.8900304714201,810.6592464570818,125000.0,154.19549033246952,-308.39098066493904,-308.0,-333.2400809727771,25.0
153,03/08/2017,162.86,163.48,162.71,163.3,567058,1592209,RX1 Comdty,Future,EUX,EUR,0.01,10,1000,163300,163.3,160.42,0.7501401623414703,154,0.002,,1.1308,,1.1308,1000,36,0.05405405405405406,0.4399999999999977,0.193599999999998,-2.880000000000024,0.08333333333333333,-34.56000000000029,0.2706402095802281,0.5202309194773299,8.323694711637279,-4.152002349591496,30.0,-124.56007048774487,-20.0,688.8000000000011,89774.4,1.6330000000000002,1633.0000000000002,750.1401623414703,848.2584955757346,125000.0,147.36074044877006,-294.7214808975401,-295.0,-308.39098066493904,14.0
154,04/08/2017,163.48,163.51,162.89,163.13,490006,1596832,RX1 Comdty,Future,EUX,EUR,0.01,10,1000,163130,163.13,160.26,0.7388488557064271,155,0.002,,1.1308,,1.1308,1000,36,0.05405405405405406,-0.17000000000001592,0.02890000000000541,-2.8700000000000045,0.08333333333333333,-34.440000000000055,0.2575731712245404,0.5075166708833715,8.120266734133944,-4.241239989719772,30.0,-127.23719969159316,-20.0,691.2000000000057,90465.6,1.6313,1631.3,738.8488557064271,835.4902860328278,125000.0,149.61275084781602,-299.22550169563203,-299.0,-294.7214808975401,-5.0
155,07/08/2017,163.09,163.38,162.84,163.3,324000,1604331,RX1 Comdty,Future,EUX,EUR,0.01,10,1000,163300,163.3,160.42,0.7594906534193069,156,0.002,,1.1308,,1.1308,1000,36,0.05405405405405406,0.17000000000001592,0.02890000000000541,-2.880000000000024,0.08333333333333333,-34.56000000000029,0.2452124592664574,0.4951893165916016,7.9230290654656255,-4.361968095086023,30.0,-130.85904285258067,-20.0,691.1999999999989,91156.8,1.6330000000000002,1633.0000000000002,759.4906534193069,858.8320308865523,125000.0,145.54650444390788,-291.09300888781576,-291.0,-299.22550169563203,8.0
156,08/08/2017,163.32,163.42,163.03,163.13,343112,1601908,RX1 Comdty,Future,EUX,EUR,0.01,10,1000,163130,163.13,160.25,0.7239095247333437,157,0.002,,1.1308,,1.1308,1000,36,0.05405405405405406,-0.17000000000001592,0.02890000000000541,-2.8799999999999955,0.08333333333333333,-34.559999999999945,0.23351989390070324,0.48323896148872686,7.73182338381963,-4.4698382625143225,30.0,-134.0951478754297,-20.0,691.1999999999989,91848.0,1.6313,1631.3,723.9095247333437,818.596890568465,125000.0,152.7003112767692,-305.4006225535384,-305.0,-291.09300888781576,-14.0
157,09/08/2017,163.28,163.99,163.25,163.9,609012,1606475,RX1 Comdty,Future,EUX,EUR,0.01,10,1000,163900,163.9,161.02,0.7962905777479284,158,0.002,,1.1308,,1.1308,1000,36,0.05405405405405406,0.7700000000000102,0.5929000000000157,-2.8799999999999955,0.08333333333333333,-34.559999999999945,0.25294584558174715,0.5029372183302278,8.046995493283644,-4.294770641893009,30.0,-128.84311925679026,-20.0,691.2000000000057,92539.20000000001,1.639,1639.0,796.2905777479284,900.4453853173575,125000.0,138.8201905837347,-277.6403811674694,-278.0,-305.4006225535384,28.0
158,10/08/2017,163.78,164.3,163.64,164.11,467221,1597073,RX1 Comdty,Future,EUX,EUR,0.01,10,1000,164110,164.11,161.23,0.8448000386261253,159,0.002,,1.1308,,1.1308,1000,36,0.05405405405405406,0.21000000000000796,0.044100000000003345,-2.880000000000024,0.08333333333333333,-34.56000000000029,0.24165688095570695,0.49158608702414164,7.865377392386266,-4.393940465393889,30.0,-131.8182139618167,-20.0,693.5999999999967,93232.8,1.6411000000000002,1641.1000000000001,844.8000386261253,955.2998836784226,125000.0,130.8489639072102,-261.6979278144204,-262.0,-277.6403811674694,16.0
159,11/08/2017,164.34,164.64,164.19,164.54,551027,1613264,RX1 Comdty,Future,EUX,EUR,0.01,10,1000,164540,164.54,161.65,0.9074039024077044,160,0.002,,1.1308,,1.1308,1000,36,0.05405405405405406,0.4299999999999784,0.1848999999999814,-2.8899999999999864,0.08333333333333333,-34.679999999999836,0.23858894144458664,0.48845566988682465,7.815290718189194,-4.437454888182995,30.0,-133.12364664548986,-20.0,693.5999999999967,93926.4,1.6454,1645.3999999999999,907.4039024077044,1026.0923328426322,125000.0,121.82139559868513,-243.64279119737026,-244.0,-261.6979278144204,18.0
160,14/08/2017,164.43,164.44,163.86,164.2,392761,1608339,RX1 Comdty,Future,EUX,EUR,0.01,10,1000,164200,164.2,161.31,0.9155813511238173,161,0.002,,1.1308,,1.1308,1000,36,0.05405405405405406,-0.3400000000000034,0.11560000000000233,-2.8899999999999864,0.08333333333333333,-34.679999999999836,0.2319408905556902,0.4816024195907764,7.705638713452422,-4.500600312269489,30.0,-135.01800936808468,-20.0,691.1999999999989,94617.59999999999,1.642,1642.0,915.5813511238173,1035.3393918508127,125000.0,120.73335660159242,-241.46671320318484,-241.0,-243.64279119737026,2.0
161,15/08/2017,163.94,164.08,163.45,163.85,522924,1606503,RX1 Comdty,Future,EUX,EUR,0.01,10,1000,163850,163.85,160.97,0.9038530097074651,162,0.002,,1.1308,,1.1308,1000,36,0.05405405405405406,-0.3499999999999943,0.12249999999999601,-2.8799999999999955,0.08333333333333333,-34.559999999999945,0.2260251667418689,0.47542104154303994,7.606736664688639,-4.543341188663925,30.0,-136.30023565991775,-20.0,688.8000000000011,95306.4,1.6385,1638.5,903.853009707465,1022.0769833772015,125000.0,122.29998525841792,-244.59997051683587,-245.0,-241.46671320318484,-3.0
162,16/08/2017,163.8,164.02,163.36,163.75,532766,1594489,RX1 Comdty,Future,EUX,EUR,0.01,10,1000,163750,163.75,160.88,0.8945072151156965,163,0.002,,1.1308,,1.1308,1000,36,0.05405405405405406,-0.09999999999999432,0.009999999999998864,-2.8700000000000045,0.08333333333333333,-34.440000000000055,0.2143481307017678,0.46297746241233795,7.407639398597407,-4.649254390882076,30.0,-139.47763172646228,-20.0,688.7999999999943,95995.19999999998,1.6375,1637.5,894.5072151156966,1011.5087588528297,125000.0,123.57777320857285,-247.1555464171457,-247.0,-244.59997051683587,-3.0
163,17/08/2017,163.98,164.33,163.71,163.95,482661,1586280,RX1 Comdty,Future,EUX,EUR,0.01,10,1000,163950,163.95,161.08,0.8851280014475976,164,0.002,,1.1308,,1.1308,1000,36,0.05405405405405406,0.19999999999998863,0.039999999999995456,-2.869999999999976,0.08333333333333333,-34.43999999999971,0.2049239074205909,0.4526852189111004,7.242963502577607,-4.754959760289182,30.0,-142.64879280867547,-20.0,688.8000000000011,96683.99999999999,1.6395,1639.5,885.1280014475976,1000.9027440369434,125000.0,124.8872587718535,-249.774517543707,-250.0,-247.1555464171457,-3.0
164,18/08/2017,164.18,164.48,164.0,164.36,500843,1590822,RX1 Comdty,Future,EUX,EUR,0.01,10,1000,164360,164.36,161.49,0.9184833035752865,165,0.002,,1.1308,,1.1308,1000,36,0.05405405405405406,0.410000000000025,0.1681000000000205,-2.8700000000000045,0.08333333333333333,-34.440000000000055,0.20293342593839792,0.4504813269586187,7.207701231337899,-4.7782224726880465,30.0,-143.3466741806414,-20.0,686.3999999999965,97370.39999999998,1.6436000000000002,1643.6000000000001,918.4833035752865,1038.620919682934,125000.0,120.35189897596082,-240.70379795192167,-241.0,-249.774517543707,9.0
165,21/08/2017,164.09,164.57,164.05,164.44,376485,1594322,RX1 Comdty,Future,EUX,EUR,0.01,10,1000,164440,164.44,161.58,0.9484258426184531,166,0.002,,1.1308,,1.1308,1000,36,0.05405405405405406,0.07999999999998408,0.006399999999997454,-2.859999999999985,0.08333333333333333,-34.31999999999982,0.1923099975092952,0.43853163797985567,7.016506207677691,-4.891323257498975,30.0,-146.73969772496923,-20.0,683.9999999999986,98054.39999999998,1.6444,1644.4,948.4258426184531,1072.4799428329468,125000.0,116.55229623205219,-233.10459246410437,-233.0,-240.70379795192167,8.0
166,22/08/2017,164.39,164.47,164.12,164.44,468241,1594270,RX1 Comdty,Future,EUX,EUR,0.01,10,1000,164440,164.44,161.59,0.8984079485981561,167,0.002,,1.1308,,1.1308,1000,36,0.05405405405405406,0.0,0.0,-2.8499999999999943,0.08333333333333333,-34.19999999999993,0.18191486250879277,0.42651478580325064,6.82423657285201,-5.0115495901847,30.0,-150.346487705541,-20.0,683.9999999999986,98738.39999999998,1.6444,1644.4,898.407948598156,1015.9197082747949,125000.0,123.04121967696773,-246.08243935393548,-246.0,-233.10459246410437,-13.0
167,23/08/2017,164.35,164.89,164.22,164.85,615176,1611327,RX1 Comdty,Future,EUX,EUR,0.01,10,1000,164850,164.85,162.0,0.8688302783804125,168,0.002,,1.1308,,1.1308,1000,36,0.05405405405405406,0.4099999999999966,0.1680999999999972,-2.8499999999999943,0.08333333333333333,-34.19999999999993,0.181168113183993,0.42563847709528446,6.810215633524551,-5.021867418065895,30.0,-150.65602254197685,-20.0,686.4000000000033,99424.79999999999,1.6485,1648.5,868.8302783804124,982.4732787925705,125000.0,127.22992339661509,-254.45984679323018,-254.0,-246.08243935393548,-8.0
168,24/08/2017,164.87,164.9,164.66,164.75,420389,1605294,RX1 Comdty,Future,EUX,EUR,0.01,10,1000,164750,164.75,161.89,0.849299866452854,169,0.002,,1.1308,,1.1308,1000,36,0.05405405405405406,-0.09999999999999432,0.009999999999998864,-2.8600000000000136,0.08333333333333333,-34.320000000000164,0.17191578274161495,0.4146272817140895,6.634036507425432,-5.173320942926078,30.0,-155.19962828778233,-20.0,686.4000000000033,100111.2,1.6475,1647.5,849.2998664528541,960.3882889848874,125000.0,130.15568956189864,-260.3113791237973,-260.0,-254.45984679323018,-6.0
169,25/08/2017,164.69,164.8,164.36,164.77,454029,1574506,RX1 Comdty,Future,EUX,EUR,0.01,10,1000,164770,164.77,161.91,0.7819200389856289,170,0.002,,1.1308,,1.1308,1000,36,0.05405405405405406,0.020000000000010232,0.00040000000000040925,-2.8600000000000136,0.08333333333333333,-34.320000000000164,0.16264465935017633,0.4032922753415646,6.452676405465033,-5.318723246517238,30.0,-159.56169739551714,-20.0,691.1999999999989,100802.4,1.6477000000000002,1647.7000000000003,781.9200389856289,884.1951800849492,125000.0,141.37150124250914,-282.7430024850183,-283.0,-260.3113791237973,-22.0
170,28/08/2017,164.86,164.98,164.58,164.96,298546,1534448,RX1 Comdty,Future,EUX,EUR,0.01,10,1000,164960,164.96,162.08,0.687187057961926,171,0.002,,1.1308,,1.1308,1000,36,0.05405405405405406,0.18999999999999773,0.03609999999999913,-2.8799999999999955,0.08333333333333333,-34.559999999999945,0.15580440749340999,0.39472067021301277,6.315530723408204,-5.472224190423934,30.0,-164.16672571271803,-20.0,691.1999999999989,101493.59999999999,1.6496000000000002,1649.6000000000001,687.187057961926,777.071125143346,125000.0,160.86043600827568,-321.72087201655137,-322.0,-282.7430024850183,-39.0
171,29/08/2017,165.03,165.69,165.0,165.43,788843,1512233,RX1 Comdty,Future,EUX,EUR,0.01,10,1000,165430,165.43,162.55,0.7030677140397227,172,0.002,,1.1308,,1.1308,1000,36,0.05405405405405406,0.46999999999999886,0.22089999999999893,-2.8799999999999955,0.08333333333333333,-34.559999999999945,0.15932308816944182,0.39915296337299294,6.386447413967887,-5.411459260497987,30.0,-162.3437778149396,-20.0,688.7999999999943,102182.39999999998,1.6543,1654.3000000000002,703.0677140397227,795.0289710361184,125000.0,157.2269748070869,-314.4539496141738,-314.0,-321.72087201655137,7.0
172,30/08/2017,165.26,165.31,164.92,165.14,676228,1474850,RX1 Comdty,Future,EUX,EUR,0.01,10,1000,165140,165.14,162.27,0.6755621440881585,173,0.002,,1.1308,,1.1308,1000,36,0.05405405405405406,-0.29000000000002046,0.08410000000001187,-2.869999999999976,0.08333333333333333,-34.43999999999971,0.1552569752954186,0.3940266174961009,6.3044258799376145,-5.462828916681707,30.0,-163.8848675004512,-20.0,688.8000000000011,102871.19999999998,1.6514,1651.4,675.5621440881586,763.9256725348897,125000.0,163.62848441160492,-327.25696882320983,-327.0,-314.4539496141738,-13.0
173,31/08/2017,165.13,165.29,164.85,165.08,706070,1383000,RX1 Comdty,Future,EUX,EUR,0.01,10,1000,165080,165.08,162.21,0.6658544174681106,174,0.002,,1.1308,,1.1308,1000,36,0.05405405405405406,-0.05999999999997385,0.0035999999999968622,-2.8700000000000045,0.08333333333333333,-34.440000000000055,0.14705930095512554,0.3834831169101523,6.135729870562437,-5.613024159559861,30.0,-168.39072478679583,-20.0,688.8000000000011,103559.99999999999,1.6508000000000003,1650.8000000000002,665.8544174681106,752.9481752729395,125000.0,166.0140818518993,-332.0281637037986,-332.0,-327.25696882320983,-5.0
174,01/09/2017,165.15,165.21,164.52,164.86,959778,1227496,RX1 Comdty,Future,EUX,EUR,0.01,10,1000,164860,164.86,161.99,0.6158047793857979,175,0.002,,1.1308,,1.1308,1000,36,0.05405405405405406,-0.21999999999999886,0.0483999999999995,-2.8700000000000045,0.08333333333333333,-34.440000000000055,0.14172636576836198,0.376465623621018,6.023449977936288,-5.717653525164601,30.0,-171.52960575493802,-20.0,691.1999999999989,104251.19999999998,1.6486,1648.6000000000001,615.8047793857979,696.3520445294603,125000.0,179.50690456357478,-359.01380912714956,-359.0,-332.0281637037986,-27.0
175,04/09/2017,162.12,162.28,162.02,162.16,931545,1046113,RX1 Comdty,Future,EUX,EUR,0.01,10,1000,162160,165.04,162.16,0.75832415648878,176,0.002,,1.1308,,1.1308,1000,36,0.05405405405405406,0.1799999999999784,0.03239999999999223,-2.8799999999999955,0.08333333333333333,-34.559999999999945,0.13581683248358523,0.36853335328513376,5.89653365256214,-5.8610705944132215,30.0,-175.83211783239665,-20.0,691.2000000000057,104942.4,1.6503999999999999,1650.3999999999999,758.3241564887801,857.5129561575126,125000.0,145.7703922750286,-291.5407845500572,-292.0,-359.01380912714956,67.0
176,05/09/2017,162.15,162.93,161.96,162.64,1385310,1486287,RX1 Comdty,Future,EUX,EUR,0.01,10,1000,162640,165.52,162.64,0.8056896359469479,177,0.002,,1.1308,,1.1308,1000,36,0.05405405405405406,0.4800000000000182,0.23040000000001745,-2.880000000000024,0.08333333333333333,-34.56000000000029,0.14092943613312212,0.3754056953924942,6.006491126279907,-5.753775253041098,30.0,-172.61325759123295,-20.0,698.3999999999992,105640.79999999999,1.6552000000000002,1655.2000000000003,805.6896359469479,911.0738403288087,125000.0,137.20073441565089,-274.40146883130177,-274.0,-291.5407845500572,17.0
177,06/09/2017,162.79,162.84,162.24,162.57,999423,1667630,RX1 Comdty,Future,EUX,EUR,0.01,10,1000,162570,165.48,162.57,0.8915384397054092,178,0.002,,1.1308,,1.1308,1000,36,0.05405405405405406,-0.040000000000020464,0.001600000000001637,-2.9099999999999966,0.08333333333333333,-34.91999999999996,0.13339811526106155,0.3652370672057555,5.843793075292088,-5.975570926295087,30.0,-179.2671277888526,-20.0,525.5999999999995,106166.4,1.6547999999999998,1654.7999999999997,891.5384397054092,1008.1516676188768,125000.0,123.9892805962755,-247.978561192551,-248.0,-274.40146883130177,26.0
178,07/09/2017,162.3,163.24,162.22,163.18,880299,1695491,RX1 Comdty,Future,EUX,EUR,0.01,10,1000,163180,165.37,163.18,0.9225274207870223,179,0.002,,1.1308,,1.1308,1000,36,0.05405405405405406,-0.10999999999998522,0.012099999999996749,-2.1899999999999977,0.08333333333333333,-26.279999999999973,0.12684146038208508,0.3561480877136435,5.698369403418296,-4.61184562451064,30.0,-138.35536873531922,-20.0,108.00000000000409,106274.4,1.6537000000000002,1653.7000000000003,922.5274207870224,1043.1940074259649,125000.0,119.8243079524891,-239.64861590497816,-240.0,-247.978561192551,8.0
179,08/09/2017,163.4,163.43,162.82,162.96,625183,1697534,RX1 Comdty,Future,EUX,EUR,0.01,10,1000,162960,162.96,162.51,0.9584697233220489,180,0.002,,1.1308,,1.1308,1000,36,0.05405405405405406,-2.4099999999999966,5.808099999999984,-0.45000000000001705,0.08333333333333333,-5.400000000000205,0.4339365165776472,0.6587385798460929,10.539817277537486,-0.5123428478697362,30.0,-15.370285436092084,-15.370285436092084,82.9995413549004,106357.3995413549,1.6296000000000002,1629.6000000000001,958.4697233220489,1083.837563132573,125000.0,115.33093542054164,-177.26693970252276,-177.0,-239.64861590497816,62.0
180,11/09/2017,162.85,162.89,162.64,162.77,459138,1701763,RX1 Comdty,Future,EUX,EUR,0.01,10,1000,162770,162.77,162.32,1.0041989475768989,181,0.002,,1.1308,,1.1308,1000,36,0.05405405405405406,-0.18999999999999773,0.03609999999999913,-0.45000000000001705,0.08333333333333333,-5.400000000000205,0.41243184000588246,0.642208564257658,10.275337028122529,-0.5255302074492512,30.0,-15.765906223477534,-15.765906223477534,85.1358936067819,106442.53543496168,1.6277000000000001,1627.7,1004.1989475768988,1135.5481699199572,125000.0,110.07899383855379,-173.54950940334004,-174.0,-177.26693970252276,4.0
181,12/09/2017,162.67,162.7,161.73,161.87,757283,1701307,RX1 Comdty,Future,EUX,EUR,0.01,10,1000,161870,161.87,161.42,1.1158771626411546,182,0.002,,1.1308,,1.1308,1000,36,0.05405405405405406,-0.9000000000000057,0.8100000000000103,-0.45000000000001705,0.08333333333333333,-5.400000000000205,0.4339220108163758,0.6587275694977217,10.539641111963547,-0.5123514114603641,30.0,-15.370542343810923,-15.370542343810923,84.84539373783777,106527.38082869952,1.6187,1618.7,1115.8771626411547,1261.8338955146178,125000.0,99.0621669336445,-152.26392315232494,-152.0,-173.54950940334004,21.0
182,13/09/2017,161.96,162.07,161.62,161.72,619964,1711512,RX1 Comdty,Future,EUX,EUR,0.01,10,1000,161720,161.72,161.26,1.2219720903001605,183,0.002,,1.1308,,1.1308,1000,36,0.05405405405405406,-0.15000000000000568,0.022500000000001706,-0.46000000000000796,0.08333333333333333,-5.5200000000000955,0.41168298320467994,0.6416252669624849,10.266004271399758,-0.5376970293474707,30.0,-16.13091088042412,-16.13091088042412,89.04262805994269,106616.42345675947,1.6172,1617.2,1221.9720903001605,1381.8060397114216,125000.0,90.46132120402744,-145.92235104675876,-146.0,-152.26392315232494,6.0
183,14/09/2017,161.71,162.05,161.37,161.56,733985,1705997,RX1 Comdty,Future,EUX,EUR,0.01,10,1000,161560,161.56,161.1,1.3237843479958937,184,0.002,,1.1308,,1.1308,1000,36,0.05405405405405406,-0.1599999999999966,0.02559999999999891,-0.46000000000000796,0.08333333333333333,-5.5200000000000955,0.3908136327611837,0.6251508879951972,10.002414207923156,-0.5518667678876534,30.0,-16.556003036629605,-16.556003036629605,95.36257749098449,106711.78603425046,1.6156000000000001,1615.6000000000001,1323.7843479958938,1496.9353407137567,125000.0,83.50394075164162,-138.24914966547175,-138.0,-145.92235104675876,8.0
184,15/09/2017,161.77,161.82,161.07,161.19,676738,1719423,RX1 Comdty,Future,EUX,EUR,0.01,10,1000,161190,161.19,160.71,1.4293800643705767,185,0.002,,1.1308,,1.1308,1000,36,0.05405405405405406,-0.37000000000000455,0.13690000000000335,-0.47999999999998977,0.08333333333333333,-5.759999999999877,0.3770885715308496,0.6140753793557022,9.825206069691236,-0.5862472460265548,30.0,-17.587417380796644,-17.587417380796644,103.41401419908618,106815.20004844954,1.6119,1611.9,1429.3800643705767,1616.3429767902483,125000.0,77.33507169884598,-136.01241841414384,-136.0,-138.24914966547175,2.0
185,18/09/2017,161.26,161.42,160.86,160.94,553595,1708259,RX1 Comdty,Future,EUX,EUR,0.01,10,1000,160940,160.94,160.45,1.527742055935078,186,0.002,,1.1308,,1.1308,1000,36,0.05405405405405406,-0.25,0.0625,-0.4900000000000091,0.08333333333333333,-5.880000000000109,0.36008378388053347,0.6000698158385684,9.601117053417095,-0.6124287379568383,30.0,-18.37286213870515,-18.37286213870515,105.8276859189394,106921.02773436847,1.6094,1609.3999999999999,1527.742055935078,1727.5707168513864,125000.0,72.3559381857438,-132.93856772033422,-133.0,-136.01241841414384,3.0
186,19/09/2017,161.01,161.37,160.92,161.09,633450,1698278,RX1 Comdty,Future,EUX,EUR,0.01,10,1000,161090,161.09,160.61,1.5892019678870173,187,0.002,,1.1308,,1.1308,1000,36,0.05405405405405406,0.15000000000000568,0.022500000000001706,-0.47999999999998977,0.08333333333333333,-5.759999999999877,0.3418360117788831,0.5846674369065573,9.354678990504917,-0.6157346506327293,30.0,-18.472039518981877,-18.472039518981877,106.39894762933334,107027.42668199781,1.6109,1610.9,1589.2019678870172,1797.069585286639,125000.0,69.55768492407157,-128.48723047663398,-128.0,-132.93856772033422,4.0
187,20/09/2017,161.07,161.41,160.76,161.32,530232,1686731,RX1 Comdty,Future,EUX,EUR,0.01,10,1000,161320,161.32,160.84,1.5951822202459123,188,0.002,,1.1308,,1.1308,1000,36,0.05405405405405406,0.22999999999998977,0.05289999999999529,-0.47999999999998977,0.08333333333333333,-5.759999999999877,0.3262178489800243,0.5711548380080697,9.138477408129114,-0.6303019357334166,30.0,-18.909058072002498,-18.909058072002498,111.18526146337031,107138.61194346118,1.6132,1613.2,1595.1822202459123,1803.8320546540776,125000.0,69.29691690392505,-131.03394259470502,-131.0,-128.48723047663398,-3.0
188,21/09/2017,160.92,161.2,160.66,161.14,729118,1681196,RX1 Comdty,Future,EUX,EUR,0.01,10,1000,161140,161.14,160.65,1.5967001333339825,189,0.002,,1.1308,,1.1308,1000,36,0.05405405405405406,-0.18000000000000682,0.032400000000002455,-0.4899999999999807,0.08333333333333333,-5.879999999999768,0.3103358030892123,0.5570779147383356,8.913246635813369,-0.6596922805180735,30.0,-19.790768415542203,-19.790768415542203,113.9948260735274,107252.6067695347,1.6114,1611.3999999999999,1596.7001333339824,1805.5485107740674,125000.0,69.23103935125538,-137.01354669679841,-137.0,-131.03394259470502,-6.0
189,22/09/2017,161.19,161.26,160.88,161.12,511178,1666281,RX1 Comdty,Future,EUX,EUR,0.01,10,1000,161120,161.12,160.64,1.5762664081534707,190,0.002,,1.1308,,1.1308,1000,36,0.05405405405405406,-0.01999999999998181,0.0003999999999992724,-0.4800000000000182,0.08333333333333333,-5.760000000000218,0.29358251643574135,0.5418325538722654,8.669320861956246,-0.6644119062747973,30.0,-19.93235718824392,-19.93235718824392,110.02661167910834,107362.6333812138,1.6112000000000002,1611.2000000000003,1576.2664081534708,1782.442054339945,125000.0,70.12850695238374,-139.782644965316,-140.0,-137.01354669679841,-3.0
190,25/09/2017,161.3,161.98,161.12,161.93,806358,1673239,RX1 Comdty,Future,EUX,EUR,0.01,10,1000,161930,161.93,161.47,1.4893137769842897,191,0.002,,1.1308,,1.1308,1000,36,0.05405405405405406,0.8100000000000023,0.6561000000000037,-0.46000000000000796,0.08333333333333333,-5.5200000000000955,0.31317805608786364,0.5596231375558588,8.95397020089374,-0.6164863045276961,30.0,-18.494589135830886,-18.494589135830886,104.30948272608595,107466.94286393988,1.6193000000000002,1619.3000000000002,1489.3137769842897,1684.1160190138348,125000.0,74.2229149231631,-137.27223159676325,-137.0,-139.782644965316,3.0
191,26/09/2017,161.93,161.95,161.62,161.71,566003,1671369,RX1 Comdty,Future,EUX,EUR,0.01,10,1000,161710,161.71,161.24,1.3325791178247752,192,0.002,,1.1308,,1.1308,1000,36,0.05405405405405406,-0.21999999999999886,0.0483999999999995,-0.46999999999999886,0.08333333333333333,-5.639999999999986,0.2988657287317629,0.5466861336560156,8.74697813849625,-0.6447941118290705,30.0,-19.343823354872114,-19.343823354872114,123.02671653698691,107589.96958047687,1.6171000000000002,1617.1000000000001,1332.5791178247753,1506.8804664362558,125000.0,82.95283055571267,-160.46249010563437,-160.0,-137.27223159676325,-23.0
192,27/09/2017,161.67,161.68,160.65,161.02,1051494,1679297,RX1 Comdty,Future,EUX,EUR,0.01,10,1000,161020,161.02,160.49,1.1888750764348666,193,0.002,,1.1308,,1.1308,1000,36,0.05405405405405406,-0.6899999999999977,0.47609999999999686,-0.5300000000000011,0.08333333333333333,-6.360000000000014,0.3084459596111269,0.555379113409144,8.886065814546305,-0.7157273120337265,30.0,-21.471819361011796,-20.0,127.20000000000027,107717.16958047687,1.6102,1610.2,1188.8750764348665,1344.379936432547,125000.0,92.97966788443793,-185.95933576887586,-186.0,-160.46249010563437,-25.0
193,28/09/2017,160.56,160.96,160.24,160.8,767971,1676111,RX1 Comdty,Future,EUX,EUR,0.01,10,1000,160800,160.8,160.27,1.0027324510659508,194,0.002,,1.1308,,1.1308,1000,36,0.05405405405405406,-0.21999999999999886,0.0483999999999995,-0.5300000000000011,0.08333333333333333,-6.360000000000014,0.2943894212537687,0.542576650118459,8.681226401895344,-0.7326153823855412,30.0,-21.978461471566238,-20.0,122.39999999999782,107839.56958047686,1.608,1608.0,1002.7324510659507,1133.8898556653771,125000.0,110.23998440011516,-220.47996880023032,-220.0,-185.95933576887586,-35.0
194,29/09/2017,160.94,161.31,160.79,161.01,739820,1680639,RX1 Comdty,Future,EUX,EUR,0.01,10,1000,161010,161.01,160.5,0.7471031775427647,195,0.002,,1.1308,,1.1308,1000,36,0.05405405405405406,0.20999999999997954,0.0440999999999914,-0.5099999999999909,0.08333333333333333,-6.119999999999891,0.28086026334815917,0.5299625112667491,8.479400180267985,-0.7217491650224807,30.0,-21.65247495067442,-20.0,122.39999999999782,107961.96958047686,1.6100999999999999,1610.1,747.1031775427647,844.8242731653584,125000.0,147.95976390646817,-295.91952781293634,-296.0,-220.47996880023032,-75.0
195,02/10/2017,160.81,161.37,160.66,161.22,712863,1697876,RX1 Comdty,Future,EUX,EUR,0.01,10,1000,161220,161.22,160.71,0.7485255682443787,196,0.002,,1.1308,,1.1308,1000,36,0.05405405405405406,0.21000000000000796,0.044100000000003345,-0.5099999999999909,0.08333333333333333,-6.119999999999891,0.26806241127528585,0.5177474396607731,8.28395903457237,-0.7387771926996033,30.0,-22.1633157809881,-20.0,122.39999999999782,108084.36958047685,1.6122,1612.2,748.5255682443786,846.4327125707434,125000.0,147.67860237862996,-295.3572047572599,-295.0,-295.91952781293634,1.0
196,03/10/2017,161.09,161.21,160.65,161.12,535001,1703363,RX1 Comdty,Future,EUX,EUR,0.01,10,1000,161120,161.12,160.61,0.7235264517041553,197,0.002,,1.1308,,1.1308,1000,36,0.05405405405405406,-0.09999999999999432,0.009999999999998864,-0.5099999999999909,0.08333333333333333,-6.119999999999891,0.25411309174689195,0.5040963119750946,8.065540991601514,-0.7587835715387875,30.0,-22.763507146163626,-20.0,117.59999999999536,108201.96958047684,1.6112000000000002,1611.2000000000003,723.5264517041553,818.1637115870589,125000.0,152.7811588679817,-305.5623177359634,-306.0,-295.3572047572599,-10.0
197,04/10/2017,161.23,161.82,161.16,161.32,958419,1704143,RX1 Comdty,Future,EUX,EUR,0.01,10,1000,161320,161.32,160.83,0.689610683456026,198,0.002,,1.1308,,1.1308,1000,36,0.05405405405405406,0.19999999999998863,0.039999999999995456,-0.4899999999999807,0.08333333333333333,-5.879999999999768,0.24253941111192456,0.49248290438544623,7.87972647016714,-0.7462187960789768,30.0,-22.386563882369302,-20.0,120.0,108321.96958047684,1.6132,1613.2,689.6106834560261,779.8117608520744,125000.0,160.29509463080765,-320.5901892616153,-321.0,-305.5623177359634,-15.0
198,05/10/2017,161.25,161.66,161.05,161.22,759204,1711371,RX1 Comdty,Future,EUX,EUR,0.01,10,1000,161220,161.22,160.72,0.575538877922151,199,0.002,,1.1308,,1.1308,1000,36,0.05405405405405406,-0.09999999999999432,0.009999999999998864,-0.5,0.08333333333333333,-6.0,0.22996971321398263,0.47955157513450275,7.672825202152044,-0.7819805406641016,30.0,-23.45941621992305,-20.0,120.0,108441.96958047684,1.6122,1612.2,575.538877922151,650.8193631543684,125000.0,192.06558236705558,-384.13116473411117,-384.0,-320.5901892616153,-64.0
199,06/10/2017,161.27,161.3,160.59,161.16,842245,1708732,RX1 Comdty,Future,EUX,EUR,0.01,10,1000,161160,161.16,160.66,0.45543819269835983,200,0.002,,1.1308,,1.1308,1000,36,0.05405405405405406,-0.060000000000002274,0.0036000000000002727,-0.5,0.08333333333333333,-6.0,0.21773351249971332,0.46661923717278664,7.465907794764586,-0.8036531075574569,30.0,-24.109593226723707,-20.0,120.0,108561.96958047684,1.6116,1611.6,455.43819269835984,515.0095083033053,125000.0,242.713965440777,-485.42793088155406,-485.0,-384.13116473411117,-101.0
200,09/10/2017,161.07,161.49,161.07,161.44,362385,1715851,RX1 Comdty,Future,EUX,EUR,0.01,10,1000,161440,161.44,160.94,0.3141320540288372,201,0.002,,1.1308,,1.1308,1000,36,0.05405405405405406,0.28000000000000114,0.07840000000000064,-0.5,0.08333333333333333,-6.0,0.21020197128351265,0.45847788527202993,7.335646164352479,-0.817923856409127,30.0,-24.53771569227381,-20.0,115.19999999999754,108677.16958047684,1.6144,1614.4,314.1320540288372,355.22052669580916,125000.0,351.8940787648878,-703.7881575297756,-704.0,-485.42793088155406,-218.0
201,10/10/2017,161.4,161.68,161.13,161.48,756460,1714359,RX1 Comdty,Future,EUX,EUR,0.01,10,1000,161480,161.48,161.0,0.2875390133712117,202,0.002,,1.1308,,1.1308,1000,36,0.05405405405405406,0.03999999999999204,0.0015999999999993634,-0.47999999999998977,0.08333333333333333,-5.759999999999877,0.1989261890519714,0.4460114225577316,7.136182760923705,-0.8071542157721174,30.0,-24.214626473163523,-20.0,117.59999999999536,108794.76958047683,1.6148,1614.8,287.5390133712117,325.1491163201662,125000.0,384.43899652772126,-768.8779930554425,-769.0,-703.7881575297756,-65.0
202,11/10/2017,161.25,161.4,161.11,161.26,568499,1727321,RX1 Comdty,Future,EUX,EUR,0.01,10,1000,161260,161.26,160.77,0.26783488629333463,203,0.002,,1.1308,,1.1308,1000,36,0.05405405405405406,-0.21999999999999886,0.0483999999999995,-0.4899999999999807,0.08333333333333333,-5.879999999999768,0.19078963829240536,0.4367947324458084,6.9887157191329345,-0.8413563001142188,30.0,-25.240689003426564,-20.0,115.19999999999754,108909.96958047683,1.6126,1612.6000000000001,267.83488629333465,302.8676894205028,125000.0,412.7214766262157,-825.4429532524315,-825.0,-768.8779930554425,-57.0
203,12/10/2017,161.25,161.57,161.16,161.45,587521,1739929,RX1 Comdty,Future,EUX,EUR,0.01,10,1000,161450,161.45,160.97,0.26225941355836213,204,0.002,,1.1308,,1.1308,1000,36,0.05405405405405406,0.18999999999999773,0.03609999999999913,-0.47999999999998977,0.08333333333333333,-5.759999999999877,0.18242803622254555,0.4271159517303768,6.833855227686029,-0.842862455830841,30.0,-25.285873674925227,-20.0,112.79999999999973,109022.76958047683,1.6144999999999998,1614.4999999999998,262.25941355836216,296.5629448517959,125000.0,421.4956796523159,-842.9913593046318,-843.0,-825.4429532524315,-18.0
204,13/10/2017,161.48,162.15,161.42,162.02,721425,1776457,RX1 Comdty,Future,EUX,EUR,0.01,10,1000,162020,162.02,161.55,0.31344058448126966,205,0.002,,1.1308,,1.1308,1000,36,0.05405405405405406,0.5700000000000216,0.3249000000000246,-0.46999999999999886,0.08333333333333333,-5.639999999999986,0.19012922345376065,0.4360380986264396,6.976609578023034,-0.8084155974223509,30.0,-24.252467922670526,-20.0,105.59999999999945,109128.36958047684,1.6202,1620.2,313.44058448126964,354.4386129314197,125000.0,352.67037912764386,-705.3407582552877,-705.0,-842.9913593046318,138.0
205,16/10/2017,162.04,162.55,161.9,162.46,604027,1777120,RX1 Comdty,Future,EUX,EUR,0.01,10,1000,162460,162.46,162.02,0.3974984276697572,206,0.002,,1.1308,,1.1308,1000,36,0.05405405405405406,0.4399999999999977,0.193599999999998,-0.4399999999999977,0.08333333333333333,-5.279999999999973,0.1903168329968005,0.4362531753429429,6.980050805487086,-0.7564414854759098,30.0,-22.693244564277293,-20.0,103.20000000000164,109231.56958047683,1.6246,1624.6000000000001,397.4984276697572,449.4912220089614,125000.0,278.09219375035514,-556.1843875007103,-556.0,-705.3407582552877,149.0
206,17/10/2017,162.4,162.78,162.35,162.62,668789,1782418,RX1 Comdty,Future,EUX,EUR,0.01,10,1000,162620,162.62,162.19,0.4804592101640654,207,0.002,,1.1308,,1.1308,1000,36,0.05405405405405406,0.1599999999999966,0.02559999999999891,-0.4300000000000068,0.08333333333333333,-5.160000000000082,0.18141322040237878,0.42592630865254,6.81482093844064,-0.7571732326661524,30.0,-22.715196979984572,-20.0,105.59999999999945,109337.16958047684,1.6262,1626.2,480.4592101640654,543.3032748535252,125000.0,230.07407793317657,-460.14815586635314,-460.0,-556.1843875007103,96.0
207,18/10/2017,162.66,162.77,162.13,162.18,720826,1815324,RX1 Comdty,Future,EUX,EUR,0.01,10,1000,162180,162.18,161.74,0.5068208445012228,208,0.002,,1.1308,,1.1308,1000,36,0.05405405405405406,-0.4399999999999977,0.193599999999998,-0.4399999999999977,0.08333333333333333,-5.279999999999973,0.18207196524549332,0.42669891638659374,6.8271826621855,-0.7733790439275801,30.0,-23.2013713178274,-20.0,107.99999999999727,109445.16958047684,1.6218000000000001,1621.8000000000002,506.8208445012228,573.1130109619827,125000.0,218.1070706982987,-436.2141413965975,-436.0,-460.14815586635314,24.0
208,19/10/2017,162.14,162.56,162.04,162.28,719268,1815675,RX1 Comdty,Future,EUX,EUR,0.01,10,1000,162280,162.28,161.83,0.5296861036698128,209,0.002,,1.1308,,1.1308,1000,36,0.05405405405405406,0.09999999999999432,0.009999999999998864,-0.44999999999998863,0.08333333333333333,-5.399999999999864,0.17277077793492607,0.41565704364887895,6.650512698382063,-0.8119674745247198,30.0,-24.359024235741597,-20.0,122.39999999999782,109567.56958047683,1.6228,1622.8,529.6861036698128,598.9690460298244,125000.0,208.69191960510074,-417.3838392102015,-417.0,-436.2141413965975,19.0
209,20/10/2017,162.02,162.04,161.35,161.44,859420,1807716,RX1 Comdty,Future,EUX,EUR,0.01,10,1000,161440,161.44,160.93,0.5210626793288139,210,0.002,,1.1308,,1.1308,1000,36,0.05405405405405406,-0.8400000000000034,0.7056000000000058,-0.5099999999999909,0.08333333333333333,-6.119999999999891,0.20157235750601146,0.44896810299397827,7.183489647903652,-0.851953618640751,30.0,-25.55860855922253,-20.0,115.20000000000437,109682.76958047683,1.6144,1614.4,521.0626793288139,589.2176777850228,125000.0,212.14570559033106,-424.29141118066207,-424.0,-417.3838392102015,-7.0
210,23/10/2017,161.46,161.78,161.46,161.68,585680,1807487,RX1 Comdty,Future,EUX,EUR,0.01,10,1000,161680,161.68,161.2,0.514602299174463,211,0.002,,1.1308,,1.1308,1000,36,0.05405405405405406,0.2400000000000091,0.05760000000000436,-0.4800000000000182,0.08333333333333333,-5.760000000000218,0.19379006791109216,0.4402159332771727,7.043454932434763,-0.817780486317262,30.0,-24.53341458951786,-20.0,120.0,109802.76958047683,1.6168,1616.8,514.602299174463,581.9122799064828,125000.0,214.8090087050377,-429.61801741007537,-430.0,-424.29141118066207,-5.0
211,24/10/2017,161.68,161.71,161.01,161.11,701234,1798739,RX1 Comdty,Future,EUX,EUR,0.01,10,1000,161110,161.11,160.61,0.5218839858979288,212,0.002,,1.1308,,1.1308,1000,36,0.05405405405405406,-0.5699999999999932,0.32489999999999225,-0.5,0.08333333333333333,-6.0,0.20087709126724893,0.4481931405847806,7.17109024935649,-0.8366928585982334,30.0,-25.100785757947,-20.0,120.0,109922.76958047683,1.6111000000000002,1611.1000000000001,521.8839858979288,590.1464112533779,125000.0,211.81184468193192,-423.62368936386383,-424.0,-429.61801741007537,6.0
212,25/10/2017,161.11,161.31,160.76,161.04,801864,1784195,RX1 Comdty,Future,EUX,EUR,0.01,10,1000,161040,161.04,160.54,0.5209048301802655,213,0.002,,1.1308,,1.1308,1000,36,0.05405405405405406,-0.0700000000000216,0.004900000000003024,-0.5,0.08333333333333333,-6.0,0.19028373498253293,0.4362152392827799,6.979443828524478,-0.8596673527879739,30.0,-25.79002058363922,-20.0,115.20000000000437,110037.96958047684,1.6104,1610.4,520.9048301802654,589.0391819678441,125000.0,212.2099918419753,-424.4199836839506,-424.0,-423.62368936386383,-1.0
213,26/10/2017,161.21,162.0,160.95,161.61,954973,1809117,RX1 Comdty,Future,EUX,EUR,0.01,10,1000,161610,161.61,161.13,0.4930933508286517,214,0.002,,1.1308,,1.1308,1000,36,0.05405405405405406,0.5700000000000216,0.3249000000000246,-0.4800000000000182,0.08333333333333333,-5.760000000000218,0.19756028984834328,0.44447754706885173,7.111640753101628,-0.809939674960112,30.0,-24.29819024880336,-20.0,110.40000000000191,110148.36958047685,1.6161,1616.1000000000001,493.0933508286517,557.5899611170394,125000.0,224.1790719287398,-448.3581438574796,-448.0,-424.4199836839506,-24.0
214,27/10/2017,161.76,162.48,161.63,162.38,898797,1824893,RX1 Comdty,Future,EUX,EUR,0.01,10,1000,162380,162.38,161.92,0.5081801897584866,215,0.002,,1.1308,,1.1308,1000,36,0.05405405405405406,0.7699999999999818,0.592899999999972,-0.46000000000000796,0.08333333333333333,-5.5200000000000955,0.21893000391059347,0.4678995660508711,7.486393056813937,-0.737337721665031,30.0,-22.120131649950928,-20.0,103.20000000000164,110251.56958047685,1.6238,1623.8,508.18018975848656,574.6501585788966,125000.0,217.5236500571471,-435.0473001142942,-435.0,-448.3581438574796,13.0
215,30/10/2017,162.5,162.75,162.25,162.71,585568,1821536,RX1 Comdty,Future,EUX,EUR,0.01,10,1000,162710,162.71,162.28,0.5530004282855372,216,0.002,,1.1308,,1.1308,1000,36,0.05405405405405406,0.3300000000000125,0.10890000000000825,-0.4300000000000068,0.08333333333333333,-5.160000000000082,0.21298243613164292,0.46150020165937405,7.384003226549985,-0.698807928664866,30.0,-20.964237859945978,-20.0,100.799999999997,110352.36958047685,1.6271000000000002,1627.1000000000001,553.0004282855372,625.3328843052855,125000.0,199.89353372783032,-399.78706745566063,-400.0,-435.0473001142942,35.0
216,31/10/2017,162.77,162.83,162.44,162.75,626142,1830890,RX1 Comdty,Future,EUX,EUR,0.01,10,1000,162750,162.75,162.33,0.582503444760313,217,0.002,,1.1308,,1.1308,1000,36,0.05405405405405406,0.03999999999999204,0.0015999999999993634,-0.4199999999999875,0.08333333333333333,-5.03999999999985,0.20155635850290543,0.4489502851128457,7.183204561805531,-0.7016367077722513,30.0,-21.049101233167537,-20.0,98.39999999999918,110450.76958047684,1.6275,1627.5,582.503444760313,658.6948953349619,125000.0,189.7691949418168,-379.5383898836336,-380.0,-399.78706745566063,20.0
217,01/11/2017,162.61,162.79,162.37,162.63,590441,1847624,RX1 Comdty,Future,EUX,EUR,0.01,10,1000,162630,162.63,162.22,0.601344108511764,218,0.002,,1.1308,,1.1308,1000,36,0.05405405405405406,-0.12000000000000455,0.01440000000000109,-0.4099999999999966,0.08333333333333333,-4.919999999999959,0.1914397985838295,0.4375383395587517,7.000613432940027,-0.702795554579525,30.0,-21.08386663738575,-20.0,98.39999999999918,110549.16958047684,1.6263,1626.3000000000002,601.344108511764,679.9999179051027,125000.0,183.82355160437587,-367.64710320875173,-368.0,-379.5383898836336,12.0
218,02/11/2017,162.53,162.7,162.24,162.69,776426,1837167,RX1 Comdty,Future,EUX,EUR,0.01,10,1000,162690,162.69,162.28,0.6105689753695938,219,0.002,,1.1308,,1.1308,1000,36,0.05405405405405406,0.060000000000002274,0.0036000000000002727,-0.4099999999999966,0.08333333333333333,-4.919999999999959,0.1812862959576766,0.4257772844547682,6.812436551276291,-0.7222085612053459,30.0,-21.66625683616038,-20.0,98.39999999999918,110647.56958047683,1.6269,1626.9,610.5689753695938,690.4313973479367,125000.0,181.04622773550864,-362.0924554710173,-362.0,-367.64710320875173,6.0
219,03/11/2017,162.65,162.99,162.61,162.74,570318,1817224,RX1 Comdty,Future,EUX,EUR,0.01,10,1000,162740,162.74,162.33,0.6093419660408844,220,0.002,,1.1308,,1.1308,1000,36,0.05405405405405406,0.05000000000001137,0.0025000000000011367,-0.4099999999999966,0.08333333333333333,-4.919999999999959,0.1716221718518563,0.4142730643571415,6.628369029714264,-0.7422640438310132,30.0,-22.267921314930394,-20.0,93.59999999999673,110741.16958047682,1.6274000000000002,1627.4,609.3419660408845,689.0438951990321,125000.0,181.4107938129158,-362.8215876258316,-363.0,-362.0924554710173,-1.0
220,06/11/2017,162.83,163.24,162.79,163.14,560851,1846885,RX1 Comdty,Future,EUX,EUR,0.01,10,1000,163140,163.14,162.75,0.6448686116685832,221,0.002,,1.1308,,1.1308,1000,36,0.05405405405405406,0.39999999999997726,0.15999999999998182,-0.38999999999998636,0.08333333333333333,-4.679999999999836,0.17099394634634957,0.413514142861341,6.616226285781456,-0.707351864620675,30.0,-21.22055593862025,-20.0,86.40000000000327,110827.56958047683,1.6314,1631.3999999999999,644.8686116685832,729.2174260748338,125000.0,171.41663861879823,-342.83327723759646,-343.0,-362.8215876258316,20.0
221,07/11/2017,163.1,163.39,162.95,163.28,725914,1865930,RX1 Comdty,Future,EUX,EUR,0.01,10,1000,163280,163.28,162.92,0.6808143343777856,222,0.002,,1.1308,,1.1308,1000,36,0.05405405405405406,0.14000000000001478,0.01960000000000414,-0.36000000000001364,0.08333333333333333,-4.320000000000164,0.16281048978708765,0.40349781881329627,6.45596510101274,-0.6691485986072772,30.0,-20.074457958218314,-20.0,83.99999999999864,110911.56958047683,1.6328,1632.8,680.8143343777856,769.8648493144,125000.0,162.36616090644773,-324.73232181289546,-325.0,-342.83327723759646,18.0
222,08/11/2017,163.35,163.63,163.22,163.4,690800,1872004,RX1 Comdty,Future,EUX,EUR,0.01,10,1000,163400,163.4,163.05,0.6976462306623398,223,0.002,,1.1308,,1.1308,1000,36,0.05405405405405406,0.12000000000000455,0.01440000000000109,-0.3499999999999943,0.08333333333333333,-4.199999999999932,0.15478830114994782,0.39343144402798796,6.294903104447807,-0.6672064574008019,30.0,-20.016193722024056,-20.0,96.00000000000136,111007.56958047683,1.6340000000000001,1634.0000000000002,697.6462306623398,788.8983576329739,125000.0,158.44880242247234,-316.8976048449447,-317.0,-324.73232181289546,8.0
223,09/11/2017,163.27,163.4,162.48,162.58,940680,1871242,RX1 Comdty,Future,EUX,EUR,0.01,10,1000,162580,162.58,162.18,0.6721379870857295,224,0.002,,1.1308,,1.1308,1000,36,0.05405405405405406,-0.8199999999999932,0.6723999999999888,-0.4000000000000057,0.08333333333333333,-4.800000000000068,0.18276731189859868,0.4275129376973271,6.840207003157234,-0.701733148979926,30.0,-21.05199446939778,-20.0,98.39999999999918,111105.96958047683,1.6258000000000001,1625.8000000000002,672.1379870857295,760.053635796543,125000.0,164.4620775598276,-328.9241551196552,-329.0,-316.8976048449447,-12.0
224,10/11/2017,162.54,162.56,162.13,162.19,689669,1838273,RX1 Comdty,Future,EUX,EUR,0.01,10,1000,162190,162.19,161.78,0.6689856815393771,225,0.002,,1.1308,,1.1308,1000,36,0.05405405405405406,-0.3900000000000148,0.15210000000001153,-0.4099999999999966,0.08333333333333333,-4.919999999999959,0.18110961936353992,0.4255697585162037,6.809116136259259,-0.7225607408574575,30.0,-21.676822225723726,-20.0,100.80000000000382,111206.76958047683,1.6219000000000001,1621.9,668.9856815393771,756.4890086847277,125000.0,165.23703393567038,-330.47406787134076,-330.0,-328.9241551196552,-2.0
225,13/11/2017,162.24,162.55,162.02,162.08,502931,1831422,RX1 Comdty,Future,EUX,EUR,0.01,10,1000,162080,162.08,161.66,0.6709559166627225,226,0.002,,1.1308,,1.1308,1000,36,0.05405405405405406,-0.10999999999998522,0.012099999999996749,-0.4200000000000159,0.08333333333333333,-5.040000000000191,0.17197396426280787,0.41469743701017475,6.635158992162796,-0.7595899368731408,30.0,-22.787698106194224,-20.0,98.39999999999918,111305.16958047682,1.6208000000000002,1620.8000000000002,670.9559166627225,758.7169505622066,125000.0,164.75182201659715,-329.5036440331943,-330.0,-330.47406787134076,1.0
226,14/11/2017,162.02,162.47,161.91,162.39,627841,1824484,RX1 Comdty,Future,EUX,EUR,0.01,10,1000,162390,162.39,161.98,0.6676234362505824,227,0.002,,1.1308,,1.1308,1000,36,0.05405405405405406,0.30999999999997385,0.09609999999998378,-0.4099999999999966,0.08333333333333333,-4.919999999999959,0.16787266889724983,0.40972267315496447,6.5555627704794315,-0.7505076485813501,30.0,-22.515229457440505,-20.0,91.19999999999891,111396.36958047682,1.6239,1623.8999999999999,667.6234362505824,754.9485817121586,125000.0,165.57419012101556,-331.1483802420311,-331.0,-329.5036440331943,-2.0
227,15/11/2017,162.53,163.08,162.49,162.64,783768,1819675,RX1 Comdty,Future,EUX,EUR,0.01,10,1000,162640,162.64,162.26,0.670644623124468,228,0.002,,1.1308,,1.1308,1000,36,0.05405405405405406,0.25,0.0625,-0.37999999999999545,0.08333333333333333,-4.559999999999945,0.16217684895685794,0.4027118684082429,6.443389894531887,-0.7077020131700769,30.0,-21.231060395102304,-20.0,88.79999999999427,111485.16958047681,1.6263999999999998,1626.3999999999999,670.644623124468,758.3649398291484,125000.0,164.82829497386993,-329.65658994773986,-330.0,-331.1483802420311,1.0
228,16/11/2017,162.68,162.82,162.38,162.7,551299,1818419,RX1 Comdty,Future,EUX,EUR,0.01,10,1000,162700,162.7,162.33,0.6752925292045165,229,0.002,,1.1308,,1.1308,1000,36,0.05405405405405406,0.060000000000002274,0.0036000000000002727,-0.3699999999999761,0.08333333333333333,-4.4399999999997135,0.15360512739162238,0.3919249001934202,6.270798403094723,-0.7080438111052197,30.0,-21.24131433315659,-20.0,91.20000000000573,111576.36958047682,1.627,1627.0,675.2925292045165,763.6207920244673,125000.0,163.6938141359499,-327.3876282718998,-327.0,-329.65658994773986,2.0
229,17/11/2017,162.75,162.94,162.5,162.86,435196,1821492,RX1 Comdty,Future,EUX,EUR,0.01,10,1000,162860,162.86,162.48,0.6476678811010491,230,0.002,,1.1308,,1.1308,1000,36,0.05405405405405406,0.160000000000025,0.025600000000008005,-0.3800000000000239,0.08333333333333333,-4.5600000000002865,0.14668593131639998,0.3829959938646878,6.127935901835005,-0.7441331099163094,30.0,-22.323993297489285,-20.0,86.40000000000327,111662.76958047683,1.6286000000000003,1628.6000000000004,647.6678811010491,732.3828399490664,125000.0,170.67576297758853,-341.35152595517707,-341.0,-327.3876282718998,-14.0
230,20/11/2017,163.08,163.16,162.83,162.96,447223,1819001,RX1 Comdty,Future,EUX,EUR,0.01,10,1000,162960,162.96,162.6,0.6327251003642418,231,0.002,,1.1308,,1.1308,1000,36,0.05405405405405406,0.09999999999999432,0.009999999999998864,-0.36000000000001364,0.08333333333333333,-4.320000000000164,0.1392975025965945,0.373225806445099,5.971612903121584,-0.7234226447836126,30.0,-21.70267934350838,-20.0,79.200000000003,111741.96958047683,1.6296000000000002,1629.6000000000001,632.7251003642418,715.4855434918846,125000.0,174.70653479586036,-349.4130695917207,-349.0,-341.35152595517707,-8.0
231,21/11/2017,162.93,163.27,162.87,163.08,663045,1810013,RX1 Comdty,Future,EUX,EUR,0.01,10,1000,163080,163.08,162.75,0.5544259715183285,232,0.002,,1.1308,,1.1308,1000,36,0.05405405405405406,0.12000000000000455,0.01440000000000109,-0.3300000000000125,0.08333333333333333,-3.96000000000015,0.1325462862400219,0.3640690679528019,5.825105087244831,-0.6798160618031285,30.0,-20.394481854093854,-20.0,79.19999999999618,111821.16958047682,1.6308000000000002,1630.8000000000002,554.4259715183285,626.944888592926,125000.0,199.37956632925395,-398.7591326585079,-399.0,-349.4130695917207,-49.0
232,22/11/2017,163.22,163.3,162.61,162.98,721523,1795544,RX1 Comdty,Future,EUX,EUR,0.01,10,1000,162980,162.98,162.65,0.42252966261402053,233,0.002,,1.1308,,1.1308,1000,36,0.05405405405405406,-0.10000000000002274,0.010000000000004547,-0.3299999999999841,0.08333333333333333,-3.959999999999809,0.12592216265948042,0.35485512911536227,5.677682065845796,-0.697467726102746,30.0,-20.92403178308238,-20.0,76.79999999999836,111897.96958047683,1.6298,1629.8,422.52966261402054,477.79654248393445,125000.0,261.61763195304627,-523.2352639060925,-523.0,-398.7591326585079,-124.0
233,23/11/2017,163.01,163.11,162.89,163.06,254615,1800550,RX1 Comdty,Future,EUX,EUR,0.01,10,1000,163060,163.06,162.74,0.3448050555241201,234,0.002,,1.1308,,1.1308,1000,36,0.05405405405405406,0.0800000000000125,0.006400000000002001,-0.3199999999999932,0.08333333333333333,-3.839999999999918,0.11946150521842754,0.3456320373148698,5.530112597037917,-0.6943800750199426,30.0,-20.831402250598277,-20.0,74.40000000000055,111972.36958047682,1.6306,1630.6000000000001,344.8050555241201,389.90555678667505,125000.0,320.59045536606686,-641.1809107321337,-641.0,-523.2352639060925,-118.0
234,24/11/2017,162.98,163.03,162.67,162.86,522320,1770678,RX1 Comdty,Future,EUX,EUR,0.01,10,1000,162860,162.86,162.55,0.33333087718271465,235,0.002,,1.1308,,1.1308,1000,36,0.05405405405405406,-0.19999999999998863,0.039999999999995456,-0.3100000000000023,0.08333333333333333,-3.7200000000000273,0.11516628872013392,0.3393615899304662,5.42978543888746,-0.6851099443741998,30.0,-20.553298331225996,-20.0,72.00000000000273,112044.36958047682,1.6286000000000003,1628.6000000000004,333.33087718271463,376.9305559182137,125000.0,331.62607285975105,-663.2521457195021,-663.0,-641.1809107321337,-22.0
235,27/11/2017,162.85,163.21,162.76,163.11,639560,1752372,RX1 Comdty,Future,EUX,EUR,0.01,10,1000,163110,163.11,162.81,0.34045480417139984,236,0.002,,1.1308,,1.1308,1000,36,0.05405405405405406,0.25,0.0625,-0.30000000000001137,0.08333333333333333,-3.6000000000001364,0.11231946230282938,0.33514095885586614,5.362255341693858,-0.6713593013761536,30.0,-20.14077904128461,-20.0,71.99999999999591,112116.36958047682,1.6311000000000002,1631.1000000000001,340.4548041713998,384.98629255701894,125000.0,324.68688474534895,-649.3737694906979,-649.0,-663.2521457195021,14.0
236,28/11/2017,163.16,163.32,162.97,163.17,656547,1739827,RX1 Comdty,Future,EUX,EUR,0.01,10,1000,163170,163.17,162.87,0.34964794323674786,237,0.002,,1.1308,,1.1308,1000,36,0.05405405405405406,0.05999999999997385,0.0035999999999968622,-0.29999999999998295,0.08333333333333333,-3.5999999999997954,0.10644273461078438,0.3262556277074533,5.220090043319253,-0.6896432762892908,30.0,-20.689298288678724,-20.0,79.19999999999618,112195.56958047682,1.6317,1631.6999999999998,349.64794323674784,395.38189421211445,125000.0,316.1500357751334,-632.3000715502668,-632.0,-649.3737694906979,17.0
237,29/11/2017,163.05,163.1,162.4,162.48,950505,1644506,RX1 Comdty,Future,EUX,EUR,0.01,10,1000,162480,162.48,162.15,0.35565321666685773,238,0.002,,1.1308,,1.1308,1000,36,0.05405405405405406,-0.6899999999999977,0.47609999999999686,-0.3299999999999841,0.08333333333333333,-3.959999999999809,0.12642420841560667,0.3555618208070246,5.688989132912393,-0.6960814843343788,30.0,-20.882444530031364,-20.0,74.40000000000055,112269.96958047681,1.6248,1624.8,355.6532166668577,402.1726574068827,125000.0,310.81178120355423,-621.6235624071085,-622.0,-632.3000715502668,11.0
238,30/11/2017,162.52,162.88,162.24,162.72,935095,1608515,RX1 Comdty,Future,EUX,EUR,0.01,10,1000,162720,162.72,162.41,0.35514118763818525,239,0.002,,1.1308,,1.1308,1000,36,0.05405405405405406,0.2400000000000091,0.05760000000000436,-0.3100000000000023,0.08333333333333333,-3.7200000000000273,0.12270398093368222,0.35029128012795613,5.604660482047298,-0.6637333361968729,30.0,-19.912000085906186,-19.912000085906186,59.73600025771856,112329.70558073453,1.6272,1627.2,355.1411876381853,401.59365498125993,125000.0,311.2598977835769,-619.7807111405734,-620.0,-621.6235624071085,2.0
239,01/12/2017,162.73,163.92,162.59,163.8,1403692,1533036,RX1 Comdty,Future,EUX,EUR,0.01,10,1000,163800,163.8,163.55,0.41625397105635636,240,0.002,,1.1308,,1.1308,1000,36,0.05405405405405406,1.0800000000000125,1.166400000000027,-0.25,0.08333333333333333,-3.0,0.17911998196429546,0.423225686796413,6.771610988742608,-0.4430260398873057,30.0,-13.290781196619172,-13.290781196619172,49.44170605142368,112379.14728678596,1.6380000000000001,1638.0000000000002,416.25397105635636,470.6999904705278,125000.0,265.56193441823893,-352.95255645037435,-353.0,-619.7807111405734,267.0
240,04/12/2017,163.04,163.09,162.79,162.97,1647886,1176568,RX1 Comdty,Future,EUX,EUR,0.01,10,1000,162970,163.28,162.97,0.41225279674029125,241,0.002,,1.1308,,1.1308,1000,36,0.05405405405405406,-0.5200000000000102,0.27040000000001063,-0.3100000000000023,0.08333333333333333,-3.7200000000000273,0.18405403699325304,0.4290151943617534,6.864243109788054,-0.5419388475177257,30.0,-16.25816542553177,-16.25816542553177,62.43135523404067,112441.57864202,1.6328,1632.8,412.2527967402913,466.17546255392136,125000.0,268.13938107165296,-435.94544145626367,-436.0,-352.95255645037435,-83.0
241,05/12/2017,162.9,163.35,162.79,163.16,1644006,1710808,RX1 Comdty,Future,EUX,EUR,0.01,10,1000,163160,163.48,163.16,0.40673895676036664,242,0.002,,1.1308,,1.1308,1000,36,0.05405405405405406,0.19999999999998863,0.039999999999995456,-0.3199999999999932,0.08333333333333333,-3.839999999999918,0.1762673322909148,0.419842032544283,6.717472520708528,-0.5716435740022786,30.0,-17.14930722006836,-17.14930722006836,53.505838526611406,112495.08448054662,1.6348,1634.8,406.73895676036665,459.9404123046226,125000.0,271.774335665924,-466.0741576864913,-466.0,-435.94544145626367,-30.0
242,06/12/2017,163.36,163.66,163.22,163.52,1025206,1816017,RX1 Comdty,Future,EUX,EUR,0.01,10,1000,163520,163.78,163.52,0.4159133892621883,243,0.002,,1.1308,,1.1308,1000,36,0.05405405405405406,0.30000000000001137,0.09000000000000682,-0.2599999999999909,0.08333333333333333,-3.119999999999891,0.171604233248163,0.4142514130913291,6.628022609461266,-0.470728629613635,30.0,-14.121858888409049,-14.121858888409049,3.389246133215089,112498.47372667983,1.6378000000000001,1637.8000000000002,415.9133892621883,470.3148605776825,125000.0,265.77939690543457,-375.3299138545008,-375.0,-466.0741576864913,91.0
243,07/12/2017,163.37,163.67,163.22,163.65,604388,1819742,RX1 Comdty,Future,EUX,EUR,0.01,10,1000,163650,163.67,163.65,0.44505351540916044,244,0.002,,1.1308,,1.1308,1000,36,0.05405405405405406,-0.11000000000001364,0.012100000000003,-0.01999999999998181,0.08333333333333333,-0.23999999999978172,0.16298238280231653,0.4037107662700074,6.4593722603201185,-0.037155313291680085,30.0,-1.1146593987504025,-1.1146593987504025,36.650001030912975,112535.12372771074,1.6366999999999998,1636.6999999999998,445.0535154091604,503.2665152246786,125000.0,248.37734325359384,-27.685614009427326,-28.0,-375.3299138545008,348.0
244,08/12/2017,163.37,163.67,163.22,160.74,604388,1821562,RX1 Comdty,Future,EUX,EUR,0.01,10,1000,160740,163.48,160.74,0.6437903794176545,245,0.002,,1.1308,,1.1308,1000,36,0.05405405405405406,-0.18999999999999773,0.03609999999999913,-2.7399999999999807,0.08333333333333333,-32.87999999999977,0.15612387562381289,0.3951251391949301,6.322002227118881,-5.200883963462969,30.0,-156.02651890388907,-20.0,652.7999999999997,113187.92372771075,1.6348,1634.8,643.7903794176544,727.9981610454837,125000.0,171.70373043317383,-343.40746086634766,-343.0,-27.685614009427326,-316.0
245,11/12/2017,163.47,163.78,163.37,163.64,442503,1821957,RX1 Comdty,Future,EUX,EUR,0.01,10,1000,163640,163.64,160.92,0.6405300025835055,246,0.002,,1.1308,,1.1308,1000,36,0.05405405405405406,0.1599999999999966,0.02559999999999891,-2.719999999999999,0.08333333333333333,-32.639999999999986,0.14906853099549863,0.3860939406355643,6.177503050169029,-5.283688204590509,30.0,-158.51064613771527,-20.0,652.7999999999997,113840.72372771075,1.6363999999999999,1636.3999999999999,640.5300025835055,724.3113269214281,125000.0,172.57772363065607,-345.15544726131213,-345.0,-343.40746086634766,-2.0
246,12/12/2017,163.58,163.64,163.18,163.27,473178,1814810,RX1 Comdty,Future,EUX,EUR,0.01,10,1000,163270,163.27,160.55,0.6320499230774643,247,0.002,,1.1308,,1.1308,1000,36,0.05405405405405406,-0.3699999999999761,0.13689999999998234,-2.719999999999999,0.08333333333333333,-32.639999999999986,0.14841077256330856,0.38524118752193226,6.163859000350916,-5.2953839466707056,30.0,-158.86151840012116,-20.0,655.2000000000044,114495.92372771076,1.6327,1632.7,632.0499230774643,714.7220530159966,125000.0,174.8931622754927,-349.7863245509854,-350.0,-345.15544726131213,-5.0
247,13/12/2017,163.37,163.48,162.91,163.27,591064,1808904,RX1 Comdty,Future,EUX,EUR,0.01,10,1000,163270,163.27,160.54,0.6305135751275335,248,0.002,,1.1308,,1.1308,1000,36,0.05405405405405406,0.0,0.0,-2.730000000000018,0.08333333333333333,-32.76000000000022,0.14038856864096755,0.37468462557325133,5.994954009172021,-5.46459571664417,30.0,-163.9378714993251,-20.0,655.1999999999975,115151.12372771076,1.6327,1632.7,630.5135751275335,712.9847507542149,125000.0,175.31931765408945,-350.6386353081789,-351.0,-349.7863245509854,-1.0
248,14/12/2017,163.31,163.52,162.9,163.23,628323,1831334,RX1 Comdty,Future,EUX,EUR,0.01,10,1000,163230,163.23,160.5,0.6283753068945532,249,0.002,,1.1308,,1.1308,1000,36,0.05405405405405406,-0.040000000000020464,0.001600000000001637,-2.7299999999999898,0.08333333333333333,-32.75999999999988,0.13288648384956397,0.36453598429999196,5.832575748799871,-5.616729453833613,30.0,-168.50188361500838,-20.0,655.1999999999975,115806.32372771075,1.6322999999999999,1632.3,628.3753068945532,710.5667970363608,125000.0,175.9159033624302,-351.8318067248604,-352.0,-350.6386353081789,-1.0
249,15/12/2017,163.48,163.69,163.37,163.47,449991,1836655,RX1 Comdty,Future,EUX,EUR,0.01,10,1000,163470,163.47,160.74,0.6346412165020702,250,0.002,,1.1308,,1.1308,1000,36,0.05405405405405406,0.2400000000000091,0.05760000000000436,-2.7299999999999898,0.08333333333333333,-32.75999999999988,0.1288169441820202,0.3589107746808672,5.742572394893875,-5.7047604709570745,30.0,-171.14281412871225,-20.0,657.6000000000022,116463.92372771076,1.6347,1634.7,634.6412165020702,717.652287620541,125000.0,174.1790587952446,-348.3581175904892,-348.0,-351.8318067248604,3.0
250,18/12/2017,163.46,163.57,163.27,163.4,385839,1844233,RX1 Comdty,Future,EUX,EUR,0.01,10,1000,163400,163.4,160.66,0.6387149928600926,251,0.002,,1.1308,,1.1308,1000,36,0.05405405405405406,-0.06999999999999318,0.004899999999999045,-2.740000000000009,0.08333333333333333,-32.88000000000011,0.12211873098299202,0.34945490550712266,5.5912784881139626,-5.880587073224306,30.0,-176.41761219672918,-20.0,657.6000000000022,117121.52372771077,1.6340000000000001,1634.0000000000002,638.7149928600926,722.2589139261927,125000.0,173.06813054130572,-346.13626108261144,-346.0,-348.3581175904892,2.0
251,19/12/2017,163.3,163.37,162.15,162.38,617133,1811262,RX1 Comdty,Future,EUX,EUR,0.01,10,1000,162380,162.38,159.64,0.6575584824893991,252,0.002,,1.1308,,1.1308,1000,36,0.05405405405405406,-1.0200000000000102,1.0404000000000209,-2.740000000000009,0.08333333333333333,-32.88000000000011,0.17175555633526385,0.41443401927841766,6.630944308454683,-4.958569770835954,30.0,-148.75709312507863,-20.0,655.2000000000044,117776.72372771078,1.6238,1623.8,657.5584824893991,743.5671319990125,125000.0,168.10856023712194,-336.21712047424387,-336.0,-346.13626108261144,10.0
252,20/12/2017,162.36,162.48,161.58,161.74,680826,1788973,RX1 Comdty,Future,EUX,EUR,0.01,10,1000,161740,161.74,159.01,0.7194559347898384,253,0.002,,1.1308,,1.1308,1000,36,0.05405405405405406,-0.6399999999999864,0.40959999999998253,-2.730000000000018,0.08333333333333333,-32.76000000000022,0.18461201274957298,0.42966500061044416,6.8746400097671065,-4.765340432874541,30.0,-142.96021298623623,-20.0,655.2000000000044,118431.92372771079,1.6174000000000002,1617.4,719.4559347898384,813.5607710603492,125000.0,153.6455596759933,-307.2911193519866,-307.0,-336.21712047424387,29.0
253,21/12/2017,161.78,161.83,161.5,161.71,395268,1780326,RX1 Comdty,Future,EUX,EUR,0.01,10,1000,161710,161.71,158.98,0.7730831983545114,254,0.002,,1.1308,,1.1308,1000,36,0.05405405405405406,-0.030000000000001137,0.0009000000000000682,-2.730000000000018,0.08333333333333333,-32.76000000000022,0.1746816336820285,0.41794931951377606,6.687189112220417,-4.898919329219115,30.0,-146.96757987657347,-20.0,655.2000000000044,119087.1237277108,1.6171000000000002,1617.1000000000001,773.0831983545114,874.2024806992815,125000.0,142.98746887564482,-285.97493775128964,-286.0,-307.2911193519866,21.0
254,22/12/2017,161.63,161.86,161.58,161.71,202340,1754933,RX1 Comdty,Future,EUX,EUR,0.01,10,1000,161710,161.71,158.98,0.8187673662275043,255,0.002,,1.1308,,1.1308,1000,36,0.05405405405405406,0.0,0.0,-2.730000000000018,0.08333333333333333,-32.76000000000022,0.16523938321272966,0.4064964738011016,6.503943580817626,-5.0369440621565,30.0,-151.108321864695,-20.0,655.2000000000044,119742.32372771081,1.6171000000000002,1617.1000000000001,818.7673662275043,925.8621377300619,125000.0,135.00930095971174,-270.0186019194235,-270.0,-285.97493775128964,16.0
255,25/12/2017,161.63,161.86,161.58,161.71,202340,1754933,RX1 Comdty,Future,EUX,EUR,0.01,10,1000,161710,161.71,158.98,0.8550413963504021,256,0.002,,1.1308,,1.1308,1000,36,0.05405405405405406,0.0,0.0,-2.730000000000018,0.08333333333333333,-32.76000000000022,0.15630752466069023,0.39535746440492336,6.325719430478774,-5.178857576603065,30.0,-155.36572729809194,-20.0,655.2000000000044,120397.52372771082,1.6171000000000002,1617.1000000000001,855.0413963504021,966.8808109930347,125000.0,129.28170523067757,-258.56341046135515,-259.0,-270.0186019194235,11.0
256,26/12/2017,161.63,161.86,161.58,161.77,202340,1754933,RX1 Comdty,Future,EUX,EUR,0.01,10,1000,161770,161.77,159.04,0.8790072151067511,257,0.002,,1.1308,,1.1308,1000,36,0.05405405405405406,0.060000000000002274,0.0036000000000002727,-2.730000000000018,0.08333333333333333,-32.76000000000022,0.1480530638682205,0.3847766415314481,6.156426264503169,-5.321268962301782,30.0,-159.63806886905346,-20.0,655.1999999999975,121052.72372771082,1.6177000000000001,1617.7,879.007215106751,993.981358842714,125000.0,125.75688556728738,-251.51377113457474,-252.0,-258.56341046135515,7.0
257,27/12/2017,161.63,162.37,161.63,162.29,248658,1758177,RX1 Comdty,Future,EUX,EUR,0.01,10,1000,162290,162.29,159.56,0.8827223143263863,258,0.002,,1.1308,,1.1308,1000,36,0.05405405405405406,0.5199999999999818,0.2703999999999811,-2.7299999999999898,0.08333333333333333,-32.75999999999988,0.15466641176723459,0.39327650802868275,6.292424128458924,-5.206260628846568,30.0,-156.18781886539705,-20.0,655.1999999999975,121707.92372771082,1.6229,1622.9,882.7223143263863,998.1823930402776,125000.0,125.22761458381699,-250.45522916763397,-250.0,-251.51377113457474,1.0
258,28/12/2017,162.27,162.28,161.67,161.79,267091,1750212,RX1 Comdty,Future,EUX,EUR,0.01,10,1000,161790,161.79,159.06,0.9062118957502331,259,0.002,,1.1308,,1.1308,1000,36,0.05405405405405406,-0.5,0.25,-2.7299999999999898,0.08333333333333333,-32.75999999999988,0.15981957869873542,0.3997744097597236,6.396390556155578,-5.121638479137775,30.0,-153.64915437413325,-20.0,655.1999999999975,122363.12372771082,1.6179,1617.8999999999999,906.2118957502331,1024.7444117143637,125000.0,121.98163617294493,-243.96327234588983,-244.0,-250.45522916763397,6.0
259,29/12/2017,161.76,161.86,161.46,161.79,250042,1741420,RX1 Comdty,Future,EUX,EUR,0.01,10,1000,161790,161.79,159.06,0.8844413937320293,260,0.002,,1.1308,,1.1308,1000,36,0.05405405405405406,0.0,0.0,-2.7299999999999898,0.08333333333333333,-32.75999999999988,0.15118068255285783,0.388819601554317,6.221113624869072,-5.265938218688191,30.0,-157.97814656064574,-20.0,655.2000000000044,123018.32372771081,1.6179,1617.8999999999999,884.4413937320294,1000.1263280321789,125000.0,124.98421099057212,-249.96842198114422,-250.0,-243.96327234588983,-6.0
260,01/01/2018,161.76,161.86,161.46,161.68,250042,1741420,RX1 Comdty,Future,EUX,EUR,0.01,10,1000,161680,161.68,158.95,0.8999087673053342,261,0.002,,1.1308,,1.1308,1000,36,0.05405405405405406,-0.10999999999998522,0.012099999999996749,-2.730000000000018,0.08333333333333333,-32.76000000000022,0.14366280782027074,0.3790287691195363,6.064460305912581,-5.401964618032155,30.0,-162.05893854096465,-20.0,652.7999999999997,123671.12372771082,1.6168,1616.8,899.9087673053342,1017.616834068872,125000.0,122.83601824882945,-245.6720364976589,-246.0,-249.96842198114422,4.0
261,02/01/2018,161.78,161.78,161.18,161.28,485599,1773437,RX1 Comdty,Future,EUX,EUR,0.01,10,1000,161280,161.28,158.56,0.9247451996144138,262,0.002,,1.1308,,1.1308,1000,36,0.05405405405405406,-0.4000000000000057,0.16000000000000456,-2.719999999999999,0.08333333333333333,-32.639999999999986,0.14454589928944553,0.3801919242822571,6.083070788516114,-5.365711025691038,30.0,-160.97133077073113,-20.0,652.7999999999997,124323.92372771082,1.6128,1612.8,924.7451996144138,1045.7018717239791,125000.0,119.536938184801,-239.07387636960203,-239.0,-245.6720364976589,7.0
262,03/01/2018,161.26,161.82,161.2,161.58,605530,1760657,RX1 Comdty,Future,EUX,EUR,0.01,10,1000,161580,161.58,158.86,0.9027880791131999,263,0.002,,1.1308,,1.1308,1000,36,0.05405405405405406,0.30000000000001137,0.09000000000000682,-2.719999999999999,0.08333333333333333,-32.639999999999986,0.14159747230082723,0.3762943957871645,6.020710332594632,-5.421287223086472,30.0,-162.63861669259418,-20.0,652.7999999999997,124976.72372771082,1.6158000000000001,1615.8000000000002,902.7880791132,1020.8727598612065,125000.0,122.44425056164145,-244.8885011232829,-245.0,-239.07387636960203,-6.0
263,04/01/2018,161.44,161.75,161.26,161.59,640608,1757396,RX1 Comdty,Future,EUX,EUR,0.01,10,1000,161590,161.59,158.87,0.8576442643718964,264,0.002,,1.1308,,1.1308,1000,36,0.05405405405405406,0.009999999999990905,9.99999999998181e-05,-2.719999999999999,0.08333333333333333,-32.639999999999986,0.13394896028456627,0.3659903827760591,5.855846124416946,-5.573916955211982,30.0,-167.21750865635946,-20.0,652.7999999999997,125629.52372771082,1.6159000000000001,1615.9,857.6442643718965,969.8241341517406,125000.0,128.8893476643903,-257.7786953287806,-258.0,-244.8885011232829,-13.0
264,05/01/2018,161.7,161.87,161.5,161.59,467090,1753236,RX1 Comdty,Future,EUX,EUR,0.01,10,1000,161590,161.59,158.87,0.8005424148002389,265,0.002,,1.1308,,1.1308,1000,36,0.05405405405405406,0.0,0.0,-2.719999999999999,0.08333333333333333,-32.639999999999986,0.12670847594485998,0.3559613405200907,5.695381448321451,-5.730959426715779,30.0,-171.92878280147335,-20.0,652.7999999999997,126282.32372771083,1.6159000000000001,1615.9,800.5424148002389,905.2533626561102,125000.0,138.08288945012768,-276.16577890025536,-276.0,-257.7786953287806,-18.0
265,08/01/2018,161.64,162.04,161.39,161.8,454686,1762954,RX1 Comdty,Future,EUX,EUR,0.01,10,1000,161800,161.8,159.08,0.7347529122805705,266,0.002,,1.1308,,1.1308,1000,36,0.05405405405405406,0.21000000000000796,0.044100000000003345,-2.719999999999999,0.08333333333333333,-32.639999999999986,0.12224315292081368,0.34963288306567175,5.594126129050748,-5.834691468699255,30.0,-175.04074406097766,-20.0,652.7999999999997,126935.12372771083,1.618,1618.0,734.7529122805705,830.8585932068692,125000.0,150.44678002009567,-300.89356004019135,-301.0,-276.16577890025536,-25.0
266,09/01/2018,161.67,162.0,161.2,161.3,724367,1784324,RX1 Comdty,Future,EUX,EUR,0.01,10,1000,161300,161.3,158.58,0.7086413984368408,267,0.002,,1.1308,,1.1308,1000,36,0.05405405405405406,-0.5,0.25,-2.719999999999999,0.08333333333333333,-32.639999999999986,0.12914892843860754,0.3593729656479568,5.749967450367309,-5.676553872998871,30.0,-170.29661618996613,-20.0,652.7999999999997,127587.92372771083,1.6130000000000002,1613.0000000000002,708.6413984368409,801.3316933523797,125000.0,155.99033588333586,-311.9806717666717,-312.0,-300.89356004019135,-11.0
267,10/01/2018,161.0,161.37,160.91,161.07,870619,1788341,RX1 Comdty,Future,EUX,EUR,0.01,10,1000,161070,161.07,158.35,0.6801269231390458,268,0.002,,1.1308,,1.1308,1000,36,0.05405405405405406,-0.2300000000000182,0.052900000000008364,-2.719999999999999,0.08333333333333333,-32.639999999999986,0.1250273647392238,0.3535920880608385,5.657473408973416,-5.769359860928223,30.0,-173.08079582784669,-20.0,650.4000000000019,128238.32372771084,1.6107,1610.7,680.1269231390457,769.087524685633,125000.0,162.53026604623986,-325.0605320924797,-325.0,-311.9806717666717,-13.0
268,11/01/2018,161.38,161.55,160.27,160.31,1055863,1780825,RX1 Comdty,Future,EUX,EUR,0.01,10,1000,160310,160.31,157.6,0.7025787088326746,269,0.002,,1.1308,,1.1308,1000,36,0.05405405405405406,-0.7599999999999909,0.5775999999999861,-2.710000000000008,0.08333333333333333,-32.520000000000095,0.14949075042899473,0.3866403373019876,6.186245396831802,-5.256823471091973,30.0,-157.7047041327592,-20.0,647.9999999999973,128886.32372771084,1.6031,1603.1,702.5787088326746,794.4760039479885,125000.0,157.33640711467393,-314.67281422934786,-315.0,-325.0605320924797,10.0
269,12/01/2018,160.42,160.65,160.11,160.38,781171,1761954,RX1 Comdty,Future,EUX,EUR,0.01,10,1000,160380,160.38,157.68,0.6535914948230889,270,0.002,,1.1308,,1.1308,1000,36,0.05405405405405406,0.06999999999999318,0.004899999999999045,-2.6999999999999886,0.08333333333333333,-32.399999999999864,0.14167503418958957,0.37639744179469337,6.022359068715094,-5.379951548938878,30.0,-161.39854646816633,-20.0,645.5999999999995,129531.92372771085,1.6038,1603.8,653.5914948230889,739.0812623459489,125000.0,169.1288987671427,-338.2577975342854,-338.0,-314.67281422934786,-24.0
270,15/01/2018,160.59,160.76,160.3,160.34,328101,1742475,RX1 Comdty,Future,EUX,EUR,0.01,10,1000,160340,160.34,157.65,0.5740940231079968,271,0.002,,1.1308,,1.1308,1000,36,0.05405405405405406,-0.03999999999999204,0.0015999999999993634,-2.6899999999999977,0.08333333333333333,-32.27999999999997,0.134103410719882,0.36620132539339884,5.859221206294381,-5.509264604197322,30.0,-165.27793812591966,-20.0,652.7999999999997,130184.72372771085,1.6034000000000002,1603.4,574.0940231079968,649.1855213305228,125000.0,192.5489646531383,-385.0979293062766,-385.0,-338.2577975342854,-47.0
271,16/01/2018,160.46,160.97,160.41,160.77,632567,1734172,RX1 Comdty,Future,EUX,EUR,0.01,10,1000,160770,160.77,158.05,0.5553756433830255,272,0.002,,1.1308,,1.1308,1000,36,0.05405405405405406,0.4300000000000068,0.18490000000000587,-2.719999999999999,0.08333333333333333,-32.639999999999986,0.13684917230259142,0.3699313075458624,5.918900920733798,-5.514537316491087,30.0,-165.43611949473262,-20.0,650.3999999999951,130835.12372771084,1.6077000000000001,1607.7,555.3756433830255,628.0187775375252,125000.0,199.03863462511043,-398.07726925022087,-398.0,-385.0979293062766,-13.0
272,17/01/2018,160.78,160.97,160.65,160.82,514175,1740965,RX1 Comdty,Future,EUX,EUR,0.01,10,1000,160820,160.82,158.11,0.5646274971397459,273,0.002,,1.1308,,1.1308,1000,36,0.05405405405405406,0.04999999999998295,0.002499999999998295,-2.7099999999999795,0.08333333333333333,-32.519999999999754,0.12958705488082964,0.3599820202188293,5.759712323501269,-5.646115321994274,30.0,-169.38345965982822,-20.0,650.4000000000019,131485.52372771085,1.6082,1608.2,564.627497139746,638.4807737656248,125000.0,195.77723423491108,-391.55446846982215,-392.0,-398.07726925022087,7.0
273,18/01/2018,160.62,160.7,160.3,160.58,613314,1752180,RX1 Comdty,Future,EUX,EUR,0.01,10,1000,160580,160.58,157.87,0.584374384322789,274,0.002,,1.1308,,1.1308,1000,36,0.05405405405405406,-0.23999999999998067,0.05759999999999072,-2.710000000000008,0.08333333333333333,-32.520000000000095,0.12569586272510863,0.3545361233007275,5.67257797281164,-5.73284318979249,30.0,-171.9852956937747,-20.0,645.5999999999995,132131.12372771086,1.6058000000000001,1605.8000000000002,584.374384322789,660.8105537922098,125000.0,189.16162776556672,-378.32325553113344,-378.0,-391.55446846982215,13.0
274,19/01/2018,160.42,160.85,160.31,160.66,530114,1737393,RX1 Comdty,Future,EUX,EUR,0.01,10,1000,160660,160.66,157.97,0.59340675674229,275,0.002,,1.1308,,1.1308,1000,36,0.05405405405405406,0.07999999999998408,0.006399999999997454,-2.6899999999999977,0.08333333333333333,-32.27999999999997,0.11924743771294045,0.3453222230221224,5.525155568353958,-5.84236943207316,30.0,-175.2710829621948,-20.0,645.5999999999995,132776.72372771087,1.6066,1606.6000000000001,593.4067567422901,671.0243605241817,125000.0,186.282357770669,-372.564715541338,-373.0,-378.32325553113344,6.0
275,22/01/2018,160.55,160.82,160.38,160.74,432972,1721960,RX1 Comdty,Future,EUX,EUR,0.01,10,1000,160740,160.74,158.05,0.5939012411256492,276,0.002,,1.1308,,1.1308,1000,36,0.05405405405405406,0.0800000000000125,0.006400000000002001,-2.6899999999999977,0.08333333333333333,-32.27999999999997,0.11314757621494378,0.3363741610393756,5.38198657663001,-5.9977853048107095,30.0,-179.9335591443213,-20.0,645.5999999999995,133422.32372771087,1.6074000000000002,1607.4,593.9012411256492,671.5835234648841,125000.0,186.12725838640384,-372.2545167728077,-372.0,-372.564715541338,0.0
276,23/01/2018,160.7,161.13,160.68,160.8,605821,1723776,RX1 Comdty,Future,EUX,EUR,0.01,10,1000,160800,160.8,158.11,0.5850020242880691,277,0.002,,1.1308,,1.1308,1000,36,0.05405405405405406,0.060000000000002274,0.0036000000000002727,-2.6899999999999977,0.08333333333333333,-32.27999999999997,0.10722608560873063,0.32745394425587643,5.239263108094023,-6.161171778170733,30.0,-184.83515334512197,-20.0,645.5999999999995,134067.92372771088,1.608,1608.0,585.0020242880692,661.5202890649487,125000.0,188.9586790704274,-377.9173581408548,-378.0,-372.2545167728077,-6.0
277,24/01/2018,160.85,160.85,160.32,160.4,675757,1706440,RX1 Comdty,Future,EUX,EUR,0.01,10,1000,160400,160.4,157.71,0.5437131112715244,278,0.002,,1.1308,,1.1308,1000,36,0.05405405405405406,-0.4000000000000057,0.16000000000000456,-2.6899999999999977,0.08333333333333333,-32.27999999999997,0.11007872962988058,0.33178114718874635,5.308498355019942,-6.080815673508617,30.0,-182.4244702052585,-20.0,645.5999999999995,134713.52372771088,1.604,1604.0,543.7131112715244,614.8307862258398,125000.0,203.30797155964953,-406.61594311929906,-407.0,-377.9173581408548,-29.0
278,25/01/2018,160.57,160.75,159.66,160.05,1010414,1729088,RX1 Comdty,Future,EUX,EUR,0.01,10,1000,160050,160.05,157.36,0.560303254356329,279,0.002,,1.1308,,1.1308,1000,36,0.05405405405405406,-0.3499999999999943,0.12249999999999601,-2.6899999999999977,0.08333333333333333,-32.27999999999997,0.11075014964988682,0.3327914506862921,5.324663210980674,-6.062355255339197,30.0,-181.8706576601759,-20.0,645.5999999999995,135359.1237277109,1.6005000000000003,1600.5000000000002,560.303254356329,633.5909200261369,125000.0,197.28818082627114,-394.5763616525423,-395.0,-406.61594311929906,12.0
279,26/01/2018,160.15,160.36,159.74,159.79,751023,1727080,RX1 Comdty,Future,EUX,EUR,0.01,10,1000,159790,159.79,157.1,0.5853858376725669,280,0.002,,1.1308,,1.1308,1000,36,0.05405405405405406,-0.2600000000000193,0.06760000000001005,-2.6899999999999977,0.08333333333333333,-32.27999999999997,0.10841770912827185,0.32926844538806305,5.268295126209009,-6.127219380594611,30.0,-183.81658141783834,-20.0,638.3999999999992,135997.52372771088,1.5978999999999999,1597.8999999999999,585.3858376725669,661.9543052401388,125000.0,188.83478664687203,-377.66957329374407,-378.0,-394.5763616525423,17.0
280,29/01/2018,159.59,159.64,158.66,158.71,1017774,1759536,RX1 Comdty,Future,EUX,EUR,0.01,10,1000,158710,158.71,156.05,0.7297411220860963,281,0.002,,1.1308,,1.1308,1000,36,0.05405405405405406,-1.079999999999984,1.1663999999999657,-2.6599999999999966,0.08333333333333333,-31.91999999999996,0.16560594106728233,0.4069470986102276,6.511153577763642,-4.902357104432389,30.0,-147.0707131329717,-20.0,638.3999999999992,136635.92372771088,1.5871000000000002,1587.1000000000001,729.7411220860963,825.1912608549577,125000.0,151.4800336960561,-302.9600673921122,-303.0,-377.66957329374407,75.0
281,30/01/2018,158.74,159.18,158.73,158.91,840357,1750029,RX1 Comdty,Future,EUX,EUR,0.01,10,1000,158910,158.91,156.25,0.8219839606581888,282,0.002,,1.1308,,1.1308,1000,36,0.05405405405405406,0.19999999999998863,0.039999999999995456,-2.6599999999999966,0.08333333333333333,-31.91999999999996,0.15881643073932086,0.3985177922493811,6.376284675990098,-5.00605001533177,30.0,-150.1815004599531,-20.0,638.3999999999992,137274.32372771087,1.5891,1589.1,821.9839606581888,929.49946271228,125000.0,134.4809814469929,-268.9619628939858,-269.0,-302.9600673921122,34.0
282,31/01/2018,158.96,159.33,158.5,158.82,917380,1738398,RX1 Comdty,Future,EUX,EUR,0.01,10,1000,158820,158.82,156.16,0.8801033133136718,283,0.002,,1.1308,,1.1308,1000,36,0.05405405405405406,-0.09000000000000341,0.008100000000000614,-2.6599999999999966,0.08333333333333333,-31.91999999999996,0.15066959664530355,0.3881618176035654,6.210589081657046,-5.139609074165858,30.0,-154.18827222497575,-20.0,636.0000000000014,137910.32372771087,1.5882,1588.2,880.1033133136717,995.2208266951,125000.0,125.60026543565846,-251.20053087131691,-251.0,-268.9619628939858,18.0
283,01/02/2018,158.55,158.81,158.15,158.6,1077614,1755314,RX1 Comdty,Future,EUX,EUR,0.01,10,1000,158600,158.6,155.95,0.932498624240829,284,0.002,,1.1308,,1.1308,1000,36,0.05405405405405406,-0.21999999999999886,0.0483999999999995,-2.6500000000000057,0.08333333333333333,-31.800000000000068,0.145141510340152,0.380974422160008,6.095590754560128,-5.216885660542483,30.0,-156.5065698162745,-20.0,636.0000000000014,138546.32372771087,1.586,1586.0,932.4986242408289,1054.4694442915293,125000.0,118.5430271846182,-237.0860543692364,-237.0,-251.20053087131691,14.0
284,02/02/2018,158.17,158.36,157.71,157.87,1033697,1749478,RX1 Comdty,Future,EUX,EUR,0.01,10,1000,157870,157.87,155.22,1.0319649116844853,285,0.002,,1.1308,,1.1308,1000,36,0.05405405405405406,-0.7299999999999898,0.532899999999985,-2.6500000000000057,0.08333333333333333,-31.800000000000068,0.16610142870014297,0.4075554302179557,6.520886883487291,-4.876637268548019,30.0,-146.29911805644056,-20.0,636.0000000000014,139182.32372771087,1.5787,1578.7,1031.9649116844853,1166.945922132816,125000.0,107.11721736988352,-214.23443473976704,-214.0,-237.0860543692364,23.0
285,05/02/2018,157.67,159.3,157.62,158.09,871668,1732665,RX1 Comdty,Future,EUX,EUR,0.01,10,1000,158090,158.09,155.44,1.050390779412296,286,0.002,,1.1308,,1.1308,1000,36,0.05405405405405406,0.21999999999999886,0.0483999999999995,-2.6500000000000057,0.08333333333333333,-31.800000000000068,0.15973918931094602,0.3996738536744004,6.394781658790406,-4.972804654915324,30.0,-149.18413964745972,-20.0,636.0000000000014,139818.32372771087,1.5809,1580.8999999999999,1050.390779412296,1187.7818933594244,125000.0,105.2381760480119,-210.47635209602376,-210.0,-214.23443473976704,4.0
286,06/02/2018,158.96,159.24,158.48,158.86,1274011,1703860,RX1 Comdty,Future,EUX,EUR,0.01,10,1000,158860,158.86,156.21,1.0268360961817602,287,0.002,,1.1308,,1.1308,1000,36,0.05405405405405406,0.7700000000000102,0.5929000000000157,-2.6500000000000057,0.08333333333333333,-31.800000000000068,0.18315328718603088,0.4279641190404061,6.847425904646498,-4.644080920747365,30.0,-139.32242762242095,-20.0,635.9999999999945,140454.32372771087,1.5886000000000002,1588.6000000000001,1026.8360961817602,1161.1462575623345,125000.0,107.6522437943521,-215.3044875887042,-215.0,-210.47635209602376,-5.0
287,07/02/2018,158.68,158.92,157.92,158.23,928913,1712584,RX1 Comdty,Future,EUX,EUR,0.01,10,1000,158230,158.23,155.58,1.0423671188823722,288,0.002,,1.1308,,1.1308,1000,36,0.05405405405405406,-0.6300000000000239,0.39690000000003006,-2.6499999999999773,0.08333333333333333,-31.799999999999727,0.19470716355435516,0.4412563467581573,7.0601015481305165,-4.504184505450949,30.0,-135.12553516352847,-20.0,636.0000000000014,141090.32372771087,1.5823,1582.3,1042.3671188823723,1178.7087380321866,125000.0,106.04825090945128,-212.09650181890257,-212.0,-215.3044875887042,3.0
288,08/02/2018,157.92,158.23,157.26,157.74,1156905,1716179,RX1 Comdty,Future,EUX,EUR,0.01,10,1000,157740,157.74,155.09,1.117184430894233,289,0.002,,1.1308,,1.1308,1000,36,0.05405405405405406,-0.4899999999999807,0.24009999999998105,-2.6500000000000057,0.08333333333333333,-31.800000000000068,0.19716083038925383,0.4440279612696185,7.104447380313896,-4.476069467150455,30.0,-134.28208401451366,-20.0,636.0000000000014,141726.32372771087,1.5774000000000001,1577.4,1117.184430894233,1263.3121544551987,125000.0,98.94624979200493,-197.89249958400987,-198.0,-212.09650181890257,14.0
289,09/02/2018,158.05,158.65,157.7,158.04,920806,1706267,RX1 Comdty,Future,EUX,EUR,0.01,10,1000,158040,158.04,155.39,1.148655506966806,290,0.002,,1.1308,,1.1308,1000,36,0.05405405405405406,0.29999999999998295,0.08999999999998977,-2.6500000000000057,0.08333333333333333,-31.800000000000068,0.19136835307091524,0.43745668707989277,6.999306993278284,-4.543306934606367,30.0,-136.299208038191,-20.0,636.0000000000014,142362.32372771087,1.5804,1580.4,1148.6555069668061,1298.8996472780643,125000.0,96.23530213588579,-192.47060427177158,-192.0,-197.89249958400987,5.0
290,12/02/2018,157.75,158.17,157.54,157.97,637061,1705892,RX1 Comdty,Future,EUX,EUR,0.01,10,1000,157970,157.97,155.32,1.1730207293905655,291,0.002,,1.1308,,1.1308,1000,36,0.05405405405405406,-0.06999999999999318,0.004899999999999045,-2.6500000000000057,0.08333333333333333,-31.800000000000068,0.18128898263464951,0.4257804394692757,6.812487031508411,-4.667898794217441,30.0,-140.03696382652325,-20.0,636.0000000000014,142998.32372771087,1.5797,1579.7,1173.0207293905655,1326.4518407948515,125000.0,94.23636513263541,-188.47273026527083,-188.0,-192.47060427177158,4.0
291,13/02/2018,158.03,158.44,157.95,158.11,664396,1692302,RX1 Comdty,Future,EUX,EUR,0.01,10,1000,158110,158.11,155.46,1.1508508294214546,292,0.002,,1.1308,,1.1308,1000,36,0.05405405405405406,0.14000000000001478,0.01960000000000414,-2.6500000000000057,0.08333333333333333,-31.800000000000068,0.1725490376273714,0.4153902233170292,6.646243573072467,-4.784657626578583,30.0,-143.5397287973575,-20.0,635.9999999999945,143634.32372771087,1.5811000000000002,1581.1000000000001,1150.8508294214546,1301.3821179097808,125000.0,96.05172706750355,-192.1034541350071,-192.0,-188.47273026527083,-4.0
292,14/02/2018,158.25,158.38,157.65,157.98,782147,1687089,RX1 Comdty,Future,EUX,EUR,0.01,10,1000,157980,157.98,155.33,1.1136893406015953,293,0.002,,1.1308,,1.1308,1000,36,0.05405405405405406,-0.13000000000002387,0.01690000000000621,-2.6499999999999773,0.08333333333333333,-31.799999999999727,0.1641355761340003,0.40513649074602043,6.482183851936327,-4.905754098674721,30.0,-147.17262296024163,-20.0,636.0000000000014,144270.32372771087,1.5797999999999999,1579.8,1113.6893406015954,1259.359906352284,125000.0,99.25677272199376,-198.5135454439875,-199.0,-192.1034541350071,-6.0
293,15/02/2018,157.65,158.01,157.42,157.88,720047,1697647,RX1 Comdty,Future,EUX,EUR,0.01,10,1000,157880,157.88,155.23,1.0813192478591849,294,0.002,,1.1308,,1.1308,1000,36,0.05405405405405406,-0.09999999999999432,0.009999999999998864,-2.6500000000000057,0.08333333333333333,-31.800000000000068,0.1558039233700002,0.39472005696442664,6.315520911430826,-5.035214109170854,30.0,-151.05642327512564,-20.0,636.0000000000014,144906.32372771087,1.5788,1578.8,1081.3192478591848,1222.7558054791662,125000.0,102.22809774435359,-204.45619548870718,-204.0,-198.5135454439875,-6.0
294,16/02/2018,157.76,158.78,157.65,158.61,575895,1703251,RX1 Comdty,Future,EUX,EUR,0.01,10,1000,158610,158.61,155.96,1.0011414538054366,295,0.002,,1.1308,,1.1308,1000,36,0.05405405405405406,0.7300000000000182,0.5329000000000266,-2.6500000000000057,0.08333333333333333,-31.800000000000068,0.17618749507973136,0.4197469417157573,6.715951067452117,-4.734995785498521,30.0,-142.04987356495562,-20.0,638.3999999999992,145544.72372771087,1.5861,1586.1000000000001,1001.1414538054366,1132.0907559631878,125000.0,110.4151759402447,-220.8303518804894,-221.0,-204.45619548870718,-16.0
295,19/02/2018,158.49,158.53,158.17,158.27,338583,1701348,RX1 Comdty,Future,EUX,EUR,0.01,10,1000,158270,158.27,155.61,0.897512791289206,296,0.002,,1.1308,,1.1308,1000,36,0.05405405405405406,-0.3400000000000034,0.11560000000000233,-2.6599999999999966,0.08333333333333333,-31.91999999999996,0.17291249534569195,0.41582748267243225,6.653239722758916,-4.797662692178422,30.0,-143.92988076535266,-20.0,638.3999999999992,146183.12372771086,1.5827000000000002,1582.7000000000003,897.512791289206,1014.9074643898342,125000.0,123.16393798044477,-246.32787596088957,-246.0,-220.8303518804894,-25.0
296,20/02/2018,158.17,158.55,157.9,158.39,614787,1692344,RX1 Comdty,Future,EUX,EUR,0.01,10,1000,158390,158.39,155.73,0.7481795450160662,297,0.002,,1.1308,,1.1308,1000,36,0.05405405405405406,0.11999999999997613,0.01439999999999427,-2.6599999999999966,0.08333333333333333,-31.91999999999996,0.1643442523540326,0.40539394711074883,6.486303153771981,-4.9211390900589524,30.0,-147.63417270176856,-20.0,638.3999999999992,146821.52372771085,1.5838999999999999,1583.8999999999999,748.1795450160662,846.0414295041677,125000.0,147.74690179564573,-295.49380359129145,-295.0,-246.32787596088957,-49.0
297,21/02/2018,158.41,158.85,158.17,158.51,675671,1678394,RX1 Comdty,Future,EUX,EUR,0.01,10,1000,158510,158.51,155.85,0.6111531378437767,298,0.002,,1.1308,,1.1308,1000,36,0.05405405405405406,0.12000000000000455,0.01440000000000109,-2.6599999999999966,0.08333333333333333,-31.91999999999996,0.15623915763219307,0.39527099265212096,6.324335882433935,-5.047170263151089,30.0,-151.41510789453267,-20.0,635.9999999999945,147457.52372771085,1.5851,1585.1,611.1531378437767,691.0919682737427,125000.0,180.87317714346128,-361.74635428692255,-362.0,-295.49380359129145,-66.0
298,22/02/2018,158.24,158.85,158.18,158.76,630339,1673712,RX1 Comdty,Future,EUX,EUR,0.01,10,1000,158760,158.76,156.11,0.4923103428588592,299,0.002,,1.1308,,1.1308,1000,36,0.05405405405405406,0.25,0.0625,-2.6499999999999773,0.08333333333333333,-31.799999999999727,0.151172176138561,0.3888086626331273,6.220938602130037,-5.111768823616338,30.0,-153.35306470849014,-20.0,640.799999999997,148098.32372771084,1.5876,1587.6,492.3103428588592,556.704535704798,125000.0,224.53562344655185,-449.07124689310365,-449.0,-361.74635428692255,-87.0
299,23/02/2018,158.68,159.66,158.68,159.48,777959,1652651,RX1 Comdty,Future,EUX,EUR,0.01,10,1000,159480,159.48,156.81,0.44949416014182836,300,0.002,,1.1308,,1.1308,1000,36,0.05405405405405406,0.7199999999999989,0.5183999999999984,-2.6699999999999875,0.08333333333333333,-32.03999999999985,0.17102232877971976,0.4135484600137205,6.616775360219528,-4.8422378357630755,30.0,-145.26713507289227,-20.0,640.8000000000038,148739.12372771086,1.5948,1594.8,449.49416014182833,508.2879962883795,125000.0,245.9235726847279,-491.84714536945575,-492.0,-449.07124689310365,-43.0
300,26/02/2018,159.65,159.67,159.25,159.56,678750,1627772,RX1 Comdty,Future,EUX,EUR,0.01,10,1000,159560,159.56,156.89,0.5163984589661675,301,0.002,,1.1308,,1.1308,1000,36,0.05405405405405406,0.0800000000000125,0.006400000000002001,-2.670000000000016,0.08333333333333333,-32.04000000000019,0.16212382452135665,0.4026460288160764,6.442336461057223,-4.973350925347704,30.0,-149.20052776043113,-20.0,640.799999999997,149379.92372771085,1.5956000000000001,1595.6000000000001,516.3984589661676,583.9433773989423,125000.0,214.0618505800806,-428.1237011601612,-428.0,-491.84714536945575,64.0
301,27/02/2018,159.45,159.51,159.05,159.2,813659,1520471,RX1 Comdty,Future,EUX,EUR,0.01,10,1000,159200,159.2,156.53,0.5342311248312028,302,0.002,,1.1308,,1.1308,1000,36,0.05405405405405406,-0.36000000000001364,0.12960000000000982,-2.6699999999999875,0.08333333333333333,-32.03999999999985,0.16036577995263518,0.40045696392076285,6.407311422732206,-5.000537337131235,30.0,-150.01612011393706,-20.0,640.799999999997,150020.72372771084,1.5919999999999999,1591.9999999999998,534.2311248312028,604.1085559591241,125000.0,206.9164536190709,-413.8329072381418,-414.0,-428.1237011601612,14.0
302,28/02/2018,159.24,159.52,159.03,159.44,701486,1490612,RX1 Comdty,Future,EUX,EUR,0.01,10,1000,159440,159.44,156.77,0.5734702763843009,303,0.002,,1.1308,,1.1308,1000,36,0.05405405405405406,0.2400000000000091,0.05760000000000436,-2.6699999999999875,0.08333333333333333,-32.03999999999985,0.15481087292816864,0.3934601287655061,6.295362060248098,-5.089461049796581,30.0,-152.68383149389743,-20.0,640.799999999997,150661.52372771082,1.5944,1594.4,573.470276384301,648.4801885353676,125000.0,192.7583944889977,-385.5167889779954,-386.0,-413.8329072381418,28.0
303,01/03/2018,159.45,160.09,159.44,159.7,959073,1394661,RX1 Comdty,Future,EUX,EUR,0.01,10,1000,159700,159.7,157.03,0.6350754203047035,304,0.002,,1.1308,,1.1308,1000,36,0.05405405405405406,0.2599999999999909,0.06759999999999527,-2.6699999999999875,0.08333333333333333,-32.03999999999985,0.15009677168880792,0.38742324619052987,6.198771939048478,-5.16876573538178,30.0,-155.0629720614534,-20.0,643.2000000000016,151304.72372771084,1.597,1597.0,635.0754203047036,718.1432852805589,125000.0,174.05997182187107,-348.11994364374215,-348.0,-385.5167889779954,37.0
304,02/03/2018,159.9,160.21,159.58,159.77,912660,1237296,RX1 Comdty,Future,EUX,EUR,0.01,10,1000,159770,159.77,157.09,0.6715063584770686,305,0.002,,1.1308,,1.1308,1000,36,0.05405405405405406,0.0700000000000216,0.004900000000003024,-2.680000000000007,0.08333333333333333,-32.16000000000008,0.1422482975434671,0.37715818636676457,6.034530981868233,-5.3293288404070225,30.0,-159.8798652122107,-20.0,645.5999999999995,151950.32372771084,1.5977000000000001,1597.7,671.5063584770686,759.3393901658692,125000.0,164.61677297248488,-329.23354594496976,-329.0,-348.11994364374215,19.0
305,05/03/2018,157.35,157.69,156.72,157.19,1503345,1191336,RX1 Comdty,Future,EUX,EUR,0.01,10,1000,157190,159.88,157.19,0.7365672513701347,306,0.002,,1.1308,,1.1308,1000,36,0.05405405405405406,0.10999999999998522,0.012099999999996749,-2.6899999999999977,0.08333333333333333,-32.27999999999997,0.13521325443300924,0.3677135494280966,5.883416790849545,-5.486607722608557,30.0,-164.59823167825672,-20.0,643.2000000000016,152593.52372771085,1.5988,1598.8,736.5672513701347,832.9102478493484,125000.0,150.0761940710438,-300.1523881420876,-300.0,-329.23354594496976,29.0
306,06/03/2018,156.82,157.05,156.24,156.57,1616680,1518433,RX1 Comdty,Future,EUX,EUR,0.01,10,1000,156570,159.25,156.57,0.8592591668356169,307,0.002,,1.1308,,1.1308,1000,36,0.05405405405405406,-0.6299999999999955,0.39689999999999426,-2.680000000000007,0.08333333333333333,-32.16000000000008,0.14935848392311654,0.3864692535288112,6.183508056460979,-5.200931203832908,30.0,-156.02793611498723,-20.0,628.8000000000011,153222.32372771084,1.5925,1592.5,859.2591668356168,971.6502658577156,125000.0,128.6471114065485,-257.294222813097,-257.0,-300.1523881420876,43.0
307,07/03/2018,156.75,156.99,156.59,156.81,936499,1646141,RX1 Comdty,Future,EUX,EUR,0.01,10,1000,156810,159.43,156.81,0.9354250370829372,308,0.002,,1.1308,,1.1308,1000,36,0.05405405405405406,0.18000000000000682,0.032400000000002455,-2.6200000000000045,0.08333333333333333,-31.440000000000055,0.14303640371105633,0.37820153848319593,6.051224615731135,-5.19564253461468,30.0,-155.8692760384404,-20.0,516.0000000000014,153738.32372771084,1.5943,1594.3,935.4250370829373,1057.7786319333854,125000.0,118.17217348352712,-236.34434696705426,-236.0,-257.294222813097,21.0
308,08/03/2018,156.72,157.36,156.22,157.21,814860,1643068,RX1 Comdty,Future,EUX,EUR,0.01,10,1000,157210,159.36,157.21,0.9622007395338709,309,0.002,,1.1308,,1.1308,1000,36,0.05405405405405406,-0.06999999999999318,0.004899999999999045,-2.1500000000000057,0.08333333333333333,-25.800000000000068,0.13556957107802622,0.36819773366769415,5.891163738683106,-4.379440318487451,30.0,-131.38320955462353,-20.0,105.59999999999945,153843.92372771085,1.5936000000000001,1593.6000000000001,962.2007395338709,1088.0565962649011,125000.0,114.88372978859931,-229.76745957719862,-230.0,-236.34434696705426,7.0
309,09/03/2018,157.15,157.25,156.88,156.98,527884,1645999,RX1 Comdty,Future,EUX,EUR,0.01,10,1000,156980,156.98,156.54,1.0095099123632059,310,0.002,,1.1308,,1.1308,1000,36,0.05405405405405406,-2.380000000000024,5.664400000000113,-0.4399999999999977,0.08333333333333333,-5.279999999999973,0.4344252699386796,0.6591094521691216,10.545751234705946,-0.500675569002951,30.0,-15.02026707008853,-15.02026707008853,77.50457808165804,153921.4283057925,1.5697999999999999,1569.8,1009.5099123632059,1141.5538089003132,125000.0,109.49987554280561,-164.47173747943955,-164.0,-229.76745957719862,65.0
310,12/03/2018,157.0,157.36,156.91,157.27,440187,1659071,RX1 Comdty,Future,EUX,EUR,0.01,10,1000,157270,157.27,156.84,1.0341000409721186,311,0.002,,1.1308,,1.1308,1000,36,0.05405405405405406,0.29000000000002046,0.08410000000001187,-0.4300000000000068,0.08333333333333333,-5.160000000000082,0.41548876886091374,0.6445841829124522,10.313346926599236,-0.5003225467662573,30.0,-15.009676402987719,-15.009676402987719,63.040640892547394,153984.46894668505,1.5727000000000002,1572.7000000000003,1034.1000409721187,1169.3603263312718,125000.0,106.89605007566192,-160.44751203932563,-160.0,-164.47173747943955,4.0
311,13/03/2018,157.25,157.61,157.17,157.47,682426,1661423,RX1 Comdty,Future,EUX,EUR,0.01,10,1000,157470,157.47,157.12,1.0495707142504713,312,0.002,,1.1308,,1.1308,1000,36,0.05405405405405406,0.19999999999998863,0.039999999999995456,-0.3499999999999943,0.08333333333333333,-4.199999999999932,0.39519207865221545,0.6286430454973756,10.05828872795801,-0.41756606054920814,30.0,-12.526981816476244,-12.526981816476244,46.60037235729197,154031.06931904235,1.5747,1574.7,1049.5707142504714,1186.8545636744332,125000.0,105.320402200761,-131.93467632728976,-132.0,-160.44751203932563,29.0
312,14/03/2018,157.62,157.97,157.34,157.94,674070,1665428,RX1 Comdty,Future,EUX,EUR,0.01,10,1000,157940,157.94,157.63,1.0501552516810544,313,0.002,,1.1308,,1.1308,1000,36,0.05405405405405406,0.46999999999999886,0.22089999999999893,-0.3100000000000023,0.08333333333333333,-3.7200000000000273,0.3857708852115551,0.6211045686609905,9.937673098575848,-0.37433310223629057,30.0,-11.229993067088717,-11.229993067088717,39.080375873467666,154070.1496949158,1.5794,1579.3999999999999,1050.1552516810543,1187.5155586009362,125000.0,105.26177875704462,-118.20890456710376,-118.0,-131.93467632728976,14.0
313,15/03/2018,157.85,158.24,157.81,158.14,606465,1682407,RX1 Comdty,Future,EUX,EUR,0.01,10,1000,158140,158.14,157.85,1.0469317325562775,314,0.002,,1.1308,,1.1308,1000,36,0.05405405405405406,0.19999999999998863,0.039999999999995456,-0.28999999999999204,0.08333333333333333,-3.4799999999999045,0.36708056709201137,0.6058717414535946,9.693947863257513,-0.35898686985825196,30.0,-10.769606095747559,-10.769606095747559,37.47822921320048,154107.62792412902,1.5814,1581.3999999999999,1046.9317325562774,1183.8704031746386,125000.0,105.58588141472495,-113.71183521089009,-114.0,-118.20890456710376,4.0
314,16/03/2018,158.24,158.35,157.98,158.19,466021,1692028,RX1 Comdty,Future,EUX,EUR,0.01,10,1000,158190,158.19,157.9,1.0438233113247106,315,0.002,,1.1308,,1.1308,1000,36,0.05405405405405406,0.05000000000001137,0.0025000000000011367,-0.28999999999999204,0.08333333333333333,-3.4799999999999045,0.34737350941136214,0.5893840084455653,9.430144135129044,-0.3690293541788249,30.0,-11.070880625364746,-11.070880625364746,37.198158901225696,154144.82608303023,1.5819,1581.9,1043.8233113247106,1180.3554004459827,125000.0,105.90030761308864,-117.24096637739096,-117.0,-113.71183521089009,-4.0
315,19/03/2018,158.16,158.3,157.67,158.23,655359,1697625,RX1 Comdty,Future,EUX,EUR,0.01,10,1000,158230,158.23,157.95,1.043806167730006,316,0.002,,1.1308,,1.1308,1000,36,0.05405405405405406,0.03999999999999204,0.0015999999999993634,-0.28000000000000114,0.08333333333333333,-3.3600000000000136,0.3286830494431804,0.5733088604261933,9.172941766819093,-0.36629470516797613,30.0,-10.988841155039283,-10.988841155039283,36.92250628093214,154181.74858931117,1.5823,1582.3,1043.8061677300059,1180.3360144690907,125000.0,105.90204693213938,-116.37407717307948,-116.0,-117.24096637739096,1.0
316,20/03/2018,158.12,158.17,157.91,158.06,501560,1712325,RX1 Comdty,Future,EUX,EUR,0.01,10,1000,158060,158.06,157.78,1.0439267971924457,317,0.002,,1.1308,,1.1308,1000,36,0.05405405405405406,-0.1699999999999875,0.02889999999999575,-0.28000000000000114,0.08333333333333333,-3.3600000000000136,0.3124785602840893,0.5589978177811514,8.943965084498423,-0.3756723073330784,30.0,-11.27016921999235,-11.27016921999235,36.515348272772755,154218.26393758395,1.5806,1580.6,1043.9267971924457,1180.4724222652176,125000.0,105.8898095731339,-119.33960725619849,-119.0,-116.37407717307948,-3.0
317,21/03/2018,158.0,158.1,157.75,157.88,490662,1728126,RX1 Comdty,Future,EUX,EUR,0.01,10,1000,157880,157.88,157.61,1.044347567674206,318,0.002,,1.1308,,1.1308,1000,36,0.05405405405405406,-0.18000000000000682,0.032400000000002455,-0.2699999999999818,0.08333333333333333,-3.2399999999997817,0.2973391786471116,0.5452881611103543,8.724610577765668,-0.3713632798989099,30.0,-11.140898396967296,-11.140898396967296,26.738156152723793,154245.00209373666,1.5788,1578.8,1044.347567674206,1180.948229525992,125000.0,105.8471462802162,-117.92323023168235,-118.0,-119.33960725619849,1.0
318,22/03/2018,158.09,159.0,158.05,158.96,948815,1750684,RX1 Comdty,Future,EUX,EUR,0.01,10,1000,158960,158.96,158.76,1.0510039060479635,319,0.002,,1.1308,,1.1308,1000,36,0.05405405405405406,1.0800000000000125,1.166400000000027,-0.20000000000001705,0.08333333333333333,-2.4000000000002046,0.34431543926078273,0.5867839800648811,9.388543681038097,-0.25563070072810645,30.0,-7.668921021843193,-7.668921021843193,18.405410452425233,154263.4075041891,1.5896000000000001,1589.6000000000001,1051.0039060479635,1188.4752169590372,125000.0,105.1767830042251,-80.65924421909418,-81.0,-117.92323023168235,37.0
319,23/03/2018,158.9,159.01,158.55,158.87,714821,1734038,RX1 Comdty,Future,EUX,EUR,0.01,10,1000,158870,158.87,158.67,1.0203848603148133,320,0.002,,1.1308,,1.1308,1000,36,0.05405405405405406,-0.09000000000000341,0.008100000000000614,-0.20000000000001705,0.08333333333333333,-2.4000000000002046,0.32614163173317284,0.5710881120573014,9.137409792916822,-0.2626564917621017,30.0,-7.879694752863051,-7.879694752863051,17.96570403652754,154281.37320822562,1.5887,1588.7,1020.3848603148133,1153.851200043991,125000.0,108.33285955349731,-85.36298649863426,-85.0,-80.65924421909418,-5.0
320,26/03/2018,158.87,158.95,158.59,158.93,539218,1744061,RX1 Comdty,Future,EUX,EUR,0.01,10,1000,158930,158.93,158.74,0.9843698224601535,321,0.002,,1.1308,,1.1308,1000,36,0.05405405405405406,0.060000000000002274,0.0036000000000002727,-0.18999999999999773,0.08333333333333333,-2.2799999999999727,0.30870694893678513,0.555614028743682,8.889824459898913,-0.2564730057702285,30.0,-7.694190173106856,-7.694190173106856,16.619450773908813,154297.99265899952,1.5893000000000002,1589.3000000000002,984.3698224601535,1113.1253952379416,125000.0,112.29642278826996,-86.40300326925595,-86.0,-85.36298649863426,-1.0
321,27/03/2018,158.77,159.42,158.73,159.23,733467,1768169,RX1 Comdty,Future,EUX,EUR,0.01,10,1000,159230,159.23,159.05,0.9860906331792822,322,0.002,,1.1308,,1.1308,1000,36,0.05405405405405406,0.29999999999998295,0.08999999999998977,-0.1799999999999784,0.08333333333333333,-2.159999999999741,0.29688495169695833,0.5448715001694971,8.717944002711954,-0.24776483988975082,30.0,-7.432945196692525,-7.432945196692525,14.271254777649343,154312.26391377716,1.5922999999999998,1592.2999999999997,986.0906331792822,1115.0712879991324,125000.0,112.10045612805453,-83.3236546924064,-83.0,-86.40300326925595,3.0
322,28/03/2018,159.3,159.69,159.12,159.31,824206,1779021,RX1 Comdty,Future,EUX,EUR,0.01,10,1000,159310,159.31,159.15,0.9774751309270058,323,0.002,,1.1308,,1.1308,1000,36,0.05405405405405406,0.0800000000000125,0.006400000000002001,-0.1599999999999966,0.08333333333333333,-1.919999999999959,0.2811830624160418,0.5302669727750747,8.484271564401196,-0.22630110144705973,30.0,-6.789033043411791,-6.789033043411791,13.034943443350361,154325.2988572205,1.5931,1593.1,977.4751309270058,1105.3288780522582,125000.0,113.08851372839116,-76.77616565323756,-77.0,-83.3236546924064,7.0
323,29/03/2018,159.24,159.48,159.14,159.31,578411,1792763,RX1 Comdty,Future,EUX,EUR,0.01,10,1000,159310,159.31,159.15,0.9480695066689578,324,0.002,,1.1308,,1.1308,1000,36,0.05405405405405406,0.0,0.0,-0.1599999999999966,0.08333333333333333,-1.919999999999959,0.2659839779611206,0.5157363453947381,8.25178152631581,-0.23267702784869845,30.0,-6.980310835460954,-6.980310835460954,13.402196804084745,154338.7010540246,1.5931,1593.1,948.0695066689578,1072.0769981412575,125000.0,116.59610290746106,-81.38770404974709,-81.0,-76.77616565323756,-5.0
324,30/03/2018,159.24,159.48,159.14,159.31,578411,1792763,RX1 Comdty,Future,EUX,EUR,0.01,10,1000,159310,159.31,159.15,0.9106741285569204,325,0.002,,1.1308,,1.1308,1000,36,0.05405405405405406,0.0,0.0,-0.1599999999999966,0.08333333333333333,-1.919999999999959,0.2516064656388979,0.5016038931656112,8.025662290649779,-0.2392325929583203,30.0,-7.17697778874961,-7.17697778874961,15.502272023699744,154354.2033260483,1.5931,1593.1,910.6741285569204,1029.7903045721657,125000.0,121.38393558864608,-87.11698096307262,-87.0,-81.38770404974709,-6.0
325,02/04/2018,159.24,159.48,159.14,159.43,578411,1792763,RX1 Comdty,Future,EUX,EUR,0.01,10,1000,159430,159.43,159.25,0.9312837772054089,326,0.002,,1.1308,,1.1308,1000,36,0.05405405405405406,0.12000000000000455,0.01440000000000109,-0.18000000000000682,0.08333333333333333,-2.160000000000082,0.23878449452328185,0.4886558037343687,7.818492859749899,-0.27626807861140346,30.0,-8.288042358342103,-8.288042358342103,16.907606411019476,154371.11093245933,1.5943,1594.3,931.2837772054089,1053.0956952638765,125000.0,118.69766495311566,-98.37712749677215,-98.0,-87.11698096307262,-11.0
326,03/04/2018,159.57,159.61,159.07,159.3,702617,1811469,RX1 Comdty,Future,EUX,EUR,0.01,10,1000,159300,159.3,159.13,0.8775460701665805,327,0.002,,1.1308,,1.1308,1000,36,0.05405405405405406,-0.12999999999999545,0.01689999999999882,-0.17000000000001592,0.08333333333333333,-2.040000000000191,0.22679073806256386,0.47622551177206357,7.619608188353017,-0.2677303018176763,30.0,-8.03190905453029,-8.03190905453029,17.348923557786083,154388.4598560171,1.5930000000000002,1593.0000000000002,877.5460701665805,992.3290961443693,125000.0,125.96627518600376,-101.17496662319178,-101.0,-98.37712749677215,-3.0
327,04/04/2018,159.28,159.66,159.22,159.47,705993,1824071,RX1 Comdty,Future,EUX,EUR,0.01,10,1000,159470,159.47,159.29,0.8336948514082961,328,0.002,,1.1308,,1.1308,1000,36,0.05405405405405406,0.1699999999999875,0.02889999999999575,-0.18000000000000682,0.08333333333333333,-2.160000000000082,0.21609394141053315,0.46485905542490313,7.43774488679845,-0.2904106060203748,30.0,-8.712318180611243,-8.712318180611243,25.09147636016133,154413.55133237728,1.5947,1594.7,833.6948514082961,942.7421379725013,125000.0,132.59193046025285,-115.51830863512025,-116.0,-101.17496662319178,-14.0
328,05/04/2018,159.22,159.26,158.89,159.11,720300,1838228,RX1 Comdty,Future,EUX,EUR,0.01,10,1000,159110,159.11,158.87,0.7890799105696639,329,0.002,,1.1308,,1.1308,1000,36,0.05405405405405406,-0.3599999999999852,0.12959999999998936,-0.2400000000000091,0.08333333333333333,-2.880000000000109,0.21141859322617945,0.4598027764446181,7.356844423113889,-0.3914721902982839,30.0,-11.744165708948517,-11.744165708948517,29.595297586551382,154443.14662996383,1.5911000000000002,1591.1000000000001,789.0799105696639,892.291562872176,125000.0,140.08873915342255,-164.52253665754586,-165.0,-115.51830863512025,-49.0
329,06/04/2018,159.24,159.57,159.15,159.5,531413,1841032,RX1 Comdty,Future,EUX,EUR,0.01,10,1000,159500,159.5,159.29,0.7200911857472243,330,0.002,,1.1308,,1.1308,1000,36,0.05405405405405406,0.38999999999998636,0.15209999999998935,-0.21000000000000796,0.08333333333333333,-2.5200000000000955,0.20821218278152054,0.45630273150784506,7.300843704125521,-0.34516558662611935,30.0,-10.354967598783581,-10.354967598783581,23.609326125226282,154466.75595608907,1.595,1595.0,720.0911857472244,814.2791128429614,125000.0,153.51001644089453,-158.95912463341978,-159.0,-164.52253665754586,6.0
330,09/04/2018,159.44,159.49,159.24,159.3,487942,1850869,RX1 Comdty,Future,EUX,EUR,0.01,10,1000,159300,159.3,159.11,0.6480505178498821,331,0.002,,1.1308,,1.1308,1000,36,0.05405405405405406,-0.19999999999998863,0.039999999999995456,-0.18999999999999773,0.08333333333333333,-2.2799999999999727,0.19911963236089755,0.44622822900495385,7.1396516640792616,-0.31934331074876104,30.0,-9.580299322462832,-9.580299322462832,19.543810617826008,154486.29976670688,1.5930000000000002,1593.0000000000002,648.0505178498821,732.8155255846467,125000.0,170.57498870575088,-163.41594487268102,-163.0,-158.95912463341978,-4.0
331,10/04/2018,159.34,159.59,159.0,159.05,877264,1864940,RX1 Comdty,Future,EUX,EUR,0.01,10,1000,159050,159.05,158.88,0.5692876435106032,332,0.002,,1.1308,,1.1308,1000,36,0.05405405405405406,-0.25,0.0625,-0.17000000000001592,0.08333333333333333,-2.040000000000191,0.1917347873684166,0.43787531029782506,7.006004964765201,-0.2911787830953328,30.0,-8.735363492859983,-8.735363492859983,17.820141525433055,154504.11990823233,1.5905000000000002,1590.5000000000002,569.2876435106033,643.7504672817902,125000.0,194.17461633512647,-169.61858547739575,-170.0,-163.41594487268102,-6.0
332,11/04/2018,159.17,159.65,159.17,159.5,665485,1875576,RX1 Comdty,Future,EUX,EUR,0.01,10,1000,159500,159.5,159.33,0.5404325752785545,333,0.002,,1.1308,,1.1308,1000,36,0.05405405405405406,0.44999999999998863,0.20249999999998977,-0.1699999999999875,0.08333333333333333,-2.03999999999985,0.19231669075390703,0.4385392693407365,7.016628309451784,-0.29073793138676846,30.0,-8.722137941603053,-8.722137941603053,17.79316140086892,154521.91306963318,1.595,1595.0,540.4325752785545,611.1211561249894,125000.0,204.54209242665198,-178.40443450093795,-178.0,-169.61858547739575,-9.0
333,12/04/2018,159.4,159.52,159.15,159.29,659304,1869372,RX1 Comdty,Future,EUX,EUR,0.01,10,1000,159290,159.29,159.12,0.5095640551656838,334,0.002,,1.1308,,1.1308,1000,36,0.05405405405405406,-0.21000000000000796,0.044100000000003345,-0.1699999999999875,0.08333333333333333,-2.03999999999985,0.1843049777401825,0.42930755611820126,6.86892089789122,-0.296989880990788,30.0,-8.90969642972364,-8.90969642972364,20.314107859769656,154542.22717749295,1.5929,1592.9,509.56405516568384,576.2150335813553,125000.0,216.93290302248136,-193.28063115489869,-193.0,-178.40443450093795,-15.0
334,13/04/2018,159.29,159.37,158.95,159.34,600233,1858559,RX1 Comdty,Future,EUX,EUR,0.01,10,1000,159340,159.34,159.15,0.4757476111077617,335,0.002,,1.1308,,1.1308,1000,36,0.05405405405405406,0.05000000000001137,0.0025000000000011367,-0.18999999999999773,0.08333333333333333,-2.2799999999999727,0.17447768164611865,0.4177052569050558,6.683284110480892,-0.3411496447419346,30.0,-10.234489342258039,-10.234489342258039,24.562774421421388,154566.78995191437,1.5934000000000001,1593.4,475.7476111077617,537.975398640657,125000.0,232.35263232453926,-237.80105391710975,-238.0,-193.28063115489869,-45.0
335,16/04/2018,159.24,159.27,158.74,159.15,622222,1880894,RX1 Comdty,Future,EUX,EUR,0.01,10,1000,159150,159.15,158.95,0.43290329538929895,336,0.002,,1.1308,,1.1308,1000,36,0.05405405405405406,-0.18999999999999773,0.03609999999999913,-0.20000000000001705,0.08333333333333333,-2.4000000000002046,0.16699780696254463,0.4086536515957549,6.538458425532078,-0.36705899828443134,30.0,-11.01176994853294,-11.01176994853294,27.749660270304062,154594.5396121847,1.5915000000000001,1591.5000000000002,432.90329538929893,489.5270464262193,125000.0,255.34850609901858,-281.1839005863953,-281.0,-237.80105391710975,-43.0
336,17/04/2018,159.09,159.45,158.95,159.34,584951,1898185,RX1 Comdty,Future,EUX,EUR,0.01,10,1000,159340,159.34,159.13,0.35662009861729643,337,0.002,,1.1308,,1.1308,1000,36,0.05405405405405406,0.18999999999999773,0.03609999999999913,-0.21000000000000796,0.08333333333333333,-2.5200000000000955,0.15992224982943407,0.3999028004771085,6.398444807633736,-0.3938457040363279,30.0,-11.815371121089838,-11.815371121089838,28.356890690618027,154622.89650287532,1.5934000000000001,1593.4,356.62009861729643,403.26600751643883,125000.0,309.96909650239854,-366.23999112447484,-366.0,-281.1839005863953,-85.0
337,18/04/2018,159.26,159.55,158.96,159.05,753065,1881742,RX1 Comdty,Future,EUX,EUR,0.01,10,1000,159050,159.05,158.85,0.18878768358821188,338,0.002,,1.1308,,1.1308,1000,36,0.05405405405405406,-0.28999999999999204,0.08409999999999539,-0.20000000000001705,0.08333333333333333,-2.4000000000002046,0.1558237498386536,0.3947451707603952,6.315922732166324,-0.37999198245052296,30.0,-11.399759473515688,-11.399759473515688,31.4633361469019,154654.35983902222,1.5905000000000002,1590.5000000000002,188.78768358821188,213.48111260155,125000.0,585.531893087447,-667.4922745269198,-667.0,-366.23999112447484,-301.0
338,19/04/2018,159.03,159.04,158.06,158.17,1094636,1893155,RX1 Comdty,Future,EUX,EUR,0.01,10,1000,158170,158.17,157.94,0.2998701473373252,339,0.002,,1.1308,,1.1308,1000,36,0.05405405405405406,-0.8800000000000239,0.774400000000042,-0.22999999999998977,0.08333333333333333,-2.759999999999877,0.18926030390143136,0.4350405773044985,6.960649236871976,-0.39651473678340166,30.0,-11.895442103502049,-11.895442103502049,34.2588732580872,154688.6187122803,1.5816999999999999,1581.6999999999998,299.8701473373252,339.09316260904734,125000.0,368.63025794512106,-438.50198909852134,-439.0,-667.4922745269198,229.0
339,20/04/2018,158.28,158.4,157.9,158.13,744536,1855601,RX1 Comdty,Future,EUX,EUR,0.01,10,1000,158130,158.13,157.89,0.37795711257806613,340,0.002,,1.1308,,1.1308,1000,36,0.05405405405405406,-0.03999999999999204,0.0015999999999993634,-0.2400000000000091,0.08333333333333333,-2.880000000000109,0.17911650369054316,0.4232215775342074,6.771545240547319,-0.4253091277829711,30.0,-12.759273833489132,-12.759273833489132,42.87116008052366,154731.4898723608,1.5813,1581.3,377.95711257806613,427.3939029032772,125000.0,292.47024618479065,-373.1707959219724,-373.0,-438.50198909852134,65.0
340,23/04/2018,157.88,157.97,157.62,157.8,861851,1896066,RX1 Comdty,Future,EUX,EUR,0.01,10,1000,157800,157.8,157.52,0.48391468365162826,341,0.002,,1.1308,,1.1308,1000,36,0.05405405405405406,-0.3299999999999841,0.10889999999998949,-0.28000000000000114,0.08333333333333333,-3.3600000000000136,0.1753210170045673,0.4187135261781822,6.699416418850915,-0.5015362219529446,30.0,-15.046086658588337,-15.046086658588337,52.36038157188597,154783.8502539327,1.578,1578.0,483.91468365162825,547.2107242732612,125000.0,228.43119561666086,-343.69955647732235,-344.0,-373.1707959219724,29.0
341,24/04/2018,157.88,158.04,157.43,157.76,759493,1896368,RX1 Comdty,Future,EUX,EUR,0.01,10,1000,157760,157.76,157.47,0.5681539820942072,342,0.002,,1.1308,,1.1308,1000,36,0.05405405405405406,-0.040000000000020464,0.001600000000001637,-0.28999999999999204,0.08333333333333333,-3.4799999999999045,0.16593069176107725,0.40734591167836365,6.517534586853818,-0.5339442320749985,30.0,-16.018326962249954,-16.018326962249954,55.74377782862831,154839.59403176134,1.5776,1577.6,568.1539820942072,642.4685229521295,125000.0,194.5620610728563,-311.65587087142563,-312.0,-343.69955647732235,32.0
342,25/04/2018,157.88,157.88,157.45,157.72,740999,1877478,RX1 Comdty,Future,EUX,EUR,0.01,10,1000,157720,157.72,157.43,0.6344353063125378,343,0.002,,1.1308,,1.1308,1000,36,0.05405405405405406,-0.03999999999999204,0.0015999999999993634,-0.28999999999999204,0.08333333333333333,-3.4799999999999045,0.15704795166588387,0.39629276004727093,6.340684160756335,-0.5488366731051307,30.0,-16.465100193153923,-16.465100193153923,51.37111260263844,154890.965144364,1.5772,1577.2,634.4353063125377,717.4194443782177,125000.0,174.2355897648364,-286.8806442691295,-287.0,-311.65587087142563,25.0
343,26/04/2018,157.79,158.46,157.74,158.31,752359,1884107,RX1 Comdty,Future,EUX,EUR,0.01,10,1000,158310,158.31,158.05,0.644027418508451,344,0.002,,1.1308,,1.1308,1000,36,0.05405405405405406,0.5900000000000034,0.348100000000004,-0.2599999999999909,0.08333333333333333,-3.119999999999891,0.16737508941367416,0.4091150075634896,6.545840121015834,-0.47663858913738716,30.0,-14.299157674121615,-14.299157674121615,41.18157410147181,154932.14671846546,1.5831,1583.1,644.027418508451,728.2662048493564,125000.0,171.64053359561913,-245.4315053154126,-245.0,-286.8806442691295,41.0
344,27/04/2018,158.38,158.78,158.38,158.66,647938,1874575,RX1 Comdty,Future,EUX,EUR,0.01,10,1000,158660,158.66,158.42,0.6387067525795269,345,0.002,,1.1308,,1.1308,1000,36,0.05405405405405406,0.3499999999999943,0.12249999999999601,-0.2400000000000091,0.08333333333333333,-2.880000000000109,0.1649494089048267,0.4061396421242658,6.498234273988253,-0.44319731769727755,30.0,-13.295919530918326,-13.295919530918326,38.29224824904623,154970.43896671452,1.5866,1586.6,638.7067525795269,722.2495958169291,125000.0,173.07036338125437,-230.1129624703952,-230.0,-245.4315053154126,15.0
345,30/04/2018,158.64,158.91,158.38,158.66,606831,1886237,RX1 Comdty,Future,EUX,EUR,0.01,10,1000,158660,158.66,158.42,0.6261954882262604,346,0.002,,1.1308,,1.1308,1000,36,0.05405405405405406,0.0,0.0,-0.2400000000000091,0.08333333333333333,-2.880000000000109,0.15603322463970093,0.3950104107991344,6.3201665727861505,-0.4556841923124353,30.0,-13.670525769373059,-13.670525769373059,39.3711142157959,155009.8100809303,1.5866,1586.6,626.1954882262604,708.1018580862553,125000.0,176.52827566055262,-241.32343414405756,-241.0,-230.1129624703952,-11.0
346,01/05/2018,158.64,158.91,158.38,158.74,606831,1886237,RX1 Comdty,Future,EUX,EUR,0.01,10,1000,158740,158.74,158.5,0.6165427803496376,347,0.002,,1.1308,,1.1308,1000,36,0.05405405405405406,0.0800000000000125,0.006400000000002001,-0.2400000000000091,0.08333333333333333,-2.880000000000109,0.14794494222674423,0.38463611664369773,6.154177866299164,-0.4679747746276965,30.0,-14.039243238830895,-14.039243238830895,40.43302052783451,155050.24310145812,1.5874000000000001,1587.4,616.5427803496376,697.1865760193702,125000.0,179.29203501549787,-251.71244903675606,-252.0,-241.32343414405756,-10.0
347,02/05/2018,158.68,158.7,158.44,158.59,612130,1879635,RX1 Comdty,Future,EUX,EUR,0.01,10,1000,158590,158.59,158.35,0.5975060008518138,348,0.002,,1.1308,,1.1308,1000,36,0.05405405405405406,-0.15000000000000568,0.022500000000001706,-0.2400000000000091,0.08333333333333333,-2.880000000000109,0.1411641345388122,0.37571815838313194,6.011490534130111,-0.47908251433633137,30.0,-14.37247543008994,-14.37247543008994,34.4939410322139,155084.73704249033,1.5859,1585.9,597.5060008518138,675.6597857632311,125000.0,185.00435076034447,-265.8970485762792,-266.0,-251.71244903675606,-14.0
348,03/05/2018,158.65,159.35,158.43,159.26,894937,1892778,RX1 Comdty,Future,EUX,EUR,0.01,10,1000,159260,159.26,159.06,0.6030658513412288,349,0.002,,1.1308,,1.1308,1000,36,0.05405405405405406,0.6699999999999875,0.44889999999998326,-0.19999999999998863,0.08333333333333333,-2.3999999999998636,0.15779850564482145,0.39723860039631276,6.355817606341004,-0.37760680822644394,30.0,-11.328204246793318,-11.328204246793318,28.54707470192024,155113.28411719226,1.5926,1592.6,603.0658513412288,681.9468646966616,125000.0,183.29873846637824,-207.64455475266837,-208.0,-265.8970485762792,58.0
349,04/05/2018,159.14,159.39,159.05,159.08,626752,1899452,RX1 Comdty,Future,EUX,EUR,0.01,10,1000,159080,159.08,158.87,0.5831448316997657,350,0.002,,1.1308,,1.1308,1000,36,0.05405405405405406,-0.1799999999999784,0.03239999999999223,-0.21000000000000796,0.08333333333333333,-2.5200000000000955,0.15102020804239824,0.38861318562601327,6.217810970016212,-0.40528732895743286,30.0,-12.158619868722985,-12.158619868722985,27.721653300688075,155141.00577049295,1.5908000000000002,1590.8000000000002,583.1448316997657,659.4201756860951,125000.0,189.5604723800625,-230.47937258047423,-230.0,-207.64455475266837,-23.0
350,07/05/2018,159.1,159.42,159.07,159.31,254131,1913353,RX1 Comdty,Future,EUX,EUR,0.01,10,1000,159310,159.31,159.12,0.583649813899108,351,0.002,,1.1308,,1.1308,1000,36,0.05405405405405406,0.22999999999998977,0.05289999999999529,-0.18999999999999773,0.08333333333333333,-2.2799999999999727,0.14571641301307917,0.3817281925835177,6.107651081336283,-0.37330226786647663,30.0,-11.1990680359943,-11.1990680359943,28.221651450706705,155169.22742194365,1.5931,1593.1,583.6498138991079,659.9912095571112,125000.0,189.39646193754848,-212.106386301521,-212.0,-230.47937258047423,18.0
351,08/05/2018,159.25,159.28,158.77,158.85,547045,1913642,RX1 Comdty,Future,EUX,EUR,0.01,10,1000,158850,158.85,158.64,0.5798591026695024,352,0.002,,1.1308,,1.1308,1000,36,0.05405405405405406,-0.46000000000000796,0.2116000000000073,-0.21000000000000796,0.08333333333333333,-2.5200000000000955,0.14927768798534555,0.38636470851430715,6.1818353362289145,-0.40764592761497964,30.0,-12.229377828449389,-12.229377828449389,30.818032127693627,155200.04545407134,1.5885,1588.5,579.8591026695024,655.7046732986732,125000.0,190.63460287869955,-233.1342585780022,-233.0,-212.106386301521,-21.0
352,09/05/2018,158.79,158.9,158.52,158.85,585280,1904655,RX1 Comdty,Future,EUX,EUR,0.01,10,1000,158850,158.85,158.64,0.5523166521225497,353,0.002,,1.1308,,1.1308,1000,36,0.05405405405405406,0.0,0.0,-0.21000000000000796,0.08333333333333333,-2.5200000000000955,0.14120862376992147,0.3757773593098997,6.012437748958395,-0.41913115864470524,30.0,-12.573934759341157,-12.573934759341157,28.668571251297493,155228.71402532264,1.5885,1588.5,552.3166521225496,624.5596702201791,125000.0,200.14100487137304,-251.65599379216252,-252.0,-233.1342585780022,-19.0
353,10/05/2018,158.84,159.25,158.81,159.07,572673,1918102,RX1 Comdty,Future,EUX,EUR,0.01,10,1000,159070,159.07,158.88,0.542107000509441,354,0.002,,1.1308,,1.1308,1000,36,0.05405405405405406,0.21999999999999886,0.0483999999999995,-0.18999999999999773,0.08333333333333333,-2.2799999999999727,0.13619194140397975,0.36904192364009236,5.904670778241478,-0.3861349913701708,30.0,-11.584049741105124,-11.584049741105124,26.411633409719368,155255.12565873234,1.5907,1590.7,542.107000509441,613.0145961760759,125000.0,203.91031596920786,-236.21072429117663,-236.0,-251.65599379216252,15.0
354,11/05/2018,158.92,159.16,158.79,158.85,421368,1918307,RX1 Comdty,Future,EUX,EUR,0.01,10,1000,158850,158.85,158.66,0.5219787755327042,355,0.002,,1.1308,,1.1308,1000,36,0.05405405405405406,-0.21999999999999886,0.0483999999999995,-0.18999999999999773,0.08333333333333333,-2.2799999999999727,0.13144643105781864,0.3625554179126532,5.8008866866024515,-0.3930433609857938,30.0,-11.791300829573814,-11.791300829573814,29.714078090523117,155284.83973682288,1.5885,1588.5,521.9787755327043,590.253599372382,125000.0,211.77338034518175,-249.70836353457926,-250.0,-236.21072429117663,-13.0
355,14/05/2018,158.98,159.01,158.12,158.14,747329,1929042,RX1 Comdty,Future,EUX,EUR,0.01,10,1000,158140,158.14,157.93,0.52169864259513,356,0.002,,1.1308,,1.1308,1000,36,0.05405405405405406,-0.710000000000008,0.5041000000000113,-0.20999999999997954,0.08333333333333333,-2.5199999999997544,0.15158986721685608,0.38934543430847635,6.2295269489356215,-0.40452509807832554,30.0,-12.135752942349766,-12.135752942349766,33.49467812088386,155318.33441494376,1.5814,1581.3999999999999,521.69864259513,589.936825046573,125000.0,211.88709484296356,-257.1409434686439,-257.0,-249.70836353457926,-7.0
356,15/05/2018,158.13,158.17,157.61,157.76,832065,1924995,RX1 Comdty,Future,EUX,EUR,0.01,10,1000,157760,157.76,157.53,0.5260638344309367,357,0.002,,1.1308,,1.1308,1000,36,0.05405405405405406,-0.37999999999999545,0.14439999999999653,-0.22999999999998977,0.08333333333333333,-2.759999999999877,0.1512012257456745,0.38884601804014207,6.221536288642273,-0.4436203329776274,30.0,-13.308609989328822,-13.308609989328822,35.13473037182791,155353.46914531558,1.5776,1577.6,526.0638344309367,594.8729839745032,125000.0,210.128890313428,-279.6523448671868,-280.0,-257.1409434686439,-23.0
357,16/05/2018,157.9,158.5,157.84,158.18,1085172,1875148,RX1 Comdty,Future,EUX,EUR,0.01,10,1000,158180,158.18,157.96,0.5173970785031321,358,0.002,,1.1308,,1.1308,1000,36,0.05405405405405406,0.4200000000000159,0.17640000000001338,-0.21999999999999886,0.08333333333333333,-2.6399999999999864,0.15256332165131442,0.3905935504476673,6.249496807162677,-0.4224340105229317,30.0,-12.673020315687952,-12.673020315687952,39.539823384945024,155393.00896870054,1.5818,1581.8000000000002,517.3970785031321,585.0726163713418,125000.0,213.64869334555098,-270.7574231188353,-271.0,-279.6523448671868,9.0
358,17/05/2018,158.02,158.39,157.73,157.87,905263,1843946,RX1 Comdty,Future,EUX,EUR,0.01,10,1000,157870,157.87,157.61,0.5314575291259296,359,0.002,,1.1308,,1.1308,1000,36,0.05405405405405406,-0.3100000000000023,0.0961000000000014,-0.2599999999999909,0.08333333333333333,-3.119999999999891,0.1495112502107029,0.3866668465367866,6.186669544588586,-0.5043101102319133,30.0,-15.129303306957398,-15.129303306957398,41.75687712720056,155434.76584582773,1.5787,1578.7,531.4575291259296,600.9721739356012,125000.0,207.99631899994543,-314.683939688084,-315.0,-270.7574231188353,-44.0
359,18/05/2018,157.82,158.82,157.8,158.67,777688,1843234,RX1 Comdty,Future,EUX,EUR,0.01,10,1000,158670,158.67,158.44,0.5264606248098207,360,0.002,,1.1308,,1.1308,1000,36,0.05405405405405406,0.799999999999983,0.6399999999999727,-0.22999999999998977,0.08333333333333333,-2.759999999999877,0.1760241556047175,0.41955232761208405,6.712837241793345,-0.4111525276996793,30.0,-12.33457583099038,-12.33457583099038,29.602981994379434,155464.3688278221,1.5867,1586.7,526.4606248098207,595.3216745349453,125000.0,209.97051736382315,-258.9897268696359,-259.0,-314.683939688084,56.0
360,21/05/2018,158.64,159.5,158.61,159.24,803279,1871866,RX1 Comdty,Future,EUX,EUR,0.01,10,1000,159240,159.24,159.04,0.5232114898961154,361,0.002,,1.1308,,1.1308,1000,36,0.05405405405405406,0.5700000000000216,0.3249000000000246,-0.20000000000001705,0.08333333333333333,-2.4000000000002046,0.18407149854500438,0.4290355446172314,6.864568713875703,-0.3496213819156566,30.0,-10.488641457469699,-10.488641457469699,25.172739497929424,155489.54156732003,1.5924,1592.4,523.2114898961154,591.6475527745273,125000.0,211.27443089016987,-221.59817547379527,-222.0,-258.9897268696359,37.0
361,22/05/2018,159.38,159.43,158.74,158.9,958509,1844417,RX1 Comdty,Future,EUX,EUR,0.01,10,1000,158900,158.9,158.7,0.49041845719678673,362,0.002,,1.1308,,1.1308,1000,36,0.05405405405405406,-0.3400000000000034,0.11560000000000233,-0.20000000000001705,0.08333333333333333,-2.4000000000002046,0.18037033646149075,0.42470029015941435,6.79520464255063,-0.3531902460996888,30.0,-10.595707382990664,-10.595707382990664,20.34375817534164,155509.8853254954,1.5890000000000002,1589.0000000000002,490.41845719678673,554.5651913981264,125000.0,225.40181377929574,-238.8291662400771,-239.0,-221.59817547379527,-17.0
362,23/05/2018,159.06,159.84,159.03,159.76,1195176,1863265,RX1 Comdty,Future,EUX,EUR,0.01,10,1000,159760,159.76,159.6,0.5019947053623616,363,0.002,,1.1308,,1.1308,1000,36,0.05405405405405406,0.8599999999999852,0.7395999999999746,-0.1599999999999966,0.08333333333333333,-1.919999999999959,0.21059896692303043,0.45891063064940046,7.342570090390407,-0.261488821538491,30.0,-7.8446646461547305,-7.8446646461547305,12.237676848000952,155522.12300234337,1.5976,1597.6,501.9947053623616,567.6556128237585,125000.0,220.20393558375523,-172.7426028418018,-173.0,-238.8291662400771,66.0
363,24/05/2018,159.7,160.29,159.31,160.22,1056314,1876523,RX1 Comdty,Future,EUX,EUR,0.01,10,1000,160220,160.22,160.09,0.590299656286353,364,0.002,,1.1308,,1.1308,1000,36,0.05405405405405406,0.46000000000000796,0.2116000000000073,-0.12999999999999545,0.08333333333333333,-1.5599999999999454,0.2106530768190832,0.4589695815836636,7.343513305338617,-0.2124323787724127,30.0,-6.372971363172381,-6.372971363172381,8.412322199388585,155530.53532454275,1.6022,1602.2,590.299656286353,667.5108513286079,125000.0,187.26287333187327,-119.34209291294053,-119.0,-172.7426028418018,53.0
364,25/05/2018,160.09,161.34,160.05,161.02,1332111,1780634,RX1 Comdty,Future,EUX,EUR,0.01,10,1000,161020,161.02,160.91,0.7641706891175893,365,0.002,,1.1308,,1.1308,1000,36,0.05405405405405406,0.8000000000000114,0.6400000000000182,-0.11000000000001364,0.08333333333333333,-1.3200000000001637,0.23386101861264727,0.48359178923204155,7.737468627712665,-0.17059842999200367,30.0,-5.11795289976011,-5.11795289976011,4.9132347837704735,155535.44855932653,1.6102,1610.2,764.1706891175893,864.1242152541699,125000.0,144.65512919717568,-74.03381379398586,-74.0,-119.34209291294053,45.0
365,28/05/2018,160.75,162.0,160.29,161.93,857650,1738462,RX1 Comdty,Future,EUX,EUR,0.01,10,1000,161930,161.93,161.85,1.0091761882587467,366,0.002,,1.1308,,1.1308,1000,36,0.05405405405405406,0.9099999999999966,0.8280999999999938,-0.0800000000000125,0.08333333333333333,-0.9600000000001501,0.26598204463358494,0.5157344710542285,8.251751536867657,-0.11633893673494726,30.0,-3.490168102048418,-3.490168102048418,2.094100861229527,155537.54266018776,1.6193000000000002,1619.3000000000002,1009.1761882587467,1141.1764336829908,125000.0,109.53608601658519,-38.22993534383174,-38.0,-74.03381379398586,36.0
366,29/05/2018,161.86,164.15,161.79,162.8,1721393,1748143,RX1 Comdty,Future,EUX,EUR,0.01,10,1000,162800,162.8,162.75,1.297138044027742,367,0.002,,1.1308,,1.1308,1000,36,0.05405405405405406,0.8700000000000045,0.7569000000000079,-0.05000000000001137,0.08333333333333333,-0.6000000000001364,0.2925181503290673,0.5408494710444555,8.653591536711287,-0.06933537334813478,30.0,-2.0800612004440433,-2.0800612004440433,2.995288128639536,155540.5379483164,1.6280000000000001,1628.0,1297.1380440277421,1466.8037001865707,125000.0,85.219310521306,-17.726138134396145,-18.0,-38.22993534383174,21.0
367,30/05/2018,163.04,163.06,161.41,162.02,1629582,1779932,RX1 Comdty,Future,EUX,EUR,0.01,10,1000,162020,162.02,161.9,1.4170907930652603,368,0.002,,1.1308,,1.1308,1000,36,0.05405405405405406,-0.7800000000000011,0.6084000000000018,-0.12000000000000455,0.08333333333333333,-1.4400000000000546,0.3095928449058746,0.5564106800789095,8.902570881262552,-0.16175102891130652,30.0,-4.852530867339196,-4.852530867339196,3.4938222244826984,155544.0317705409,1.6202,1620.2,1417.0907930652604,1602.4462687981966,125000.0,78.0057356267849,-37.85252399584745,-38.0,-17.726138134396145,-20.0
368,31/05/2018,161.75,162.23,160.95,162.14,1468191,1737888,RX1 Comdty,Future,EUX,EUR,0.01,10,1000,162140,162.14,162.08,1.5340935948942291,369,0.002,,1.1308,,1.1308,1000,36,0.05405405405405406,0.11999999999997613,0.01439999999999427,-0.05999999999997385,0.08333333333333333,-0.7199999999996862,0.2936364749109621,0.5418823441587317,8.670117506539707,-0.08304385718608816,30.0,-2.491315715582645,-2.491315715582645,2.0927052010900673,155546.124475742,1.6214,1621.3999999999999,1534.0935948942292,1734.7530371063945,125000.0,72.05636613757005,-17.95151573663054,-18.0,-37.85252399584745,20.0
369,01/06/2018,161.67,161.83,160.99,161.46,1225610,1671623,RX1 Comdty,Future,EUX,EUR,0.01,10,1000,161460,161.46,161.39,1.5805448760676963,370,0.002,,1.1308,,1.1308,1000,36,0.05405405405405406,-0.6799999999999784,0.4623999999999706,-0.0700000000000216,0.08333333333333333,-0.8400000000002592,0.3027588276184761,0.5502352475246166,8.803763960393866,-0.09541373482742477,30.0,-2.862412044822743,-2.862412044822743,2.747915563029286,155548.87239130502,1.6146,1614.6000000000001,1580.5448760676964,1787.280145857351,125000.0,69.93867205973913,-20.019329730270513,-20.0,-17.95151573663054,-2.0
370,04/06/2018,161.16,161.32,160.68,160.81,1738616,1157406,RX1 Comdty,Future,EUX,EUR,0.01,10,1000,160810,160.89,160.81,1.5939989434060469,371,0.002,,1.1308,,1.1308,1000,36,0.05405405405405406,-0.5700000000000216,0.3249000000000246,-0.07999999999998408,0.08333333333333333,-0.959999999999809,0.30395564774720846,0.55132172798395,8.8211476477432,-0.10882937666794583,30.0,-3.264881300038375,-3.264881300038375,0.3917857560053622,155549.26417706104,1.6089,1608.9,1593.998943406047,1802.494005203558,125000.0,69.34835824093828,-22.641415800920154,-23.0,-20.019329730270513,-3.0
371,05/06/2018,160.68,161.66,160.68,161.45,1885827,1570825,RX1 Comdty,Future,EUX,EUR,0.01,10,1000,161450,161.46,161.45,1.6159960265716329,372,0.002,,1.1308,,1.1308,1000,36,0.05405405405405406,0.5700000000000216,0.3249000000000246,-0.010000000000019327,0.08333333333333333,-0.12000000000023192,0.30508777489600936,0.5523475127996951,8.837560204795121,-0.013578408205368922,30.0,-0.40735224616106763,-0.40735224616106763,0.39105815631468605,155549.65523521736,1.6146,1614.6000000000001,1615.996026571633,1827.3683068472026,125000.0,68.40438215526741,-2.786467871820823,-3.0,-22.641415800920154,20.0
372,06/06/2018,161.07,161.31,159.83,160.16,1523991,1808065,RX1 Comdty,Future,EUX,EUR,0.01,10,1000,160160,160.24,160.16,1.595179828173318,373,0.002,,1.1308,,1.1308,1000,36,0.05405405405405406,-1.2199999999999989,1.4883999999999973,-0.0800000000000125,0.08333333333333333,-0.9600000000001501,0.3690505978746033,0.6074953480271296,9.719925568434073,-0.09876618840763517,30.0,-2.962985652229055,-2.962985652229055,-2.4889079478721636,155547.1663272695,1.6024,1602.4,1595.1798281733181,1803.8293496983881,125000.0,69.29702081901529,-20.53260784289604,-21.0,-2.786467871820823,-18.0
373,07/06/2018,160.0,160.48,159.39,159.64,1004209,1862327,RX1 Comdty,Future,EUX,EUR,0.01,10,1000,159640,159.57,159.64,1.5823064444699202,374,0.002,,1.1308,,1.1308,1000,36,0.05405405405405406,-0.6700000000000159,0.44890000000002134,0.06999999999999318,0.08333333333333333,0.8399999999999181,0.37336678177327454,0.6110374634777106,9.77659941564337,0.08591944543169566,30.0,2.57758336295087,2.57758336295087,-75.4716408672014,155471.69468640228,1.5957,1595.6999999999998,1582.3064444699203,1789.272127406586,125000.0,69.86080992675944,18.007206138948813,18.0,-20.53260784289604,39.0
374,08/06/2018,160.23,161.13,160.18,160.4,959958,1931136,RX1 Comdty,Future,EUX,EUR,0.01,10,1000,160400,160.4,157.96,1.5581611125400523,375,0.002,,1.1308,,1.1308,1000,36,0.05405405405405406,0.8300000000000125,0.6889000000000207,-2.4399999999999977,0.08333333333333333,-29.279999999999973,0.3904226314071527,0.6248380841523288,9.99740934643726,-2.928758739926397,30.0,-87.86276219779191,-20.0,595.2000000000044,156066.8946864023,1.604,1604.0,1558.1611125400523,1761.968586060291,125000.0,70.94337605615107,-141.88675211230213,-142.0,18.007206138948813,-160.0
375,11/06/2018,160.22,160.22,159.55,159.74,623118,1863125,RX1 Comdty,Future,EUX,EUR,0.01,10,1000,159740,159.74,157.26,1.4902888275344872,376,0.002,,1.1308,,1.1308,1000,36,0.05405405405405406,-0.6599999999999966,0.4355999999999955,-2.480000000000018,0.08333333333333333,-29.76000000000022,0.39286465133109016,0.6267891601895251,10.028626563032402,-2.9675050529552824,30.0,-89.02515158865847,-20.0,597.5999999999954,156664.4946864023,1.5974000000000002,1597.4,1490.2888275344872,1685.218606175998,125000.0,74.17435313252497,-148.34870626504994,-148.0,-141.88675211230213,-6.0
376,12/06/2018,159.84,159.92,159.37,159.85,634990,1822424,RX1 Comdty,Future,EUX,EUR,0.01,10,1000,159850,159.85,157.36,1.3786572414759475,377,0.002,,1.1308,,1.1308,1000,36,0.05405405405405406,0.10999999999998522,0.012099999999996749,-2.4899999999999807,0.08333333333333333,-29.879999999999768,0.3722827782861662,0.6101497998739049,9.762396797982479,-3.0607237769903843,30.0,-91.82171330971153,-20.0,600.0,157264.4946864023,1.5985,1598.5,1378.6572414759476,1558.9856086610016,125000.0,80.18034246471419,-160.36068492942837,-160.0,-148.34870626504994,-12.0
377,13/06/2018,159.8,160.22,159.63,160.07,620454,1754419,RX1 Comdty,Future,EUX,EUR,0.01,10,1000,160070,160.07,157.57,1.2864470656159632,378,0.002,,1.1308,,1.1308,1000,36,0.05405405405405406,0.21999999999999886,0.0483999999999995,-2.5,0.08333333333333333,-30.0,0.3547756010815086,0.5956304232336597,9.530086771738555,-3.147925167792272,30.0,-94.43775503376816,-20.0,595.2000000000044,157859.6946864023,1.6007,1600.7,1286.4470656159633,1454.7143417985314,125000.0,85.92752295647037,-171.85504591294074,-172.0,-160.36068492942837,-11.0
378,14/06/2018,160.0,160.85,159.45,160.71,953585,1726973,RX1 Comdty,Future,EUX,EUR,0.01,10,1000,160710,160.71,158.23,1.1400206600160554,379,0.002,,1.1308,,1.1308,1000,36,0.05405405405405406,0.6400000000000148,0.4096000000000189,-2.480000000000018,0.08333333333333333,-29.76000000000022,0.35773908210413075,0.5981129342391207,9.569806947825931,-3.109780600826132,30.0,-93.29341802478396,-20.0,600.0,158459.6946864023,1.6071000000000002,1607.1000000000001,1140.0206600160554,1289.1353623461555,125000.0,96.96421621117186,-193.92843242234372,-194.0,-171.85504591294074,-22.0
379,15/06/2018,160.88,161.52,160.75,161.16,792238,1687653,RX1 Comdty,Future,EUX,EUR,0.01,10,1000,161160,161.16,158.66,1.0568941589194847,380,0.002,,1.1308,,1.1308,1000,36,0.05405405405405406,0.44999999999998863,0.20249999999998977,-2.5,0.08333333333333333,-30.0,0.3493477803687718,0.5910564950736704,9.456903921178727,-3.172285586281048,30.0,-95.16856758843144,-20.0,604.8000000000025,159064.4946864023,1.6116,1611.6,1056.8941589194847,1195.1359149061532,125000.0,104.5906147082991,-209.18122941659823,-209.0,-193.92843242234372,-15.0
380,18/06/2018,161.17,161.41,161.02,161.15,456231,1677220,RX1 Comdty,Future,EUX,EUR,0.01,10,1000,161150,161.15,158.63,1.0055450211073957,381,0.002,,1.1308,,1.1308,1000,36,0.05405405405405406,-0.009999999999990905,9.99999999998181e-05,-2.5200000000000102,0.08333333333333333,-30.240000000000123,0.33046952197045976,0.5748647858152904,9.197836573044647,-3.28772964814596,30.0,-98.6318894443788,-20.0,604.8000000000025,159669.29468640228,1.6115000000000002,1611.5000000000002,1005.5450211073958,1137.0703098682432,125000.0,109.93163651813602,-219.86327303627203,-220.0,-209.18122941659823,-11.0
381,19/06/2018,161.49,161.86,161.46,161.53,721501,1692878,RX1 Comdty,Future,EUX,EUR,0.01,10,1000,161530,161.53,159.01,0.9161929238344606,382,0.002,,1.1308,,1.1308,1000,36,0.05405405405405406,0.37999999999999545,0.14439999999999653,-2.5200000000000102,0.08333333333333333,-30.240000000000123,0.3204117099720563,0.566049211616849,9.056787385869583,-3.338932306965782,30.0,-100.16796920897346,-20.0,604.7999999999956,160274.09468640227,1.6153,1615.3,916.1929238344607,1036.030958272008,125000.0,120.65276524987921,-241.30553049975842,-241.0,-219.86327303627203,-21.0
382,20/06/2018,161.43,161.69,161.31,161.51,521727,1690239,RX1 Comdty,Future,EUX,EUR,0.01,10,1000,161510,161.51,158.99,0.8845056603312245,383,0.002,,1.1308,,1.1308,1000,36,0.05405405405405406,-0.020000000000010232,0.00040000000000040925,-2.519999999999982,0.08333333333333333,-30.23999999999978,0.30311377970329656,0.5505576987957725,8.80892318073236,-3.432882700821291,30.0,-102.98648102463873,-20.0,604.8000000000025,160878.89468640226,1.6151,1615.1,884.5056603312245,1000.1990007025487,125000.0,124.97512986135648,-249.95025972271296,-250.0,-241.30553049975842,-9.0
383,21/06/2018,161.31,162.35,161.26,162.15,977018,1686721,RX1 Comdty,Future,EUX,EUR,0.01,10,1000,162150,162.15,159.63,0.9013703018475057,384,0.002,,1.1308,,1.1308,1000,36,0.05405405405405406,0.6400000000000148,0.4096000000000189,-2.5200000000000102,0.08333333333333333,-30.240000000000123,0.30886979161122746,0.5557605524065444,8.89216883850471,-3.4007451443179324,30.0,-102.02235432953798,-20.0,604.7999999999956,161483.69468640225,1.6215000000000002,1621.5000000000002,901.3703018475056,1019.2695373291593,125000.0,122.63684474230779,-245.27368948461557,-245.0,-249.95025972271296,5.0
384,22/06/2018,162.15,162.24,161.8,162.1,536054,1673223,RX1 Comdty,Future,EUX,EUR,0.01,10,1000,162100,162.1,159.58,0.9291926320028728,385,0.002,,1.1308,,1.1308,1000,36,0.05405405405405406,-0.05000000000001137,0.0025000000000011367,-2.519999999999982,0.08333333333333333,-30.23999999999978,0.292309262334945,0.540656325529393,8.650501208470288,-3.4957512022990946,30.0,-104.87253606897283,-20.0,609.5999999999981,162093.29468640225,1.621,1621.0,929.1926320028729,1050.7310282688486,125000.0,118.96479368839623,-237.92958737679245,-238.0,-245.27368948461557,7.0
385,25/06/2018,162.34,162.57,162.01,162.23,510179,1657188,RX1 Comdty,Future,EUX,EUR,0.01,10,1000,162230,162.23,159.69,0.9449221633218458,386,0.002,,1.1308,,1.1308,1000,36,0.05405405405405406,0.12999999999999545,0.01689999999999882,-2.539999999999992,0.08333333333333333,-30.479999999999905,0.27742227518170465,0.5267089093433912,8.42734254949426,-3.616798512815771,30.0,-108.50395538447313,-20.0,604.8000000000025,162698.09468640224,1.6222999999999999,1622.3,944.9221633218458,1068.5179822843434,125000.0,116.98446078817253,-233.96892157634505,-234.0,-237.92958737679245,4.0
386,26/06/2018,162.05,162.37,161.75,162.09,598315,1676022,RX1 Comdty,Future,EUX,EUR,0.01,10,1000,162090,162.09,159.57,0.8916647647135056,387,0.002,,1.1308,,1.1308,1000,36,0.05405405405405406,-0.13999999999998636,0.01959999999999618,-2.5200000000000102,0.08333333333333333,-30.240000000000123,0.2634859359826934,0.5133088115186543,8.212940984298468,-3.681994069823839,30.0,-110.45982209471518,-20.0,612.0000000000027,163310.09468640224,1.6209,1620.9,891.6647647135056,1008.2945159380322,125000.0,123.97171463707758,-247.9434292741552,-248.0,-233.96892157634505,-14.0
387,27/06/2018,162.09,162.55,162.01,162.3,607009,1679646,RX1 Comdty,Future,EUX,EUR,0.01,10,1000,162300,162.3,159.75,0.9086014411981612,388,0.002,,1.1308,,1.1308,1000,36,0.05405405405405406,0.21000000000000796,0.044100000000003345,-2.5500000000000114,0.08333333333333333,-30.600000000000136,0.2516272367403858,0.501624597423597,8.025993558777552,-3.812612080473792,30.0,-114.37836241421377,-20.0,607.2000000000003,163917.29468640225,1.6230000000000002,1623.0000000000002,908.6014411981612,1027.4465097068808,125000.0,121.66083471893941,-243.32166943787882,-243.0,-247.9434292741552,5.0
388,28/06/2018,162.42,162.66,162.18,162.46,512915,1690941,RX1 Comdty,Future,EUX,EUR,0.01,10,1000,162460,162.46,159.93,0.9298459125320885,389,0.002,,1.1308,,1.1308,1000,36,0.05405405405405406,0.1599999999999966,0.02559999999999891,-2.530000000000001,0.08333333333333333,-30.360000000000014,0.23940954826793245,0.48929495017620245,7.828719202819239,-3.8780289870489826,30.0,-116.34086961146947,-20.0,609.6000000000049,164526.89468640226,1.6246,1624.6000000000001,929.8459125320885,1051.4697578912858,125000.0,118.88121276135084,-237.76242552270168,-238.0,-243.32166943787882,6.0
389,29/06/2018,162.15,162.65,161.85,162.55,699207,1701640,RX1 Comdty,Future,EUX,EUR,0.01,10,1000,162550,162.55,160.01,0.9796728777343982,390,0.002,,1.1308,,1.1308,1000,36,0.05405405405405406,0.09000000000000341,0.008100000000000614,-2.5400000000000205,0.08333333333333333,-30.480000000000246,0.22690632944263886,0.476346858331866,7.621549733309856,-3.9991866571161916,30.0,-119.97559971348575,-20.0,609.5999999999981,165136.49468640226,1.6255000000000002,1625.5000000000002,979.6728777343982,1107.8140901420575,125000.0,112.83481688156807,-225.66963376313615,-226.0,-237.76242552270168,12.0
390,02/07/2018,162.57,162.89,162.42,162.63,460778,1697009,RX1 Comdty,Future,EUX,EUR,0.01,10,1000,162630,162.63,160.09,1.024738220743504,391,0.002,,1.1308,,1.1308,1000,36,0.05405405405405406,0.07999999999998408,0.006399999999997454,-2.539999999999992,0.08333333333333333,-30.479999999999905,0.21498706839168527,0.4636669800532331,7.4186716808517295,-4.108552219485811,30.0,-123.25656658457434,-20.0,607.2000000000003,165743.69468640228,1.6263,1626.3000000000002,1024.7382207435041,1158.7739800167544,125000.0,107.87263276156119,-215.74526552312236,-216.0,-225.66963376313615,10.0
391,03/07/2018,162.41,162.81,162.22,162.72,504751,1724820,RX1 Comdty,Future,EUX,EUR,0.01,10,1000,162720,162.72,160.19,1.0731207564364016,392,0.002,,1.1308,,1.1308,1000,36,0.05405405405405406,0.09000000000000341,0.008100000000000614,-2.530000000000001,0.08333333333333333,-30.360000000000014,0.20380398361375637,0.45144654568814274,7.223144731010284,-4.203155430301566,30.0,-126.09466290904697,-20.0,607.2000000000003,166350.8946864023,1.6272,1627.2,1073.1207564364015,1213.4849513782829,125000.0,103.00910601159438,-206.0182120231888,-206.0,-215.74526552312236,10.0
392,04/07/2018,162.6,162.87,162.37,162.55,316426,1714669,RX1 Comdty,Future,EUX,EUR,0.01,10,1000,162550,162.55,160.02,1.0657989343309024,393,0.002,,1.1308,,1.1308,1000,36,0.05405405405405406,-0.1699999999999875,0.02889999999999575,-2.530000000000001,0.08333333333333333,-30.360000000000014,0.19434971422922875,0.4408511247907039,7.053617996651262,-4.304174115243208,30.0,-129.12522345729622,-20.0,607.2000000000003,166958.0946864023,1.6255000000000002,1625.5000000000002,1065.7989343309025,1205.2054349413845,125000.0,103.71675763815271,-207.43351527630543,-207.0,-206.0182120231888,-1.0
393,05/07/2018,162.37,162.78,162.06,162.7,608844,1732267,RX1 Comdty,Future,EUX,EUR,0.01,10,1000,162700,162.7,160.17,1.0061808982482967,394,0.002,,1.1308,,1.1308,1000,36,0.05405405405405406,0.14999999999997726,0.022499999999993178,-2.530000000000001,0.08333333333333333,-30.360000000000014,0.1850605404871079,0.4301866344821837,6.882986151714939,-4.410876228835014,30.0,-132.32628686505043,-20.0,607.2000000000003,167565.2946864023,1.627,1627.0,1006.1808982482967,1137.789359739174,125000.0,109.86216291269845,-219.7243258253969,-220.0,-207.43351527630543,-12.0
394,06/07/2018,162.5,162.93,162.47,162.82,428971,1744581,RX1 Comdty,Future,EUX,EUR,0.01,10,1000,162820,162.82,160.29,0.9959385945981866,395,0.002,,1.1308,,1.1308,1000,36,0.05405405405405406,0.12000000000000455,0.01440000000000109,-2.530000000000001,0.08333333333333333,-30.360000000000014,0.17583564640672375,0.4193276122636378,6.709241796218205,-4.525101482720897,30.0,-135.75304448162692,-20.0,607.2000000000003,168172.49468640232,1.6281999999999999,1628.1999999999998,995.9385945981866,1126.2073627716295,125000.0,110.99199324391853,-221.98398648783706,-222.0,-219.7243258253969,-2.0
395,09/07/2018,162.67,162.73,162.35,162.61,406314,1744906,RX1 Comdty,Future,EUX,EUR,0.01,10,1000,162610,162.61,160.08,0.8923031995905917,396,0.002,,1.1308,,1.1308,1000,36,0.05405405405405406,-0.20999999999997954,0.0440999999999914,-2.530000000000001,0.08333333333333333,-30.360000000000014,0.1687148006550085,0.41074907261612714,6.571985161858034,-4.619608725868855,30.0,-138.58826177606565,-20.0,607.2000000000003,168779.69468640233,1.6261,1626.1000000000001,892.3031995905917,1009.0164580970411,125000.0,123.88301399537553,-247.76602799075107,-248.0,-221.98398648783706,-26.0
396,10/07/2018,162.49,162.57,162.26,162.38,488689,1746617,RX1 Comdty,Future,EUX,EUR,0.01,10,1000,162380,162.38,159.85,0.7561530059588353,397,0.002,,1.1308,,1.1308,1000,36,0.05405405405405406,-0.2300000000000182,0.052900000000008364,-2.530000000000001,0.08333333333333333,-30.360000000000014,0.16245454116014363,0.4030564987196505,6.448903979514408,-4.707776716236062,30.0,-141.23330148708186,-20.0,607.2000000000003,169386.89468640235,1.6238,1623.8,756.1530059588353,855.0578191382509,125000.0,146.1889444224698,-292.3778888449396,-292.0,-247.76602799075107,-45.0
397,11/07/2018,162.59,162.8,162.4,162.53,547378,1740261,RX1 Comdty,Future,EUX,EUR,0.01,10,1000,162530,162.53,160.0,0.6075697923951054,398,0.002,,1.1308,,1.1308,1000,36,0.05405405405405406,0.15000000000000568,0.022500000000001706,-2.530000000000001,0.08333333333333333,-30.360000000000014,0.154889430827163,0.39355994565906094,6.296959130544975,-4.82137478909959,30.0,-144.64124367298768,-20.0,607.2000000000003,169994.09468640236,1.6253,1625.3,607.5697923951054,687.0399212403852,125000.0,181.93993701897904,-363.8798740379581,-364.0,-292.3778888449396,-72.0
398,12/07/2018,162.55,162.82,162.45,162.77,412717,1754701,RX1 Comdty,Future,EUX,EUR,0.01,10,1000,162770,162.77,160.24,0.5199706469442298,399,0.002,,1.1308,,1.1308,1000,36,0.05405405405405406,0.2400000000000091,0.05760000000000436,-2.530000000000001,0.08333333333333333,-30.360000000000014,0.14963054267434361,0.3868210732035467,6.189137171256747,-4.9053687387954925,30.0,-147.16106216386478,-20.0,607.2000000000003,170601.29468640237,1.6277000000000001,1627.7,519.9706469442298,587.982807564535,125000.0,212.59124993426005,-425.18249986852004,-425.0,-363.8798740379581,-61.0
399,13/07/2018,162.68,163.22,162.66,162.98,452726,1749464,RX1 Comdty,Future,EUX,EUR,0.01,10,1000,162980,162.98,160.45,0.47722443136753717,400,0.002,,1.1308,,1.1308,1000,36,0.05405405405405406,0.20999999999997954,0.0440999999999914,-2.530000000000001,0.08333333333333333,-30.360000000000014,0.14392618901627052,0.3793760522440373,6.070016835904597,-5.0016335738013735,30.0,-150.0490072140412,-20.0,607.2000000000003,171208.49468640238,1.6298,1629.8,477.2244313675372,539.6453869904111,125000.0,231.633593121442,-463.26718624288407,-463.0,-425.18249986852004,-38.0
400,16/07/2018,162.97,162.97,162.44,162.47,388742,1734623,RX1 Comdty,Future,EUX,EUR,0.01,10,1000,162470,162.47,159.94,0.38703189042999697,401,0.002,,1.1308,,1.1308,1000,36,0.05405405405405406,-0.5099999999999909,0.2600999999999907,-2.530000000000001,0.08333333333333333,-30.360000000000014,0.15020585447485,0.387564000488758,6.201024007820128,-4.895965563383231,30.0,-146.87896690149694,-20.0,607.2000000000003,171815.6946864024,1.6247,1624.7,387.03189042999696,437.6556616982406,125000.0,285.61266525140104,-571.2253305028021,-571.0,-463.26718624288407,-108.0
401,17/07/2018,162.59,162.9,162.57,162.85,365314,1740173,RX1 Comdty,Future,EUX,EUR,0.01,10,1000,162850,162.85,160.32,0.3398141907127685,402,0.002,,1.1308,,1.1308,1000,36,0.05405405405405406,0.37999999999999545,0.14439999999999653,-2.530000000000001,0.08333333333333333,-30.360000000000014,0.1498920245032363,0.38715891375924216,6.194542620147875,-4.901088241971813,30.0,-147.03264725915437,-20.0,607.2000000000003,172422.8946864024,1.6285,1628.5,339.81419071276855,384.26188685799866,125000.0,325.29898039612993,-650.5979607922599,-651.0,-571.2253305028021,-79.0
402,18/07/2018,162.75,163.2,162.75,162.95,429737,1739113,RX1 Comdty,Future,EUX,EUR,0.01,10,1000,162950,162.95,160.42,0.27136303126262684,403,0.002,,1.1308,,1.1308,1000,36,0.05405405405405406,0.09999999999999432,0.009999999999998864,-2.530000000000001,0.08333333333333333,-30.360000000000014,0.14233029344900724,0.3772668729811925,6.03626996769908,-5.029596118540191,30.0,-150.88788355620574,-20.0,607.2000000000003,173030.09468640242,1.6295,1629.5,271.36303126262686,306.85731575177846,125000.0,407.35545018295863,-814.7109003659173,-815.0,-650.5979607922599,-164.0
403,19/07/2018,162.78,163.26,162.7,163.08,457413,1751602,RX1 Comdty,Future,EUX,EUR,0.01,10,1000,163080,163.08,160.55,0.28019307253018566,404,0.002,,1.1308,,1.1308,1000,36,0.05405405405405406,0.13000000000002387,0.01690000000000621,-2.530000000000001,0.08333333333333333,-30.360000000000014,0.13555027758689908,0.368171532830689,5.890744525291024,-5.153847679126795,30.0,-154.61543037380383,-20.0,607.2000000000003,173637.29468640243,1.6308000000000002,1630.8000000000002,280.19307253018565,316.84232641713396,125000.0,394.5179970539452,-789.0359941078904,-789.0,-814.7109003659173,26.0
404,20/07/2018,163.16,163.39,162.44,162.53,596602,1735680,RX1 Comdty,Future,EUX,EUR,0.01,10,1000,162530,162.53,160.0,0.2562071530272175,405,0.002,,1.1308,,1.1308,1000,36,0.05405405405405406,-0.5500000000000114,0.3025000000000125,-2.530000000000001,0.08333333333333333,-30.360000000000014,0.14457458690652683,0.38022965022013583,6.083674403522173,-4.990405137793525,30.0,-149.71215413380574,-20.0,607.2000000000003,174244.49468640244,1.6253,1625.3,256.20715302721754,289.7190486431776,125000.0,431.45247295752347,-862.9049459150468,-863.0,-789.0359941078904,-74.0
405,23/07/2018,162.41,162.54,161.97,162.1,570469,1729853,RX1 Comdty,Future,EUX,EUR,0.01,10,1000,162100,162.1,159.57,0.2677444775570841,406,0.002,,1.1308,,1.1308,1000,36,0.05405405405405406,-0.4300000000000068,0.18490000000000587,-2.530000000000001,0.08333333333333333,-30.360000000000014,0.1467543389656338,0.38308528941429454,6.129364630628713,-4.953205075822985,30.0,-148.59615227468956,-20.0,607.2000000000003,174851.69468640245,1.621,1621.0,267.7444775570841,302.7654552215507,125000.0,412.8608394525405,-825.721678905081,-826.0,-862.9049459150468,37.0
406,24/07/2018,162.03,162.33,161.82,162.28,536468,1741016,RX1 Comdty,Future,EUX,EUR,0.01,10,1000,162280,162.28,159.75,0.25144006296195087,407,0.002,,1.1308,,1.1308,1000,36,0.05405405405405406,0.18000000000000682,0.032400000000002455,-2.530000000000001,0.08333333333333333,-30.360000000000014,0.14057302334586996,0.37493069138958196,5.998891062233311,-5.0609353770624015,30.0,-151.82806131187203,-20.0,607.2000000000003,175458.89468640246,1.6228,1622.8,251.44006296195087,284.32842319737404,125000.0,439.63244544576526,-879.2648908915305,-879.0,-825.721678905081,-54.0
407,25/07/2018,162.34,162.47,161.9,162.37,441496,1742465,RX1 Comdty,Future,EUX,EUR,0.01,10,1000,162370,162.37,159.84,0.2473070752583397,408,0.002,,1.1308,,1.1308,1000,36,0.05405405405405406,0.09000000000000341,0.008100000000000614,-2.530000000000001,0.08333333333333333,-30.360000000000014,0.13341231938122838,0.3652565117574612,5.844104188119379,-5.1949792513486654,30.0,-155.84937754045995,-20.0,607.2000000000003,176066.09468640247,1.6237000000000001,1623.7,247.3070752583397,279.6548407021305,125000.0,446.9795684071193,-893.9591368142386,-894.0,-879.2648908915305,-15.0
408,26/07/2018,161.95,162.37,161.88,162.18,546245,1748690,RX1 Comdty,Future,EUX,EUR,0.01,10,1000,162180,162.18,159.65,0.263995115583206,409,0.002,,1.1308,,1.1308,1000,36,0.05405405405405406,-0.18999999999999773,0.03609999999999913,-2.530000000000001,0.08333333333333333,-30.360000000000014,0.12815219400927003,0.3579835108063918,5.727736172902269,-5.300523467479556,30.0,-159.01570402438668,-20.0,607.2000000000003,176673.29468640249,1.6218000000000001,1621.8000000000002,263.995115583206,298.5256767014893,125000.0,418.7244507111317,-837.4489014222634,-837.0,-893.9591368142386,57.0
409,27/07/2018,162.05,162.23,161.97,162.07,450080,1763915,RX1 Comdty,Future,EUX,EUR,0.01,10,1000,162070,162.07,159.54,0.28959636156338936,410,0.002,,1.1308,,1.1308,1000,36,0.05405405405405406,-0.11000000000001364,0.012100000000003,-2.530000000000001,0.08333333333333333,-30.360000000000014,0.12187910244120154,0.3491118766831079,5.585790026929726,-5.435220417099643,30.0,-163.0566125129893,-20.0,607.2000000000003,177280.4946864025,1.6207,1620.7,289.59636156338934,327.47556565588064,125000.0,381.7078680348111,-763.4157360696222,-763.0,-837.4489014222634,74.0
410,30/07/2018,162.13,162.3,161.33,161.43,631434,1756400,RX1 Comdty,Future,EUX,EUR,0.01,10,1000,161430,161.43,158.9,0.3864722363545609,411,0.002,,1.1308,,1.1308,1000,36,0.05405405405405406,-0.6399999999999864,0.40959999999998253,-2.530000000000001,0.08333333333333333,-30.360000000000014,0.13743158339032482,0.37071765993856404,5.931482559017025,-5.118450521926735,30.0,-153.55351565780205,-20.0,604.8000000000025,177885.29468640249,1.6143,1614.3000000000002,386.4722363545609,437.02280486973746,125000.0,286.02626363459115,-572.0525272691823,-572.0,-763.4157360696222,191.0
411,31/07/2018,161.9,162.05,161.41,161.58,692914,1751773,RX1 Comdty,Future,EUX,EUR,0.01,10,1000,161580,161.58,159.06,0.43607429352454324,412,0.002,,1.1308,,1.1308,1000,36,0.05405405405405406,0.15000000000000568,0.022500000000001706,-2.5200000000000102,0.08333333333333333,-30.240000000000123,0.13121906536922628,0.3622417222922096,5.795867556675353,-5.217510528716516,30.0,-156.52531586149547,-20.0,597.6000000000022,178482.8946864025,1.6158000000000001,1615.8000000000002,436.07429352454324,493.1128111175535,125000.0,253.4916903024877,-506.9833806049754,-507.0,-572.0525272691823,65.0
412,01/08/2018,161.42,161.45,160.86,160.91,690866,1741154,RX1 Comdty,Future,EUX,EUR,0.01,10,1000,160910,160.91,158.42,0.5562040046027518,413,0.002,,1.1308,,1.1308,1000,36,0.05405405405405406,-0.6700000000000159,0.44890000000002134,-2.490000000000009,0.08333333333333333,-29.88000000000011,0.1483910077817017,0.38521553419053817,6.163448547048611,-4.847935335536833,30.0,-145.43806006610498,-20.0,600.0,179082.8946864025,1.6091,1609.1,556.2040046027518,628.9554884047917,125000.0,198.74220402629,-397.48440805258,-397.0,-506.9833806049754,109.0
413,02/08/2018,161.16,161.55,161.05,161.26,679542,1737053,RX1 Comdty,Future,EUX,EUR,0.01,10,1000,161260,161.26,158.76,0.6037067517467443,414,0.002,,1.1308,,1.1308,1000,36,0.05405405405405406,0.3499999999999943,0.12249999999999601,-2.5,0.08333333333333333,-30.0,0.14699149384755544,0.38339469720844527,6.134315155335124,-4.890521474741718,30.0,-146.71564424225153,-20.0,600.0,179682.8946864025,1.6126,1612.6000000000001,603.7067517467443,682.6715948752185,125000.0,183.10414691100192,-366.20829382200384,-366.0,-397.48440805258,31.0
414,03/08/2018,161.37,162.12,161.37,162.05,668423,1749996,RX1 Comdty,Future,EUX,EUR,0.01,10,1000,162050,162.05,159.55,0.5937738360861132,415,0.002,,1.1308,,1.1308,1000,36,0.05405405405405406,0.7900000000000205,0.6241000000000323,-2.5,0.08333333333333333,-30.0,0.1727811428287704,0.41566951154585585,6.650712184733694,-4.5107951098625465,30.0,-135.3238532958764,-20.0,600.0,180282.8946864025,1.6205,1620.5,593.7738360861132,671.4394538461768,125000.0,186.16719539486107,-372.33439078972214,-372.0,-366.20829382200384,-6.0
415,06/08/2018,162.01,162.38,161.83,162.35,352122,1748280,RX1 Comdty,Future,EUX,EUR,0.01,10,1000,162350,162.35,159.85,0.5887399568922416,416,0.002,,1.1308,,1.1308,1000,36,0.05405405405405406,0.29999999999998295,0.08999999999998977,-2.5,0.08333333333333333,-30.0,0.16830648645964713,0.410251735474266,6.564027767588256,-4.570364578305638,30.0,-137.11093734916912,-20.0,600.0,180882.8946864025,1.6235,1623.5,588.7399568922416,665.7471432537468,125000.0,187.75897315770646,-375.5179463154129,-376.0,-372.33439078972214,-3.0
416,07/08/2018,162.23,162.39,161.97,162.01,341621,1747934,RX1 Comdty,Future,EUX,EUR,0.01,10,1000,162010,162.01,159.51,0.5904492045530071,417,0.002,,1.1308,,1.1308,1000,36,0.05405405405405406,-0.3400000000000034,0.11560000000000233,-2.5,0.08333333333333333,-30.0,0.16545748719155823,0.40676465823809993,6.508234531809599,-4.609545008461546,30.0,-138.28635025384636,-20.0,600.0,181482.8946864025,1.6200999999999999,1620.1,590.4492045530071,667.6799605085405,125000.0,187.21544361582062,-374.43088723164124,-374.0,-375.5179463154129,1.0
417,08/08/2018,162.04,162.27,161.96,162.11,347532,1749142,RX1 Comdty,Future,EUX,EUR,0.01,10,1000,162110,162.11,159.61,0.5869571400110248,418,0.002,,1.1308,,1.1308,1000,36,0.05405405405405406,0.10000000000002274,0.010000000000004547,-2.5,0.08333333333333333,-30.0,0.15705437977579856,0.3963008702687878,6.340813924300605,-4.731253804031005,30.0,-141.93761412093016,-20.0,600.0,182082.8946864025,1.6211000000000002,1621.1000000000001,586.9571400110249,663.7311339244669,125000.0,188.32927010807526,-376.6585402161505,-377.0,-374.43088723164124,-2.0
418,09/08/2018,162.27,162.62,162.22,162.5,445903,1762896,RX1 Comdty,Future,EUX,EUR,0.01,10,1000,162500,162.5,160.0,0.5765697109442616,419,0.002,,1.1308,,1.1308,1000,36,0.05405405405405406,0.38999999999998636,0.15209999999998935,-2.5,0.08333333333333333,-30.0,0.15678657546359265,0.39596284606461835,6.3354055370338935,-4.735292764548958,30.0,-142.05878293646873,-20.0,604.8000000000025,182687.69468640248,1.625,1625.0,576.5697109442616,651.985029135771,125000.0,191.72219363026153,-383.44438726052306,-383.0,-376.6585402161505,-7.0
419,10/08/2018,162.69,163.45,162.69,163.34,754285,1780387,RX1 Comdty,Future,EUX,EUR,0.01,10,1000,163340,163.34,160.82,0.6069240826533879,420,0.002,,1.1308,,1.1308,1000,36,0.05405405405405406,0.8400000000000034,0.7056000000000058,-2.5200000000000102,0.08333333333333333,-30.240000000000123,0.18645216597907444,0.43180107223011205,6.908817155681793,-4.377015532265292,30.0,-131.31046596795878,-20.0,604.8000000000025,183292.49468640247,1.6334,1633.3999999999999,606.9240826533879,686.3097526644511,125000.0,182.13350388030213,-364.26700776060426,-364.0,-383.44438726052306,19.0
420,13/08/2018,163.46,163.62,163.22,163.36,647393,1775057,RX1 Comdty,Future,EUX,EUR,0.01,10,1000,163360,163.36,160.84,0.6567261305336393,421,0.002,,1.1308,,1.1308,1000,36,0.05405405405405406,0.020000000000010232,0.00040000000000040925,-2.5200000000000102,0.08333333333333333,-30.240000000000123,0.17639529214236774,0.41999439537018557,6.719910325922969,-4.500060050406507,30.0,-135.00180151219521,-20.0,604.8000000000025,183897.29468640246,1.6336000000000002,1633.6000000000001,656.7261305336392,742.6259084074393,125000.0,168.32162544404412,-336.64325088808823,-337.0,-364.26700776060426,28.0
421,14/08/2018,163.35,163.35,163.11,163.21,434945,1797669,RX1 Comdty,Future,EUX,EUR,0.01,10,1000,163210,163.21,160.69,0.6781730488672403,422,0.002,,1.1308,,1.1308,1000,36,0.05405405405405406,-0.15000000000000568,0.022500000000001706,-2.5200000000000102,0.08333333333333333,-30.240000000000123,0.16807662770223986,0.40997149620704104,6.559543939312657,-4.610076596753284,30.0,-138.30229790259853,-20.0,604.8000000000025,184502.09468640244,1.6321,1632.1000000000001,678.1730488672403,766.8780836590753,125000.0,162.99852957536106,-325.9970591507221,-326.0,-336.64325088808823,11.0
422,15/08/2018,163.33,163.82,163.1,163.71,506862,1804577,RX1 Comdty,Future,EUX,EUR,0.01,10,1000,163710,163.71,161.19,0.7362870936053894,423,0.002,,1.1308,,1.1308,1000,36,0.05405405405405406,0.5,0.25,-2.5200000000000102,0.08333333333333333,-30.240000000000123,0.17250491809671337,0.41533711379638755,6.645393820742201,-4.55052037783108,30.0,-136.5156113349324,-20.0,604.8000000000025,185106.89468640243,1.6371000000000002,1637.1000000000001,736.2870936053894,832.5934454489743,125000.0,150.13329817002582,-300.26659634005165,-300.0,-325.9970591507221,26.0
423,16/08/2018,163.41,163.67,163.36,163.49,402817,1814222,RX1 Comdty,Future,EUX,EUR,0.01,10,1000,163490,163.49,160.97,0.7637139172280127,424,0.002,,1.1308,,1.1308,1000,36,0.05405405405405406,-0.21999999999999886,0.0483999999999995,-2.5200000000000102,0.08333333333333333,-30.240000000000123,0.16579654414553965,0.40718121782019817,6.514899485123171,-4.641667928884156,30.0,-139.25003786652468,-20.0,604.7999999999956,185711.69468640242,1.6349,1634.9,763.7139172280127,863.6076976014368,125000.0,144.7416464063162,-289.4832928126324,-289.0,-300.26659634005165,11.0
424,17/08/2018,163.53,163.88,163.42,163.67,435264,1812704,RX1 Comdty,Future,EUX,EUR,0.01,10,1000,163670,163.67,161.15,0.8190231665635128,425,0.002,,1.1308,,1.1308,1000,36,0.05405405405405406,0.1799999999999784,0.03239999999999223,-2.519999999999982,0.08333333333333333,-30.23999999999978,0.15858592013767223,0.3982284773062723,6.371655636900357,-4.746019201802116,30.0,-142.38057605406348,-20.0,607.2000000000003,186318.89468640243,1.6366999999999998,1636.6999999999998,819.0231665635129,926.1513967500204,125000.0,134.96713435691015,-269.9342687138203,-270.0,-289.4832928126324,20.0
425,20/08/2018,163.65,163.74,163.42,163.73,354620,1819686,RX1 Comdty,Future,EUX,EUR,0.01,10,1000,163730,163.73,161.2,0.8673764131589701,426,0.002,,1.1308,,1.1308,1000,36,0.05405405405405406,0.060000000000002274,0.0036000000000002727,-2.530000000000001,0.08333333333333333,-30.360000000000014,0.1502083028329332,0.38756715912591616,6.201074546014659,-4.895925661708413,30.0,-146.87776985125237,-20.0,607.2000000000003,186926.09468640244,1.6373,1637.3,867.3764131589701,980.8292480001634,125000.0,127.44318162908125,-254.8863632581625,-255.0,-269.9342687138203,15.0
426,21/08/2018,163.6,163.71,163.17,163.24,469569,1811959,RX1 Comdty,Future,EUX,EUR,0.01,10,1000,163240,163.24,160.71,0.8821342241818503,427,0.002,,1.1308,,1.1308,1000,36,0.05405405405405406,-0.4899999999999807,0.24009999999998105,-2.530000000000001,0.08333333333333333,-30.360000000000014,0.15506731349061145,0.39378587263970183,6.300573962235229,-4.818608619147027,30.0,-144.55825857441081,-20.0,607.2000000000003,187533.29468640246,1.6324,1632.4,882.1342241818503,997.5173807048363,125000.0,125.31109975414782,-250.62219950829564,-251.0,-254.8863632581625,4.0
427,22/08/2018,163.36,163.45,162.91,163.0,597125,1805882,RX1 Comdty,Future,EUX,EUR,0.01,10,1000,163000,163.0,160.47,0.8874090020060185,428,0.002,,1.1308,,1.1308,1000,36,0.05405405405405406,-0.2400000000000091,0.05760000000000436,-2.530000000000001,0.08333333333333333,-30.360000000000014,0.14979881005868673,0.38703851237142634,6.192616197942821,-4.902612890830464,30.0,-147.0783867249139,-20.0,607.2000000000003,188140.49468640247,1.6300000000000001,1630.0000000000002,887.4090020060185,1003.4820994684056,125000.0,124.56624793428674,-249.13249586857347,-249.0,-250.62219950829564,1.0
428,23/08/2018,163.22,163.23,162.93,163.06,454718,1796933,RX1 Comdty,Future,EUX,EUR,0.01,10,1000,163060,163.06,160.53,0.8893900926147604,429,0.002,,1.1308,,1.1308,1000,36,0.05405405405405406,0.060000000000002274,0.0036000000000002727,-2.530000000000001,0.08333333333333333,-30.360000000000014,0.1418961716771361,0.37669108255590034,6.027057320894405,-5.03728409795423,30.0,-151.1185229386269,-20.0,607.2000000000003,188747.69468640248,1.6306,1630.6000000000001,889.3900926147604,1005.7223167287711,125000.0,124.28878023367031,-248.57756046734062,-249.0,-249.13249586857347,1.0
429,24/08/2018,163.01,163.16,162.8,163.09,500671,1737090,RX1 Comdty,Future,EUX,EUR,0.01,10,1000,163090,163.09,160.56,0.8863972021611749,430,0.002,,1.1308,,1.1308,1000,36,0.05405405405405406,0.030000000000001137,0.0009000000000000682,-2.530000000000001,0.08333333333333333,-30.360000000000014,0.1342747569918855,0.366435201627635,5.86296322604216,-5.178268876930135,30.0,-155.34806630790405,-20.0,607.1999999999935,189354.89468640246,1.6309,1630.9,886.3972021611748,1002.3379562038565,125000.0,124.70843713572529,-249.41687427145058,-249.0,-248.57756046734062,-1.0
430,27/08/2018,163.17,163.36,162.55,162.64,391910,1714445,RX1 Comdty,Future,EUX,EUR,0.01,10,1000,162640,162.64,160.11,0.8383786043367604,431,0.002,,1.1308,,1.1308,1000,36,0.05405405405405406,-0.45000000000001705,0.20250000000001533,-2.5299999999999727,0.08333333333333333,-30.359999999999673,0.13796260796529794,0.3714331810235832,5.942930896377331,-5.10859044625715,30.0,-153.2577133877145,-20.0,604.8000000000025,189959.69468640245,1.6263999999999998,1626.3999999999999,838.3786043367604,948.0385257840087,125000.0,131.85118178254152,-263.70236356508303,-264.0,-249.41687427145058,-14.0
431,28/08/2018,162.67,162.87,162.35,162.52,815847,1644093,RX1 Comdty,Future,EUX,EUR,0.01,10,1000,162520,162.52,160.0,0.796683090926076,432,0.002,,1.1308,,1.1308,1000,36,0.05405405405405406,-0.11999999999997613,0.01439999999999427,-2.5200000000000102,0.08333333333333333,-30.240000000000123,0.13128354807528153,0.36233071643911385,5.797291463025822,-5.216229025721047,30.0,-156.4868707716314,-20.0,604.8000000000025,190564.49468640244,1.6252000000000002,1625.2000000000003,796.683090926076,900.8892392192068,125000.0,138.75179606800106,-277.5035921360021,-278.0,-263.70236356508303,-14.0
432,29/08/2018,162.62,162.68,162.1,162.18,708192,1609136,RX1 Comdty,Future,EUX,EUR,0.01,10,1000,162180,162.18,159.66,0.6838851858078897,433,0.002,,1.1308,,1.1308,1000,36,0.05405405405405406,-0.3400000000000034,0.11560000000000233,-2.5200000000000102,0.08333333333333333,-30.240000000000123,0.13043578871986103,0.3611589521524574,5.778543234439319,-5.233152850665529,30.0,-156.99458551996585,-20.0,604.7999999999956,191169.29468640243,1.6218000000000001,1621.8000000000002,683.8851858078897,773.3373681115617,125000.0,161.63708771146244,-323.2741754229249,-323.0,-277.5035921360021,-46.0
433,30/08/2018,162.28,163.08,162.13,162.98,865703,1508913,RX1 Comdty,Future,EUX,EUR,0.01,10,1000,162980,162.98,160.46,0.576272961637811,434,0.002,,1.1308,,1.1308,1000,36,0.05405405405405406,0.799999999999983,0.6399999999999727,-2.519999999999982,0.08333333333333333,-30.23999999999978,0.1579798001404076,0.39746672834390506,6.359467653502481,-4.755114995096339,30.0,-142.6534498528902,-20.0,597.6000000000022,191766.89468640243,1.6298,1629.8,576.272961637811,651.6494650200367,125000.0,191.82092015706104,-383.6418403141221,-384.0,-323.2741754229249,-60.0
434,31/08/2018,162.92,163.32,162.83,163.27,1041441,1316976,RX1 Comdty,Future,EUX,EUR,0.01,10,1000,163270,163.27,160.78,0.5438856303915045,435,0.002,,1.1308,,1.1308,1000,36,0.05405405405405406,0.29000000000002046,0.08410000000001187,-2.490000000000009,0.08333333333333333,-29.88000000000011,0.15398629743011594,0.3924108783279535,6.278574053247256,-4.759042379144398,30.0,-142.77127137433192,-20.0,600.0,192366.89468640243,1.6327,1632.7,543.8856303915045,615.0258708467132,125000.0,203.24348279514007,-406.48696559028014,-406.0,-383.6418403141221,-23.0
435,03/09/2018,160.74,160.98,160.54,160.71,1251943,1112764,RX1 Comdty,Future,EUX,EUR,0.01,10,1000,160710,163.21,160.71,0.733376474009506,436,0.002,,1.1308,,1.1308,1000,36,0.05405405405405406,-0.060000000000002274,0.0036000000000002727,-2.5,0.08333333333333333,-30.0,0.14585730837983943,0.38191269732733346,6.110603157237335,-4.909498985295471,30.0,-147.28496955886413,-20.0,604.8000000000025,192971.69468640242,1.6321,1632.1000000000001,733.376474009506,829.3021168099493,125000.0,150.72914618961013,-301.45829237922027,-301.0,-406.48696559028014,105.0
436,04/09/2018,160.7,160.71,160.28,160.35,1466777,1629229,RX1 Comdty,Future,EUX,EUR,0.01,10,1000,160350,162.87,160.35,0.9108041559662521,437,0.002,,1.1308,,1.1308,1000,36,0.05405405405405406,-0.3400000000000034,0.11560000000000233,-2.5200000000000102,0.08333333333333333,-30.240000000000123,0.14422177819714552,0.3797654252260802,6.076246803617283,-4.976756372370817,30.0,-149.3026911711245,-20.0,604.8000000000025,193576.4946864024,1.6287,1628.7,910.8041559662521,1029.937339566638,125000.0,121.36660668366065,-242.7332133673213,-243.0,-301.45829237922027,59.0
437,05/09/2018,160.36,160.52,159.75,159.92,1209772,1737444,RX1 Comdty,Future,EUX,EUR,0.01,10,1000,159920,162.44,159.92,1.109178335051002,438,0.002,,1.1308,,1.1308,1000,36,0.05405405405405406,-0.4300000000000068,0.18490000000000587,-2.5200000000000102,0.08333333333333333,-30.240000000000123,0.14642060099730014,0.38264944923166966,6.1223911877067145,-4.939246623234348,30.0,-148.17739869703044,-20.0,525.5999999999995,194102.09468640242,1.6244,1624.4,1109.178335051002,1254.258861275673,125000.0,99.66044798189893,-199.32089596379785,-199.0,-242.7332133673213,43.0
438,06/09/2018,159.92,160.48,159.91,160.43,684379,1759564,RX1 Comdty,Future,EUX,EUR,0.01,10,1000,160430,162.62,160.43,1.219743286191699,439,0.002,,1.1308,,1.1308,1000,36,0.05405405405405406,0.18000000000000682,0.032400000000002455,-2.1899999999999977,0.08333333333333333,-26.279999999999973,0.14025732526771648,0.3745094461662035,5.992151138659256,-4.385737173825713,30.0,-131.57211521477137,-20.0,-192.00000000000273,193910.09468640242,1.6262,1626.2,1219.743286191699,1379.2857080255733,125000.0,90.62661874379575,-181.2532374875915,-181.0,-199.32089596379785,18.0
439,07/09/2018,160.42,160.43,159.83,159.95,568738,1761697,RX1 Comdty,Future,EUX,EUR,0.01,10,1000,159950,159.95,160.75,1.3403474608431827,440,0.002,,1.1308,,1.1308,1000,36,0.05405405405405406,-2.670000000000016,7.128900000000085,0.8000000000000114,0.08333333333333333,9.600000000000136,0.5180217941721689,0.7197373091428351,11.515796946285361,0.8336374846464099,30.0,25.009124539392296,20.0,192.00000000000273,194102.09468640242,1.5995,1599.5,1340.3474608431827,1515.664908721471,125000.0,82.47205518892888,164.94411037785775,165.0,-181.2532374875915,346.0
440,10/09/2018,159.94,160.1,159.52,159.69,607667,1760041,RX1 Comdty,Future,EUX,EUR,0.01,10,1000,159690,159.69,160.49,1.4522273274269786,441,0.002,,1.1308,,1.1308,1000,36,0.05405405405405406,-0.2599999999999909,0.06759999999999527,0.8000000000000114,0.08333333333333333,9.600000000000136,0.49367467016286215,0.7026198617765244,11.24191778842439,0.8539468247922158,30.0,25.618404743766476,20.0,191.9999999999959,194294.09468640242,1.5969,1596.9,1452.2273274269785,1642.1786618544272,125000.0,76.11839253765724,152.2367850753145,152.0,164.94411037785775,-13.0
441,11/09/2018,159.67,159.67,159.23,159.3,612067,1766106,RX1 Comdty,Future,EUX,EUR,0.01,10,1000,159300,159.3,160.1,1.5732008102823896,442,0.002,,1.1308,,1.1308,1000,36,0.05405405405405406,-0.38999999999998636,0.15209999999998935,0.799999999999983,0.08333333333333333,9.599999999999795,0.4752111744783825,0.6893556226494294,11.02968996239087,0.8703780462310324,30.0,26.111341386930974,20.0,192.00000000000273,194486.09468640242,1.5930000000000002,1593.0000000000002,1573.2008102823895,1778.975476267326,125000.0,70.26516198091552,140.53032396183104,141.0,152.2367850753145,-12.0
442,12/09/2018,159.35,159.8,159.34,159.63,669389,1777739,RX1 Comdty,Future,EUX,EUR,0.01,10,1000,159630,159.63,160.43,1.6102333109798266,443,0.002,,1.1308,,1.1308,1000,36,0.05405405405405406,0.3299999999999841,0.10889999999998949,0.8000000000000114,0.08333333333333333,9.600000000000136,0.4554105704525234,0.674841144605546,10.797458313688736,0.8890981304210739,30.0,26.672943912632217,20.0,189.5999999999981,194675.69468640242,1.5963,1596.3,1610.2333109798267,1820.851828055988,125000.0,68.64918829417044,137.2983765883409,137.0,140.53032396183104,-3.0
443,13/09/2018,159.71,159.78,159.26,159.46,676492,1766562,RX1 Comdty,Future,EUX,EUR,0.01,10,1000,159460,159.46,160.25,1.6449952807482102,444,0.002,,1.1308,,1.1308,1000,36,0.05405405405405406,-0.1699999999999875,0.02889999999999575,0.789999999999992,0.08333333333333333,9.479999999999905,0.43235594502265706,0.65753778980577,10.52060463689232,0.9010888943356586,30.0,27.032666830069758,20.0,184.80000000000246,194860.4946864024,1.5946,1594.6,1644.9952807482102,1860.160663470076,125000.0,67.19849658943765,134.3969931788753,134.0,137.2983765883409,-3.0
444,14/09/2018,159.5,159.54,159.01,159.17,558067,1757477,RX1 Comdty,Future,EUX,EUR,0.01,10,1000,159170,159.17,159.94,1.660543347981648,445,0.002,,1.1308,,1.1308,1000,36,0.05405405405405406,-0.29000000000002046,0.08410000000001187,0.7700000000000102,0.08333333333333333,9.240000000000123,0.41353129934575733,0.6430639931964449,10.289023891143119,0.8980443721152203,30.0,26.941331163456606,20.0,180.0,195040.4946864024,1.5917,1591.6999999999998,1660.5433479816481,1877.7424178976478,125000.0,66.56930088417138,133.13860176834277,133.0,134.3969931788753,-1.0
445,17/09/2018,159.28,159.29,158.84,159.02,489765,1760897,RX1 Comdty,Future,EUX,EUR,0.01,10,1000,159020,159.02,159.77,1.6490458963961399,446,0.002,,1.1308,,1.1308,1000,36,0.05405405405405406,-0.14999999999997726,0.022499999999993178,0.75,0.08333333333333333,9.0,0.3923944723540944,0.6264139784153083,10.022623654644933,0.897968467151712,30.0,26.93905401455136,20.0,175.19999999999754,195215.69468640242,1.5902,1590.2,1649.0458963961398,1864.741099644755,125000.0,67.03343430560591,134.06686861121182,134.0,133.13860176834277,1.0
446,18/09/2018,159.07,159.26,158.66,158.74,650229,1760324,RX1 Comdty,Future,EUX,EUR,0.01,10,1000,158740,158.74,159.47,1.660210750730793,447,0.002,,1.1308,,1.1308,1000,36,0.05405405405405406,-0.28000000000000114,0.07840000000000064,0.7299999999999898,0.08333333333333333,8.759999999999877,0.37542179817279203,0.6127167356721963,9.803467770755141,0.8935613606168986,30.0,26.80684081850696,20.0,175.19999999999754,195390.89468640243,1.5874000000000001,1587.4,1660.210750730793,1877.366316926381,125000.0,66.58263700216465,133.1652740043293,133.0,134.06686861121182,-1.0
447,19/09/2018,158.67,158.87,158.42,158.62,704493,1748417,RX1 Comdty,Future,EUX,EUR,0.01,10,1000,158620,158.62,159.35,1.665201979214247,448,0.002,,1.1308,,1.1308,1000,36,0.05405405405405406,-0.12000000000000455,0.01440000000000109,0.7299999999999898,0.08333333333333333,8.759999999999877,0.3559071063796682,0.5965795054975223,9.545272087960356,0.9177318277861395,30.0,27.531954833584184,20.0,175.19999999999754,195566.09468640244,1.5862,1586.2,1665.2019792142469,1883.0103980954705,125000.0,66.38306412244378,132.76612824488757,133.0,133.1652740043293,-0.0
448,20/09/2018,158.73,158.93,158.38,158.74,734225,1756067,RX1 Comdty,Future,EUX,EUR,0.01,10,1000,158740,158.74,159.47,1.6277089970100802,449,0.002,,1.1308,,1.1308,1000,36,0.05405405405405406,0.12000000000000455,0.01440000000000109,0.7299999999999898,0.08333333333333333,8.759999999999877,0.3374472627915781,0.5809021111956627,9.294433779130603,0.9424995871904833,30.0,28.2749876157145,20.0,180.0,195746.09468640244,1.5874000000000001,1587.4,1627.70899701008,1840.6133338189986,125000.0,67.912145209034,135.824290418068,136.0,132.76612824488757,3.0
449,21/09/2018,158.75,159.1,158.68,159.0,530180,1743333,RX1 Comdty,Future,EUX,EUR,0.01,10,1000,159000,159.0,159.75,1.5425965806154909,450,0.002,,1.1308,,1.1308,1000,36,0.05405405405405406,0.2599999999999909,0.06759999999999527,0.75,0.08333333333333333,9.0,0.32286092426230334,0.5682085218142221,9.091336349027554,0.989953473777557,30.0,29.69860421332671,20.0,170.4000000000019,195916.49468640244,1.59,1590.0,1542.596580615491,1744.368213359997,125000.0,71.65918241494745,143.3183648298949,143.0,135.824290418068,7.0
450,24/09/2018,159.03,159.14,158.21,158.32,745994,1742465,RX1 Comdty,Future,EUX,EUR,0.01,10,1000,158320,158.32,159.03,1.5019706353567905,451,0.002,,1.1308,,1.1308,1000,36,0.05405405405405406,-0.6800000000000068,0.4624000000000093,0.710000000000008,0.08333333333333333,8.520000000000095,0.33040357700488204,0.5748074260175159,9.196918816280254,0.9263972173939509,30.0,27.791916521818525,20.0,163.20000000000164,196079.69468640245,1.5832,1583.2,1501.9706353567906,1698.4283944614588,125000.0,73.59745068300937,147.19490136601874,147.0,143.3183648298949,4.0
451,25/09/2018,158.21,158.21,157.75,157.87,783454,1727418,RX1 Comdty,Future,EUX,EUR,0.01,10,1000,157870,157.87,158.55,1.4671450077223847,452,0.002,,1.1308,,1.1308,1000,36,0.05405405405405406,-0.44999999999998863,0.20249999999998977,0.6800000000000068,0.08333333333333333,8.160000000000082,0.3234898701397527,0.5687616989036381,9.10018718245821,0.8966848523434264,30.0,26.900545570302793,20.0,165.59999999999945,196245.29468640246,1.5787,1578.7,1467.1450077223847,1659.0475747324726,125000.0,75.34443370025522,150.68886740051045,151.0,147.19490136601874,3.0
452,26/09/2018,157.92,158.49,157.89,158.04,518047,1715582,RX1 Comdty,Future,EUX,EUR,0.01,10,1000,158040,158.04,158.73,1.4148255425281524,453,0.002,,1.1308,,1.1308,1000,36,0.05405405405405406,0.1699999999999875,0.02889999999999575,0.6899999999999977,0.08333333333333333,8.279999999999973,0.30756609337544155,0.5545864165082315,8.873382664131704,0.9331277950481812,30.0,27.993833851445437,20.0,165.59999999999945,196410.89468640246,1.5804,1580.4,1414.8255425281525,1599.8847234908349,125000.0,78.13062914136643,156.26125828273285,156.0,150.68886740051045,6.0
453,27/09/2018,158.56,158.79,158.02,158.06,861140,1712991,RX1 Comdty,Future,EUX,EUR,0.01,10,1000,158060,158.06,158.75,1.22184276273293,454,0.002,,1.1308,,1.1308,1000,36,0.05405405405405406,0.020000000000010232,0.00040000000000040925,0.6899999999999977,0.08333333333333333,8.279999999999973,0.29096252076055285,0.5394094184944798,8.630550695911676,0.959382580757244,30.0,28.78147742271732,20.0,180.0,196590.89468640246,1.5806,1580.6,1221.84276273293,1381.6597960983972,125000.0,90.47089620251056,180.94179240502112,181.0,156.26125828273285,25.0
454,28/09/2018,158.54,159.25,158.4,158.79,1054065,1714397,RX1 Comdty,Future,EUX,EUR,0.01,10,1000,158790,158.79,159.54,0.8235575907391016,455,0.002,,1.1308,,1.1308,1000,36,0.05405405405405406,0.7299999999999898,0.532899999999985,0.75,0.08333333333333333,9.0,0.3040402223410627,0.5513984243186253,8.822374789098005,1.0201334918486449,30.0,30.604004755459346,20.0,177.59999999999536,196768.49468640247,1.5878999999999999,1587.8999999999999,823.5575907391017,931.2789236077762,125000.0,134.22401906804654,268.4480381360931,268.0,180.94179240502112,88.0
455,01/10/2018,158.74,158.99,158.37,158.77,736060,1730254,RX1 Comdty,Future,EUX,EUR,0.01,10,1000,158770,158.77,159.51,0.7457407126657307,456,0.002,,1.1308,,1.1308,1000,36,0.05405405405405406,-0.01999999999998181,0.0003999999999992724,0.7399999999999807,0.08333333333333333,8.879999999999768,0.28762723734965384,0.5363089010539112,8.580942416862579,1.0348513681375493,30.0,31.04554104412648,20.0,189.5999999999981,196958.09468640247,1.5877000000000001,1587.7,745.7407126657307,843.2835978824083,125000.0,148.2300857195501,296.4601714391002,296.0,268.4480381360931,28.0
456,02/10/2018,159.06,159.78,159.0,159.52,901213,1739325,RX1 Comdty,Future,EUX,EUR,0.01,10,1000,159520,159.52,160.31,0.6933943967718369,457,0.002,,1.1308,,1.1308,1000,36,0.05405405405405406,0.75,0.5625,0.789999999999992,0.08333333333333333,9.479999999999905,0.30248522451994286,0.5499865675813754,8.799785081302007,1.077299037693913,30.0,32.318971130817395,20.0,180.0,197138.09468640247,1.5952000000000002,1595.2000000000003,693.3943967718369,784.0903838695932,125000.0,159.42039664242267,318.84079328484535,319.0,296.4601714391002,22.0
457,03/10/2018,159.17,159.46,158.21,158.93,840412,1746187,RX1 Comdty,Future,EUX,EUR,0.01,10,1000,158930,158.93,159.68,0.6628318434056224,458,0.002,,1.1308,,1.1308,1000,36,0.05405405405405406,-0.5900000000000034,0.348100000000004,0.75,0.08333333333333333,9.0,0.3049508880594056,0.5522235852074825,8.83557736331972,1.0186091559067627,30.0,30.55827467720288,20.0,165.59999999999945,197303.69468640248,1.5893000000000002,1589.3000000000002,662.8318434056224,749.5302485230778,125000.0,166.77112130738948,333.54224261477896,334.0,318.84079328484535,15.0
458,04/10/2018,157.99,158.48,157.74,158.04,1039039,1759733,RX1 Comdty,Future,EUX,EUR,0.01,10,1000,158040,158.04,158.73,0.6048322951563725,459,0.002,,1.1308,,1.1308,1000,36,0.05405405405405406,-0.8900000000000148,0.7921000000000263,0.6899999999999977,0.08333333333333333,8.279999999999973,0.3312832724886283,0.5755721262262692,9.209154019620307,0.899105388221247,30.0,26.973161646637408,20.0,155.99999999999454,197459.69468640248,1.5804,1580.4,604.8322951563725,683.944359362826,125000.0,182.7634050764774,365.5268101529548,366.0,333.54224261477896,32.0
459,05/10/2018,158.03,158.12,157.33,157.61,848352,1754632,RX1 Comdty,Future,EUX,EUR,0.01,10,1000,157610,157.61,158.26,0.6138266513403896,460,0.002,,1.1308,,1.1308,1000,36,0.05405405405405406,-0.4299999999999784,0.1848999999999814,0.6499999999999773,0.08333333333333333,7.799999999999727,0.32337066316491764,0.5686568940625952,9.098510305001524,0.8572831967571664,30.0,25.71849590271499,20.0,156.00000000000136,197615.69468640248,1.5761000000000003,1576.1000000000004,613.8266513403896,694.1151773357126,125000.0,180.08538652014386,360.1707730402877,360.0,365.5268101529548,-5.0
460,08/10/2018,157.56,158.23,157.5,157.95,591262,1737785,RX1 Comdty,Future,EUX,EUR,0.01,10,1000,157950,157.95,158.6,0.59910371652908,461,0.002,,1.1308,,1.1308,1000,36,0.05405405405405406,0.339999999999975,0.115599999999983,0.6500000000000057,0.08333333333333333,7.800000000000068,0.31213981650735356,0.5586947435830711,8.939115897329138,0.8725695124201914,30.0,26.17708537260574,20.0,156.00000000000136,197771.69468640248,1.5795,1579.5,599.10371652908,677.4664826510837,125000.0,184.5109731640833,369.0219463281666,369.0,360.1707730402877,9.0
461,09/10/2018,157.95,158.18,157.61,158.09,880493,1733297,RX1 Comdty,Future,EUX,EUR,0.01,10,1000,158090,158.09,158.74,0.5941670419042956,462,0.002,,1.1308,,1.1308,1000,36,0.05405405405405406,0.14000000000001478,0.01960000000000414,0.6500000000000057,0.08333333333333333,7.800000000000068,0.2963268534529022,0.5443591217688027,8.709745948300844,0.8955485092560874,30.0,26.866455277682622,20.0,156.00000000000136,197927.69468640248,1.5809,1580.8999999999999,594.1670419042956,671.8840909853775,125000.0,186.04399430960842,372.08798861921684,372.0,369.0219463281666,3.0
462,10/10/2018,158.1,158.16,157.45,157.88,759645,1724157,RX1 Comdty,Future,EUX,EUR,0.01,10,1000,157880,157.88,158.53,0.5655356101227608,463,0.002,,1.1308,,1.1308,1000,36,0.05405405405405406,-0.21000000000000796,0.044100000000003345,0.6500000000000057,0.08333333333333333,7.800000000000068,0.28269296948247524,0.5316887900665908,8.507020641065452,0.9168897466108847,30.0,27.506692398326543,20.0,163.20000000000164,198090.8946864025,1.5788,1578.8,565.5356101227608,639.5076679268179,125000.0,195.46286349502282,390.92572699004563,391.0,372.08798861921684,19.0
463,11/10/2018,158.33,158.71,158.12,158.35,927373,1716273,RX1 Comdty,Future,EUX,EUR,0.01,10,1000,158350,158.35,159.03,0.5223879884984682,464,0.002,,1.1308,,1.1308,1000,36,0.05405405405405406,0.46999999999999886,0.22089999999999893,0.6800000000000068,0.08333333333333333,8.160000000000082,0.279352808969909,0.528538370385641,8.456613926170256,0.9649252137132265,30.0,28.947756411396796,20.0,167.99999999999727,198258.8946864025,1.5835,1583.5,522.3879884984682,590.7163373940679,125000.0,211.6074875318918,423.2149750637835,423.0,390.92572699004563,32.0
464,12/10/2018,158.16,158.74,157.95,158.53,584152,1697339,RX1 Comdty,Future,EUX,EUR,0.01,10,1000,158530,158.53,159.23,0.4965700777397288,465,0.002,,1.1308,,1.1308,1000,36,0.05405405405405406,0.18000000000000682,0.032400000000002455,0.6999999999999886,0.08333333333333333,8.399999999999864,0.2660040084850492,0.5157557643740389,8.252092229984623,1.01792366903969,30.0,30.537710071190702,20.0,167.99999999999727,198426.8946864025,1.5853000000000002,1585.3000000000002,496.5700777397288,561.5214439080853,125000.0,222.6094859886795,445.218971977359,445.0,423.2149750637835,22.0
465,15/10/2018,158.66,158.87,158.46,158.59,428866,1698334,RX1 Comdty,Future,EUX,EUR,0.01,10,1000,158590,158.59,159.29,0.47930432042715354,466,0.002,,1.1308,,1.1308,1000,36,0.05405405405405406,0.060000000000002274,0.0036000000000002727,0.6999999999999886,0.08333333333333333,8.399999999999864,0.25182000802639787,0.5018167075998944,8.02906732159831,1.046198725648213,30.0,31.38596176944639,20.0,167.99999999999727,198594.8946864025,1.5859,1585.9,479.3043204271535,541.9973255390253,125000.0,230.62844429294083,461.25688858588165,461.0,445.218971977359,16.0
466,16/10/2018,158.49,158.81,158.34,158.72,578937,1707578,RX1 Comdty,Future,EUX,EUR,0.01,10,1000,158720,158.72,159.42,0.4786263238643746,467,0.002,,1.1308,,1.1308,1000,36,0.05405405405405406,0.12999999999999545,0.01689999999999882,0.6999999999999886,0.08333333333333333,8.399999999999864,0.23912162921416008,0.4890006433678386,7.824010293885418,1.0736182193631048,30.0,32.20854658089314,20.0,172.79999999999973,198767.69468640248,1.5872,1587.2,478.62632386437457,541.2306470258347,125000.0,230.9551402657975,461.910280531595,462.0,461.25688858588165,1.0
467,17/10/2018,158.73,159.24,158.72,159.16,681734,1735606,RX1 Comdty,Future,EUX,EUR,0.01,10,1000,159160,159.16,159.88,0.504950232045971,468,0.002,,1.1308,,1.1308,1000,36,0.05405405405405406,0.4399999999999977,0.193599999999998,0.7199999999999989,0.08333333333333333,8.639999999999986,0.23666100060798914,0.48647816046353937,7.78365056741663,1.110018997534158,30.0,33.300569926024735,20.0,177.59999999999536,198945.29468640249,1.5916,1591.6,504.950232045971,570.9977223975841,125000.0,218.91505884670212,437.8301176934043,438.0,461.910280531595,-24.0
468,18/10/2018,158.89,159.94,158.82,159.52,832964,1752412,RX1 Comdty,Future,EUX,EUR,0.01,10,1000,159520,159.52,160.26,0.556209918722568,469,0.002,,1.1308,,1.1308,1000,36,0.05405405405405406,0.36000000000001364,0.12960000000000982,0.7399999999999807,0.08333333333333333,8.879999999999768,0.2308739194940443,0.48049341253969785,7.687894600635166,1.1550626616637163,30.0,34.65187984991149,20.0,177.59999999999536,199122.8946864025,1.5952000000000002,1595.2000000000003,556.209918722568,628.9621760914799,125000.0,198.74009082196267,397.48018164392533,397.0,437.8301176934043,-40.0
469,19/10/2018,159.78,160.08,159.07,159.4,1044791,1747661,RX1 Comdty,Future,EUX,EUR,0.01,10,1000,159400,159.4,160.14,0.5822108498519718,470,0.002,,1.1308,,1.1308,1000,36,0.05405405405405406,-0.12000000000000455,0.01440000000000109,0.7399999999999807,0.08333333333333333,8.879999999999768,0.21917262654842032,0.46815876211860047,7.4905401938976075,1.18549527405702,30.0,35.5648582217106,20.0,177.60000000000218,199300.4946864025,1.594,1594.0,582.2108498519718,658.3640290126098,125000.0,189.86456503018613,379.72913006037226,380.0,397.48018164392533,-18.0
470,22/10/2018,159.07,159.52,158.84,159.34,655438,1739591,RX1 Comdty,Future,EUX,EUR,0.01,10,1000,159340,159.34,160.08,0.6090251053515646,471,0.002,,1.1308,,1.1308,1000,36,0.05405405405405406,-0.060000000000002274,0.0036000000000002727,0.7400000000000091,0.08333333333333333,8.88000000000011,0.20752005214039762,0.45554368850901406,7.288699016144225,1.2183244198081449,30.0,36.54973259424435,20.0,187.20000000000027,199487.6946864025,1.5934000000000001,1593.4,609.0251053515647,688.6855891315494,125000.0,181.50517735913175,363.0103547182635,363.0,379.72913006037226,-17.0
471,23/10/2018,159.55,159.98,159.43,159.79,765600,1760257,RX1 Comdty,Future,EUX,EUR,0.01,10,1000,159790,159.79,160.57,0.6451225913698846,472,0.002,,1.1308,,1.1308,1000,36,0.05405405405405406,0.44999999999998863,0.20249999999998977,0.7800000000000011,0.08333333333333333,9.360000000000014,0.20724869797064585,0.45524575557674984,7.2839320892279975,1.2850202178356736,30.0,38.55060653507021,20.0,191.9999999999959,199679.6946864025,1.5978999999999999,1597.8999999999999,645.1225913698846,729.5046263210655,125000.0,171.34915323345146,342.6983064669029,343.0,363.0103547182635,-20.0
472,24/10/2018,159.67,160.35,159.66,160.18,729989,1759892,RX1 Comdty,Future,EUX,EUR,0.01,10,1000,160180,160.18,160.98,0.7119350946177355,473,0.002,,1.1308,,1.1308,1000,36,0.05405405405405406,0.3900000000000148,0.15210000000001153,0.799999999999983,0.08333333333333333,9.599999999999795,0.20426768726953048,0.4519598292653126,7.231357268245001,1.3275516122203221,30.0,39.826548366609664,20.0,192.00000000000273,199871.6946864025,1.6018000000000001,1601.8000000000002,711.9350946177356,805.0562049937354,125000.0,155.26866226808687,310.53732453617374,311.0,342.6983064669029,-32.0
473,25/10/2018,160.29,160.33,159.83,160.16,681400,1765268,RX1 Comdty,Future,EUX,EUR,0.01,10,1000,160160,160.16,160.96,0.7565670388084969,474,0.002,,1.1308,,1.1308,1000,36,0.05405405405405406,-0.020000000000010232,0.00040000000000040925,0.8000000000000114,0.08333333333333333,9.600000000000136,0.1932478122819883,0.43959960450617824,7.033593672098852,1.3648783889922176,30.0,40.94635166976653,20.0,201.60000000000082,200073.2946864025,1.6016,1601.6,756.5670388084968,855.5260074846482,125000.0,146.10894222551502,292.21788445103005,292.0,310.53732453617374,-18.0
474,26/10/2018,160.32,160.9,160.22,160.87,865941,1745019,RX1 Comdty,Future,EUX,EUR,0.01,10,1000,160870,160.87,161.71,0.8786772355144928,475,0.002,,1.1308,,1.1308,1000,36,0.05405405405405406,0.710000000000008,0.5041000000000113,0.8400000000000034,0.08333333333333333,10.080000000000041,0.2100506332397193,0.45831281155965875,7.33300498495454,1.3746070022700974,30.0,41.23821006810292,20.0,194.40000000000055,200267.6946864025,1.6087,1608.7,878.6772355144928,993.6082179197886,125000.0,125.80411247171361,251.6082249434272,252.0,292.21788445103005,-41.0
475,29/10/2018,160.62,160.79,160.06,160.35,729929,1761276,RX1 Comdty,Future,EUX,EUR,0.01,10,1000,160350,160.35,161.16,0.9293172366402129,476,0.002,,1.1308,,1.1308,1000,36,0.05405405405405406,-0.5200000000000102,0.27040000000001063,0.8100000000000023,0.08333333333333333,9.720000000000027,0.213312761172708,0.4618579447976488,7.389727116762381,1.3153395039380826,30.0,39.460185118142476,20.0,194.40000000000055,200462.0946864025,1.6035,1603.5,929.317236640213,1050.8719311927528,125000.0,118.94884266070694,237.8976853214139,238.0,251.6082249434272,-14.0
476,30/10/2018,160.35,160.56,159.96,160.44,752795,1779711,RX1 Comdty,Future,EUX,EUR,0.01,10,1000,160440,160.44,161.25,0.9754809879723528,477,0.002,,1.1308,,1.1308,1000,36,0.05405405405405406,0.09000000000000341,0.008100000000000614,0.8100000000000023,0.08333333333333333,9.720000000000027,0.2022201794876968,0.4496889808386423,7.1950236934182765,1.3509337028162256,30.0,40.52801108448677,20.0,194.40000000000055,200656.4946864025,1.6044,1604.4,975.4809879723529,1103.0739011991366,125000.0,113.31969677109957,226.63939354219914,227.0,237.8976853214139,-11.0
477,31/10/2018,160.2,160.37,160.01,160.26,660228,1785986,RX1 Comdty,Future,EUX,EUR,0.01,10,1000,160260,160.26,161.07,1.0084186421796624,478,0.002,,1.1308,,1.1308,1000,36,0.05405405405405406,-0.18000000000000682,0.032400000000002455,0.8100000000000023,0.08333333333333333,9.720000000000027,0.19304071032619982,0.4393639838746456,7.0298237419943295,1.3826804706262104,30.0,41.480414118786314,20.0,187.20000000000027,200843.6946864025,1.6026,1602.6000000000001,1008.4186421796624,1140.3198005767622,125000.0,109.61837191354239,219.23674382708478,219.0,226.63939354219914,-7.0
478,01/11/2018,160.23,160.27,159.75,159.98,649785,1801972,RX1 Comdty,Future,EUX,EUR,0.01,10,1000,159980,159.98,160.76,0.9879605521640296,479,0.002,,1.1308,,1.1308,1000,36,0.05405405405405406,-0.28000000000000114,0.07840000000000064,0.7800000000000011,0.08333333333333333,9.360000000000014,0.1868439151734323,0.43225445651078287,6.916071304172526,1.3533695053654298,30.0,40.601085160962896,20.0,175.20000000000437,201018.89468640252,1.5997999999999999,1599.8,987.9605521640295,1117.1857923870846,125000.0,111.88828290853324,223.77656581706646,224.0,219.23674382708478,5.0
479,02/11/2018,159.72,159.81,159.45,159.63,658295,1802784,RX1 Comdty,Future,EUX,EUR,0.01,10,1000,159630,159.63,160.36,0.910803433643868,480,0.002,,1.1308,,1.1308,1000,36,0.05405405405405406,-0.3499999999999943,0.12249999999999601,0.7300000000000182,0.08333333333333333,8.760000000000218,0.1833658657045979,0.42821240722869985,6.851398515659198,1.278571080047208,30.0,38.357132401416244,20.0,175.19999999999754,201194.09468640253,1.5963,1596.3,910.803433643868,1029.936522764486,125000.0,121.36670293474344,242.7334058694869,243.0,223.77656581706646,19.0
480,05/11/2018,159.6,159.91,159.58,159.74,480071,1806068,RX1 Comdty,Future,EUX,EUR,0.01,10,1000,159740,159.74,160.47,0.8509926092823566,481,0.002,,1.1308,,1.1308,1000,36,0.05405405405405406,0.11000000000001364,0.012100000000003,0.7299999999999898,0.08333333333333333,8.759999999999877,0.17410825134218735,0.4172628084818815,6.676204935710104,1.3121226931102488,30.0,39.363680793307466,20.0,177.60000000000218,201371.69468640254,1.5974000000000002,1597.4,850.9926092823566,962.3024425764889,125000.0,129.8967917667572,259.7935835335144,260.0,242.7334058694869,17.0
481,06/11/2018,159.71,160.04,159.61,159.7,525127,1805722,RX1 Comdty,Future,EUX,EUR,0.01,10,1000,159700,159.7,160.44,0.7896066642392513,482,0.002,,1.1308,,1.1308,1000,36,0.05405405405405406,-0.040000000000020464,0.001600000000001637,0.7400000000000091,0.08333333333333333,8.88000000000011,0.1647834809993665,0.40593531627510127,6.49496506040162,1.3672128975934796,30.0,41.01638692780439,20.0,177.60000000000218,201549.29468640254,1.597,1597.0,789.6066642392512,892.8872159217453,125000.0,139.9952847022902,279.9905694045804,280.0,259.7935835335144,20.0
482,07/11/2018,159.82,159.89,159.28,159.5,615172,1806530,RX1 Comdty,Future,EUX,EUR,0.01,10,1000,159500,159.5,160.24,0.6880519793709268,483,0.002,,1.1308,,1.1308,1000,36,0.05405405405405406,-0.19999999999998863,0.039999999999995456,0.7400000000000091,0.08333333333333333,8.88000000000011,0.15803842797237347,0.39754047337645193,6.360647574023231,1.3960842660527,30.0,41.882527981581,20.0,175.19999999999754,201724.49468640256,1.595,1595.0,688.0519793709268,778.0491782726441,125000.0,160.65822507198573,321.31645014397145,321.0,279.9905694045804,41.0
483,08/11/2018,159.29,159.51,159.19,159.37,536074,1810678,RX1 Comdty,Future,EUX,EUR,0.01,10,1000,159370,159.37,160.1,0.624577962771163,484,0.002,,1.1308,,1.1308,1000,36,0.05405405405405406,-0.12999999999999545,0.01689999999999882,0.7299999999999898,0.08333333333333333,8.759999999999877,0.1504093237576505,0.38782640930917855,6.205222548946857,1.4117140732505418,30.0,42.35142219751625,20.0,182.39999999999782,201906.89468640255,1.5937000000000001,1593.7,624.5779627711629,706.272760301631,125000.0,176.98544673677588,353.97089347355177,354.0,321.31645014397145,33.0
484,09/11/2018,159.43,160.07,159.43,160.03,578856,1823932,RX1 Comdty,Future,EUX,EUR,0.01,10,1000,160030,160.03,160.79,0.5691570405806221,485,0.002,,1.1308,,1.1308,1000,36,0.05405405405405406,0.6599999999999966,0.4355999999999955,0.7599999999999909,0.08333333333333333,9.11999999999989,0.16582503598696643,0.4072162030015093,6.515459248024149,1.3997478386140754,30.0,41.99243515842226,20.0,184.80000000000246,202091.69468640254,1.6003,1600.3,569.1570405806222,643.6027814885675,125000.0,194.2191730602712,388.4383461205424,388.0,353.97089347355177,34.0
485,12/11/2018,159.95,160.45,159.93,160.29,497503,1811218,RX1 Comdty,Future,EUX,EUR,0.01,10,1000,160290,160.29,161.06,0.5131048420622316,486,0.002,,1.1308,,1.1308,1000,36,0.05405405405405406,0.2599999999999909,0.06759999999999527,0.7700000000000102,0.08333333333333333,9.240000000000123,0.16051557458226529,0.400643949888508,6.410303198216128,1.441429479119092,30.0,43.242884373572764,20.0,184.79999999999563,202276.49468640253,1.6029,1602.9,513.1048420622316,580.2189554039714,125000.0,215.4359123151536,430.8718246303071,431.0,388.4383461205424,42.0
486,13/11/2018,160.19,160.42,159.98,160.08,777657,1826095,RX1 Comdty,Future,EUX,EUR,0.01,10,1000,160080,160.08,160.85,0.4450484893750765,487,0.002,,1.1308,,1.1308,1000,36,0.05405405405405406,-0.20999999999997954,0.0440999999999914,0.7699999999999818,0.08333333333333333,9.239999999999782,0.1542228408210613,0.39271216026634737,6.283394564261558,1.470542698775386,30.0,44.11628096326158,20.0,184.80000000000246,202461.2946864025,1.6008000000000002,1600.8000000000002,445.04848937507654,503.26083178533656,125000.0,248.38014823557367,496.7602964711474,497.0,430.8718246303071,66.0
487,14/11/2018,160.36,160.47,159.96,160.14,709577,1802563,RX1 Comdty,Future,EUX,EUR,0.01,10,1000,160140,160.14,160.91,0.41332127175416633,488,0.002,,1.1308,,1.1308,1000,36,0.05405405405405406,0.05999999999997385,0.0035999999999968622,0.7700000000000102,0.08333333333333333,9.240000000000123,0.1460810656415443,0.382205528010185,6.11528844816296,1.5109671568764398,30.0,45.329014706293194,20.0,192.00000000000273,202653.2946864025,1.6014,1601.3999999999999,413.32127175416633,467.3836940996113,125000.0,267.446215129104,534.892430258208,535.0,496.7602964711474,38.0
488,15/11/2018,160.14,160.92,160.07,160.81,1050374,1804433,RX1 Comdty,Future,EUX,EUR,0.01,10,1000,160810,160.81,161.61,0.4440851032714366,489,0.002,,1.1308,,1.1308,1000,36,0.05405405405405406,0.6700000000000159,0.44890000000002134,0.8000000000000114,0.08333333333333333,9.600000000000136,0.16244965668794845,0.4030504393843883,6.4488070301502125,1.4886474281393598,30.0,44.659422844180796,20.0,191.9999999999959,202845.2946864025,1.6081,1608.1000000000001,444.0851032714366,502.17143477934053,125000.0,248.91897735068568,497.83795470137136,498.0,534.892430258208,-37.0
489,16/11/2018,160.54,160.76,160.54,160.65,590153,1771673,RX1 Comdty,Future,EUX,EUR,0.01,10,1000,160650,160.65,161.45,0.4427126310423151,490,0.002,,1.1308,,1.1308,1000,36,0.05405405405405406,-0.1599999999999966,0.02559999999999891,0.799999999999983,0.08333333333333333,9.599999999999795,0.1550523779480593,0.3937669081424432,6.300270530279091,1.5237440922357555,30.0,45.71232276707266,20.0,192.00000000000273,203037.2946864025,1.6065,1606.5,442.71263104231514,500.61944318264995,125000.0,249.69066164374686,499.38132328749373,499.0,497.83795470137136,2.0
490,19/11/2018,160.73,160.73,160.24,160.6,613084,1764785,RX1 Comdty,Future,EUX,EUR,0.01,10,1000,160600,160.6,161.4,0.423261459570862,491,0.002,,1.1308,,1.1308,1000,36,0.05405405405405406,-0.05000000000001137,0.0025000000000011367,0.8000000000000114,0.08333333333333333,9.600000000000136,0.14680630346438045,0.3831531070791159,6.130449713265854,1.5659536329327397,30.0,46.97860898798219,20.0,194.40000000000055,203231.6946864025,1.6059999999999999,1605.9999999999998,423.261459570862,478.62405848273073,125000.0,261.16530873157126,522.3306174631425,522.0,499.38132328749373,23.0
491,20/11/2018,160.64,161.04,160.54,160.89,777045,1739202,RX1 Comdty,Future,EUX,EUR,0.01,10,1000,160890,160.89,161.7,0.4477225997377352,492,0.002,,1.1308,,1.1308,1000,36,0.05405405405405406,0.28999999999999204,0.08409999999999539,0.8100000000000023,0.08333333333333333,9.720000000000027,0.14341677354738666,0.3787040712051914,6.059265139283062,1.6041549225142682,30.0,48.124647675428044,20.0,194.39999999999372,203426.0946864025,1.6089,1608.9,447.7225997377352,506.284715783431,125000.0,246.8966494605185,493.793298921037,494.0,522.3306174631425,-29.0
492,21/11/2018,160.71,160.78,160.48,160.58,627426,1757002,RX1 Comdty,Future,EUX,EUR,0.01,10,1000,160580,160.58,161.39,0.4564078854433298,493,0.002,,1.1308,,1.1308,1000,36,0.05405405405405406,-0.30999999999997385,0.09609999999998378,0.8099999999999739,0.08333333333333333,9.719999999999686,0.14085911011239188,0.3753120170103695,6.004992272165912,1.6186532071079296,30.0,48.55959621323789,20.0,194.40000000000055,203620.4946864025,1.6058000000000001,1605.8000000000002,456.40788544332975,516.1060368593173,125000.0,242.1982908021537,484.39658160430747,484.0,493.793298921037,-9.0
493,22/11/2018,160.7,160.87,160.53,160.63,436793,1744397,RX1 Comdty,Future,EUX,EUR,0.01,10,1000,160630,160.63,161.44,0.46604833722660044,494,0.002,,1.1308,,1.1308,1000,36,0.05405405405405406,0.04999999999998295,0.002499999999998295,0.8100000000000023,0.08333333333333333,9.720000000000027,0.13338023929550574,0.3652125946561889,5.843401514499022,1.66341470389843,30.0,49.9024411169529,20.0,201.60000000000082,203822.0946864025,1.6063,1606.3,466.04833722660044,527.0074597358398,125000.0,237.18829343071482,474.3765868614297,474.0,484.39658160430747,-10.0
494,23/11/2018,160.65,161.19,160.51,161.1,649263,1708363,RX1 Comdty,Future,EUX,EUR,0.01,10,1000,161100,161.1,161.94,0.48519420962406873,495,0.002,,1.1308,,1.1308,1000,36,0.05405405405405406,0.46999999999999886,0.22089999999999893,0.8400000000000034,0.08333333333333333,10.080000000000041,0.13811103717142428,0.37163293337838654,5.946126934054185,1.6952211265909356,30.0,50.856633797728065,20.0,201.60000000000082,204023.6946864025,1.611,1611.0,485.1942096240687,548.6576122428969,125000.0,227.82879014291538,455.65758028583076,456.0,474.3765868614297,-19.0
495,26/11/2018,160.93,160.99,160.64,160.74,628250,1670273,RX1 Comdty,Future,EUX,EUR,0.01,10,1000,160740,160.74,161.58,0.49758998128355314,496,0.002,,1.1308,,1.1308,1000,36,0.05405405405405406,-0.3599999999999852,0.12959999999998936,0.8400000000000034,0.08333333333333333,10.080000000000041,0.13765098110810348,0.3710134513843177,5.936215222149083,1.698051641118023,30.0,50.94154923354069,20.0,201.60000000000082,204225.2946864025,1.6074000000000002,1607.4,497.58998128355313,562.6747508354418,125000.0,222.1532062961843,444.30641259236853,444.0,455.65758028583076,-11.0
496,27/11/2018,160.9,161.21,160.82,161.02,649683,1619398,RX1 Comdty,Future,EUX,EUR,0.01,10,1000,161020,161.02,161.86,0.5249070093084295,497,0.002,,1.1308,,1.1308,1000,36,0.05405405405405406,0.28000000000000114,0.07840000000000064,0.8400000000000034,0.08333333333333333,10.080000000000041,0.13444822537253034,0.3666718224414447,5.866749159063115,1.7181576588165834,30.0,51.544729764497504,20.0,201.60000000000082,204426.89468640252,1.6102,1610.2,524.9070093084295,593.564846125972,125000.0,210.59198639514997,421.18397279029995,421.0,444.30641259236853,-23.0
497,28/11/2018,161.0,161.18,160.83,160.9,880824,1551633,RX1 Comdty,Future,EUX,EUR,0.01,10,1000,160900,160.9,161.74,0.5423913910200647,498,0.002,,1.1308,,1.1308,1000,36,0.05405405405405406,-0.12000000000000455,0.01440000000000109,0.8400000000000034,0.08333333333333333,10.080000000000041,0.1279591321091504,0.3577137572265713,5.7234201156251405,1.761184710603592,30.0,52.83554131810776,20.0,206.40000000000327,204633.2946864025,1.609,1609.0,542.3913910200647,613.3361849654892,125000.0,203.803400262506,407.606800525012,408.0,421.18397279029995,-14.0
498,29/11/2018,161.0,161.42,160.98,161.41,852035,1444716,RX1 Comdty,Future,EUX,EUR,0.01,10,1000,161410,161.41,162.27,0.587711663998602,499,0.002,,1.1308,,1.1308,1000,36,0.05405405405405406,0.5099999999999909,0.2600999999999907,0.8600000000000136,0.08333333333333333,10.320000000000164,0.13510188172487148,0.3675620787361932,5.880993259779091,1.7548056160138867,30.0,52.6441684804166,20.0,211.1999999999989,204844.49468640253,1.6141,1614.1000000000001,587.7116639986019,664.5843496496191,125000.0,188.08748666125265,376.1749733225053,376.0,407.606800525012,-31.0
499,30/11/2018,161.31,161.58,161.27,161.54,849022,1293300,RX1 Comdty,Future,EUX,EUR,0.01,10,1000,161540,161.54,162.42,0.6122985168070875,500,0.002,,1.1308,,1.1308,1000,36,0.05405405405405406,0.12999999999999545,0.01689999999999882,0.8799999999999955,0.08333333333333333,10.559999999999945,0.1287125908208243,0.3587653701527285,5.740245922443656,1.8396424373930815,30.0,55.189273121792446,20.0,211.1999999999989,205055.69468640254,1.6154,1615.3999999999999,612.2985168070875,692.3871628054545,125000.0,180.5348318324068,361.0696636648136,361.0,376.1749733225053,-15.0
500,03/12/2018,161.9,162.58,161.88,162.38,1605468,1178722,RX1 Comdty,Future,EUX,EUR,0.01,10,1000,162380,161.5,162.38,0.7183870822891212,501,0.002,,1.1308,,1.1308,1000,36,0.05405405405405406,-0.03999999999999204,0.0015999999999993634,0.8799999999999955,0.08333333333333333,10.559999999999945,0.1218416399656446,0.34905821859060215,5.5849314974496345,1.8908020635207758,30.0,56.72406190562327,20.0,208.8000000000011,205264.49468640253,1.615,1615.0,718.3870822891212,812.3521126525383,125000.0,153.8741612819137,307.7483225638274,308.0,361.0696636648136,-53.0
501,04/12/2018,162.83,163.31,162.5,162.96,1917850,1644175,RX1 Comdty,Future,EUX,EUR,0.01,10,1000,162960,162.09,162.96,0.8558277003178697,502,0.002,,1.1308,,1.1308,1000,36,0.05405405405405406,0.5900000000000034,0.348100000000004,0.8700000000000045,0.08333333333333333,10.440000000000055,0.13407182158912348,0.36615819202787675,5.858531072446028,1.7820166643993223,30.0,53.46049993197967,20.0,206.39999999999645,205470.89468640252,1.6209,1620.9,855.8277003178697,967.7699635194471,125000.0,129.1629258108176,258.3258516216352,258.0,307.7483225638274,-49.0
502,05/12/2018,163.15,163.34,162.82,162.85,874501,1757809,RX1 Comdty,Future,EUX,EUR,0.01,10,1000,162850,161.99,162.85,0.9175211169230424,503,0.002,,1.1308,,1.1308,1000,36,0.05405405405405406,-0.09999999999999432,0.009999999999998864,0.8599999999999852,0.08333333333333333,10.319999999999823,0.12736523663836,0.356882665085263,5.710122641364208,1.8073166984613602,30.0,54.21950095384081,20.0,280.8000000000038,205751.69468640254,1.6199000000000001,1619.9,917.5211169230424,1037.5328790165763,125000.0,120.47810968504538,240.95621937009076,241.0,258.3258516216352,-17.0
503,06/12/2018,163.14,163.61,162.94,163.55,881066,1767969,RX1 Comdty,Future,EUX,EUR,0.01,10,1000,163550,162.38,163.55,1.010408333298774,504,0.002,,1.1308,,1.1308,1000,36,0.05405405405405406,0.38999999999998636,0.15209999999998935,1.170000000000016,0.08333333333333333,14.040000000000191,0.12870225087412376,0.3587509594051614,5.740015350482582,2.445986490057,30.0,73.37959470170999,20.0,-602.3999999999978,205149.29468640254,1.6238,1623.8,1010.4083332987741,1142.5697432942538,125000.0,109.40251195485044,218.80502390970088,219.0,240.95621937009076,-22.0
504,07/12/2018,163.23,163.46,162.93,163.17,619944,1759915,RX1 Comdty,Future,EUX,EUR,0.01,10,1000,163170,163.17,160.66,1.0682867494015345,505,0.002,,1.1308,,1.1308,1000,36,0.05405405405405406,0.789999999999992,0.6240999999999874,-2.509999999999991,0.08333333333333333,-30.11999999999989,0.1554805075836299,0.3943101667261826,6.308962667618921,-4.774160442348527,30.0,-143.2248132704558,-20.0,602.4000000000046,205751.69468640254,1.6317,1631.6999999999998,1068.2867494015345,1208.0186562232552,125000.0,103.47522313173499,-206.95044626346998,-207.0,218.80502390970088,-426.0
505,10/12/2018,163.61,163.64,162.98,163.4,668405,1752864,RX1 Comdty,Future,EUX,EUR,0.01,10,1000,163400,163.4,160.89,1.135540678081768,506,0.002,,1.1308,,1.1308,1000,36,0.05405405405405406,0.2300000000000182,0.052900000000008364,-2.5100000000000193,0.08333333333333333,-30.120000000000232,0.14993561528181254,0.38721520538560017,6.195443286169603,-4.861637595366035,30.0,-145.84912786098104,-20.0,609.5999999999981,206361.29468640254,1.6340000000000001,1634.0000000000002,1135.540678081768,1284.0693987748632,125000.0,97.34676343760167,-194.69352687520333,-195.0,-206.95044626346998,12.0
506,11/12/2018,163.24,163.59,162.83,163.48,741273,1743277,RX1 Comdty,Future,EUX,EUR,0.01,10,1000,163480,163.48,160.94,1.170460997798643,507,0.002,,1.1308,,1.1308,1000,36,0.05405405405405406,0.07999999999998408,0.006399999999997454,-2.539999999999992,0.08333333333333333,-30.479999999999905,0.1421769333746874,0.3770635667559084,6.0330170680945345,-5.052198536150784,30.0,-151.56595608452352,-20.0,609.5999999999981,206970.89468640255,1.6348,1634.8,1170.4609977986431,1323.5572963107056,125000.0,94.44245470024306,-188.88490940048612,-189.0,-194.69352687520333,6.0
507,12/12/2018,163.35,163.53,162.6,162.98,708400,1743052,RX1 Comdty,Future,EUX,EUR,0.01,10,1000,162980,162.98,160.44,1.151016027141303,508,0.002,,1.1308,,1.1308,1000,36,0.05405405405405406,-0.5,0.25,-2.539999999999992,0.08333333333333333,-30.479999999999905,0.1480052072463259,0.3847144489700457,6.155431183520731,-4.951724597555522,30.0,-148.55173792666565,-20.0,612.0000000000027,207582.89468640255,1.6298,1629.8,1151.016027141303,1301.5689234913855,125000.0,96.03794139821234,-192.07588279642468,-192.0,-188.88490940048612,-3.0
508,13/12/2018,162.77,163.14,162.51,162.87,806925,1742632,RX1 Comdty,Future,EUX,EUR,0.01,10,1000,162870,162.87,160.32,1.1516281380811748,509,0.002,,1.1308,,1.1308,1000,36,0.05405405405405406,-0.10999999999998522,0.012099999999996749,-2.5500000000000114,0.08333333333333333,-30.600000000000136,0.14065897982760542,0.3750453037002402,6.000724859203843,-5.099383944102387,30.0,-152.9815183230716,-20.0,611.9999999999959,208194.89468640255,1.6287,1628.7,1151.6281380811747,1302.2610985421925,125000.0,95.98689551575364,-191.9737910315073,-192.0,-192.07588279642468,0.0
509,14/12/2018,162.89,163.3,162.81,163.2,554180,1746867,RX1 Comdty,Future,EUX,EUR,0.01,10,1000,163200,163.2,160.65,1.1488569834493134,510,0.002,,1.1308,,1.1308,1000,36,0.05405405405405406,0.3299999999999841,0.10889999999998949,-2.549999999999983,0.08333333333333333,-30.599999999999795,0.13894227821530186,0.37274961866553513,5.963993898648562,-5.130789957201958,30.0,-153.92369871605874,-20.0,609.5999999999981,208804.49468640256,1.632,1632.0,1148.8569834493135,1299.1274768844837,125000.0,96.21842523088655,-192.4368504617731,-192.0,-191.9737910315073,-0.0
510,17/12/2018,163.28,163.3,162.96,163.14,398427,1753720,RX1 Comdty,Future,EUX,EUR,0.01,10,1000,163140,163.14,160.6,1.124630816616438,511,0.002,,1.1308,,1.1308,1000,36,0.05405405405405406,-0.060000000000002274,0.0036000000000002727,-2.539999999999992,0.08333333333333333,-30.479999999999905,0.13162647939285313,0.3628036375132602,5.804858200212164,-5.250774256447105,30.0,-157.52322769341316,-20.0,609.5999999999981,209414.09468640256,1.6314,1631.3999999999999,1124.630816616438,1271.7325274298682,125000.0,98.29110862849525,-196.5822172569905,-197.0,-192.4368504617731,-4.0
511,18/12/2018,163.29,163.55,163.22,163.34,482974,1757023,RX1 Comdty,Future,EUX,EUR,0.01,10,1000,163340,163.34,160.8,1.1147555785907037,512,0.002,,1.1308,,1.1308,1000,36,0.05405405405405406,0.20000000000001705,0.04000000000000682,-2.539999999999992,0.08333333333333333,-30.479999999999905,0.12667369672296955,0.3559124846404935,5.694599754247896,-5.352439383867725,30.0,-160.57318151603175,-20.0,609.5999999999981,210023.69468640257,1.6334,1633.3999999999999,1114.7555785907036,1260.5656082703676,125000.0,99.16183590913091,-198.32367181826183,-198.0,-196.5822172569905,-2.0
512,19/12/2018,163.48,163.85,163.24,163.38,543107,1768090,RX1 Comdty,Future,EUX,EUR,0.01,10,1000,163380,163.38,160.84,1.0672078670896232,513,0.002,,1.1308,,1.1308,1000,36,0.05405405405405406,0.03999999999999204,0.0015999999999993634,-2.539999999999992,0.08333333333333333,-30.479999999999905,0.11991295635956577,0.34628450204934924,5.540552032789588,-5.501256881916452,30.0,-165.03770645749356,-20.0,609.5999999999981,210633.29468640257,1.6338,1633.8,1067.2078670896233,1206.798656104946,125000.0,103.5798302953444,-207.1596605906888,-207.0,-198.32367181826183,-9.0
513,20/12/2018,163.74,164.01,163.41,163.56,696497,1788631,RX1 Comdty,Future,EUX,EUR,0.01,10,1000,163560,163.56,161.02,1.0107697691931428,514,0.002,,1.1308,,1.1308,1000,36,0.05405405405405406,0.18000000000000682,0.032400000000002455,-2.539999999999992,0.08333333333333333,-30.479999999999905,0.11518252628607586,0.3393855127816682,5.430168204506691,-5.613085792573324,30.0,-168.39257377719971,-20.0,609.6000000000049,211242.89468640258,1.6356000000000002,1635.6000000000001,1010.7697691931428,1142.9784550036059,125000.0,109.36339128072686,-218.72678256145372,-219.0,-207.1596605906888,-12.0
514,21/12/2018,163.54,163.54,163.27,163.36,385743,1743314,RX1 Comdty,Future,EUX,EUR,0.01,10,1000,163360,163.36,160.82,0.96563191745039,515,0.002,,1.1308,,1.1308,1000,36,0.05405405405405406,-0.19999999999998863,0.039999999999995456,-2.5400000000000205,0.08333333333333333,-30.480000000000246,0.11111860594628774,0.3333445753965223,5.333513206344357,-5.714807261327012,30.0,-171.44421783981036,-20.0,609.6000000000049,211852.49468640258,1.6336000000000002,1633.6000000000001,965.63191745039,1091.936572252901,125000.0,114.47551366660245,-228.9510273332049,-229.0,-218.72678256145372,-10.0
515,24/12/2018,163.54,163.54,163.27,163.36,385743,1739189,RX1 Comdty,Future,EUX,EUR,0.01,10,1000,163360,163.36,160.82,0.8635597989222565,516,0.002,,1.1308,,1.1308,1000,36,0.05405405405405406,0.0,0.0,-2.5400000000000205,0.08333333333333333,-30.480000000000246,0.10511219481405597,0.32421010905592684,5.1873617448948295,-5.875819250507699,30.0,-176.27457751523096,-20.0,609.6000000000049,212462.0946864026,1.6336000000000002,1633.6000000000001,863.5597989222565,976.5134206212877,125000.0,128.00643325564454,-256.0128665112891,-256.0,-228.9510273332049,-27.0
516,25/12/2018,163.54,163.54,163.27,163.36,385743,1739189,RX1 Comdty,Future,EUX,EUR,0.01,10,1000,163360,163.36,160.82,0.763492494706066,517,0.002,,1.1308,,1.1308,1000,36,0.05405405405405406,0.0,0.0,-2.5400000000000205,0.08333333333333333,-30.480000000000246,0.09943045455383673,0.31532594969941297,5.0452151951906075,-6.041367676259985,30.0,-181.24103028779956,-20.0,609.6000000000049,213071.6946864026,1.6336000000000002,1633.6000000000001,763.4924947060659,863.3573130136194,125000.0,144.7836233223962,-289.5672466447924,-290.0,-256.0128665112891,-34.0
517,26/12/2018,163.54,163.54,163.27,163.36,385743,1739189,RX1 Comdty,Future,EUX,EUR,0.01,10,1000,163360,163.36,160.82,0.6042731606072982,518,0.002,,1.1308,,1.1308,1000,36,0.05405405405405406,0.0,0.0,-2.5400000000000205,0.08333333333333333,-30.480000000000246,0.09405583538876447,0.306685238296147,4.906963812738352,-6.2115803505367095,30.0,-186.3474105161013,-20.0,609.5999999999981,213681.2946864026,1.6336000000000002,1633.6000000000001,604.2731606072982,683.3120900147328,125000.0,182.93251623471917,-365.86503246943835,-366.0,-289.5672466447924,-76.0
518,27/12/2018,163.18,163.79,163.15,163.73,334721,1741328,RX1 Comdty,Future,EUX,EUR,0.01,10,1000,163730,163.73,161.19,0.4878877675069421,519,0.002,,1.1308,,1.1308,1000,36,0.05405405405405406,0.3699999999999761,0.13689999999998234,-2.539999999999992,0.08333333333333333,-30.479999999999905,0.09637173617856003,0.3104379747688095,4.967007596300952,-6.136491521112043,30.0,-184.09474563336127,-20.0,609.5999999999981,214290.8946864026,1.6373,1637.3,487.8877675069421,551.7034874968501,125000.0,226.57098030527433,-453.1419606105486,-453.0,-365.86503246943835,-87.0
519,28/12/2018,163.64,163.76,163.42,163.54,335361,1734970,RX1 Comdty,Future,EUX,EUR,0.01,10,1000,163540,163.54,161.0,0.3152822461469819,520,0.002,,1.1308,,1.1308,1000,36,0.05405405405405406,-0.18999999999999773,0.03609999999999913,-2.539999999999992,0.08333333333333333,-30.479999999999905,0.09311380449323241,0.3051455464089758,4.882328742543613,-6.242922508352096,30.0,-187.28767525056287,-20.0,609.5999999999981,214900.4946864026,1.6354,1635.3999999999999,315.2822461469819,356.52116394300714,125000.0,350.61032174791814,-701.2206434958363,-701.0,-453.1419606105486,-248.0
520,31/12/2018,163.64,163.76,163.42,163.54,335361,1733567,RX1 Comdty,Future,EUX,EUR,0.01,10,1000,163540,163.54,161.0,0.24624068242843383,521,0.002,,1.1308,,1.1308,1000,36,0.05405405405405406,0.0,0.0,-2.539999999999992,0.08333333333333333,-30.479999999999905,0.0880806258719766,0.29678380325074444,4.748540852011911,-6.418813894606345,30.0,-192.56441683819034,-20.0,609.5999999999981,215510.09468640262,1.6354,1635.3999999999999,246.24068242843384,278.448963690073,125000.0,448.9152997499785,-897.830599499957,-898.0,-701.2206434958363,-197.0
521,01/01/2019,163.64,163.76,163.42,163.54,335361,1733567,RX1 Comdty,Future,EUX,EUR,0.01,10,1000,163540,163.54,161.0,0.2372756558113341,522,0.002,,1.1308,,1.1308,1000,36,0.05405405405405406,0.0,0.0,-2.539999999999992,0.08333333333333333,-30.479999999999905,0.08331951095997786,0.28865119254903115,4.6184190807844985,-6.599660937400787,30.0,-197.98982812202362,-20.0,614.3999999999937,216124.4946864026,1.6354,1635.3999999999999,237.2756558113341,268.3113115914566,125000.0,465.87674317037687,-931.7534863407539,-932.0,-897.830599499957,-34.0
522,02/01/2019,163.7,164.94,163.58,164.64,713330,1771380,RX1 Comdty,Future,EUX,EUR,0.01,10,1000,164640,164.64,162.08,0.35359060477904836,523,0.002,,1.1308,,1.1308,1000,36,0.05405405405405406,1.0999999999999943,1.2099999999999875,-2.559999999999974,0.08333333333333333,-30.719999999999686,0.1442211590161946,0.3797646100101938,6.076233760163101,-5.055763358119239,30.0,-151.67290074357717,-20.0,614.4000000000005,216738.8946864026,1.6463999999999999,1646.3999999999999,353.59060477904836,399.8402558841479,125000.0,312.6248499506219,-625.2496999012438,-625.0,-931.7534863407539,307.0
523,03/01/2019,164.91,165.1,164.38,164.82,683676,1765154,RX1 Comdty,Future,EUX,EUR,0.01,10,1000,164820,164.82,162.26,0.4715737928508811,524,0.002,,1.1308,,1.1308,1000,36,0.05405405405405406,0.18000000000000682,0.032400000000002455,-2.5600000000000023,0.08333333333333333,-30.720000000000027,0.13817677204234638,0.37172136344625983,5.947541815140157,-5.165159145547948,30.0,-154.95477436643844,-20.0,614.4000000000005,217353.2946864026,1.6481999999999999,1648.1999999999998,471.5737928508811,533.2556449557763,125000.0,234.4091453741037,-468.81829074820746,-469.0,-625.2496999012438,156.0
524,04/01/2019,165.01,165.04,163.88,163.97,649416,1747002,RX1 Comdty,Future,EUX,EUR,0.01,10,1000,163970,163.97,161.41,0.47703332113403,525,0.002,,1.1308,,1.1308,1000,36,0.05405405405405406,-0.8499999999999943,0.7224999999999904,-2.5600000000000023,0.08333333333333333,-30.720000000000027,0.16976181139140822,0.4120216151992614,6.592345843188182,-4.659949694802914,30.0,-139.7984908440874,-20.0,614.4000000000005,217967.6946864026,1.6397,1639.7,477.03332113403,539.4292795383611,125000.0,231.7263907272032,-463.4527814544064,-463.0,-468.81829074820746,5.0
525,07/01/2019,163.93,164.32,163.76,163.96,541364,1740655,RX1 Comdty,Future,EUX,EUR,0.01,10,1000,163960,163.96,161.4,0.485454480492292,526,0.002,,1.1308,,1.1308,1000,36,0.05405405405405406,-0.009999999999990905,9.99999999998181e-05,-2.5600000000000023,0.08333333333333333,-30.720000000000027,0.1605909026675483,0.40073794762606185,6.41180716201699,-4.7911609354041,30.0,-143.734828062123,-20.0,614.4000000000005,218582.0946864026,1.6396000000000002,1639.6000000000001,485.454480492292,548.9519265406839,125000.0,227.70664234245294,-455.41328468490593,-455.0,-463.4527814544064,8.0
526,08/01/2019,163.76,163.9,163.5,163.74,658669,1740663,RX1 Comdty,Future,EUX,EUR,0.01,10,1000,163740,163.74,161.18,0.4867775348344528,527,0.002,,1.1308,,1.1308,1000,36,0.05405405405405406,-0.21999999999999886,0.0483999999999995,-2.5600000000000023,0.08333333333333333,-30.720000000000027,0.1545265295503835,0.39309862572945165,6.289578011671226,-4.884270445965469,30.0,-146.52811337896406,-20.0,612.0000000000027,219194.0946864026,1.6374000000000002,1637.4,486.7775348344528,550.4480363907993,125000.0,227.08773896189226,-454.17547792378457,-454.0,-455.41328468490593,1.0
527,09/01/2019,163.71,164.11,163.48,163.96,656380,1744810,RX1 Comdty,Future,EUX,EUR,0.01,10,1000,163960,163.96,161.41,0.47345621705930546,528,0.002,,1.1308,,1.1308,1000,36,0.05405405405405406,0.21999999999999886,0.0483999999999995,-2.5500000000000114,0.08333333333333333,-30.600000000000136,0.14878996038549788,0.38573301697611767,6.171728271617883,-4.958092555811522,30.0,-148.74277667434566,-20.0,616.8000000000052,219810.8946864026,1.6396000000000002,1639.6000000000001,473.45621705930546,535.3842902506626,125000.0,233.47715328269345,-466.9543065653869,-467.0,-454.17547792378457,-13.0
528,10/01/2019,163.93,164.38,163.93,164.21,647105,1747615,RX1 Comdty,Future,EUX,EUR,0.01,10,1000,164210,164.21,161.64,0.45646784633227405,529,0.002,,1.1308,,1.1308,1000,36,0.05405405405405406,0.25,0.0625,-2.5700000000000216,0.08333333333333333,-30.84000000000026,0.144125638202498,0.37963882599452076,6.074221215912332,-5.077194080322636,30.0,-152.31582240967907,-20.0,616.7999999999984,220427.6946864026,1.6421000000000001,1642.1000000000001,456.46784633227406,516.1738406325355,125000.0,242.16647602060016,-484.3329520412003,-484.0,-466.9543065653869,-17.0
529,11/01/2019,164.25,164.64,164.16,164.41,563194,1746446,RX1 Comdty,Future,EUX,EUR,0.01,10,1000,164410,164.41,161.84,0.46875422804934036,530,0.002,,1.1308,,1.1308,1000,36,0.05405405405405406,0.19999999999998863,0.039999999999995456,-2.569999999999993,0.08333333333333333,-30.839999999999918,0.13849722532668704,0.3721521534623803,5.954434455398085,-5.1793331895762895,30.0,-155.3799956872887,-20.0,611.9999999999959,221039.6946864026,1.6441,1644.1,468.7542280493404,530.0672810781941,125000.0,235.81912044399573,-471.63824088799146,-472.0,-484.3329520412003,13.0
530,14/01/2019,164.51,164.88,164.43,164.57,540338,1730554,RX1 Comdty,Future,EUX,EUR,0.01,10,1000,164570,164.57,162.02,0.48037129279929375,531,0.002,,1.1308,,1.1308,1000,36,0.05405405405405406,0.1599999999999966,0.02559999999999891,-2.549999999999983,0.08333333333333333,-30.599999999999795,0.13239467260632554,0.36386078739859495,5.821772598377519,-5.256131098031512,30.0,-157.68393294094534,-20.0,611.9999999999959,221651.6946864026,1.6457,1645.7,480.37129279929377,543.2038578974414,125000.0,230.116186000285,-460.23237200057,-460.0,-471.63824088799146,11.0
531,15/01/2019,164.62,164.98,164.38,164.89,706551,1744380,RX1 Comdty,Future,EUX,EUR,0.01,10,1000,164890,164.89,162.34,0.5224688356340209,532,0.002,,1.1308,,1.1308,1000,36,0.05405405405405406,0.3199999999999932,0.10239999999999563,-2.549999999999983,0.08333333333333333,-30.599999999999795,0.13077333895192933,0.36162596553888293,5.786015448622127,-5.288613601487503,30.0,-158.6584080446251,-20.0,612.0000000000027,222263.6946864026,1.6488999999999998,1648.8999999999999,522.4688356340209,590.8077593349509,125000.0,211.5747432645563,-423.1494865291126,-423.0,-460.23237200057,37.0
532,16/01/2019,164.8,164.9,164.36,164.59,638525,1746976,RX1 Comdty,Future,EUX,EUR,0.01,10,1000,164590,164.59,162.04,0.5297017532221523,533,0.002,,1.1308,,1.1308,1000,36,0.05405405405405406,-0.29999999999998295,0.08999999999998977,-2.5500000000000114,0.08333333333333333,-30.600000000000136,0.12856937468425692,0.3585657187800542,5.7370515004808675,-5.333750271796464,30.0,-160.01250815389392,-20.0,612.0000000000027,222875.6946864026,1.6459000000000001,1645.9,529.7017532221523,598.9867425436098,125000.0,208.68575399379438,-417.37150798758876,-417.0,-423.1494865291126,6.0
533,17/01/2019,164.72,164.89,164.23,164.3,566676,1759569,RX1 Comdty,Future,EUX,EUR,0.01,10,1000,164300,164.3,161.75,0.5264566258919556,534,0.002,,1.1308,,1.1308,1000,36,0.05405405405405406,-0.28999999999999204,0.08409999999999539,-2.5500000000000114,0.08333333333333333,-30.600000000000136,0.12616562470132386,0.3551980077383935,5.683168123814296,-5.384320740358944,30.0,-161.5296222107683,-20.0,611.9999999999959,223487.6946864026,1.6430000000000002,1643.0000000000002,526.4566258919556,595.3171525586234,125000.0,209.97211228126122,-419.94422456252244,-420.0,-417.37150798758876,-3.0
534,18/01/2019,164.28,164.34,163.84,164.07,712268,1811167,RX1 Comdty,Future,EUX,EUR,0.01,10,1000,164070,164.07,161.52,0.5050648733716677,535,0.002,,1.1308,,1.1308,1000,36,0.05405405405405406,-0.2300000000000182,0.052900000000008364,-2.549999999999983,0.08333333333333333,-30.599999999999795,0.12220532066341491,0.349578776048282,5.593260416772512,-5.470869889812311,30.0,-164.12609669436935,-20.0,614.4000000000005,224102.0946864026,1.6407,1640.7,505.0648733716677,571.1273588086818,125000.0,218.86536876947778,-437.7307375389556,-438.0,-419.94422456252244,-18.0
535,21/01/2019,164.2,164.3,164.04,164.13,272114,1796737,RX1 Comdty,Future,EUX,EUR,0.01,10,1000,164130,164.13,161.57,0.48020034196070244,536,0.002,,1.1308,,1.1308,1000,36,0.05405405405405406,0.060000000000002274,0.0036000000000002727,-2.5600000000000023,0.08333333333333333,-30.720000000000027,0.11579422224917629,0.3402855010857446,5.444568017371914,-5.642320915448593,30.0,-169.2696274634578,-20.0,614.4000000000005,224716.49468640258,1.6413,1641.3,480.2003419607024,543.0105466891623,125000.0,230.198107130973,-460.396214261946,-460.0,-437.7307375389556,-23.0
536,22/01/2019,164.25,164.75,164.12,164.47,608301,1791871,RX1 Comdty,Future,EUX,EUR,0.01,10,1000,164470,164.47,161.91,0.45787380472212735,537,0.002,,1.1308,,1.1308,1000,36,0.05405405405405406,0.3400000000000034,0.11560000000000233,-2.5600000000000023,0.08333333333333333,-30.720000000000027,0.11578372374922094,0.3402700747189223,5.444321195502757,-5.642576713764806,30.0,-169.27730141294418,-20.0,614.4000000000005,225330.89468640258,1.6447,1644.7,457.8738047221274,517.7636983797817,125000.0,241.42287377650803,-482.845747553016,-483.0,-460.396214261946,-22.0
537,23/01/2019,164.65,164.77,164.34,164.57,600559,1791020,RX1 Comdty,Future,EUX,EUR,0.01,10,1000,164570,164.57,162.01,0.43104371496238264,538,0.002,,1.1308,,1.1308,1000,36,0.05405405405405406,0.09999999999999432,0.009999999999998864,-2.5600000000000023,0.08333333333333333,-30.720000000000027,0.11006568462764137,0.33176148755942325,5.308183800950772,-5.7872901828489125,30.0,-173.6187054854674,-20.0,614.4000000000005,225945.29468640257,1.6457,1645.7,431.04371496238264,487.4242328794623,125000.0,256.4501138188423,-512.9002276376846,-513.0,-482.845747553016,-30.0
538,24/01/2019,164.72,165.54,164.59,165.32,890974,1795163,RX1 Comdty,Future,EUX,EUR,0.01,10,1000,165320,165.32,162.76,0.4862812701330392,539,0.002,,1.1308,,1.1308,1000,36,0.05405405405405406,0.75,0.5625,-2.5600000000000023,0.08333333333333333,-30.720000000000027,0.13452159356668777,0.3667718549271301,5.868349678834082,-5.2348618745063344,30.0,-157.04585623519003,-20.0,614.4000000000005,226559.69468640257,1.6532,1653.2,486.2812701330392,549.8868602664407,125000.0,227.31948884800198,-454.63897769600396,-455.0,-512.9002276376846,58.0
539,25/01/2019,165.35,165.43,164.96,165.07,603232,1780424,RX1 Comdty,Future,EUX,EUR,0.01,10,1000,165070,165.07,162.51,0.4870672168008759,540,0.002,,1.1308,,1.1308,1000,36,0.05405405405405406,-0.25,0.0625,-2.5600000000000023,0.08333333333333333,-30.720000000000027,0.1306285344549749,0.36142569700420435,5.78281115206727,-5.312295212859939,30.0,-159.36885638579818,-20.0,614.4000000000005,227174.09468640256,1.6507,1650.7,487.0672168008759,550.7756087584305,125000.0,226.9526791169593,-453.90535823391855,-454.0,-454.63897769600396,1.0
540,28/01/2019,165.19,165.3,164.69,164.91,647823,1772981,RX1 Comdty,Future,EUX,EUR,0.01,10,1000,164910,164.91,162.35,0.46467985583512267,541,0.002,,1.1308,,1.1308,1000,36,0.05405405405405406,-0.1599999999999966,0.02559999999999891,-2.5600000000000023,0.08333333333333333,-30.720000000000027,0.12495131637632755,0.3534845348474634,5.655752557559414,-5.431637909784442,30.0,-162.94913729353325,-20.0,616.8000000000052,227790.89468640258,1.6491,1649.1,464.6798558351227,525.4599809783567,125000.0,237.88681255471033,-475.77362510942066,-476.0,-453.90535823391855,-22.0
541,29/01/2019,164.94,165.28,164.85,165.08,566210,1762754,RX1 Comdty,Future,EUX,EUR,0.01,10,1000,165080,165.08,162.51,0.4404112910235241,542,0.002,,1.1308,,1.1308,1000,36,0.05405405405405406,0.17000000000001592,0.02890000000000541,-2.5700000000000216,0.08333333333333333,-30.84000000000026,0.11975935332895878,0.3460626436484568,5.537002298375309,-5.5698008305052475,30.0,-167.09402491515743,-20.0,616.7999999999984,228407.69468640257,1.6508000000000003,1650.8000000000002,440.4112910235241,498.01708788940107,125000.0,250.9954036512093,-501.9908073024186,-502.0,-475.77362510942066,-26.0
542,30/01/2019,165.24,165.53,164.99,165.18,571073,1751041,RX1 Comdty,Future,EUX,EUR,0.01,10,1000,165180,165.18,162.61,0.46627188815329956,543,0.002,,1.1308,,1.1308,1000,36,0.05405405405405406,0.09999999999999432,0.009999999999998864,-2.569999999999993,0.08333333333333333,-30.839999999999918,0.11382641531117715,0.33738170565574116,5.398107290491859,-5.713113567475958,30.0,-171.39340702427873,-20.0,616.7999999999984,229024.49468640256,1.6518000000000002,1651.8000000000002,466.2718881532996,527.2602511237512,125000.0,237.07457509567078,-474.1491501913416,-474.0,-501.9908073024186,28.0
543,31/01/2019,165.52,165.87,165.3,165.67,801430,1733537,RX1 Comdty,Future,EUX,EUR,0.01,10,1000,165670,165.67,163.1,0.5302658221147818,544,0.002,,1.1308,,1.1308,1000,36,0.05405405405405406,0.4899999999999807,0.24009999999998105,-2.569999999999993,0.08333333333333333,-30.839999999999918,0.12065201448354493,0.34734998846055104,5.557599815368817,-5.5491580942398775,30.0,-166.47474282719634,-20.0,614.4000000000005,229638.89468640255,1.6566999999999998,1656.6999999999998,530.2658221147818,599.6245916473953,125000.0,208.46376506436766,-416.9275301287354,-417.0,-474.1491501913416,57.0
544,01/02/2019,165.73,165.77,165.43,165.5,711766,1723973,RX1 Comdty,Future,EUX,EUR,0.01,10,1000,165500,165.5,162.94,0.5515910002680413,545,0.002,,1.1308,,1.1308,1000,36,0.05405405405405406,-0.1699999999999875,0.02889999999999575,-2.5600000000000023,0.08333333333333333,-30.720000000000027,0.11569244613308281,0.3401359230264907,5.442174768423851,-5.644802180599039,30.0,-169.34406541797117,-20.0,614.4000000000005,230253.29468640254,1.655,1655.0,551.5910002680413,623.7391031031011,125000.0,200.40430266136144,-400.8086053227229,-401.0,-416.9275301287354,16.0
545,04/02/2019,165.61,165.64,165.22,165.28,418541,1724789,RX1 Comdty,Future,EUX,EUR,0.01,10,1000,165280,165.28,162.72,0.5461482351290273,546,0.002,,1.1308,,1.1308,1000,36,0.05405405405405406,-0.21999999999999886,0.0483999999999995,-2.5600000000000023,0.08333333333333333,-30.720000000000027,0.1120550166123756,0.3347461973083124,5.355939156932998,-5.735688755955061,30.0,-172.07066267865181,-20.0,614.4000000000005,230867.69468640254,1.6528,1652.8,546.1482351290273,617.584424283904,125000.0,202.40147757116588,-404.80295514233177,-405.0,-400.8086053227229,-4.0
546,05/02/2019,165.4,165.52,164.93,165.49,623597,1736977,RX1 Comdty,Future,EUX,EUR,0.01,10,1000,165490,165.49,162.93,0.5246881279165756,547,0.002,,1.1308,,1.1308,1000,36,0.05405405405405406,0.21000000000000796,0.044100000000003345,-2.5600000000000023,0.08333333333333333,-30.720000000000027,0.10838177247116629,0.32921387041126665,5.267421926580266,-5.832075050791341,30.0,-174.9622515237402,-20.0,611.9999999999959,231479.69468640254,1.6549,1654.9,524.6881279165756,593.3173350480637,125000.0,210.67983794856414,-421.3596758971283,-421.0,-404.80295514233177,-17.0
547,06/02/2019,165.42,165.68,165.37,165.51,491944,1727433,RX1 Comdty,Future,EUX,EUR,0.01,10,1000,165510,165.51,162.96,0.510942369803835,548,0.002,,1.1308,,1.1308,1000,36,0.05405405405405406,0.01999999999998181,0.0003999999999992724,-2.549999999999983,0.08333333333333333,-30.599999999999795,0.10254491990515727,0.32022635729302057,5.123621716688329,-5.9723378680224295,30.0,-179.17013604067287,-20.0,612.0000000000027,232091.69468640254,1.6551,1655.1,510.942369803835,577.7736317741766,125000.0,216.3477063087164,-432.6954126174328,-433.0,-421.3596758971283,-11.0
548,07/02/2019,165.59,166.45,165.52,166.36,896171,1759468,RX1 Comdty,Future,EUX,EUR,0.01,10,1000,166360,166.36,163.81,0.587244009176186,549,0.002,,1.1308,,1.1308,1000,36,0.05405405405405406,0.8500000000000227,0.7225000000000387,-2.5500000000000114,0.08333333333333333,-30.600000000000136,0.1360560053156914,0.3688577033432966,5.9017232534927455,-5.184926280962176,30.0,-155.5477884288653,-20.0,612.0000000000027,232703.69468640254,1.6636000000000002,1663.6000000000001,587.2440091761861,664.0555255764313,125000.0,188.2372711099635,-376.474542219927,-376.0,-432.6954126174328,56.0
549,08/02/2019,166.39,166.83,166.26,166.75,635900,1755828,RX1 Comdty,Future,EUX,EUR,0.01,10,1000,166750,166.75,164.2,0.6935907711988286,550,0.002,,1.1308,,1.1308,1000,36,0.05405405405405406,0.38999999999998636,0.15209999999998935,-2.5500000000000114,0.08333333333333333,-30.600000000000136,0.13692324827159938,0.37003141524956956,5.920502643993113,-5.168480083535916,30.0,-155.05440250607748,-20.0,614.4000000000005,233318.09468640253,1.6675,1667.5,693.5907711988286,784.3124440716355,125000.0,159.37526038868137,-318.75052077736274,-319.0,-376.474542219927,58.0
550,11/02/2019,166.68,166.73,166.15,166.35,602027,1747193,RX1 Comdty,Future,EUX,EUR,0.01,10,1000,166350,166.35,163.79,0.7368173022123538,551,0.002,,1.1308,,1.1308,1000,36,0.05405405405405406,-0.4000000000000057,0.16000000000000456,-2.5600000000000023,0.08333333333333333,-30.720000000000027,0.13817064025691858,0.37171311552986475,5.947409848477836,-5.165273754903981,30.0,-154.95821264711944,-20.0,614.4000000000005,233932.49468640253,1.6635,1663.5,736.8173022123538,833.1930053417296,125000.0,150.02526329266522,-300.05052658533043,-300.0,-318.75052077736274,19.0
551,12/02/2019,166.26,166.26,165.84,166.02,634368,1743821,RX1 Comdty,Future,EUX,EUR,0.01,10,1000,166020,166.02,163.46,0.7569043602223882,552,0.002,,1.1308,,1.1308,1000,36,0.05405405405405406,-0.3299999999999841,0.10889999999998949,-2.5600000000000023,0.08333333333333333,-30.720000000000027,0.13658844348627378,0.36957873787093565,5.91325980593497,-5.195104055662705,30.0,-155.85312166988115,-20.0,614.4000000000005,234546.89468640252,1.6602000000000001,1660.2,756.9043602223882,855.9074505394766,125000.0,146.0438274269172,-292.0876548538344,-292.0,-300.05052658533043,8.0
552,13/02/2019,166.0,166.24,165.86,166.12,531264,1726906,RX1 Comdty,Future,EUX,EUR,0.01,10,1000,166120,166.12,163.56,0.7659728935683728,553,0.002,,1.1308,,1.1308,1000,36,0.05405405405405406,0.09999999999999432,0.009999999999998864,-2.5600000000000023,0.08333333333333333,-30.720000000000027,0.1297458249194481,0.36020247766977964,5.763239642716474,-5.330335350330897,30.0,-159.9100605099269,-20.0,614.4000000000005,235161.2946864025,1.6612,1661.2,765.9728935683728,866.162148047116,125000.0,144.31478018501502,-288.62956037003005,-289.0,-292.0876548538344,3.0
553,14/02/2019,166.22,166.73,166.02,166.54,628466,1729460,RX1 Comdty,Future,EUX,EUR,0.01,10,1000,166540,166.54,163.98,0.7746202804888279,554,0.002,,1.1308,,1.1308,1000,36,0.05405405405405406,0.4199999999999875,0.17639999999998948,-2.5600000000000023,0.08333333333333333,-30.720000000000027,0.132267672221099,0.36368622770335834,5.8189796432537335,-5.279276073016587,30.0,-158.3782821904976,-20.0,614.4000000000005,235775.6946864025,1.6654,1665.4,774.6202804888279,875.9406131767666,125000.0,142.70373826675706,-285.4074765335141,-285.0,-288.62956037003005,3.0
554,15/02/2019,166.55,166.64,166.28,166.47,474923,1713560,RX1 Comdty,Future,EUX,EUR,0.01,10,1000,166470,166.47,163.91,0.7396690227088313,555,0.002,,1.1308,,1.1308,1000,36,0.05405405405405406,-0.06999999999999318,0.004899999999999045,-2.5600000000000023,0.08333333333333333,-30.720000000000027,0.12538293318212063,0.35409452577259737,5.665512412361558,-5.422280945492624,30.0,-162.66842836477872,-20.0,614.4000000000005,236390.0946864025,1.6647,1664.7,739.6690227088313,836.4177308791465,125000.0,149.4468557817567,-298.8937115635134,-299.0,-285.4074765335141,-13.0
555,18/02/2019,166.53,166.55,166.28,166.36,238957,1719269,RX1 Comdty,Future,EUX,EUR,0.01,10,1000,166360,166.36,163.8,0.6818311258717911,556,0.002,,1.1308,,1.1308,1000,36,0.05405405405405406,-0.10999999999998522,0.012099999999996749,-2.5600000000000023,0.08333333333333333,-30.720000000000027,0.11925953138849231,0.3453397332895424,5.525435732632679,-5.559742522851318,30.0,-166.79227568553952,-20.0,614.3999999999937,237004.4946864025,1.6636000000000002,1663.6000000000001,681.8311258717911,771.0146371358213,125000.0,162.12402979060448,-324.24805958120896,-324.0,-298.8937115635134,-25.0
556,19/02/2019,166.42,166.75,166.27,166.42,654664,1704676,RX1 Comdty,Future,EUX,EUR,0.01,10,1000,166420,166.42,163.86,0.6423417273802496,557,0.002,,1.1308,,1.1308,1000,36,0.05405405405405406,0.05999999999997385,0.0035999999999968622,-2.559999999999974,0.08333333333333333,-30.719999999999686,0.11300766482695201,0.33616612682861435,5.37865802925783,-5.7114618242867845,30.0,-171.34385472860353,-20.0,614.4000000000005,237618.8946864025,1.6642,1664.1999999999998,642.3417273802496,726.3600253215862,125000.0,172.09096817333514,-344.1819363466703,-344.0,-324.24805958120896,-20.0
557,20/02/2019,166.45,166.69,166.35,166.51,492425,1699585,RX1 Comdty,Future,EUX,EUR,0.01,10,1000,166510,166.51,163.95,0.6001006494502548,558,0.002,,1.1308,,1.1308,1000,36,0.05405405405405406,0.09000000000000341,0.008100000000000614,-2.5600000000000023,0.08333333333333333,-30.720000000000027,0.10733698024171139,0.32762322909359065,5.24197166549745,-5.860390318818095,30.0,-175.81170956454287,-20.0,614.4000000000005,238233.29468640249,1.6651,1665.1000000000001,600.1006494502548,678.5938143983481,125000.0,184.20444947737545,-368.4088989547509,-368.0,-344.1819363466703,-24.0
558,21/02/2019,166.6,166.67,165.85,166.07,983248,1678012,RX1 Comdty,Future,EUX,EUR,0.01,10,1000,166070,166.07,163.51,0.588862418027614,559,0.002,,1.1308,,1.1308,1000,36,0.05405405405405406,-0.4399999999999977,0.193599999999998,-2.5600000000000023,0.08333333333333333,-30.720000000000027,0.11199984617459174,0.33466378079289033,5.354620492686245,-5.737101264591913,30.0,-172.11303793775738,-20.0,614.4000000000005,238847.69468640248,1.6607,1660.7,588.862418027614,665.8856223056259,125000.0,187.7199263849369,-375.4398527698738,-375.0,-368.4088989547509,-7.0
559,22/02/2019,166.17,166.72,166.11,166.62,514633,1691569,RX1 Comdty,Future,EUX,EUR,0.01,10,1000,166620,166.62,164.06,0.5781319736394309,560,0.002,,1.1308,,1.1308,1000,36,0.05405405405405406,0.5500000000000114,0.3025000000000125,-2.5600000000000023,0.08333333333333333,-30.720000000000027,0.12229715178677665,0.3497100967755673,5.595361548409077,-5.490261841745439,30.0,-164.70785525236317,-20.0,614.4000000000005,239462.09468640247,1.6662000000000001,1666.2,578.131973639431,653.7516357914685,125000.0,191.20411048557906,-382.40822097115813,-382.0,-375.4398527698738,-7.0
560,25/02/2019,166.56,166.62,166.2,166.4,530946,1656995,RX1 Comdty,Future,EUX,EUR,0.01,10,1000,166400,166.4,163.84,0.5296026315693935,561,0.002,,1.1308,,1.1308,1000,36,0.05405405405405406,-0.21999999999999886,0.0483999999999995,-2.5600000000000023,0.08333333333333333,-30.720000000000027,0.11830271114965356,0.3439516116398549,5.503225786237678,-5.582180559777102,30.0,-167.46541679331307,-20.0,609.6000000000049,240071.69468640248,1.6640000000000001,1664.0000000000002,529.6026315693935,598.8746557786701,125000.0,208.72481210191177,-417.44962420382353,-417.0,-382.40822097115813,-35.0
561,26/02/2019,166.5,166.66,166.16,166.27,731373,1556069,RX1 Comdty,Future,EUX,EUR,0.01,10,1000,166270,166.27,163.73,0.48130825005989164,562,0.002,,1.1308,,1.1308,1000,36,0.05405405405405406,-0.12999999999999545,0.01689999999999882,-2.5400000000000205,0.08333333333333333,-30.480000000000246,0.11282148351994249,0.33588909407711126,5.37422550523378,-5.671514894623752,30.0,-170.14544683871256,-20.0,609.6000000000049,240681.29468640249,1.6627,1662.7,481.30825005989163,544.2633691677255,125000.0,229.66822145526163,-459.33644291052326,-459.0,-417.44962420382353,-42.0
562,27/02/2019,166.35,166.48,165.56,165.68,1038699,1496152,RX1 Comdty,Future,EUX,EUR,0.01,10,1000,165680,165.68,163.14,0.44274829489037004,563,0.002,,1.1308,,1.1308,1000,36,0.05405405405405406,-0.5900000000000034,0.348100000000004,-2.5400000000000205,0.08333333333333333,-30.480000000000246,0.1255392411675134,0.35431517208202273,5.669042753312364,-5.3765690834120266,30.0,-161.2970725023608,-20.0,609.5999999999981,241290.8946864025,1.6568,1656.8,442.74829489037006,500.6597718620305,125000.0,249.6705487942557,-499.3410975885114,-499.0,-459.33644291052326,-40.0
563,28/02/2019,165.71,165.97,165.15,165.31,997602,1474226,RX1 Comdty,Future,EUX,EUR,0.01,10,1000,165310,165.31,162.77,0.4685506769164548,564,0.002,,1.1308,,1.1308,1000,36,0.05405405405405406,-0.37000000000000455,0.13690000000000335,-2.539999999999992,0.08333333333333333,-30.479999999999905,0.12615333623953986,0.3551807092728149,5.682891348365039,-5.363466962775729,30.0,-160.90400888327187,-20.0,609.5999999999981,241900.4946864025,1.6531,1653.1,468.5506769164548,529.8371054571271,125000.0,235.9215666712392,-471.8431333424784,-472.0,-499.3410975885114,27.0
564,01/03/2019,165.33,165.38,164.97,165.22,1036780,1241510,RX1 Comdty,Future,EUX,EUR,0.01,10,1000,165220,165.22,162.68,0.4911091099659121,565,0.002,,1.1308,,1.1308,1000,36,0.05405405405405406,-0.09000000000000341,0.008100000000000614,-2.539999999999992,0.08333333333333333,-30.479999999999905,0.11977207482118639,0.34608102349187886,5.537296375870062,-5.5044913493926275,30.0,-165.13474048177883,-20.0,612.0000000000027,242512.4946864025,1.6522000000000001,1652.2,491.1091099659121,555.3461815494535,125000.0,225.08482844203866,-450.16965688407726,-450.0,-471.8431333424784,22.0
565,04/03/2019,162.57,163.16,162.47,163.04,1380979,1273197,RX1 Comdty,Future,EUX,EUR,0.01,10,1000,163040,165.59,163.04,0.8261163101474244,566,0.002,,1.1308,,1.1308,1000,36,0.05405405405405406,0.37000000000000455,0.13690000000000335,-2.5500000000000114,0.08333333333333333,-30.600000000000136,0.12069790861463596,0.34741604541908533,5.558656726705365,-5.504927090206713,30.0,-165.1478127062014,-20.0,614.4000000000005,243126.8946864025,1.6559000000000001,1655.9,826.1163101474243,934.1723235147074,125000.0,133.8082887423843,-267.6165774847686,-268.0,-450.16965688407726,183.0
566,05/03/2019,163.13,163.23,162.7,162.96,1417266,1662413,RX1 Comdty,Future,EUX,EUR,0.01,10,1000,162960,165.52,162.96,1.0638653456528986,567,0.002,,1.1308,,1.1308,1000,36,0.05405405405405406,-0.06999999999999318,0.004899999999999045,-2.5600000000000023,0.08333333333333333,-30.720000000000027,0.11443856220303396,0.3382876914743337,5.412603063589339,-5.675642503078403,30.0,-170.26927509235207,-20.0,614.4000000000005,243741.29468640249,1.6552000000000002,1655.2000000000003,1063.8653456528987,1203.0189328642978,125000.0,103.90526415272981,-207.81052830545963,-208.0,-267.6165774847686,60.0
567,06/03/2019,163.25,163.7,163.06,163.55,972541,1725324,RX1 Comdty,Future,EUX,EUR,0.01,10,1000,163550,166.11,163.55,1.1806059996090204,568,0.002,,1.1308,,1.1308,1000,36,0.05405405405405406,0.5900000000000034,0.348100000000004,-2.5600000000000023,0.08333333333333333,-30.720000000000027,0.12706891019205938,0.3564672638434831,5.7034762214957295,-5.386188844659327,30.0,-161.5856653397798,-20.0,408.0000000000041,244149.29468640249,1.6611000000000002,1661.1000000000001,1180.6059996090203,1335.0292643578803,125000.0,93.63090633082284,-187.26181266164568,-187.0,-207.81052830545963,21.0
568,07/03/2019,163.59,164.58,163.43,164.54,1047278,1721590,RX1 Comdty,Future,EUX,EUR,0.01,10,1000,164540,166.24,164.54,1.2011573366405908,569,0.002,,1.1308,,1.1308,1000,36,0.05405405405405406,0.12999999999999545,0.01689999999999882,-1.700000000000017,0.08333333333333333,-20.400000000000205,0.1211138339654615,0.34801412897389883,5.568226063582381,-3.6636443576566347,30.0,-109.90933072969904,-20.0,-477.6000000000022,243671.69468640248,1.6624,1662.4,1201.1573366405908,1358.26871627318,125000.0,92.02891777039171,-184.05783554078343,-184.0,-187.26181266164568,3.0
569,08/03/2019,164.44,164.74,164.31,164.39,804481,1689454,RX1 Comdty,Future,EUX,EUR,0.01,10,1000,164390,164.39,166.38,1.2043587505378905,570,0.002,,1.1308,,1.1308,1000,36,0.05405405405405406,-1.8500000000000227,3.4225000000000843,1.990000000000009,0.08333333333333333,23.88000000000011,0.2995671402376033,0.5473272697733992,8.757236316374387,2.726887700329497,30.0,81.80663100988491,20.0,484.80000000000246,244156.49468640247,1.6439,1643.8999999999999,1204.3587505378905,1361.8888751082466,125000.0,91.78428745889026,183.56857491778052,184.0,-184.05783554078343,368.0
570,11/03/2019,164.61,164.62,164.32,164.53,509730,1686966,RX1 Comdty,Future,EUX,EUR,0.01,10,1000,164530,164.53,166.55,1.2088441630431848,571,0.002,,1.1308,,1.1308,1000,36,0.05405405405405406,0.14000000000001478,0.01960000000000414,2.0200000000000102,0.08333333333333333,24.240000000000123,0.2844337813058412,0.533323336547203,8.533173384755248,2.840678245599176,30.0,85.22034736797528,20.0,489.6000000000049,244646.09468640247,1.6453,1645.3,1208.8441630431848,1366.9609795692334,125000.0,91.4437221458881,182.8874442917762,183.0,183.56857491778052,-1.0
571,12/03/2019,164.25,164.74,163.92,164.54,733723,1689019,RX1 Comdty,Future,EUX,EUR,0.01,10,1000,164540,164.54,166.58,1.2174481508455801,572,0.002,,1.1308,,1.1308,1000,36,0.05405405405405406,0.009999999999990905,9.99999999998181e-05,2.0400000000000205,0.08333333333333333,24.480000000000246,0.2690643877217416,0.5187141676508765,8.299426682414024,2.949601332327191,30.0,88.48803996981573,20.0,489.5999999999981,245135.69468640248,1.6454,1645.3999999999999,1217.4481508455801,1376.690368976182,125000.0,90.79746820119043,181.59493640238085,182.0,182.8874442917762,-1.0
572,13/03/2019,164.56,164.68,164.18,164.47,459077,1693136,RX1 Comdty,Future,EUX,EUR,0.01,10,1000,164470,164.47,166.51,1.2203514377327285,573,0.002,,1.1308,,1.1308,1000,36,0.05405405405405406,-0.06999999999999318,0.004899999999999045,2.039999999999992,0.08333333333333333,24.479999999999905,0.25478523162867445,0.5047625497485668,8.07620079597707,3.0311282022846586,30.0,90.93384606853976,20.0,487.2000000000003,245622.8946864025,1.6447,1644.7,1220.3514377327285,1379.9734057881694,125000.0,90.58145575537846,181.1629115107569,181.0,181.59493640238085,-0.0
573,14/03/2019,164.21,164.45,164.07,164.13,542776,1720807,RX1 Comdty,Future,EUX,EUR,0.01,10,1000,164130,164.13,166.16,1.209834264420509,574,0.002,,1.1308,,1.1308,1000,36,0.05405405405405406,-0.3400000000000034,0.11560000000000233,2.030000000000001,0.08333333333333333,24.360000000000014,0.24726170559469215,0.4972541659902832,7.956066655844531,3.061814468598644,30.0,91.85443405795932,20.0,492.00000000000273,246114.8946864025,1.6413,1641.3,1209.8342644205088,1368.0805862067114,125000.0,91.36888664328507,182.73777328657013,183.0,181.1629115107569,2.0
574,15/03/2019,164.22,164.45,163.94,164.14,560005,1723895,RX1 Comdty,Future,EUX,EUR,0.01,10,1000,164140,164.14,166.19,1.1904969108462382,575,0.002,,1.1308,,1.1308,1000,36,0.05405405405405406,0.009999999999990905,9.99999999998181e-05,2.0500000000000114,0.08333333333333333,24.600000000000136,0.23390161340038446,0.4836337595747266,7.7381401531956255,3.179058470508712,30.0,95.37175411526135,20.0,491.9999999999959,246606.8946864025,1.6414,1641.3999999999999,1190.4969108462383,1346.2139067849262,125000.0,92.85300008416141,185.70600016832282,186.0,182.73777328657013,3.0
575,18/03/2019,164.22,164.36,163.96,164.27,454397,1719576,RX1 Comdty,Future,EUX,EUR,0.01,10,1000,164270,164.27,166.32,1.161523953577592,576,0.002,,1.1308,,1.1308,1000,36,0.05405405405405406,0.13000000000002387,0.01690000000000621,2.049999999999983,0.08333333333333333,24.599999999999795,0.22217179645982346,0.47135103315875254,7.541616530540041,3.2619001377730137,30.0,97.85700413319042,20.0,487.2000000000003,247094.0946864025,1.6427,1642.7,1161.523953577592,1313.4512867055412,125000.0,95.1691176256188,190.3382352512376,190.0,185.70600016832282,5.0
576,19/03/2019,164.22,164.35,163.63,163.96,727885,1722992,RX1 Comdty,Future,EUX,EUR,0.01,10,1000,163960,163.96,165.99,1.127759772851,577,0.002,,1.1308,,1.1308,1000,36,0.05405405405405406,-0.3100000000000023,0.0961000000000014,2.030000000000001,0.08333333333333333,24.360000000000014,0.21535710475929254,0.4640658409744166,7.425053455590666,3.2807844611082557,30.0,98.42353383324767,20.0,489.5999999999981,247583.6946864025,1.6396000000000002,1639.6000000000001,1127.759772851,1275.2707511399108,125000.0,98.01840110287777,196.03680220575555,196.0,190.3382352512376,6.0
577,20/03/2019,163.89,164.53,163.84,164.25,566585,1705212,RX1 Comdty,Future,EUX,EUR,0.01,10,1000,164250,164.25,166.29,1.0618657859476848,578,0.002,,1.1308,,1.1308,1000,36,0.05405405405405406,0.28999999999999204,0.08409999999999539,2.039999999999992,0.08333333333333333,24.479999999999905,0.20826212612365486,0.45635745433120173,7.301719269299228,3.3526350571882966,30.0,100.5790517156489,20.0,506.4000000000033,248090.0946864025,1.6425,1642.5,1061.8657859476848,1200.757830749642,125000.0,104.10092426543792,208.20184853087585,208.0,196.03680220575555,12.0
578,21/03/2019,164.39,164.93,164.32,164.85,725539,1721804,RX1 Comdty,Future,EUX,EUR,0.01,10,1000,164850,164.85,166.96,1.0140144294613451,579,0.002,,1.1308,,1.1308,1000,36,0.05405405405405406,0.5999999999999943,0.35999999999999316,2.1100000000000136,0.08333333333333333,25.320000000000164,0.21646417336021367,0.4652571045779029,7.444113673246447,3.401345158255473,30.0,102.04035474766418,20.0,527.9999999999973,248618.0946864025,1.6485,1648.5,1014.0144294613451,1146.647516834889,125000.0,109.01344847895338,218.02689695790679,218.0,208.20184853087585,10.0
579,22/03/2019,164.65,165.86,164.62,165.74,1010742,1698679,RX1 Comdty,Future,EUX,EUR,0.01,10,1000,165740,165.74,167.94,0.9407533375456183,580,0.002,,1.1308,,1.1308,1000,36,0.05405405405405406,0.8900000000000148,0.7921000000000263,2.1999999999999886,0.08333333333333333,26.399999999999864,0.2475796234488522,0.49757373669522814,7.96117978712365,3.3160914218642588,30.0,99.48274265592777,20.0,525.5999999999995,249143.6946864025,1.6574000000000002,1657.4000000000003,940.7533375456183,1063.803874096585,125000.0,117.50286217575005,235.0057243515001,235.0,218.02689695790679,17.0
580,25/03/2019,165.58,165.97,165.34,165.66,623210,1690653,RX1 Comdty,Future,EUX,EUR,0.01,10,1000,165660,165.66,167.85,0.8792730250778568,581,0.002,,1.1308,,1.1308,1000,36,0.05405405405405406,-0.0800000000000125,0.006400000000002001,2.1899999999999977,0.08333333333333333,26.279999999999973,0.23454288704621165,0.4842962802316487,7.74874048370638,3.3915189255931457,30.0,101.74556776779437,20.0,,,1.6566,1656.6000000000001,879.2730250778568,994.2819367580405,125000.0,125.71886844045008,251.43773688090013,251.0,235.0057243515001,16.0
