Date,PX_CLOSE_1D,ema_fast,ema_slow,raw_cross,std_dev,vol_adj_crossover,forecast_uncapped,capped_forecast,daily_return,forecast*returns,cumulative_performance,forecast_scalar,turnover,signal_sharpe,net_sharpe,max_payable_cost,standard_cost,status
02/01/2017,164.47,164.47,164.47,0.0,0.0,,,,,,0.0,3.75,16.687607999597432,-1.4006018348453253,-1.403403038515016,0.007790211754922341,0.002,Good_trade
03/01/2017,163.21,164.32176470588234,164.43123076923078,-0.10946606334843523,0.2929440496344225,-0.3736756677087063,-1.4012837539076486,-1.4012837539076486,-0.007660971605763955,0.00017171542845522406,0.00017171542845522406,3.75,16.687607999597432,-1.4006018348453253,-1.403403038515016,0.007790211754922341,0.002,Good_trade
04/01/2017,163.19,164.188615916955,164.39303905325445,-0.20442313629945374,0.2849545989237074,-0.7173884438839507,-2.690206664564815,-2.690206664564815,-0.00012254151093693544,-0.005769791853653322,-0.0055980764251980985,3.75,16.687607999597432,-1.4006018348453253,-1.403403038515016,0.007790211754922341,0.002,Good_trade
05/01/2017,163.54,164.11230816201913,164.3667916977697,-0.25448353575058036,0.2888452929535199,-0.8810375033237293,-3.303890637463985,-3.303890637463985,0.00214473926098413,0.01414163780252395,0.008543561377325853,3.75,16.687607999597432,-1.4006018348453253,-1.403403038515016,0.007790211754922341,0.002,Good_trade
06/01/2017,162.84,163.9626248488404,164.31981349168447,-0.35718864284407914,0.32466640318237733,-1.1001712506835295,-4.125642190063235,-4.125642190063235,-0.0042802983979454146,-0.00278691132956869,0.005756650047757163,3.75,16.687607999597432,-1.4006018348453253,-1.403403038515016,0.007790211754922341,0.002,Good_trade
09/01/2017,162.95,163.8434925136827,164.27766538424802,-0.4341728705653338,0.3168036977431601,-1.370479175774418,-5.1392969091540674,-5.1392969091540674,0.0006755097027757451,-0.0053616475885625275,0.00039500245919463564,3.75,16.687607999597432,-1.4006018348453253,-1.403403038515016,0.007790211754922341,0.002,Good_trade
10/01/2017,163.12,163.75837574736707,164.24204491088653,-0.48366916351946543,0.3106471188929823,-1.5569729577504599,-5.838648591564224,-5.838648591564224,0.001043264805155042,-0.012885688407080311,-0.012490685947885676,3.75,16.687607999597432,-1.4006018348453253,-1.403403038515016,0.007790211754922341,0.002,Good_trade
11/01/2017,163.48,163.7256256594415,164.21859737516695,-0.49297171572544585,0.3135135298894224,-1.5724097007849045,-5.8965363779433915,-5.8965363779433915,0.002206964198136152,-0.014788230456060262,-0.02727891640394594,3.75,16.687607999597432,-1.4006018348453253,-1.403403038515016,0.007790211754922341,0.002,Good_trade
12/01/2017,163.89,163.74496381715426,164.20848668670027,-0.4635228695460114,0.3194748930553282,-1.4508898183299064,-5.440836818737149,-5.440836818737149,0.0025079520430633107,0.015935088614276702,-0.011343827789669237,3.75,16.687607999597432,-1.4006018348453253,-1.403403038515016,0.007790211754922341,0.002,Good_trade
13/01/2017,163.41,163.70555630925375,164.18391786557103,-0.4783615563172816,0.3301534145950673,-1.4489068874359254,-5.433400827884721,-5.433400827884721,-0.002928793703093513,-0.005652519067012454,-0.01699634685668169,3.75,16.687607999597432,-1.4006018348453253,-1.403403038515016,0.007790211754922341,0.002,Good_trade
16/01/2017,163.58,163.6907849787533,164.16533577739963,-0.47455079864633376,0.3235297179594211,-1.4667919894328056,-5.500469960373021,-5.500469960373021,0.0010403280093018719,-0.010760180873697227,-0.027756527730378917,3.75,16.687607999597432,-1.4006018348453253,-1.403403038515016,0.007790211754922341,0.002,Good_trade
17/01/2017,163.9,163.71539851066467,164.15717159963347,-0.44177308896880163,0.32333990750683594,-1.3662807426870494,-5.123552785076435,-5.123552785076435,0.001956229367893414,0.015004913586557278,-0.012751614143821638,3.75,16.687607999597432,-1.4006018348453253,-1.403403038515016,0.007790211754922341,0.002,Good_trade
18/01/2017,163.42,163.68064574470412,164.13448939656783,-0.453843651863707,0.33369367537797046,-1.3600606944367293,-5.100227604137735,-5.100227604137735,-0.0029286150091519803,0.012171636064213029,-0.0005799780796086097,3.75,16.687607999597432,-1.4006018348453253,-1.403403038515016,0.007790211754922341,0.002,Good_trade
19/01/2017,163.03,163.60409918650365,164.10050510744267,-0.4964059209390257,0.3369778810029581,-1.4731112898613903,-5.524167336980214,-5.524167336980214,-0.0023864888018602093,0.025074426972737825,0.024494448893129215,3.75,16.687607999597432,-1.4006018348453253,-1.403403038515016,0.007790211754922341,0.002,Good_trade
20/01/2017,162.29,163.4494992822091,164.0447972579829,-0.5952979757738035,0.37015676846817064,-1.6082320424325633,-6.030870159122113,-6.030870159122113,-0.004539041894130014,-0.031215299363254175,-0.00672085047012496,3.75,16.687607999597432,-1.4006018348453253,-1.403403038515016,0.007790211754922341,0.002,Good_trade
23/01/2017,163.13,163.41191113136097,164.01664965004497,-0.6047385186840017,0.4095733166554695,-1.4765085861115899,-5.536907197918462,-5.536907197918462,0.005175919650009186,0.01255842373094974,0.005837573260824781,3.75,16.687607999597432,-1.4006018348453253,-1.403403038515016,0.007790211754922341,0.002,Good_trade
24/01/2017,162.76,163.33521570414203,163.97798350696667,-0.6427678028246362,0.4075324745828391,-1.5772186093454028,-5.914569785045261,-5.914569785045261,-0.002268129712499234,0.03633920978769526,0.042176783048520045,3.75,16.687607999597432,-1.4006018348453253,-1.403403038515016,0.007790211754922341,0.002,Good_trade
25/01/2017,161.76,163.14989620953708,163.90973786059845,-0.7598416510613788,0.4595207587107679,-1.6535523948758954,-6.200821480784608,-6.200821480784608,-0.0061440157286802854,0.012650043822074613,0.05482682687059466,3.75,16.687607999597432,-1.4006018348453253,-1.403403038515016,0.007790211754922341,0.002,Good_trade
26/01/2017,161.43,162.9475554790033,163.8334382341185,-0.8858827551151762,0.4534664226377103,-1.9535796056567962,-7.325923521212986,-7.325923521212986,-0.002040059347180878,-0.019060198717149805,0.035766628153444856,3.75,16.687607999597432,-1.4006018348453253,-1.403403038515016,0.007790211754922341,0.002,Good_trade
27/01/2017,161.85,162.81843130500292,163.77240936537638,-0.9539780603734584,0.4517208201465862,-2.1118753394273186,-7.919532522852445,-7.919532522852445,0.0026017468871957217,-0.010764888199120302,0.025001739954324552,3.75,16.687607999597432,-1.4006018348453253,-1.403403038515016,0.007790211754922341,0.002,Good_trade
30/01/2017,162.07,162.73038056323787,163.7200275387494,-0.9896469755115334,0.44230995239020243,-2.2374512944227725,-8.390442354085398,-8.390442354085398,0.001359283286994195,-0.003106229044519285,0.021895510909805266,3.75,16.687607999597432,-1.4006018348453253,-1.403403038515016,0.007790211754922341,0.002,Good_trade
31/01/2017,162.13,162.6597475557981,163.6711036144802,-1.0113560586820824,0.43041567870002795,-2.3497193729946177,-8.811447648729816,-8.811447648729816,0.0003702104029124076,0.028260980554735547,0.05015649146454081,3.75,16.687607999597432,-1.4006018348453253,-1.403403038515016,0.007790211754922341,0.002,Good_trade
01/02/2017,161.61,162.53624784335125,163.60768504172694,-1.0714371983756905,0.4357292109902899,-2.4589519622533804,-9.221069858450177,-9.221069858450177,-0.003207302781718213,-0.043363734251729666,0.006792757212811147,3.75,16.687607999597432,-1.4006018348453253,-1.403403038515016,0.007790211754922341,0.002,Good_trade
02/02/2017,162.37,162.5166892735452,163.56960242505843,-1.0529131515132235,0.45915015755778965,-2.2931782428511998,-8.599418410692,-8.599418410692,0.004702679289647849,-0.006355424088705072,0.00043733312410607506,3.75,16.687607999597432,-1.4006018348453253,-1.403403038515016,0.007790211754922341,0.002,Good_trade
03/02/2017,162.49,162.51354935901048,163.53638388890278,-1.0228345298922932,0.4474389691581082,-2.2859755193358264,-8.572408197509349,-8.572408197509349,0.0007390527806860892,-0.03692956943969753,-0.03649223631559145,3.75,16.687607999597432,-1.4006018348453253,-1.403403038515016,0.007790211754922341,0.002,Good_trade
06/02/2017,163.19,162.59313178736218,163.5257259230904,-0.932594135728209,0.46461425701049813,-2.0072439053611237,-7.5271646451042145,-7.5271646451042145,0.0043079574127637965,-0.008763780149333674,-0.04525601646492513,3.75,16.687607999597432,-1.4006018348453253,-1.403403038515016,0.007790211754922341,0.002,Good_trade
07/02/2017,163.38,162.68570451826074,163.52124204853376,-0.8355375302730295,0.45403667769482164,-1.8402423665751328,-6.900908874656748,-6.900908874656748,0.001164287027391353,-0.035480251283582606,-0.08073626774850773,3.75,16.687607999597432,-1.4006018348453253,-1.403403038515016,0.007790211754922341,0.002,Good_trade
08/02/2017,164.22,162.8662098690536,163.54274229319427,-0.6765324241406745,0.4828526064687411,-1.4011158168708608,-5.254184313265728,-5.254184313265728,0.005141388174807249,-0.00031994789387756545,-0.0810562156423853,3.75,16.687607999597432,-1.4006018348453253,-1.403403038515016,0.007790211754922341,0.002,Good_trade
09/02/2017,164.23,163.02665576681198,163.5638886841729,-0.5372329173609103,0.4696270051019499,-1.1439566113628497,-4.289837292610686,-4.289837292610686,6.089392278640915e-05,0.00835869167408746,-0.07269752396829784,3.75,16.687607999597432,-1.4006018348453253,-1.403403038515016,0.007790211754922341,0.002,Good_trade
10/02/2017,163.91,163.13057861777529,163.5745382631214,-0.4439596453461263,0.4627775525763309,-0.9593370354170306,-3.597513882813865,-3.597513882813865,-0.0019484868781586284,0.003292215742920322,-0.06940530822537752,3.75,16.687607999597432,-1.4006018348453253,-1.403403038515016,0.007790211754922341,0.002,Good_trade
13/02/2017,163.76,163.20462819215464,163.58024477810227,-0.3756165859476255,0.45144534286208005,-0.83203114593294,-3.1201167972485253,-3.1201167972485253,-0.0009151363553169256,0.006478014845288807,-0.06292729338008872,3.75,16.687607999597432,-1.4006018348453253,-1.403403038515016,0.007790211754922341,0.002,Good_trade
14/02/2017,163.42,163.22996605190116,163.57531416954527,-0.34534811764410733,0.44613358245900575,-0.7740912839168314,-2.9028423146881175,-2.9028423146881175,-0.002076209086467995,0.0021315694392515542,-0.06079572394083717,3.75,16.687607999597432,-1.4006018348453253,-1.403403038515016,0.007790211754922341,0.002,Good_trade
15/02/2017,163.3,163.23820533991278,163.5668429643285,-0.32863762441570543,0.43480443161792515,-0.7558285990619538,-2.834357246482327,-2.834357246482327,-0.0007343042467260474,-0.009372644905697603,-0.07016836884653477,3.75,16.687607999597432,-1.4006018348453253,-1.403403038515016,0.007790211754922341,0.002,Good_trade
16/02/2017,163.84,163.30900471168775,163.5752477961953,-0.2662430845075505,0.44113248856840587,-0.6035444937904739,-2.263291851714277,-2.263291851714277,0.003306797305572484,-0.00815028193671523,-0.07831865078325,3.75,16.687607999597432,-1.4006018348453253,-1.403403038515016,0.007790211754922341,0.002,Good_trade
17/02/2017,164.43,163.4408865103127,163.60154786400466,-0.16066135369194967,0.45043899117354824,-0.3566772789215509,-1.3375397959558157,-1.3375397959558157,0.00360107421875,-0.001220160368505561,-0.07953881115175555,3.75,16.687607999597432,-1.4006018348453253,-1.403403038515016,0.007790211754922341,0.002,Good_trade
20/02/2017,164.58,163.57489986204064,163.63165408357375,-0.056754221533111604,0.43948172691867404,-0.12913897906752778,-0.4842711715032292,-0.4842711715032292,0.0009122422915526229,0.0005002193410837278,-0.07903859181067183,3.75,16.687607999597432,-1.4006018348453253,-1.403403038515016,0.007790211754922341,0.002,Good_trade
21/02/2017,164.41,163.67314693709469,163.65560318869456,0.01754374840012929,0.42926230216877354,0.04086952968264983,0.15326073630993686,0.15326073630993686,-0.001032932312553303,0.000540668007175746,-0.07849792380349609,3.75,16.687607999597432,-1.4006018348453253,-1.403403038515016,0.007790211754922341,0.002,Good_trade
22/02/2017,164.99,163.82807082684823,163.69666155211934,0.1314092747288953,0.4387363408888929,0.29951764301688844,1.1231911613133316,1.1231911613133316,0.0035277659509762582,0.004424960633090744,-0.07407296317040535,3.75,16.687607999597432,-1.4006018348453253,-1.403403038515016,0.007790211754922341,0.002,Good_trade
23/02/2017,165.64,164.04123896486607,163.75645658128488,0.284782383581188,0.45268374464335026,0.6290978789299263,2.3591170459872237,2.3591170459872237,0.003939632705012297,0.008118188337435436,-0.06595477483296991,3.75,16.687607999597432,-1.4006018348453253,-1.403403038515016,0.007790211754922341,0.002,Good_trade
24/02/2017,166.21,164.29638732194064,163.83195022493766,0.4644370970029854,0.4597910819130751,1.010104622017851,3.787892332566941,3.787892332566941,0.003441197778314642,-0.0029626737454646604,-0.06891744857843457,3.75,16.687607999597432,-1.4006018348453253,-1.403403038515016,0.007790211754922341,0.002,Good_trade
27/02/2017,166.08,164.50622410759468,163.90112098724728,0.605103120347394,0.44821189382164495,1.3500380705831516,5.062642764686818,5.062642764686818,-0.0007821430720172939,-0.0009144947190548135,-0.06983194329748939,3.75,16.687607999597432,-1.4006018348453253,-1.403403038515016,0.007790211754922341,0.002,Good_trade
28/02/2017,166.05,164.68784480081882,163.96724034148585,0.720604459332975,0.4359855738287645,1.6528172090758122,6.1980645340342955,6.1980645340342955,-0.00018063583815031148,-0.04180567466497096,-0.11163761796246036,3.75,16.687607999597432,-1.4006018348453253,-1.403403038515016,0.007790211754922341,0.002,Good_trade
01/03/2017,164.93,164.7163336477813,163.99686371559397,0.7194699321873372,0.49760832639840824,1.4458558951268359,5.421959606725634,5.421959606725634,-0.00674495633845229,-0.010519778537271176,-0.12215739649973154,3.75,16.687607999597432,-1.4006018348453253,-1.403403038515016,0.007790211754922341,0.002,Good_trade
02/03/2017,164.61,164.70382380686587,164.01572944742185,0.6880943594440225,0.4896576748934405,1.4052559466034427,5.26970979976291,5.26970979976291,-0.0019402170617837111,-0.12485188153256417,-0.24700927803229572,3.75,16.687607999597432,-1.4006018348453253,-1.403403038515016,0.007790211754922341,0.002,Good_trade
03/03/2017,160.71,164.2339621825287,163.9140146951935,0.31994748733521305,1.024190680493652,0.3123905474134961,1.1714645528006102,1.1714645528006102,-0.023692363768908375,0.0012391822162659766,-0.24577009581602974,3.75,16.687607999597432,-1.4006018348453253,-1.403403038515016,0.007790211754922341,0.002,Good_trade
06/03/2017,160.88,163.83937839634885,163.82066039687984,0.0187179994690041,0.9969091320562141,0.01877603370970888,0.0704101264114083,0.0704101264114083,0.00105780598593741,0.00018381559605167542,-0.24558628021997805,3.75,16.687607999597432,-1.4006018348453253,-1.403403038515016,0.007790211754922341,0.002,Good_trade
07/03/2017,161.3,163.5406279967784,163.74310161543738,-0.20247361865898483,0.9744960390583823,-0.20777264405777085,-0.7791474152166407,-0.7791474152166407,0.0026106414719047066,0.0038643393191154763,-0.24172194090086258,3.75,16.687607999597432,-1.4006018348453253,-1.403403038515016,0.007790211754922341,0.002,Good_trade
08/03/2017,160.5,163.18290705598093,163.64331387342395,-0.46040681744301537,0.9658701238152207,-0.4766757000665807,-1.7875338752496777,-1.7875338752496777,-0.004959702417855039,0.005680014183036228,-0.23604192671782634,3.75,16.687607999597432,-1.4006018348453253,-1.403403038515016,0.007790211754922341,0.002,Good_trade
09/03/2017,159.99,162.80727093174787,163.53090421578014,-0.7236332840322746,0.946856511329748,-0.7642480939546132,-2.8659303523297996,-2.8659303523297996,-0.003177570093457871,0.01755492059055724,-0.2184870061272691,3.75,16.687607999597432,-1.4006018348453253,-1.403403038515016,0.007790211754922341,0.002,Good_trade
10/03/2017,159.01,162.36053317507165,163.39179947067922,-1.0312662956075656,0.9486776551723729,-1.0870565886999695,-4.0764622076248855,-4.0764622076248855,-0.006125382836427384,-0.0046145726518616,-0.2231015787791307,3.75,16.687607999597432,-1.4006018348453253,-1.403403038515016,0.007790211754922341,0.002,Good_trade
13/03/2017,159.19,161.98752927212203,163.26251333311984,-1.2749840609978094,0.9236301071640787,-1.3804054795404306,-5.176520548276614,-5.176520548276614,0.001132004276460652,-0.012031613812817067,-0.23513319259194776,3.75,16.687607999597432,-1.4006018348453253,-1.403403038515016,0.007790211754922341,0.002,Good_trade
14/03/2017,159.56,161.70193759304885,163.14858984594693,-1.446652252898076,0.902429754997771,-1.6030635568988407,-6.011488338370652,-6.011488338370652,0.0023242665996607847,-0.019967967030185278,-0.25510115962213303,3.75,16.687607999597432,-1.4006018348453253,-1.403403038515016,0.007790211754922341,0.002,Good_trade
15/03/2017,160.09,161.51229787621958,163.05447938914855,-1.5421815129289769,0.8863084874870234,-1.7400053533297075,-6.525020074986403,-6.525020074986403,0.0033216344948607812,0.015080626071241273,-0.24002053355089176,3.75,16.687607999597432,-1.4006018348453253,-1.403403038515016,0.007790211754922341,0.002,Good_trade
16/03/2017,159.72,161.30143930254667,162.9518800233286,-1.650440720781944,0.8663030448593225,-1.9051540111462453,-7.14432754179842,-7.14432754179842,-0.0023111999500281533,-0.004473032520535102,-0.24449356607142686,3.75,16.687607999597432,-1.4006018348453253,-1.403403038515016,0.007790211754922341,0.002,Good_trade
17/03/2017,159.82,161.12715232577648,162.85551448414927,-1.7283621583727893,0.842884907561904,-2.050531624029409,-7.689493590110283,-7.689493590110283,0.0006260956674180029,0.001924538503343346,-0.24256902756808352,3.75,16.687607999597432,-1.4006018348453253,-1.403403038515016,0.007790211754922341,0.002,Good_trade
20/03/2017,159.78,160.96866381686158,162.76088326925236,-1.792219452390782,0.819840522706429,-2.186058633055084,-8.197719873956565,-8.197719873956565,-0.00025028156676254465,0.011287384981039466,-0.23128164258704406,3.75,16.687607999597432,-1.4006018348453253,-1.403403038515016,0.007790211754922341,0.002,Good_trade
21/03/2017,159.56,160.80293866193668,162.66239455327536,-1.8594558913386834,0.7990136976383003,-2.3271890041870433,-8.726958765701413,-8.726958765701413,-0.0013768932281887913,-0.03500409632770667,-0.2662857389147507,3.75,16.687607999597432,-1.4006018348453253,-1.403403038515016,0.007790211754922341,0.002,Good_trade
22/03/2017,160.2,160.73200470170883,162.58662856702074,-1.8546238653119076,0.7912357955768184,-2.343958495911916,-8.789844359669686,-8.789844359669686,0.004011030333416876,0.009327550194405178,-0.25695818872034554,3.75,16.687607999597432,-1.4006018348453253,-1.403403038515016,0.007790211754922341,0.002,Good_trade
23/03/2017,160.03,160.6494159132725,162.50796307265088,-1.8585471593783893,0.770568287081698,-2.4119175296158284,-9.044690736059357,-9.044690736059357,-0.0010611735330835481,-0.010738556769675823,-0.26769674549002137,3.75,16.687607999597432,-1.4006018348453253,-1.403403038515016,0.007790211754922341,0.002,Good_trade
24/03/2017,160.22,160.59889639406396,162.437564208877,-1.83866781481305,0.7507535309555213,-2.449096459756754,-9.184111724087828,-9.184111724087828,0.001187277385490182,-0.002292875227583324,-0.2699896207176047,3.75,16.687607999597432,-1.4006018348453253,-1.403403038515016,0.007790211754922341,0.002,Good_trade
27/03/2017,160.26,160.55902623005642,162.37056223321923,-1.8115360031628143,0.7302402464438599,-2.480739745562741,-9.302774045860279,-9.302774045860279,0.00024965672200716327,-0.019736323322054224,-0.2897259440396589,3.75,16.687607999597432,-1.4006018348453253,-1.403403038515016,0.007790211754922341,0.002,Good_trade
28/03/2017,160.6,160.5638466735792,162.31608339527403,-1.7522367216948282,0.7146153494433898,-2.4519998388778474,-9.194999395791928,-9.194999395791928,0.002121552477224453,-0.03148972395819268,-0.32121566799785156,3.75,16.687607999597432,-1.4006018348453253,-1.403403038515016,0.007790211754922341,0.002,Good_trade
29/03/2017,161.15,160.63280588845225,162.2802039061887,-1.6473980177364353,0.706698230985809,-2.331119487080641,-8.741698076552403,-8.741698076552403,0.0034246575342467,-0.01573125933726509,-0.33694692733511666,3.75,16.687607999597432,-1.4006018348453253,-1.403403038515016,0.007790211754922341,0.002,Good_trade
30/03/2017,161.44,160.72776990157553,162.25435147830595,-1.5265815767304218,0.6906319792602515,-2.210412524432435,-8.289046966621632,-8.289046966621632,0.0017995656220912704,0.0010268888709891713,-0.3359200384641275,3.75,16.687607999597432,-1.4006018348453253,-1.403403038515016,0.007790211754922341,0.002,Good_trade
31/03/2017,161.42,160.8092087366843,162.22867912512731,-1.4194703884430169,0.6717230481661612,-2.1131780312112927,-7.924417617042348,-7.924417617042348,-0.00012388503468785395,-0.032891585946093344,-0.36881162441022086,3.75,16.687607999597432,-1.4006018348453253,-1.403403038515016,0.007790211754922341,0.002,Good_trade
03/04/2017,162.09,160.95989006178024,162.2244120751234,-1.2645220133431678,0.6716300234407012,-1.8827657627113412,-7.06037161016753,-7.06037161016753,0.0041506628670548995,-0.019165670358898112,-0.38797729476911896,3.75,16.687607999597432,-1.4006018348453253,-1.403403038515016,0.007790211754922341,0.002,Good_trade
04/04/2017,162.53,161.1446088780414,162.23381478050422,-1.0892059024628225,0.6611873245940806,-1.6473484320521619,-6.177556620195607,-6.177556620195607,0.00271454130421378,0.004941133086970903,-0.38303616168214805,3.75,16.687607999597432,-1.4006018348453253,-1.403403038515016,0.007790211754922341,0.002,Good_trade
05/04/2017,162.4,161.29230195121298,162.2389281718733,-0.9466262206603346,0.6437790400090855,-1.4704210013531587,-5.514078755074345,-5.514078755074345,-0.0007998523349534992,0.0003395368691556885,-0.3826966248129924,3.75,16.687607999597432,-1.4006018348453253,-1.403403038515016,0.007790211754922341,0.002,Good_trade
06/04/2017,162.39,161.42144289812907,162.24357653581566,-0.8221336376865906,0.626142217512959,-1.3130142237527298,-4.9238033390727365,-4.9238033390727365,-6.15763546799597e-05,-0.01394759243779477,-0.39664421725078713,3.75,16.687607999597432,-1.4006018348453253,-1.403403038515016,0.007790211754922341,0.002,Good_trade
07/04/2017,162.85,161.58950843952564,162.26223571932903,-0.6727272798033823,0.6183039722853375,-1.0880203103287347,-4.080076163732755,-4.080076163732755,0.002832686741794488,-0.0035075877367061305,-0.40015180498749325,3.75,16.687607999597432,-1.4006018348453253,-1.403403038515016,0.007790211754922341,0.002,Good_trade
10/04/2017,162.99,161.75427215252265,162.2846284664266,-0.5303563139039511,0.6022411538855099,-0.8806377818623391,-3.3023916819837718,-3.3023916819837718,0.0008596868283696768,-0.0044574892326920725,-0.4046092942201853,3.75,16.687607999597432,-1.4006018348453253,-1.403403038515016,0.007790211754922341,0.002,Good_trade
11/04/2017,163.21,161.92553425222587,162.3131014366904,-0.38756718446452965,0.5879672784645938,-0.6591645464975788,-2.4718670493659207,-2.4718670493659207,0.0013497760598810693,-0.0006058126461284997,-0.40521510686631385,3.75,16.687607999597432,-1.4006018348453253,-1.403403038515016,0.007790211754922341,0.002,Good_trade
12/04/2017,163.25,162.081353751964,162.34192908479224,-0.26057533282823897,0.5719311340862815,-0.45560613384780096,-1.7085230019292537,-1.7085230019292537,0.00024508302187364883,-0.0,-0.40521510686631385,3.75,16.687607999597432,-1.4006018348453253,-1.403403038515016,0.007790211754922341,0.002,Good_trade
13/04/2017,163.25,162.2188415458506,162.3698697283371,-0.15102818248649896,0.5562588055738547,-0.2715070412785527,-1.0181514047945726,-1.0181514047945726,0.0,-0.0,-0.40521510686631385,3.75,16.687607999597432,-1.4006018348453253,-1.403403038515016,0.007790211754922341,0.002,Good_trade
14/04/2017,163.25,162.34015430516232,162.3969506597729,-0.056796354610582966,0.5410159376491852,-0.10498092691570914,-0.39367847593390926,-0.39367847593390926,0.0,-0.0006993369557172241,-0.40591444382203107,3.75,16.687607999597432,-1.4006018348453253,-1.403403038515016,0.007790211754922341,0.002,Good_trade
17/04/2017,163.54,162.48131262220204,162.43212140870298,0.049191213499057085,0.5304928500846587,0.09272738264277625,0.34772768491041095,0.34772768491041095,0.0017764165390505848,0.000297675650528714,-0.40561676817150233,3.75,16.687607999597432,-1.4006018348453253,-1.403403038515016,0.007790211754922341,0.002,Good_trade
18/04/2017,163.68,162.62233466664884,162.47051767305058,0.15181699359825984,0.5169817091145503,0.293660280280092,1.101226051050345,1.101226051050345,0.0008560596795892383,-0.0028930058770262586,-0.40850977404852856,3.75,16.687607999597432,-1.4006018348453253,-1.403403038515016,0.007790211754922341,0.002,Good_trade
19/04/2017,163.25,162.6961776470431,162.49450174464903,0.20167590239407218,0.5126574396160172,0.39339310582350734,1.4752241468381526,1.4752241468381526,-0.0026270772238514706,-0.004608663490887946,-0.4131184375394165,3.75,16.687607999597432,-1.4006018348453253,-1.403403038515016,0.007790211754922341,0.002,Good_trade
20/04/2017,162.74,162.7013332179792,162.50205553712135,0.19927768085784692,0.51251414650951,0.38882376655363055,1.4580891245761145,1.4580891245761145,-0.003124042879019906,0.0,-0.4131184375394165,3.75,16.687607999597432,-1.4006018348453253,-1.403403038515016,0.007790211754922341,0.002,Good_trade
21/04/2017,162.74,162.70588225115813,162.5093769052099,0.19650534594822489,0.49846999050426727,0.3942170034136542,1.478313762801203,1.478313762801203,0.0,-0.012626619947730695,-0.4257450574871472,3.75,16.687607999597432,-1.4006018348453253,-1.403403038515016,0.007790211754922341,0.002,Good_trade
24/04/2017,161.35,162.54636669219832,162.473703769665,0.0726629225333113,0.5826484638587238,0.12471142900143312,0.4676678587553742,0.4676678587553742,-0.008541231412068417,-0.0010724332676758153,-0.426817490754823,3.75,16.687607999597432,-1.4006018348453253,-1.403403038515016,0.007790211754922341,0.002,Good_trade
25/04/2017,160.98,162.36208825782205,162.42774365367532,-0.06565539585326974,0.5731744966906293,-0.11454695949025662,-0.4295510980884623,-0.4295510980884623,-0.0022931515339325026,-0.00077382170732801,-0.42759131246215104,3.75,16.687607999597432,-1.4006018348453253,-1.403403038515016,0.007790211754922341,0.002,Good_trade
26/04/2017,161.27,162.23360728631357,162.3921207720238,-0.15851348571021617,0.5615306092106883,-0.2822882370259915,-1.0585808888474681,-1.0585808888474681,0.0018014660206238098,-0.004857381148056686,-0.4324486936102077,3.75,16.687607999597432,-1.4006018348453253,-1.403403038515016,0.007790211754922341,0.002,Good_trade
27/04/2017,162.01,162.20730054674726,162.38036320980768,-0.17306266306042062,0.5726015046996301,-0.30223927398025996,-1.1333972774259748,-1.1333972774259748,0.004588578160848122,-0.0,-0.4324486936102077,3.75,16.687607999597432,-1.4006018348453253,-1.403403038515016,0.007790211754922341,0.002,Good_trade
28/04/2017,162.01,162.18408871771817,162.36896741873667,-0.1848787010185049,0.556910806373337,-0.3319718326574678,-1.2448943724655044,-1.2448943724655044,0.0,0.001767333532911845,-0.43068136007729585,3.75,16.687607999597432,-1.4006018348453253,-1.403403038515016,0.007790211754922341,0.002,Good_trade
01/05/2017,161.78,162.13654886857483,162.350845344314,-0.214296475739161,0.5442832534364112,-0.3937223392161511,-1.4764587720605666,-1.4764587720605666,-0.001419665452749741,0.0008213703145349346,-0.4298599897627609,3.75,16.687607999597432,-1.4006018348453253,-1.403403038515016,0.007790211754922341,0.002,Good_trade
02/05/2017,161.69,162.08401370756604,162.33051164141202,-0.24649793384597274,0.529781931144758,-0.46528188176093055,-1.7448070566034897,-1.7448070566034897,-0.0005563110396835658,-0.0,-0.4298599897627609,3.75,16.687607999597432,-1.4006018348453253,-1.403403038515016,0.007790211754922341,0.002,Good_trade
03/05/2017,161.69,162.03765915373475,162.31080359090703,-0.2731444371722773,0.5152645951054929,-0.5301051921030107,-1.98789447038629,-1.98789447038629,0.0,0.009712639196024097,-0.4201473505667368,3.75,16.687607999597432,-1.4006018348453253,-1.403403038515016,0.007790211754922341,0.002,Good_trade
04/05/2017,160.9,161.9038169003542,162.26739424964833,-0.36357734929413255,0.5337429309342108,-0.6811843833842685,-2.5544414376910067,-2.5544414376910067,-0.004885892757746202,0.006985420960745952,-0.41316192960599085,3.75,16.687607999597432,-1.4006018348453253,-1.403403038515016,0.007790211754922341,0.002,Good_trade
05/05/2017,160.46,161.7339560885478,162.21178211888994,-0.4778260303421291,0.5291005389383223,-0.9030911805550621,-3.386591927081483,-3.386591927081483,-0.002734617775015491,-0.0,-0.41316192960599085,3.75,16.687607999597432,-1.4006018348453253,-1.403403038515016,0.007790211754922341,0.002,Good_trade
08/05/2017,160.46,161.58407890165984,162.1578811306164,-0.5738022289565663,0.5146018747318507,-1.1150410776399984,-4.181404041149994,-4.181404041149994,0.0,0.004430005527829608,-0.4087319240781612,3.75,16.687607999597432,-1.4006018348453253,-1.403403038515016,0.007790211754922341,0.002,Good_trade
09/05/2017,160.29,161.43183432499396,162.10040786505897,-0.6685735400650117,0.5020586842977123,-1.3316641280694568,-4.993740480260463,-4.993740480260463,-0.0010594540695501031,-0.00965786729603051,-0.41838979137419174,3.75,16.687607999597432,-1.4006018348453253,-1.403403038515016,0.007790211754922341,0.002,Good_trade
10/05/2017,160.6,161.33397146322997,162.054241469211,-0.7202700059810354,0.4935914243953752,-1.4592433546902281,-5.472162580088355,-5.472162580088355,0.0019339946347245451,0.006133183464607512,-0.41225660790958424,3.75,16.687607999597432,-1.4006018348453253,-1.403403038515016,0.007790211754922341,0.002,Good_trade
11/05/2017,160.42,161.22644540873233,162.00395711631222,-0.7775117075798903,0.48188641978708496,-1.6134750340618094,-6.050531377731785,-6.050531377731785,-0.0011207970112080412,-0.017349734657503234,-0.42960634256708746,3.75,16.687607999597432,-1.4006018348453253,-1.403403038515016,0.007790211754922341,0.002,Good_trade
12/05/2017,160.88,161.18568712535208,161.9693738204257,-0.7836866950736123,0.480728845724583,-1.6302052644508844,-6.113269741690816,-6.113269741690816,0.0028674728836803887,0.014059608431288034,-0.41554673413579946,3.75,16.687607999597432,-1.4006018348453253,-1.403403038515016,0.007790211754922341,0.002,Good_trade
15/05/2017,160.51,161.10619452236946,161.92447001056644,-0.8182754881969743,0.47540332262165236,-1.7212237467852012,-6.454589050444504,-6.454589050444504,-0.002299850820487337,0.0012063900785826123,-0.41434034405721687,3.75,16.687607999597432,-1.4006018348453253,-1.403403038515016,0.007790211754922341,0.002,Good_trade
16/05/2017,160.48,161.0325245785613,161.88002477947208,-0.8475002009107868,0.4624286992692288,-1.832715405099386,-6.872682769122697,-6.872682769122697,-0.00018690424272627126,-0.024838958163579287,-0.43917930222079615,3.75,16.687607999597432,-1.4006018348453253,-1.403403038515016,0.007790211754922341,0.002,Good_trade
17/05/2017,161.06,161.03575698108347,161.85479324779604,-0.8190362667125726,0.4695371662108914,-1.7443481062896404,-6.541305398586152,-6.541305398586152,0.003614157527417783,-0.01908862248438727,-0.4582679247051834,3.75,16.687607999597432,-1.4006018348453253,-1.403403038515016,0.007790211754922341,0.002,Good_trade
18/05/2017,161.53,161.09390321860306,161.84479960940232,-0.7508963907992552,0.4695621959168498,-1.5991414924983105,-5.996780596868664,-5.996780596868664,0.002918167142679673,0.008538720592334225,-0.44972920411284917,3.75,16.687607999597432,-1.4006018348453253,-1.403403038515016,0.007790211754922341,0.002,Good_trade
19/05/2017,161.3,161.1181498987674,161.82803654449762,-0.7098866457302222,0.4598149731935039,-1.5438528258441047,-5.789448096915392,-5.789448096915392,-0.0014238841082151454,0.01112665164317279,-0.4386025524696764,3.75,16.687607999597432,-1.4006018348453253,-1.403403038515016,0.007790211754922341,0.002,Good_trade
22/05/2017,160.99,161.10307344008888,161.80225080466693,-0.6991773645780484,0.4529853924932273,-1.5434876624382583,-5.788078734143468,-5.788078734143468,-0.0019218846869187844,0.004314363923829134,-0.4342881885458473,3.75,16.687607999597432,-1.4006018348453253,-1.403403038515016,0.007790211754922341,0.002,Good_trade
23/05/2017,160.87,161.07565303537254,161.77356616452332,-0.697913129150777,0.44145495939421003,-1.580938472428747,-5.928519271607801,-5.928519271607801,-0.0007453879122927276,0.0025797000622395424,-0.4317084884836077,3.75,16.687607999597432,-1.4006018348453253,-1.403403038515016,0.007790211754922341,0.002,Good_trade
24/05/2017,160.8,161.04322326650518,161.743610282538,-0.7003870160328063,0.42966633317849645,-1.6300718998661787,-6.112769624498171,-6.112769624498171,-0.00043513395909733354,-0.019387515600087554,-0.45109600408369527,3.75,16.687607999597432,-1.4006018348453253,-1.403403038515016,0.007790211754922341,0.002,Good_trade
25/05/2017,161.31,161.07460876456338,161.73026842769067,-0.6556596631272953,0.43438868276242915,-1.5093847725445488,-5.660192897042058,-5.660192897042058,0.003171641791044788,-0.01684267925472768,-0.4679386833384229,3.75,16.687607999597432,-1.4006018348453253,-1.403403038515016,0.007790211754922341,0.002,Good_trade
26/05/2017,161.79,161.15877243932061,161.73210632222327,-0.5733338829026593,0.43697589363663186,-1.3120492257163645,-4.920184596436367,-4.920184596436367,0.0029756369722893083,-0.01490135640184078,-0.4828400397402637,3.75,16.687607999597432,-1.4006018348453253,-1.403403038515016,0.007790211754922341,0.002,Good_trade
29/05/2017,162.28,161.29068156410642,161.74896458923178,-0.458283025125354,0.44000545471691577,-1.0415394177788033,-3.9057728166705123,-3.9057728166705123,0.0030286173434699304,-0.0012034054771602755,-0.484043445217424,3.75,16.687607999597432,-1.4006018348453253,-1.403403038515016,0.007790211754922341,0.002,Good_trade
30/05/2017,162.33,161.41295432127038,161.7668426018708,-0.35388828060041533,0.42810607445081456,-0.8266369054781395,-3.099888395543023,-3.099888395543023,0.00030810944047332534,0.00019096213857867228,-0.4838524830788453,3.75,16.687607999597432,-1.4006018348453253,-1.403403038515016,0.007790211754922341,0.002,Good_trade
31/05/2017,162.32,161.5196655775915,161.78386282950552,-0.26419725191402677,0.41638139949755343,-0.6345078147891166,-2.379404305459187,-2.379404305459187,-6.160290765733212e-05,0.0005863490156378683,-0.48326613406320745,3.75,16.687607999597432,-1.4006018348453253,-1.403403038515016,0.007790211754922341,0.002,Good_trade
01/06/2017,162.28,161.60911668611013,161.79912858859765,-0.19001190248752664,0.4050782855490402,-0.4690745203238576,-1.759029451214466,-1.759029451214466,-0.0002464268112369883,-0.004444183355915103,-0.4877103174191226,3.75,16.687607999597432,-1.4006018348453253,-1.403403038515016,0.007790211754922341,0.002,Good_trade
02/06/2017,162.69,161.73627942892068,161.82654001664082,-0.09026058772013812,0.4053458519891256,-0.22267549372272738,-0.8350331014602277,-0.8350331014602277,0.0025264974118806016,-0.009238795148001895,-0.4969491125671245,3.75,16.687607999597432,-1.4006018348453253,-1.403403038515016,0.007790211754922341,0.002,Good_trade
05/06/2017,164.49,162.06024655493,161.9084926315134,0.15175392341657812,0.5749426314593469,0.26394620108686156,0.9897982540757309,0.9897982540757309,0.011063986723216068,0.0026476456428557167,-0.4943014669242688,3.75,16.687607999597432,-1.4006018348453253,-1.403403038515016,0.007790211754922341,0.002,Good_trade
06/06/2017,164.93,162.39786460729115,162.0014620890053,0.3964025182858677,0.5684679750762294,0.6973172380250825,2.6149396425940594,2.6149396425940594,0.0026749346464831625,0.0011098391740833203,-0.4931916277501855,3.75,16.687607999597432,-1.4006018348453253,-1.403403038515016,0.007790211754922341,0.002,Good_trade
07/06/2017,165.0,162.70399818290394,162.09372479395896,0.6102733889449894,0.5531300212245296,1.103309105504624,4.13740914564234,4.13740914564234,0.0004244224822651521,-0.0007522562082985662,-0.49394388395848404,3.75,16.687607999597432,-1.4006018348453253,-1.403403038515016,0.007790211754922341,0.002,Good_trade
08/06/2017,164.97,162.97058663197407,162.18222556952944,0.7883610624446362,0.538018102611515,1.4653058300788917,5.494896862795844,5.494896862795844,-0.0001818181818181719,-0.0033308461312940383,-0.49727473008977807,3.75,16.687607999597432,-1.4006018348453253,-1.403403038515016,0.007790211754922341,0.002,Good_trade
09/06/2017,164.87,163.19404702821242,162.26492632123623,0.9291207069761924,0.5237913179424352,1.7738375477966648,6.651890804237493,6.651890804237493,-0.0006061708189367687,0.00927964387077434,-0.4879950862190037,3.75,16.687607999597432,-1.4006018348453253,-1.403403038515016,0.007790211754922341,0.002,Good_trade
12/06/2017,165.1,163.4182767895992,162.3521593575059,1.0661174320932787,0.5122369348924265,2.081297461139094,7.804865479271603,7.804865479271603,0.0013950385151937361,-0.008036505944736714,-0.49603159216374043,3.75,16.687607999597432,-1.4006018348453253,-1.403403038515016,0.007790211754922341,0.002,Good_trade
13/06/2017,164.93,163.5961265790581,162.4314775311211,1.1646490479370186,0.49976572109662704,2.330390018309879,8.738962568662046,8.738962568662046,-0.0010296789824347785,0.028082520835450635,-0.4679490713282898,3.75,16.687607999597432,-1.4006018348453253,-1.403403038515016,0.007790211754922341,0.002,Good_trade
14/06/2017,165.46,163.81540580505126,162.5246628378558,1.290742967195456,0.5014466143181795,2.5740386520517013,9.652644945193881,9.652644945193881,0.0032134845085793895,-0.050754267510689226,-0.518703338838979,3.75,16.687607999597432,-1.4006018348453253,-1.403403038515016,0.007790211754922341,0.002,Good_trade
15/06/2017,164.59,163.90653453386875,162.5882116736141,1.3183228602546535,0.5279871196573601,2.4968845094368697,9.363316910388262,9.363316910388262,-0.005258068415326944,0.007964422914236569,-0.5107389159247424,3.75,16.687607999597432,-1.4006018348453253,-1.403403038515016,0.007790211754922341,0.002,Good_trade
16/06/2017,164.73,164.00341282400183,162.65411285288752,1.3492999711143057,0.5145494998472393,2.6222938152984097,9.833601807369035,9.833601807369035,0.0008505984567712677,-0.004775621590416926,-0.5155145375151593,3.75,16.687607999597432,-1.4006018348453253,-1.403403038515016,0.007790211754922341,0.002,Good_trade
19/06/2017,164.65,164.07948190353102,162.71552476510635,1.3639571384246665,0.5007950860208287,2.72358331081535,10.213437415557562,10.213437415557562,-0.000485643173678052,0.016748424550261015,-0.49876611296489826,3.75,16.687607999597432,-1.4006018348453253,-1.403403038515016,0.007790211754922341,0.002,Good_trade
20/06/2017,164.92,164.17836638546854,162.78335477233387,1.3950116131346704,0.49110053290134104,2.840582568487905,10.652184631829645,10.652184631829645,0.0016398420892802523,0.0032295005553693193,-0.49553661240952895,3.75,16.687607999597432,-1.4006018348453253,-1.403403038515016,0.007790211754922341,0.002,Good_trade
21/06/2017,164.97,164.271499751884,162.85063616395436,1.420863587929631,0.47778460230977154,2.973858054572496,11.15196770464686,11.15196770464686,0.00030317729808393423,0.008111996875539117,-0.48742461553398986,3.75,16.687607999597432,-1.4006018348453253,-1.403403038515016,0.007790211754922341,0.002,Good_trade
22/06/2017,165.09,164.36779389872117,162.91953966660193,1.4482542321192398,0.4655288889096779,3.1109868079534597,11.666200529825474,11.666200529825474,0.0007274049827241669,-0.001413314014153159,-0.48883792954814304,3.75,16.687607999597432,-1.4006018348453253,-1.403403038515016,0.007790211754922341,0.002,Good_trade
23/06/2017,165.07,164.45040638122455,162.98570767686033,1.4646987043642241,0.45279612154328636,3.2347863302627737,12.130448738485402,12.130448738485402,-0.0001211460415531107,0.005144068647809678,-0.48369386090033334,3.75,16.687607999597432,-1.4006018348453253,-1.403403038515016,0.007790211754922341,0.002,Good_trade
26/06/2017,165.14,164.53153504225696,163.05199359449537,1.4795414477615907,0.4406890019712832,3.3573369000436335,12.590013375163625,12.590013375163625,0.00042406251893134517,-0.1059714096613613,-0.5896652705616946,3.75,16.687607999597432,-1.4006018348453253,-1.403403038515016,0.007790211754922341,0.002,Good_trade
27/06/2017,163.75,164.43958974316791,163.07347071466475,1.3661190285031637,0.5367932279964529,2.5449632321222033,9.543612120458263,9.543612120458263,-0.008417100641879505,-0.017484480220687687,-0.6071497507823823,3.75,16.687607999597432,-1.4006018348453253,-1.403403038515016,0.007790211754922341,0.002,Good_trade
28/06/2017,163.45,164.32316742044227,163.0850562311366,1.2381111893056698,0.5267222442770114,2.3505959787309227,8.81473492024096,8.81473492024096,-0.001832061068702373,-0.06902943222947991,-0.6761791830118622,3.75,16.687607999597432,-1.4006018348453253,-1.403403038515016,0.007790211754922341,0.002,Good_trade
29/06/2017,162.17,164.0698536062726,163.05690065479394,1.0129529514786668,0.5924541558628138,1.7097575254636612,6.4115907204887295,6.4115907204887295,-0.007831141021719223,-0.011860869557541521,-0.6880400525694037,3.75,16.687607999597432,-1.4006018348453253,-1.403403038515016,0.007790211754922341,0.002,Good_trade
30/06/2017,161.87,163.81104729965227,163.02038063464644,0.7906666650058298,0.580425459934096,1.3622191299044766,5.108321737141787,5.108321737141787,-0.0018499105876548239,-0.006942798431897307,-0.694982851001301,3.75,16.687607999597432,-1.4006018348453253,-1.403403038515016,0.007790211754922341,0.002,Good_trade
03/07/2017,161.65,163.55680644086965,162.97821507665734,0.5785913642123148,0.5668328322351509,1.0207442676367164,3.8277910036376865,3.8277910036376865,-0.001359115339469974,0.004735899787983485,-0.6902469512133175,3.75,16.687607999597432,-1.4006018348453253,-1.403403038515016,0.007790211754922341,0.002,Good_trade
04/07/2017,161.85,163.35600568312026,162.94350076660632,0.4125049165139387,0.5532577008047312,0.745592724536752,2.7959727170128197,2.7959727170128197,0.0012372409526755224,0.0013820069036827023,-0.6888649443096347,3.75,16.687607999597432,-1.4006018348453253,-1.403403038515016,0.007790211754922341,0.002,Good_trade
05/07/2017,161.93,163.18824030863553,162.9123161276338,0.2759241810017272,0.5384184277219369,0.5124716517767974,1.9217686941629903,1.9217686941629903,0.000494284831634273,-0.016971093884104716,-0.7058360381937394,3.75,16.687607999597432,-1.4006018348453253,-1.403403038515016,0.007790211754922341,0.002,Good_trade
06/07/2017,160.5,162.8719767429137,162.8380910160143,0.03388572689939906,0.6202899085904766,0.05462885407308932,0.20485820277408495,0.20485820277408495,-0.008830976347804609,-1.2763750951641373e-05,-0.705848801944691,3.75,16.687607999597432,-1.4006018348453253,-1.403403038515016,0.007790211754922341,0.002,Good_trade
07/07/2017,160.49,162.59174418492384,162.7658420616754,-0.17409787675154575,0.6032969098811952,-0.2885774382398712,-1.082165393399517,-1.082165393399517,-6.23052959500825e-05,-0.0030342976324367584,-0.7088830995771278,3.75,16.687607999597432,-1.4006018348453253,-1.403403038515016,0.007790211754922341,0.002,Good_trade
10/07/2017,160.94,162.39742133963867,162.70966230593152,-0.3122409662928476,0.5960194684723189,-0.523877126183755,-1.9645392231890815,-1.9645392231890815,0.0028039130163872716,0.003051664010173209,-0.7058314355669546,3.75,16.687607999597432,-1.4006018348453253,-1.403403038515016,0.007790211754922341,0.002,Good_trade
11/07/2017,160.69,162.19654824085765,162.64751885036438,-0.45097060950672585,0.5825937400024345,-0.7740739018322466,-2.902777131870925,-2.902777131870925,-0.0015533739281720083,-0.013187051504547256,-0.7190184870715018,3.75,16.687607999597432,-1.4006018348453253,-1.403403038515016,0.007790211754922341,0.002,Good_trade
12/07/2017,161.42,162.10518962428617,162.60974903958396,-0.5045594152977912,0.591501554820803,-0.8530145207321541,-3.198804452745578,-3.198804452745578,0.004542908706204329,0.0053504968544247885,-0.713667990217077,3.75,16.687607999597432,-1.4006018348453253,-1.403403038515016,0.007790211754922341,0.002,Good_trade
13/07/2017,161.15,161.99281437437014,162.56483368451984,-0.5720193101496989,0.5787076264901269,-0.9884426677059834,-3.7066600038974378,-3.7066600038974378,-0.0016726551852309646,0.00023001303157958977,-0.7134379771854975,3.75,16.687607999597432,-1.4006018348453253,-1.403403038515016,0.007790211754922341,0.002,Good_trade
14/07/2017,161.14,161.89248327150307,162.52099264807308,-0.6285093765700083,0.5628544071149875,-1.1166464517734653,-4.187424194150495,-4.187424194150495,-6.205398696879083e-05,-0.00363807488631696,-0.7170760520718145,3.75,16.687607999597432,-1.4006018348453253,-1.403403038515016,0.007790211754922341,0.002,Good_trade
17/07/2017,161.28,161.82042641603212,162.48280825890157,-0.6623818428694506,0.5483976148327384,-1.2078496057490649,-4.529436021558993,-4.529436021558993,0.0008688097306690512,-0.009267819240540999,-0.7263438713123554,3.75,16.687607999597432,-1.4006018348453253,-1.403403038515016,0.007790211754922341,0.002,Good_trade
18/07/2017,161.61,161.79567036708715,162.45595262016613,-0.6602822530789751,0.5388601091693538,-1.2253314762838765,-4.594993036064537,-4.594993036064537,0.0020461309523809312,-0.008814107055132381,-0.7351579783674879,3.75,16.687607999597432,-1.4006018348453253,-1.403403038515016,0.007790211754922341,0.002,Good_trade
19/07/2017,161.92,161.81029738272395,162.43946177031486,-0.6291643875909187,0.5290265819686815,-1.1892869073791938,-4.459825902671977,-4.459825902671977,0.0019181981313036722,-0.00027543391197384323,-0.7354334122794617,3.75,16.687607999597432,-1.4006018348453253,-1.403403038515016,0.007790211754922341,0.002,Good_trade
20/07/2017,161.93,161.82438004357996,162.42378602353594,-0.599405979955975,0.5145351971001598,-1.1649465057670179,-4.368549396626317,-4.368549396626317,6.175889328075002e-05,-0.014837906306085473,-0.7502713185855472,3.75,16.687607999597432,-1.4006018348453253,-1.403403038515016,0.007790211754922341,0.002,Good_trade
21/07/2017,162.48,161.9015118031588,162.42551568435022,-0.5240038811914189,0.5165144726504158,-1.0144999006563598,-3.8043746274613492,-3.8043746274613492,0.0033965293645401573,-0.001404865076610852,-0.751676183662158,3.75,16.687607999597432,-1.4006018348453253,-1.403403038515016,0.007790211754922341,0.002,Good_trade
24/07/2017,162.54,161.9766280616107,162.4290382786779,-0.45241021706718243,0.502554340641369,-0.9002214894608378,-3.3758305854781416,-3.3758305854781416,0.00036927621861160276,0.01952307586040016,-0.7321531078017579,3.75,16.687607999597432,-1.4006018348453253,-1.403403038515016,0.007790211754922341,0.002,Good_trade
25/07/2017,161.6,161.9323188778918,162.4035294085647,-0.47121053067291996,0.5354167431028977,-0.8800817993515037,-3.300306747568139,-3.300306747568139,-0.005783191829703438,-0.0036760842485286877,-0.7358291920502866,3.75,16.687607999597432,-1.4006018348453253,-1.403403038515016,0.007790211754922341,0.002,Good_trade
26/07/2017,161.78,161.9143990099045,162.38434388830117,-0.4699448783966602,0.5224238754276176,-0.8995470928888885,-3.373301598333332,-3.373301598333332,0.0011138613861385593,-0.009383024596674502,-0.7452122166469611,3.75,16.687607999597432,-1.4006018348453253,-1.403403038515016,0.007790211754922341,0.002,Good_trade
27/07/2017,162.23,161.95152853815105,162.37959484558422,-0.42806630743316987,0.5187676326300151,-0.8251600148278074,-3.094350055604278,-3.094350055604278,0.002781555198417607,0.004768461529316703,-0.7404437551176444,3.75,16.687607999597432,-1.4006018348453253,-1.403403038515016,0.007790211754922341,0.002,Good_trade
28/07/2017,161.98,161.954878121898,162.36729961956627,-0.4124214976682765,0.5078889797620774,-0.8120308061448331,-3.0451155230431244,-3.0451155230431244,-0.0015410220057942015,0.0005639799091942891,-0.73987977520845,3.75,16.687607999597432,-1.4006018348453253,-1.403403038515016,0.007790211754922341,0.002,Good_trade
31/07/2017,161.95,161.9543042252041,162.35445963127194,-0.4001554060678245,0.4940208046754802,-0.8099970735659293,-3.037489025872235,-3.037489025872235,-0.00018520805037658405,-0.015942362902077335,-0.7558221381105273,3.75,16.687607999597432,-1.4006018348453253,-1.403403038515016,0.007790211754922341,0.002,Good_trade
01/08/2017,162.8,162.05379784576834,162.36816856569436,-0.3143707199260177,0.5195366813475302,-0.605098217724742,-2.269118316467783,-2.269118316467783,0.005248533497993257,-0.000836284391818745,-0.756658422502346,3.75,16.687607999597432,-1.4006018348453253,-1.403403038515016,0.007790211754922341,0.002,Good_trade
02/08/2017,162.86,162.1486451580309,162.3833018405961,-0.2346566825652019,0.5054926073268123,-0.4642138760567295,-1.7408020352127356,-1.7408020352127356,0.00036855036855043544,-0.004703137022556896,-0.7613615595249029,3.75,16.687607999597432,-1.4006018348453253,-1.403403038515016,0.007790211754922341,0.002,Good_trade
03/08/2017,163.3,162.2840986688508,162.4115079378085,-0.127409268957706,0.502170886230597,-0.25371695662022037,-0.9514385873258264,-0.9514385873258264,0.0027017069875967525,0.0009904749531255315,-0.7603710845717774,3.75,16.687607999597432,-1.4006018348453253,-1.403403038515016,0.007790211754922341,0.002,Good_trade
04/08/2017,163.13,162.3836164725154,162.43361538587592,-0.04999891336052542,0.4900067833015536,-0.1020371861459635,-0.3826394480473631,-0.3826394480473631,-0.0010410287813840124,-0.00039875379248487656,-0.7607698383642623,3.75,16.687607999597432,-1.4006018348453253,-1.403403038515016,0.007790211754922341,0.002,Good_trade
07/08/2017,163.3,162.4914262992783,162.4602733740028,0.031152925275478083,0.4782155080412834,0.06514411337908496,0.2442904251715686,0.2442904251715686,0.0010421136516889362,-0.00025431336362014033,-0.7610241517278824,3.75,16.687607999597432,-1.4006018348453253,-1.403403038515016,0.007790211754922341,0.002,Good_trade
08/08/2017,163.13,162.56655261701025,162.4808803471104,0.08567226989984533,0.46678754136409933,0.18353589654403402,0.6882596120401275,0.6882596120401275,-0.0010410287813840124,0.0032486967527181596,-0.7577754549751643,3.75,16.687607999597432,-1.4006018348453253,-1.403403038515016,0.007790211754922341,0.002,Good_trade
09/08/2017,163.9,162.7234287797149,162.5245455671993,0.1988832125155966,0.48801781389301535,0.4075326901062598,1.5282475878984743,1.5282475878984743,0.004720161834120162,0.00195809636033375,-0.7558173586148306,3.75,16.687607999597432,-1.4006018348453253,-1.403403038515016,0.007790211754922341,0.002,Good_trade
10/08/2017,164.11,162.8865548056308,162.57332878051628,0.3132260251145169,0.47714943360720774,0.6564526813886286,2.461697555207357,2.461697555207357,0.0012812690665040538,0.006450124603857636,-0.7493672340109729,3.75,16.687607999597432,-1.4006018348453253,-1.403403038515016,0.007790211754922341,0.002,Good_trade
11/08/2017,164.54,163.0810777696742,162.63384174111576,0.44723602855845,0.4747205542071277,0.9421037799920376,3.532889174970141,3.532889174970141,0.00262019377246947,-0.007300245043696781,-0.7566674790546697,3.75,16.687607999597432,-1.4006018348453253,-1.403403038515016,0.007790211754922341,0.002,Good_trade
14/08/2017,164.2,163.2127156791243,162.6820312260045,0.5306844531197896,0.4684299872845891,1.132900257295822,4.248375964859332,4.248375964859332,-0.0020663668408897884,-0.009055612592574458,-0.7657230916472442,3.75,16.687607999597432,-1.4006018348453253,-1.403403038515016,0.007790211754922341,0.002,Good_trade
15/08/2017,163.85,163.28769030510966,162.71796872674284,0.5697215783668241,0.4628038185317603,1.2310217754344794,4.616331657879298,4.616331657879298,-0.0021315468940316107,-0.002817413279144747,-0.7685405049263889,3.75,16.687607999597432,-1.4006018348453253,-1.403403038515016,0.007790211754922341,0.002,Good_trade
16/08/2017,163.75,163.3420796809791,162.74972353515076,0.5923561458283473,0.4507218866130573,1.3142386989005537,4.928395120877076,4.928395120877076,-0.0006103143118705301,0.006019413888093317,-0.7625210910382956,3.75,16.687607999597432,-1.4006018348453253,-1.403403038515016,0.007790211754922341,0.002,Good_trade
17/08/2017,163.95,163.41359971851097,162.7866551186846,0.6269445998263734,0.4408302261771338,1.422190590838604,5.333214715644766,5.333214715644766,0.00122137404580136,0.013337102979045022,-0.7491839880592506,3.75,16.687607999597432,-1.4006018348453253,-1.403403038515016,0.007790211754922341,0.002,Good_trade
18/08/2017,164.36,163.52494092809792,162.8350657304174,0.6898751976805215,0.4392190579142634,1.5706859373465227,5.890072265049461,5.890072265049461,0.0025007624275694695,0.0028669127598190867,-0.7463170752994315,3.75,16.687607999597432,-1.4006018348453253,-1.403403038515016,0.007790211754922341,0.002,Good_trade
21/08/2017,164.44,163.63259493655698,162.88444832332763,0.7481466132293519,0.4275880920531212,1.7496900103953463,6.561337538982548,6.561337538982548,0.00048673643222185703,0.0,-0.7463170752994315,3.75,16.687607999597432,-1.4006018348453253,-1.403403038515016,0.007790211754922341,0.002,Good_trade
22/08/2017,164.44,163.72758376755027,162.93231145184063,0.7952723157096386,0.4158711201184418,1.912304743554065,7.171142788327744,7.171142788327744,0.0,0.017879886543506585,-0.7284371887559249,3.75,16.687607999597432,-1.4006018348453253,-1.403403038515016,0.007790211754922341,0.002,Good_trade
23/08/2017,164.85,163.85963273607376,162.99131725332248,0.8683154827512851,0.41555588296914575,2.0895275902417096,7.8357284634064115,7.8357284634064115,0.0024933106300168983,-0.004753247475526842,-0.7331904362314517,3.75,16.687607999597432,-1.4006018348453253,-1.403403038515016,0.007790211754922341,0.002,Good_trade
24/08/2017,164.75,163.9643818259474,163.04543056860484,0.9189512573425702,0.40483677776856647,2.2699302726589434,8.512238522471037,8.512238522471037,-0.0006066120715801926,0.0010333521726825217,-0.7321570840587692,3.75,16.687607999597432,-1.4006018348453253,-1.403403038515016,0.007790211754922341,0.002,Good_trade
25/08/2017,164.77,164.05916043465947,163.098494243417,0.960666191242467,0.3937707036921995,2.4396588731329163,9.148720774248437,9.148720774248437,0.00012139605462824221,0.010549596086102491,-0.7216074879726667,3.75,16.687607999597432,-1.4006018348453253,-1.403403038515016,0.007790211754922341,0.002,Good_trade
28/08/2017,164.96,164.16514155999366,163.15577134361956,1.0093702163740943,0.3855195808824111,2.6182073918625846,9.818277719484692,9.818277719484692,0.001153122534441886,0.027973996897173444,-0.6936334910754933,3.75,16.687607999597432,-1.4006018348453253,-1.403403038515016,0.007790211754922341,0.002,Good_trade
29/08/2017,165.43,164.31394843528852,163.22574760996972,1.0882008253188076,0.39055356256290147,2.7863036715829343,10.448638768436004,10.448638768436004,0.0028491755577109146,-0.01831654018525399,-0.7119500312607473,3.75,16.687607999597432,-1.4006018348453253,-1.403403038515016,0.007790211754922341,0.002,Good_trade
30/08/2017,165.14,164.4111309723134,163.2846476835091,1.1264832888043088,0.3857888717893373,2.9199475961541808,10.949803485578178,10.949803485578178,-0.0017530073142719704,-0.003978371134397701,-0.715928402395145,3.75,16.687607999597432,-1.4006018348453253,-1.403403038515016,0.007790211754922341,0.002,Good_trade
31/08/2017,165.08,164.48982144615889,163.33988929324727,1.1499321529116173,0.3754765215921624,3.0625940286105515,11.484727607289567,11.484727607289567,-0.00036332808526085003,-0.015305549270678499,-0.7312339516658235,3.75,16.687607999597432,-1.4006018348453253,-1.403403038515016,0.007790211754922341,0.002,Good_trade
01/09/2017,164.86,164.53337186425784,163.38666193037812,1.1467099338797198,0.36875215581021625,3.1097036744373394,11.661388779140022,11.661388779140022,-0.0013326871819723252,-0.1909847731631588,-0.9222187248289823,3.75,16.687607999597432,-1.4006018348453253,-1.403403038515016,0.007790211754922341,0.002,Good_trade
04/09/2017,162.16,164.25415164493342,163.3489184863665,0.9052331585669151,0.7229675207559102,1.252107643259595,4.695403662223481,4.695403662223481,-0.01637753245177742,0.013898580154583683,-0.9083201446743986,3.75,16.687607999597432,-1.4006018348453253,-1.403403038515016,0.007790211754922341,0.002,Good_trade
05/09/2017,162.64,164.06425145141182,163.3271056098629,0.7371458415489087,0.7119571666127824,1.035379480841473,3.8826730531555236,3.8826730531555236,0.002960039467192921,-0.0016710963706400132,-0.9099912410450386,3.75,16.687607999597432,-1.4006018348453253,-1.403403038515016,0.007790211754922341,0.002,Good_trade
06/09/2017,162.57,163.88845716301043,163.30381005263635,0.5846471103740782,0.6926390044545364,0.844086322910008,3.1653237109125296,3.1653237109125296,-0.0004303984259714788,0.011877021982264016,-0.8981142190627746,3.75,16.687607999597432,-1.4006018348453253,-1.403403038515016,0.007790211754922341,0.002,Good_trade
07/09/2017,163.18,163.80510926147977,163.30000051255524,0.5051087489245276,0.6884256945754397,0.73371571239222,2.751433921470825,2.751433921470825,0.0037522298086978267,-0.0037094954205392516,-0.9018237144833138,3.75,16.687607999597432,-1.4006018348453253,-1.403403038515016,0.007790211754922341,0.002,Good_trade
08/09/2017,162.96,163.70568464248214,163.28953895832277,0.4161456841593747,0.6715119647020985,0.6197144742521282,2.323929278445481,2.323929278445481,-0.0013482044368182677,-0.002709539536724594,-0.9045332540200384,3.75,16.687607999597432,-1.4006018348453253,-1.403403038515016,0.007790211754922341,0.002,Good_trade
11/09/2017,162.77,163.59560409630777,163.27355314422053,0.32205095208723833,0.6546030601623034,0.49197898953816144,1.8449212107681054,1.8449212107681054,-0.0011659302896416257,-0.010201075687726897,-0.9147343297077652,3.75,16.687607999597432,-1.4006018348453253,-1.403403038515016,0.007790211754922341,0.002,Good_trade
12/09/2017,161.87,163.3925918496833,163.23036689362914,0.16222495605416043,0.670169015049206,0.2420657362713932,0.9077465110177244,0.9077465110177244,-0.00552927443632123,-0.0008411810505508083,-0.915575510758316,3.75,16.687607999597432,-1.4006018348453253,-1.403403038515016,0.007790211754922341,0.002,Good_trade
13/09/2017,161.72,163.19581633795585,163.18389406613286,0.011922271822982111,0.6527370193026667,0.01826504621374001,0.06849392330152503,0.06849392330152503,-0.0009266695496386035,-6.776544477024539e-05,-0.9156432762030863,3.75,16.687607999597432,-1.4006018348453253,-1.403403038515016,0.007790211754922341,0.002,Good_trade
14/09/2017,161.56,163.00336735701984,163.13392809486726,-0.13056073784741784,0.6359393259534881,-0.205303764870435,-0.7698891182641312,-0.7698891182641312,-0.0009893643334157876,0.001763177604343501,-0.9138800985987428,3.75,16.687607999597432,-1.4006018348453253,-1.403403038515016,0.007790211754922341,0.002,Good_trade
15/09/2017,161.19,162.79003002089985,163.07411492271748,-0.2840849018176357,0.6244664516186554,-0.45492420142230244,-1.7059657553336343,-1.7059657553336343,-0.002290170834365002,0.0026458926660054374,-0.9112342059327373,3.75,16.687607999597432,-1.4006018348453253,-1.403403038515016,0.007790211754922341,0.002,Good_trade
18/09/2017,160.94,162.57237943020576,163.00844984817232,-0.43607041796656176,0.6101294107722051,-0.7147179110979963,-2.6801921666174864,-2.6801921666174864,-0.0015509647000434557,-0.002498004380468968,-0.9137322103132063,3.75,16.687607999597432,-1.4006018348453253,-1.403403038515016,0.007790211754922341,0.002,Good_trade
19/09/2017,161.09,162.39798185018157,162.9494206220747,-0.5514387718931459,0.5944342399045507,-0.927669933652697,-3.478762251197614,-3.478762251197614,0.000932024356903316,-0.004966883839936939,-0.9186990941531432,3.75,16.687607999597432,-1.4006018348453253,-1.403403038515016,0.007790211754922341,0.002,Good_trade
20/09/2017,161.32,162.27116045604254,162.89928460293393,-0.6281241468913947,0.5806129634945115,-1.0818293534318104,-4.056860075369289,-4.056860075369289,0.0014277732944316668,0.004526622945490494,-0.9141724712076528,3.75,16.687607999597432,-1.4006018348453253,-1.403403038515016,0.007790211754922341,0.002,Good_trade
21/09/2017,161.14,162.13808275533165,162.84515276899748,-0.7070700136658274,0.5662512924208333,-1.248685915828937,-4.682572184358514,-4.682572184358514,-0.0011157946937764285,0.0005811806111894617,-0.9135912905964633,3.75,16.687607999597432,-1.4006018348453253,-1.403403038515016,0.007790211754922341,0.002,Good_trade
22/09/2017,161.12,162.01830831352794,162.79207114533602,-0.7737628318080851,0.5507542350781026,-1.4049149012868827,-5.26843087982581,-5.26843087982581,-0.00012411567580972171,-0.02648602912524207,-0.9400773197217054,3.75,16.687607999597432,-1.4006018348453253,-1.403403038515016,0.007790211754922341,0.002,Good_trade
25/09/2017,161.93,162.0079191001717,162.76554587932569,-0.7576267791539806,0.5678017821477586,-1.3343156062106618,-5.003683523289982,-5.003683523289982,0.005027308838133182,0.006798063207088182,-0.9332792565146172,3.75,16.687607999597432,-1.4006018348453253,-1.403403038515016,0.007790211754922341,0.002,Good_trade
26/09/2017,161.71,161.97286979426914,162.73306754457718,-0.7601977503080377,0.5546062697220672,-1.3706980822431014,-5.14011780841163,-5.14011780841163,-0.0013586117458160851,0.021932355994088253,-0.9113469005205289,3.75,16.687607999597432,-1.4006018348453253,-1.403403038515016,0.007790211754922341,0.002,Good_trade
27/09/2017,161.02,161.86076746553158,162.6803577739748,-0.8195903084432246,0.56275826514338,-1.4563807574366032,-5.4614278403872625,-5.4614278403872625,-0.004266897532620106,0.007461893708142747,-0.9038850068123861,3.75,16.687607999597432,-1.4006018348453253,-1.403403038515016,0.007790211754922341,0.002,Good_trade
28/09/2017,160.8,161.73597129311608,162.62250061169865,-0.8865293185825749,0.5497220495347046,-1.6126864828015366,-6.047574310505762,-6.047574310505762,-0.0013662899018754837,-0.007897951524914114,-0.9117829583373003,3.75,16.687607999597432,-1.4006018348453253,-1.403403038515016,0.007790211754922341,0.002,Good_trade
29/09/2017,161.01,161.65056290569066,162.57288520826177,-0.9223223025711036,0.5368829358300246,-1.717920688138816,-6.4422025805205605,-6.4422025805205605,0.0013059701492537101,-0.008402351045955488,-0.9201853093832557,3.75,16.687607999597432,-1.4006018348453253,-1.403403038515016,0.007790211754922341,0.002,Good_trade
02/10/2017,161.22,161.59990844619765,162.53125797108447,-0.9313495248868264,0.5244486174685089,-1.7758642007341174,-6.659490752752941,-6.659490752752941,0.0013042668157257076,0.004130685245473709,-0.916054624137782,3.75,16.687607999597432,-1.4006018348453253,-1.403403038515016,0.007790211754922341,0.002,Good_trade
03/10/2017,161.12,161.54344862899794,162.48783464889726,-0.9443860198993264,0.5106070137660496,-1.8495359335820367,-6.935759750932638,-6.935759750932638,-0.0006202704379109081,-0.008609433653094238,-0.9246640577908762,3.75,16.687607999597432,-1.4006018348453253,-1.403403038515016,0.007790211754922341,0.002,Good_trade
04/10/2017,161.32,161.51716055499816,162.45190127508502,-0.9347407200868645,0.4987872667848485,-1.8740268293377749,-7.0276006100166555,-7.0276006100166555,0.0012413108242304016,0.0043563108170198,-0.9203077469738564,3.75,16.687607999597432,-1.4006018348453253,-1.403403038515016,0.007790211754922341,0.002,Good_trade
05/10/2017,161.22,161.48220048970424,162.413996620467,-0.9317961307627627,0.4856760630111526,-1.9185547769962172,-7.194580413735815,-7.194580413735815,-0.0006198859409868307,0.002677551326288373,-0.9176301956475681,3.75,16.687607999597432,-1.4006018348453253,-1.403403038515016,0.007790211754922341,0.002,Good_trade
06/10/2017,161.16,161.44429454973903,162.375412109068,-0.9311175593289818,0.4725732700625163,-1.9703136387841087,-7.3886761454404075,-7.3886761454404075,-0.00037216226274661146,-0.0128371141767391,-0.9304673098243071,3.75,16.687607999597432,-1.4006018348453253,-1.403403038515016,0.007790211754922341,0.002,Good_trade
09/10/2017,161.44,161.44378930859327,162.34663019801977,-0.9028408894264999,0.46421081956996535,-1.9448941113929048,-7.293352917723393,-7.293352917723393,0.0017374038222883748,-0.0018070745584042272,-0.9322743843827114,3.75,16.687607999597432,-1.4006018348453253,-1.403403038515016,0.007790211754922341,0.002,Good_trade
10/10/2017,161.48,161.44804938993522,162.31996465346532,-0.8719152635300986,0.4515860630077081,-1.9307842623017708,-7.240440983631641,-7.240440983631641,0.00024777006937548585,0.00986436101312187,-0.9224100233695895,3.75,16.687607999597432,-1.4006018348453253,-1.403403038515016,0.007790211754922341,0.002,Good_trade
11/10/2017,161.26,161.42592593229577,162.2873503564356,-0.861424424139841,0.4421797674848098,-1.9481317045322148,-7.3054938919958055,-7.3054938919958055,-0.0013623978201634523,-0.008607490012893492,-0.9310175133824831,3.75,16.687607999597432,-1.4006018348453253,-1.403403038515016,0.007790211754922341,0.002,Good_trade
12/10/2017,161.45,161.4287581755551,162.26158573008377,-0.8328275545286772,0.4323256760714085,-1.9263892954419775,-7.223959857907415,-7.223959857907415,0.0011782215056430623,-0.025504224955139963,-0.956521738337623,3.75,16.687607999597432,-1.4006018348453253,-1.403403038515016,0.007790211754922341,0.002,Good_trade
13/10/2017,162.02,161.49831603725448,162.2541523230043,-0.7558362857498082,0.44086806743401336,-1.7144273799393228,-6.4291026747724604,-6.4291026747724604,0.003530504800247858,-0.017459604844462937,-0.973981343182086,3.75,16.687607999597432,-1.4006018348453253,-1.403403038515016,0.007790211754922341,0.002,Good_trade
16/10/2017,162.46,161.61145532698924,162.26048609768108,-0.6490307706918372,0.4408211885727945,-1.4723220832309432,-5.521207812116037,-5.521207812116037,0.002715714109369216,-0.005437604640764419,-0.9794189478228503,3.75,16.687607999597432,-1.4006018348453253,-1.403403038515016,0.007790211754922341,0.002,Good_trade
17/10/2017,162.62,161.73010764146107,162.2715480639063,-0.5414404224452198,0.43035234496786506,-1.2581328503871632,-4.717998188951862,-4.717998188951862,0.0009848578111535389,0.012765460602255566,-0.9666534872205947,3.75,16.687607999597432,-1.4006018348453253,-1.403403038515016,0.007790211754922341,0.002,Good_trade
18/10/2017,162.18,161.78303615423036,162.26873120040148,-0.4856950461711165,0.4308793625823542,-1.1272181690490812,-4.227068133934055,-4.227068133934055,-0.002705694256548985,-0.0026064053113419917,-0.9692598925319368,3.75,16.687607999597432,-1.4006018348453253,-1.403403038515016,0.007790211754922341,0.002,Good_trade
19/10/2017,162.28,161.8415024890268,162.2690779326968,-0.4275754436700083,0.4197166315142632,-1.0187240904116472,-3.8202153390436773,-3.8202153390436773,0.0006165988407942358,0.019774346098081843,-0.949485546433855,3.75,16.687607999597432,-1.4006018348453253,-1.403403038515016,0.007790211754922341,0.002,Good_trade
20/10/2017,161.44,161.79426690208246,162.24356784245998,-0.4493009403775261,0.45252659402033313,-0.9928719025899678,-3.7232696347123793,-3.7232696347123793,-0.005176238599950755,-0.0055350886541812635,-0.9550206350880363,3.75,16.687607999597432,-1.4006018348453253,-1.403403038515016,0.007790211754922341,0.002,Good_trade
23/10/2017,161.68,161.78082373713158,162.22622729346122,-0.44540355632963724,0.4436492143741472,-1.0039543447810786,-3.7648287929290447,-3.7648287929290447,0.0014866204162538033,0.013272837778139266,-0.941747797309897,3.75,16.687607999597432,-1.4006018348453253,-1.403403038515016,0.007790211754922341,0.002,Good_trade
24/10/2017,161.11,161.70190329746904,162.1918818382778,-0.4899785408087496,0.4513841142924941,-1.0855024031511364,-4.070634011816762,-4.070634011816762,-0.0035254824344383984,0.0017686324922554177,-0.9399791648176415,3.75,16.687607999597432,-1.4006018348453253,-1.403403038515016,0.007790211754922341,0.002,Good_trade
25/10/2017,161.04,161.6240323212962,162.15643932017693,-0.532406998880731,0.43931662694390455,-1.2118981304768894,-4.544617989288335,-4.544617989288335,-0.00043448575507432086,-0.01608564489502231,-0.9560648097126638,3.75,16.687607999597432,-1.4006018348453253,-1.403403038515016,0.007790211754922341,0.002,Good_trade
26/10/2017,161.61,161.62238145996724,162.13962580263302,-0.5172443426657765,0.44735766133767435,-1.15622104496686,-4.335828918625725,-4.335828918625725,0.003539493293591711,-0.02065830250196026,-0.976723112214624,3.75,16.687607999597432,-1.4006018348453253,-1.403403038515016,0.007790211754922341,0.002,Good_trade
27/10/2017,162.38,161.71151305291227,162.14702193178277,-0.4355088788705075,0.4704888401041103,-0.9256518789566562,-3.4711945460874607,-3.4711945460874607,0.004764556648722218,-0.007054404484597475,-0.9837775166992215,3.75,16.687607999597432,-1.4006018348453253,-1.403403038515016,0.007790211754922341,0.002,Good_trade
30/10/2017,162.71,161.82898210551082,162.16434433388176,-0.3353622283709399,0.463983667093361,-0.7227888655474151,-2.7104582458028066,-2.7104582458028066,0.0020322699839883107,-0.000666328620441705,-0.9844438453196632,3.75,16.687607999597432,-1.4006018348453253,-1.403403038515016,0.007790211754922341,0.002,Good_trade
31/10/2017,162.75,161.93733715192133,162.18236450822386,-0.24502735630252914,0.45136518194667985,-0.5428583464186532,-2.0357187990699495,-2.0357187990699495,0.0002458361502057915,0.0015009908195908663,-0.9829428545000723,3.75,16.687607999597432,-1.4006018348453253,-1.403403038515016,0.007790211754922341,0.002,Good_trade
01/11/2017,162.63,162.0188268987541,162.1961379079708,-0.17731100921670873,0.4398823080184179,-0.40308738493134555,-1.5115776934925458,-1.5115776934925458,-0.0007373271889401511,-0.0005576748546365602,-0.9835005293547089,3.75,16.687607999597432,-1.4006018348453253,-1.403403038515016,0.007790211754922341,0.002,Good_trade
02/11/2017,162.69,162.09778844007712,162.21133366464863,-0.11354522457151006,0.42805580501834295,-0.2652579949631671,-0.9947174811118766,-0.9947174811118766,0.00036893562073414543,-0.00030570947234368704,-0.9838062388270525,3.75,16.687607999597432,-1.4006018348453253,-1.403403038515016,0.007790211754922341,0.002,Good_trade
03/11/2017,162.74,162.17334274124454,162.22760032112097,-0.05425757987643465,0.41648827981779113,-0.13027396569279626,-0.48852737134798596,-0.48852737134798596,0.0003073329645337797,-0.0012007554905935072,-0.985006994317646,3.75,16.687607999597432,-1.4006018348453253,-1.403403038515016,0.007790211754922341,0.002,Good_trade
06/11/2017,163.14,162.28706712462753,162.25567415739417,0.031392967233358604,0.41561374521710426,0.07553399663661232,0.2832524873872962,0.2832524873872962,0.002457908320019575,0.0002430755684333933,-0.9847639187492127,3.75,16.687607999597432,-1.4006018348453253,-1.403403038515016,0.007790211754922341,0.002,Good_trade
07/11/2017,163.28,162.4038827570243,162.2871918756282,0.11669088139609585,0.40553326528893757,0.28774675565259733,1.07905033369724,1.07905033369724,0.0008581586367537586,0.0007930306225115096,-0.9839708881267012,3.75,16.687607999597432,-1.4006018348453253,-1.403403038515016,0.007790211754922341,0.002,Good_trade
08/11/2017,163.4,162.52107302090377,162.32143212560888,0.19964089529489115,0.3954061553320933,0.504900828180626,1.8933781056773475,1.8933781056773475,0.0007349338559530239,-0.009501652672309789,-0.9934725407990109,3.75,16.687607999597432,-1.4006018348453253,-1.403403038515016,0.007790211754922341,0.002,Good_trade
09/11/2017,162.58,162.52800560667978,162.32938806020553,0.198617546474253,0.429232847053203,0.46272681095544055,1.735225541082902,1.735225541082902,-0.005018359853121157,-0.004162492071733073,-0.997635032870744,3.75,16.687607999597432,-1.4006018348453253,-1.403403038515016,0.007790211754922341,0.002,Good_trade
10/11/2017,162.19,162.48824024118804,162.3250991968146,0.16314104437344668,0.42720427719000137,0.3818806437204486,1.4320524139516824,1.4320524139516824,-0.0023988190429328204,-0.0009712421575600616,-0.998606275028304,3.75,16.687607999597432,-1.4006018348453253,-1.403403038515016,0.007790211754922341,0.002,Good_trade
13/11/2017,162.08,162.44021197751886,162.31755768306644,0.12265429445241693,0.4162841514512198,0.29464079769750634,1.1049029913656487,1.1049029913656487,-0.0006782169060977061,0.0021132769454794927,-0.9964929980828245,3.75,16.687607999597432,-1.4006018348453253,-1.403403038515016,0.007790211754922341,0.002,Good_trade
14/11/2017,162.39,162.43430468604603,162.31978667743363,0.11451800861240713,0.41124193300988465,0.2784687052077799,1.0442576445291745,1.0442576445291745,0.0019126357354390944,0.001607638469932171,-0.9948853596128924,3.75,16.687607999597432,-1.4006018348453253,-1.403403038515016,0.007790211754922341,0.002,Good_trade
15/11/2017,162.64,162.45850413474648,162.32963939505106,0.12886473969541612,0.40417408148375356,0.318834743738005,1.1956302890175188,1.1956302890175188,0.001539503664018671,0.00044108348094593156,-0.9944442761319464,3.75,16.687607999597432,-1.4006018348453253,-1.403403038515016,0.007790211754922341,0.002,Good_trade
16/11/2017,162.7,162.48691541301162,162.34103510597257,0.1458803070390502,0.3933461471615614,0.37087005450985616,1.3907627044119606,1.3907627044119606,0.0003689129365469501,0.001367683052894731,-0.9930765930790517,3.75,16.687607999597432,-1.4006018348453253,-1.403403038515016,0.007790211754922341,0.002,Good_trade
17/11/2017,162.86,162.5308077173632,162.35700325655802,0.1738044608051723,0.3843717830729662,0.45217799135941933,1.6956674675978225,1.6956674675978225,0.0009834050399510907,0.001041181055874978,-0.9920354120231767,3.75,16.687607999597432,-1.4006018348453253,-1.403403038515016,0.007790211754922341,0.002,Good_trade
20/11/2017,162.96,162.58130092708518,162.37555700251008,0.2057439245751027,0.37456130616431643,0.5492930561408413,2.059848960528155,2.059848960528155,0.0006140243153629488,0.001516825449578901,-0.9905185865735978,3.75,16.687607999597432,-1.4006018348453253,-1.403403038515016,0.007790211754922341,0.002,Good_trade
21/11/2017,163.08,162.63997140625162,162.39723217166363,0.24273923458798663,0.36536416570998076,0.6643761413117577,2.4914105299190914,2.4914105299190914,0.0007363770250368162,-0.0015277229150842868,-0.9920463094886821,3.75,16.687607999597432,-1.4006018348453253,-1.403403038515016,0.007790211754922341,0.002,Good_trade
22/11/2017,162.98,162.67997477022203,162.4151634894586,0.26481128076343907,0.3561120411101004,0.7436178791875404,2.7885670469532764,2.7885670469532764,-0.0006131959774344775,0.0013687898132055925,-0.9906775196754766,3.75,16.687607999597432,-1.4006018348453253,-1.403403038515016,0.007790211754922341,0.002,Good_trade
23/11/2017,163.06,162.72468362078413,162.43500461285987,0.2896790079242635,0.34685274170421604,0.8351642443446264,3.131865916292349,3.131865916292349,0.0004908577739599629,-0.0038413662655366696,-0.9945188859410132,3.75,16.687607999597432,-1.4006018348453253,-1.403403038515016,0.007790211754922341,0.002,Good_trade
24/11/2017,162.86,162.74060319480952,162.44808139400266,0.29252180080686685,0.34053768513808474,0.8589997923086019,3.221249221157257,3.221249221157257,-0.0012265423770390083,0.004944813369085935,-0.9895740725719273,3.75,16.687607999597432,-1.4006018348453253,-1.403403038515016,0.007790211754922341,0.002,Good_trade
27/11/2017,163.11,162.78406164247897,162.46844812034104,0.31561352213793725,0.3362675505305096,0.9385785861288498,3.5196696979831867,3.5196696979831867,0.001535060788407261,0.001294710207093109,-0.9882793623648342,3.75,16.687607999597432,-1.4006018348453253,-1.403403038515016,0.007790211754922341,0.002,Good_trade
28/11/2017,163.17,162.8294661551285,162.49003433202284,0.3394318231056559,0.32735034929916684,1.0369068608979786,3.8884007283674196,3.8884007283674196,0.0003678499172337091,-0.016442952151581054,-1.0047223145164152,3.75,16.687607999597432,-1.4006018348453253,-1.403403038515016,0.007790211754922341,0.002,Good_trade
29/11/2017,162.48,162.78835248981926,162.48972558334523,0.298626906474027,0.3565123397856799,0.8376341381438545,3.141128018039454,3.141128018039454,-0.004228718514432739,0.004639775506705575,-1.0000825390097097,3.75,16.687607999597432,-1.4006018348453253,-1.403403038515016,0.007790211754922341,0.002,Good_trade
30/11/2017,162.72,162.78031102042877,162.49681095001154,0.283500070417233,0.3512039791793103,0.8072234007134912,3.027087752675592,3.027087752675592,0.001477104874446189,0.020091290393865084,-0.9799912486158446,3.75,16.687607999597432,-1.4006018348453253,-1.403403038515016,0.007790211754922341,0.002,Good_trade
01/12/2017,163.8,162.9002744297901,162.53690907462655,0.36336535516355184,0.4239405945348374,0.8571138500247875,3.2141769375929528,3.2141769375929528,0.006637168141593097,-0.016286732956057384,-0.9962779815719021,3.75,16.687607999597432,-1.4006018348453253,-1.403403038515016,0.007790211754922341,0.002,Good_trade
04/12/2017,162.97,162.90847743805006,162.55023494925342,0.358242488796634,0.45524561144297737,0.7869213448562948,2.950955043211106,2.950955043211106,-0.00506715506715516,0.0034403967491570945,-0.992837584822745,3.75,16.687607999597432,-1.4006018348453253,-1.403403038515016,0.007790211754922341,0.002,Good_trade
05/12/2017,163.16,162.9380683276912,162.56899695081484,0.36907137687637714,0.44496886729338225,0.8294319086216801,3.1103696573313004,3.1103696573313004,0.0011658587470086967,0.006862791594994619,-0.9859747932277504,3.75,16.687607999597432,-1.4006018348453253,-1.403403038515016,0.007790211754922341,0.002,Good_trade
06/12/2017,163.52,163.00653087737462,162.59825858309745,0.40827229427716816,0.4407948977641773,0.9262182850755034,3.473318569033138,3.473318569033138,0.002206423142927294,0.0027613222478858556,-0.9832134709798646,3.75,16.687607999597432,-1.4006018348453253,-1.403403038515016,0.007790211754922341,0.002,Good_trade
07/12/2017,163.65,163.08223312709524,162.6306198574637,0.4516132696315367,0.42978011242465136,1.0508007620076025,3.9405028575285095,3.9405028575285095,0.0007950097847357895,-0.07006943669665736,-1.053282907676522,3.75,16.687607999597432,-1.4006018348453253,-1.403403038515016,0.007790211754922341,0.002,Good_trade
08/12/2017,160.74,162.80667628861343,162.57244693877252,0.23422934984091626,0.7952746096560247,0.29452637742606425,1.104473915347741,1.104473915347741,-0.017781851512373992,0.019926429977033915,-1.0333564776994881,3.75,16.687607999597432,-1.4006018348453253,-1.403403038515016,0.007790211754922341,0.002,Good_trade
11/12/2017,163.64,162.90471437230596,162.60529472527182,0.29941964703414214,1.0260941380700517,0.29180524079136755,1.0942696529676283,1.0942696529676283,0.018041557795197116,-0.002474210288425802,-1.035830687987914,3.75,16.687607999597432,-1.4006018348453253,-1.403403038515016,0.007790211754922341,0.002,Good_trade
12/12/2017,163.27,162.94768915203468,162.62574719526344,0.3219419567712407,1.0016772597021113,0.32140288067134815,1.2052608025175555,1.2052608025175555,-0.0022610608653139685,0.0,-1.035830687987914,3.75,16.687607999597432,-1.4006018348453253,-1.403403038515016,0.007790211754922341,0.002,Good_trade
13/12/2017,163.27,162.98560807532473,162.6455703584861,0.3400377168386228,0.9742288237945974,0.34903270005313974,1.308872625199274,1.308872625199274,0.0,-0.0003206645740674967,-1.0361513525619814,3.75,16.687607999597432,-1.4006018348453253,-1.403403038515016,0.007790211754922341,0.002,Good_trade
14/12/2017,163.23,163.01436006646298,162.6635528089942,0.35080725746877306,0.9475781796018158,0.3702145796731903,1.3883046737744638,1.3883046737744638,-0.00024499295645263874,0.002041249290607598,-1.0341101032713738,3.75,16.687607999597432,-1.4006018348453253,-1.403403038515016,0.007790211754922341,0.002,Good_trade
15/12/2017,163.47,163.06796476452615,162.68836656871747,0.3795981958086827,0.9232998140631127,0.4111321046824505,1.5417453925591893,1.5417453925591893,0.0014703179562580715,-0.0006601956168050644,-1.0347702988881788,3.75,16.687607999597432,-1.4006018348453253,-1.403403038515016,0.007790211754922341,0.002,Good_trade
18/12/2017,163.4,163.10702773340543,162.7102629819877,0.39676475141772016,0.8981465770447169,0.441759465056633,1.6565979939623738,1.6565979939623738,-0.0004282131277909551,-0.010341064588994081,-1.045111363477173,3.75,16.687607999597432,-1.4006018348453253,-1.403403038515016,0.007790211754922341,0.002,Good_trade
19/12/2017,162.38,163.02149505888713,162.70010104408038,0.32139401480674223,0.9051527358795698,0.35507158302342423,1.331518436337841,1.331518436337841,-0.006242350061199553,-0.00524800960251381,-1.0503593730796867,3.75,16.687607999597432,-1.4006018348453253,-1.403403038515016,0.007790211754922341,0.002,Good_trade
20/12/2017,161.74,162.87073093431218,162.6705594734933,0.20017146081886494,0.8928356229340227,0.224197439794197,0.8407403992282388,0.8407403992282388,-0.003941372090158768,-0.0001559429453248756,-1.0505153160250116,3.75,16.687607999597432,-1.4006018348453253,-1.403403038515016,0.007790211754922341,0.002,Good_trade
21/12/2017,161.71,162.73417435380486,162.64100379738582,0.09317055641903949,0.8683977282717597,0.10729018902947007,0.40233820886051275,0.40233820886051275,-0.00018548287374797745,0.0,-1.0505153160250116,3.75,16.687607999597432,-1.4006018348453253,-1.403403038515016,0.007790211754922341,0.002,Good_trade
22/12/2017,161.71,162.61368325335724,162.61235752669702,0.0013257266602124673,0.8446014813710497,0.001569647566874264,0.0058861783757784905,0.0058861783757784905,0.0,0.0,-1.0505153160250116,3.75,16.687607999597432,-1.4006018348453253,-1.403403038515016,0.007790211754922341,0.002,Good_trade
25/12/2017,161.71,162.50736757649167,162.5845926797217,-0.07722510323003462,0.8214573105273402,-0.09400988005141671,-0.3525370501928127,-0.3525370501928127,0.0,-0.00013080343214127716,-1.0506461194571528,3.75,16.687607999597432,-1.4006018348453253,-1.403403038515016,0.007790211754922341,0.002,Good_trade
26/12/2017,161.77,162.4206184498456,162.55952828957643,-0.13890983973084303,0.799069119826963,-0.17383957943578612,-0.651898422884198,-0.651898422884198,0.000371034568053874,-0.002095488532483026,-1.052741607989636,3.75,16.687607999597432,-1.4006018348453253,-1.403403038515016,0.007790211754922341,0.002,Good_trade
27/12/2017,162.29,162.40525157339317,162.55123511143563,-0.1459835380424579,0.7865198926907556,-0.18560692412118784,-0.6960259654544544,-0.6960259654544544,0.003214440254682538,0.002144389566376388,-1.0505972184232595,3.75,16.687607999597432,-1.4006018348453253,-1.403403038515016,0.007790211754922341,0.002,Good_trade
28/12/2017,161.79,162.3328690353469,162.52781249262222,-0.1949434572753148,0.7737496270084193,-0.25194643133985456,-0.9447991175244546,-0.9447991175244546,-0.003080904553576902,-0.0,-1.0505972184232595,3.75,16.687607999597432,-1.4006018348453253,-1.403403038515016,0.007790211754922341,0.002,Good_trade
29/12/2017,161.79,162.26900209001195,162.5051105697723,-0.23610847976036098,0.7525469723213005,-0.31374583706325015,-1.1765468889871882,-1.1765468889871882,0.0,0.0007999268050471008,-1.0497972916182123,3.75,16.687607999597432,-1.4006018348453253,-1.403403038515016,0.007790211754922341,0.002,Good_trade
01/01/2018,161.68,162.19970772648114,162.47972255224084,-0.28001482575970726,0.7323719903689555,-0.38233961626337043,-1.4337735609876392,-1.4337735609876392,-0.000679893689350286,0.0035471884240168994,-1.0462501031941955,3.75,16.687607999597432,-1.4006018348453253,-1.403403038515016,0.007790211754922341,0.002,Good_trade
02/01/2018,161.28,162.09150681748335,162.4428080121719,-0.3513011946885456,0.7183484366783501,-0.4890401047059636,-1.8339003926473634,-1.8339003926473634,-0.002474022761009387,-0.00341127305179945,-1.049661376245995,3.75,16.687607999597432,-1.4006018348453253,-1.403403038515016,0.007790211754922341,0.002,Good_trade
03/01/2018,161.58,162.03132954483823,162.41626007333585,-0.38493052849761966,0.7021368288292004,-0.5482272296405302,-2.0558521111519883,-2.0558521111519883,0.0018601190476190688,-0.00012723431805605133,-1.049788610564051,3.75,16.687607999597432,-1.4006018348453253,-1.403403038515016,0.007790211754922341,0.002,Good_trade
04/01/2018,161.59,161.97940842191608,162.39083668646398,-0.41142826454790793,0.6829004997354715,-0.6024717579021818,-2.2592690921331817,-2.2592690921331817,6.188884762958757e-05,-0.0,-1.049788610564051,3.75,16.687607999597432,-1.4006018348453253,-1.403403038515016,0.007790211754922341,0.002,Good_trade
05/01/2018,161.59,161.9335956663965,162.36619555764972,-0.4325998912532043,0.6641873359727515,-0.6513221011954854,-2.44245787948307,-2.44245787948307,0.0,-0.003174182527950156,-1.0529627930920011,3.75,16.687607999597432,-1.4006018348453253,-1.403403038515016,0.007790211754922341,0.002,Good_trade
08/01/2018,161.8,161.91787852917338,162.34877415587587,-0.43089562670249393,0.6478294028925912,-0.6651374957334802,-2.494265609000551,-2.494265609000551,0.0012995853703818838,0.0077078665296679795,-1.0452549265623332,3.75,16.687607999597432,-1.4006018348453253,-1.403403038515016,0.007790211754922341,0.002,Good_trade
09/01/2018,161.3,161.8451869375059,162.31650418184893,-0.4713172443430267,0.640711233472615,-0.7356157028627648,-2.758558885735368,-2.758558885735368,-0.0030902348578492056,0.0039334689629211645,-1.041321457599412,3.75,16.687607999597432,-1.4006018348453253,-1.403403038515016,0.007790211754922341,0.002,Good_trade
10/01/2018,161.07,161.7539884742699,162.2781502070228,-0.5241617327529013,0.6254442953662752,-0.8380630163809226,-3.1427363114284597,-3.1427363114284597,-0.0014259144451334027,0.01482882968079462,-1.0264926279186175,3.75,16.687607999597432,-1.4006018348453253,-1.403403038515016,0.007790211754922341,0.002,Good_trade
11/01/2018,160.31,161.58410747729698,162.21759173911443,-0.6334842618174434,0.6334487293661654,-1.000056093649937,-3.7502103511872638,-3.7502103511872638,-0.004718445396411419,-0.0016375442865893012,-1.0281301722052067,3.75,16.687607999597432,-1.4006018348453253,-1.403403038515016,0.007790211754922341,0.002,Good_trade
12/01/2018,160.38,161.44244777408557,162.161050454834,-0.7186026807484325,0.6163055850869439,-1.1659843722608116,-4.3724413959780435,-4.3724413959780435,0.0004366539829081528,0.0010905203631319054,-1.0270396518420748,3.75,16.687607999597432,-1.4006018348453253,-1.403403038515016,0.007790211754922341,0.002,Good_trade
15/01/2018,160.34,161.31274803595787,162.10501813314679,-0.7922700971889185,0.5994894245923305,-1.3215747679413765,-4.9559053797801615,-4.9559053797801615,-0.0002494076568150261,-0.013290752858335576,-1.0403304047004103,3.75,16.687607999597432,-1.4006018348453253,-1.403403038515016,0.007790211754922341,0.002,Good_trade
16/01/2018,160.77,161.24889532584515,162.0639406521269,-0.8150453262817337,0.5915706294659988,-1.377765030386079,-5.166618863947796,-5.166618863947796,0.002681801172508491,-0.001606835499143905,-1.0419372401995541,3.75,16.687607999597432,-1.4006018348453253,-1.403403038515016,0.007790211754922341,0.002,Good_trade
17/01/2018,160.82,161.1984370522163,162.02566555513835,-0.8272285029220541,0.5754775534551759,-1.4374644118703876,-5.390491544513954,-5.390491544513954,0.0003110032966349152,0.008044509207083833,-1.0338927309924704,3.75,16.687607999597432,-1.4006018348453253,-1.403403038515016,0.007790211754922341,0.002,Good_trade
18/01/2018,160.58,161.12567975195557,161.98118353805717,-0.8555037861015933,0.5624825404756157,-1.5209428285155464,-5.703535606933299,-5.703535606933299,-0.0014923516975499096,-0.002841467483837691,-1.036734198476308,3.75,16.687607999597432,-1.4006018348453253,-1.403403038515016,0.007790211754922341,0.002,Good_trade
19/01/2018,160.66,161.07089389878433,161.9405317368862,-0.8696378381018519,0.5473852166953951,-1.5887126863818495,-5.957672573931935,-5.957672573931935,0.0004981940465811352,-0.0029665990658198694,-1.039700797542128,3.75,16.687607999597432,-1.4006018348453253,-1.403403038515016,0.007790211754922341,0.002,Good_trade
22/01/2018,160.74,161.0319652048097,161.90359229882816,-0.8716270940184643,0.5327103097187333,-1.636212174077645,-6.135795652791169,-6.135795652791169,0.0004979459728620128,-0.0022903305908144986,-1.0419911281329424,3.75,16.687607999597432,-1.4006018348453253,-1.403403038515016,0.007790211754922341,0.002,Good_trade
23/01/2018,160.8,161.00467518071443,161.86963561271037,-0.8649604319959394,0.518300486591123,-1.6688397066435507,-6.258148899913316,-6.258148899913316,0.00037327360955585753,0.015567534576899071,-1.0264235935560433,3.75,16.687607999597432,-1.4006018348453253,-1.403403038515016,0.007790211754922341,0.002,Good_trade
24/01/2018,160.4,160.9335369241598,161.8244160553962,-0.890879131236403,0.5126043414949603,-1.7379469097710751,-6.517300911641532,-6.517300911641532,-0.0024875621890547706,0.01422104313637466,-1.0122025504196686,3.75,16.687607999597432,-1.4006018348453253,-1.403403038515016,0.007790211754922341,0.002,Good_trade
25/01/2018,160.05,160.8295914036704,161.76981863830707,-0.9402272346366658,0.5051548433249401,-1.8612654061635237,-6.979745273113213,-6.979745273113213,-0.00218204488778051,0.011338542774192701,-1.0008640076454758,3.75,16.687607999597432,-1.4006018348453253,-1.403403038515016,0.007790211754922341,0.002,Good_trade
26/01/2018,159.79,160.70728653265036,161.70890114174378,-1.0016146090934228,0.49501704995786644,-2.023394162238807,-7.587728108395526,-7.587728108395526,-0.0016244923461419258,0.051284475605901506,-0.9495795320395742,3.75,16.687607999597432,-1.4006018348453253,-1.403403038515016,0.007790211754922341,0.002,Good_trade
29/01/2018,158.71,160.4723116464562,161.61662726045935,-1.1443156140031476,0.5429963364371594,-2.107409456040738,-7.902785460152768,-7.902785460152768,-0.0067588710182112655,-0.009958774444146183,-0.9595383064837204,3.75,16.687607999597432,-1.4006018348453253,-1.403403038515016,0.007790211754922341,0.002,Good_trade
30/01/2018,158.91,160.28851027628488,161.533346421676,-1.2448361453911048,0.5301599898359642,-2.3480386473077064,-8.8051449274039,-8.8051449274039,0.0012601600403250313,0.004986867053466211,-0.9545514394302542,3.75,16.687607999597432,-1.4006018348453253,-1.403403038515016,0.007790211754922341,0.002,Good_trade
31/01/2018,158.82,160.11574436142783,161.44985883947058,-1.3341144780427499,0.5160566834254935,-2.585209185136665,-9.694534444262494,-9.694534444262494,-0.0005663583160279151,0.013429023912213043,-0.9411224155180412,3.75,16.687607999597432,-1.4006018348453253,-1.403403038515016,0.007790211754922341,0.002,Good_trade
01/02/2018,158.6,159.9374214953775,161.36217087517917,-1.424749379801682,0.5045149535132649,-2.8239983173545755,-10.589993690079659,-10.589993690079659,-0.001385215967762199,0.04874335052810925,-0.8923790649899319,3.75,16.687607999597432,-1.4006018348453253,-1.403403038515016,0.007790211754922341,0.002,Good_trade
02/02/2018,157.87,159.69419543709776,161.2547194636352,-1.5605240265374505,0.5192129397345195,-3.005556886419986,-11.270838324074948,-11.270838324074948,-0.004602774274905408,-0.015706495415825108,-0.908085560405757,3.75,16.687607999597432,-1.4006018348453253,-1.403403038515016,0.007790211754922341,0.002,Good_trade
05/02/2018,158.09,159.50546656214507,161.15734348013876,-1.6518769179936896,0.5075689991058242,-3.254487411374165,-12.20432779265312,-12.20432779265312,0.001393551656426073,-0.05944292744856205,-0.9675284878543191,3.75,16.687607999597432,-1.4006018348453253,-1.403403038515016,0.007790211754922341,0.002,Good_trade
06/02/2018,158.86,159.42952931953977,161.0866559884422,-1.6571266689024355,0.525118264925642,-3.1557208720155425,-11.833953270058284,-11.833953270058284,0.0048706433044469755,0.046930571321521994,-0.9205979165327971,3.75,16.687607999597432,-1.4006018348453253,-1.403403038515016,0.007790211754922341,0.002,Good_trade
07/02/2018,158.23,159.28840822312333,160.99875888110554,-1.710350657982218,0.5313171223236404,-3.219076867883047,-12.071538254561426,-12.071538254561426,-0.003965756011582666,0.03738263126293965,-0.8832152852698575,3.75,16.687607999597432,-1.4006018348453253,-1.403403038515016,0.007790211754922341,0.002,Good_trade
08/02/2018,157.74,159.1062425498147,160.8984893770715,-1.792246827256804,0.5291662477387745,-3.3869258194667684,-12.700971823000382,-12.700971823000382,-0.0030967578840926935,-0.02415551887219522,-0.9073708041420527,3.75,16.687607999597432,-1.4006018348453253,-1.403403038515016,0.007790211754922341,0.002,Good_trade
09/02/2018,158.04,158.9808022498365,160.810535857777,-1.8297336079405113,0.5193705161085966,-3.5229832098476828,-13.211187036928811,-13.211187036928811,0.0019018638265499987,0.00585157613632541,-0.9015192280057274,3.75,16.687607999597432,-1.4006018348453253,-1.403403038515016,0.007790211754922341,0.002,Good_trade
12/02/2018,157.97,158.86188433809104,160.7231347544608,-1.8612504163697565,0.5054005811583374,-3.682723142312026,-13.810211783670097,-13.810211783670097,-0.0004429258415590276,-0.012239220419788695,-0.913758448425516,3.75,16.687607999597432,-1.4006018348453253,-1.403403038515016,0.007790211754922341,0.002,Good_trade
13/02/2018,158.11,158.77342735713916,160.6427306081697,-1.8693032510305443,0.49262784484818756,-3.79455459243601,-14.229579721635037,-14.229579721635037,0.0008862442235868517,0.011699736663163597,-0.9020587117623524,3.75,16.687607999597432,-1.4006018348453253,-1.403403038515016,0.007790211754922341,0.002,Good_trade
14/02/2018,157.98,158.68008296218161,160.56080043561064,-1.88071747342903,0.48008098340468536,-3.917500460216469,-14.690626725811759,-14.690626725811759,-0.0008222123837835493,0.009299042110274098,-0.8927596696520783,3.75,16.687607999597432,-1.4006018348453253,-1.403403038515016,0.007790211754922341,0.002,Good_trade
15/02/2018,157.88,158.5859555548661,160.4783142683611,-1.8923587134949855,0.46750404744420326,-4.047791080826609,-15.179216553099783,-15.179216553099783,-0.0006329915179136281,-0.07018512847582453,-0.9629447981279029,3.75,16.687607999597432,-1.4006018348453253,-1.403403038515016,0.007790211754922341,0.002,Good_trade
16/02/2018,158.61,158.58878431311715,160.42082767548845,-1.8320433623713086,0.4853363615780957,-3.7747910674039074,-14.155466502764652,-14.155466502764652,0.004623764884722714,0.030343979641510727,-0.9326008184863922,3.75,16.687607999597432,-1.4006018348453253,-1.403403038515016,0.007790211754922341,0.002,Good_trade
19/02/2018,158.27,158.55128027627984,160.35464836239652,-1.8033680861166772,0.4786099928776079,-3.767928194048054,-14.129730727680203,-14.129730727680203,-0.002143622722400873,-0.010713133805026425,-0.9433139522914187,3.75,16.687607999597432,-1.4006018348453253,-1.403403038515016,0.007790211754922341,0.002,Good_trade
20/02/2018,158.39,158.53230612612927,160.29419764355353,-1.7618915174242602,0.46633022126712304,-3.7782057372065845,-14.168271514524692,-14.168271514524692,0.0007581980160484836,-0.010734216691349798,-0.9540481689827685,3.75,16.687607999597432,-1.4006018348453253,-1.403403038515016,0.007790211754922341,0.002,Good_trade
21/02/2018,158.51,158.52968187599643,160.23929925452111,-1.7096173785246833,0.4544089012958852,-3.7622884887360026,-14.10858183276001,-14.10858183276001,0.0007576235873476556,-0.022251879743802598,-0.9763000487265711,3.75,16.687607999597432,-1.4006018348453253,-1.403403038515016,0.007790211754922341,0.002,Good_trade
22/02/2018,158.76,158.55677812587922,160.19378235438202,-1.6370042285028035,0.4457626545532909,-3.672367372594915,-13.771377647230931,-13.771377647230931,0.0015771875591445994,-0.06245522742508468,-1.0387552761516556,3.75,16.687607999597432,-1.4006018348453253,-1.403403038515016,0.007790211754922341,0.002,Good_trade
23/02/2018,159.48,158.66539246401106,160.17181982040103,-1.5064273563899633,0.4647420687372285,-3.241426713280217,-12.155350174800812,-12.155350174800812,0.0045351473922903285,-0.006097491936194742,-1.0448527680878503,3.75,16.687607999597432,-1.4006018348453253,-1.403403038515016,0.007790211754922341,0.002,Good_trade
26/02/2018,159.56,158.77064040942153,160.1529945951579,-1.382354185736375,0.45238950169120923,-3.0556725577596153,-11.458772091598558,-11.458772091598558,0.0005016302984701682,0.02585333387425145,-1.0189994342135988,3.75,16.687607999597432,-1.4006018348453253,-1.403403038515016,0.007790211754922341,0.002,Good_trade
27/02/2018,159.2,158.82115330243076,160.12367168453767,-1.3025183821069106,0.44788298252806635,-2.908166715231894,-10.905625182119604,-10.905625182119604,-0.0022562045625470484,-0.016440640978071398,-1.0354400751916701,3.75,16.687607999597432,-1.4006018348453253,-1.403403038515016,0.007790211754922341,0.002,Good_trade
28/02/2018,159.44,158.8939587962624,160.10263563270573,-1.208676836443317,0.43916908063696947,-2.7521901921926193,-10.320713220722322,-10.320713220722322,0.001507537688442362,-0.016830064208402943,-1.052270139400073,3.75,16.687607999597432,-1.4006018348453253,-1.403403038515016,0.007790211754922341,0.002,Good_trade
01/03/2018,159.7,158.9887871731727,160.09024684400708,-1.1014596708343731,0.4313909573336886,-2.5532748244010466,-9.574780591503925,-9.574780591503925,0.0016307074761665596,-0.0041968355754879545,-1.056466974975561,3.75,16.687607999597432,-1.4006018348453253,-1.403403038515016,0.007790211754922341,0.002,Good_trade
02/03/2018,159.77,159.08069456456417,160.0803930949607,-0.9996985303965289,0.4198852974783766,-2.380884818783186,-8.928318070436948,-8.928318070436948,0.00043832185347536523,0.1441763824355475,-0.9122905925400135,3.75,16.687607999597432,-1.4006018348453253,-1.403403038515016,0.007790211754922341,0.002,Good_trade
05/03/2018,157.19,158.85825990990958,159.99145792280805,-1.1331980128984753,0.7256577297266961,-1.5616150238284803,-5.856056339356801,-5.856056339356801,-0.016148213056268457,0.023097874740131443,-0.8891927177998821,3.75,16.687607999597432,-1.4006018348453253,-1.403403038515016,0.007790211754922341,0.002,Good_trade
06/03/2018,156.57,158.5890528616849,159.88618229441397,-1.297129432729065,0.7203428223802136,-1.800711261955783,-6.752667232334186,-6.752667232334186,-0.003944271264075372,-0.01035089822929252,-0.8995436160291745,3.75,16.687607999597432,-1.4006018348453253,-1.403403038515016,0.007790211754922341,0.002,Good_trade
07/03/2018,156.81,158.37975252501607,159.79153053150893,-1.4117780064928525,0.7028221558409532,-2.0087272359870427,-7.53272713495141,-7.53272713495141,0.001532860701283889,-0.019214915209365337,-0.9187585312385399,3.75,16.687607999597432,-1.4006018348453253,-1.403403038515016,0.007790211754922341,0.002,Good_trade
08/03/2018,157.21,158.24213458089653,159.7120988228471,-1.4699642419505778,0.6898602364508412,-2.130814568343839,-7.990554631289396,-7.990554631289396,0.0025508577259103493,0.011690271389839534,-0.9070682598487003,3.75,16.687607999597432,-1.4006018348453253,-1.403403038515016,0.007790211754922341,0.002,Good_trade
09/03/2018,156.98,158.0936481596146,159.62803424368258,-1.5343860840679895,0.6730838690012859,-2.2796357998367927,-8.548634249387973,-8.548634249387973,-0.0014630112588258637,-0.015792482687747564,-0.9228607425364479,3.75,16.687607999597432,-1.4006018348453253,-1.403403038515016,0.007790211754922341,0.002,Good_trade
12/03/2018,157.27,157.9967483761305,159.55547934387695,-1.5587309677464418,0.6581026436584915,-2.3685225743528733,-8.881959653823275,-8.881959653823275,0.0018473690916041008,-0.011295173464517692,-0.9341559160009656,3.75,16.687607999597432,-1.4006018348453253,-1.403403038515016,0.007790211754922341,0.002,Good_trade
13/03/2018,157.47,157.93477797893868,159.49131074868075,-1.5565327697420628,0.6417557870038898,-2.4254284904993435,-9.095356839372538,-9.095356839372538,0.0012716983531506632,-0.0271468706071311,-0.9613027866080966,3.75,16.687607999597432,-1.4006018348453253,-1.403403038515016,0.007790211754922341,0.002,Good_trade
14/03/2018,157.94,157.93539233435766,159.4435781102598,-1.5081857759021489,0.6336630350877385,-2.3801069218016195,-8.925400956756073,-8.925400956756073,0.002984695497554979,-0.01130226789509322,-0.9726050545031899,3.75,16.687607999597432,-1.4006018348453253,-1.403403038515016,0.007790211754922341,0.002,Good_trade
15/03/2018,158.14,157.95946382443321,159.4034680145595,-1.444004190126293,0.6180507604291561,-2.3363844567129397,-8.761441712673523,-8.761441712673523,0.0012663036596174404,-0.002770153570467493,-0.9753752080736574,3.75,16.687607999597432,-1.4006018348453253,-1.403403038515016,0.007790211754922341,0.002,Good_trade
16/03/2018,158.19,157.98658572744108,159.36613053718844,-1.3795448097473582,0.601227033305179,-2.2945488697729766,-8.604558261648663,-8.604558261648663,0.0003161755406602129,-0.002175752768606715,-0.9775509608422641,3.75,16.687607999597432,-1.4006018348453253,-1.403403038515016,0.007790211754922341,0.002,Good_trade
19/03/2018,158.23,158.01522270068332,159.33117267450572,-1.3159499738223985,0.5848258714096742,-2.250156906790752,-8.43808840046532,-8.43808840046532,0.0002528604842277904,0.009065758883138887,-0.9684852019591252,3.75,16.687607999597432,-1.4006018348453253,-1.403403038515016,0.007790211754922341,0.002,Good_trade
20/03/2018,158.06,158.02049061825,159.2920596691363,-1.2715690508863133,0.5701717497398756,-2.2301509176251364,-8.363065941094261,-8.363065941094261,-0.0010743853883586896,0.009523926796134705,-0.9589612751629906,3.75,16.687607999597432,-1.4006018348453253,-1.403403038515016,0.007790211754922341,0.002,Good_trade
21/03/2018,157.88,158.00396231022057,159.24861167931675,-1.2446493690961802,0.5561244719472893,-2.2380769627669808,-8.392788610376178,-8.392788610376178,-0.0011388080475769335,-0.057412032551344826,-1.0163733077143353,3.75,16.687607999597432,-1.4006018348453253,-1.403403038515016,0.007790211754922341,0.002,Good_trade
22/03/2018,158.96,158.11643733254755,159.23973131995317,-1.1232939874056171,0.5963267059947169,-1.8836888841526558,-7.0638333155724595,-7.0638333155724595,0.006840638459589599,0.003999402355318925,-1.0123739053590164,3.75,16.687607999597432,-1.4006018348453253,-1.403403038515016,0.007790211754922341,0.002,Good_trade
23/03/2018,158.87,158.20509176401254,159.22835497164692,-1.0232632076343862,0.5803632112944406,-1.7631427832100222,-6.611785437037583,-6.611785437037583,-0.0005661801711122072,-0.0024970549897538725,-1.0148709603487702,3.75,16.687607999597432,-1.4006018348453253,-1.403403038515016,0.007790211754922341,0.002,Good_trade
26/03/2018,158.93,158.2903750858934,159.21917481867317,-0.9287997327797655,0.5646321690924542,-1.6449642503944575,-6.168615938979215,-6.168615938979215,0.0003776672751305554,-0.01164402429807854,-1.0265149846468489,3.75,16.687607999597432,-1.4006018348453253,-1.403403038515016,0.007790211754922341,0.002,Good_trade
27/03/2018,159.23,158.40091919343533,159.21950790117552,-0.8185887077401901,0.5535715003768764,-1.4787406995896422,-5.545277623461158,-5.545277623461158,0.0018876234820359716,-0.0027860466612886457,-1.0293010313081374,3.75,16.687607999597432,-1.4006018348453253,-1.403403038515016,0.007790211754922341,0.002,Good_trade
28/03/2018,159.31,158.5078698765606,159.22229227344704,-0.714422396886448,0.5387234463521453,-1.3261394166599059,-4.973022812474647,-4.973022812474647,0.0005024178860768558,-0.0,-1.0293010313081374,3.75,16.687607999597432,-1.4006018348453253,-1.403403038515016,0.007790211754922341,0.002,Good_trade
29/03/2018,159.31,158.602238126377,159.22499097272558,-0.6227528463485896,0.5239610906673718,-1.1885478854076479,-4.45705457027868,-4.45705457027868,0.0,-0.0,-1.0293010313081374,3.75,16.687607999597432,-1.4006018348453253,-1.403403038515016,0.007790211754922341,0.002,Good_trade
30/03/2018,159.31,158.68550422915618,159.22760663510326,-0.5421024059470767,0.5096032600628402,-1.0637734261751564,-3.9891503481568362,-3.9891503481568362,0.0,-0.003004821051904069,-1.0323058523600415,3.75,16.687607999597432,-1.4006018348453253,-1.403403038515016,0.007790211754922341,0.002,Good_trade
02/04/2018,159.43,158.7730919669025,159.23383412325393,-0.46074215635141513,0.49642347586248886,-0.9281232229215575,-3.4804620859558404,-3.4804620859558404,0.0007532483836545367,0.0028379857691414414,-1.0294678665909,3.75,16.687607999597432,-1.4006018348453253,-1.403403038515016,0.007790211754922341,0.002,Good_trade
03/04/2018,159.3,158.83508114726692,159.23586999638457,-0.4007888491176459,0.48376533731001325,-0.8284778139464068,-3.1067918022990257,-3.1067918022990257,-0.0008154048798845182,-0.003315471477657018,-1.0327833380685572,3.75,16.687607999597432,-1.4006018348453253,-1.403403038515016,0.007790211754922341,0.002,Good_trade
04/04/2018,159.47,158.90977748288256,159.2430739964958,-0.33329651361324864,0.4721661284425983,-0.7058882319928372,-2.6470808699731396,-2.6470808699731396,0.001067168863778889,0.0059757265516417225,-1.0268076115169154,3.75,16.687607999597432,-1.4006018348453253,-1.403403038515016,0.007790211754922341,0.002,Good_trade
05/04/2018,159.11,158.93333307313168,159.23897941198825,-0.305646338856576,0.46679267490305465,-0.6547796383481249,-2.4554236438054686,-2.4554236438054686,-0.002257477895528881,-0.006018573446572078,-1.0328261849634874,3.75,16.687607999597432,-1.4006018348453253,-1.403403038515016,0.007790211754922341,0.002,Good_trade
06/04/2018,159.5,158.99999977041028,159.24701081469632,-0.24701104428604026,0.4629674860748188,-0.5335386430271294,-2.0007699113517354,-2.0007699113517354,0.0024511344352962094,0.0025088023966792165,-1.0303173825668082,3.75,16.687607999597432,-1.4006018348453253,-1.403403038515016,0.007790211754922341,0.002,Good_trade
09/04/2018,159.3,159.0352939150679,159.2486412511672,-0.21334733609927525,0.45267556727496455,-0.4713029629224138,-1.7673861109590518,-1.7673861109590518,-0.0012539184952977678,0.0027736756292515226,-1.0275437069375566,3.75,16.687607999597432,-1.4006018348453253,-1.403403038515016,0.007790211754922341,0.002,Good_trade
10/04/2018,159.05,159.03702404270697,159.24252921266972,-0.20550516996274837,0.4440912653422043,-0.4627543615486151,-1.7353288558073066,-1.7353288558073066,-0.0015693659761456535,-0.004909764131488468,-1.032453471069045,3.75,16.687607999597432,-1.4006018348453253,-1.403403038515016,0.007790211754922341,0.002,Good_trade
11/04/2018,159.5,159.09149180238853,159.25045139074143,-0.15895958835290003,0.44441266488762876,-0.35768464967822977,-1.3413174362933615,-1.3413174362933615,0.00282929896259021,0.0017659978785053725,-1.0306874731905395,3.75,16.687607999597432,-1.4006018348453253,-1.403403038515016,0.007790211754922341,0.002,Good_trade
12/04/2018,159.29,159.1148457079899,159.25166827102632,-0.13682256303641793,0.43498342885299884,-0.31454661019433144,-1.179549788228743,-1.179549788228743,-0.0013166144200627006,-0.00037025230341788517,-1.0310577254939575,3.75,16.687607999597432,-1.4006018348453253,-1.403403038515016,0.007790211754922341,0.002,Good_trade
13/04/2018,159.34,159.1413344482264,159.25438617037935,-0.11305172215296011,0.4232234863643595,-0.26712062490698396,-1.0017023434011898,-1.0017023434011898,0.00031389289974259604,0.0011944486334016333,-1.0298632768605558,3.75,16.687607999597432,-1.4006018348453253,-1.403403038515016,0.007790211754922341,0.002,Good_trade
16/04/2018,159.15,159.14235392490562,159.25117428821383,-0.10882036330821165,0.4139896257795406,-0.26285770592271096,-0.9857163972101661,-0.9857163972101661,-0.0011924187272498443,-0.0011767899181271064,-1.031040066778683,3.75,16.687607999597432,-1.4006018348453253,-1.403403038515016,0.007790211754922341,0.002,Good_trade
17/04/2018,159.34,159.16560640432849,159.25390738703803,-0.08830098270954068,0.40506120187748273,-0.21799417544869856,-0.8174781579326196,-0.8174781579326196,0.0011938422871504706,0.0014878164039189956,-1.029552250374764,3.75,16.687607999597432,-1.4006018348453253,-1.403403038515016,0.007790211754922341,0.002,Good_trade
18/04/2018,159.05,159.15200565087807,159.24763331359068,-0.0956276627126158,0.3996894133498169,-0.23925493024985475,-0.8972059884369553,-0.8972059884369553,-0.0018200075310655928,0.004964107323637481,-1.0245881430511266,3.75,16.687607999597432,-1.4006018348453253,-1.403403038515016,0.007790211754922341,0.002,Good_trade
19/04/2018,158.17,159.03647557430415,159.21447536548018,-0.1779997911760347,0.43929018144561566,-0.40519865613721023,-1.5194949605145385,-1.5194949605145385,-0.0055328513046213335,0.0003842688146966286,-1.02420387423643,3.75,16.687607999597432,-1.4006018348453253,-1.403403038515016,0.007790211754922341,0.002,Good_trade
20/04/2018,158.13,158.92983138909187,159.18110689269616,-0.2512755036042904,0.4273537436872019,-0.5879801155742523,-2.2049254334034463,-2.2049254334034463,-0.00025289245748238987,0.004601438013173465,-1.0196024362232565,3.75,16.687607999597432,-1.4006018348453253,-1.403403038515016,0.007790211754922341,0.002,Good_trade
23/04/2018,157.8,158.79691004919871,159.13861129599783,-0.3417012467991185,0.42266505742827415,-0.8084445136728742,-3.031666926273278,-3.031666926273278,-0.002086890533105623,0.0007684833780165403,-1.01883395284524,3.75,16.687607999597432,-1.4006018348453253,-1.403403038515016,0.007790211754922341,0.002,Good_trade
24/04/2018,157.76,158.67492063164593,159.0961924868902,-0.4212718552442709,0.41118816883348974,-1.0245232892750484,-3.8419623347814316,-3.8419623347814316,-0.0002534854245882512,0.0009741283810295948,-1.0178598244642103,3.75,16.687607999597432,-1.4006018348453253,-1.403403038515016,0.007790211754922341,0.002,Good_trade
25/04/2018,157.72,158.56257702792288,159.0538481026782,-0.4912710747553035,0.40002871034134624,-1.2280895397135365,-4.605335773925762,-4.605335773925762,-0.00025354969574031827,-0.01722766996332874,-1.035087494427539,3.75,16.687607999597432,-1.4006018348453253,-1.403403038515016,0.007790211754922341,0.002,Good_trade
26/04/2018,158.31,158.53286208346137,159.0309604687496,-0.49809838528824457,0.4125400527125798,-1.2073940021413483,-4.527727508030056,-4.527727508030056,0.0037408064925184004,-0.010010135985158842,-1.0450976304126978,3.75,16.687607999597432,-1.4006018348453253,-1.403403038515016,0.007790211754922341,0.002,Good_trade
27/04/2018,158.66,158.54781948540708,159.01954630048039,-0.4717268150733105,0.40940382919238794,-1.1522286345095116,-4.320857379410668,-4.320857379410668,0.002210852125576368,-0.0,-1.0450976304126978,3.75,16.687607999597432,-1.4006018348453253,-1.403403038515016,0.007790211754922341,0.002,Good_trade
30/04/2018,158.66,158.56101719300622,159.00848333738867,-0.4474661443824459,0.3981851510632469,-1.12376401577911,-4.214115059171663,-4.214115059171663,0.0,-0.002124853174926218,-1.047222483587624,3.75,16.687607999597432,-1.4006018348453253,-1.403403038515016,0.007790211754922341,0.002,Good_trade
01/05/2018,158.74,158.58207399382903,159.00022231162285,-0.4181483177938219,0.38772027770288664,-1.0784793621608115,-4.044297608103043,-4.044297608103043,0.0005042228665070869,0.0038216242989511794,-1.0434008592886728,3.75,16.687607999597432,-1.4006018348453253,-1.403403038515016,0.007790211754922341,0.002,Good_trade
02/05/2018,158.59,158.58300646514326,158.98760008664982,-0.40459362150656375,0.3787049582876161,-1.0683610358206241,-4.006353884327341,-4.006353884327341,-0.0009449414136324386,-0.016925765196413936,-1.0603266244850866,3.75,16.687607999597432,-1.4006018348453253,-1.403403038515016,0.007790211754922341,0.002,Good_trade
03/05/2018,159.26,158.66265276336168,158.9959816224452,-0.3333288590835366,0.39991251036799735,-0.8335044552039874,-3.1256417070149527,-3.1256417070149527,0.004224730436975799,0.0035326855912508905,-1.0567939388938357,3.75,16.687607999597432,-1.4006018348453253,-1.403403038515016,0.007790211754922341,0.002,Good_trade
04/05/2018,159.08,158.7117524382603,158.99856680329307,-0.28681436503276814,0.3911988005774309,-0.7331678026860369,-2.7493792600726383,-2.7493792600726383,-0.0011302273012682162,-0.003975089450695816,-1.0607690283445315,3.75,16.687607999597432,-1.4006018348453253,-1.403403038515016,0.007790211754922341,0.002,Good_trade
07/05/2018,159.31,158.78213450434734,159.00814936319173,-0.22601485884439398,0.3842183203653849,-0.588245918699186,-2.205922195121947,-2.205922195121947,0.0014458134272063994,0.0063694947571157215,-1.0543995335874157,3.75,16.687607999597432,-1.4006018348453253,-1.403403038515016,0.007790211754922341,0.002,Good_trade
08/05/2018,158.85,158.79011868030648,159.00328322893967,-0.21316454863318768,0.388692545755359,-0.5484142954656823,-2.0565536079963085,-2.0565536079963085,-0.0028874521373423168,-0.0,-1.0543995335874157,3.75,16.687607999597432,-1.4006018348453253,-1.403403038515016,0.007790211754922341,0.002,Good_trade
09/05/2018,158.85,158.79716354144688,158.99856682189537,-0.20140328044848843,0.3780414080495203,-0.5327545505864434,-1.9978295646991626,-1.9978295646991626,0.0,-0.002766902765085429,-1.057166436352501,3.75,16.687607999597432,-1.4006018348453253,-1.403403038515016,0.007790211754922341,0.002,Good_trade
10/05/2018,159.07,158.82926194833547,159.00076476583706,-0.17150281750159024,0.3712228047006139,-0.46199429380397283,-1.732478601764898,-1.732478601764898,0.0013849543594586233,0.002396085323368717,-1.0547703510291324,3.75,16.687607999597432,-1.4006018348453253,-1.403403038515016,0.007790211754922341,0.002,Good_trade
11/05/2018,158.85,158.83170171911954,158.99612584996515,-0.16442413084561736,0.364655445501072,-0.4509027161782341,-1.6908851856683778,-1.6908851856683778,-0.0013830389136857413,0.007557623429805213,-1.0472127275993273,3.75,16.687607999597432,-1.4006018348453253,-1.403403038515016,0.007790211754922341,0.002,Good_trade
14/05/2018,158.14,158.75032504628194,158.96978351612006,-0.21945846983811634,0.3911962177066474,-0.5609933325139794,-2.103724996927423,-2.103724996927423,-0.004469625432798274,0.0050551125511091415,-1.0421576150482181,3.75,16.687607999597432,-1.4006018348453253,-1.403403038515016,0.007790211754922341,0.002,Good_trade
15/05/2018,157.76,158.63381621730758,158.93255940793176,-0.29874319062417953,0.3905992217848189,-0.7648330410365158,-2.8681239038869344,-2.8681239038869344,-0.002402934109017263,-0.007635725403350604,-1.0497933404515687,3.75,16.687607999597432,-1.4006018348453253,-1.403403038515016,0.007790211754922341,0.002,Good_trade
16/05/2018,158.18,158.58042607409493,158.90940373384154,-0.32897765974661297,0.39224479815205243,-0.8387049651046892,-3.1451436191425843,-3.1451436191425843,0.002662271805274008,0.006163829320610791,-1.043629511130958,3.75,16.687607999597432,-1.4006018348453253,-1.403403038515016,0.007790211754922341,0.002,Good_trade
17/05/2018,157.87,158.4968465359661,158.87742208049258,-0.38057554452646514,0.3882448154474343,-0.9802463017770613,-3.67592363166398,-3.67592363166398,-0.0019597926412947553,-0.018627598057459456,-1.0622571091884174,3.75,16.687607999597432,-1.4006018348453253,-1.403403038515016,0.007790211754922341,0.002,Good_trade
18/05/2018,158.67,158.5172175317348,158.87103986263125,-0.3538223308964632,0.42092855159475556,-0.8405757451138688,-3.152159044177008,-3.152159044177008,0.005067460568822346,-0.011323694807972594,-1.07358080399639,3.75,16.687607999597432,-1.4006018348453253,-1.403403038515016,0.007790211754922341,0.002,Good_trade
21/05/2018,159.24,158.6022507632954,158.88239248224258,-0.280141718947192,0.4303088015684157,-0.6510248405938116,-2.4413431522267937,-2.4413431522267937,0.0035923615050106328,0.005212614115530701,-1.0683681898808595,3.75,16.687607999597432,-1.4006018348453253,-1.403403038515016,0.007790211754922341,0.002,Good_trade
22/05/2018,158.9,158.6372800852606,158.88293425201974,-0.24565416675912388,0.4259170793791376,-0.5767652405891206,-2.1628696522092024,-2.1628696522092024,-0.0021351419241396608,-0.01170590246003698,-1.0800740923408965,3.75,16.687607999597432,-1.4006018348453253,-1.403403038515016,0.007790211754922341,0.002,Good_trade
23/05/2018,159.76,158.7693647811123,158.90992089041913,-0.1405561093068286,0.45997613180556124,-0.30557261472480873,-1.1458973052180328,-1.1458973052180328,0.005412208936437901,-0.003299403858289294,-1.0833734961991857,3.75,16.687607999597432,-1.4006018348453253,-1.403403038515016,0.007790211754922341,0.002,Good_trade
24/05/2018,160.22,158.94002774804025,158.95023101686775,-0.010203268827496004,0.4599774220098981,-0.02218210794545573,-0.08318290479545899,-0.08318290479545899,0.0028793189784677153,-0.00041534342676549397,-1.0837888396259512,3.75,16.687607999597432,-1.4006018348453253,-1.403403038515016,0.007790211754922341,0.002,Good_trade
25/05/2018,161.02,159.18473036591786,159.01391621634875,0.1708141495691109,0.48449675776564316,0.35255994355226566,1.3220997883209962,1.3220997883209962,0.00499313444014482,0.007471809758862835,-1.0763170298670883,3.75,16.687607999597432,-1.4006018348453253,-1.403403038515016,0.007790211754922341,0.002,Good_trade
28/05/2018,161.93,159.50770326404518,159.1036418712303,0.4040613928148673,0.516537295950476,0.7822501801566085,2.933438175587282,2.933438175587282,0.0056514718668487784,0.015760459536595994,-1.0605565703304922,3.75,16.687607999597432,-1.4006018348453253,-1.403403038515016,0.007790211754922341,0.002,Good_trade
29/05/2018,162.8,159.89503229180457,159.21737596750015,0.6776563243044222,0.5415737137263023,1.251272554647829,4.692272079929358,4.692272079929358,0.00537269190390921,-0.022481401857155314,-1.0830379721876475,3.75,16.687607999597432,-1.4006018348453253,-1.403403038515016,0.007790211754922341,0.002,Good_trade
30/05/2018,162.02,160.14502849276874,159.30361055311553,0.841417939653212,0.5570766616896967,1.510416783753004,5.664062939073765,5.664062939073765,-0.0047911547911547725,0.004195084265452714,-1.0788428879221947,3.75,16.687607999597432,-1.4006018348453253,-1.403403038515016,0.007790211754922341,0.002,Good_trade
31/05/2018,162.14,160.37973102303124,159.39088407455813,0.9888469484731104,0.5425292181688834,1.8226611864529905,6.834979449198714,6.834979449198714,0.0007406493025550187,-0.02866526474315402,-1.1075081526653487,3.75,16.687607999597432,-1.4006018348453253,-1.403403038515016,0.007790211754922341,0.002,Good_trade
01/06/2018,161.46,160.5068214909099,159.45454917995633,1.0522723109535832,0.5508378959034318,1.9103121240918737,7.163670465344526,7.163670465344526,-0.004193906500554956,-0.028839253081097256,-1.136347405746446,3.75,16.687607999597432,-1.4006018348453253,-1.403403038515016,0.007790211754922341,0.002,Good_trade
04/06/2018,160.81,160.54248955080286,159.4962553590346,1.0462341917682636,0.5566498138530187,1.8795195214859406,7.048198205572278,7.048198205572278,-0.004025764895330131,0.028050785719583658,-1.1082966200268622,3.75,16.687607999597432,-1.4006018348453253,-1.403403038515016,0.007790211754922341,0.002,Good_trade
05/06/2018,161.45,160.64925548600252,159.55637057875663,1.0928849072458888,0.561471655422604,1.9464649670040866,7.299243626265325,7.299243626265325,0.0039798519992537695,-0.05832161212686396,-1.1666182321537262,3.75,16.687607999597432,-1.4006018348453253,-1.403403038515016,0.007790211754922341,0.002,Good_trade
06/06/2018,160.16,160.59169601706105,159.57494379171797,1.0167522253430832,0.6230258485485116,1.6319583332085688,6.119843749532133,6.119843749532133,-0.007990089811086953,-0.019869622563416192,-1.1864878547171425,3.75,16.687607999597432,-1.4006018348453253,-1.403403038515016,0.007790211754922341,0.002,Good_trade
07/06/2018,159.64,160.47973177975976,159.57694552120358,0.9027862585561763,0.6178962188418659,1.461064546160009,5.478992048100033,5.478992048100033,-0.0032467532467532756,0.026083901005738642,-1.160403953711404,3.75,16.687607999597432,-1.4006018348453253,-1.403403038515016,0.007790211754922341,0.002,Good_trade
08/06/2018,160.4,160.47035157037627,159.6022702743973,0.8680812959789534,0.6264022281739495,1.385820894203286,5.1968283532623225,5.1968283532623225,0.004760711601102585,-0.021383458311428245,-1.1817874120228322,3.75,16.687607999597432,-1.4006018348453253,-1.403403038515016,0.007790211754922341,0.002,Good_trade
11/06/2018,159.74,160.38442785621433,159.60650811210817,0.7779197441061569,0.6282642605719584,1.2382046742527666,4.643267528447875,4.643267528447875,-0.004114713216957555,0.003197442269495889,-1.1785899697533364,3.75,16.687607999597432,-1.4006018348453253,-1.403403038515016,0.007790211754922341,0.002,Good_trade
12/06/2018,159.85,160.32155399077735,159.61400017019716,0.7075538205801877,0.6115832209822756,1.156921570614334,4.338455889803753,4.338455889803753,0.000688619005884572,0.0059709746372026765,-1.1726189951161337,3.75,16.687607999597432,-1.4006018348453253,-1.403403038515016,0.007790211754922341,0.002,Good_trade
13/06/2018,160.07,160.2919594036271,159.6280309341911,0.6639284694360015,0.5970194271488659,1.112071800756413,4.170269252836548,4.170269252836548,0.001376290272130154,0.016673782231620155,-1.1559452128845136,3.75,16.687607999597432,-1.4006018348453253,-1.403403038515016,0.007790211754922341,0.002,Good_trade
14/06/2018,160.71,160.34114065025918,159.66132229006215,0.6798183601970322,0.5994214975484784,1.134124089605331,4.252965336019992,4.252965336019992,0.003998250765290257,0.011908620504069446,-1.144036592380444,3.75,16.687607999597432,-1.4006018348453253,-1.403403038515016,0.007790211754922341,0.002,Good_trade
15/06/2018,161.16,160.43747704434634,159.70743545036794,0.7300415939783989,0.592309146141678,1.2325347307802266,4.62200524042585,4.62200524042585,0.002800074668657837,-0.00028679605611966845,-1.1443233884365638,3.75,16.687607999597432,-1.4006018348453253,-1.403403038515016,0.007790211754922341,0.002,Good_trade
18/06/2018,161.15,160.52130327442325,159.75182205189506,0.7694812225281851,0.5760831012010363,1.3357121931262108,5.008920724223291,5.008920724223291,-6.205013651028324e-05,0.011811293051224551,-1.1325120953853391,3.75,16.687607999597432,-1.4006018348453253,-1.403403038515016,0.007790211754922341,0.002,Good_trade
19/06/2018,161.53,160.63997347743228,159.80653521952905,0.8334382579032251,0.567219650531816,1.4693395356134205,5.510023258550326,5.510023258550326,0.0023580515048091666,-0.0006822290916301356,-1.1331943244769693,3.75,16.687607999597432,-1.4006018348453253,-1.403403038515016,0.007790211754922341,0.002,Good_trade
20/06/2018,161.51,160.74232953891084,159.8589495204666,0.8833800184442282,0.5516960242700794,1.601207874595404,6.004529529732765,6.004529529732765,-0.00012381600941002713,0.0237935663366303,-1.1094007581403391,3.75,16.687607999597432,-1.4006018348453253,-1.403403038515016,0.007790211754922341,0.002,Good_trade
21/06/2018,162.15,160.9079378284507,159.92944338137534,0.9784944470753771,0.5568273450647672,1.757267231481895,6.589752118057106,6.589752118057106,0.0039626029348029945,-0.002031992635848919,-1.111432750776188,3.75,16.687607999597432,-1.4006018348453253,-1.403403038515016,0.007790211754922341,0.002,Good_trade
22/06/2018,162.1,161.04818043686825,159.99622973887148,1.051950697996773,0.5416936460273191,1.9419661015254372,7.28237288072039,7.28237288072039,-0.0003083564600678823,0.005840274364549937,-1.105592476411638,3.75,16.687607999597432,-1.4006018348453253,-1.403403038515016,0.007790211754922341,0.002,Good_trade
25/06/2018,162.23,161.1872180325308,160.06496113152159,1.122256901009223,0.5277161454214362,2.1266298383063194,7.974861893648698,7.974861893648698,0.0008019740900677697,-0.006882085095917853,-1.112474561507556,3.75,16.687607999597432,-1.4006018348453253,-1.403403038515016,0.007790211754922341,0.002,Good_trade
26/06/2018,162.09,161.29342767576247,160.12727001978246,1.1661576559800153,0.5142864790789335,2.267525403484371,8.50322026306639,8.50322026306639,-0.0008629723232447262,0.011016572615484856,-1.101457988892071,3.75,16.687607999597432,-1.4006018348453253,-1.403403038515016,0.007790211754922341,0.002,Good_trade
27/06/2018,162.3,161.41184794920218,160.194123249943,1.217724699259179,0.5025709682229165,2.42299053517762,9.086214506916075,9.086214506916075,0.0012955765315565415,0.008957451146682761,-1.0925005377453882,3.75,16.687607999597432,-1.4006018348453253,-1.403403038515016,0.007790211754922341,0.002,Good_trade
28/06/2018,162.46,161.53515995517841,160.26384253456013,1.2713174206182885,0.490212729154207,2.5933994468315165,9.725247925618186,9.725247925618186,0.0009858287122612719,0.005387617341534814,-1.0871129204038534,3.75,16.687607999597432,-1.4006018348453253,-1.403403038515016,0.007790211754922341,0.002,Good_trade
29/06/2018,162.55,161.65455290162802,160.33418584118905,1.3203670604389686,0.4772386278816851,2.7666810339717687,10.375053877394132,10.375053877394132,0.0005539825187739211,0.00510614770957436,-1.082006772694279,3.75,16.687607999597432,-1.4006018348453253,-1.403403038515016,0.007790211754922341,0.002,Good_trade
02/07/2018,162.63,161.76931138378941,160.40482627684477,1.3644851069446418,0.46453361609903726,2.937322638570332,11.014959894638746,11.014959894638746,0.0004921562596122975,0.006095716599135394,-1.0759110560951437,3.75,16.687607999597432,-1.4006018348453253,-1.403403038515016,0.007790211754922341,0.002,Good_trade
03/07/2018,162.72,161.8811571033436,160.4760623914034,1.4050947119402224,0.45228852956192517,3.1066335316996883,11.649875743873832,11.649875743873832,0.0005534034311012181,-0.012171084540673224,-1.088082140635817,3.75,16.687607999597432,-1.4006018348453253,-1.403403038515016,0.007790211754922341,0.002,Good_trade
04/07/2018,162.55,161.95984450295023,160.5398758562833,1.4199686466669448,0.4416667445234872,3.215022784201116,12.056335440754184,12.056335440754184,-0.001044739429695074,0.011125501790913431,-1.0769566388449034,3.75,16.687607999597432,-1.4006018348453253,-1.403403038515016,0.007790211754922341,0.002,Good_trade
05/07/2018,162.7,162.0469216202502,160.6063412145515,1.4405804056987108,0.43097729803599716,3.3425899978109452,12.534712491791044,12.534712491791044,0.0009227929867732243,0.009245024579072515,-1.067711614265831,3.75,16.687607999597432,-1.4006018348453253,-1.403403038515016,0.007790211754922341,0.002,Good_trade
06/07/2018,162.82,162.13787201786783,160.6744537925653,1.4634182253025472,0.4200949088320434,3.483541920017962,13.063282200067357,13.063282200067357,0.000737553779963207,-0.016848601289853153,-1.0845602155556842,3.75,16.687607999597432,-1.4006018348453253,-1.403403038515016,0.007790211754922341,0.002,Good_trade
09/07/2018,162.61,162.19341648635395,160.73400906048636,1.459407425867596,0.4114900621088602,3.546640758195293,13.299902843232347,13.299902843232347,-0.0012897678417883585,-0.018811743766950283,-1.1033719593226345,3.75,16.687607999597432,-1.4006018348453253,-1.403403038515016,0.007790211754922341,0.002,Good_trade
10/07/2018,162.38,162.21536748795936,160.7846549355483,1.4307125524110518,0.4037708238292365,3.5433777479081336,13.287666554655502,13.287666554655502,-0.0014144271570015743,0.01227460268012379,-1.0910973566425108,3.75,16.687607999597432,-1.4006018348453253,-1.403403038515016,0.007790211754922341,0.002,Good_trade
11/07/2018,162.53,162.2523830776112,160.83835786060834,1.4140252170028589,0.39425196827735093,3.5866028093184084,13.449760534944032,13.449760534944032,0.0009237590836310705,0.019860595141737058,-1.0712367615007738,3.75,16.687607999597432,-1.4006018348453253,-1.403403038515016,0.007790211754922341,0.002,Good_trade
12/07/2018,162.77,162.31327918612752,160.89779300335883,1.4154861827686886,0.3874871055280872,3.65298912550804,13.698709220655148,13.698709220655148,0.0014766504645296052,0.01767358196435029,-1.0535631795364235,3.75,16.687607999597432,-1.4006018348453253,-1.403403038515016,0.007790211754922341,0.002,Good_trade
13/07/2018,162.98,162.39171692893603,160.96186091094776,1.4298560179882713,0.380018455926946,3.762596252070305,14.109735945263644,14.109735945263644,0.0012901640351414834,-0.044152444055002876,-1.0977156235914265,3.75,16.687607999597432,-1.4006018348453253,-1.403403038515016,0.007790211754922341,0.002,Good_trade
16/07/2018,162.47,162.40092670200238,161.0082651906109,1.3926615113914806,0.3881588884610405,3.5878645389599573,13.45449202109984,13.45449202109984,-0.00312921830899493,0.03146862170257773,-1.0662470018888488,3.75,16.687607999597432,-1.4006018348453253,-1.403403038515016,0.007790211754922341,0.002,Good_trade
17/07/2018,162.85,162.45375885470798,161.06493395397672,1.3888249007312652,0.38772225689503564,3.582009740305542,13.432536526145782,13.432536526145782,0.0023388933341539353,0.008248410516514084,-1.0579985913723347,3.75,16.687607999597432,-1.4006018348453253,-1.403403038515016,0.007790211754922341,0.002,Good_trade
18/07/2018,162.95,162.5121401659188,161.12293598616205,1.3892041797567458,0.3778137392238116,3.6769551647612277,13.788581867854605,13.788581867854605,0.000614062020263928,0.011000402840265221,-1.0469981885320694,3.75,16.687607999597432,-1.4006018348453253,-1.403403038515016,0.007790211754922341,0.002,Good_trade
19/07/2018,163.08,162.57894720522245,161.183153340434,1.395793864788459,0.3687016208894122,3.785700375879582,14.196376409548431,14.196376409548431,0.0007977907333538425,-0.04787838499663814,-1.0948765735287076,3.75,16.687607999597432,-1.4006018348453253,-1.403403038515016,0.007790211754922341,0.002,Good_trade
20/07/2018,162.53,162.5731887104904,161.22459477611295,1.3485939343774476,0.3807152224938775,3.5422642823249206,13.283491058718452,13.283491058718452,-0.0033725778758891822,-0.03514367289269068,-1.1300202464213982,3.75,16.687607999597432,-1.4006018348453253,-1.403403038515016,0.007790211754922341,0.002,Good_trade
23/07/2018,162.1,162.5175194504327,161.25153032146332,1.2659891289693803,0.38354121038488886,3.3007903575705537,12.377963840889576,12.377963840889576,-0.0026456654156156167,0.01374480870672495,-1.1162754377146733,3.75,16.687607999597432,-1.4006018348453253,-1.403403038515016,0.007790211754922341,0.002,Good_trade
24/07/2018,162.28,162.4895759856759,161.28317554234135,1.2064004433345588,0.3753713513461361,3.2138852339376243,12.052069627266091,12.052069627266091,0.0011104256631708775,0.0066840415729245255,-1.1095913961417487,3.75,16.687607999597432,-1.4006018348453253,-1.403403038515016,0.007790211754922341,0.002,Good_trade
25/07/2018,162.37,162.4755082226552,161.3166162948847,1.1588919277704974,0.36568439351366294,3.1691041464343983,11.884140549128993,11.884140549128993,0.0005545969928519856,-0.013906427938255087,-1.1234978240800038,3.75,16.687607999597432,-1.4006018348453253,-1.403403038515016,0.007790211754922341,0.002,Good_trade
26/07/2018,162.18,162.44074254940165,161.3431819473498,1.097560602051857,0.3583964906953305,3.0624200586408166,11.484075219903062,11.484075219903062,-0.001170166902752956,-0.007789174215005149,-1.131286998295009,3.75,16.687607999597432,-1.4006018348453253,-1.403403038515016,0.007790211754922341,0.002,Good_trade
27/07/2018,162.07,162.3971257788838,161.36554557973903,1.03158019914477,0.34951246194367974,2.951483313092848,11.06806242409818,11.06806242409818,-0.0006782587248737038,-0.04370679306116257,-1.1749937913561714,3.75,16.687607999597432,-1.4006018348453253,-1.403403038515016,0.007790211754922341,0.002,Good_trade
30/07/2018,161.43,162.2833462754857,161.36752879267013,0.9158174828155836,0.37107454036955356,2.4680148681273577,9.255055755477592,9.255055755477592,-0.003948910964397978,0.00859975446522665,-1.166394036890945,3.75,16.687607999597432,-1.4006018348453253,-1.403403038515016,0.007790211754922341,0.002,Good_trade
31/07/2018,161.58,162.20059965484032,161.37406636828027,0.8265332865600499,0.36258721254216686,2.2795433980284914,8.548287742606842,8.548287742606842,0.0009291953168555356,-0.03544592639897723,-1.2018399632899222,3.75,16.687607999597432,-1.4006018348453253,-1.403403038515016,0.007790211754922341,0.002,Good_trade
01/08/2018,160.91,162.0487644013297,161.35978740310242,0.6889769982272753,0.38552288236040244,1.7871234879988047,6.701713079995518,6.701713079995518,-0.004146552791187141,0.014577090162192548,-1.1872628731277297,3.75,16.687607999597432,-1.4006018348453253,-1.403403038515016,0.007790211754922341,0.002,Good_trade
02/08/2018,161.26,161.95596858940854,161.35671702146848,0.5992515679400583,0.38368681798111587,1.5618247483538827,5.856842806327061,5.856842806327061,0.0021751289540736796,0.028692210200907953,-1.1585706629268218,3.75,16.687607999597432,-1.4006018348453253,-1.403403038515016,0.007790211754922341,0.002,Good_trade
03/08/2018,162.05,161.96703110830165,161.3780488054233,0.5889823028783496,0.41592440517142876,1.41608017119263,5.310300641972363,5.310300641972363,0.0048989209971475045,0.009830855862953633,-1.1487398070638681,3.75,16.687607999597432,-1.4006018348453253,-1.403403038515016,0.007790211754922341,0.002,Good_trade
06/08/2018,162.35,162.01208627203087,161.40795499602567,0.6041312760052051,0.41049603739741375,1.4717103722497744,5.518913895936654,5.518913895936654,0.0018512804689909679,-0.01155793486060058,-1.1602977419244687,3.75,16.687607999597432,-1.4006018348453253,-1.403403038515016,0.007790211754922341,0.002,Good_trade
07/08/2018,162.01,162.01184082826254,161.4264794576864,0.5853613705761234,0.4069977383948143,1.4382423177209027,5.393408691453385,5.393408691453385,-0.0020942408376963817,0.0033290591268782224,-1.1569686827975905,3.75,16.687607999597432,-1.4006018348453253,-1.403403038515016,0.007790211754922341,0.002,Good_trade
08/08/2018,162.11,162.023388966114,161.44751085898838,0.575878107125618,0.3965271732295104,1.4523042706894114,5.446141015085293,5.446141015085293,0.0006172458490218968,0.013102183677029347,-1.1438664991205612,3.75,16.687607999597432,-1.4006018348453253,-1.403403038515016,0.007790211754922341,0.002,Good_trade
09/08/2018,162.5,162.07946085245354,161.47989514025028,0.5995657122032583,0.39617710238581955,1.513378003404567,5.675167512767126,5.675167512767126,0.002405773857257376,0.02933625052753494,-1.1145302485930262,3.75,16.687607999597432,-1.4006018348453253,-1.403403038515016,0.007790211754922341,0.002,Good_trade
10/08/2018,163.34,162.2277595756943,161.5371291359349,0.690630439759417,0.431986935986115,1.5987299203455896,5.995237201295961,5.995237201295961,0.005169230769230815,0.0007340807152317635,-1.1137961678777943,3.75,16.687607999597432,-1.4006018348453253,-1.403403038515016,0.007790211754922341,0.002,Good_trade
13/08/2018,163.36,162.36096433149498,161.59321747021383,0.7677468612811538,0.4201751549247539,1.8272067072091494,6.85202515203431,6.85202515203431,0.0001224439818783285,-0.006291648952039883,-1.1200878168298343,3.75,16.687607999597432,-1.4006018348453253,-1.403403038515016,0.007790211754922341,0.002,Good_trade
14/08/2018,163.21,162.46085088073085,161.64296462497649,0.8178862557543596,0.4101466655458961,1.994131183940679,7.477991939777546,7.477991939777546,-0.0009182174338884241,0.022909110776844203,-1.09717870605299,3.75,16.687607999597432,-1.4006018348453253,-1.403403038515016,0.007790211754922341,0.002,Good_trade
15/08/2018,163.71,162.60780960064486,161.70656571343875,0.9012438872061068,0.4155006766197568,2.1690551614453213,8.133956855419955,8.133956855419955,0.0030635377734207214,-0.010930734275195829,-1.108109440328186,3.75,16.687607999597432,-1.4006018348453253,-1.403403038515016,0.007790211754922341,0.002,Good_trade
16/08/2018,163.49,162.71159670645136,161.7614406145637,0.9501560918876635,0.4073390389948326,2.332592756717622,8.747222837691082,8.747222837691082,-0.0013438397165719262,0.009630559121562132,-1.0984788812066237,3.75,16.687607999597432,-1.4006018348453253,-1.403403038515016,0.007790211754922341,0.002,Good_trade
17/08/2018,163.67,162.82435003510412,161.82016551873096,1.004184516373158,0.39838112419068866,2.520662891378599,9.452485842669747,9.452485842669747,0.0011009847697105446,0.003465199184701446,-1.0950136820219223,3.75,16.687607999597432,-1.4006018348453253,-1.403403038515016,0.007790211754922341,0.002,Good_trade
20/08/2018,163.73,162.93089708979772,161.87892965661615,1.0519674331815736,0.38771552694616584,2.7132455629708088,10.174670861140532,10.174670861140532,0.0003665913117858466,-0.030450062431800543,-1.1254637444537228,3.75,16.687607999597432,-1.4006018348453253,-1.403403038515016,0.007790211754922341,0.002,Good_trade
21/08/2018,163.24,162.9672621380568,161.92080874410487,1.0464533939519356,0.3939240063984755,2.656485456469975,9.961820461762407,9.961820461762407,-0.0029927319367250016,-0.01464614623145687,-1.1401098906851796,3.75,16.687607999597432,-1.4006018348453253,-1.403403038515016,0.007790211754922341,0.002,Good_trade
22/08/2018,163.0,162.9711136512266,161.95401462890166,1.0170990223249419,0.38717145788382934,2.626998973230413,9.851246149614049,9.851246149614049,-0.0014702278853222506,0.003626225576544153,-1.1364836651086354,3.75,16.687607999597432,-1.4006018348453253,-1.403403038515016,0.007790211754922341,0.002,Good_trade
23/08/2018,163.06,162.98157086872936,161.98804494801237,0.9935259207169906,0.3768202963703688,2.6366040531438752,9.887265199289532,9.887265199289532,0.0003680981595091115,0.0018190724639926372,-1.1346645926446428,3.75,16.687607999597432,-1.4006018348453253,-1.403403038515016,0.007790211754922341,0.002,Good_trade
24/08/2018,163.09,162.99432723711413,162.0219512573043,0.9723759798098399,0.36656085190345256,2.652700021730502,9.947625081489383,9.947625081489383,0.00018398135655584014,-0.027447613505858375,-1.1621122061505011,3.75,16.687607999597432,-1.4006018348453253,-1.403403038515016,0.007790211754922341,0.002,Good_trade
27/08/2018,162.64,162.9526416798066,162.04096814169492,0.9116735381116712,0.3715504416370895,2.453700590678196,9.201377215043236,9.201377215043236,-0.0027592127046417447,-0.006789014177354574,-1.1689012203278557,3.75,16.687607999597432,-1.4006018348453253,-1.403403038515016,0.007790211754922341,0.002,Good_trade
28/08/2018,162.52,162.90174265865286,162.0557075834889,0.846035075163968,0.3624444253326726,2.3342477247026983,8.753428967635118,8.753428967635118,-0.0007378258730937892,-0.018312612903002144,-1.187213833230858,3.75,16.687607999597432,-1.4006018348453253,-1.403403038515016,0.007790211754922341,0.002,Good_trade
29/08/2018,162.18,162.8168317576349,162.0595319655354,0.7572997920995022,0.3612668644119513,2.0962337449137207,7.8608765434264525,7.8608765434264525,-0.0020920502092049986,0.03877605891442156,-1.1484377743164365,3.75,16.687607999597432,-1.4006018348453253,-1.403403038515016,0.007790211754922341,0.002,Good_trade
30/08/2018,162.98,162.83602802144253,162.08785405890353,0.7481739625389991,0.3975594858182779,1.8819170192834616,7.05718882231298,7.05718882231298,0.00493279072635322,0.012557275484543022,-1.1358804988318933,3.75,16.687607999597432,-1.4006018348453253,-1.403403038515016,0.007790211754922341,0.002,Good_trade
31/08/2018,163.27,162.88708354833165,162.12422778016804,0.7628557681636039,0.3924997526851793,1.9435827995934662,7.288435498475499,7.288435498475499,0.001779359430605032,-0.11427938308383202,-1.2501598819157254,3.75,16.687607999597432,-1.4006018348453253,-1.403403038515016,0.007790211754922341,0.002,Good_trade
03/09/2018,160.71,162.63095607205733,162.0807130792398,0.5502429928175161,0.7070907651326507,0.7781787288853789,2.9181702333201707,2.9181702333201707,-0.01567954921296011,-0.006536875639321171,-1.2566967575550465,3.75,16.687607999597432,-1.4006018348453253,-1.403403038515016,0.007790211754922341,0.002,Good_trade
04/09/2018,160.35,162.3626082988741,162.02746036910938,0.3351479297647302,0.6927892557129014,0.483766061614008,1.8141227310525299,1.8141227310525299,-0.0022400597349263585,-0.004864813061132469,-1.261561570616179,3.75,16.687607999597432,-1.4006018348453253,-1.403403038515016,0.007790211754922341,0.002,Good_trade
05/09/2018,159.92,162.0752426166536,161.96261543467526,0.11262718197835397,0.6811812742243228,0.16534098372948552,0.6200286889855707,0.6200286889855707,-0.0026816339257873523,0.0019773301111971286,-1.2595842405049817,3.75,16.687607999597432,-1.4006018348453253,-1.403403038515016,0.007790211754922341,0.002,Good_trade
06/09/2018,160.43,161.88168466175318,161.91545803668527,-0.03377337493208188,0.6730422558596026,-0.05018017017214896,-0.1881756381455586,-0.1881756381455586,0.0031890945472736743,0.0005630138148093917,-1.2590212266901724,3.75,16.687607999597432,-1.4006018348453253,-1.403403038515016,0.007790211754922341,0.002,Good_trade
07/09/2018,159.95,161.6544276427234,161.85498240478725,-0.20055476206385947,0.6640438306935573,-0.3020203679241941,-1.132576379715728,-1.132576379715728,-0.0029919591098922504,0.0018410119332671294,-1.2571802147569053,3.75,16.687607999597432,-1.4006018348453253,-1.403403038515016,0.007790211754922341,0.002,Good_trade
10/09/2018,159.69,161.42331850828535,161.788367561563,-0.3650490532776587,0.6486701014253217,-0.5627653447808633,-2.110370042928237,-2.110370042928237,-0.001625507971240947,0.005154012879591679,-1.2520262018773136,3.75,16.687607999597432,-1.4006018348453253,-1.403403038515016,0.007790211754922341,0.002,Good_trade
11/09/2018,159.3,161.17351633084002,161.7118024058226,-0.5382860749825795,0.6373774713602306,-0.8445326343804095,-3.1669973789265358,-3.1669973789265358,-0.0024422318241592578,-0.006560634871599084,-1.2585868367489128,3.75,16.687607999597432,-1.4006018348453253,-1.403403038515016,0.007790211754922341,0.002,Good_trade
12/09/2018,159.63,160.9919261742706,161.6477469471819,-0.6558207729113121,0.6246415498575992,-1.0499153843685565,-3.9371826913820867,-3.9371826913820867,0.002071563088512196,0.004192952812973231,-1.2543938839359396,3.75,16.687607999597432,-1.4006018348453253,-1.403403038515016,0.007790211754922341,0.002,Good_trade
13/09/2018,159.46,160.81169956553285,161.58043165649937,-0.7687320909665232,0.608809145598849,-1.2626815752092022,-4.735055907034508,-4.735055907034508,-0.0010649627263045192,0.008611352144989896,-1.2457825317909497,3.75,16.687607999597432,-1.4006018348453253,-1.403403038515016,0.007790211754922341,0.002,Good_trade
14/09/2018,159.17,160.61855844017603,161.5062645286071,-0.8877060884310595,0.5959525682143658,-1.4895582900009403,-5.585843587503526,-5.585843587503526,-0.0018186379029224709,0.005264035547687359,-1.2405184962432623,3.75,16.687607999597432,-1.4006018348453253,-1.403403038515016,0.007790211754922341,0.002,Good_trade
17/09/2018,159.02,160.4304927413318,161.429764081573,-0.9992713402412221,0.5806701911897691,-1.7208931255688475,-6.453349220883179,-6.453349220883179,-0.0009423886410754312,0.0113629592620255,-1.2291555369812368,3.75,16.687607999597432,-1.4006018348453253,-1.403403038515016,0.007790211754922341,0.002,Good_trade
18/09/2018,158.74,160.2316112423516,161.3470021098323,-1.1153908674806985,0.568497913727725,-1.9619964129101468,-7.357486548413051,-7.357486548413051,-0.001760784806942528,0.0055619149918711,-1.2235936219893657,3.75,16.687607999597432,-1.4006018348453253,-1.403403038515016,0.007790211754922341,0.002,Good_trade
19/09/2018,158.62,160.04200991972198,161.26309435260669,-1.2210844328847088,0.5536230966648104,-2.205624079343661,-8.271090297538727,-8.271090297538727,-0.0007559531309059286,-0.006257286821993405,-1.2298509088113592,3.75,16.687607999597432,-1.4006018348453253,-1.403403038515016,0.007790211754922341,0.002,Good_trade
20/09/2018,158.74,159.88883228210764,161.18546068021877,-1.2966283981111246,0.539174761334536,-2.4048388223917985,-9.018145583969245,-9.018145583969245,0.0007565250283696479,-0.014770806676527385,-1.2446217154878865,3.75,16.687607999597432,-1.4006018348453253,-1.403403038515016,0.007790211754922341,0.002,Good_trade
21/09/2018,159.0,159.78426377833028,161.11821573621205,-1.3339519578817658,0.5278725740510491,-2.5270340295284273,-9.476377610731602,-9.476377610731602,0.0016378984502960492,0.04052790424715422,-1.2040938112407322,3.75,16.687607999597432,-1.4006018348453253,-1.403403038515016,0.007790211754922341,0.002,Good_trade
24/09/2018,158.32,159.6119974514679,161.03211679048243,-1.4201193390145477,0.5371982095630049,-2.643566776162142,-9.913375410608033,-9.913375410608033,-0.004276729559748449,0.02817722924945334,-1.175916581991279,3.75,16.687607999597432,-1.4006018348453253,-1.403403038515016,0.007790211754922341,0.002,Good_trade
25/09/2018,157.87,159.4070565748246,160.93482088923682,-1.5277643144122237,0.5328497347262379,-2.8671578774401434,-10.751842040400538,-10.751842040400538,-0.002842344618494086,-0.011577963811161695,-1.1874945458024406,3.75,16.687607999597432,-1.4006018348453253,-1.403403038515016,0.007790211754922341,0.002,Good_trade
26/09/2018,158.04,159.2462263895511,160.8457494772603,-1.5995230877092013,0.5197533040838198,-3.077465934591247,-11.540497254717177,-11.540497254717177,0.0010768353708747735,-0.0014604527024450903,-1.1889549985048857,3.75,16.687607999597432,-1.4006018348453253,-1.403403038515016,0.007790211754922341,0.002,Good_trade
27/09/2018,158.06,159.10667034372156,160.7600341087292,-1.65336376500764,0.5055321627085143,-3.2705411979117853,-12.264529492169196,-12.264529492169196,0.0001265502404454999,-0.05664372092422717,-1.245598719429113,3.75,16.687607999597432,-1.4006018348453253,-1.403403038515016,0.007790211754922341,0.002,Good_trade
28/09/2018,158.79,159.06941500916608,160.69941767461447,-1.6300026654483872,0.5201480263230205,-3.133728444518078,-11.751481666942793,-11.751481666942793,0.004618499304061663,0.0014801286815208274,-1.244118590747592,3.75,16.687607999597432,-1.4006018348453253,-1.403403038515016,0.007790211754922341,0.002,Good_trade
01/10/2018,158.77,159.03418971397008,160.64005097693402,-1.6058612629639413,0.5059160523534879,-3.1741654677561253,-11.90312050408547,-11.90312050408547,-0.00012595251590141743,-0.05622813112089142,-1.3003467218684834,3.75,16.687607999597432,-1.4006018348453253,-1.403403038515016,0.007790211754922341,0.002,Good_trade
02/10/2018,159.52,159.09134386526773,160.60558786995142,-1.5142440046836896,0.5220356936386423,-2.900652241093427,-10.877445904100352,-10.877445904100352,0.004723814322604936,0.04023127559816459,-1.2601154462703188,3.75,16.687607999597432,-1.4006018348453253,-1.403403038515016,0.007790211754922341,0.002,Good_trade
03/10/2018,158.93,159.07236223405974,160.55403132010676,-1.4816690860470203,0.5259340285971352,-2.817214717973643,-10.564555192401162,-10.564555192401162,-0.003698595787362091,0.05916097729338251,-1.2009544689769363,3.75,16.687607999597432,-1.4006018348453253,-1.403403038515016,0.007790211754922341,0.002,Good_trade
04/10/2018,158.04,158.95090785358212,160.47667651025733,-1.5257686566752113,0.5517890089634115,-2.765130569638409,-10.369239636144034,-10.369239636144034,-0.00559994966337396,0.02821294003759575,-1.1727415289393406,3.75,16.687607999597432,-1.4006018348453253,-1.403403038515016,0.007790211754922341,0.002,Good_trade
05/10/2018,157.61,158.7931539884548,160.3884710791725,-1.5953170907176855,0.545900913305029,-2.9223565153229227,-10.95883693246096,-10.95883693246096,-0.0027208301695771375,-0.023640660852968485,-1.196382189792309,3.75,16.687607999597432,-1.4006018348453253,-1.403403038515016,0.007790211754922341,0.002,Good_trade
08/10/2018,157.95,158.69395940157779,160.31344119981335,-1.6194817982355687,0.5367941185220308,-3.0169514574685166,-11.313567965506937,-11.313567965506937,0.0021572235264257777,-0.010027853847238017,-1.206410043639547,3.75,16.687607999597432,-1.4006018348453253,-1.403403038515016,0.007790211754922341,0.002,Good_trade
09/10/2018,158.09,158.62290535433334,160.2450276244345,-1.6221222701011584,0.5230982905621485,-3.100989430414582,-11.628710364054683,-11.628710364054683,0.0008863564419121506,0.015447081892918582,-1.1909629617466284,3.75,16.687607999597432,-1.4006018348453253,-1.403403038515016,0.007790211754922341,0.002,Good_trade
10/10/2018,157.88,158.53550472441177,160.1722575436827,-1.6367528192709244,0.511101453820807,-3.202402980925139,-12.009011178469272,-12.009011178469272,-0.0013283572648491448,-0.03575015995617218,-1.2267131217028007,3.75,16.687607999597432,-1.4006018348453253,-1.403403038515016,0.007790211754922341,0.002,Good_trade
11/10/2018,158.35,158.51368063918684,160.11618808080013,-1.6025074416132838,0.508964618411891,-3.1485635418303652,-11.80711328186387,-11.80711328186387,0.0029769445148213336,-0.013421410740358328,-1.240134532443159,3.75,16.687607999597432,-1.4006018348453253,-1.403403038515016,0.007790211754922341,0.002,Good_trade
12/10/2018,158.53,158.5156005639884,160.06738229369859,-1.5517817297102,0.4967835571393966,-3.123657591740245,-11.713715969025918,-11.713715969025918,0.0011367224502685236,-0.004433375122322474,-1.2445679075654814,3.75,16.687607999597432,-1.4006018348453253,-1.403403038515016,0.007790211754922341,0.002,Good_trade
15/10/2018,158.59,158.52435343881328,160.0219243769694,-1.497570938156116,0.48337178887987775,-3.0981761298615544,-11.618160486980829,-11.618160486980829,0.000378477259824761,-0.009523682850794088,-1.2540915904162755,3.75,16.687607999597432,-1.4006018348453253,-1.403403038515016,0.007790211754922341,0.002,Good_trade
16/10/2018,158.72,158.54737068130584,159.98186516537035,-1.4344944840645155,0.471096765751967,-3.0450102576585687,-11.418788466219633,-11.418788466219633,0.0008197238161296028,-0.03165490754244264,-1.285746497958718,3.75,16.687607999597432,-1.4006018348453253,-1.403403038515016,0.007790211754922341,0.002,Good_trade
17/10/2018,159.16,158.61944471879926,159.95657700643588,-1.3371322876366207,0.4694685233834142,-2.8481830432422557,-10.680686412158458,-10.680686412158458,0.00277217741935476,-0.02415837590083748,-1.3099048738595556,3.75,16.687607999597432,-1.4006018348453253,-1.403403038515016,0.007790211754922341,0.002,Good_trade
18/10/2018,159.52,158.72539239894053,159.9431438677763,-1.217751468835786,0.4642117499611321,-2.623267224359889,-9.837252091349583,-9.837252091349583,0.0022618748429255042,0.007400139486973653,-1.302504734372582,3.75,16.687607999597432,-1.4006018348453253,-1.403403038515016,0.007790211754922341,0.002,Good_trade
19/10/2018,159.4,158.80475799906517,159.9264317487678,-1.1216737497026372,0.45235238619815765,-2.4796459219102616,-9.29867220716348,-9.29867220716348,-0.0007522567703109884,0.0035001275560218783,-1.2990046068165602,3.75,16.687607999597432,-1.4006018348453253,-1.403403038515016,0.007790211754922341,0.002,Good_trade
22/10/2018,159.34,158.867727646234,159.90838769495957,-1.0406600487255844,0.44017790768975573,-2.3641805518759877,-8.865677069534954,-8.865677069534954,-0.00037641154328738047,-0.02503799850188719,-1.3240426053184473,3.75,16.687607999597432,-1.4006018348453253,-1.403403038515016,0.007790211754922341,0.002,Good_trade
23/10/2018,159.79,158.9762302760888,159.90474499665314,-0.9285147205643227,0.4407144281190323,-2.106839852117437,-7.900649445440388,-7.900649445440388,0.0028241496171708125,-0.019283142147330897,-1.3433257474657783,3.75,16.687607999597432,-1.4006018348453253,-1.403403038515016,0.007790211754922341,0.002,Good_trade
24/10/2018,160.18,159.11785024360776,159.91321438137152,-0.7953641377637553,0.438123216357707,-1.815389160099605,-6.807709350373519,-6.807709350373519,0.0024407034232432068,0.0008500074104605201,-1.3424757400553178,3.75,16.687607999597432,-1.4006018348453253,-1.403403038515016,0.007790211754922341,0.002,Good_trade
25/10/2018,160.16,159.24045609730098,159.92080778502162,-0.6803516877206448,0.4261429256782148,-1.5965340422766652,-5.987002658537494,-5.987002658537494,-0.0001248595330254343,-0.026540783513746773,-1.3690165235690646,3.75,16.687607999597432,-1.4006018348453253,-1.403403038515016,0.007790211754922341,0.002,Good_trade
26/10/2018,160.87,159.43216714467735,159.95001369932865,-0.5178465546512996,0.44612817085408474,-1.1607573528923638,-4.352840073346364,-4.352840073346364,0.004433066933066998,0.014070223398646045,-1.3549463001704185,3.75,16.687607999597432,-1.4006018348453253,-1.403403038515016,0.007790211754922341,0.002,Good_trade
29/10/2018,160.35,159.54014748059768,159.96232097011855,-0.42217348952087264,0.45043108688012573,-0.9372654370838899,-3.5147453890645872,-3.5147453890645872,-0.0032324236961522868,-0.0019727289367992996,-1.3569190291072177,3.75,16.687607999597432,-1.4006018348453253,-1.403403038515016,0.007790211754922341,0.002,Good_trade
30/10/2018,160.44,159.6460124828803,159.9770187864226,-0.33100630354229565,0.43858758997553876,-0.7547096888007178,-2.8301613330026916,-2.8301613330026916,0.0005612722170251772,0.003175199700451845,-1.3537438294067659,3.75,16.687607999597432,-1.4006018348453253,-1.403403038515016,0.007790211754922341,0.002,Good_trade
31/10/2018,160.26,159.7182463084238,159.9857259006865,-0.2674795922627027,0.42861712243418937,-0.6240525127499357,-2.3401969228122588,-2.3401969228122588,-0.0011219147344802005,0.004088700476646792,-1.349655128930119,3.75,16.687607999597432,-1.4006018348453253,-1.403403038515016,0.007790211754922341,0.002,Good_trade
01/11/2018,159.98,159.74904086037392,159.9855497191269,-0.236508858752984,0.42192423802857526,-0.5605481682163189,-2.102055630811196,-2.102055630811196,-0.0017471608635966085,0.004598821545092656,-1.3450563073850264,3.75,16.687607999597432,-1.4006018348453253,-1.403403038515016,0.007790211754922341,0.002,Good_trade
02/11/2018,159.63,159.7350360532711,159.97460972776915,-0.23957367449804678,0.4183526959028508,-0.5726595689338648,-2.147473383501993,-2.147473383501993,-0.0021877734716839736,-0.0014798100118099452,-1.3465361173968362,3.75,16.687607999597432,-1.4006018348453253,-1.403403038515016,0.007790211754922341,0.002,Good_trade
05/11/2018,159.74,159.7356200470039,159.9673909669147,-0.2317709199108151,0.40769173025313504,-0.5684955144096472,-2.131858179036177,-2.131858179036177,0.0006890935287853228,0.0005338320217947904,-1.3460022853750415,3.75,16.687607999597432,-1.4006018348453253,-1.403403038515016,0.007790211754922341,0.002,Good_trade
06/11/2018,159.7,159.73142945323872,159.9591635525481,-0.22773409930937305,0.3966290097909874,-0.5741740863316646,-2.153152823743742,-2.153152823743742,-0.00025040691123090486,0.0026964969614823157,-1.3433057884135593,3.75,16.687607999597432,-1.4006018348453253,-1.403403038515016,0.007790211754922341,0.002,Good_trade
07/11/2018,159.5,159.70420245874004,159.94503544323894,-0.24083298449889412,0.3885527547496925,-0.6198205560375961,-2.3243270851409856,-2.3243270851409856,-0.0012523481527864089,0.001894435868766942,-1.3414113525447924,3.75,16.687607999597432,-1.4006018348453253,-1.403403038515016,0.007790211754922341,0.002,Good_trade
08/11/2018,159.37,159.66488452241768,159.9273420449854,-0.26245752256772903,0.37911217454358437,-0.6922951574522853,-2.59610684044607,-2.59610684044607,-0.0008150470219435713,-0.010751273857654228,-1.3521626264024467,3.75,16.687607999597432,-1.4006018348453253,-1.403403038515016,0.007790211754922341,0.002,Good_trade
09/11/2018,160.03,159.70783928448617,159.93050075129355,-0.22266146680738075,0.3993782813949963,-0.5575202187501085,-2.090700820312907,-2.090700820312907,0.004141306393925959,-0.003396751942019308,-1.355559378344466,3.75,16.687607999597432,-1.4006018348453253,-1.403403038515016,0.007790211754922341,0.002,Good_trade
12/11/2018,160.29,159.77632878042897,159.94156226663836,-0.16523348620938805,0.3931097573077525,-0.42032405234864795,-1.5762151963074298,-1.5762151963074298,0.0016246953696181787,0.0020650395609490093,-1.353494338783517,3.75,16.687607999597432,-1.4006018348453253,-1.403403038515016,0.007790211754922341,0.002,Good_trade
13/11/2018,160.08,159.81205480626087,159.94582188920333,-0.13376708294245532,0.3854423518844355,-0.34704822209719643,-1.3014308328644866,-1.3014308328644866,-0.0013101253977164662,-0.00048779266599110934,-1.3539821314495082,3.75,16.687607999597432,-1.4006018348453253,-1.403403038515016,0.007790211754922341,0.002,Good_trade
14/11/2018,160.14,159.8506365937596,159.9517966003048,-0.10116000654520008,0.3751397300724656,-0.2696595386621914,-1.0112232699832178,-1.0112232699832178,0.00037481259370308884,-0.004230795496995058,-1.3582129269465033,3.75,16.687607999597432,-1.4006018348453253,-1.403403038515016,0.007790211754922341,0.002,Good_trade
15/11/2018,160.81,159.9635028768467,159.97820285875696,-0.014699981910268889,0.39672114237120193,-0.03705368920448028,-0.13895133451680106,-0.13895133451680106,0.004183839140752044,0.0001382514366189098,-1.3580746755098845,3.75,16.687607999597432,-1.4006018348453253,-1.403403038515016,0.007790211754922341,0.002,Good_trade
16/11/2018,160.65,160.04426724427648,159.99887354002595,0.0453937042505288,0.3876390166731435,0.11710303219761979,0.4391363707410742,0.4391363707410742,-0.0009949629998133869,-0.00013667487418024426,-1.3582113503840647,3.75,16.687607999597432,-1.4006018348453253,-1.403403038515016,0.007790211754922341,0.002,Good_trade
19/11/2018,160.6,160.10964756847926,160.0173697387944,0.09227782968486054,0.3771959220515663,0.2446416418898751,0.9174061570870317,0.9174061570870317,-0.0003112356053532883,0.0016565864604933809,-1.3565547639235713,3.75,16.687607999597432,-1.4006018348453253,-1.403403038515016,0.007790211754922341,0.002,Good_trade
20/11/2018,160.89,160.20145373689346,160.04421990067763,0.15723383621582343,0.3730041202015605,0.4215337785836223,1.5807516696885835,1.5807516696885835,0.0018057285180572702,-0.003045764296124115,-1.3596005282196955,3.75,16.687607999597432,-1.4006018348453253,-1.403403038515016,0.007790211754922341,0.002,Good_trade
21/11/2018,160.58,160.24598859137657,160.06070544219523,0.1852831491813447,0.3698729723164235,0.5009372488640137,1.8785146832400514,1.8785146832400514,-0.0019267822736028783,0.0005849155197533482,-1.3590156126999422,3.75,16.687607999597432,-1.4006018348453253,-1.403403038515016,0.007790211754922341,0.002,Good_trade
22/11/2018,160.63,160.2911664041558,160.07822219782,0.21294420633580557,0.35992531311432646,0.5916344268572356,2.2186291007146335,2.2186291007146335,0.00031137127911318174,0.006491662063972483,-1.3525239506359696,3.75,16.687607999597432,-1.4006018348453253,-1.403403038515016,0.007790211754922341,0.002,Good_trade
23/11/2018,161.1,160.38632329778454,160.10966151481017,0.2766617829743723,0.3667209737483094,0.7544203980115214,2.829076492543205,2.829076492543205,0.0029259789578535145,-0.006321958642554327,-1.358845909278524,3.75,16.687607999597432,-1.4006018348453253,-1.403403038515016,0.007790211754922341,0.002,Good_trade
26/11/2018,160.74,160.4279323215746,160.12905654512372,0.2988757764508705,0.36636083012855,0.8157962092890768,3.059235784834038,3.059235784834038,-0.0022346368715082665,0.0053290159248074115,-1.3535168933537165,3.75,16.687607999597432,-1.4006018348453253,-1.403403038515016,0.007790211754922341,0.002,Good_trade
27/11/2018,161.02,160.4975873425658,160.15647018988915,0.3411171526766452,0.3622194729956012,0.9417416182944636,3.5315310686042385,3.5315310686042385,0.0017419435112604464,-0.002631870129378562,-1.356148763483095,3.75,16.687607999597432,-1.4006018348453253,-1.403403038515016,0.007790211754922341,0.002,Good_trade
28/11/2018,160.9,160.54493000814628,160.17934803020026,0.36558197794602165,0.3533967654451461,1.0344802604107788,3.8793009765404203,3.8793009765404203,-0.0007452490373867082,0.012296106264981514,-1.3438526572181135,3.75,16.687607999597432,-1.4006018348453253,-1.403403038515016,0.007790211754922341,0.002,Good_trade
29/11/2018,161.41,160.64670294836438,160.21721424465565,0.4294887037087278,0.3635903762867348,1.181243321385449,4.429662455195434,4.429662455195434,0.0031696706028587762,0.003567660734621969,-1.3402849964834915,3.75,16.687607999597432,-1.4006018348453253,-1.403403038515016,0.007790211754922341,0.002,Good_trade
30/11/2018,161.54,160.75179671914503,160.25791534482008,0.4938813743249568,0.3549163837761565,1.3915429010920068,5.218285879095026,5.218285879095026,0.0008054023914254582,0.027134828144359902,-1.3131501683391316,3.75,16.687607999597432,-1.4006018348453253,-1.403403038515016,0.007790211754922341,0.002,Good_trade
03/12/2018,162.38,160.94335004630443,160.32321025728714,0.6201397890172871,0.3966071438190084,1.5636122512717212,5.863545942268955,5.863545942268955,0.0051999504766622184,0.020943814795640104,-1.2922063535434916,3.75,16.687607999597432,-1.4006018348453253,-1.403403038515016,0.007790211754922341,0.002,Good_trade
04/12/2018,162.96,161.1806029820333,160.40434224937061,0.7762607326626778,0.4086299762948678,1.899666636552692,7.123749887072595,7.123749887072595,0.0035718684567065395,-0.004808618603203925,-1.2970149721466955,3.75,16.687607999597432,-1.4006018348453253,-1.403403038515016,0.007790211754922341,0.002,Good_trade
05/12/2018,162.85,161.37700263120584,160.47959325708229,0.8974093741235549,0.3982545028141995,2.253356503899291,8.450086889622341,8.450086889622341,-0.0006750122729505259,0.03632214198793809,-1.2606928301587574,3.75,16.687607999597432,-1.4006018348453253,-1.403403038515016,0.007790211754922341,0.002,Good_trade
06/12/2018,163.55,161.63264938047575,160.57406731071052,1.0585820697652366,0.4201425985534645,2.5195780513804023,9.448417692676509,9.448417692676509,0.004298434141848384,-0.021952911789772035,-1.2826457419485295,3.75,16.687607999597432,-1.4006018348453253,-1.403403038515016,0.007790211754922341,0.002,Good_trade
07/12/2018,163.17,161.8135141592433,160.65394216268865,1.1595719965546607,0.41807128285167433,2.773622690956413,10.401085091086548,10.401085091086548,-0.002323448486701407,0.014661087031624982,-1.2679846549169045,3.75,16.687607999597432,-1.4006018348453253,-1.403403038515016,0.007790211754922341,0.002,Good_trade
10/12/2018,163.4,162.0001595522735,160.73843624999054,1.2617233022829453,0.41011619691891216,3.0765020054363084,11.536882520386156,11.536882520386156,0.0014095728381444683,0.005648412494679335,-1.262336242422225,3.75,16.687607999597432,-1.4006018348453253,-1.403403038515016,0.007790211754922341,0.002,Good_trade
11/12/2018,163.48,162.17425842847658,160.82279205768313,1.351466370793446,0.3993114115010351,3.3844922330499005,12.691845873937128,12.691845873937128,0.0004895960832311808,-0.038817732670470596,-1.3011539750926957,3.75,16.687607999597432,-1.4006018348453253,-1.403403038515016,0.007790211754922341,0.002,Good_trade
12/12/2018,162.98,162.26905155453812,160.8891676866775,1.3798838678606273,0.40539390645373125,3.4038100866671943,12.76428782500198,12.76428782500198,-0.00305847810129678,-0.008614993623450792,-1.3097689687161465,3.75,16.687607999597432,-1.4006018348453253,-1.403403038515016,0.007790211754922341,0.002,Good_trade
13/12/2018,162.87,162.3397513716513,160.9501163732413,1.3896349984100027,0.39511365722473074,3.5170512914455223,13.188942342920708,13.188942342920708,-0.0006749294391948935,0.02672285241704341,-1.2830461162991031,3.75,16.687607999597432,-1.4006018348453253,-1.403403038515016,0.007790211754922341,0.002,Good_trade
14/12/2018,163.2,162.44095709263348,161.01934356175693,1.4216135308765558,0.3918707065592657,3.627761675167608,13.604106281878531,13.604106281878531,0.0020261558298029225,-0.0050015096624553244,-1.2880476259615585,3.75,16.687607999597432,-1.4006018348453253,-1.403403038515016,0.007790211754922341,0.002,Good_trade
17/12/2018,163.14,162.5231974346766,161.0845945290875,1.4386029055891072,0.3813876786610094,3.7720225011982813,14.145084379493555,14.145084379493555,-0.0003676470588235281,0.01734103761124725,-1.2707065883503113,3.75,16.687607999597432,-1.4006018348453253,-1.403403038515016,0.007790211754922341,0.002,Good_trade
18/12/2018,163.34,162.6192918541264,161.1539916205002,1.465300233626209,0.3738398143086183,3.91959384084369,14.698476903163838,14.698476903163838,0.0012259409096482266,0.003599480079136782,-1.2671071082711745,3.75,16.687607999597432,-1.4006018348453253,-1.403403038515016,0.007790211754922341,0.002,Good_trade
19/12/2018,163.38,162.70878693011153,161.22248418602325,1.4863027440882774,0.36371459098319053,4.08645344711224,15.3242004266709,15.3242004266709,0.00024488796375643496,0.016883070613297777,-1.2502240376578766,3.75,16.687607999597432,-1.4006018348453253,-1.403403038515016,0.007790211754922341,0.002,Good_trade
20/12/2018,163.56,162.80892964421605,161.29440774953022,1.5145218946858279,0.35621473288849625,4.251710428720278,15.943914107701042,15.943914107701042,0.0011017260374586169,-0.01949610431364596,-1.2697201419715225,3.75,16.687607999597432,-1.4006018348453253,-1.403403038515016,0.007790211754922341,0.002,Good_trade
21/12/2018,163.36,162.87376145077886,161.35796443416007,1.5157970166187908,0.34956006163109477,4.336299202906293,16.2611220108986,16.2611220108986,-0.0012227928588895987,0.0,-1.2697201419715225,3.75,16.687607999597432,-1.4006018348453253,-1.403403038515016,0.007790211754922341,0.002,Good_trade
24/12/2018,163.36,162.93096598598135,161.41956552849362,1.5114004574877242,0.3399812508369263,4.445540610745841,16.670777290296904,16.670777290296904,0.0,0.0,-1.2697201419715225,3.75,16.687607999597432,-1.4006018348453253,-1.403403038515016,0.007790211754922341,0.002,Good_trade
25/12/2018,163.36,162.9814405758659,161.47927120453997,1.5021693713259197,0.3306649231645491,4.542874874509727,17.03578077941148,17.03578077941148,0.0,0.0,-1.2697201419715225,3.75,16.687607999597432,-1.4006018348453253,-1.403403038515016,0.007790211754922341,0.002,Good_trade
26/12/2018,163.36,163.0259769787052,161.53713978286183,1.4888371958433595,0.32160388592682215,4.629412954861279,17.360298580729797,17.360298580729797,0.0,0.039319971075353455,-1.2304001708961692,3.75,16.687607999597432,-1.4006018348453253,-1.403403038515016,0.007790211754922341,0.002,Good_trade
27/12/2018,163.73,163.10880321650455,161.60461240492762,1.5041908115769331,0.3244045305992612,4.636774982144342,17.38790618304128,17.38790618304128,0.0022649363369244835,-0.02017774491405219,-1.2505779158102213,3.75,16.687607999597432,-1.4006018348453253,-1.403403038515016,0.007790211754922341,0.002,Good_trade
28/12/2018,163.54,163.15953224985697,161.66416279246832,1.495369457388648,0.3185923635249131,4.69367639840405,17.601286494015188,17.601286494015188,-0.001160447077505622,0.0,-1.2505779158102213,3.75,16.687607999597432,-1.4006018348453253,-1.403403038515016,0.007790211754922341,0.002,Good_trade
31/12/2018,163.54,163.2042931616385,161.7218808603924,1.4824123012461143,0.30986214429897446,4.784102635705605,17.94038488389602,17.94038488389602,0.0,0.0,-1.2505779158102213,3.75,16.687607999597432,-1.4006018348453253,-1.403403038515016,0.007790211754922341,0.002,Good_trade
01/01/2019,163.54,163.24378808379868,161.77782298776495,1.4659650960337274,0.3013711546857286,4.864317879268981,18.24119204725868,18.24119204725868,0.0,0.12269359943734992,-1.1278843163728713,3.75,16.687607999597432,-1.4006018348453253,-1.403403038515016,0.007790211754922341,0.002,Good_trade
02/01/2019,164.64,163.40804830923412,161.8658899727568,1.5421583364773142,0.3889994111953198,3.9644233181190702,14.866587442946514,14.866587442946514,0.006726183196771318,0.016253557700014958,-1.1116307586728564,3.75,16.687607999597432,-1.4006018348453253,-1.403403038515016,0.007790211754922341,0.002,Good_trade
03/01/2019,164.82,163.57416027285365,161.95678566590274,1.6173746069509036,0.38064734927455957,4.249010560649661,15.93378960243623,15.93378960243623,0.0010932944606414363,-0.08217280161430995,-1.1938035602871664,3.75,16.687607999597432,-1.4006018348453253,-1.403403038515016,0.007790211754922341,0.002,Good_trade
04/01/2019,163.97,163.62072965251792,162.0187307223365,1.6019989301814235,0.41965990599342495,3.817374276890113,14.315153538337924,14.315153538337924,-0.005157141123649955,-0.0008730349172606256,-1.194676595204427,3.75,16.687607999597432,-1.4006018348453253,-1.403403038515016,0.007790211754922341,0.002,Good_trade
07/01/2019,163.96,163.66064381104522,162.07846208472614,1.582181726319078,0.4081668075956453,3.8763115884878196,14.536168456829323,14.536168456829323,-6.098676587174001e-05,-0.019504495367786805,-1.2141810905722137,3.75,16.687607999597432,-1.4006018348453253,-1.403403038515016,0.007790211754922341,0.002,Good_trade
08/01/2019,163.74,163.6699798332752,162.12958632827304,1.5403935050021573,0.4002635955385886,3.8484476784090926,14.431678794034097,14.431678794034097,-0.001341790680653765,0.019390309849075273,-1.1947907807231384,3.75,16.687607999597432,-1.4006018348453253,-1.403403038515016,0.007790211754922341,0.002,Good_trade
09/01/2019,163.96,163.70409985288987,162.18590674894156,1.518193103948306,0.3926411988052664,3.866616922951242,14.499813461067157,14.499813461067157,0.001343593501893281,0.022108766560544047,-1.1726820141625944,3.75,16.687607999597432,-1.4006018348453253,-1.403403038515016,0.007790211754922341,0.002,Good_trade
10/01/2019,164.21,163.76361751725577,162.24818654128183,1.515430975973942,0.38627986231009376,3.923142580902651,14.711784678384943,14.711784678384943,0.0015247621371066167,0.01791825671808517,-1.1547637574445093,3.75,16.687607999597432,-1.4006018348453253,-1.403403038515016,0.007790211754922341,0.002,Good_trade
11/01/2019,164.41,163.83966251522568,162.31470387847315,1.5249586367525296,0.3785614527898956,4.0282987755726225,15.106120408397334,15.106120408397334,0.001217952621642926,0.014700926131887015,-1.1400628313126222,3.75,16.687607999597432,-1.4006018348453253,-1.403403038515016,0.007790211754922341,0.002,Good_trade
14/01/2019,164.57,163.92558457225795,162.38409760528938,1.541486966968563,0.3700623422221118,4.165479139845472,15.620546774420518,15.620546774420518,0.0009731768140623931,0.030373549053985833,-1.1096892822586364,3.75,16.687607999597432,-1.4006018348453253,-1.403403038515016,0.007790211754922341,0.002,Good_trade
15/01/2019,164.89,164.03904521081583,162.4612022943574,1.5778429164584225,0.36753064956147796,4.293092068215366,16.099095255807622,16.099095255807622,0.0019444613234489427,-0.029290609356189247,-1.1389798916148257,3.75,16.687607999597432,-1.4006018348453253,-1.403403038515016,0.007790211754922341,0.002,Good_trade
16/01/2019,164.59,164.1038634213081,162.52670376222332,1.5771596590847707,0.36420061455815306,4.330469516088476,16.239260685331786,16.239260685331786,-0.0018193947480137362,-0.028612829447390385,-1.1675927210622161,3.75,16.687607999597432,-1.4006018348453253,-1.403403038515016,0.007790211754922341,0.002,Good_trade
17/01/2019,164.3,164.12693831291892,162.58126672338568,1.5456715895332422,0.3605803530630888,4.286621765170895,16.074831619390856,16.074831619390856,-0.0017619539461691813,-0.02250280750127844,-1.1900955285634947,3.75,16.687607999597432,-1.4006018348453253,-1.403403038515016,0.007790211754922341,0.002,Good_trade
18/01/2019,164.07,164.12023968786966,162.62707390112766,1.4931657867419972,0.3547529283169077,4.209030194130274,15.783863227988528,15.783863227988528,-0.001399878271454713,0.005772120397875561,-1.184323408165619,3.75,16.687607999597432,-1.4006018348453253,-1.403403038515016,0.007790211754922341,0.002,Good_trade
21/01/2019,164.13,164.121387959885,162.67331778109298,1.4480701787920225,0.3453137001230846,4.1934918257684775,15.725594346631791,15.725594346631791,0.0003656975681112229,0.0325760194836705,-1.1517473886819487,3.75,16.687607999597432,-1.4006018348453253,-1.403403038515016,0.007790211754922341,0.002,Good_trade
22/01/2019,164.47,164.16240114107498,162.72860031090548,1.4338008301695027,0.3450285652978155,4.155600360022077,15.583501350082788,15.583501350082788,0.0020715286663011145,0.00947498106042522,-1.1422724076215234,3.75,16.687607999597432,-1.4006018348453253,-1.403403038515016,0.007790211754922341,0.002,Good_trade
23/01/2019,164.57,164.2103539480073,162.78525876287762,1.4250951851296918,0.3363783616342077,4.236584000844268,15.887190003166006,15.887190003166006,0.0006080136195050212,0.072403187108068,-1.0698692205134555,3.75,16.687607999597432,-1.4006018348453253,-1.403403038515016,0.007790211754922341,0.002,Good_trade
24/01/2019,165.32,164.34090054235938,162.86325080094292,1.4776497414164567,0.37072843109974074,3.9858009730548827,14.94675364895581,14.94675364895581,0.004557331226833661,-0.02260276078054127,-1.0924719812939967,3.75,16.687607999597432,-1.4006018348453253,-1.403403038515016,0.007790211754922341,0.002,Good_trade
25/01/2019,165.07,164.4266769491406,162.93115077629852,1.4955261728420908,0.3652242900990314,4.094815743050868,15.355559036440754,15.355559036440754,-0.001512218727316772,-0.014883924673353734,-1.1073559059673503,3.75,16.687607999597432,-1.4006018348453253,-1.403403038515016,0.007790211754922341,0.002,Good_trade
28/01/2019,164.91,164.48353848453584,162.9920384447201,1.4915000398157474,0.3571587342141559,4.1760144634218275,15.660054237831853,15.660054237831853,-0.0009692857575573921,0.016143406830585787,-1.0912124991367647,3.75,16.687607999597432,-1.4006018348453253,-1.403403038515016,0.007790211754922341,0.002,Good_trade
29/01/2019,165.08,164.5537104275316,163.0562834156518,1.4974270118798074,0.34961301578726445,4.283098581178038,16.061619679417642,16.061619679417642,0.001030865320478025,0.009729597576579568,-1.081482901560185,3.75,16.687607999597432,-1.4006018348453253,-1.403403038515016,0.007790211754922341,0.002,Good_trade
30/01/2019,165.18,164.62739155370434,163.12162854132404,1.5057630123802994,0.34082666309681675,4.417973050284994,16.567398938568726,16.567398938568726,0.0006057669008965316,0.04914654001633407,-1.032336361543851,3.75,16.687607999597432,-1.4006018348453253,-1.403403038515016,0.007790211754922341,0.002,Good_trade
31/01/2019,165.67,164.7500513709156,163.20003997082176,1.5500114000938368,0.35051693484630664,4.422072790216199,16.582772963310745,16.582772963310745,0.002966460830608808,-0.017016185210133025,-1.049352546753984,3.75,16.687607999597432,-1.4006018348453253,-1.403403038515016,0.007790211754922341,0.002,Good_trade
01/02/2019,165.5,164.8382806213961,163.27080797171953,1.5674726496765743,0.3431954079140487,4.567289111482339,17.12733416805877,17.12733416805877,-0.0010261362950443331,-0.02276745327476056,-1.0721200000287445,3.75,16.687607999597432,-1.4006018348453253,-1.403403038515016,0.007790211754922341,0.002,Good_trade
04/02/2019,165.28,164.8902476071142,163.33262926489738,1.5576183422168128,0.3376872085575387,4.612606882180464,17.297275808176742,17.297275808176742,-0.0013293051359516417,0.021977419649788377,-1.0501425803789561,3.75,16.687607999597432,-1.4006018348453253,-1.403403038515016,0.007790211754922341,0.002,Good_trade
05/02/2019,165.49,164.96080671215958,163.39900990290056,1.5617968092590218,0.3320429302599777,4.703599043762777,17.638496414110413,17.638496414110413,0.0012705711519844787,0.0021316691539163784,-1.0480109112250398,3.75,16.687607999597432,-1.4006018348453253,-1.403403038515016,0.007790211754922341,0.002,Good_trade
06/02/2019,165.51,165.02541768719962,163.4639634443498,1.561454242849834,0.3229776062753081,4.834558844054472,18.12959566520427,18.12959566520427,0.00012085322375954277,0.0931071011746982,-0.9549038100503415,3.75,16.687607999597432,-1.4006018348453253,-1.403403038515016,0.007790211754922341,0.002,Good_trade
07/02/2019,166.36,165.18242737105848,163.55307226144672,1.6293551096117653,0.3711198792055318,4.390374110650655,16.463902914939958,16.463902914939958,0.005135641350975995,0.03859655047383107,-0.9163072595765105,3.75,16.687607999597432,-1.4006018348453253,-1.403403038515016,0.007790211754922341,0.002,Good_trade
08/02/2019,166.75,165.36684768034573,163.65143926878682,1.7154084115589114,0.37216491425730613,4.609269562613627,17.2847608598011,17.2847608598011,0.002344313536907894,-0.04146269471616564,-0.9577699542926761,3.75,16.687607999597432,-1.4006018348453253,-1.403403038515016,0.007790211754922341,0.002,Good_trade
11/02/2019,166.35,165.48251265912856,163.73447190667028,1.7480407524582802,0.3737225202460499,4.677376014984091,17.54016005619034,17.54016005619034,-0.0023988005997002126,-0.03479562860560491,-0.992565582898281,3.75,16.687607999597432,-1.4006018348453253,-1.403403038515016,0.007790211754922341,0.002,Good_trade
12/02/2019,166.02,165.54574646393695,163.80479584800352,1.7409506159334285,0.3714907250257946,4.686390530510674,17.573964489415026,17.573964489415026,-0.0019837691614065234,0.010585450240583284,-0.9819801326576977,3.75,16.687607999597432,-1.4006018348453253,-1.403403038515016,0.007790211754922341,0.002,Good_trade
13/02/2019,166.12,165.61330570347377,163.87603289883418,1.7372728046395878,0.36205821382407205,4.798324518840352,17.99371694565132,17.99371694565132,0.0006023370678231998,0.04549338500585823,-0.9364867476518395,3.75,16.687607999597432,-1.4006018348453253,-1.403403038515016,0.007790211754922341,0.002,Good_trade
14/02/2019,166.54,165.72232856188862,163.9580011173316,1.7643274445570114,0.3654251598947447,4.828149887285265,18.105562077319743,18.105562077319743,0.0025282928003851346,-0.007610119763493078,-0.9440968674153326,3.75,16.687607999597432,-1.4006018348453253,-1.403403038515016,0.007790211754922341,0.002,Good_trade
15/02/2019,166.47,165.8102899075488,164.03529339064448,1.7749965169043094,0.3557840280944626,4.988971895143753,18.708644606789075,18.708644606789075,-0.00042031944277642896,-0.012362292946156003,-0.9564591603614886,3.75,16.687607999597432,-1.4006018348453253,-1.403403038515016,0.007790211754922341,0.002,Good_trade
18/02/2019,166.36,165.87496168313126,164.1068228247785,1.7681388583527564,0.3469784483006324,5.095817527032078,19.10931572637029,19.10931572637029,-0.0006607797200696153,0.006892035005902813,-0.9495671253555857,3.75,16.687607999597432,-1.4006018348453253,-1.403403038515016,0.007790211754922341,0.002,Good_trade
19/02/2019,166.42,165.939083838057,164.177997507093,1.761086330963991,0.33775857063881165,5.21403891434406,19.552645928790227,19.552645928790227,0.00036066362106268457,0.01057407843763659,-0.9389930469179492,3.75,16.687607999597432,-1.4006018348453253,-1.403403038515016,0.007790211754922341,0.002,Good_trade
20/02/2019,166.51,166.00625044534442,164.2497514299517,1.756499015392734,0.32916888877156925,5.336163517602898,20.01061319101087,20.0,0.0005408003845692733,-0.052849678697974856,-0.991842725615924,3.75,16.687607999597432,-1.4006018348453253,-1.403403038515016,0.007790211754922341,0.002,Good_trade
21/02/2019,166.07,166.01375039295095,164.30575907826085,1.707991314690105,0.33609544601274965,5.081863901914675,19.05698963218003,19.05698963218003,-0.0026424839348987428,0.06311401395615819,-0.9287287116597658,3.75,16.687607999597432,-1.4006018348453253,-1.403403038515016,0.007790211754922341,0.002,Good_trade
22/02/2019,166.62,166.08507387613318,164.37696649123745,1.708107384895726,0.35100647599584656,4.866313021859853,18.24867383197445,18.24867383197445,0.0033118564460770106,-0.02409499605710273,-0.9528237077168685,3.75,16.687607999597432,-1.4006018348453253,-1.403403038515016,0.007790211754922341,0.002,Good_trade
25/02/2019,166.4,166.12212400835278,164.43921367612245,1.6829103322303354,0.34519849819150455,4.875195984475903,18.281984941784636,18.281984941784636,-0.0013203697035170103,-0.014282800735768434,-0.967106508452637,3.75,16.687607999597432,-1.4006018348453253,-1.403403038515016,0.007790211754922341,0.002,Good_trade
26/02/2019,166.27,166.13952118384069,164.495545563011,1.6439756208296785,0.33709691085432064,4.876863500953697,18.288238128576364,18.288238128576364,-0.0007812499999999556,-0.06489481262921819,-1.0320013210818553,3.75,16.687607999597432,-1.4006018348453253,-1.403403038515016,0.007790211754922341,0.002,Good_trade
27/02/2019,165.68,166.08545986809472,164.53199031491835,1.5534695531763703,0.35539857547979165,4.3710629708607325,16.391486140727746,16.391486140727746,-0.003548445299813574,-0.03660580560157745,-1.0686071266834327,3.75,16.687607999597432,-1.4006018348453253,-1.403403038515016,0.007790211754922341,0.002,Good_trade
28/02/2019,165.31,165.99422929537766,164.55592907445933,1.438300220918336,0.35620314431960015,4.037865032510307,15.141993871913652,15.141993871913652,-0.002233220666344793,-0.008243781068733958,-1.0768509077521666,3.75,16.687607999597432,-1.4006018348453253,-1.403403038515016,0.007790211754922341,0.002,Good_trade
01/03/2019,165.22,165.90314349592146,164.5763620260144,1.326781469907047,0.3470736272386887,3.822766599879385,14.335374749547693,14.335374749547693,-0.0005444316738250077,-0.1891485107978089,-1.2659994185499754,3.75,16.687607999597432,-1.4006018348453253,-1.403403038515016,0.007790211754922341,0.002,Good_trade
04/03/2019,163.04,165.5663030846366,164.52908934829088,1.0372137363457057,0.6089624227381151,1.7032475200719577,6.387178200269841,6.387178200269841,-0.013194528507444625,-0.0031340422965004957,-1.269133460846476,3.75,16.687607999597432,-1.4006018348453253,-1.403403038515016,0.007790211754922341,0.002,Good_trade
05/03/2019,162.96,165.25967919232642,164.4808096760358,0.7788695162906265,0.5925673215430853,1.3143983611219021,4.928993854207133,4.928993854207133,-0.0004906771344453942,0.01784552266803018,-1.2512879381784459,3.75,16.687607999597432,-1.4006018348453253,-1.403403038515016,0.007790211754922341,0.002,Good_trade
06/03/2019,163.55,165.05854046381742,164.4521693783116,0.6063710855058275,0.5924288318445569,1.0235340566019733,3.8382527122574,3.8382527122574,0.00362052037309768,0.02323369113503365,-1.2280542470434122,3.75,16.687607999597432,-1.4006018348453253,-1.403403038515016,0.007790211754922341,0.002,Good_trade
07/03/2019,164.54,164.9975357033683,164.45487185897892,0.5426638443893808,0.6204666340752466,0.8746060055238516,3.2797725207144435,3.2797725207144435,0.006053194741669099,-0.002989946992264278,-1.2310441940356764,3.75,16.687607999597432,-1.4006018348453253,-1.403403038515016,0.007790211754922341,0.002,Good_trade
08/03/2019,164.39,164.92606091473672,164.45287580177958,0.4731851129571396,0.6044711680250787,0.7828084083863331,2.935531531448749,2.935531531448749,-0.0009116324298042988,0.0024999964377567475,-1.2285441975979197,3.75,16.687607999597432,-1.4006018348453253,-1.403403038515016,0.007790211754922341,0.002,Good_trade
11/03/2019,164.53,164.87946551300297,164.45524885403253,0.4242166589704368,0.5888075157899275,0.720467466182594,2.7017529981847277,2.7017529981847277,0.0008516333110286656,0.00016421035666333404,-1.2283799872412564,3.75,16.687607999597432,-1.4006018348453253,-1.403403038515016,0.007790211754922341,0.002,Good_trade
12/03/2019,164.54,164.83952839382613,164.45785658160077,0.3816718122253633,0.5726774520871639,0.6664690758023265,2.499259034258724,2.499259034258724,6.077918920555092e-05,-0.0010632559401852035,-1.2294432431814417,3.75,16.687607999597432,-1.4006018348453253,-1.403403038515016,0.007790211754922341,0.002,Good_trade
13/03/2019,164.47,164.79605446514068,164.4582302252438,0.33782423989688937,0.5572223886316313,0.6062646562470021,2.2734924609262577,2.2734924609262577,-0.0004254284672419173,-0.0046998688922899705,-1.2341431120737316,3.75,16.687607999597432,-1.4006018348453253,-1.403403038515016,0.007790211754922341,0.002,Good_trade
14/03/2019,164.13,164.7176951163006,164.44813083369783,0.2695642826027722,0.5476877109717833,0.49218610752553493,1.8456979032207559,1.8456979032207559,-0.002067246306317272,0.00011245341517200966,-1.2340306586585597,3.75,16.687607999597432,-1.4006018348453253,-1.403403038515016,0.007790211754922341,0.002,Good_trade
15/03/2019,164.14,164.64973098497111,164.43864988496867,0.2110811000024455,0.5326847860128333,0.3962589237481248,1.4859709640554681,1.4859709640554681,6.0927313714653764e-05,0.0011768991429708345,-1.2328537595155888,3.75,16.687607999597432,-1.4006018348453253,-1.403403038515016,0.007790211754922341,0.002,Good_trade
18/03/2019,164.27,164.6050567514451,164.43346065773886,0.17159609370622775,0.5189687759116004,0.33064820403656986,1.239930765137137,1.239930765137137,0.0007920068234434918,-0.0023399192621447375,-1.2351936787777336,3.75,16.687607999597432,-1.4006018348453253,-1.403403038515016,0.007790211754922341,0.002,Good_trade
19/03/2019,163.96,164.5291677218633,164.41889263750076,0.11027508436254152,0.5098675149326081,0.21628184015041077,0.8110569005640403,0.8110569005640403,-0.0018871370304985868,0.0014345358695020923,-1.2337591429082315,3.75,16.687607999597432,-1.4006018348453253,-1.403403038515016,0.007790211754922341,0.002,Good_trade
20/03/2019,164.25,164.4963244604676,164.4136959409623,0.08262851950530603,0.5004584627152997,0.16510564944190315,0.6191461854071368,0.6191461854071368,0.0017687240790436043,0.002261721225231495,-1.231497421683,3.75,16.687607999597432,-1.4006018348453253,-1.403403038515016,0.007790211754922341,0.002,Good_trade
21/03/2019,164.85,164.5379333474714,164.42712068124038,0.11081266623102692,0.5063396347506238,0.2188504683928269,0.8206892564731009,0.8206892564731009,0.0036529680365295913,0.004430776088935835,-1.227066645594064,3.75,16.687607999597432,-1.4006018348453253,-1.403403038515016,0.007790211754922341,0.002,Good_trade
22/03/2019,165.74,164.67935295365123,164.46751696797145,0.2118359856797838,0.5341700786994791,0.39657029498082663,1.4871386061780998,1.4871386061780998,0.0053988474370640915,-0.0007178175968037526,-1.2277844631908676,3.75,16.687607999597432,-1.4006018348453253,-1.403403038515016,0.007790211754922341,0.002,Good_trade
25/03/2019,165.66,164.79472319439816,164.50420875357233,0.2905144408258309,0.5198653296046518,0.558826342673711,2.095598785026416,2.095598785026416,-0.00048268372149151695,,-1.2277844631908676,3.75,16.687607999597432,-1.4006018348453253,-1.403403038515016,0.007790211754922341,0.002,Good_trade
