{
  "portfolio_metrics_strategy": {
    "CAGR": 0.007909494000891693,
    "Vol": 0.12049027014213345,
    "Sharpe": 0.12566264915933972,
    "Sortino": 0.1796251136831062,
    "MaxDD": -0.351176375888525,
    "MaxDD_weeks": 343,
    "Calmar": 0.02252285331232653
  },
  "portfolio_metrics_underlying": {
    "CAGR": 0.12441430491905425,
    "Vol": 0.17346838875793733,
    "Sharpe": 0.7638734503451148,
    "Sortino": 1.1080970947403954,
    "MaxDD": -0.31212177737382174,
    "MaxDD_weeks": 90,
    "Calmar": 0.39860821620929654
  },
  "asset_metrics": [
    {
      "Asset": "dax",
      "N": 876,
      "Sharpe_Strat": 0.17816768623853535,
      "Sortino_Strat": 0.2685713277506784,
      "CAGR_Strat": 0.015660928315891054,
      "Vol_Strat": 0.14946908377107065,
      "MaxDD_Strat": -0.41053768896005316,
      "Calmar_Strat": 0.03814735829872838,
      "Sharpe_Under": 0.5985464573572719,
      "Sortino_Under": 0.8468481768742565,
      "CAGR_Under": 0.10523098423384836,
      "Vol_Under": 0.2017269125885449,
      "MaxDD_Under": -0.35034825573823436,
      "Calmar_Under": 0.30036109074415535,
      "HitRate": 0.5148401826484018,
      "AvgER": 0.0007485445903722543,
      "AvgGross": 0.6880802732224198,
      "CorrToUnderlying": -0.015450417622373369,
      "AvgTurnover": 0.6839918222313733
    },
    {
      "Asset": "ndx",
      "N": 876,
      "Sharpe_Strat": 0.1335311203919674,
      "Sortino_Strat": 0.19375187025374246,
      "CAGR_Strat": 0.008948103898583248,
      "Vol_Strat": 0.1417191350164478,
      "MaxDD_Strat": -0.34725161401595983,
      "Calmar_Strat": 0.02576835797852329,
      "Sharpe_Under": 1.0217779956787294,
      "Sortino_Under": 1.5285022930921284,
      "CAGR_Under": 0.1977716440553572,
      "Vol_Under": 0.19581278660248205,
      "MaxDD_Under": -0.3449099577996946,
      "Calmar_Under": 0.5734007951437936,
      "HitRate": 0.521689497716895,
      "AvgER": 0.00027760050762737115,
      "AvgGross": 0.6179600579806322,
      "CorrToUnderlying": -0.1528618037985721,
      "AvgTurnover": 0.682229420553777
    },
    {
      "Asset": "spx",
      "N": 876,
      "Sharpe_Strat": -0.1409029243701541,
      "Sortino_Strat": -0.1992982546860842,
      "CAGR_Strat": -0.026584211931365842,
      "Vol_Strat": 0.13089856514179415,
      "MaxDD_Strat": -0.49849976716946276,
      "Calmar_Strat": -0.05332843399770066,
      "Sharpe_Under": 0.7855072885206198,
      "Sortino_Under": 1.1248121448271007,
      "CAGR_Under": 0.12800192725856463,
      "Vol_Under": 0.17283544147094004,
      "MaxDD_Under": -0.31810328505159513,
      "Calmar_Under": 0.40239108891253106,
      "HitRate": 0.4920091324200913,
      "AvgER": 0.00022941102429195175,
      "AvgGross": 0.693809799347077,
      "CorrToUnderlying": -0.22649083798433414,
      "AvgTurnover": 0.7234921992069117
    },
    {
      "Asset": "sx5e",
      "N": 876,
      "Sharpe_Strat": 0.23325199081625672,
      "Sortino_Strat": 0.3506914986453404,
      "CAGR_Strat": 0.023518969900041764,
      "Vol_Strat": 0.1434243754310199,
      "MaxDD_Strat": -0.41860057747042534,
      "Calmar_Strat": 0.056184752639772476,
      "Sharpe_Under": 0.3618702173442851,
      "Sortino_Under": 0.5005239015278413,
      "CAGR_Under": 0.053957467771799994,
      "Vol_Under": 0.20296768998512946,
      "MaxDD_Under": -0.3396251629726196,
      "Calmar_Under": 0.1588735866904833,
      "HitRate": 0.5045662100456622,
      "AvgER": 0.0010763088225484911,
      "AvgGross": 0.62958667128039,
      "CorrToUnderlying": 0.010737332523533405,
      "AvgTurnover": 0.6649533400883528
    }
  ],
  "static_corr_portfolio_to_basket": -0.0841813566667947,
  "params": {
    "MIN_WEEKS": 200,
    "MIN_NON_NA": 52,
    "KELLY_SCALE": 10.0,
    "TARGET_W_VOL": 0.008,
    "USE_IMP_WEIGHT": 0.5,
    "FALLBACK_SIG": 0.01,
    "MIN_ABS_ER": 0.0003,
    "MAX_LEV": 1.0,
    "BLEND_RAW": 0.5,
    "COST_PER_TURNOVER": 0.0
  },
  "feature_importance_file": null
}