{
  "portfolio_metrics_strategy": {
    "CAGR": 0.002215091731263996,
    "Vol": 0.026646211212381157,
    "Sharpe": 0.09637255569859855,
    "Sortino": 0.13000697708472042,
    "MaxDD": -0.07306148698196768,
    "MaxDD_weeks": 344,
    "Calmar": 0.030318185719525572
  },
  "portfolio_metrics_underlying": {
    "CAGR": 0.12441430491905425,
    "Vol": 0.17346838875793733,
    "Sharpe": 0.7638734503451148,
    "Sortino": 1.1080970947403954,
    "MaxDD": -0.31212177737382174,
    "MaxDD_weeks": 90,
    "Calmar": 0.39860821620929654
  },
  "asset_metrics_risktarget": [
    {
      "Asset": "dax",
      "N": 876,
      "Sharpe_Strat": 0.23535435006306352,
      "Sortino_Strat": 0.33389800159819166,
      "CAGR_Strat": 0.008836383080453869,
      "Vol_Strat": 0.040945153646643695,
      "MaxDD_Strat": -0.13563071248869552,
      "Calmar_Strat": 0.06515031085743474,
      "Sharpe_Under": 0.5985464573572719,
      "Sortino_Under": 0.8468481768742565,
      "CAGR_Under": 0.10523098423384836,
      "Vol_Under": 0.2017269125885449,
      "MaxDD_Under": -0.35034825573823436,
      "Calmar_Under": 0.30036109074415535,
      "HitRate": 0.5342465753424658,
      "AvgGross": 0.1464879712137298,
      "CorrToUnderlying": -0.05680301339820383,
      "AvgTurnover": 0.10094113737566583
    },
    {
      "Asset": "ndx",
      "N": 876,
      "Sharpe_Strat": 0.031242843244491992,
      "Sortino_Strat": 0.04214165990904075,
      "CAGR_Strat": 0.0004832576639317576,
      "Vol_Strat": 0.028158934351765905,
      "MaxDD_Strat": -0.08642899115794911,
      "Calmar_Strat": 0.005591383833794884,
      "Sharpe_Under": 1.0217779956787294,
      "Sortino_Under": 1.5285022930921284,
      "CAGR_Under": 0.1977716440553572,
      "Vol_Under": 0.19581278660248205,
      "MaxDD_Under": -0.3449099577996946,
      "Calmar_Under": 0.5734007951437936,
      "HitRate": 0.5388127853881278,
      "AvgGross": 0.11065774285914745,
      "CorrToUnderlying": -0.09331430444221143,
      "AvgTurnover": 0.07115801523216292
    },
    {
      "Asset": "spx",
      "N": 876,
      "Sharpe_Strat": -0.05866654865154313,
      "Sortino_Strat": -0.07686329631974512,
      "CAGR_Strat": -0.001999485549250113,
      "Vol_Strat": 0.02760666117659789,
      "MaxDD_Strat": -0.08598623609013978,
      "Calmar_Strat": -0.023253553593787297,
      "Sharpe_Under": 0.7855072885206198,
      "Sortino_Under": 1.1248121448271007,
      "CAGR_Under": 0.12800192725856463,
      "Vol_Under": 0.17283544147094004,
      "MaxDD_Under": -0.31810328505159513,
      "Calmar_Under": 0.40239108891253106,
      "HitRate": 0.5388127853881278,
      "AvgGross": 0.11532779167684773,
      "CorrToUnderlying": -0.07807967733074894,
      "AvgTurnover": 0.07667092596561309
    },
    {
      "Asset": "sx5e",
      "N": 876,
      "Sharpe_Strat": 0.04973587289761649,
      "Sortino_Strat": 0.06864292943119969,
      "CAGR_Strat": 0.0009934389593759807,
      "Vol_Strat": 0.027647171974224703,
      "MaxDD_Strat": -0.09549824656205785,
      "Calmar_Strat": 0.010402693192177218,
      "Sharpe_Under": 0.3618702173442851,
      "Sortino_Under": 0.5005239015278413,
      "CAGR_Under": 0.053957467771799994,
      "Vol_Under": 0.20296768998512946,
      "MaxDD_Under": -0.3396251629726196,
      "Calmar_Under": 0.1588735866904833,
      "HitRate": 0.5365296803652968,
      "AvgGross": 0.10777687270932527,
      "CorrToUnderlying": 0.16039906209939966,
      "AvgTurnover": 0.0713642842797755
    }
  ],
  "static_corr_portfolio_to_basket": -0.046426775098190466,
  "params": {
    "MIN_WEEKS": 200,
    "C": 1.0,
    "CALIBRATE": true,
    "MIN_NON_NA": 52,
    "EPS": 1e-06,
    "CALIB_BINS": 10,
    "EDGE_TO_MAX": 0.25,
    "TARGET_W_VOL": 0.008,
    "USE_IMP_WEIGHT": 0.5,
    "FALLBACK_SIG": 0.01,
    "MICRO_BAND": 0.05,
    "MAX_SCALE": 3.0,
    "MAX_LEV": 1.0,
    "THRESHOLD_MODE": "base_rate",
    "PORTFOLIO_SCHEME": "equal_all"
  },
  "feature_importance_files": {
    "coef_timeseries_csv": "C:\\Users\\loci_\\Desktop\\trading_webapp\\trading_webapp\\DATA\\spxfeatures\\feature_coefs_timeseries_20251006.csv",
    "importance_csv": "C:\\Users\\loci_\\Desktop\\trading_webapp\\trading_webapp\\DATA\\spxfeatures\\feature_importance_median_abs_coef_20251006.csv"
  }
}