{
  "portfolio_metrics_strategy": {
    "CAGR": 0.025066483522605543,
    "Vol": 0.151345977804764,
    "Sharpe": 0.23934928767699282,
    "Sortino": 0.34484240712586584,
    "MaxDD": -0.31609205934353213,
    "MaxDD_weeks": 207,
    "Calmar": 0.07930121235776767
  },
  "portfolio_metrics_underlying": {
    "CAGR": 0.12441430491905425,
    "Vol": 0.17346838875793733,
    "Sharpe": 0.7638734503451148,
    "Sortino": 1.1080970947403954,
    "MaxDD": -0.31212177737382174,
    "MaxDD_weeks": 90,
    "Calmar": 0.39860821620929654
  },
  "asset_metrics_directional_confband": [
    {
      "Asset": "dax",
      "N": 876,
      "Sharpe_Strat": 0.18347472775609455,
      "Sortino_Strat": 0.2679743521899747,
      "CAGR_Strat": 0.01624435946337699,
      "Vol_Strat": 0.14491429054524194,
      "MaxDD_Strat": -0.39074249832433783,
      "Calmar_Strat": 0.04157305522956777,
      "Sharpe_Under": 0.5985464573572719,
      "Sortino_Under": 0.8468481768742565,
      "CAGR_Under": 0.10523098423384836,
      "Vol_Under": 0.2017269125885449,
      "MaxDD_Under": -0.35034825573823436,
      "Calmar_Under": 0.30036109074415535,
      "HitRate": 0.5342465753424658,
      "PctLong": 0.2363013698630137,
      "PctFlat": 0.5662100456621004,
      "BaseUpRate": 0.5707762557077626,
      "TradeRate": 0.21232876712328766,
      "CorrToUnderlying": -0.07645588692824104,
      "AvgTurnover": 0.228310502283105
    },
    {
      "Asset": "ndx",
      "N": 876,
      "Sharpe_Strat": -0.07185452317948489,
      "Sortino_Strat": -0.09349311626351252,
      "CAGR_Strat": -0.020845849668936767,
      "Vol_Strat": 0.14470520748463228,
      "MaxDD_Strat": -0.46413056651794193,
      "Calmar_Strat": -0.04491376171435787,
      "Sharpe_Under": 1.0217779956787294,
      "Sortino_Under": 1.5285022930921284,
      "CAGR_Under": 0.1977716440553572,
      "Vol_Under": 0.19581278660248205,
      "MaxDD_Under": -0.3449099577996946,
      "Calmar_Under": 0.5734007951437936,
      "HitRate": 0.5388127853881278,
      "PctLong": 0.22146118721461186,
      "PctFlat": 0.5662100456621004,
      "BaseUpRate": 0.58675799086758,
      "TradeRate": 0.2328767123287671,
      "CorrToUnderlying": -0.16742533270954785,
      "AvgTurnover": 0.2534246575342466
    },
    {
      "Asset": "spx",
      "N": 876,
      "Sharpe_Strat": 0.04832010686575083,
      "Sortino_Strat": 0.06280727658893177,
      "CAGR_Strat": -0.0029217767383890036,
      "Vol_Strat": 0.1353250536015843,
      "MaxDD_Strat": -0.35017621514734065,
      "Calmar_Strat": -0.00834373270371785,
      "Sharpe_Under": 0.7855072885206198,
      "Sortino_Under": 1.1248121448271007,
      "CAGR_Under": 0.12800192725856463,
      "Vol_Under": 0.17283544147094004,
      "MaxDD_Under": -0.31810328505159513,
      "Calmar_Under": 0.40239108891253106,
      "HitRate": 0.5388127853881278,
      "PctLong": 0.20776255707762556,
      "PctFlat": 0.5833333333333334,
      "BaseUpRate": 0.5844748858447488,
      "TradeRate": 0.20662100456621005,
      "CorrToUnderlying": -0.11729545325485795,
      "AvgTurnover": 0.22602739726027396
    },
    {
      "Asset": "sx5e",
      "N": 876,
      "Sharpe_Strat": 0.23333580264374817,
      "Sortino_Strat": 0.34681348245531274,
      "CAGR_Strat": 0.024103381744705832,
      "Vol_Strat": 0.15036819057777168,
      "MaxDD_Strat": -0.3024973112930204,
      "Calmar_Strat": 0.07968130903933088,
      "Sharpe_Under": 0.3618702173442851,
      "Sortino_Under": 0.5005239015278413,
      "CAGR_Under": 0.053957467771799994,
      "Vol_Under": 0.20296768998512946,
      "MaxDD_Under": -0.3396251629726196,
      "Calmar_Under": 0.1588735866904833,
      "HitRate": 0.5365296803652968,
      "PctLong": 0.2979452054794521,
      "PctFlat": 0.5125570776255708,
      "BaseUpRate": 0.5582191780821918,
      "TradeRate": 0.2785388127853881,
      "CorrToUnderlying": 0.0938089657203838,
      "AvgTurnover": 0.3059360730593607
    }
  ],
  "static_corr_portfolio_to_basket": -0.011609408051901141,
  "params": {
    "MIN_WEEKS": 200,
    "C": 1.0,
    "COST_PER_TURNOVER": 0.0,
    "CALIBRATE": true,
    "MIN_NON_NA": 52,
    "EPS": 1e-06,
    "CALIB_BINS": 10,
    "ROLLING_CORR_WINDOWS": [
      26,
      52
    ],
    "THRESHOLD_MODE": "base_rate",
    "DECISION_MODE": "binary_band",
    "ABSTAIN_BAND": 0.08,
    "PORTFOLIO_SCHEME": "equal_active",
    "TARGET": "NEXT WEEK MonOpen\u2192FriClose (set in Notebook 1)",
    "COEF_TRACK": true
  },
  "feature_importance_files": {
    "coef_timeseries_csv": "C:\\Users\\loci_\\Desktop\\trading_webapp\\trading_webapp\\DATA\\spxfeatures\\feature_coefs_timeseries_20250921.csv",
    "importance_csv": "C:\\Users\\loci_\\Desktop\\trading_webapp\\trading_webapp\\DATA\\spxfeatures\\feature_importance_median_abs_coef_20250921.csv"
  }
}